seed	trait	model	split	train_non_missing	test_non_missing	n_eval	r2	pearson	spearman	mae	rmse
20260605	agri_aa_oil__Oil_OIL	population_ridge	test	306	67	67	0.24408113562872213	0.5086323682328454	0.08324686726793838	0.9737562030594669	1.3332806674768498
20260605	agri_aa_oil__Oil_OIL	genotype_population_ridge	test	306	67	67	0.8271520328764578	0.9242944365654668	0.6912363317104319	0.48898256638043414	0.637552757114545
20260605	agri_aa_oil__Oil_OIL	genotype_population_elasticnet	test	306	67	67	0.8327045986700056	0.9287331593624283	0.6928326283023387	0.4824300332245131	0.6272288005369226
20260605	agri_aa_oil__Oil_OIL	genotype_population_small_mlp	test	306	67	67	0.38884797717346	0.7821014575133548	0.4782504589352703	0.848066752838168	1.198832800554746
20260605	agri_aa_oil__Oil_C18_1	population_ridge	test	306	67	67	0.1314076453245242	0.3860216115471281	0.03336259877085163	0.5098851867507858	0.6524820960443626
20260605	agri_aa_oil__Oil_C18_1	genotype_population_ridge	test	306	67	67	0.767657474105121	0.8775895720930627	0.5934631654561418	0.26037855086625106	0.3374620584242855
20260605	agri_aa_oil__Oil_C18_1	genotype_population_elasticnet	test	306	67	67	0.743424838370787	0.8846980475899269	0.6304174315587837	0.2712871462218243	0.3546238199287448
20260605	agri_aa_oil__Oil_C18_1	genotype_population_small_mlp	test	306	67	67	0.3075828550294387	0.7336480014857085	0.430601005666853	0.4370985397847423	0.5825651548761344
20260605	agri_aa_oil__Oil_C18_2	population_ridge	test	306	67	67	0.3251168608758339	0.5997692791856578	0.20388698220129303	0.4035796722566977	0.5760043983786812
20260605	agri_aa_oil__Oil_C18_2	genotype_population_ridge	test	306	67	67	0.7932323855540322	0.8945415654409543	0.4901827759597734	0.24803793167550497	0.3188252942925533
20260605	agri_aa_oil__Oil_C18_2	genotype_population_elasticnet	test	306	67	67	0.8474385039297299	0.9219721633361043	0.5299704685130499	0.22899336432958312	0.27386339022913664
20260605	agri_aa_oil__Oil_C18_2	genotype_population_small_mlp	test	306	67	67	0.3887652212738498	0.7792035335318022	0.4234575784180702	0.39264122428774706	0.5481703474806999
20260605	agri_aa_oil__Oil_C20_1	population_ridge	test	306	67	67	0.22795247004804398	0.4867688233052183	0.1379200255407455	0.003995914933597565	0.005341333945617702
20260605	agri_aa_oil__Oil_C20_1	genotype_population_ridge	test	306	67	67	0.7007746753613087	0.8375809658137263	0.5314869502753612	0.0025758553097099267	0.0033252697826639086
20260605	agri_aa_oil__Oil_C20_1	genotype_population_elasticnet	test	306	67	67	0.682800168913517	0.843226983242453	0.5656077899273686	0.0026072458330094997	0.0034236880431560723
20260605	agri_aa_oil__Oil_C20_1	genotype_population_small_mlp	test	306	67	67	0.29447838960690087	0.6987174543739263	0.39807646260675245	0.003843421914943308	0.005106024247760614
20260605	agri_aa_oil__Oil_C20_0	population_ridge	test	306	67	67	0.21869837074690623	0.5101887533530455	0.3558943251656158	0.005738869175791692	0.007270878958989013
20260605	agri_aa_oil__Oil_C20_0	genotype_population_ridge	test	306	67	67	0.6952679289626553	0.8486652049945276	0.6192034480006386	0.003582844818137008	0.004540844517129411
20260605	agri_aa_oil__Oil_C20_0	genotype_population_elasticnet	test	306	67	67	0.6973329461197992	0.8580652052475563	0.6351664139197064	0.003387285056566879	0.00452543284493919
20260605	agri_aa_oil__Oil_C20_0	genotype_population_small_mlp	test	306	67	67	0.0019969564894976033	0.6356682875140227	0.35581451033602046	0.005787984019103548	0.00821757133382363
20260605	agri_aa_oil__Oil_C18_0	population_ridge	test	306	67	67	0.22772665334016617	0.5301340062395081	0.334264506345279	0.026969356268400357	0.035405768871865105
20260605	agri_aa_oil__Oil_C18_0	genotype_population_ridge	test	306	67	67	0.5778280474458275	0.8126235780286073	0.4820815707558465	0.019483890070465273	0.026177803013407712
20260605	agri_aa_oil__Oil_C18_0	genotype_population_elasticnet	test	306	67	67	0.6332986442837776	0.8335032595921177	0.48240083007422785	0.01918393437106973	0.02439746842265413
20260605	agri_aa_oil__Oil_C18_0	genotype_population_small_mlp	test	306	67	67	-0.015021808647085466	0.7246264293230957	0.2785537552877325	0.03026118927015531	0.040590667533327546
20260605	agri_aa_oil__Oil_C16_0	population_ridge	test	306	67	67	0.1819751710877322	0.4319368706569112	0.17339771729587358	0.11976146532755973	0.15891397259915382
20260605	agri_aa_oil__Oil_C16_0	genotype_population_ridge	test	306	67	67	0.6777891155918505	0.8261322568316689	0.6824567004549447	0.07495764515921438	0.09973531073708206
20260605	agri_aa_oil__Oil_C16_0	genotype_population_elasticnet	test	306	67	67	0.6968591662205689	0.8415470064514293	0.7000957777955146	0.07115335480299301	0.09673888156033264
20260605	agri_aa_oil__Oil_C16_0	genotype_population_small_mlp	test	306	67	67	0.1970036992610169	0.6686485261822157	0.4550642509378244	0.11564726029913494	0.15744744371225636
20260605	agri_aa_oil__Oil_C200_C220	population_ridge	test	306	67	67	0.17228854632052626	0.4469051750004338	0.36375608588075675	0.32545815746145823	0.4076020138819481
20260605	agri_aa_oil__Oil_C200_C220	genotype_population_ridge	test	306	67	67	0.5284105553353284	0.743426611160785	0.5791763109585762	0.2323184732662305	0.3076655546617025
20260605	agri_aa_oil__Oil_C200_C220	genotype_population_elasticnet	test	306	67	67	0.48425265634832004	0.7291224209322095	0.5142469470827681	0.25534904567757205	0.3217476166623956
20260605	agri_aa_oil__Oil_C200_C220	genotype_population_small_mlp	test	306	67	67	0.12188713256370987	0.6148494645793078	0.39923377763588486	0.33198297938233984	0.4198285888887725
20260605	agri_aa_oil__kernellength	population_ridge	test	320	70	70	0.37938646269309995	0.619107056746317	0.6590207245525954	0.47417193467680807	0.6334202760366637
20260605	agri_aa_oil__kernellength	genotype_population_ridge	test	320	70	70	0.5095653748784621	0.7498388706434995	0.790663902260176	0.4088865007334104	0.5630823325884324
20260605	agri_aa_oil__kernellength	genotype_population_elasticnet	test	320	70	70	0.5433129282848143	0.7405147283975962	0.7648216676144959	0.4051360322847053	0.543363795214362
20260605	agri_aa_oil__kernellength	genotype_population_small_mlp	test	320	70	70	0.09695664494075462	0.5397031401488563	0.5357583392588814	0.6031100928292221	0.7640743832916943
20260605	agri_aa_oil__Oil_C182_C183	population_ridge	test	306	67	67	0.23057787766587912	0.518206776505352	0.227192912443132	6.795733867446194	8.734728069229368
20260605	agri_aa_oil__Oil_C182_C183	genotype_population_ridge	test	306	67	67	0.5205242096812182	0.7429331392491578	0.5273764865512013	5.414637302871279	6.895256024302785
20260605	agri_aa_oil__Oil_C182_C183	genotype_population_elasticnet	test	306	67	67	0.4093889593998773	0.6932819774537117	0.3228110782983479	5.873363963470006	7.652755446933373
20260605	agri_aa_oil__Oil_C182_C183	genotype_population_small_mlp	test	306	67	67	0.11029972059345938	0.6050161826414848	0.48236092265943026	6.600022402798105	9.39266683864462
20260605	agri_aa_oil__Oil_C18_3P	population_ridge	test	306	67	67	0.017435586621806665	0.2775751658135568	0.12131854098491501	0.2786064589903672	0.3446640870607131
20260605	agri_aa_oil__Oil_C18_3P	genotype_population_ridge	test	306	67	67	0.4519565216237754	0.6941523863183551	0.5938223321893209	0.20606388462505684	0.25740858383328113
20260605	agri_aa_oil__Oil_C18_3P	genotype_population_elasticnet	test	306	67	67	0.36456130702364475	0.6453903773632637	0.47449916194428937	0.22048125208800667	0.27717390874839165
20260605	agri_aa_oil__Oil_C18_3P	genotype_population_small_mlp	test	306	67	67	0.34860497395683954	0.6080292256540223	0.5731901987389257	0.21220909533662	0.2806323527217655
20260605	agri_aa_oil__Oil_C16_1	population_ridge	test	306	67	67	0.030288404262399315	0.2372326299370003	0.19187485034719454	0.0017218854051087985	0.0021665426335600274
20260605	agri_aa_oil__Oil_C16_1	genotype_population_ridge	test	306	67	67	0.5257291664132784	0.7445930473234438	0.6631415116928726	0.0011221586164066846	0.0015151622934149922
20260605	agri_aa_oil__Oil_C16_1	genotype_population_elasticnet	test	306	67	67	0.5859612109016841	0.7729648073126583	0.6973421661744753	0.0010495826601855812	0.0014156844442741814
20260605	agri_aa_oil__Oil_C16_1	genotype_population_small_mlp	test	306	67	67	-0.08507437858824018	0.5941299622834374	0.5003990741479768	0.0017231438770674117	0.002291794640728297
20260605	agri_aa_oil__Headingdate	population_ridge	test	321	70	70	0.17743058290588798	0.471041315223551	0.4015259629069455	2.408513597609396	3.108516585174228
20260605	agri_aa_oil__Headingdate	genotype_population_ridge	test	321	70	70	0.30661030227110253	0.558215808865968	0.5160426724847641	2.2137790717923727	2.8540107323924526
20260605	agri_aa_oil__Headingdate	genotype_population_elasticnet	test	321	70	70	0.23962175075951253	0.4976844270122621	0.4529219861389218	2.3325978383622457	2.988696068160337
20260605	agri_aa_oil__Headingdate	genotype_population_small_mlp	test	321	70	70	-0.31691051003271853	0.41431026869572246	0.3914987510200123	3.0766453549578623	3.9331910426274383
20260605	agri_aa_oil__Oil_C22_0	population_ridge	test	306	67	67	0.14467847187548277	0.4196877461762517	0.40777396440258606	0.0016098923648507437	0.0019502065582442053
20260605	agri_aa_oil__Oil_C22_0	genotype_population_ridge	test	306	67	67	0.36510896491131506	0.6216095447028867	0.5706361241918749	0.0012301004017144506	0.0016802175178522484
20260605	agri_aa_oil__Oil_C22_0	genotype_population_elasticnet	test	306	67	67	0.2578289280099767	0.5387917551219726	0.45258999122036886	0.001422019641873023	0.001816636025055624
20260605	agri_aa_oil__Oil_C22_0	genotype_population_small_mlp	test	306	67	67	-0.14741786439345606	0.44497529820455584	0.4391810998483519	0.0016709307741343267	0.0022587944635511187
20260605	agri_aa_oil__Oil_C24_0P	population_ridge	test	306	67	67	-0.024122985999231128	0.21356440234880444	0.18720568281586722	0.06256208928399769	0.0774042572988071
20260605	agri_aa_oil__Oil_C24_0P	genotype_population_ridge	test	306	67	67	0.3018445621738183	0.5789056435255965	0.5423018596855297	0.05086562457264166	0.06390941666178095
20260605	agri_aa_oil__Oil_C24_0P	genotype_population_elasticnet	test	306	67	67	0.33699965634092366	0.593228245529729	0.5476893606832149	0.04941968821163269	0.062279578944351564
20260605	agri_aa_oil__Oil_C24_0P	genotype_population_small_mlp	test	306	67	67	-0.13757708940768998	0.37871837761285554	0.3641551600287334	0.0632671047619017	0.0815791562894197
20260605	agri_aa_oil__Pollenshed	population_ridge	test	321	70	70	0.14257276841404998	0.4419947212490146	0.35563799524858386	2.3737012495191583	3.1695164086827754
20260605	agri_aa_oil__Pollenshed	genotype_population_ridge	test	321	70	70	0.3443519378054537	0.5869225652210827	0.5464583228507196	2.121921296553054	2.771594936484176
20260605	agri_aa_oil__Pollenshed	genotype_population_elasticnet	test	321	70	70	0.25575592294523297	0.5060602440467916	0.46094351854153687	2.239164655116172	2.952922587121192
20260605	agri_aa_oil__Pollenshed	genotype_population_small_mlp	test	321	70	70	-0.20845156984675595	0.4804242878747656	0.426139150673527	2.883195783654547	3.7627814414773173
20260605	agri_aa_oil__Oil_C18_1P	population_ridge	test	306	67	67	0.013234235946928963	0.20823951778373143	0.2805092186128183	4.965815361381838	6.1254652392121205
20260605	agri_aa_oil__Oil_C18_1P	genotype_population_ridge	test	306	67	67	0.34933919828742976	0.5970206808226389	0.5317663021789449	3.776274207521131	4.9740410494242795
20260605	agri_aa_oil__Oil_C18_1P	genotype_population_elasticnet	test	306	67	67	0.3266936184890459	0.5756202414558963	0.5158033362598772	4.0157727807743235	5.059858925772765
20260605	agri_aa_oil__Oil_C18_1P	genotype_population_small_mlp	test	306	67	67	-0.01656111623036316	0.4267364521565769	0.33997126666134575	4.728901978908925	6.217256570496229
20260605	agri_aa_oil__Oil_C18_2P	population_ridge	test	306	67	67	0.10308135623741055	0.3322554730858176	0.3655120121318542	4.352083316553807	5.485349872146846
20260605	agri_aa_oil__Oil_C18_2P	genotype_population_ridge	test	306	67	67	0.3265250106788886	0.5958478945236727	0.5524383430441377	3.6834151362031657	4.753226871494306
20260605	agri_aa_oil__Oil_C18_2P	genotype_population_elasticnet	test	306	67	67	0.35357606438282563	0.6061994634631194	0.601165296512092	3.605555299675033	4.656788589533381
20260605	agri_aa_oil__Oil_C18_2P	genotype_population_small_mlp	test	306	67	67	0.3084763785767488	0.6227182512516892	0.624471226753931	3.3889135284840863	4.816497258276571
20260605	agri_aa_oil__Oil_C16_0P	population_ridge	test	306	67	67	0.15883438397129812	0.4555332208756446	0.3157075584643627	1.2505761905687092	1.5958745532196938
20260605	agri_aa_oil__Oil_C16_0P	genotype_population_ridge	test	306	67	67	0.3476119465498033	0.624502485772269	0.5110144464841568	1.114290014237611	1.4054357409312415
20260605	agri_aa_oil__Oil_C16_0P	genotype_population_elasticnet	test	306	67	67	0.16623855969281964	0.49951097871741085	0.3374570995290926	1.244699283150603	1.5888353609940642
20260605	agri_aa_oil__Oil_C16_0P	genotype_population_small_mlp	test	306	67	67	0.05737356004310956	0.47747539909674347	0.3543379359885067	1.3659824999189212	1.6893817662464914
20260605	agri_aa_oil__Silkingtime	population_ridge	test	321	70	70	0.10418849644864925	0.3988491294022806	0.30104215815264873	2.401172818425048	3.0878104199621412
20260605	agri_aa_oil__Silkingtime	genotype_population_ridge	test	321	70	70	0.3519360151799513	0.5951184103123011	0.5021744406574965	2.1395439513806984	2.626341851213295
20260605	agri_aa_oil__Silkingtime	genotype_population_elasticnet	test	321	70	70	0.2314744366528313	0.4821469118400595	0.39463438357994585	2.269137221256263	2.8600358030326345
20260605	agri_aa_oil__Silkingtime	genotype_population_small_mlp	test	321	70	70	-0.24685136760536253	0.45816147510685	0.36661621736657585	2.8064402136823072	3.6429201659175314
20260605	agri_aa_oil__Oil_SFA_USFA	population_ridge	test	306	67	67	0.18659459074390838	0.4544923050671793	0.40378322292281915	0.02028524643433304	0.02464252932915626
20260605	agri_aa_oil__Oil_SFA_USFA	genotype_population_ridge	test	306	67	67	0.33787489843681096	0.6072951681892799	0.5477691755128103	0.017919187142347335	0.02223319004665607
20260605	agri_aa_oil__Oil_SFA_USFA	genotype_population_elasticnet	test	306	67	67	0.18887651112361803	0.5106094393417463	0.4691914757761993	0.01989006840520888	0.0246079390848245
20260605	agri_aa_oil__Oil_SFA_USFA	genotype_population_small_mlp	test	306	67	67	0.024308291300189744	0.44759734996779854	0.357091547609546	0.021384592635690838	0.026989078794067263
20260605	agri_aa_oil__Oil_C160_C180	population_ridge	test	306	67	67	0.00037309441760935425	0.33173229277206595	0.3421661744752175	1.426560963498096	1.7584654317075583
20260605	agri_aa_oil__Oil_C160_C180	genotype_population_ridge	test	306	67	67	0.21193151012325973	0.5396400069088823	0.5455742676989386	1.3177123452362545	1.5613377073407215
20260605	agri_aa_oil__Oil_C160_C180	genotype_population_elasticnet	test	306	67	67	0.12352007662851039	0.49117022942860095	0.4955303695426611	1.3251180117839152	1.646591439146718
20260605	agri_aa_oil__Oil_C160_C180	genotype_population_small_mlp	test	306	67	67	-0.17547336544639092	0.39973219841833635	0.417072392050443	1.5248131739088928	1.906870777758261
20260605	agri_aa_oil__Oil_C181_C182	population_ridge	test	306	67	67	0.03306534244749049	0.21571330897909965	0.33494293239683937	0.15168607616372543	0.19238613506465144
20260605	agri_aa_oil__Oil_C181_C182	genotype_population_ridge	test	306	67	67	0.2882918258181605	0.5521077829131046	0.5201931518876208	0.12689536506524876	0.16505404933354423
20260605	agri_aa_oil__Oil_C181_C182	genotype_population_elasticnet	test	306	67	67	0.3367775143442997	0.5841206591685209	0.5570276957458697	0.12116873792579191	0.15933266769385115
20260605	agri_aa_oil__Oil_C181_C182	genotype_population_small_mlp	test	306	67	67	-0.0675629995548448	0.40072744820413025	0.31862079974459256	0.1509645793374161	0.20214917032265606
20260605	agri_aa_oil__Leafnumberaboveear	population_ridge	test	321	70	70	0.1811643717944449	0.5189633326445492	0.4679771496736651	0.4574621499789306	0.5303749552170424
20260605	agri_aa_oil__Leafnumberaboveear	genotype_population_ridge	test	321	70	70	0.22686605032642904	0.551313803517062	0.5313492376131729	0.4317037429948175	0.5153615513672583
20260605	agri_aa_oil__Leafnumberaboveear	genotype_population_elasticnet	test	321	70	70	0.19124092525703829	0.5646894052386671	0.571276102515977	0.4464552328239034	0.5271014683327839
20260605	agri_aa_oil__Leafnumberaboveear	genotype_population_small_mlp	test	321	70	70	-0.6962970484301878	0.20793749536434525	0.20771767753115308	0.5998002071691759	0.7633708919208353
20260605	agri_aa_oil__Earleaflength	population_ridge	test	321	70	70	0.19320979058116294	0.44298973731801866	0.3893097716735194	5.1992683336575904	6.1291953934282954
20260605	agri_aa_oil__Earleaflength	genotype_population_ridge	test	321	70	70	0.2335130728413971	0.48628331735267327	0.45782521214241967	5.124799644644824	5.974141886269229
20260605	agri_aa_oil__Earleaflength	genotype_population_elasticnet	test	321	70	70	0.19197148521023266	0.4825210992461428	0.4598897734231476	5.1756152078153805	6.1338973006925945
20260605	agri_aa_oil__Earleaflength	genotype_population_small_mlp	test	321	70	70	-0.19107124754894445	0.4281772203723433	0.45345114163240313	5.664386181946771	7.447183023771326
20260605	agri_aa_oil__Oil_C18_3	population_ridge	test	306	67	67	-0.013887877727066122	0.07750300246803704	0.06788251257083568	0.008342387847817169	0.010598233112444665
20260605	agri_aa_oil__Oil_C18_3	genotype_population_ridge	test	306	67	67	0.20238577855669815	0.5114993198596609	0.49457259158751704	0.007332014953288836	0.009400153530823399
20260605	agri_aa_oil__Oil_C18_3	genotype_population_elasticnet	test	306	67	67	0.18001526223132525	0.4984859052958964	0.4593742517359726	0.007306318670055248	0.009531064026284867
20260605	agri_aa_oil__Oil_C18_3	genotype_population_small_mlp	test	306	67	67	0.29826550179374445	0.5662548763051	0.4818022188522629	0.006820227637635652	0.008817082740122134
20260605	agri_aa_oil__Oil_C22_0P	population_ridge	test	306	67	67	0.014609841991995998	0.20549866923851773	0.1921542022507782	0.037401031396145624	0.04751515205709539
20260605	agri_aa_oil__Oil_C22_0P	genotype_population_ridge	test	306	67	67	0.247843731386292	0.5167613152419755	0.4370260994492777	0.03251650535444761	0.04151280246982594
20260605	agri_aa_oil__Oil_C22_0P	genotype_population_elasticnet	test	306	67	67	0.2570485473097158	0.5119568102188178	0.4482799904222205	0.03309092151475842	0.04125800568766879
20260605	agri_aa_oil__Oil_C22_0P	genotype_population_small_mlp	test	306	67	67	-0.027640092633563595	0.4010226502414036	0.4517120280948201	0.035389177928613874	0.04852309935216467
20260605	agri_aa_oil__Plantheight	population_ridge	test	321	70	70	0.1506213564931066	0.4048873310431766	0.24423060099728808	17.00885241416226	20.576136309289883
20260605	agri_aa_oil__Plantheight	genotype_population_ridge	test	321	70	70	0.1819935348319428	0.4809312713367279	0.4891435569941387	16.46466974014925	20.192566780913754
20260605	agri_aa_oil__Plantheight	genotype_population_elasticnet	test	321	70	70	0.3173289826120065	0.5723711284929511	0.5678418336103578	15.091172028061624	18.446708818287465
20260605	agri_aa_oil__Plantheight	genotype_population_small_mlp	test	321	70	70	-0.14401333911261638	0.3373846745045589	0.31439069197795466	18.753563891735507	23.87969106371241
20260605	agri_aa_oil__AA_Arg	population_ridge	test	289	63	63	0.23444354947918788	0.4875334998182241	0.48123079877112135	0.7589569727566883	0.9828808572972382
20260605	agri_aa_oil__AA_Arg	genotype_population_ridge	test	289	63	63	0.2721532248171675	0.5240259830073635	0.578197004608295	0.7239882469888527	0.9583678755697449
20260605	agri_aa_oil__AA_Arg	genotype_population_elasticnet	test	289	63	63	0.31215492702564995	0.5776548216997521	0.5705165130568357	0.7221377721878443	0.9316602836920835
20260605	agri_aa_oil__AA_Arg	genotype_population_small_mlp	test	289	63	63	-0.0629078563112444	0.4455241537546663	0.47647849462365593	0.8670916019215991	1.1581373696544486
20260605	metabolite__Uracil_E1	population_ridge	test	238	38	38	0.11882601657037695	0.4422729332146262	0.4065218586814648	19272.9861506756	24882.279030089023
20260605	metabolite__Uracil_E1	genotype_population_ridge	test	238	38	38	0.131560243742323	0.41460865205299136	0.3135087819979533	19326.77881617237	24701.83242994482
20260605	metabolite__Uracil_E1	genotype_population_elasticnet	test	238	38	38	0.13522571108039816	0.4254205479126552	0.327077748478842	18634.09696835193	24649.64717350106
20260605	metabolite__Uracil_E1	genotype_population_small_mlp	test	238	38	38	-0.9812391742036717	0.4019471925232691	0.4139629048161456	27212.138466482003	37310.217101547045
20260605	agri_aa_oil__Oil_C20_0P	population_ridge	test	306	67	67	-0.027625966432840654	0.2435924192015761	0.21645781786255888	0.06827837196619606	0.08463753945248073
20260605	agri_aa_oil__Oil_C20_0P	genotype_population_ridge	test	306	67	67	0.22664236477854638	0.5144158246407324	0.4752174954106474	0.061408231027648946	0.07342360149294598
20260605	agri_aa_oil__Oil_C20_0P	genotype_population_elasticnet	test	306	67	67	0.2302090279437553	0.5096476859980572	0.47394045813712193	0.059678361876307255	0.07325409395824303
20260605	agri_aa_oil__Oil_C20_0P	genotype_population_small_mlp	test	306	67	67	-0.4021783548325093	0.21817369995885874	0.2755606991779073	0.07288199539041051	0.09886603649125529
20260605	metabolite__5_Hydroxyindoleacetic_acid_E1	population_ridge	test	238	38	38	-0.04151248586038481	0.29755823821327354	0.252653463179779	2756078.740060662	3134195.181237523
20260605	metabolite__5_Hydroxyindoleacetic_acid_E1	genotype_population_ridge	test	238	38	38	0.28843315188109897	0.6006584035539436	0.5769777875041032	2267431.113882525	2590607.695333967
20260605	metabolite__5_Hydroxyindoleacetic_acid_E1	genotype_population_elasticnet	test	238	38	38	-0.04143821706951645			2662531.18089341	3134083.4317196626
20260605	metabolite__5_Hydroxyindoleacetic_acid_E1	genotype_population_small_mlp	test	238	38	38	-2.215425834343301	0.053797630342720164	0.061822956559798664	4451066.514620312	5506974.260300389
20260605	agri_aa_oil__Earleafwidth	population_ridge	test	321	70	70	0.1097580043309585	0.3815107795152457	0.34532411862479223	0.575480310614938	0.7338848552318012
20260605	agri_aa_oil__Earleafwidth	genotype_population_ridge	test	321	70	70	0.17093281212507894	0.435327515667365	0.4099203919167177	0.5117223501626875	0.7082209187775906
20260605	agri_aa_oil__Earleafwidth	genotype_population_elasticnet	test	321	70	70	0.16406084791639863	0.5154110889010705	0.5747003761700639	0.5301659449333236	0.7111500090516845
20260605	agri_aa_oil__Earleafwidth	genotype_population_small_mlp	test	321	70	70	-0.2838574189448211	0.32833614737556555	0.3085819263406526	0.6652222581343886	0.8813172776502204
20260605	agri_aa_oil__Oil_C16_1P	population_ridge	test	306	67	67	0.028332651535152298	0.22240984612993447	0.20544337137840213	0.027237707393002724	0.040191264665852405
20260605	agri_aa_oil__Oil_C16_1P	genotype_population_ridge	test	306	67	67	0.29132998864141657	0.5510428839022627	0.4484795274962089	0.02363122226874607	0.0343237630368639
20260605	agri_aa_oil__Oil_C16_1P	genotype_population_elasticnet	test	306	67	67	0.18992442754338346	0.4921892880098815	0.3860244233378562	0.025636894578829717	0.03669742872317909
20260605	agri_aa_oil__Oil_C16_1P	genotype_population_small_mlp	test	306	67	67	0.03255335451320873	0.49738642187712806	0.41719211429483605	0.028297629587033777	0.040103878789219574
20260605	agri_aa_oil__Eardiameter	population_ridge	test	321	70	70	0.027378228926852377	0.19626443087517664	0.21406701076021345	0.23303304140205858	0.3080318295158159
20260605	agri_aa_oil__Eardiameter	genotype_population_ridge	test	321	70	70	0.09428894808508514	0.3099428071957373	0.3002886886536611	0.222669337246334	0.2972476539781477
20260605	agri_aa_oil__Eardiameter	genotype_population_elasticnet	test	321	70	70	0.08325776692637121	0.29537105699988414	0.3045227889073572	0.21847828825421972	0.2990523514401176
20260605	agri_aa_oil__Eardiameter	genotype_population_small_mlp	test	321	70	70	-0.4850037939392067	0.0647968206061678	0.11129385005686292	0.28586790365400716	0.3806163004311251
20260605	agri_aa_oil__Oil_C24_0	population_ridge	test	306	67	67	0.036324658790583775	0.2632388886081153	0.19566605475297316	0.0019615072575067064	0.0023974085360340502
20260605	agri_aa_oil__Oil_C24_0	genotype_population_ridge	test	306	67	67	0.10736249803089448	0.47076849508466917	0.46009258520233065	0.0017582697050290404	0.0023073540443555953
20260605	agri_aa_oil__Oil_C24_0	genotype_population_elasticnet	test	306	67	67	0.1843582941786691	0.4831735357281077	0.4859924974060182	0.0016754508777749478	0.0022055981371687447
20260605	agri_aa_oil__Oil_C24_0	genotype_population_small_mlp	test	306	67	67	-0.6878643587384499	0.229000754969449	0.2710910687205683	0.0023541390127908147	0.0031728200805551483
20260605	agri_aa_oil__Oil_C220_C240	population_ridge	test	306	67	67	-0.07951672015635691	0.24830477184029845	0.35533562135844843	0.09038482994888689	0.10953615360416646
20260605	agri_aa_oil__Oil_C220_C240	genotype_population_ridge	test	306	67	67	0.16174258616471437	0.4730899426139142	0.5071035198339852	0.08135579916919089	0.09652315330725568
20260605	agri_aa_oil__Oil_C220_C240	genotype_population_elasticnet	test	306	67	67	0.1430876372540676	0.46812094302770335	0.45466517678984764	0.08380295643677951	0.09759127771767408
20260605	agri_aa_oil__Oil_C220_C240	genotype_population_small_mlp	test	306	67	67	-0.7104680044136975	0.3313819026751053	0.34296432277117095	0.10566273540148949	0.1378796833066024
20260605	agri_aa_oil__Earheight	population_ridge	test	321	70	70	-0.027377977326374925	0.20169342904260196	0.1506792990985757	10.200324886299214	12.885382276370063
20260605	agri_aa_oil__Earheight	genotype_population_ridge	test	321	70	70	0.19431229911003478	0.47684212309656937	0.43055227499044946	8.855944336543299	11.410785681515538
20260605	agri_aa_oil__Earheight	genotype_population_elasticnet	test	321	70	70	0.23972227120902279	0.5125366315863161	0.43037731063942924	8.763188642467744	11.084556356859824
20260605	agri_aa_oil__Earheight	genotype_population_small_mlp	test	321	70	70	-0.23569318048750243	0.3812258145425751	0.34342002818240175	10.236336134902121	14.131475386634461
20260605	metabolite__L_Arginine_E1	population_ridge	test	238	38	38	-0.026801505970949213	0.3219489557612397	0.31733873221433323	3518890.6517807357	4726944.385674526
20260605	metabolite__L_Arginine_E1	genotype_population_ridge	test	238	38	38	0.18602232652467376	0.5139110635744611	0.5324725072258432	3376709.3264017836	4208656.591629528
20260605	metabolite__L_Arginine_E1	genotype_population_elasticnet	test	238	38	38	0.1404908597996276	0.4058732571409477	0.4594845988165466	3420667.1670022076	4324764.803487741
20260605	metabolite__L_Arginine_E1	genotype_population_small_mlp	test	238	38	38	-2.970425096281813	-0.26596452757342637	-0.24730535682910104	7400021.407505753	9295135.987213928
20260605	agri_aa_oil__Kernernumberperrow	population_ridge	test	321	70	70	0.10599758404928838	0.39006188631526517	0.38038666783308545	1.9002822578139618	2.416465598420615
20260605	agri_aa_oil__Kernernumberperrow	genotype_population_ridge	test	321	70	70	0.2051241386128263	0.4808825006858672	0.45859504855218264	1.786414752063483	2.2785623912096713
20260605	agri_aa_oil__Kernernumberperrow	genotype_population_elasticnet	test	321	70	70	0.16115358322028228	0.5561877475871158	0.49085819263406527	1.8542233940281376	2.340736338882952
20260605	agri_aa_oil__Kernernumberperrow	genotype_population_small_mlp	test	321	70	70	-0.3405402668482822	0.1709850602852196	0.2471349838159391	2.2016494073771113	2.95904249695805
20260605	metabolite__Indole_3_carboxyaldehyde_E1	population_ridge	test	238	38	38	-0.018610374930145834	0.1021860175350834	0.20760602194913805	77467.53219548421	103744.41868949318
20260605	metabolite__Indole_3_carboxyaldehyde_E1	genotype_population_ridge	test	238	38	38	0.10774611698806835	0.3927752089679012	0.36290014168863566	70669.23379118872	97096.80000666933
20260605	metabolite__Indole_3_carboxyaldehyde_E1	genotype_population_elasticnet	test	238	38	38	-0.02697732988527224	-0.14377537672977292	-0.04508891989617547	77760.75949193275	104169.63017108203
20260605	metabolite__Indole_3_carboxyaldehyde_E1	genotype_population_small_mlp	test	238	38	38	-0.38591464883266213	0.16523403377055698	0.24733242467319558	89133.06517657588	121012.13870279424
20260605	agri_aa_oil__Oil_C180_C200	population_ridge	test	306	67	67	0.059592153215989874	0.276361514676625	0.1288211349668769	0.6055281968488688	0.7388466253536113
20260605	agri_aa_oil__Oil_C180_C200	genotype_population_ridge	test	306	67	67	0.09737421995145212	0.3450488636274816	0.3118365392289888	0.5796968057411847	0.7238524331767667
20260605	agri_aa_oil__Oil_C180_C200	genotype_population_elasticnet	test	306	67	67	0.1391658234145099	0.40375487447876807	0.3954425732301063	0.5611846096691809	0.7068966481148494
20260605	agri_aa_oil__Oil_C180_C200	genotype_population_small_mlp	test	306	67	67	-0.20715883198341856	0.39040795609367535	0.42445526378801185	0.6453290832865973	0.8371020009080827
20260605	agri_aa_oil__100grainweight	population_ridge	test	320	70	70	0.044406527850627375	0.3005660828826259	0.2609768259816947	2.2277468048463622	2.7936057220187993
20260605	agri_aa_oil__100grainweight	genotype_population_ridge	test	320	70	70	0.17480286324926275	0.4797651663874721	0.4851236560736424	2.0810207007186587	2.5960160943552695
20260605	agri_aa_oil__100grainweight	genotype_population_elasticnet	test	320	70	70	0.10043745637350432	0.478024418369648	0.416170205336591	2.1951171957854356	2.7104675130242666
20260605	agri_aa_oil__100grainweight	genotype_population_small_mlp	test	320	70	70	-0.08193211170087	0.22987673043481358	0.34410238915138036	2.1971248578758913	2.972545628960784
20260605	agri_aa_oil__Oil_C200_C201	population_ridge	test	306	67	67	-0.1868906423720007	0.06785549712465903	0.1333306728390135	0.2017819769339194	0.2538281572339664
20260605	agri_aa_oil__Oil_C200_C201	genotype_population_ridge	test	306	67	67	0.07349505492249697	0.41017017210488277	0.46412323409689527	0.17890590408688165	0.22426335490421848
20260605	agri_aa_oil__Oil_C200_C201	genotype_population_elasticnet	test	306	67	67	0.16048746873082287	0.4876403101054152	0.528853060898715	0.1707213540793891	0.21347549808164762
20260605	agri_aa_oil__Oil_C200_C201	genotype_population_small_mlp	test	306	67	67	-0.3417830493059053	0.3376184406828021	0.39540266581530853	0.21297707835622298	0.2698830406549474
20260605	agri_aa_oil__cobweight	population_ridge	test	321	69	69	0.05848898004370684	0.25202643004648834	0.21394057308686673	3.030636793259061	4.122084102368524
20260605	agri_aa_oil__cobweight	genotype_population_ridge	test	321	69	69	0.09258138407713201	0.3955415290738609	0.3478292640742843	3.0158388687453095	4.046765016353246
20260605	agri_aa_oil__cobweight	genotype_population_elasticnet	test	321	69	69	0.1255860097269792	0.48049185874362366	0.46052667636810035	2.8921073165791302	3.972488909046888
20260605	agri_aa_oil__cobweight	genotype_population_small_mlp	test	321	69	69	-0.14239087376723436	0.29021033085255465	0.2858082372080975	3.4851708366053717	4.540581831907091
20260605	metabolite__Glutathione_E1	population_ridge	test	238	38	38	0.0046857068943240154	0.27373076576192434	0.18801641840201327	896130.6438938152	1074861.8822999503
20260605	metabolite__Glutathione_E1	genotype_population_ridge	test	238	38	38	0.037856889568570806	0.3194779134028077	0.240000003233769	884629.7874152268	1056798.9634539927
20260605	metabolite__Glutathione_E1	genotype_population_elasticnet	test	238	38	38	0.035453053147516456	0.296105222222953	0.22807113850395558	888196.8474682621	1058118.303093514
20260605	metabolite__Glutathione_E1	genotype_population_small_mlp	test	238	38	38	-1.3382963735927782	0.04121180584378187	0.04826265454906161	1248685.2758183752	1647488.2259145742
20260605	agri_aa_oil__Oil_C20_1P	population_ridge	test	306	67	67	0.02554822310645677	0.2031767170993497	0.2026099449277676	0.04560057643338913	0.05803431103462436
20260605	agri_aa_oil__Oil_C20_1P	genotype_population_ridge	test	306	67	67	0.14203895587136206	0.4000319386301025	0.36511293798387745	0.041980488924354874	0.054455085166045844
20260605	agri_aa_oil__Oil_C20_1P	genotype_population_elasticnet	test	306	67	67	0.09822288152792957	0.4279761484253154	0.3359805251815788	0.043482816013219364	0.05582828190001099
20260605	agri_aa_oil__Oil_C20_1P	genotype_population_small_mlp	test	306	67	67	-0.17517639643121208	0.280135590960927	0.27803495889536284	0.047330092457367856	0.06373180036389431
20260605	agri_aa_oil__Oil_C18_0P	population_ridge	test	306	67	67	0.0017252401748130142	0.34421938717904843	0.31882033681858096	0.3054593721439369	0.3801338815290675
20260605	agri_aa_oil__Oil_C18_0P	genotype_population_ridge	test	306	67	67	0.09653086945731959	0.4128617656659135	0.46224758560140483	0.28802944999672414	0.36163311648027097
20260605	agri_aa_oil__Oil_C18_0P	genotype_population_elasticnet	test	306	67	67	-0.02984956541303685	0.32051720885514456	0.35022747226434675	0.319856757939008	0.38609878052830465
20260605	agri_aa_oil__Oil_C18_0P	genotype_population_small_mlp	test	306	67	67	-0.6591016473463187	0.25028887324156296	0.25025939819618487	0.3758245886303258	0.49005861937778794
20260605	metabolite__Pro_Leu_E1	population_ridge	test	238	38	38	-0.08139828290909645	0.1449351177898039	0.16502517060949998	306550.51839677565	386317.8525150404
20260605	metabolite__Pro_Leu_E1	genotype_population_ridge	test	238	38	38	0.11215100300217562	0.39661868981233217	0.32020135888819423	268829.2075191548	350043.07846070523
20260605	metabolite__Pro_Leu_E1	genotype_population_elasticnet	test	238	38	38	0.01950578660772251	0.2547704324553275	0.15233092671646153	291660.60898229224	367853.13179941004
20260605	metabolite__Pro_Leu_E1	genotype_population_small_mlp	test	238	38	38	-0.8903288606301698	0.16424145769330578	0.11238783170819396	424738.4385213273	510764.4039150995
20260605	agri_aa_oil__Earlength	population_ridge	test	321	70	70	-0.0013789618856436814	0.27394984715383003	0.16325780771586038	1.1657356059341923	1.5263107949662111
20260605	agri_aa_oil__Earlength	genotype_population_ridge	test	321	70	70	0.28738577293191114	0.6424643733958296	0.49698189134808857	1.0218600191106089	1.2875704133710801
20260605	agri_aa_oil__Earlength	genotype_population_elasticnet	test	321	70	70	0.005611049663286294	0.4006163891174929	0.25973230688478693	1.1613697532381622	1.5209743468933858
20260605	agri_aa_oil__Earlength	genotype_population_small_mlp	test	321	70	70	-0.2552961069505819	0.20462827677019332	0.20552882512466103	1.2722663321786838	1.708900729971468
20260605	metabolite__Feruloylserotonin_E1	population_ridge	test	238	38	38	0.10157742399103187	0.32830841651760195	0.5068254682036044	14378.580796885546	22890.517721851968
20260605	metabolite__Feruloylserotonin_E1	genotype_population_ridge	test	238	38	38	0.17688423327419334	0.4284176249456119	0.4749227618987702	13091.243074947111	21910.17000796014
20260605	metabolite__Feruloylserotonin_E1	genotype_population_elasticnet	test	238	38	38	-0.0015871683400647818			16273.30030959752	24169.054614827277
20260605	metabolite__Feruloylserotonin_E1	genotype_population_small_mlp	test	238	38	38	-0.41422059477857154	0.35461992722714764	0.39982532609529436	21141.38178406632	28719.301026424455
20260605	metabolite__Trigonelline_E1	population_ridge	test	238	38	38	0.045673026374907555	0.3948568898101983	0.26174974050230515	2067679.2410574297	2866219.7572292425
20260605	metabolite__Trigonelline_E1	genotype_population_ridge	test	238	38	38	0.2578615356848605	0.6577372729954079	0.4129780604747908	1964772.631021353	2527570.956439408
20260605	metabolite__Trigonelline_E1	genotype_population_elasticnet	test	238	38	38	0.13266443916836457	0.46027644472018026	0.31263336480563797	2044445.4057687179	2732464.0838423204
20260605	metabolite__Trigonelline_E1	genotype_population_small_mlp	test	238	38	38	-0.23811023560503286	0.21231183667186607	0.21316408632880038	2497438.6805342636	3264679.4292114666
20260605	metabolite__IAA_E1	population_ridge	test	238	38	38	0.0029631090761064183	0.1732916981034354	0.3100240771463617	984098.2448531777	1319366.4781841016
20260605	metabolite__IAA_E1	genotype_population_ridge	test	238	38	38	0.05949716913479253	0.4103907817447516	0.27741300231769395	975722.6249145682	1281415.2412430204
20260605	metabolite__IAA_E1	genotype_population_elasticnet	test	238	38	38	0.051038007527824836	0.2426939933795247	0.14784416809909448	988867.640268825	1287165.055805129
20260605	metabolite__IAA_E1	genotype_population_small_mlp	test	238	38	38	-0.7295515161590986	0.07623935808778402	0.10593127662466578	1275457.6872080967	1737707.1291117466
20260605	agri_aa_oil__AA_Asp	population_ridge	test	289	63	63	0.05033870814086061	0.22955372029484727	0.268721198156682	1.150737384818995	1.3975346599856362
20260605	agri_aa_oil__AA_Asp	genotype_population_ridge	test	289	63	63	0.1446332899755891	0.38699099958764577	0.39290514592933945	1.0983771967558353	1.3263385459862378
20260605	agri_aa_oil__AA_Asp	genotype_population_elasticnet	test	289	63	63	0.1312176683559222	0.4059623878268725	0.39256912442396313	1.1233512130600174	1.336699265257583
20260605	agri_aa_oil__AA_Asp	genotype_population_small_mlp	test	289	63	63	-0.11967695004279233	0.34702682482812874	0.3897849462365592	1.1921876194977419	1.5174856335186078
20260605	metabolite__Malvidin_3_O_hexoside_E2	population_ridge	test	238	38	38	0.13143122627373416	0.43809098284791187	0.4956217430080916	79219.73400542619	106202.84229864806
20260605	metabolite__Malvidin_3_O_hexoside_E2	genotype_population_ridge	test	238	38	38	0.20488603267709526	0.4920061092027423	0.5479422361966666	75701.79867136612	101612.87170954743
20260605	metabolite__Malvidin_3_O_hexoside_E2	genotype_population_elasticnet	test	238	38	38	0.09291916694199409	0.40154943944040106	0.501970254733902	80667.31063897356	108531.80581405367
20260605	metabolite__Malvidin_3_O_hexoside_E2	genotype_population_small_mlp	test	238	38	38	-0.9274182887180686	0.20051289385075505	0.2216506249097583	119815.71635024884	158205.66179087068
20260605	metabolite__Gluconolactone_E2	population_ridge	test	238	38	38	0.08066114340483566	0.33811644517215267	0.18365895723939551	150704.3763621398	205249.6580777231
20260605	metabolite__Gluconolactone_E2	genotype_population_ridge	test	238	38	38	0.10829258780269724	0.3541844867216771	0.2280961066072111	143157.08504596303	202141.65751228284
20260605	metabolite__Gluconolactone_E2	genotype_population_elasticnet	test	238	38	38	0.06322168796050054	0.2934476854185029	0.16111202923503587	142314.76324319688	207187.26043717616
20260605	metabolite__Gluconolactone_E2	genotype_population_small_mlp	test	238	38	38	-0.5974765987391661	0.30773617563406086	0.2307229331708258	192924.47000191052	270558.9386627747
20260605	agri_aa_oil__AA_Thr	population_ridge	test	289	63	63	0.03123072788361725	0.1924417034076571	0.25134408602150543	0.4383580268522216	0.535295273661896
20260605	agri_aa_oil__AA_Thr	genotype_population_ridge	test	289	63	63	0.1216270466556526	0.36880292921265057	0.3279089861751152	0.41097108282605416	0.5097094770859326
20260605	agri_aa_oil__AA_Thr	genotype_population_elasticnet	test	289	63	63	0.1173800561439009	0.37521424202549664	0.37701612903225806	0.41236237696741734	0.5109402304676424
20260605	agri_aa_oil__AA_Thr	genotype_population_small_mlp	test	289	63	63	-0.17285722229575584	0.2600260261698719	0.24875192012288785	0.465921195917036	0.5889871292009253
20260605	agri_aa_oil__AA_Phe	population_ridge	test	289	63	63	0.009256124574053226	0.13368451460951833	0.2136136712749616	0.9120597714582568	1.1156017002038872
20260605	agri_aa_oil__AA_Phe	genotype_population_ridge	test	289	63	63	0.13941275783995144	0.4041308002700769	0.4383640552995392	0.8434466637262514	1.0397427986928314
20260605	agri_aa_oil__AA_Phe	genotype_population_elasticnet	test	289	63	63	0.10990573664275616	0.39633920796694017	0.4575652841781874	0.8753199362593677	1.0574174433635404
20260605	agri_aa_oil__AA_Phe	genotype_population_small_mlp	test	289	63	63	-0.07172857487158746	0.2802763316078218	0.28336213517665126	0.9421192634444563	1.1603015554081666
20260605	agri_aa_oil__AA_His	population_ridge	test	289	63	63	0.128549786280184	0.38799223891812845	0.38844086021505375	0.3763648062331836	0.4712645399533387
20260605	agri_aa_oil__AA_His	genotype_population_ridge	test	289	63	63	0.18619438202628524	0.4387864811043278	0.42386712749615973	0.34718541514598766	0.4554113122882586
20260605	agri_aa_oil__AA_His	genotype_population_elasticnet	test	289	63	63	0.1616577220894606	0.4781175416966936	0.4339477726574501	0.3664746987804094	0.462225772063189
20260605	agri_aa_oil__AA_His	genotype_population_small_mlp	test	289	63	63	-0.25505622206283873	0.27462511979949333	0.2879224270353303	0.43042205434901704	0.5655552821054394
20260605	metabolite__Feruloyltryptamine_E1	population_ridge	test	238	38	38	0.09157479886476827	0.3126548469088972	0.4794265732362198	11677900.476973621	17327773.995168377
20260605	metabolite__Feruloyltryptamine_E1	genotype_population_ridge	test	238	38	38	0.2461621241755163	0.5456895777147391	0.6001313233570941	11141296.223452529	15784730.273974366
20260605	metabolite__Feruloyltryptamine_E1	genotype_population_elasticnet	test	238	38	38	0.09994329114893652	0.3503169585403143	0.47986430578425554	11989534.696895892	17247776.850108467
20260605	metabolite__Feruloyltryptamine_E1	genotype_population_small_mlp	test	238	38	38	-0.15585569928540033	0.3984690259978772	0.504377328474261	14163985.340048872	19545644.58522136
20260605	metabolite__N_Coumaroyltryptamine_E1	population_ridge	test	238	38	38	-0.03492739725808547	0.1307887893513022	0.349381770434402	8822565.891432319	12028085.82681157
20260605	metabolite__N_Coumaroyltryptamine_E1	genotype_population_ridge	test	238	38	38	0.12180163706037006	0.3543900565659601	0.4988510777984462	7961669.444393528	11079952.22916687
20260605	metabolite__N_Coumaroyltryptamine_E1	genotype_population_elasticnet	test	238	38	38	0.10648307564472204	0.35683317187001384	0.5780719991246307	8279815.537269053	11176169.193958288
20260605	metabolite__N_Coumaroyltryptamine_E1	genotype_population_small_mlp	test	238	38	38	-0.5146855121520899	0.2369605992208788	0.4064996170259328	10386802.616878688	14551334.093409952
20260605	agri_aa_oil__AA_Pro	population_ridge	test	289	63	63	0.034269699050045954	0.19021055670035927	0.2764016897081414	1.2081898055778997	1.4937161130574241
20260605	agri_aa_oil__AA_Pro	genotype_population_ridge	test	289	63	63	0.12147942546958357	0.3535366181546429	0.3215245775729647	1.1224893801138989	1.4246759900990766
20260605	agri_aa_oil__AA_Pro	genotype_population_elasticnet	test	289	63	63	0.10378709150151721	0.34039249241052955	0.35877496159754224	1.1556219246962292	1.4389501018155895
20260605	agri_aa_oil__AA_Pro	genotype_population_small_mlp	test	289	63	63	-0.24428482682850672	0.26410597187092705	0.23790322580645165	1.3670801365741447	1.6955087657336292
20260605	metabolite__Norcinnamolaurine_E1	population_ridge	test	238	38	38	0.06829145368495104	0.3236040236116161	0.3673670409390527	4965562.077308214	6061012.88835816
20260605	metabolite__Norcinnamolaurine_E1	genotype_population_ridge	test	238	38	38	0.10938467002333252	0.35339601993689757	0.3775443226808852	4694344.285423064	5925844.501156989
20260605	metabolite__Norcinnamolaurine_E1	genotype_population_elasticnet	test	238	38	38	0.10672841647553033	0.3436601990911645	0.2651564909726913	4989163.199196422	5934674.815382029
20260605	metabolite__Norcinnamolaurine_E1	genotype_population_small_mlp	test	238	38	38	-1.3471959786526733	0.3458092540028738	0.40588750516620387	7561258.019009435	9620105.706880696
20260605	agri_aa_oil__Kernelthickness	population_ridge	test	320	70	70	0.051536820049972065	0.24957751391991723	0.28510690419733	0.2619760406885332	0.3252816804030002
20260605	agri_aa_oil__Kernelthickness	genotype_population_ridge	test	320	70	70	0.1057808275948734	0.33218175490564295	0.3540784547555303	0.24760376235476958	0.3158430722410417
20260605	agri_aa_oil__Kernelthickness	genotype_population_elasticnet	test	320	70	70	0.10171954739178801	0.4266593846671843	0.44681037204585555	0.25435212892389375	0.3165594928411487
20260605	agri_aa_oil__Kernelthickness	genotype_population_small_mlp	test	320	70	70	-0.41176494321552126	0.07426035107377009	0.1790250901348316	0.2882680861347674	0.39685381864873304
20260605	metabolite__Norcinnamolaurine_E2	population_ridge	test	238	38	38	0.13839868382822418	0.37401593432739766	0.2510808390388398	10394753.191237565	14282761.607189769
20260605	metabolite__Norcinnamolaurine_E2	genotype_population_ridge	test	238	38	38	0.13062077393817206	0.4191193022925709	0.1976686989120073	10708139.811665904	14347083.960202955
20260605	metabolite__Norcinnamolaurine_E2	genotype_population_elasticnet	test	238	38	38	0.13379597880566962	0.39086408873415274	0.1473211897760586	10483185.438370401	14320860.305278046
20260605	metabolite__Norcinnamolaurine_E2	genotype_population_small_mlp	test	238	38	38	-0.7699131220313664	0.34812541889062976	0.37071089879012664	13943921.91902043	20470808.009158026
20260605	metabolite__L_Glutamic_acid_E1	population_ridge	test	238	38	38	-0.013844208332970398	-0.010627123558634974	-0.10965800421351415	2571095.9909625407	3547334.3602498486
20260605	metabolite__L_Glutamic_acid_E1	genotype_population_ridge	test	238	38	38	0.05850273155528707	0.319515761470657	0.22905609063760987	2477489.1049737046	3418424.9175929828
20260605	metabolite__L_Glutamic_acid_E1	genotype_population_elasticnet	test	238	38	38	-0.003736024527044579			2541842.1052631577	3529606.3252090826
20260605	metabolite__L_Glutamic_acid_E1	genotype_population_small_mlp	test	238	38	38	-0.9109634658941146	0.18117654112916426	0.09926128724716302	3687268.864698849	4870154.124339993
20260606	agri_aa_oil__Oil_OIL	population_ridge	test	309	63	63	0.11453545573394608	0.4078590086279136	0.1575940860215054	0.9165195266755105	1.2957059570475211
20260606	agri_aa_oil__Oil_OIL	genotype_population_ridge	test	309	63	63	0.782448955527331	0.8847448772132321	0.5222254224270354	0.5149181518391565	0.6422460676852991
20260606	agri_aa_oil__Oil_OIL	genotype_population_elasticnet	test	309	63	63	0.785436289667695	0.8862512273128572	0.5348982334869432	0.48522866918288143	0.6378212771288415
20260606	agri_aa_oil__Oil_OIL	genotype_population_small_mlp	test	309	63	63	0.6596692749534654	0.8607023189031389	0.5557315668202765	0.6530376731166734	0.8032883102523035
20260606	agri_aa_oil__Oil_C18_1	population_ridge	test	309	63	63	0.10160383433009512	0.3749041801522095	0.2902745775729647	0.4359971930640029	0.6053959340945412
20260606	agri_aa_oil__Oil_C18_1	genotype_population_ridge	test	309	63	63	0.6944932960710468	0.8336767823375538	0.5210253456221198	0.2743030227692035	0.35303350732038785
20260606	agri_aa_oil__Oil_C18_1	genotype_population_elasticnet	test	309	63	63	0.6755498551916981	0.8260844435979727	0.4808467741935484	0.27969965837080596	0.3638141122136906
20260606	agri_aa_oil__Oil_C18_1	genotype_population_small_mlp	test	309	63	63	0.48292293853078416	0.7722566087772524	0.5725806451612904	0.34568727217049794	0.45928598268648807
20260606	agri_aa_oil__Oil_C18_2	population_ridge	test	309	63	63	0.0971058271146471	0.41082590497274724	0.1077188940092166	0.42429506990148286	0.5612681756233616
20260606	agri_aa_oil__Oil_C18_2	genotype_population_ridge	test	309	63	63	0.7181463644366799	0.8486280823368515	0.4006336405529954	0.2440153897682445	0.31359116136152454
20260606	agri_aa_oil__Oil_C18_2	genotype_population_elasticnet	test	309	63	63	0.7153367453851398	0.8497458279600145	0.4075940860215054	0.24318721918002567	0.31515028062799244
20260606	agri_aa_oil__Oil_C18_2	genotype_population_small_mlp	test	309	63	63	0.578250648754058	0.800042876771852	0.48977534562211983	0.29196934026221155	0.383600535329406
20260606	agri_aa_oil__Oil_C20_1	population_ridge	test	309	63	63	0.02810559683990632	0.34014529722486764	0.25729646697388636	0.0034125345127995724	0.004514143383475804
20260606	agri_aa_oil__Oil_C20_1	genotype_population_ridge	test	309	63	63	0.45811011257026424	0.7094588384609176	0.42938748079877115	0.0025807202807632866	0.0033707095551269214
20260606	agri_aa_oil__Oil_C20_1	genotype_population_elasticnet	test	309	63	63	0.34792061619434034	0.7119236829230237	0.4443164362519201	0.0028153103571999993	0.0036975669288782185
20260606	agri_aa_oil__Oil_C20_1	genotype_population_small_mlp	test	309	63	63	0.21199378821484038	0.717571806401596	0.542002688172043	0.0032401457356173763	0.00406471995369947
20260606	agri_aa_oil__Oil_C20_0	population_ridge	test	309	63	63	0.09678945965411767	0.3411484111058139	0.16354646697388636	0.006341808201385828	0.008227272023387747
20260606	agri_aa_oil__Oil_C20_0	genotype_population_ridge	test	309	63	63	0.6301005538729303	0.7961091981635192	0.5769489247311829	0.004402740953156576	0.005265058474052463
20260606	agri_aa_oil__Oil_C20_0	genotype_population_elasticnet	test	309	63	63	0.6388318021741204	0.799775235763675	0.5334581413210446	0.004359127227066916	0.005202548162742302
20260606	agri_aa_oil__Oil_C20_0	genotype_population_small_mlp	test	309	63	63	0.4841693685791727	0.7416798841045489	0.606902841781874	0.004826265006359061	0.006217487522935881
20260606	agri_aa_oil__Oil_C18_0	population_ridge	test	309	63	63	0.1510260616245095	0.4132974749732548	0.27385752688172044	0.027986099384708384	0.04088151655682365
20260606	agri_aa_oil__Oil_C18_0	genotype_population_ridge	test	309	63	63	0.6611149613844627	0.8136822807287903	0.5011520737327189	0.019072867639670563	0.02582890629681857
20260606	agri_aa_oil__Oil_C18_0	genotype_population_elasticnet	test	309	63	63	0.5414017748241371	0.8101727464445138	0.32133256528417825	0.021561375714297615	0.03004664623641438
20260606	agri_aa_oil__Oil_C18_0	genotype_population_small_mlp	test	309	63	63	0.5949966509014537	0.7734405486945158	0.5601958525345623	0.020832680583262743	0.02823638703841054
20260606	agri_aa_oil__Oil_C16_0	population_ridge	test	309	63	63	0.02879671273401585	0.2518799338667227	0.058083717357910916	0.13090551539118037	0.1699519291497585
20260606	agri_aa_oil__Oil_C16_0	genotype_population_ridge	test	309	63	63	0.5811780482709852	0.7648379115676818	0.5640841013824884	0.090985733819844	0.11160553790656814
20260606	agri_aa_oil__Oil_C16_0	genotype_population_elasticnet	test	309	63	63	0.6084207280222245	0.7838724202830587	0.6270641321044547	0.08781441180542009	0.10791476619592698
20260606	agri_aa_oil__Oil_C16_0	genotype_population_small_mlp	test	309	63	63	0.4653700545582832	0.7464680101966342	0.5515072964669739	0.10369083069080372	0.12609494226376297
20260606	agri_aa_oil__Oil_C200_C220	population_ridge	test	309	63	63	0.06271190108376967	0.30341745513966256	0.1152073732718894	0.2946865060593741	0.4013765927454752
20260606	agri_aa_oil__Oil_C200_C220	genotype_population_ridge	test	309	63	63	0.5659407483296854	0.753453178518089	0.4901593701996928	0.20544490481516864	0.27314295233744723
20260606	agri_aa_oil__Oil_C200_C220	genotype_population_elasticnet	test	309	63	63	0.38046590744506037	0.6988899227695166	0.1676267281105991	0.25239199670921014	0.32632330868699605
20260606	agri_aa_oil__Oil_C200_C220	genotype_population_small_mlp	test	309	63	63	0.3945315623215804	0.6282931347657187	0.5071044546850999	0.23554734305143682	0.3225976838985224
20260606	agri_aa_oil__kernellength	population_ridge	test	320	69	69	0.26609551228993034	0.5673743320192188	0.548520277676288	0.5045986984118059	0.6411449437083225
20260606	agri_aa_oil__kernellength	genotype_population_ridge	test	320	69	69	0.5009957381486099	0.7217028450962997	0.7293021556448668	0.42555131709377997	0.5286747606713587
20260606	agri_aa_oil__kernellength	genotype_population_elasticnet	test	320	69	69	0.489576521756121	0.7243591030144412	0.7079283887468031	0.4297129779569588	0.5346896422992149
20260606	agri_aa_oil__kernellength	genotype_population_small_mlp	test	320	69	69	0.1778375354057382	0.5616609132647111	0.5541103397880892	0.5312512934944371	0.6786022146433843
20260606	agri_aa_oil__Oil_C182_C183	population_ridge	test	309	63	63	0.16867118174148577	0.423270914271528	0.27572964669738864	5.922812103109958	7.710825271750664
20260606	agri_aa_oil__Oil_C182_C183	genotype_population_ridge	test	309	63	63	0.41921939723046164	0.6491429263537616	0.5073444700460831	4.9177071256991995	6.444963999205861
20260606	agri_aa_oil__Oil_C182_C183	genotype_population_elasticnet	test	309	63	63	0.35127716091537475	0.615763888937914	0.3663114439324117	5.186869116903386	6.811520033181934
20260606	agri_aa_oil__Oil_C182_C183	genotype_population_small_mlp	test	309	63	63	0.2277741337464021	0.5098743296179791	0.46375768049155147	5.548737094876301	7.431673417650691
20260606	agri_aa_oil__Oil_C18_3P	population_ridge	test	309	63	63	0.11321170147899484	0.34580503806954	0.2707853302611367	0.20938647192849438	0.2634422513554042
20260606	agri_aa_oil__Oil_C18_3P	genotype_population_ridge	test	309	63	63	0.43270252972581646	0.660823583148603	0.5500672043010753	0.1742816674379546	0.21070792763372967
20260606	agri_aa_oil__Oil_C18_3P	genotype_population_elasticnet	test	309	63	63	0.34277123308116486	0.6009404790605106	0.43788402457757303	0.18247347194473595	0.22679513507841867
20260606	agri_aa_oil__Oil_C18_3P	genotype_population_small_mlp	test	309	63	63	0.20718730846579825	0.5528093609187913	0.47748655913978494	0.19685604533018722	0.24909255605722694
20260606	agri_aa_oil__Oil_C16_1	population_ridge	test	309	63	63	0.10381752627735963	0.36312935563116194	0.3518625192012289	0.0016477089822560733	0.0020172678343698667
20260606	agri_aa_oil__Oil_C16_1	genotype_population_ridge	test	309	63	63	0.2747049955934595	0.564065923608014	0.5023521505376345	0.0013178913701797682	0.001814774564337596
20260606	agri_aa_oil__Oil_C16_1	genotype_population_elasticnet	test	309	63	63	0.391477623648567	0.6392834370540337	0.5793970814132104	0.0011637738792626977	0.0016622778457874804
20260606	agri_aa_oil__Oil_C16_1	genotype_population_small_mlp	test	309	63	63	0.15788667935362866	0.5359194139214496	0.47364631336405527	0.0015117789847790815	0.001955467530346167
20260606	agri_aa_oil__Headingdate	population_ridge	test	321	69	69	0.35514425393653826	0.6056165141174439	0.5780871813089546	2.311841874008823	3.043446995780434
20260606	agri_aa_oil__Headingdate	genotype_population_ridge	test	321	69	69	0.45642303306406606	0.7062608238655337	0.6475548466377149	2.1407386938122097	2.7942481917042676
20260606	agri_aa_oil__Headingdate	genotype_population_elasticnet	test	321	69	69	0.3161696924705636	0.6075895919462522	0.5900183715929317	2.423055054502296	3.134069536090884
20260606	agri_aa_oil__Headingdate	genotype_population_small_mlp	test	321	69	69	0.41364305749982544	0.6587457066716772	0.6555576970885295	2.233625443272922	2.9021208364959508
20260606	agri_aa_oil__Oil_C22_0	population_ridge	test	309	63	63	0.10350340149540582	0.3278913223204762	0.2049251152073733	0.001697963275227606	0.002231183295396343
20260606	agri_aa_oil__Oil_C22_0	genotype_population_ridge	test	309	63	63	0.1429665329880474	0.45369952327928165	0.5337461597542243	0.0015679955783290895	0.0021815231067242946
20260606	agri_aa_oil__Oil_C22_0	genotype_population_elasticnet	test	309	63	63	0.1648484466975264	0.454722539432609	0.5322100614439325	0.0015573890167996454	0.002153493539974388
20260606	agri_aa_oil__Oil_C22_0	genotype_population_small_mlp	test	309	63	63	0.02765352371222718	0.4392202004560421	0.5264496927803379	0.0016805011936513938	0.002323653938203477
20260606	agri_aa_oil__Oil_C24_0P	population_ridge	test	309	63	63	0.14371824955112988	0.3813271228156744	0.3372215821812596	0.06078970135354084	0.07866473806296664
20260606	agri_aa_oil__Oil_C24_0P	genotype_population_ridge	test	309	63	63	0.3214185024151376	0.5694591023521065	0.426363287250384	0.055125694259013105	0.0700281678005719
20260606	agri_aa_oil__Oil_C24_0P	genotype_population_elasticnet	test	309	63	63	0.1995709672552931	0.4926851273799654	0.3724078341013825	0.05955736841525543	0.07605594610841446
20260606	agri_aa_oil__Oil_C24_0P	genotype_population_small_mlp	test	309	63	63	0.050509546039277375	0.4466379526106753	0.27553763440860213	0.06807614804742512	0.08283560684225003
20260606	agri_aa_oil__Pollenshed	population_ridge	test	321	69	69	0.3235738300382903	0.5806959326291941	0.5592494214578364	2.44109845947403	3.1567497924202317
20260606	agri_aa_oil__Pollenshed	genotype_population_ridge	test	321	69	69	0.43895968929390006	0.6917669558154025	0.6554663403482234	2.2006398496116524	2.8749281350242875
20260606	agri_aa_oil__Pollenshed	genotype_population_elasticnet	test	321	69	69	0.40921702272727745	0.661358087686383	0.6037766966830307	2.2948227045954703	2.9501489689404923
20260606	agri_aa_oil__Pollenshed	genotype_population_small_mlp	test	321	69	69	0.4044751974548759	0.6519717412085057	0.6711796996808731	2.357850443963958	2.9619647568549134
20260606	agri_aa_oil__Oil_C18_1P	population_ridge	test	309	63	63	-0.027126182092102713	0.16547649144309964	0.12845622119815667	4.063767755814193	5.245751898302812
20260606	agri_aa_oil__Oil_C18_1P	genotype_population_ridge	test	309	63	63	0.16846455364257673	0.4932359107137488	0.49097542242703535	3.6289794601717005	4.719937305769868
20260606	agri_aa_oil__Oil_C18_1P	genotype_population_elasticnet	test	309	63	63	0.17873154710067785	0.4348977374878375	0.38512864823348697	3.6319919679204107	4.690708197601935
20260606	agri_aa_oil__Oil_C18_1P	genotype_population_small_mlp	test	309	63	63	0.05354070623721008	0.47666630977971913	0.44753264208909377	4.1018495111787345	5.035548887195569
20260606	agri_aa_oil__Oil_C18_2P	population_ridge	test	309	63	63	-0.03813817528221275	0.18349614416453877	0.20833333333333334	3.925737496872648	4.966343255480033
20260606	agri_aa_oil__Oil_C18_2P	genotype_population_ridge	test	309	63	63	0.15016098421389412	0.48723548644087245	0.5552515360983103	3.4652923322136324	4.493424873906455
20260606	agri_aa_oil__Oil_C18_2P	genotype_population_elasticnet	test	309	63	63	0.20769123823221358	0.45716145184279516	0.5004800307219662	3.3859116690860054	4.338667629822412
20260606	agri_aa_oil__Oil_C18_2P	genotype_population_small_mlp	test	309	63	63	-0.3114909350236299	0.28036906477579016	0.32070852534562216	4.388291727530307	5.582025278325079
20260606	agri_aa_oil__Oil_C16_0P	population_ridge	test	309	63	63	0.2497858977444558	0.5259578741652107	0.4751344086021505	1.137216998766186	1.4227608228308792
20260606	agri_aa_oil__Oil_C16_0P	genotype_population_ridge	test	309	63	63	0.32168246043941917	0.576808820937024	0.5815572196620584	0.9988702555684359	1.3528692001742972
20260606	agri_aa_oil__Oil_C16_0P	genotype_population_elasticnet	test	309	63	63	0.2685021569388064	0.6025855309660519	0.5419066820276498	1.1117497045762572	1.4049012893418196
20260606	agri_aa_oil__Oil_C16_0P	genotype_population_small_mlp	test	309	63	63	0.23553754093397516	0.544378894156102	0.520497311827957	1.1163440454860711	1.436208086548865
20260606	agri_aa_oil__Silkingtime	population_ridge	test	321	69	69	0.258171346953748	0.5137729083953417	0.46474833481567557	2.5136080500825897	3.235942581368415
20260606	agri_aa_oil__Silkingtime	genotype_population_ridge	test	321	69	69	0.3853701322209999	0.6436900203520335	0.6299442795992019	2.212747794264708	2.945478353067801
20260606	agri_aa_oil__Silkingtime	genotype_population_elasticnet	test	321	69	69	0.23530144553622856	0.5116459612271158	0.387485157367154	2.6167039175069076	3.2854445329910145
20260606	agri_aa_oil__Silkingtime	genotype_population_small_mlp	test	321	69	69	0.38454148760905904	0.6367929717692676	0.6252123895639294	2.2757806085723167	2.947463232742415
20260606	agri_aa_oil__Oil_SFA_USFA	population_ridge	test	309	63	63	0.23718181041924935	0.49559719716076156	0.47940668202764974	0.018307817524048503	0.02245787791371901
20260606	agri_aa_oil__Oil_SFA_USFA	genotype_population_ridge	test	309	63	63	0.3015223638387541	0.5704880936826382	0.56946044546851	0.016958877577232974	0.02148990269931377
20260606	agri_aa_oil__Oil_SFA_USFA	genotype_population_elasticnet	test	309	63	63	0.22454210197914748	0.5293217083945	0.4950076804915514	0.01761396608600054	0.022643174225737056
20260606	agri_aa_oil__Oil_SFA_USFA	genotype_population_small_mlp	test	309	63	63	0.16369944633207056	0.4964842752183405	0.47412634408602156	0.017948492977838966	0.02351469708468532
20260606	agri_aa_oil__Oil_C160_C180	population_ridge	test	309	63	63	0.0873521614657129	0.3357536732718731	0.34192588325652845	1.245219348307304	1.5343514054564624
20260606	agri_aa_oil__Oil_C160_C180	genotype_population_ridge	test	309	63	63	0.2995522818594949	0.5888001522563537	0.5734447004608295	1.0691961565545312	1.3441913089854431
20260606	agri_aa_oil__Oil_C160_C180	genotype_population_elasticnet	test	309	63	63	0.382917606168503	0.6689313963402185	0.5936059907834101	1.037958523230066	1.2616671587061186
20260606	agri_aa_oil__Oil_C160_C180	genotype_population_small_mlp	test	309	63	63	0.06513680241313413	0.5539291742619099	0.5213133640552996	1.1911173897889598	1.552913453341395
20260606	agri_aa_oil__Oil_C181_C182	population_ridge	test	309	63	63	-0.05830006986001823	0.15655997269409835	0.15754608294930877	0.12821382008112828	0.16637375847962396
20260606	agri_aa_oil__Oil_C181_C182	genotype_population_ridge	test	309	63	63	0.20292665715007052	0.4505972445088994	0.4932795698924732	0.10738754637291673	0.14438748699641207
20260606	agri_aa_oil__Oil_C181_C182	genotype_population_elasticnet	test	309	63	63	0.12215766316006393	0.36110139664121055	0.3404377880184332	0.11607992649860784	0.1515265294965094
20260606	agri_aa_oil__Oil_C181_C182	genotype_population_small_mlp	test	309	63	63	0.06726753933769314	0.4688151826537808	0.47172619047619047	0.12514216617009066	0.15619206290763168
20260606	agri_aa_oil__Leafnumberaboveear	population_ridge	test	321	69	69	0.2310752729125347	0.5031693174335593	0.4494702228717574	0.4553372359120903	0.5594291606289408
20260606	agri_aa_oil__Leafnumberaboveear	genotype_population_ridge	test	321	69	69	0.26420366410086293	0.5359601922145136	0.49627329192546593	0.45474621482505156	0.5472452458310443
20260606	agri_aa_oil__Leafnumberaboveear	genotype_population_elasticnet	test	321	69	69	0.32435379344608195	0.6177168783140129	0.5774570697844356	0.42849399250870335	0.5244002116578669
20260606	agri_aa_oil__Leafnumberaboveear	genotype_population_small_mlp	test	321	69	69	0.14883705906088662	0.4520636230592582	0.44092071611253203	0.47335495080521217	0.5885854746121028
20260606	agri_aa_oil__Earleaflength	population_ridge	test	321	69	69	0.2317577641785411	0.4891225377268174	0.4319549868191413	5.251827519429793	6.364406633802876
20260606	agri_aa_oil__Earleaflength	genotype_population_ridge	test	321	69	69	0.2792924915240338	0.5375094562273967	0.49925556501502705	4.9487026724803	6.1643651026517405
20260606	agri_aa_oil__Earleaflength	genotype_population_elasticnet	test	321	69	69	0.2409240224128294	0.4946253154135798	0.4427333096029558	5.041688818613831	6.326324339048553
20260606	agri_aa_oil__Earleaflength	genotype_population_small_mlp	test	321	69	69	0.26132769724443083	0.5491186672178546	0.5394093844706612	5.175921406268538	6.240720570067474
20260606	agri_aa_oil__Oil_C18_3	population_ridge	test	309	63	63	0.07578255172615411	0.28212897782474194	0.21750192012288785	0.00836282361731124	0.010182638877931515
20260606	agri_aa_oil__Oil_C18_3	genotype_population_ridge	test	309	63	63	0.3123018486844741	0.6621936539717542	0.6378648233486943	0.007054760340728258	0.008783592693832365
20260606	agri_aa_oil__Oil_C18_3	genotype_population_elasticnet	test	309	63	63	0.22845372166730016	0.5317589580040486	0.6147753456221198	0.0074127619012022625	0.009303668995273783
20260606	agri_aa_oil__Oil_C18_3	genotype_population_small_mlp	test	309	63	63	0.2341937654898274	0.49680210549556697	0.5043682795698925	0.00718663164969746	0.009268996308494707
20260606	agri_aa_oil__Oil_C22_0P	population_ridge	test	309	63	63	0.0626228603121749	0.28510218273206545	0.23982334869431646	0.03876289694442038	0.05024220885124358
20260606	agri_aa_oil__Oil_C22_0P	genotype_population_ridge	test	309	63	63	0.2822605706356758	0.5361997216499134	0.4874231950844855	0.034835984742987186	0.04396377211591954
20260606	agri_aa_oil__Oil_C22_0P	genotype_population_elasticnet	test	309	63	63	0.15655504716584345	0.4751818585012836	0.4555491551459294	0.03654274076815326	0.04765845041270873
20260606	agri_aa_oil__Oil_C22_0P	genotype_population_small_mlp	test	309	63	63	0.18974499314144733	0.5169327079848302	0.48439900153609833	0.03696929595899462	0.046711348735230945
20260606	agri_aa_oil__Plantheight	population_ridge	test	321	69	69	0.13588527501187064	0.4578372162672416	0.36287906466934605	16.519805134941848	19.6906974207226
20260606	agri_aa_oil__Plantheight	genotype_population_ridge	test	321	69	69	0.2622410143737621	0.5311952742448678	0.5500548045305079	14.393076101842246	18.194186810778177
20260606	agri_aa_oil__Plantheight	genotype_population_elasticnet	test	321	69	69	0.3250898548548232	0.5899197289898068	0.5745706978443551	14.079191672263306	17.401968328575457
20260606	agri_aa_oil__Plantheight	genotype_population_small_mlp	test	321	69	69	0.17863935998600056	0.4976036019893579	0.48852758494702236	15.322603509375988	19.197396701975045
20260606	agri_aa_oil__AA_Arg	population_ridge	test	287	62	62	0.08920719886824635	0.30951653796934536	0.29938807886983454	0.9756418905030128	1.260927593738668
20260606	agri_aa_oil__AA_Arg	genotype_population_ridge	test	287	62	62	0.17568518337688643	0.42449137414884847	0.44257258694064616	0.9236460272682795	1.1995736217706265
20260606	agri_aa_oil__AA_Arg	genotype_population_elasticnet	test	287	62	62	0.2045069923585492	0.4545616799001816	0.4699705371307698	0.897601650040378	1.1784157473531223
20260606	agri_aa_oil__AA_Arg	genotype_population_small_mlp	test	287	62	62	0.030464223480085928	0.36205793542412057	0.3146986980937272	1.0237229233899297	1.3009549978532986
20260606	metabolite__Uracil_E1	population_ridge	test	226	50	50	0.1327227066043598	0.4003637741848861	0.42778591606172583	21036.395844826115	26385.270466608083
20260606	metabolite__Uracil_E1	genotype_population_ridge	test	226	50	50	0.09968304817148699	0.3558036941704518	0.3506615131435476	22214.372862612036	26883.15747418073
20260606	metabolite__Uracil_E1	genotype_population_elasticnet	test	226	50	50	0.011084288120600583	0.29672201659993863	0.3313083784137681	22696.436879527657	28174.888161511153
20260606	metabolite__Uracil_E1	genotype_population_small_mlp	test	226	50	50	-0.18522806781975776	0.37500771447509396	0.35157394381318985	24324.572348437625	30844.9113303812
20260606	agri_aa_oil__Oil_C20_0P	population_ridge	test	309	63	63	0.08609891911214229	0.295750818422387	0.21649385560675885	0.0762651868034843	0.09598729253896407
20260606	agri_aa_oil__Oil_C20_0P	genotype_population_ridge	test	309	63	63	0.268804883482315	0.5425340571998268	0.51747311827957	0.0696269381041523	0.08585800392610125
20260606	agri_aa_oil__Oil_C20_0P	genotype_population_elasticnet	test	309	63	63	0.2878820862952577	0.5633026789469012	0.5472350230414748	0.06560579943182353	0.08473056489928434
20260606	agri_aa_oil__Oil_C20_0P	genotype_population_small_mlp	test	309	63	63	0.12198269034460174	0.48249747127268755	0.47225422427035335	0.07463137628568085	0.09408398096902156
20260606	metabolite__5_Hydroxyindoleacetic_acid_E1	population_ridge	test	226	50	50	0.0706037424261331	0.27875598316087385	0.20912364945978393	3209729.087136582	3899452.4533999404
20260606	metabolite__5_Hydroxyindoleacetic_acid_E1	genotype_population_ridge	test	226	50	50	0.1929450496386561	0.4482674863593978	0.49310924369747894	2948720.2076952006	3633747.3034213777
20260606	metabolite__5_Hydroxyindoleacetic_acid_E1	genotype_population_elasticnet	test	226	50	50	0.17118647807343068	0.45708772448565965	0.45421368547418967	3009831.3301515114	3682405.271166666
20260606	metabolite__5_Hydroxyindoleacetic_acid_E1	genotype_population_small_mlp	test	226	50	50	0.03802234416513728	0.4254563064140221	0.4422088835534213	2977649.1976136756	3967214.311157604
20260606	agri_aa_oil__Earleafwidth	population_ridge	test	321	69	69	0.02700613452677514	0.1983524493620374	0.24278407014979905	0.5807520657842	0.7066903917216444
20260606	agri_aa_oil__Earleafwidth	genotype_population_ridge	test	321	69	69	0.10112351490341853	0.3402887259648862	0.28165875045670447	0.5398711413770585	0.6792413949149934
20260606	agri_aa_oil__Earleafwidth	genotype_population_elasticnet	test	321	69	69	0.05927130070142261	0.3766559255951094	0.3183412495432956	0.5430585890715087	0.6948744323758549
20260606	agri_aa_oil__Earleafwidth	genotype_population_small_mlp	test	321	69	69	-0.17573708485097717	0.3750172192393185	0.3403361344537815	0.5940044434494091	0.776835822198883
20260606	agri_aa_oil__Oil_C16_1P	population_ridge	test	309	63	63	0.06421922083837828	0.29841167013875775	0.2711693548387097	0.02963172678942443	0.0393365619064927
20260606	agri_aa_oil__Oil_C16_1P	genotype_population_ridge	test	309	63	63	0.23337106616157566	0.497916466625783	0.5238095238095238	0.02612102648307024	0.035604258200401966
20260606	agri_aa_oil__Oil_C16_1P	genotype_population_elasticnet	test	309	63	63	0.17452201235970832	0.4605994226585027	0.47206221198156684	0.02674113307674629	0.03694554582728994
20260606	agri_aa_oil__Oil_C16_1P	genotype_population_small_mlp	test	309	63	63	-0.013649857977222402	0.36553197559709544	0.3060195852534562	0.02964238257977882	0.04094051681311542
20260606	agri_aa_oil__Eardiameter	population_ridge	test	321	69	69	0.018951883324616503	0.34527364250319664	0.31887393930759617	0.2324163400107774	0.2800490727953327
20260606	agri_aa_oil__Eardiameter	genotype_population_ridge	test	321	69	69	0.17305256473366237	0.48519138438856896	0.4198613432888275	0.20639691816620387	0.25711530977731833
20260606	agri_aa_oil__Eardiameter	genotype_population_elasticnet	test	321	69	69	0.16192735534989744	0.5136803397308534	0.43862293227014515	0.208778641505762	0.2588390621085193
20260606	agri_aa_oil__Eardiameter	genotype_population_small_mlp	test	321	69	69	0.11513823220959996	0.5438176125417694	0.5042976278766079	0.20002959437002585	0.2659663543635136
20260606	agri_aa_oil__Oil_C24_0	population_ridge	test	309	63	63	0.08124460216893681	0.29001510106398753	0.28461021505376344	0.0021581261952516185	0.0028519261039929244
20260606	agri_aa_oil__Oil_C24_0	genotype_population_ridge	test	309	63	63	0.12550655584944082	0.35461730947918935	0.3420218894009217	0.0020373257573218103	0.002782380977856985
20260606	agri_aa_oil__Oil_C24_0	genotype_population_elasticnet	test	309	63	63	0.1557184586654885	0.39462901625971675	0.4067780337941629	0.0019927616078072464	0.0027338958371286026
20260606	agri_aa_oil__Oil_C24_0	genotype_population_small_mlp	test	309	63	63	-0.02814148179879039	0.3093374702332323	0.276449692780338	0.002281242568554554	0.003016926691789948
20260606	agri_aa_oil__Oil_C220_C240	population_ridge	test	309	63	63	0.008092989453731825	0.21243067592919224	0.24855990783410137	0.10435108639292835	0.14926886247319374
20260606	agri_aa_oil__Oil_C220_C240	genotype_population_ridge	test	309	63	63	0.16482160144359537	0.43870994368671334	0.4901593701996928	0.09555718166382339	0.1369693421356944
20260606	agri_aa_oil__Oil_C220_C240	genotype_population_elasticnet	test	309	63	63	0.11184474509264697	0.45294677999400124	0.4495007680491552	0.09976656781168669	0.14124666037930228
20260606	agri_aa_oil__Oil_C220_C240	genotype_population_small_mlp	test	309	63	63	0.17575919859817868	0.4757384362903319	0.5525633640552995	0.09534703497681755	0.13606950280348015
20260606	agri_aa_oil__Earheight	population_ridge	test	321	69	69	0.06319595116523835	0.2800172412836946	0.27373036170990134	11.133300161363323	14.411132853120368
20260606	agri_aa_oil__Earheight	genotype_population_ridge	test	321	69	69	0.18975398676742927	0.4559794294634032	0.4847643405188163	9.871145463288686	13.402388218664013
20260606	agri_aa_oil__Earheight	genotype_population_elasticnet	test	321	69	69	0.25561022253017496	0.5309608127288062	0.5525758129338693	9.281420157741572	12.84617821079343
20260606	agri_aa_oil__Earheight	genotype_population_small_mlp	test	321	69	69	0.09954998136467819	0.392046506259226	0.4013153087321886	10.430817040521028	14.128743734769282
20260606	metabolite__L_Arginine_E1	population_ridge	test	226	50	50	0.10654720259875428	0.3301667038744888	0.34661928583954055	4988523.569711575	6304850.724498841
20260606	metabolite__L_Arginine_E1	genotype_population_ridge	test	226	50	50	0.10301193927474328	0.4054101964783336	0.3494525551474559	4961806.061220099	6317312.100308816
20260606	metabolite__L_Arginine_E1	genotype_population_elasticnet	test	226	50	50	0.12934136226242798	0.3974528345732701	0.3773530546033679	4829390.564676671	6223905.0499362005
20260606	metabolite__L_Arginine_E1	genotype_population_small_mlp	test	226	50	50	-0.07594341993041231	0.2890440360622013	0.1513157896481563	5713424.691153789	6918846.87410058
20260606	agri_aa_oil__Kernernumberperrow	population_ridge	test	321	69	69	0.10321260482412176	0.3716583590819611	0.3397363878145727	1.7608761986965267	2.2468317138017277
20260606	agri_aa_oil__Kernernumberperrow	genotype_population_ridge	test	321	69	69	0.10929874837783893	0.34687120276771605	0.3390604590976216	1.799170268116034	2.23919455229564
20260606	agri_aa_oil__Kernernumberperrow	genotype_population_elasticnet	test	321	69	69	0.11894486674091409	0.4714925340813225	0.4710309739963942	1.7639665039696257	2.227036528409367
20260606	agri_aa_oil__Kernernumberperrow	genotype_population_small_mlp	test	321	69	69	-0.20497947370137148	0.2603366365153145	0.26925711781464684	2.027637670626988	2.6044475877319657
20260606	metabolite__Indole_3_carboxyaldehyde_E1	population_ridge	test	226	50	50	-0.050838980237999154	0.14348125742394988	0.10262936801068145	77204.41395441761	108367.18365148187
20260606	metabolite__Indole_3_carboxyaldehyde_E1	genotype_population_ridge	test	226	50	50	0.12515989244414427	0.4780125354816207	0.4279025123889432	69836.85408453183	98876.71791989908
20260606	metabolite__Indole_3_carboxyaldehyde_E1	genotype_population_elasticnet	test	226	50	50	-0.0532583003607312			77314.38938053098	108491.8574534458
20260606	metabolite__Indole_3_carboxyaldehyde_E1	genotype_population_small_mlp	test	226	50	50	0.09973272007097378	0.4266938207746647	0.38304718729676895	73851.76686438647	100303.34870992362
20260606	agri_aa_oil__Oil_C180_C200	population_ridge	test	309	63	63	0.09689558690350819	0.390918709649368	0.269489247311828	0.5621806755002339	0.6735256076130972
20260606	agri_aa_oil__Oil_C180_C200	genotype_population_ridge	test	309	63	63	0.24004902847964826	0.5087255383082714	0.4405721966205837	0.5024841314505943	0.6178426966661865
20260606	agri_aa_oil__Oil_C180_C200	genotype_population_elasticnet	test	309	63	63	0.14889572399849949	0.4705121441891065	0.39564132104454686	0.5411643126156338	0.6538475734525742
20260606	agri_aa_oil__Oil_C180_C200	genotype_population_small_mlp	test	309	63	63	0.06446967296524642	0.45738829291240934	0.46034946236559143	0.4988538594805082	0.6855104275541379
20260606	agri_aa_oil__100grainweight	population_ridge	test	319	69	69	0.012913258731285016	0.15293234948197143	0.12141252125740355	1.948180146592522	2.438861213868946
20260606	agri_aa_oil__100grainweight	genotype_population_ridge	test	319	69	69	0.2144646280275846	0.48320278934651706	0.4356491715957421	1.777792981910612	2.1756663794803823
20260606	agri_aa_oil__100grainweight	genotype_population_elasticnet	test	319	69	69	0.05707938016783998	0.24528899219495526	0.3087926341880668	1.8897149523807957	2.3836747402733316
20260606	agri_aa_oil__100grainweight	genotype_population_small_mlp	test	319	69	69	-0.06653812310153873	0.3431922533457281	0.3201921847846091	1.988839340568316	2.5351147358265895
20260606	agri_aa_oil__Oil_C200_C201	population_ridge	test	309	63	63	0.019443749241548458	0.17403615729788216	0.1433851766513057	0.21005116840558039	0.26242686251128605
20260606	agri_aa_oil__Oil_C200_C201	genotype_population_ridge	test	309	63	63	0.05849914165735681	0.26697180771028733	0.23223886328725038	0.2073350318518009	0.2571475506949354
20260606	agri_aa_oil__Oil_C200_C201	genotype_population_elasticnet	test	309	63	63	0.02048464093758995	0.20891292697930217	0.15120967741935484	0.21156582071738325	0.26228753829007967
20260606	agri_aa_oil__Oil_C200_C201	genotype_population_small_mlp	test	309	63	63	-0.22857024376018265	0.18494290011585166	0.2241743471582181	0.23519500106651847	0.29374604510075597
20260606	agri_aa_oil__cobweight	population_ridge	test	320	69	69	0.03577110079371726	0.33628798147583006	0.12842528315674095	3.038354368969954	3.9068055633970116
20260606	agri_aa_oil__cobweight	genotype_population_ridge	test	320	69	69	0.15269111822515258	0.40646021588922865	0.4085860431128974	2.751894878094412	3.662288936961201
20260606	agri_aa_oil__cobweight	genotype_population_elasticnet	test	320	69	69	0.10665166120114278	0.3757208400327521	0.39130434782608703	2.8956077029693357	3.760470124440539
20260606	agri_aa_oil__cobweight	genotype_population_small_mlp	test	320	69	69	0.10011967772226604	0.4704896978182908	0.43043478260869567	2.991414276295454	3.7741929862491745
20260606	metabolite__Glutathione_E1	population_ridge	test	226	50	50	0.11119240111609241	0.34000870052454124	0.3524779105101451	900925.2412228695	1282597.7120369307
20260606	metabolite__Glutathione_E1	genotype_population_ridge	test	226	50	50	0.15354659420301564	0.3922047481003669	0.3173261624865175	899560.1347134231	1251665.0041303462
20260606	metabolite__Glutathione_E1	genotype_population_elasticnet	test	226	50	50	0.13413203944365226	0.37612403557425766	0.24875144093222776	889469.6411357665	1265937.9414939466
20260606	metabolite__Glutathione_E1	genotype_population_small_mlp	test	226	50	50	-0.27377631450699313	0.18971135180716298	0.2798693818056029	1036726.1957796834	1535441.1158461184
20260606	agri_aa_oil__Oil_C20_1P	population_ridge	test	309	63	63	0.04732941124625345	0.2735996425685894	0.24337557603686635	0.0387303319707726	0.04932904222148314
20260606	agri_aa_oil__Oil_C20_1P	genotype_population_ridge	test	309	63	63	0.15092911907190376	0.3960243933511837	0.37418394777265745	0.035552696502700244	0.04656968258573415
20260606	agri_aa_oil__Oil_C20_1P	genotype_population_elasticnet	test	309	63	63	0.09525069999602032	0.3298890835987732	0.2692492319508449	0.03699840526435349	0.04807235877595493
20260606	agri_aa_oil__Oil_C20_1P	genotype_population_small_mlp	test	309	63	63	-0.06300079659930446	0.381349977547608	0.38575268817204295	0.039963840860664145	0.052107243499491876
20260606	agri_aa_oil__Oil_C18_0P	population_ridge	test	309	63	63	-0.02691286746077015	0.18190136256862288	0.21899001536098311	0.2941009643835952	0.3495459514140106
20260606	agri_aa_oil__Oil_C18_0P	genotype_population_ridge	test	309	63	63	0.11556482374814248	0.39709673492536485	0.3852246543778802	0.26784471879517346	0.32439225902524305
20260606	agri_aa_oil__Oil_C18_0P	genotype_population_elasticnet	test	309	63	63	0.08803270966832688	0.39176668599707765	0.40793010752688175	0.27770469788506263	0.3294026656444593
20260606	agri_aa_oil__Oil_C18_0P	genotype_population_small_mlp	test	309	63	63	-0.24245265783787695	0.4009285373038774	0.40452188940092165	0.29065668031617015	0.3844832311119075
20260606	metabolite__Pro_Leu_E1	population_ridge	test	226	50	50	0.10795575222481213	0.33203927834053026	0.3051726678476404	376945.10890556214	502145.2781175471
20260606	metabolite__Pro_Leu_E1	genotype_population_ridge	test	226	50	50	0.15461057018857827	0.4229705167985651	0.36549638059813405	348900.34990814683	488837.586648079
20260606	metabolite__Pro_Leu_E1	genotype_population_elasticnet	test	226	50	50	0.14035866092597682	0.43968131937002003	0.3477738885559906	360734.1857477338	492940.8738740829
20260606	metabolite__Pro_Leu_E1	genotype_population_small_mlp	test	226	50	50	0.06389028799030894	0.3843766841984737	0.4235147285301374	351804.4228643895	514398.34206513636
20260606	agri_aa_oil__Earlength	population_ridge	test	321	69	69	0.00859188909476405	0.17669863904427527	0.10208257215929852	0.9145023629763805	1.1724882326622768
20260606	agri_aa_oil__Earlength	genotype_population_ridge	test	321	69	69	0.14922855275426627	0.3893683735498327	0.406832298136646	0.8666552435049424	1.0861472625646125
20260606	agri_aa_oil__Earlength	genotype_population_elasticnet	test	321	69	69	0.06787895001143396	0.29118894045534827	0.23127511874314946	0.897625064250803	1.1368899222496702
20260606	agri_aa_oil__Earlength	genotype_population_small_mlp	test	321	69	69	-0.06150959184759941	0.38091324279966954	0.3609426379247352	0.9768482973918916	1.2132330159309237
20260606	metabolite__Feruloylserotonin_E1	population_ridge	test	226	50	50	0.11668655113060977	0.3419928439666889	0.10060265555494115	16256.042740345494	24916.831792015557
20260606	metabolite__Feruloylserotonin_E1	genotype_population_ridge	test	226	50	50	0.18874028352300665	0.4366601257631595	0.2710749358509035	15584.711967489655	23878.957064853035
20260606	metabolite__Feruloylserotonin_E1	genotype_population_elasticnet	test	226	50	50	0.10880570570593595	0.34557811408344846	0.256572786935585	15895.050300799194	25027.737866012027
20260606	metabolite__Feruloylserotonin_E1	genotype_population_small_mlp	test	226	50	50	-0.8804945059493903	0.09281014011325049	0.16571826459193406	29634.643565175338	36355.60979001799
20260606	metabolite__Trigonelline_E1	population_ridge	test	226	50	50	0.08485785622223252	0.309111315308151	0.2223876299145071	1684580.5219940864	2166561.653874095
20260606	metabolite__Trigonelline_E1	genotype_population_ridge	test	226	50	50	0.0979379636053801	0.3134391824421963	0.28616020009944887	1629582.3253373362	2151022.619226457
20260606	metabolite__Trigonelline_E1	genotype_population_elasticnet	test	226	50	50	0.006245758751286412	0.160029517445244	0.2085574339707848	1718547.089003362	2257700.2027304284
20260606	metabolite__Trigonelline_E1	genotype_population_small_mlp	test	226	50	50	-0.6503350644606234	-0.023671070291117986	-0.004417979259800184	2300833.5392700676	2909462.9958335627
20260606	metabolite__IAA_E1	population_ridge	test	226	50	50	0.003309229847274886	0.13851149250293382	0.15823088762001747	985190.9344930538	1497501.67182956
20260606	metabolite__IAA_E1	genotype_population_ridge	test	226	50	50	0.1242877752474012	0.38869174530638445	0.40448520984018427	947762.5136457065	1403679.0040402242
20260606	metabolite__IAA_E1	genotype_population_elasticnet	test	226	50	50	-0.006459389562321061			990512.2123893804	1504822.3249263281
20260606	metabolite__IAA_E1	genotype_population_small_mlp	test	226	50	50	0.12648611654906838	0.39444040354683546	0.40232424172397757	961306.7015310839	1401916.0364456796
20260606	agri_aa_oil__AA_Asp	population_ridge	test	287	62	62	-0.11139868780958251	0.011428283258008199	0.0849386819772859	1.1857243685184538	1.5952357270894975
20260606	agri_aa_oil__AA_Asp	genotype_population_ridge	test	287	62	62	0.09280331095985905	0.32126723881495545	0.29777643474100374	1.1025459795563752	1.4412544326631442
20260606	agri_aa_oil__AA_Asp	genotype_population_elasticnet	test	287	62	62	0.04100708180384116	0.21510774741706826	0.2475132834730931	1.1040864036690936	1.4818274234034434
20260606	agri_aa_oil__AA_Asp	genotype_population_small_mlp	test	287	62	62	-0.20626950501215724	0.23895369333852415	0.20928709929238754	1.3210534346935348	1.661927607037529
20260606	metabolite__Malvidin_3_O_hexoside_E2	population_ridge	test	226	50	50	-0.12265023145455034	-0.09002606735367731	-0.017098122403802325	81926.54090131317	104615.11912455123
20260606	metabolite__Malvidin_3_O_hexoside_E2	genotype_population_ridge	test	226	50	50	-0.19566841731127838	-0.017749877100476513	0.027904519990475146	81385.7285635888	107963.65971956249
20260606	metabolite__Malvidin_3_O_hexoside_E2	genotype_population_elasticnet	test	226	50	50	-0.11823520427027923	-0.03956275556519724	-0.003217905059142573	81459.1302554537	104409.20744231567
20260606	metabolite__Malvidin_3_O_hexoside_E2	genotype_population_small_mlp	test	226	50	50	-1.3225302161007013	-0.15455165304647414	-0.14216416380689573	110187.43193868324	150471.03396176553
20260606	metabolite__Gluconolactone_E2	population_ridge	test	226	50	50	0.10434681638873167	0.32506659467617105	0.18198847787046188	161629.38725125807	215884.2817918781
20260606	metabolite__Gluconolactone_E2	genotype_population_ridge	test	226	50	50	0.0766141354159493	0.28467131731023143	0.17026897705220043	161120.21544179425	219201.08383534552
20260606	metabolite__Gluconolactone_E2	genotype_population_elasticnet	test	226	50	50	0.11122487556114835	0.33634890249928595	0.1735350674441749	153200.2403259309	215053.75575791334
20260606	metabolite__Gluconolactone_E2	genotype_population_small_mlp	test	226	50	50	-0.4186930740112704	0.22193939176762958	0.12483189601090801	223489.62270894463	271703.5485203833
20260606	agri_aa_oil__AA_Thr	population_ridge	test	287	62	62	-0.07027163271753967	-0.08772879101012453	0.025257485331520235	0.46825581375991354	0.6278996205558135
20260606	agri_aa_oil__AA_Thr	genotype_population_ridge	test	287	62	62	0.012478683983860095	0.173933206047253	0.158822492508373	0.45511435947434853	0.603137668239922
20260606	agri_aa_oil__AA_Thr	genotype_population_elasticnet	test	287	62	62	0.026113236781055593	0.18976240182780044	0.16733398806376068	0.44853182130974095	0.5989594823626226
20260606	agri_aa_oil__AA_Thr	genotype_population_small_mlp	test	287	62	62	-0.3065102711261478	0.11741326275312147	0.07647755030092418	0.5239446771076098	0.6937446187415941
20260606	agri_aa_oil__AA_Phe	population_ridge	test	287	62	62	-0.07953417998649104	-0.1521353687578471	-0.10382513661202185	0.9172504945288898	1.1397872473442456
20260606	agri_aa_oil__AA_Phe	genotype_population_ridge	test	287	62	62	0.12908941141548913	0.366014009763623	0.3353982523733978	0.829131841087549	1.0237463825459256
20260606	agri_aa_oil__AA_Phe	genotype_population_elasticnet	test	287	62	62	0.07324741113340394	0.294802136946437	0.30729520787691067	0.8423048497413871	1.05605733834743
20260606	agri_aa_oil__AA_Phe	genotype_population_small_mlp	test	287	62	62	-0.11779036010574573	0.34266888586053196	0.26831356551081564	0.9510416088178139	1.1598071312539815
20260606	agri_aa_oil__AA_His	population_ridge	test	287	62	62	0.025489127460838423	0.18949358650945342	0.21422275943693184	0.4234545813883843	0.5899863639300196
20260606	agri_aa_oil__AA_His	genotype_population_ridge	test	287	62	62	0.11156735734014156	0.33708679352860765	0.2617662612374405	0.4158510690012112	0.5633274097506908
20260606	agri_aa_oil__AA_His	genotype_population_elasticnet	test	287	62	62	0.09558104702522852	0.34949767598775855	0.30694266072372894	0.405637483370986	0.5683730236701663
20260606	agri_aa_oil__AA_His	genotype_population_small_mlp	test	287	62	62	-0.4361961892663535	0.13406668642042247	0.06464203872982296	0.5545506561304856	0.7162349587791084
20260606	metabolite__Feruloyltryptamine_E1	population_ridge	test	226	50	50	-0.08211268777470915	0.03506070296384265	0.061514081988486694	13730814.870360952	18054362.286885187
20260606	metabolite__Feruloyltryptamine_E1	genotype_population_ridge	test	226	50	50	-0.011054769726191793	0.19597619322393695	0.25537227791941625	13283538.754173247	17451519.60751628
20260606	metabolite__Feruloyltryptamine_E1	genotype_population_elasticnet	test	226	50	50	0.0624339594316774	0.3490376837816182	0.39645609749956756	12753374.809863474	16805322.169048306
20260606	metabolite__Feruloyltryptamine_E1	genotype_population_small_mlp	test	226	50	50	-0.4864907828185636	0.1660050456792609	0.22646402081007275	17348825.58675134	21160553.269741446
20260606	metabolite__N_Coumaroyltryptamine_E1	population_ridge	test	226	50	50	-0.07796718646681189	0.007063584437022187	0.12249994000985912	9640430.987330766	12800814.37948419
20260606	metabolite__N_Coumaroyltryptamine_E1	genotype_population_ridge	test	226	50	50	-0.03376377209797865	0.141855368228317	0.227760570547535	9347191.378606737	12535610.33370242
20260606	metabolite__N_Coumaroyltryptamine_E1	genotype_population_elasticnet	test	226	50	50	0.0007351497273370144	0.17136496643880833	0.265216451852	9082952.156569928	12324665.330905098
20260606	metabolite__N_Coumaroyltryptamine_E1	genotype_population_small_mlp	test	226	50	50	-0.4242464544179789	0.17812908246676873	0.21013709819017778	11251580.905331254	14713886.546386043
20260606	agri_aa_oil__AA_Pro	population_ridge	test	287	62	62	-0.025334159789498933	0.0081612421958564	0.045453400820931224	1.3988494610239552	1.8800706535455645
20260606	agri_aa_oil__AA_Pro	genotype_population_ridge	test	287	62	62	0.1282118168735803	0.36555736500860764	0.28820729772607084	1.3462770460719684	1.7335922077343457
20260606	agri_aa_oil__AA_Pro	genotype_population_elasticnet	test	287	62	62	0.05773925759565646	0.27057727096959266	0.24912492760192387	1.3460313747764607	1.8022996814197394
20260606	agri_aa_oil__AA_Pro	genotype_population_small_mlp	test	287	62	62	-0.2302826934940747	0.20693160107508723	0.09224144443605047	1.654430898391982	2.0594152037940208
20260606	metabolite__Norcinnamolaurine_E1	population_ridge	test	226	50	50	0.05324767040630629	0.24987591270776915	0.2282407741540025	6252039.385544794	8601115.23975628
20260606	metabolite__Norcinnamolaurine_E1	genotype_population_ridge	test	226	50	50	0.005851186584116319	0.17726641025917805	0.24970587536309974	6243167.731746985	8813781.392079925
20260606	metabolite__Norcinnamolaurine_E1	genotype_population_elasticnet	test	226	50	50	0.05010308945249642	0.2251699194228693	0.2858652069301025	5900034.19253529	8615387.44214452
20260606	metabolite__Norcinnamolaurine_E1	genotype_population_small_mlp	test	226	50	50	-0.7410580828766391	0.054632724671846954	0.22828879451464926	8982150.302070692	11663884.357000414
20260606	agri_aa_oil__Kernelthickness	population_ridge	test	320	69	69	0.040352322772142735	0.2613926557582213	0.18818736539288852	0.23336395669875185	0.2857865988123441
20260606	agri_aa_oil__Kernelthickness	genotype_population_ridge	test	320	69	69	0.27796707853713776	0.5680965008780936	0.5954181742437651	0.19912169610158353	0.24789310745522233
20260606	agri_aa_oil__Kernelthickness	genotype_population_elasticnet	test	320	69	69	0.11575574786676468	0.4828420237015201	0.5154006360998128	0.22433548761121094	0.27432922360034306
20260606	agri_aa_oil__Kernelthickness	genotype_population_small_mlp	test	320	69	69	0.07988129332646265	0.4890094866933608	0.4824071032486763	0.21997445764276638	0.27983876906672256
20260606	metabolite__Norcinnamolaurine_E2	population_ridge	test	226	50	50	0.04473004409561698	0.21970485058115896	0.031551649763744964	11215515.51417529	16077561.457200455
20260606	metabolite__Norcinnamolaurine_E2	genotype_population_ridge	test	226	50	50	0.026422202689091012	0.16630241663081993	0.039427556249672174	11253406.895125113	16230894.296902478
20260606	metabolite__Norcinnamolaurine_E2	genotype_population_elasticnet	test	226	50	50	0.0198788103858919	0.15735035534349337	-0.10214666521687299	11564034.540153036	16285346.67646837
20260606	metabolite__Norcinnamolaurine_E2	genotype_population_small_mlp	test	226	50	50	-0.8077414894776198	0.021175209885754623	0.04058012793053956	15756544.593867984	22116952.31973292
20260606	metabolite__L_Glutamic_acid_E1	population_ridge	test	226	50	50	-0.04869528602295348	-0.036106700363626426	-0.09255079177563788	2384416.7716672756	3056019.5921192085
20260606	metabolite__L_Glutamic_acid_E1	genotype_population_ridge	test	226	50	50	0.0327576148873886	0.3897866694685347	0.19874165872734278	2307054.1105108494	2934939.3828127217
20260606	metabolite__L_Glutamic_acid_E1	genotype_population_elasticnet	test	226	50	50	-0.048891822486965886			2381580.530973451	3056305.943719452
20260606	metabolite__L_Glutamic_acid_E1	genotype_population_small_mlp	test	226	50	50	-0.4078906433085281	0.2449155808039817	0.22160319317737062	2716075.218264482	3540918.5547663993
20260607	agri_aa_oil__Oil_OIL	population_ridge	test	309	64	64	0.16133500420786995	0.4151808956005484	0.014880952380952378	0.9307812152057033	1.3013508090859056
20260607	agri_aa_oil__Oil_OIL	genotype_population_ridge	test	309	64	64	0.7535148776273317	0.8693603249874591	0.5065476190476189	0.5179210367481519	0.7054975069485778
20260607	agri_aa_oil__Oil_OIL	genotype_population_elasticnet	test	309	64	64	0.7359282580409305	0.8584239891470613	0.5362179487179487	0.5370379254693711	0.730232391132667
20260607	agri_aa_oil__Oil_OIL	genotype_population_small_mlp	test	309	64	64	0.2734235656540146	0.6836632830613474	0.3198260073260073	0.8735266637067686	1.2112695006768355
20260607	agri_aa_oil__Oil_C18_1	population_ridge	test	309	64	64	0.16645530022732824	0.4092086075889626	0.2358058608058608	0.45083588805322056	0.6283512571112522
20260607	agri_aa_oil__Oil_C18_1	genotype_population_ridge	test	309	64	64	0.6924269075692413	0.8333149147535932	0.5503205128205129	0.2963543545536795	0.3816912557602676
20260607	agri_aa_oil__Oil_C18_1	genotype_population_elasticnet	test	309	64	64	0.6838591948976009	0.8291845312044858	0.556639194139194	0.29740196828737586	0.3869709098628998
20260607	agri_aa_oil__Oil_C18_1	genotype_population_small_mlp	test	309	64	64	0.3088727406834132	0.6737557006146718	0.4402472527472527	0.41827814403946006	0.5721594199094395
20260607	agri_aa_oil__Oil_C18_2	population_ridge	test	309	64	64	0.1258558542512479	0.40909536018693166	0.023992673992673987	0.43941633300231797	0.5683286665456171
20260607	agri_aa_oil__Oil_C18_2	genotype_population_ridge	test	309	64	64	0.6673309531752691	0.8203111322935153	0.4338369963369963	0.27145434073572394	0.3506018736469615
20260607	agri_aa_oil__Oil_C18_2	genotype_population_elasticnet	test	309	64	64	0.6796082257694966	0.8274650225549073	0.4217490842490842	0.2580836848532123	0.3440715108341696
20260607	agri_aa_oil__Oil_C18_2	genotype_population_small_mlp	test	309	64	64	0.05084342970242084	0.6425974802549803	0.3393315018315018	0.4461877056273382	0.5922116750270394
20260607	agri_aa_oil__Oil_C20_1	population_ridge	test	309	64	64	0.17154625882417784	0.41590508827119976	0.21717032967032965	0.0035606245498276444	0.004771324686816615
20260607	agri_aa_oil__Oil_C20_1	genotype_population_ridge	test	309	64	64	0.5540466074331076	0.7458286463071845	0.5184523809523809	0.0025578247677351326	0.0035006571248191592
20260607	agri_aa_oil__Oil_C20_1	genotype_population_elasticnet	test	309	64	64	0.5450765201713863	0.7413647775861788	0.4951923076923076	0.0026917534038370067	0.0035356886602609227
20260607	agri_aa_oil__Oil_C20_1	genotype_population_small_mlp	test	309	64	64	0.058826621508205945	0.5931365975672004	0.4402014652014652	0.003815306291864102	0.005085570235547962
20260607	agri_aa_oil__Oil_C20_0	population_ridge	test	309	64	64	0.15920537780816724	0.4000957250501724	0.23402014652014652	0.006058925585721412	0.007928190985601373
20260607	agri_aa_oil__Oil_C20_0	genotype_population_ridge	test	309	64	64	0.6792078554132279	0.8266034671677925	0.644551282051282	0.003962102858876304	0.004897122899880357
20260607	agri_aa_oil__Oil_C20_0	genotype_population_elasticnet	test	309	64	64	0.6764261716665695	0.8241593124011426	0.638598901098901	0.0040357738559545645	0.0049183092726058225
20260607	agri_aa_oil__Oil_C20_0	genotype_population_small_mlp	test	309	64	64	0.21975271802301222	0.6960740490724655	0.5622252747252747	0.005856951956321359	0.007637395361755786
20260607	agri_aa_oil__Oil_C18_0	population_ridge	test	309	64	64	0.2124843803694656	0.4661158980947969	0.32367216117216113	0.028549567175104273	0.04410627391675392
20260607	agri_aa_oil__Oil_C18_0	genotype_population_ridge	test	309	64	64	0.708196183509519	0.8496357302962378	0.5484890109890109	0.02008736472331589	0.026848267483261353
20260607	agri_aa_oil__Oil_C18_0	genotype_population_elasticnet	test	309	64	64	0.7082797409980407	0.8568118592490201	0.5034798534798534	0.019837220428065197	0.026844423231927463
20260607	agri_aa_oil__Oil_C18_0	genotype_population_small_mlp	test	309	64	64	0.3844255992913328	0.7150406647018284	0.4591575091575091	0.029950812380656062	0.03899519151128573
20260607	agri_aa_oil__Oil_C16_0	population_ridge	test	309	64	64	0.06379489061581789	0.2812634872125449	0.12165750915750913	0.12212894814396341	0.15418323488589836
20260607	agri_aa_oil__Oil_C16_0	genotype_population_ridge	test	309	64	64	0.5181615092484967	0.7294866159904454	0.4792124542124542	0.0889581585639442	0.11061203813484125
20260607	agri_aa_oil__Oil_C16_0	genotype_population_elasticnet	test	309	64	64	0.5041096767249923	0.7237932118244743	0.49761904761904757	0.09083135253192103	0.11221333415324447
20260607	agri_aa_oil__Oil_C16_0	genotype_population_small_mlp	test	309	64	64	0.02194442661353091	0.5703582080135241	0.3704212454212454	0.11283175480804024	0.15759172737768398
20260607	agri_aa_oil__Oil_C200_C220	population_ridge	test	309	64	64	0.05013475796952749	0.2565721325339981	0.21666666666666662	0.31246633268467594	0.43195126644636556
20260607	agri_aa_oil__Oil_C200_C220	genotype_population_ridge	test	309	64	64	0.4097499238781057	0.6507377217931687	0.4266025641025641	0.26106834237341714	0.3405036561674706
20260607	agri_aa_oil__Oil_C200_C220	genotype_population_elasticnet	test	309	64	64	0.36987895184543906	0.6156851446317795	0.3762820512820512	0.2726379674292464	0.3518161299897285
20260607	agri_aa_oil__Oil_C200_C220	genotype_population_small_mlp	test	309	64	64	-0.1250850220354618	0.46359227100098016	0.34258241758241753	0.34340937185488096	0.4701066830559065
20260607	agri_aa_oil__kernellength	population_ridge	test	321	69	69	0.37438218443826266	0.613787021620502	0.6279868469126781	0.5062689858354932	0.6202062680440071
20260607	agri_aa_oil__kernellength	genotype_population_ridge	test	321	69	69	0.5095950714420839	0.7383214163339435	0.7172451589331386	0.4389093318270605	0.5491095670252581
20260607	agri_aa_oil__kernellength	genotype_population_elasticnet	test	321	69	69	0.4063099894986467	0.6611651292044767	0.6551698940445744	0.4862924924629337	0.6041732155664538
20260607	agri_aa_oil__kernellength	genotype_population_small_mlp	test	321	69	69	-0.08320125186409966	0.4778779618966176	0.4805261234928755	0.6161951480041685	0.8160864629462661
20260607	agri_aa_oil__Oil_C182_C183	population_ridge	test	309	64	64	0.20473617352386042	0.4623986457893937	0.3504578754578754	6.406649299358467	7.643140937287275
20260607	agri_aa_oil__Oil_C182_C183	genotype_population_ridge	test	309	64	64	0.3148542960874432	0.5834462276109845	0.41918498168498164	5.746392536520141	7.094270161885627
20260607	agri_aa_oil__Oil_C182_C183	genotype_population_elasticnet	test	309	64	64	0.34421671370166773	0.5876058157301842	0.4429945054945054	5.790666740143296	6.940590565505549
20260607	agri_aa_oil__Oil_C182_C183	genotype_population_small_mlp	test	309	64	64	0.05910371190231645	0.5373857282772341	0.46254578754578746	6.450484479092366	8.313561833657984
20260607	agri_aa_oil__Oil_C18_3P	population_ridge	test	309	64	64	0.1872862980763761	0.44938882350680465	0.39853479853479845	0.2177822775279202	0.2804186199919457
20260607	agri_aa_oil__Oil_C18_3P	genotype_population_ridge	test	309	64	64	0.34999321961234764	0.5925027892583191	0.5217032967032967	0.19065864459518178	0.2507823688073685
20260607	agri_aa_oil__Oil_C18_3P	genotype_population_elasticnet	test	309	64	64	0.25324206895850243	0.5946659732648533	0.4828754578754579	0.21371942372444924	0.2687992042509178
20260607	agri_aa_oil__Oil_C18_3P	genotype_population_small_mlp	test	309	64	64	-0.022878369787296293	0.4021173575196233	0.3717490842490842	0.23088165275052905	0.31459372391421414
20260607	agri_aa_oil__Oil_C16_1	population_ridge	test	309	64	64	0.029950537153050183	0.2222959753770028	0.23759157509157508	0.0018520131817267528	0.002319431291584272
20260607	agri_aa_oil__Oil_C16_1	genotype_population_ridge	test	309	64	64	0.3191514794786938	0.5739281332299215	0.5194597069597069	0.0014899805339876732	0.00194316563454625
20260607	agri_aa_oil__Oil_C16_1	genotype_population_elasticnet	test	309	64	64	0.3701176738713816	0.6139048020618632	0.5684981684981684	0.0014417052529563656	0.0018690214409427604
20260607	agri_aa_oil__Oil_C16_1	genotype_population_small_mlp	test	309	64	64	-0.03132852563658295	0.47482780834631666	0.433562271062271	0.0017823083416499933	0.002391569946542404
20260607	agri_aa_oil__Headingdate	population_ridge	test	321	70	70	0.24143043399404718	0.5343685902294654	0.4922648967125345	2.2437627113274794	2.911571193506839
20260607	agri_aa_oil__Headingdate	genotype_population_ridge	test	321	70	70	0.32527887386577015	0.6165043651700576	0.5925764039810562	2.171975556262828	2.745945167808471
20260607	agri_aa_oil__Headingdate	genotype_population_elasticnet	test	321	70	70	0.25609220890884976	0.5661245824602436	0.5607259253996344	2.268724564495891	2.883296203600015
20260607	agri_aa_oil__Headingdate	genotype_population_small_mlp	test	321	70	70	-0.13382668139678366	0.4295334788222869	0.4368415639282692	2.677782946521276	3.5596151203968964
20260607	agri_aa_oil__Oil_C22_0	population_ridge	test	309	64	64	0.07551088881670254	0.2768355579752926	0.18823260073260073	0.001746832427493982	0.0023878256907051173
20260607	agri_aa_oil__Oil_C22_0	genotype_population_ridge	test	309	64	64	0.37878124730178087	0.6197222379797356	0.6179029304029303	0.001398225315041999	0.0019573748280073376
20260607	agri_aa_oil__Oil_C22_0	genotype_population_elasticnet	test	309	64	64	0.21377308994470356	0.4909040281303677	0.5256868131868132	0.001527499330101805	0.0022020423769661015
20260607	agri_aa_oil__Oil_C22_0	genotype_population_small_mlp	test	309	64	64	0.06577691169468503	0.5327900266050227	0.5195054945054944	0.001732929146785681	0.002400363523039726
20260607	agri_aa_oil__Oil_C24_0P	population_ridge	test	309	64	64	-0.005305277502487105	0.20067669881529085	0.23049450549450548	0.0588369610643541	0.07489724218277215
20260607	agri_aa_oil__Oil_C24_0P	genotype_population_ridge	test	309	64	64	0.3000598820837024	0.6051714604020275	0.5613553113553112	0.04812932857496671	0.062495290136846945
20260607	agri_aa_oil__Oil_C24_0P	genotype_population_elasticnet	test	309	64	64	0.22898734775791652	0.5055020377407365	0.4588827838827838	0.0497706373584716	0.06559150529541422
20260607	agri_aa_oil__Oil_C24_0P	genotype_population_small_mlp	test	309	64	64	-0.18839903672796332	0.43270054923146595	0.39180402930402924	0.06433679430858386	0.08143254182428672
20260607	agri_aa_oil__Pollenshed	population_ridge	test	321	70	70	0.286673129631707	0.5721689480483353	0.5271586740323817	1.984165604434226	2.605699779870928
20260607	agri_aa_oil__Pollenshed	genotype_population_ridge	test	321	70	70	0.3195623790551545	0.603720172320673	0.5988466530774227	1.981906750867418	2.544920634886331
20260607	agri_aa_oil__Pollenshed	genotype_population_elasticnet	test	321	70	70	0.29254410454159463	0.5764352568268039	0.5637202434232731	2.0389703015477876	2.594954631970382
20260607	agri_aa_oil__Pollenshed	genotype_population_small_mlp	test	321	70	70	-0.19040106688357494	0.43794837106540324	0.4662168910648932	2.4687937924831336	3.3660978627985836
20260607	agri_aa_oil__Oil_C18_1P	population_ridge	test	309	64	64	0.07303755494659292	0.30209311941732664	0.3024725274725274	4.519630745140477	5.644628059796881
20260607	agri_aa_oil__Oil_C18_1P	genotype_population_ridge	test	309	64	64	0.3989130590298433	0.6426957300663365	0.6287545787545786	3.53003350511602	4.545408365980893
20260607	agri_aa_oil__Oil_C18_1P	genotype_population_elasticnet	test	309	64	64	0.3390260669219116	0.5865371565103216	0.5934065934065933	3.746488125603786	4.766465202734014
20260607	agri_aa_oil__Oil_C18_1P	genotype_population_small_mlp	test	309	64	64	-0.18273544400383135	0.4388984074203418	0.47458791208791207	4.742928231365233	6.37599644904737
20260607	agri_aa_oil__Oil_C18_2P	population_ridge	test	309	64	64	0.07711192319435756	0.34033582407181995	0.3125	4.190396784209316	5.244804087412377
20260607	agri_aa_oil__Oil_C18_2P	genotype_population_ridge	test	309	64	64	0.3056984998797765	0.6025473343427101	0.6027472527472526	3.51405776051338	4.54913478448407
20260607	agri_aa_oil__Oil_C18_2P	genotype_population_elasticnet	test	309	64	64	0.2605996391736878	0.5296745824493975	0.5249542124542124	3.6537448092892206	4.6945566252542985
20260607	agri_aa_oil__Oil_C18_2P	genotype_population_small_mlp	test	309	64	64	-0.25573552475779393	0.46774829513648847	0.46021062271062263	4.4075964700412715	6.117920695348409
20260607	agri_aa_oil__Oil_C16_0P	population_ridge	test	309	64	64	0.08847207896104858	0.3462820565473075	0.2504578754578754	1.337917335684166	1.6203762102850627
20260607	agri_aa_oil__Oil_C16_0P	genotype_population_ridge	test	309	64	64	0.17491465837867914	0.47651400103990643	0.37078754578754575	1.2291829956690972	1.5416305434293136
20260607	agri_aa_oil__Oil_C16_0P	genotype_population_elasticnet	test	309	64	64	0.17180030583463557	0.47547387518319456	0.3292582417582417	1.240805625272651	1.5445373087541652
20260607	agri_aa_oil__Oil_C16_0P	genotype_population_small_mlp	test	309	64	64	-0.19090905266954206	0.34587021222260755	0.2973443223443223	1.4030724320279067	1.8521244659203684
20260607	agri_aa_oil__Silkingtime	population_ridge	test	321	70	70	0.21122701004305267	0.4788916555562346	0.3916726658821055	2.015917169499887	2.6511576085451196
20260607	agri_aa_oil__Silkingtime	genotype_population_ridge	test	321	70	70	0.26303840105354115	0.5249762698503849	0.5141327241142469	2.0350064956773424	2.5626067209252694
20260607	agri_aa_oil__Silkingtime	genotype_population_elasticnet	test	321	70	70	0.22656203747225911	0.4873103956114611	0.39825334072779445	2.1452397715583387	2.6252597125220123
20260607	agri_aa_oil__Silkingtime	genotype_population_small_mlp	test	321	70	70	-0.26781869691088267	0.4023042462725699	0.4164727091170554	2.5319825483203138	3.361151650183466
20260607	agri_aa_oil__Oil_SFA_USFA	population_ridge	test	309	64	64	0.05768150038365438	0.2995530338321228	0.2530677655677655	0.021693525160630098	0.02579033830809687
20260607	agri_aa_oil__Oil_SFA_USFA	genotype_population_ridge	test	309	64	64	0.08946728552155647	0.3653544020904301	0.3193223443223443	0.019981133368286386	0.025351634068961636
20260607	agri_aa_oil__Oil_SFA_USFA	genotype_population_elasticnet	test	309	64	64	0.10665059257544907	0.37820375297772024	0.29560439560439555	0.019745350207988864	0.025111280385423356
20260607	agri_aa_oil__Oil_SFA_USFA	genotype_population_small_mlp	test	309	64	64	-0.4499346273164917	0.2658668976279328	0.2981684981684981	0.02429523307455538	0.03199133704450534
20260607	agri_aa_oil__Oil_C160_C180	population_ridge	test	309	64	64	0.16403451021503035	0.4144555147567702	0.44358974358974357	1.1085703901469022	1.3544996851581823
20260607	agri_aa_oil__Oil_C160_C180	genotype_population_ridge	test	309	64	64	0.3023619260488626	0.5602018912790008	0.5088827838827839	0.9707075863837241	1.2373706798407216
20260607	agri_aa_oil__Oil_C160_C180	genotype_population_elasticnet	test	309	64	64	0.2389811955268557	0.5070413258530653	0.43956043956043955	1.0488923225677118	1.29235678672201
20260607	agri_aa_oil__Oil_C160_C180	genotype_population_small_mlp	test	309	64	64	-0.1260170479078151	0.43795050755306636	0.38974358974358975	1.227967915005753	1.5720169218386761
20260607	agri_aa_oil__Oil_C181_C182	population_ridge	test	309	64	64	0.08954145949824599	0.3225435770924892	0.3146062271062271	0.14083621035462804	0.18628913566975477
20260607	agri_aa_oil__Oil_C181_C182	genotype_population_ridge	test	309	64	64	0.39693534604349867	0.6406637588661022	0.6353021978021977	0.11136270077924162	0.1516140252381617
20260607	agri_aa_oil__Oil_C181_C182	genotype_population_elasticnet	test	309	64	64	0.34750248057169464	0.5948269427018179	0.61510989010989	0.116761620454684	0.15770551214684334
20260607	agri_aa_oil__Oil_C181_C182	genotype_population_small_mlp	test	309	64	64	-0.18146392634490338	0.44558339496520794	0.46300366300366297	0.15718585897181814	0.21221089331545673
20260607	agri_aa_oil__Leafnumberaboveear	population_ridge	test	321	70	70	0.23205359306112272	0.4986447314003981	0.4914398691454708	0.41439431347657013	0.551976737896559
20260607	agri_aa_oil__Leafnumberaboveear	genotype_population_ridge	test	321	70	70	0.3373945882369169	0.6107809273732934	0.5944238861559463	0.38505882824884125	0.5127230103469878
20260607	agri_aa_oil__Leafnumberaboveear	genotype_population_elasticnet	test	321	70	70	0.3590705222705922	0.6386300223280916	0.6223656930138686	0.3817818907935314	0.5042668769677521
20260607	agri_aa_oil__Leafnumberaboveear	genotype_population_small_mlp	test	321	70	70	-0.25385496018722487	0.32332595738794667	0.3379086511252662	0.5051062433770598	0.7053082605418146
20260607	agri_aa_oil__Earleaflength	population_ridge	test	321	70	70	0.207010845476984	0.494260763912006	0.44297474391288194	5.335765246360691	6.700491797230254
20260607	agri_aa_oil__Earleaflength	genotype_population_ridge	test	321	70	70	0.3463651471177941	0.644150495069549	0.6345782047150768	4.734062976073741	6.083319923888189
20260607	agri_aa_oil__Earleaflength	genotype_population_elasticnet	test	321	70	70	0.31816674310083637	0.6173528122709236	0.5874603049853434	4.9305434871325	6.213154401061004
20260607	agri_aa_oil__Earleaflength	genotype_population_small_mlp	test	321	70	70	0.1883220101367712	0.5302783677040239	0.5449614641225426	5.484185445816713	6.778989180479709
20260607	agri_aa_oil__Oil_C18_3	population_ridge	test	309	64	64	-0.04662172645210383	0.047871856888522024	-0.013919413919413919	0.007603379811998808	0.009840396859719542
20260607	agri_aa_oil__Oil_C18_3	genotype_population_ridge	test	309	64	64	0.17227894693630308	0.4263177714838528	0.2869505494505494	0.006842215427070796	0.008751041463764543
20260607	agri_aa_oil__Oil_C18_3	genotype_population_elasticnet	test	309	64	64	0.29588434840698563	0.6112257837826929	0.5457417582417582	0.006441644740960406	0.008071230309501555
20260607	agri_aa_oil__Oil_C18_3	genotype_population_small_mlp	test	309	64	64	-0.3233251794657557	0.2424787516933692	0.16469780219780217	0.008319841519231102	0.011064990078129902
20260607	agri_aa_oil__Oil_C22_0P	population_ridge	test	309	64	64	0.033138158598551404	0.20642295380057546	0.20018315018315017	0.03583457027991656	0.049651744553731246
20260607	agri_aa_oil__Oil_C22_0P	genotype_population_ridge	test	309	64	64	0.3336724088887606	0.5967413447199519	0.6299908424908425	0.029433409425342835	0.04121888128829757
20260607	agri_aa_oil__Oil_C22_0P	genotype_population_elasticnet	test	309	64	64	0.12848954916829247	0.36975761497696125	0.4361263736263736	0.03146664423326945	0.04713989402086724
20260607	agri_aa_oil__Oil_C22_0P	genotype_population_small_mlp	test	309	64	64	0.09103984886504868	0.5741704911620307	0.573580586080586	0.0349218338226023	0.048142066029295466
20260607	agri_aa_oil__Plantheight	population_ridge	test	321	70	70	0.12131545655595677	0.3548033976786869	0.22883387280202958	16.182220473181864	20.206378603392015
20260607	agri_aa_oil__Plantheight	genotype_population_ridge	test	321	70	70	0.24134058848973372	0.5380002881954133	0.5212317382556207	15.432004085268263	18.775668872381235
20260607	agri_aa_oil__Plantheight	genotype_population_elasticnet	test	321	70	70	0.3188639412795935	0.5663265913275007	0.5706062461726883	14.398781136212527	17.790531727022156
20260607	agri_aa_oil__Plantheight	genotype_population_small_mlp	test	321	70	70	-0.36374138805341705	0.33413556964794117	0.29843408275741407	20.10161316390626	25.173175469436224
20260607	agri_aa_oil__AA_Arg	population_ridge	test	296	60	60	0.08905978836441797	0.3564664606064084	0.4549041400388998	0.7557196222695813	0.9711230789124228
20260607	agri_aa_oil__AA_Arg	genotype_population_ridge	test	296	60	60	0.2547280977776255	0.5138274519558653	0.5518199499861073	0.6746295113033919	0.8783886441636041
20260607	agri_aa_oil__AA_Arg	genotype_population_elasticnet	test	296	60	60	0.2505758635242852	0.5037420290894603	0.552264517921645	0.6715642884689653	0.8808321881695524
20260607	agri_aa_oil__AA_Arg	genotype_population_small_mlp	test	296	60	60	-0.48963276013719215	0.304462827516015	0.2758544040011115	0.9759019273745239	1.2418494403864409
20260607	metabolite__Uracil_E1	population_ridge	test	225	50	50	0.24104762164504467	0.508727272067148	0.4832288891882447	24399.371857245304	30016.170555716013
20260607	metabolite__Uracil_E1	genotype_population_ridge	test	225	50	50	0.21332376363846095	0.5151195495820173	0.4705515139775028	24821.23441365493	30559.485414742747
20260607	metabolite__Uracil_E1	genotype_population_elasticnet	test	225	50	50	0.19559974055256335	0.49958556519051767	0.5376839781616591	25247.60938083667	30901.824540501042
20260607	metabolite__Uracil_E1	genotype_population_small_mlp	test	225	50	50	-0.26621199411217633	0.27176672209411423	0.23846911097176027	32677.568565772835	38770.484906184734
20260607	agri_aa_oil__Oil_C20_0P	population_ridge	test	309	64	64	0.091797772916691	0.306740120323173	0.3166208791208791	0.07103161178517264	0.08685267445439811
20260607	agri_aa_oil__Oil_C20_0P	genotype_population_ridge	test	309	64	64	0.2982371079810576	0.6248166173307316	0.5666666666666665	0.06199871914028999	0.0763461453557792
20260607	agri_aa_oil__Oil_C20_0P	genotype_population_elasticnet	test	309	64	64	0.33347990881969347	0.6147027578838542	0.5763736263736263	0.060153027416263966	0.07440438605613442
20260607	agri_aa_oil__Oil_C20_0P	genotype_population_small_mlp	test	309	64	64	-0.06470486122876973	0.623581694263386	0.5673076923076922	0.07636015692832349	0.09403868195650586
20260607	metabolite__5_Hydroxyindoleacetic_acid_E1	population_ridge	test	225	50	50	0.02443918233063591	0.21170668437250054	0.21709483793517406	3775661.27537814	4920046.992545068
20260607	metabolite__5_Hydroxyindoleacetic_acid_E1	genotype_population_ridge	test	225	50	50	0.1095108083792865	0.36849858325402907	0.36806722689075627	3421871.4586685253	4700633.621810788
20260607	metabolite__5_Hydroxyindoleacetic_acid_E1	genotype_population_elasticnet	test	225	50	50	0.06130300011222134	0.3064448770247581	0.32590636254501804	3686334.7560853017	4826194.176173858
20260607	metabolite__5_Hydroxyindoleacetic_acid_E1	genotype_population_small_mlp	test	225	50	50	-0.31857059710901425	0.18262789657750172	0.3535654261704682	4145786.188202919	5719970.248678122
20260607	agri_aa_oil__Earleafwidth	population_ridge	test	321	70	70	0.10185455012318645	0.3228099703602096	0.39204605108005974	0.5472857898773559	0.6837948347858805
20260607	agri_aa_oil__Earleafwidth	genotype_population_ridge	test	321	70	70	0.2630570714341952	0.5235892156641714	0.4489624523905178	0.47948268053363025	0.6193974411065509
20260607	agri_aa_oil__Earleafwidth	genotype_population_elasticnet	test	321	70	70	0.1426372866045299	0.4199596718875718	0.40229905174649944	0.523127602886381	0.6680896980569185
20260607	agri_aa_oil__Earleafwidth	genotype_population_small_mlp	test	321	70	70	-0.47455038611868283	0.3149905115385888	0.33694929493907216	0.6930432886464037	0.8761577109869373
20260607	agri_aa_oil__Oil_C16_1P	population_ridge	test	309	64	64	-0.0033132405826343803	0.20423376236385024	0.15549450549450547	0.027436382541479624	0.03790413860654342
20260607	agri_aa_oil__Oil_C16_1P	genotype_population_ridge	test	309	64	64	0.07890361875507335	0.4074462047894985	0.4749542124542124	0.026042309884685158	0.036317914153054756
20260607	agri_aa_oil__Oil_C16_1P	genotype_population_elasticnet	test	309	64	64	0.11859186680603861	0.37390550597103545	0.3606227106227106	0.026383176513652226	0.03552686506677946
20260607	agri_aa_oil__Oil_C16_1P	genotype_population_small_mlp	test	309	64	64	-0.45981483062709194	0.2926094762231702	0.34423076923076923	0.0350491492955547	0.04572116052476456
20260607	agri_aa_oil__Eardiameter	population_ridge	test	321	70	70	0.09108765011836051	0.3170153596717243	0.3085469337765725	0.2497120949165303	0.3239351771968374
20260607	agri_aa_oil__Eardiameter	genotype_population_ridge	test	321	70	70	0.22684915132438732	0.48410830401621535	0.33909544221852855	0.23640466435200314	0.29876466243474203
20260607	agri_aa_oil__Eardiameter	genotype_population_elasticnet	test	321	70	70	0.13717659141122818	0.3953486176016874	0.3151605283877176	0.24393098206740355	0.3156153153657237
20260607	agri_aa_oil__Eardiameter	genotype_population_small_mlp	test	321	70	70	-0.5375035544585003	0.08943003236742227	0.14572653311171377	0.31182142997603945	0.42131330477692286
20260607	agri_aa_oil__Oil_C24_0	population_ridge	test	309	64	64	-0.011952633550806002	0.26407398395067183	0.24610805860805857	0.0018740571224326987	0.002437008979931336
20260607	agri_aa_oil__Oil_C24_0	genotype_population_ridge	test	309	64	64	0.16186257195107479	0.471597891085879	0.4317765567765567	0.0017191974677661017	0.002217862687247127
20260607	agri_aa_oil__Oil_C24_0	genotype_population_elasticnet	test	309	64	64	0.07289293514010897	0.4251320747967666	0.34061355311355307	0.0018313121286068254	0.0023326091897542104
20260607	agri_aa_oil__Oil_C24_0	genotype_population_small_mlp	test	309	64	64	-0.5073436933984579	0.28903706746989316	0.2979853479853479	0.002318957853000767	0.0029742891108685845
20260607	agri_aa_oil__Oil_C220_C240	population_ridge	test	309	64	64	0.032979679236725956	0.29900456125703767	0.2159340659340659	0.1419886023028479	0.2770157054636982
20260607	agri_aa_oil__Oil_C220_C240	genotype_population_ridge	test	309	64	64	0.1094818121943506	0.46065901695440575	0.357051282051282	0.13143609184450333	0.2658324469595738
20260607	agri_aa_oil__Oil_C220_C240	genotype_population_elasticnet	test	309	64	64	0.06715798638769843	0.42560973004500746	0.452518315018315	0.1342836442628912	0.27207625485143677
20260607	agri_aa_oil__Oil_C220_C240	genotype_population_small_mlp	test	309	64	64	0.12832240395517425	0.38356281045068724	0.3253663003663003	0.1610996760139142	0.2630053203366688
20260607	agri_aa_oil__Earheight	population_ridge	test	321	70	70	-0.03158185887302567	0.10154542756758152	0.17407051001662144	9.446089743575293	12.302960215378745
20260607	agri_aa_oil__Earheight	genotype_population_ridge	test	321	70	70	0.1755643026289091	0.432062870325575	0.41639401627154227	8.637221405796794	10.998568540873569
20260607	agri_aa_oil__Earheight	genotype_population_elasticnet	test	321	70	70	0.23239069211470487	0.5004820165255001	0.5247309946636339	8.482245272617071	10.612748871332562
20260607	agri_aa_oil__Earheight	genotype_population_small_mlp	test	321	70	70	-0.7124170274633177	0.21975801154660474	0.14236724696002098	12.32886934217089	15.851214405789925
20260607	metabolite__L_Arginine_E1	population_ridge	test	225	50	50	0.08107632200887327	0.33155721065961835	0.449540184132669	3584131.4261775143	4895080.529945835
20260607	metabolite__L_Arginine_E1	genotype_population_ridge	test	225	50	50	0.12809110954511604	0.44662027846755853	0.546593993782506	3476154.9331436963	4768213.277896699
20260607	metabolite__L_Arginine_E1	genotype_population_elasticnet	test	225	50	50	0.06243804910340356	0.32904313657956336	0.4311955254061782	3785563.6435054587	4944474.105388136
20260607	metabolite__L_Arginine_E1	genotype_population_small_mlp	test	225	50	50	-2.6365254988260927	0.17015975681088294	0.22570653406938831	7180689.828166398	9737858.02424061
20260607	agri_aa_oil__Kernernumberperrow	population_ridge	test	321	70	70	0.07068737061052943	0.32199837515131685	0.30788207505904996	2.0139580534338215	2.4656050819018653
20260607	agri_aa_oil__Kernernumberperrow	genotype_population_ridge	test	321	70	70	0.1787989630919392	0.43372330009056953	0.41817863703962904	1.9462275497776376	2.3177540114796504
20260607	agri_aa_oil__Kernernumberperrow	genotype_population_elasticnet	test	321	70	70	0.2103863687631875	0.5039939478106484	0.4481322718922229	1.936189143047367	2.2727408364264536
20260607	agri_aa_oil__Kernernumberperrow	genotype_population_small_mlp	test	321	70	70	-0.6785655157593116	0.2725604859997171	0.3022832648062287	2.5475945178838475	3.3136889935296034
20260607	metabolite__Indole_3_carboxyaldehyde_E1	population_ridge	test	225	50	50	-0.0051083235398090565	0.06751229702873036	0.0530650468397179	71095.86901061071	94840.32938387696
20260607	metabolite__Indole_3_carboxyaldehyde_E1	genotype_population_ridge	test	225	50	50	0.04585839444131967	0.3607590618386259	0.34902874247155624	69276.10972689792	92404.48177731404
20260607	metabolite__Indole_3_carboxyaldehyde_E1	genotype_population_elasticnet	test	225	50	50	-0.005919395872405309			71067.6622222222	94878.5873773216
20260607	metabolite__Indole_3_carboxyaldehyde_E1	genotype_population_small_mlp	test	225	50	50	-0.6469560204247367	0.07616394878569968	0.1634691578664251	94303.57823941963	121402.49715743156
20260607	agri_aa_oil__Oil_C180_C200	population_ridge	test	309	64	64	0.13596684088903155	0.3783482936454735	0.2619505494505494	0.6235830529776101	0.7617418565260156
20260607	agri_aa_oil__Oil_C180_C200	genotype_population_ridge	test	309	64	64	0.32415802764201207	0.6101849689180341	0.5202380952380952	0.5529303540466758	0.6736979021241132
20260607	agri_aa_oil__Oil_C180_C200	genotype_population_elasticnet	test	309	64	64	0.18091659424253526	0.47579838854004725	0.3426739926739926	0.6035412390514316	0.7416631116154204
20260607	agri_aa_oil__Oil_C180_C200	genotype_population_small_mlp	test	309	64	64	-0.347469899054919	0.35239763929486	0.3438186813186813	0.7238768009786987	0.9512663872321621
20260607	agri_aa_oil__100grainweight	population_ridge	test	320	68	68	0.11510819458458443	0.40262709399095137	0.5061561119498289	1.7962595747371222	2.325366504598863
20260607	agri_aa_oil__100grainweight	genotype_population_ridge	test	320	68	68	0.12735850271426086	0.3571958584639493	0.34682268811345757	1.9129366935590777	2.3092143970949177
20260607	agri_aa_oil__100grainweight	genotype_population_elasticnet	test	320	68	68	0.09944237927688604	0.3564581557634024	0.3753603026618432	1.8422272048159105	2.345859938388625
20260607	agri_aa_oil__100grainweight	genotype_population_small_mlp	test	320	68	68	-0.5981621287536312	0.08827243594048659	0.09424093847851507	2.533048276693268	3.125048366521915
20260607	agri_aa_oil__Oil_C200_C201	population_ridge	test	309	64	64	0.030831691018265328	0.21264116653991993	0.2580128205128205	0.1947795565074104	0.23982978911675581
20260607	agri_aa_oil__Oil_C200_C201	genotype_population_ridge	test	309	64	64	0.24105629795425088	0.4945830818764301	0.38708791208791204	0.1743177919119447	0.2122307476288903
20260607	agri_aa_oil__Oil_C200_C201	genotype_population_elasticnet	test	309	64	64	0.17468559003851958	0.4582575959661428	0.3528388278388278	0.18291931991655996	0.22131621654559339
20260607	agri_aa_oil__Oil_C200_C201	genotype_population_small_mlp	test	309	64	64	-0.8731957267187698	0.4677080715321907	0.4354853479853479	0.25855447485207267	0.33342265272401117
20260607	agri_aa_oil__cobweight	population_ridge	test	320	70	70	0.017459678374980192	0.17543594911875443	0.07931064648762139	3.0689295470921416	4.07364358631163
20260607	agri_aa_oil__cobweight	genotype_population_ridge	test	320	70	70	0.16245619913570064	0.40562476774646455	0.2983291050651736	2.7789050772644455	3.7610716067850007
20260607	agri_aa_oil__cobweight	genotype_population_elasticnet	test	320	70	70	0.15913973076478927	0.4053778455409748	0.29717435045052926	2.8353728956356563	3.768510711117341
20260607	agri_aa_oil__cobweight	genotype_population_small_mlp	test	320	70	70	-0.7722744406505928	0.0750162622641388	0.062269267780596625	4.182519537657579	5.471083270769602
20260607	metabolite__Glutathione_E1	population_ridge	test	225	50	50	0.17065039061934906	0.5625253342075234	0.5365478876168199	778614.4203504333	908040.8285132695
20260607	metabolite__Glutathione_E1	genotype_population_ridge	test	225	50	50	0.1379574325972761	0.5033648045965518	0.4578330659372668	807033.8880119679	925765.3246979926
20260607	metabolite__Glutathione_E1	genotype_population_elasticnet	test	225	50	50	0.13680203237136757	0.5162856451229142	0.49764672498079915	805204.7773426551	926385.5210422353
20260607	metabolite__Glutathione_E1	genotype_population_small_mlp	test	225	50	50	-1.75498478427921	0.313540737271542	0.30059552708500503	1294380.1090892423	1654992.981467008
20260607	agri_aa_oil__Oil_C20_1P	population_ridge	test	309	64	64	0.05752393703824055	0.2502110241174963	0.2856227106227106	0.042302040118048855	0.052842309700301855
20260607	agri_aa_oil__Oil_C20_1P	genotype_population_ridge	test	309	64	64	0.254572970099775	0.5173313115580223	0.5796245421245421	0.03611914928067486	0.046994734026052934
20260607	agri_aa_oil__Oil_C20_1P	genotype_population_elasticnet	test	309	64	64	0.11637615620978226	0.3661419601711215	0.41185897435897434	0.04029066713270288	0.05116586738541386
20260607	agri_aa_oil__Oil_C20_1P	genotype_population_small_mlp	test	309	64	64	-0.0011008868042305942	0.5120851881429318	0.5458333333333333	0.04070048498329466	0.05446099237830026
20260607	agri_aa_oil__Oil_C18_0P	population_ridge	test	309	64	64	0.09850319579261635	0.31795989896302856	0.3441391941391941	0.2732819186427803	0.3483919815730922
20260607	agri_aa_oil__Oil_C18_0P	genotype_population_ridge	test	309	64	64	0.11118428063163466	0.371251322882674	0.3260531135531135	0.27022995470585054	0.3459329406046233
20260607	agri_aa_oil__Oil_C18_0P	genotype_population_elasticnet	test	309	64	64	0.08544433348224523	0.3693158429389375	0.3232600732600733	0.2810530041530868	0.35090626950634984
20260607	agri_aa_oil__Oil_C18_0P	genotype_population_small_mlp	test	309	64	64	-1.010469412529614	0.290057537741634	0.30586080586080583	0.4146052686240025	0.5202771951065932
20260607	metabolite__Pro_Leu_E1	population_ridge	test	225	50	50	0.20679909112212358	0.45741528408059295	0.4525021658723306	261238.64858366048	341108.20508777886
20260607	metabolite__Pro_Leu_E1	genotype_population_ridge	test	225	50	50	0.13766459347173976	0.37415551438962713	0.4093266779590186	266311.39161403157	355662.98869735055
20260607	metabolite__Pro_Leu_E1	genotype_population_elasticnet	test	225	50	50	0.09418833775427138	0.31399960753519207	0.34583613844689587	267060.72502601286	364518.4530211747
20260607	metabolite__Pro_Leu_E1	genotype_population_small_mlp	test	225	50	50	-1.4658943247866971	-0.021032958691057237	0.005763135205336412	460009.5810558598	601433.7497633559
20260607	agri_aa_oil__Earlength	population_ridge	test	321	70	70	0.008694494997609548	0.2157242463694458	0.18890735718659785	1.071563739074211	1.3988077596856694
20260607	agri_aa_oil__Earlength	genotype_population_ridge	test	321	70	70	0.204695771606753	0.4707495422617034	0.41156504242848396	0.9956124497230446	1.2529130120331529
20260607	agri_aa_oil__Earlength	genotype_population_elasticnet	test	321	70	70	0.27128662130750214	0.5358563237207906	0.45733531624529783	0.9543802931328118	1.19931328741017
20260607	agri_aa_oil__Earlength	genotype_population_small_mlp	test	321	70	70	-0.22167241202631072	0.3625465975271715	0.29717435045052926	1.3023416140175499	1.55285769038785
20260607	metabolite__Feruloylserotonin_E1	population_ridge	test	225	50	50	-0.06711084069151041	-0.0174373198174397	0.026241178656687212	23077.394074039832	40892.469758641404
20260607	metabolite__Feruloylserotonin_E1	genotype_population_ridge	test	225	50	50	-0.017523919653168463	0.12239018331090451	0.33190765531699984	21289.929956279066	39931.0645837484
20260607	metabolite__Feruloylserotonin_E1	genotype_population_elasticnet	test	225	50	50	-0.04683260107284859	-0.011298964181588232	0.10116791405188018	22131.203271041322	40502.06766166889
20260607	metabolite__Feruloylserotonin_E1	genotype_population_small_mlp	test	225	50	50	-0.350289141516545	0.08975333203221919	0.20151879506866205	30957.762559032548	45999.378384685304
20260607	metabolite__Trigonelline_E1	population_ridge	test	225	50	50	0.0427009118845767	0.21390465731119646	0.1983240894710773	1700251.2397000713	2214830.53002948
20260607	metabolite__Trigonelline_E1	genotype_population_ridge	test	225	50	50	0.07998850816644909	0.3901766026012515	0.33734303354341844	1705023.6586689248	2171267.365075365
20260607	metabolite__Trigonelline_E1	genotype_population_elasticnet	test	225	50	50	0.07512966540101063	0.3604968583958695	0.3405123773461039	1690148.976442545	2176993.355618272
20260607	metabolite__Trigonelline_E1	genotype_population_small_mlp	test	225	50	50	-0.5301750489225414	0.2952051342220657	0.23299478985803077	2254420.6946684564	2800188.30072838
20260607	metabolite__IAA_E1	population_ridge	test	225	50	50	-0.009554062580156009	-0.03200166712953367	-0.1087233176878926	998122.1082760873	1163153.9126203454
20260607	metabolite__IAA_E1	genotype_population_ridge	test	225	50	50	0.05674688364358915	0.37769172967259435	0.31694960103360914	968857.528309805	1124311.15571329
20260607	metabolite__IAA_E1	genotype_population_elasticnet	test	225	50	50	-0.0010437477934666095	0.15367195660858915	0.14498043113946454	988012.3505206868	1158240.9733917175
20260607	metabolite__IAA_E1	genotype_population_small_mlp	test	225	50	50	-0.7440922313960965	0.11340722711203526	0.1968449113086006	1176952.9908130346	1528822.6888173367
20260607	agri_aa_oil__AA_Asp	population_ridge	test	296	60	60	0.06039786636859301	0.28091284956905993	0.338260627952209	0.9790678910556977	1.2090459509441225
20260607	agri_aa_oil__AA_Asp	genotype_population_ridge	test	296	60	60	0.19513553915286241	0.45621945178390716	0.4176160044456795	0.9122956191851721	1.1190054081467837
20260607	agri_aa_oil__AA_Asp	genotype_population_elasticnet	test	296	60	60	0.10503500283537115	0.35920845156074316	0.3367602111697694	0.9756947038932815	1.1799777951395676
20260607	agri_aa_oil__AA_Asp	genotype_population_small_mlp	test	296	60	60	-0.37347097776272276	0.2993604701459358	0.2427896637954988	1.120904673124639	1.4617750780563394
20260607	metabolite__Malvidin_3_O_hexoside_E2	population_ridge	test	225	50	50	0.1452444484383596	0.403697680833716	0.3928623055702354	81155.79490668401	102280.4881121372
20260607	metabolite__Malvidin_3_O_hexoside_E2	genotype_population_ridge	test	225	50	50	0.13979757806293747	0.3739746363926289	0.36831741766873266	84290.0675829216	102605.85823838333
20260607	metabolite__Malvidin_3_O_hexoside_E2	genotype_population_elasticnet	test	225	50	50	-0.0006094457944967324			89968.90666666666	110663.42974940382
20260607	metabolite__Malvidin_3_O_hexoside_E2	genotype_population_small_mlp	test	225	50	50	-0.576550223277932	0.26781283208962864	0.25803353778252897	112101.4035821611	138907.5118045963
20260607	metabolite__Gluconolactone_E2	population_ridge	test	225	50	50	0.2987553992083758	0.6962958666409528	0.5820784682204829	172711.5671491072	224271.99372048644
20260607	metabolite__Gluconolactone_E2	genotype_population_ridge	test	225	50	50	0.12858669862790062	0.6811025307074923	0.570598293777118	187187.6875638482	250007.11643295753
20260607	metabolite__Gluconolactone_E2	genotype_population_elasticnet	test	225	50	50	0.2184218482679039	0.7127568840816274	0.601388217702628	179138.08645746714	236769.89628637335
20260607	metabolite__Gluconolactone_E2	genotype_population_small_mlp	test	225	50	50	-0.32215952011478466	0.20096430114854297	0.06364531856677173	258471.11924964678	307951.4170431699
20260607	agri_aa_oil__AA_Thr	population_ridge	test	296	60	60	0.03431038394716035	0.19186864723687874	0.24245623784384557	0.4134870556118188	0.5193730756030481
20260607	agri_aa_oil__AA_Thr	genotype_population_ridge	test	296	60	60	0.21017576063051868	0.47438959797258967	0.4318977493748264	0.36796767335274766	0.4697057537324432
20260607	agri_aa_oil__AA_Thr	genotype_population_elasticnet	test	296	60	60	0.09039018629199747	0.35716130862346196	0.2861906085023618	0.4044155074834728	0.5040669462037557
20260607	agri_aa_oil__AA_Thr	genotype_population_small_mlp	test	296	60	60	-0.3142534397180481	0.2956275352718478	0.2981383717699362	0.4708716145152348	0.6058989674461975
20260607	agri_aa_oil__AA_Phe	population_ridge	test	296	60	60	0.0024538587849507465	0.31999775123199353	0.27140872464573496	0.840768963226548	1.067717797183215
20260607	agri_aa_oil__AA_Phe	genotype_population_ridge	test	296	60	60	0.2585183546450539	0.5660352475775529	0.5595443178660741	0.7490153804089822	0.9205347502162023
20260607	agri_aa_oil__AA_Phe	genotype_population_elasticnet	test	296	60	60	0.14165985322080632	0.5097479701854066	0.5031397610447347	0.799127862947349	0.990420676546508
20260607	agri_aa_oil__AA_Phe	genotype_population_small_mlp	test	296	60	60	-0.18774610259357227	0.31532479978637806	0.34331758821894975	0.9190687758176684	1.1650693904500438
20260607	agri_aa_oil__AA_His	population_ridge	test	296	60	60	0.04241099679145943	0.2252667467323681	0.2610169491525424	0.41579322095597165	0.5451427164213049
20260607	agri_aa_oil__AA_His	genotype_population_ridge	test	296	60	60	0.0813504291008672	0.28615225455623344	0.23167546540705755	0.40155656511296883	0.5339438358512141
20260607	agri_aa_oil__AA_His	genotype_population_elasticnet	test	296	60	60	0.04533455140271436	0.24056944137651684	0.15598777438177275	0.4121445254137537	0.5443099098595288
20260607	agri_aa_oil__AA_His	genotype_population_small_mlp	test	296	60	60	-0.43140599386036027	0.18390283472593355	0.13059183106418454	0.5219899213583128	0.6665029171914163
20260607	metabolite__Feruloyltryptamine_E1	population_ridge	test	225	50	50	-0.03691123854610945	0.10653933293382226	0.3366227281337172	14580513.985803127	18535649.59968398
20260607	metabolite__Feruloyltryptamine_E1	genotype_population_ridge	test	225	50	50	0.12201615624991613	0.3528156154012578	0.36653941281664243	13150939.483911524	17056121.54622147
20260607	metabolite__Feruloyltryptamine_E1	genotype_population_elasticnet	test	225	50	50	0.05096571664211447	0.2327284977197686	0.28817018424114643	14164609.46965978	17732826.740222156
20260607	metabolite__Feruloyltryptamine_E1	genotype_population_small_mlp	test	225	50	50	-0.6675748174749296	0.2296217498184024	0.3262983505946659	17057346.470117632	23506051.54477289
20260607	metabolite__N_Coumaroyltryptamine_E1	population_ridge	test	225	50	50	-0.04511765876448037	0.09530354468016917	0.25403380743851056	9682495.735101122	12295988.683847567
20260607	metabolite__N_Coumaroyltryptamine_E1	genotype_population_ridge	test	225	50	50	0.1245342358625866	0.3550679288753028	0.3542066850031104	8295951.3330295095	11253832.464371264
20260607	metabolite__N_Coumaroyltryptamine_E1	genotype_population_elasticnet	test	225	50	50	0.056268019604546304	0.241674508056483	0.2682481754917807	9055461.793000316	11684367.230254957
20260607	metabolite__N_Coumaroyltryptamine_E1	genotype_population_small_mlp	test	225	50	50	-0.7450737118209658	0.1981751439695342	0.28111794116163347	11159253.431131259	15888677.49892898
20260607	agri_aa_oil__AA_Pro	population_ridge	test	296	60	60	0.013114903134695433	0.18317862884203043	0.22417338149485974	1.3554006450712779	1.7955976693327196
20260607	agri_aa_oil__AA_Pro	genotype_population_ridge	test	296	60	60	0.19821985452618096	0.4880202847217149	0.3836065573770493	1.2703980771390135	1.6184652774441963
20260607	agri_aa_oil__AA_Pro	genotype_population_elasticnet	test	296	60	60	0.1698654535606252	0.42638783629693855	0.31064184495693253	1.3077802813468409	1.6468345944741132
20260607	agri_aa_oil__AA_Pro	genotype_population_small_mlp	test	296	60	60	-0.3633163679410647	0.159568242089582	0.11769936093359269	1.6960605724207982	2.1104451145487313
20260607	metabolite__Norcinnamolaurine_E1	population_ridge	test	225	50	50	0.17459668214517288	0.47348286721837396	0.5117406962785114	5976422.836803615	8199440.35280906
20260607	metabolite__Norcinnamolaurine_E1	genotype_population_ridge	test	225	50	50	0.1572627192166942	0.45175232465149984	0.3663385354141656	6036474.480939705	8285089.591542573
20260607	metabolite__Norcinnamolaurine_E1	genotype_population_elasticnet	test	225	50	50	0.12705327292920277	0.437754865764591	0.4766866746698679	6193743.568432335	8432279.167545496
20260607	metabolite__Norcinnamolaurine_E1	genotype_population_small_mlp	test	225	50	50	-0.2744801752978292	0.26333118287357715	0.13661464585834332	8140877.18610996	10188673.561837954
20260607	agri_aa_oil__Kernelthickness	population_ridge	test	321	69	69	0.038805382165032376	0.24243837250812386	0.23305351817806072	0.2176684429680034	0.270007356923159
20260607	agri_aa_oil__Kernelthickness	genotype_population_ridge	test	321	69	69	0.15442180236471326	0.4282985265945629	0.4421750689019191	0.19381899028798158	0.2532484644506427
20260607	agri_aa_oil__Kernelthickness	genotype_population_elasticnet	test	321	69	69	0.11761486885906147	0.44330004748637974	0.49583017456069184	0.20613621008778094	0.25870154541320517
20260607	agri_aa_oil__Kernelthickness	genotype_population_small_mlp	test	321	69	69	-0.26333926817211895	0.3577707828041019	0.3532431470950053	0.23768910684491737	0.309549374057385
20260607	metabolite__Norcinnamolaurine_E2	population_ridge	test	225	50	50	0.12047349599831536	0.4090622248496659	0.45063523751187906	11717305.884656915	16783930.941419087
20260607	metabolite__Norcinnamolaurine_E2	genotype_population_ridge	test	225	50	50	0.0599400145497635	0.32670229603953677	0.3628329337203938	12246835.776544088	17351898.626893613
20260607	metabolite__Norcinnamolaurine_E2	genotype_population_elasticnet	test	225	50	50	0.029772570036883494	0.19697529399621125	0.2766637143539143	12597553.635094376	17628119.77473039
20260607	metabolite__Norcinnamolaurine_E2	genotype_population_small_mlp	test	225	50	50	-0.7844470774956036	0.11820617564893719	0.18737242182198255	19897886.519201074	23906778.32000423
20260607	metabolite__L_Glutamic_acid_E1	population_ridge	test	225	50	50	-0.010296934646262468	-0.04441215200825405	-0.11141793813045438	2650360.7573633264	3074554.389044382
20260607	metabolite__L_Glutamic_acid_E1	genotype_population_ridge	test	225	50	50	0.07560141563922729	0.3237782443962463	0.2653379776598105	2543592.4509913637	2940947.679730724
20260607	metabolite__L_Glutamic_acid_E1	genotype_population_elasticnet	test	225	50	50	-0.009571970857369161			2647501.333333333	3073451.07945088
20260607	metabolite__L_Glutamic_acid_E1	genotype_population_small_mlp	test	225	50	50	-1.3935094778667114	0.15201281627275665	0.18038179983533906	3585053.796544593	4732332.359793475
20260608	agri_aa_oil__Oil_OIL	population_ridge	test	308	68	68	0.318121037060657	0.6446498662647914	0.3501927701645226	1.0434144540646961	1.5497545778094801
20260608	agri_aa_oil__Oil_OIL	genotype_population_ridge	test	308	68	68	0.8238067221968607	0.9287962276680648	0.6306447303126311	0.6117901919917724	0.7877781834871369
20260608	agri_aa_oil__Oil_OIL	genotype_population_elasticnet	test	308	68	68	0.857270423879891	0.9463450664298942	0.6901935336107187	0.5611160730249702	0.7090327081058521
20260608	agri_aa_oil__Oil_OIL	genotype_population_small_mlp	test	308	68	68	0.7812257375590093	0.8885766082269773	0.6690842462877429	0.6545790540163006	0.8778238901598503
20260608	agri_aa_oil__Oil_C18_1	population_ridge	test	308	68	68	0.3042342677010508	0.6335286406328807	0.5259762568233003	0.509360517090912	0.7040609450662035
20260608	agri_aa_oil__Oil_C18_1	genotype_population_ridge	test	308	68	68	0.7724083538620538	0.8892607047601865	0.6792380806962629	0.30639490657728835	0.4026770656375569
20260608	agri_aa_oil__Oil_C18_1	genotype_population_elasticnet	test	308	68	68	0.8107432511131715	0.9023287864910878	0.6901171889911057	0.2670160377154266	0.36720148119205387
20260608	agri_aa_oil__Oil_C18_1	genotype_population_small_mlp	test	308	68	68	0.7431977548140621	0.8674851177436591	0.7015307096232393	0.31286841553161876	0.42773830573865657
20260608	agri_aa_oil__Oil_C18_2	population_ridge	test	308	68	68	0.30137149648217987	0.6022695155618657	0.07886399206015955	0.4973233899450155	0.7105715553185745
20260608	agri_aa_oil__Oil_C18_2	genotype_population_ridge	test	308	68	68	0.7458702598063869	0.8820535242931599	0.47765011260831386	0.3175871833276903	0.4285607706670333
20260608	agri_aa_oil__Oil_C18_2	genotype_population_elasticnet	test	308	68	68	0.8034319352550612	0.910012143308277	0.5761346719089971	0.27807145114151427	0.37691302799333615
20260608	agri_aa_oil__Oil_C18_2	genotype_population_small_mlp	test	308	68	68	0.6303158677578683	0.8063459287268526	0.5089132343398098	0.3705870410513931	0.516892312434685
20260608	agri_aa_oil__Oil_C20_1	population_ridge	test	308	68	68	0.27553094303321946	0.6294965785840603	0.49650723365270827	0.004161657128860168	0.005989903766043642
20260608	agri_aa_oil__Oil_C20_1	genotype_population_ridge	test	308	68	68	0.7131674314942678	0.8536587934879805	0.5974729930908119	0.0029471410420849058	0.003768982800334971
20260608	agri_aa_oil__Oil_C20_1	genotype_population_elasticnet	test	308	68	68	0.725859649130087	0.8559333193891256	0.6056418673893957	0.0028263656598316706	0.0036846514053989203
20260608	agri_aa_oil__Oil_C20_1	genotype_population_small_mlp	test	308	68	68	0.6888554692051639	0.837037577093045	0.6673283200366454	0.0029924016947819065	0.003925464103955624
20260608	agri_aa_oil__Oil_C20_0	population_ridge	test	308	68	68	0.24829428731993897	0.5602037141030504	0.44409665228842987	0.006309085233872087	0.00897040904977967
20260608	agri_aa_oil__Oil_C20_0	genotype_population_ridge	test	308	68	68	0.6514685748617245	0.8190138115614622	0.6367141275718592	0.00455769015329744	0.0061081443648251825
20260608	agri_aa_oil__Oil_C20_0	genotype_population_elasticnet	test	308	68	68	0.6499521555267587	0.8451551294128427	0.6503798144825743	0.004662304986679831	0.006121417852357204
20260608	agri_aa_oil__Oil_C20_0	genotype_population_small_mlp	test	308	68	68	0.6917993417321333	0.8347475266823209	0.7783333969538496	0.004367618434649204	0.00574387662430951
20260608	agri_aa_oil__Oil_C18_0	population_ridge	test	308	68	68	0.258470809440391	0.5456826711923098	0.4360041226094591	0.02915525500572434	0.044907373342753416
20260608	agri_aa_oil__Oil_C18_0	genotype_population_ridge	test	308	68	68	0.6407669562320892	0.811749129719132	0.5712486162537695	0.02165397893790527	0.03125659509121313
20260608	agri_aa_oil__Oil_C18_0	genotype_population_elasticnet	test	308	68	68	0.5956626949353638	0.8365064334937891	0.6020154979577813	0.02207714668598988	0.03316083317879757
20260608	agri_aa_oil__Oil_C18_0	genotype_population_small_mlp	test	308	68	68	0.622764623749474	0.7956956853071588	0.7396648471198992	0.022468711706045433	0.03203020618376286
20260608	agri_aa_oil__Oil_C16_0	population_ridge	test	308	68	68	0.1886941399143487	0.5323631883140139	0.37385960224453174	0.1366772492177359	0.1811389509515599
20260608	agri_aa_oil__Oil_C16_0	genotype_population_ridge	test	308	68	68	0.5875622626202779	0.781459395929218	0.5851433370233232	0.10432899752521788	0.12915128739173704
20260608	agri_aa_oil__Oil_C16_0	genotype_population_elasticnet	test	308	68	68	0.5593293228511564	0.8113266812558347	0.597892888498683	0.10256579889550778	0.13349857139958338
20260608	agri_aa_oil__Oil_C16_0	genotype_population_small_mlp	test	308	68	68	0.614159430372492	0.8048278802855728	0.6962247585601403	0.09102246148225503	0.12491755833307
20260608	agri_aa_oil__Oil_C200_C220	population_ridge	test	308	68	68	0.13892056393219065	0.3961192448423207	0.34137496659922895	0.3220282682705217	0.4239686124274193
20260608	agri_aa_oil__Oil_C200_C220	genotype_population_ridge	test	308	68	68	0.5026035308640169	0.7110555745427661	0.559186166354926	0.2384836606065086	0.3222281262588778
20260608	agri_aa_oil__Oil_C200_C220	genotype_population_elasticnet	test	308	68	68	0.457548750216627	0.6921171656939227	0.4609688132228881	0.2655720747052446	0.3365057224060226
20260608	agri_aa_oil__Oil_C200_C220	genotype_population_small_mlp	test	308	68	68	0.1963483868799717	0.5869217735098952	0.5327709279688514	0.3156254621850974	0.4095868522122224
20260608	agri_aa_oil__kernellength	population_ridge	test	320	69	69	0.28999056514676336	0.5497774616638638	0.5546999881487167	0.5703985815449479	0.7012020360708265
20260608	agri_aa_oil__kernellength	genotype_population_ridge	test	320	69	69	0.33934438734996	0.5890299843407728	0.5854638789418415	0.5653247317240875	0.6763923281206626
20260608	agri_aa_oil__kernellength	genotype_population_elasticnet	test	320	69	69	0.38773539151385716	0.6257334225803128	0.6144740087396336	0.5396937461454231	0.651149462818205
20260608	agri_aa_oil__kernellength	genotype_population_small_mlp	test	320	69	69	0.13697749139567905	0.5098976583551994	0.4748125211425799	0.649161748119309	0.7730759627255158
20260608	agri_aa_oil__Oil_C182_C183	population_ridge	test	308	68	68	0.2864732342412911	0.5456747648259141	0.2216666030461503	6.306749043297033	8.109739401823514
20260608	agri_aa_oil__Oil_C182_C183	genotype_population_ridge	test	308	68	68	0.521911086240259	0.7366202720722702	0.4663511089055999	5.272535518915126	6.638288163299118
20260608	agri_aa_oil__Oil_C182_C183	genotype_population_elasticnet	test	308	68	68	0.5635806920827591	0.7672799521548034	0.40974157346261014	5.059871647569695	6.342401664786404
20260608	agri_aa_oil__Oil_C182_C183	genotype_population_small_mlp	test	308	68	68	0.45648905837040665	0.7495255273202021	0.5785395274268045	5.487896648211865	7.077924244921973
20260608	agri_aa_oil__Oil_C18_3P	population_ridge	test	308	68	68	0.23352153199700898	0.5057523326890871	0.49578195976638545	0.23097563783823988	0.28723339674609955
20260608	agri_aa_oil__Oil_C18_3P	genotype_population_ridge	test	308	68	68	0.4427331073688159	0.6728687254986027	0.7028667404664656	0.18910751024787129	0.24491567168521022
20260608	agri_aa_oil__Oil_C18_3P	genotype_population_elasticnet	test	308	68	68	0.3884853368942267	0.6745801946457052	0.6708401725388403	0.20078724241255874	0.2565596722555488
20260608	agri_aa_oil__Oil_C18_3P	genotype_population_small_mlp	test	308	68	68	-0.3192243100496943	0.41395459880096075	0.4310798946444249	0.26803729759381945	0.37682896490853296
20260608	agri_aa_oil__Oil_C16_1	population_ridge	test	308	68	68	0.08251621417422317	0.33682703497175287	0.42501049738519675	0.0017840240342419625	0.002426087012255316
20260608	agri_aa_oil__Oil_C16_1	genotype_population_ridge	test	308	68	68	0.5454248371564387	0.7438489354048146	0.6535099438867045	0.0012776842871179907	0.001707693893386059
20260608	agri_aa_oil__Oil_C16_1	genotype_population_elasticnet	test	308	68	68	0.5636422719404327	0.7569299476295498	0.651906706874833	0.0012367482464531634	0.001673125467446839
20260608	agri_aa_oil__Oil_C16_1	genotype_population_small_mlp	test	308	68	68	0.36163265606173467	0.6409693482490209	0.6066725197541702	0.0014968447954454799	0.002023683101032952
20260608	agri_aa_oil__Headingdate	population_ridge	test	320	70	70	0.3345014621515403	0.5800438011529692	0.5589998023856241	2.5275186983216362	3.154549144586131
20260608	agri_aa_oil__Headingdate	genotype_population_ridge	test	320	70	70	0.3934424230028414	0.6673728576900606	0.645021308318377	2.3109312508727085	3.0116171453335148
20260608	agri_aa_oil__Headingdate	genotype_population_elasticnet	test	320	70	70	0.4110151339390531	0.6710998425928535	0.6681540241123355	2.3229627823668246	2.9676714093502445
20260608	agri_aa_oil__Headingdate	genotype_population_small_mlp	test	320	70	70	0.036423189311400095	0.39201291051841086	0.40774473784479476	2.840382948111437	3.795831405774238
20260608	agri_aa_oil__Oil_C22_0	population_ridge	test	308	68	68	0.12492881213616591	0.4102480551424881	0.3839370920334389	0.0019921829277769684	0.0024572450204255725
20260608	agri_aa_oil__Oil_C22_0	genotype_population_ridge	test	308	68	68	0.29517413379120006	0.5576532270860606	0.539298392945757	0.0016983592808329751	0.0022053000542930122
20260608	agri_aa_oil__Oil_C22_0	genotype_population_elasticnet	test	308	68	68	0.23389341717602197	0.571341896583013	0.509180440508455	0.001878248774488036	0.002299171504807729
20260608	agri_aa_oil__Oil_C22_0	genotype_population_small_mlp	test	308	68	68	0.33399403407489825	0.5999383211113587	0.6446539680116042	0.0015717859827387665	0.002143708998852152
20260608	agri_aa_oil__Oil_C24_0P	population_ridge	test	308	68	68	0.15466494871372383	0.41821437943589324	0.4500133603084322	0.059214434116236114	0.07002910709140046
20260608	agri_aa_oil__Oil_C24_0P	genotype_population_ridge	test	308	68	68	0.46163154357288827	0.6871455597977355	0.7183265259380844	0.04370999379284191	0.055886119292292584
20260608	agri_aa_oil__Oil_C24_0P	genotype_population_elasticnet	test	308	68	68	0.41025614455984205	0.6716247860094134	0.6803069053708439	0.04835867002467762	0.05849191802563904
20260608	agri_aa_oil__Oil_C24_0P	genotype_population_small_mlp	test	308	68	68	-0.2602758597167958	0.3838345587944412	0.4178341031415811	0.06124268625062732	0.08550607258131247
20260608	agri_aa_oil__Pollenshed	population_ridge	test	320	70	70	0.36301742620305577	0.6029177287261542	0.5815703418491921	2.34453212813304	2.9334295661231176
20260608	agri_aa_oil__Pollenshed	genotype_population_ridge	test	320	70	70	0.32925444920576974	0.5836256692684897	0.5774231424805067	2.2190461894506317	3.010168380922022
20260608	agri_aa_oil__Pollenshed	genotype_population_elasticnet	test	320	70	70	0.4223257621692431	0.6682757109790545	0.6687490222491521	2.11272842008512	2.7935303192577536
20260608	agri_aa_oil__Pollenshed	genotype_population_small_mlp	test	320	70	70	-0.06447317400364261	0.3448087544069366	0.36407860786864127	2.7469079130860394	3.792095358567181
20260608	agri_aa_oil__Oil_C18_1P	population_ridge	test	308	68	68	0.13296166160468303	0.3934373816237014	0.2836584341718517	4.863397300947435	5.986277366382001
20260608	agri_aa_oil__Oil_C18_1P	genotype_population_ridge	test	308	68	68	0.3088810891047651	0.5845487740829677	0.5721265793793182	3.9503996432884936	5.344586041087881
20260608	agri_aa_oil__Oil_C18_1P	genotype_population_elasticnet	test	308	68	68	0.3436764433209787	0.5929167830112692	0.5573920677940222	4.1803924981001614	5.208308263308546
20260608	agri_aa_oil__Oil_C18_1P	genotype_population_small_mlp	test	308	68	68	0.1975717688820906	0.5575400003286693	0.5507882581975035	4.406889507447578	5.75891653924879
20260608	agri_aa_oil__Oil_C18_2P	population_ridge	test	308	68	68	0.11525056562002456	0.36822855348989975	0.3399244188265832	4.2615446979641645	5.476974975107515
20260608	agri_aa_oil__Oil_C18_2P	genotype_population_ridge	test	308	68	68	0.13567279861497494	0.4746459913521034	0.42520135893422906	3.9491618737178498	5.413394785220397
20260608	agri_aa_oil__Oil_C18_2P	genotype_population_elasticnet	test	308	68	68	0.21080137946715183	0.46350888512192323	0.38889949230827947	4.150786600215671	5.172777145893202
20260608	agri_aa_oil__Oil_C18_2P	genotype_population_small_mlp	test	308	68	68	-0.550150899441501	0.25514232270771475	0.25815933122113216	5.22620162865098	7.249659313833398
20260608	agri_aa_oil__Oil_C16_0P	population_ridge	test	308	68	68	0.127704534096305	0.3638719748253394	0.25201358934229107	1.3102268180336234	1.6689564286704195
20260608	agri_aa_oil__Oil_C16_0P	genotype_population_ridge	test	308	68	68	0.3653123776777948	0.627898020319632	0.5480398518914379	1.0933699349373038	1.4236171315722161
20260608	agri_aa_oil__Oil_C16_0P	genotype_population_elasticnet	test	308	68	68	0.18451959253439953	0.4813069973303216	0.3438561667366492	1.2428627602965043	1.6136894394005343
20260608	agri_aa_oil__Oil_C16_0P	genotype_population_small_mlp	test	308	68	68	0.16364744484883087	0.5431482144235192	0.41871206626712976	1.2786110896256786	1.6342100810480422
20260608	agri_aa_oil__Silkingtime	population_ridge	test	320	70	70	0.21458190497061713	0.4677294722222679	0.43442580162084055	2.40849002238766	3.0940798084470638
20260608	agri_aa_oil__Silkingtime	genotype_population_ridge	test	320	70	70	0.24356654257461285	0.5231865092340535	0.5301580109360062	2.1954386252558895	3.0364520346418975
20260608	agri_aa_oil__Silkingtime	genotype_population_elasticnet	test	320	70	70	0.3103301094788309	0.5746985071576374	0.5216014307212162	2.2284042677480085	2.899356998134236
20260608	agri_aa_oil__Silkingtime	genotype_population_small_mlp	test	320	70	70	-0.23937871796645904	0.29467568813108697	0.34298063147259417	2.610238592432957	3.8867184108042556
20260608	agri_aa_oil__Oil_SFA_USFA	population_ridge	test	308	68	68	0.08099977780545076	0.3099925942957548	0.2397221055846089	0.021137004645426994	0.026354374923172132
20260608	agri_aa_oil__Oil_SFA_USFA	genotype_population_ridge	test	308	68	68	0.32692056471246655	0.5821587952660631	0.492308279573997	0.017498185594627236	0.022554233519090545
20260608	agri_aa_oil__Oil_SFA_USFA	genotype_population_elasticnet	test	308	68	68	0.14228709187940847	0.38992288497281813	0.307172577012635	0.020404297687742923	0.025460438833275447
20260608	agri_aa_oil__Oil_SFA_USFA	genotype_population_small_mlp	test	308	68	68	0.07680571265596925	0.5156309908186401	0.43298851013474815	0.020883607672879556	0.026414443539197523
20260608	agri_aa_oil__Oil_C160_C180	population_ridge	test	308	68	68	0.062322066322252345	0.2651953392299845	0.2715578119632019	1.2183588218825223	1.6012901455211865
20260608	agri_aa_oil__Oil_C160_C180	genotype_population_ridge	test	308	68	68	0.23509786487173734	0.5030775095401768	0.5620872619002175	1.0325095808733302	1.4462591500568913
20260608	agri_aa_oil__Oil_C160_C180	genotype_population_elasticnet	test	308	68	68	0.21153106622953866	0.46758279520982887	0.44050845516662207	1.0716680816650195	1.4683699098512029
20260608	agri_aa_oil__Oil_C160_C180	genotype_population_small_mlp	test	308	68	68	-0.2684315048080357	0.258954102721994	0.3042333091575371	1.3753376188065194	1.862415996475101
20260608	agri_aa_oil__Oil_C181_C182	population_ridge	test	308	68	68	0.12284321989503355	0.37099192526452396	0.3048058938046341	0.14745990802883177	0.19535067140452936
20260608	agri_aa_oil__Oil_C181_C182	genotype_population_ridge	test	308	68	68	0.14720641911306565	0.47308879137145704	0.49356796579761036	0.13572666282064255	0.19261861562812863
20260608	agri_aa_oil__Oil_C181_C182	genotype_population_elasticnet	test	308	68	68	0.27243393255008974	0.5232208287512204	0.5117379852654884	0.1356951763082931	0.1779149790769234
20260608	agri_aa_oil__Oil_C181_C182	genotype_population_small_mlp	test	308	68	68	0.10987334309686358	0.512789364203106	0.5096385082261327	0.1488183488777331	0.1967896255974678
20260608	agri_aa_oil__Leafnumberaboveear	population_ridge	test	320	70	70	0.05155948145990097	0.3668909833438179	0.367894322456478	0.40423920835765476	0.5292961620611001
20260608	agri_aa_oil__Leafnumberaboveear	genotype_population_ridge	test	320	70	70	0.14187465382578146	0.4353808041734674	0.47896072084682	0.38881373026719696	0.5034647398754739
20260608	agri_aa_oil__Leafnumberaboveear	genotype_population_elasticnet	test	320	70	70	0.13179921744481204	0.4126067064877713	0.4552357624004899	0.3862863432520462	0.5064117592418516
20260608	agri_aa_oil__Leafnumberaboveear	genotype_population_small_mlp	test	320	70	70	-0.41081762639576724	0.2560028050351483	0.2563380281690141	0.508847363227425	0.6455488826665527
20260608	agri_aa_oil__Earleaflength	population_ridge	test	320	70	70	0.22571339000561041	0.4972927517025795	0.4823592193275236	4.829637861041291	6.006592571487874
20260608	agri_aa_oil__Earleaflength	genotype_population_ridge	test	320	70	70	0.29934577590937905	0.5569051431497358	0.5410422626596907	4.619649513204824	5.713854439110039
20260608	agri_aa_oil__Earleaflength	genotype_population_elasticnet	test	320	70	70	0.25094950104623637	0.5224622877721607	0.5169146786540083	4.7659811993232895	5.907896101155321
20260608	agri_aa_oil__Earleaflength	genotype_population_small_mlp	test	320	70	70	-0.23245402490469913	0.28929726604263184	0.3173853327505995	5.5919181509076905	7.5781406922334975
20260608	agri_aa_oil__Oil_C18_3	population_ridge	test	308	68	68	-0.044622773325007525	0.25827154755906895	0.3193877161507042	0.007183923492674157	0.010295775890349267
20260608	agri_aa_oil__Oil_C18_3	genotype_population_ridge	test	308	68	68	0.14785864226110357	0.5374877613608067	0.5418559377027904	0.006298925300337437	0.009298976663816731
20260608	agri_aa_oil__Oil_C18_3	genotype_population_elasticnet	test	308	68	68	0.1664555446446292	0.5504725040607781	0.5373516051456273	0.006425890540934628	0.009196947755175567
20260608	agri_aa_oil__Oil_C18_3	genotype_population_small_mlp	test	308	68	68	-0.32693136264469236	0.2478260740584234	0.30247738290643966	0.008208777869147177	0.0116038889895759
20260608	agri_aa_oil__Oil_C22_0P	population_ridge	test	308	68	68	0.08542615305420853	0.30122358932682947	0.2409436194984158	0.03840660711947663	0.04817793716230912
20260608	agri_aa_oil__Oil_C22_0P	genotype_population_ridge	test	308	68	68	0.30011736670451084	0.5932807370652212	0.5549108676566018	0.03234630679466438	0.04214552036138554
20260608	agri_aa_oil__Oil_C22_0P	genotype_population_elasticnet	test	308	68	68	0.22605378465731107	0.48942456379706434	0.4719624384471504	0.03457626522496887	0.044319433669766546
20260608	agri_aa_oil__Oil_C22_0P	genotype_population_small_mlp	test	308	68	68	-0.08895510951600016	0.4193165478552141	0.4826888575027674	0.03621302657429138	0.052570704889954585
20260608	agri_aa_oil__Plantheight	population_ridge	test	320	70	70	0.08644715016361448	0.3250170550147126	0.3116962645437844	15.96279829842149	20.23619626168726
20260608	agri_aa_oil__Plantheight	genotype_population_ridge	test	320	70	70	0.2933043176117822	0.56322427611861	0.5308546933776572	13.737829187766685	17.79828937063285
20260608	agri_aa_oil__Plantheight	genotype_population_elasticnet	test	320	70	70	0.27029426598777895	0.5598812011787621	0.5860379669320269	13.973933640632296	18.085725038997637
20260608	agri_aa_oil__Plantheight	genotype_population_small_mlp	test	320	70	70	-0.06531325255021936	0.3814316351835743	0.332901758376345	16.204204221553393	21.852478884749527
20260608	agri_aa_oil__AA_Arg	population_ridge	test	288	59	59	0.26102708787805606	0.5449632169531052	0.5959088252483928	0.7379018164113273	0.892434393233628
20260608	agri_aa_oil__AA_Arg	genotype_population_ridge	test	288	59	59	0.3035897505031172	0.5829795390830783	0.5687317358270019	0.6946410971319216	0.8663524674288318
20260608	agri_aa_oil__AA_Arg	genotype_population_elasticnet	test	288	59	59	0.28391114374248205	0.6256851295682571	0.6091174751607248	0.7314034501237101	0.8785075478243457
20260608	agri_aa_oil__AA_Arg	genotype_population_small_mlp	test	288	59	59	-0.2395602634950733	0.2994811492180907	0.2869082407948569	0.9405507244954249	1.15583505603862
20260608	metabolite__Uracil_E1	population_ridge	test	220	51	51	0.4217806182217303	0.6827066942614153	0.6028054298642533	16456.58878939647	20926.47772407061
20260608	metabolite__Uracil_E1	genotype_population_ridge	test	220	51	51	0.3670301398474979	0.6468861704063047	0.6160180995475113	16893.56913974807	21894.817441560495
20260608	metabolite__Uracil_E1	genotype_population_elasticnet	test	220	51	51	0.3610886189308282	0.6803589308420538	0.6694117647058824	16864.398002206824	21997.337855054968
20260608	metabolite__Uracil_E1	genotype_population_small_mlp	test	220	51	51	-0.1658245207086093	0.47770382756957874	0.2971945701357466	20658.974466422093	29714.361714345072
20260608	agri_aa_oil__Oil_C20_0P	population_ridge	test	308	68	68	0.1203782212896175	0.3551985210764625	0.31870061457418786	0.06945548493770176	0.08494952672059654
20260608	agri_aa_oil__Oil_C20_0P	genotype_population_ridge	test	308	68	68	0.1317679015766774	0.43803705006499793	0.4072985456349964	0.06347514644472127	0.08439775523086866
20260608	agri_aa_oil__Oil_C20_0P	genotype_population_elasticnet	test	308	68	68	0.1748352838407934	0.4287698051645493	0.398022674352025	0.06630161714238343	0.08227791950609277
20260608	agri_aa_oil__Oil_C20_0P	genotype_population_small_mlp	test	308	68	68	-0.010488652563362066	0.5120824459952661	0.5146390808107798	0.06745290748021457	0.09104973733971046
20260608	metabolite__5_Hydroxyindoleacetic_acid_E1	population_ridge	test	220	51	51	-0.05209240586917607	0.22044698288002107	0.20493676332763958	3291507.0402327813	3895055.689924216
20260608	metabolite__5_Hydroxyindoleacetic_acid_E1	genotype_population_ridge	test	220	51	51	0.33494398464432984	0.6584405917993512	0.5469807010608317	2675021.8541006176	3096819.1328359554
20260608	metabolite__5_Hydroxyindoleacetic_acid_E1	genotype_population_elasticnet	test	220	51	51	0.17301008658983685	0.5262999888396297	0.5138577797192923	2960031.6160895918	3453320.086958464
20260608	metabolite__5_Hydroxyindoleacetic_acid_E1	genotype_population_small_mlp	test	220	51	51	-0.4678092761449266	0.3339916922044431	0.12755944707896136	3579813.419686138	4600674.867615206
20260608	agri_aa_oil__Earleafwidth	population_ridge	test	320	70	70	0.027104442358587222	0.3533110839608085	0.37043776469259715	0.6496241678920203	0.804409031775045
20260608	agri_aa_oil__Earleafwidth	genotype_population_ridge	test	320	70	70	0.144132327591879	0.49839271085583864	0.4402316548946929	0.5995063438537167	0.7544789705663374
20260608	agri_aa_oil__Earleafwidth	genotype_population_elasticnet	test	320	70	70	0.12484122831722133	0.45748946059459444	0.4641669875084976	0.6020092572072979	0.7629344978920553
20260608	agri_aa_oil__Earleafwidth	genotype_population_small_mlp	test	320	70	70	-0.06585547827132343	0.4767926193831769	0.41249956264843524	0.6312071816186385	0.8419629649922448
20260608	agri_aa_oil__Oil_C16_1P	population_ridge	test	308	68	68	0.107307866530714	0.32924263164671624	0.28770469901133716	0.02901401681748682	0.03749195019424208
20260608	agri_aa_oil__Oil_C16_1P	genotype_population_ridge	test	308	68	68	0.35429188374162335	0.6255850507847759	0.5496049165935031	0.024393846666818365	0.031886386079611896
20260608	agri_aa_oil__Oil_C16_1P	genotype_population_elasticnet	test	308	68	68	0.22213585707528127	0.564664686974943	0.4802458296751536	0.026777044092682133	0.034997663710250496
20260608	agri_aa_oil__Oil_C16_1P	genotype_population_small_mlp	test	308	68	68	-0.11404387485251322	0.35893203861952866	0.3030117952437301	0.03165522179295417	0.04188305239860656
20260608	agri_aa_oil__Eardiameter	population_ridge	test	320	70	70	-0.03495979181917397	0.22976935519279235	0.218686029218791	0.23837131581440754	0.3016332201772635
20260608	agri_aa_oil__Eardiameter	genotype_population_ridge	test	320	70	70	0.11862100529254305	0.43627074679754474	0.3801417198845245	0.2203121150225761	0.2783548416280967
20260608	agri_aa_oil__Eardiameter	genotype_population_elasticnet	test	320	70	70	0.15067536335184795	0.4563094974571306	0.3840258944974193	0.21801260138859163	0.2732463017312276
20260608	agri_aa_oil__Eardiameter	genotype_population_small_mlp	test	320	70	70	-0.1512540952589152	0.37291752873363937	0.2743591986702826	0.24872851272995886	0.31812882814995647
20260608	agri_aa_oil__Oil_C24_0	population_ridge	test	308	68	68	0.14332256626678397	0.39205674255657086	0.36740848188723896	0.002092792940666212	0.0026407536430586524
20260608	agri_aa_oil__Oil_C24_0	genotype_population_ridge	test	308	68	68	0.27360681603555537	0.5296595564366092	0.5089895789594229	0.0019859365514327287	0.0024316726171665676
20260608	agri_aa_oil__Oil_C24_0	genotype_population_elasticnet	test	308	68	68	0.286452418732732	0.5437116208302695	0.5161659732030385	0.0019218851637893806	0.0024100757519073045
20260608	agri_aa_oil__Oil_C24_0	genotype_population_small_mlp	test	308	68	68	-0.07928520967252939	0.30069211987574956	0.3196549223193495	0.0023693382121043865	0.002964062363345268
20260608	agri_aa_oil__Oil_C220_C240	population_ridge	test	308	68	68	0.08769432244512887	0.395049106245709	0.43520250410352324	0.10546491174550791	0.19019554436619657
20260608	agri_aa_oil__Oil_C220_C240	genotype_population_ridge	test	308	68	68	0.19792406228516823	0.4567154540951077	0.5717448562812535	0.09090067080688274	0.17833553694664253
20260608	agri_aa_oil__Oil_C220_C240	genotype_population_elasticnet	test	308	68	68	0.09067195096909297	0.42586317861307615	0.596098789937779	0.10109848082575061	0.18988490586366444
20260608	agri_aa_oil__Oil_C220_C240	genotype_population_small_mlp	test	308	68	68	0.31208288976489096	0.5669078779622843	0.6306829026224375	0.08690018021348517	0.16515746400742434
20260608	agri_aa_oil__Earheight	population_ridge	test	320	70	70	0.1187208207084377	0.36520424415305486	0.3333916542734669	10.366338423374346	13.523752552887723
20260608	agri_aa_oil__Earheight	genotype_population_ridge	test	320	70	70	0.2466541329207399	0.5238363768208448	0.5416324031143382	9.073818580874576	12.50367468570577
20260608	agri_aa_oil__Earheight	genotype_population_elasticnet	test	320	70	70	0.2684027570361417	0.5387170902546377	0.5615431720759338	9.108015510963575	12.32186626742433
20260608	agri_aa_oil__Earheight	genotype_population_small_mlp	test	320	70	70	-0.1505140671914793	0.2755927030356452	0.3107164727495407	10.953561984731	15.452061480280491
20260608	metabolite__L_Arginine_E1	population_ridge	test	220	51	51	0.22007519040916634	0.47207716410327716	0.47744241869778514	3540708.878906411	4666871.950957469
20260608	metabolite__L_Arginine_E1	genotype_population_ridge	test	220	51	51	0.1569976577202966	0.41777237530189165	0.4249513557000189	3662438.94957412	4851923.087200125
20260608	metabolite__L_Arginine_E1	genotype_population_elasticnet	test	220	51	51	0.21695151617114483	0.4726873837998827	0.49875560031153326	3566357.6878505596	4676208.24870123
20260608	metabolite__L_Arginine_E1	genotype_population_small_mlp	test	220	51	51	-0.6518817931583172	0.17542283478753895	0.23652653990458938	5333800.332711796	6791864.302591625
20260608	agri_aa_oil__Kernernumberperrow	population_ridge	test	320	70	70	0.006445999620372178	0.13070357468718968	0.18423746162424545	1.8208509906158974	2.318544930543945
20260608	agri_aa_oil__Kernernumberperrow	genotype_population_ridge	test	320	70	70	0.03796677216642508	0.2407667437525335	0.27513144197922695	1.808580362963437	2.2814702734838503
20260608	agri_aa_oil__Kernernumberperrow	genotype_population_elasticnet	test	320	70	70	0.03473707397161585	0.1885663268175565	0.15907758794754415	1.8347687251607656	2.2852966935580916
20260608	agri_aa_oil__Kernernumberperrow	genotype_population_small_mlp	test	320	70	70	-0.7079178955193399	0.015089330126169118	0.02984891828404205	2.462859113288574	3.039857830480892
20260608	metabolite__Indole_3_carboxyaldehyde_E1	population_ridge	test	220	51	51	0.00078513199093877	0.1602939019946387	0.27992216871050124	85271.30362796345	102646.54880930202
20260608	metabolite__Indole_3_carboxyaldehyde_E1	genotype_population_ridge	test	220	51	51	0.05055938845923824	0.4361002901375806	0.37861441732957707	82918.50741151925	100057.30714003019
20260608	metabolite__Indole_3_carboxyaldehyde_E1	genotype_population_elasticnet	test	220	51	51	-0.0015017990777483892			85343.92156862745	102763.9466910627
20260608	metabolite__Indole_3_carboxyaldehyde_E1	genotype_population_small_mlp	test	220	51	51	-0.4901983775936205	0.21632936911096246	0.30621295112576175	93273.4501940426	125353.6405600454
20260608	agri_aa_oil__Oil_C180_C200	population_ridge	test	308	68	68	0.058954871859064895	0.25381278904723675	0.15864411955567428	0.5971520165232909	0.7305152488256933
20260608	agri_aa_oil__Oil_C180_C200	genotype_population_ridge	test	308	68	68	0.1819327491203283	0.4284239068607961	0.39466351108905595	0.5572128955157547	0.6811120506032486
20260608	agri_aa_oil__Oil_C180_C200	genotype_population_elasticnet	test	308	68	68	0.15054261735998198	0.4142753528755445	0.4045119670191243	0.5590919769376451	0.694056551553498
20260608	agri_aa_oil__Oil_C180_C200	genotype_population_small_mlp	test	308	68	68	-0.17191693473669267	0.3459316367060974	0.32393022101767377	0.6264166029513012	0.8152155883578263
20260608	agri_aa_oil__100grainweight	population_ridge	test	317	70	70	-0.02906018813589739	0.3334374550026231	0.3638797275260928	2.1782821323001187	2.7651448846459075
20260608	agri_aa_oil__100grainweight	genotype_population_ridge	test	317	70	70	0.05727147586411685	0.3822476145901159	0.42478588377547155	2.06193060374081	2.6466153521421325
20260608	agri_aa_oil__100grainweight	genotype_population_elasticnet	test	317	70	70	-0.018907775702480256	0.3230206906532695	0.4164574349461972	2.1928554876973307	2.751471012566337
20260608	agri_aa_oil__100grainweight	genotype_population_small_mlp	test	317	70	70	-0.14815828763146355	0.3133338520488181	0.3237771966086622	2.21360057894736	2.9207769054669415
20260608	agri_aa_oil__Oil_C200_C201	population_ridge	test	308	68	68	0.025846210822271343	0.17665964754211916	0.10287437492842691	0.22533127159352007	0.28097739017515644
20260608	agri_aa_oil__Oil_C200_C201	genotype_population_ridge	test	308	68	68	0.11067432788166442	0.3411904950096088	0.337290529449937	0.20224902871080563	0.26846521786785693
20260608	agri_aa_oil__Oil_C200_C201	genotype_population_elasticnet	test	308	68	68	0.13341679135873064	0.3722308886551495	0.37389777455433826	0.19885396630822902	0.2650102959232627
20260608	agri_aa_oil__Oil_C200_C201	genotype_population_small_mlp	test	308	68	68	-0.4145950660278439	0.2505403036219542	0.330495858304386	0.23447411845479615	0.33858965251957784
20260608	agri_aa_oil__cobweight	population_ridge	test	319	70	70	0.06450345435415605	0.3243831719605616	0.3164552532586825	2.8281299433553952	3.504098939607302
20260608	agri_aa_oil__cobweight	genotype_population_ridge	test	319	70	70	0.18755737201977363	0.4440460620822036	0.46335403726708074	2.550418325944104	3.265514505084552
20260608	agri_aa_oil__cobweight	genotype_population_elasticnet	test	319	70	70	0.17499027478381735	0.4253754944116573	0.4484472049689441	2.546152892975865	3.290673547392524
20260608	agri_aa_oil__cobweight	genotype_population_small_mlp	test	319	70	70	-0.46679941994081187	0.1847588861135806	0.24185110663983903	3.199234810465063	4.387737430937195
20260608	metabolite__Glutathione_E1	population_ridge	test	220	51	51	0.13736793865127905	0.40056550008935204	0.41285067873303166	871507.4596859739	1195241.6164926353
20260608	metabolite__Glutathione_E1	genotype_population_ridge	test	220	51	51	0.1300124196249386	0.4039761570909713	0.462262443438914	826603.2694975436	1200326.6122570897
20260608	metabolite__Glutathione_E1	genotype_population_elasticnet	test	220	51	51	0.16033780013198085	0.4241755416360147	0.45049773755656103	833027.1269707618	1179221.0136510266
20260608	metabolite__Glutathione_E1	genotype_population_small_mlp	test	220	51	51	-0.504285117467719	0.1408093745240847	0.2032579185520362	1126641.5537460062	1578366.9841965504
20260608	agri_aa_oil__Oil_C20_1P	population_ridge	test	308	68	68	-0.012929952472604755	0.1403074544061286	0.1656678245600641	0.03889820122011319	0.046335423259504925
20260608	agri_aa_oil__Oil_C20_1P	genotype_population_ridge	test	308	68	68	0.13792561979921025	0.3721258841929441	0.34774974233690875	0.034684814195604007	0.04274603106863347
20260608	agri_aa_oil__Oil_C20_1P	genotype_population_elasticnet	test	308	68	68	0.10761309332401114	0.3365811414608158	0.3121731495972821	0.03544489769802774	0.043491062983951355
20260608	agri_aa_oil__Oil_C20_1P	genotype_population_small_mlp	test	308	68	68	-0.2430685050867507	0.35021308224767134	0.37072947284040153	0.039975309770034446	0.05132996396165982
20260608	agri_aa_oil__Oil_C18_0P	population_ridge	test	308	68	68	-0.09019022124565379	0.113201765985638	0.014314616177424893	0.3334379657573229	0.405302801068859
20260608	agri_aa_oil__Oil_C18_0P	genotype_population_ridge	test	308	68	68	0.09187371727815463	0.3256084309469389	0.29690422567469554	0.2909491845414416	0.36991469709606023
20260608	agri_aa_oil__Oil_C18_0P	genotype_population_elasticnet	test	308	68	68	0.05811861812284724	0.26321418762690646	0.2658701378020384	0.30187244764869875	0.37672684651917315
20260608	agri_aa_oil__Oil_C18_0P	genotype_population_small_mlp	test	308	68	68	-0.3543645451072053	0.40169827963329097	0.4857426422872848	0.33659097419270906	0.45174801422134964
20260608	metabolite__Pro_Leu_E1	population_ridge	test	220	51	51	0.18022676093380396	0.4487902412989203	0.4669864730551954	312730.8910319373	403871.9647151586
20260608	metabolite__Pro_Leu_E1	genotype_population_ridge	test	220	51	51	0.362412627525473	0.6568972526759591	0.6251074864145183	271160.6195634449	356177.6730011709
20260608	metabolite__Pro_Leu_E1	genotype_population_elasticnet	test	220	51	51	0.27641949098733787	0.627188313199598	0.6036566105323435	294113.29116486205	379437.51600677567
20260608	metabolite__Pro_Leu_E1	genotype_population_small_mlp	test	220	51	51	-0.05923542879403354	0.4370101499446853	0.40978413736939573	371145.5552097882	459084.9839745271
20260608	agri_aa_oil__Earlength	population_ridge	test	320	70	70	0.020041771753870674	0.16017538368562628	0.10104102878138395	0.9920109682435321	1.2850800621306206
20260608	agri_aa_oil__Earlength	genotype_population_ridge	test	320	70	70	0.12764958864534082	0.39157199796336334	0.4178287113988277	0.8935174106620325	1.2124724765803458
20260608	agri_aa_oil__Earlength	genotype_population_elasticnet	test	320	70	70	0.11010121441962784	0.4123749497236721	0.4128947598635289	0.9117492244510238	1.2246069243266504
20260608	agri_aa_oil__Earlength	genotype_population_small_mlp	test	320	70	70	-0.32260563766425143	0.21212425008142566	0.23828186510366547	1.1243165323808217	1.4929373679439337
20260608	metabolite__Feruloylserotonin_E1	population_ridge	test	220	51	51	0.07017376014498078	0.2815013697489937	0.3500792124034133	15899.197458619792	26918.95841059517
20260608	metabolite__Feruloylserotonin_E1	genotype_population_ridge	test	220	51	51	0.10914260881132387	0.3905506926896541	0.3432450868606963	15228.418354133224	26348.836726895985
20260608	metabolite__Feruloylserotonin_E1	genotype_population_elasticnet	test	220	51	51	0.0884167180812534	0.383569254824912	0.4206834233083033	15630.651302896218	26653.578680743278
20260608	metabolite__Feruloylserotonin_E1	genotype_population_small_mlp	test	220	51	51	-0.3619124915660983	0.12636991519996818	0.3247793701624943	20906.60537866836	32578.56524944362
20260608	metabolite__Trigonelline_E1	population_ridge	test	220	51	51	0.141747523987224	0.46614217507622274	0.18434806222053512	1776408.7060143217	2458238.5045667705
20260608	metabolite__Trigonelline_E1	genotype_population_ridge	test	220	51	51	0.3611994449408089	0.6151706030437293	0.4420914501459568	1643229.8293324958	2120797.129261604
20260608	metabolite__Trigonelline_E1	genotype_population_elasticnet	test	220	51	51	0.1906434115158101	0.5383491857295893	0.3401434422463826	1629230.7014562164	2387186.9829531475
20260608	metabolite__Trigonelline_E1	genotype_population_small_mlp	test	220	51	51	0.06969477985036066	0.5295635266436269	0.5097400394978714	1903960.980295723	2559347.24296838
20260608	metabolite__IAA_E1	population_ridge	test	220	51	51	-0.0022710839421991036	0.281914272935756	0.29209466521601773	993655.8875123092	1204843.3836791932
20260608	metabolite__IAA_E1	genotype_population_ridge	test	220	51	51	0.04333405455271522	0.3613278439508793	0.3339065119487211	974544.3297391905	1177112.9942574
20260608	metabolite__IAA_E1	genotype_population_elasticnet	test	220	51	51	-0.008396551473678349			994775.5793226383	1208519.5284084086
20260608	metabolite__IAA_E1	genotype_population_small_mlp	test	220	51	51	-0.9837935462330645	0.08419877019488578	0.04859948418931108	1325746.4057489287	1695064.518340051
20260608	agri_aa_oil__AA_Asp	population_ridge	test	288	59	59	0.127918915909074	0.48637059633466395	0.5212741087083579	1.0516512165368477	1.252217984480826
20260608	agri_aa_oil__AA_Asp	genotype_population_ridge	test	288	59	59	0.11681584120214261	0.34908406140461323	0.37340736411455294	1.0214962458223937	1.2601642040886365
20260608	agri_aa_oil__AA_Asp	genotype_population_elasticnet	test	288	59	59	0.1078679745809189	0.41989249385124133	0.44021040327293987	1.070520378735904	1.2665317125469298
20260608	agri_aa_oil__AA_Asp	genotype_population_small_mlp	test	288	59	59	-0.5416540348307208	0.14810793963963814	0.2066627703097604	1.2840383794015935	1.664926115510925
20260608	metabolite__Malvidin_3_O_hexoside_E2	population_ridge	test	220	51	51	0.12236603128706847	0.37088148430146806	0.3895205463573336	103636.25687590371	128146.24550168944
20260608	metabolite__Malvidin_3_O_hexoside_E2	genotype_population_ridge	test	220	51	51	0.14107508103212119	0.3783299831778751	0.3309181062938073	98617.30826473865	126773.00232378916
20260608	metabolite__Malvidin_3_O_hexoside_E2	genotype_population_elasticnet	test	220	51	51	0.001427562071256383	0.040919765697558196	0.12494909747702398	114517.43616899733	136690.6981768109
20260608	metabolite__Malvidin_3_O_hexoside_E2	genotype_population_small_mlp	test	220	51	51	-0.36848301863345667	0.32222176981330075	0.22508046917753144	119685.27391583429	160018.01573411602
20260608	metabolite__Gluconolactone_E2	population_ridge	test	220	51	51	0.27830974913211537	0.5744080582581713	0.5278415137791569	159631.32928365207	205481.1536310483
20260608	metabolite__Gluconolactone_E2	genotype_population_ridge	test	220	51	51	0.14773217416661932	0.5239617691664754	0.5096806860635462	166962.08804497466	223297.8918012217
20260608	metabolite__Gluconolactone_E2	genotype_population_elasticnet	test	220	51	51	0.1826685782271974	0.5065238144140706	0.47494414028331344	165459.74945308035	218673.2571002297
20260608	metabolite__Gluconolactone_E2	genotype_population_small_mlp	test	220	51	51	-0.08762716010327987	0.33994732413125534	0.3613144227310265	184520.03544198116	252253.149976613
20260608	agri_aa_oil__AA_Thr	population_ridge	test	288	59	59	0.021992343132273495	0.452822902097793	0.4337229690239627	0.4278031165625016	0.5244744133513168
20260608	agri_aa_oil__AA_Thr	genotype_population_ridge	test	288	59	59	0.14993699221757661	0.41040519415449306	0.32764465225014616	0.3840584429930153	0.48896608484608506
20260608	agri_aa_oil__AA_Thr	genotype_population_elasticnet	test	288	59	59	0.11344051975155489	0.3708325417095947	0.3184102863822327	0.40639825953646636	0.49935237236690827
20260608	agri_aa_oil__AA_Thr	genotype_population_small_mlp	test	288	59	59	-0.5348182775097685	0.17230350595394064	0.19661016949152546	0.5010298927647807	0.6570246439967695
20260608	agri_aa_oil__AA_Phe	population_ridge	test	288	59	59	-0.005167827331203689	0.32555652883468644	0.30263004091174756	1.0556164925844491	1.2435321467969522
20260608	agri_aa_oil__AA_Phe	genotype_population_ridge	test	288	59	59	0.09400627707891185	0.3356179280380728	0.23120981881940392	1.0161221574071986	1.1805933194137161
20260608	agri_aa_oil__AA_Phe	genotype_population_elasticnet	test	288	59	59	0.002377105578012517	0.15509340494205284	0.06323787258912918	1.0730980763800588	1.2388562911353123
20260608	agri_aa_oil__AA_Phe	genotype_population_small_mlp	test	288	59	59	-0.43544102263738527	0.10237357598276814	0.09590882524839275	1.1544553840646428	1.4860396721986682
20260608	agri_aa_oil__AA_His	population_ridge	test	288	59	59	0.11320206041986369	0.3405604533127038	0.4524254821741672	0.33044617687193106	0.45645631413624743
20260608	agri_aa_oil__AA_His	genotype_population_ridge	test	288	59	59	0.13217596655328212	0.365188379546419	0.45569842197545296	0.3179830530493416	0.4515467470619182
20260608	agri_aa_oil__AA_His	genotype_population_elasticnet	test	288	59	59	0.09646060798322187	0.37709416888831404	0.45131502045587385	0.32927838367060985	0.46074478368020544
20260608	agri_aa_oil__AA_His	genotype_population_small_mlp	test	288	59	59	-0.5266954300841502	0.11135048349491078	0.11694915254237291	0.45297127484547905	0.5989120955633901
20260608	metabolite__Feruloyltryptamine_E1	population_ridge	test	220	51	51	0.02271349896465369	0.1922185287824757	0.16760180995475113	13682314.80968127	17554968.468075067
20260608	metabolite__Feruloyltryptamine_E1	genotype_population_ridge	test	220	51	51	0.181975000046949	0.4366214358536314	0.37257918552036196	12381857.793922445	16060992.968515616
20260608	metabolite__Feruloyltryptamine_E1	genotype_population_elasticnet	test	220	51	51	0.15465555765771455	0.4699488312785268	0.40479638009049773	13148108.755069513	16326983.527903559
20260608	metabolite__Feruloyltryptamine_E1	genotype_population_small_mlp	test	220	51	51	-0.6903384683745923	0.2506187465957691	0.2625339366515837	16944896.12778105	23087448.585312344
20260608	metabolite__N_Coumaroyltryptamine_E1	population_ridge	test	220	51	51	0.018943508395041775	0.20820949334592784	0.1657956062778696	8215027.575772034	10256624.847925244
20260608	metabolite__N_Coumaroyltryptamine_E1	genotype_population_ridge	test	220	51	51	0.19654884348695156	0.46557859972163373	0.21620398657086815	7400938.964707195	9281906.792970385
20260608	metabolite__N_Coumaroyltryptamine_E1	genotype_population_elasticnet	test	220	51	51	0.1894981623028924	0.46239567774398	0.18290006565915637	7598468.139663922	9322544.49461253
20260608	metabolite__N_Coumaroyltryptamine_E1	genotype_population_small_mlp	test	220	51	51	-0.9092090500589458	0.26875390682777806	0.07384782463031746	10631231.808743782	14308173.741569558
20260608	agri_aa_oil__AA_Pro	population_ridge	test	288	59	59	-0.0006119842367042772	0.3602416014497678	0.34745762711864414	1.4043954417895126	1.7485710097126121
20260608	agri_aa_oil__AA_Pro	genotype_population_ridge	test	288	59	59	0.1177027243137222	0.3511184740280348	0.299240210403273	1.2950361468787746	1.6419423055341336
20260608	agri_aa_oil__AA_Pro	genotype_population_elasticnet	test	288	59	59	0.05567509576319751	0.25792502050204386	0.20952659263588547	1.3638520416111934	1.6986783254044011
20260608	agri_aa_oil__AA_Pro	genotype_population_small_mlp	test	288	59	59	-0.45717302650015545	0.12226165722419904	0.11402688486265344	1.6992467991414688	2.110114323346007
20260608	metabolite__Norcinnamolaurine_E1	population_ridge	test	220	51	51	0.09574787644837945	0.31360801791546766	0.3671123782020622	4837552.873971758	6725569.628360032
20260608	metabolite__Norcinnamolaurine_E1	genotype_population_ridge	test	220	51	51	0.08319377826860352	0.30773219502042454	0.42507749054975624	4690747.039041313	6772095.602744986
20260608	metabolite__Norcinnamolaurine_E1	genotype_population_elasticnet	test	220	51	51	0.08446395418639785	0.30657066002851513	0.3695558723993889	4883902.343846369	6767402.825851285
20260608	metabolite__Norcinnamolaurine_E1	genotype_population_small_mlp	test	220	51	51	-1.0368314076424316	-0.01321978994416472	-0.04592864093123298	7243533.142419297	10093966.198800854
20260608	agri_aa_oil__Kernelthickness	population_ridge	test	320	69	69	0.02826391030132025	0.20223246676148968	0.19582016481464165	0.2224374641207419	0.2702929828831154
20260608	agri_aa_oil__Kernelthickness	genotype_population_ridge	test	320	69	69	0.056966118907501695	0.26445239876077764	0.2675058002967439	0.2133550987674783	0.26627123521451523
20260608	agri_aa_oil__Kernelthickness	genotype_population_elasticnet	test	320	69	69	0.0693097281965015	0.2941767985850956	0.2669577449796025	0.2149924924700841	0.2645228492877594
20260608	agri_aa_oil__Kernelthickness	genotype_population_small_mlp	test	320	69	69	-0.17790759848461368	0.42579771455529325	0.4015966678906864	0.23361759368018026	0.29758854945004154
20260608	metabolite__Norcinnamolaurine_E2	population_ridge	test	220	51	51	0.02219876810107313	0.3057401309862266	0.44692524584614846	9902768.265308887	13135979.271974428
20260608	metabolite__Norcinnamolaurine_E2	genotype_population_ridge	test	220	51	51	0.0057868497975559485	0.30977962509143075	0.3095735110552509	9922546.006198538	13245761.043392668
20260608	metabolite__Norcinnamolaurine_E2	genotype_population_elasticnet	test	220	51	51	-0.06936495055383118	0.14905895317519677	0.22221726429902225	10346236.805647898	13737260.60652059
20260608	metabolite__Norcinnamolaurine_E2	genotype_population_small_mlp	test	220	51	51	-1.0055299127230413	0.0980683764436099	0.16927820133477586	13890862.53704335	18812726.267948136
20260608	metabolite__L_Glutamic_acid_E1	population_ridge	test	220	51	51	-0.041255146806149945	-0.11190718535432521	0.007557074026957431	2664602.304505348	3675677.82513805
20260608	metabolite__L_Glutamic_acid_E1	genotype_population_ridge	test	220	51	51	-0.02410817953161204	-0.03496384616806719	0.024209788050432494	2611644.3957596067	3645287.4059770205
20260608	metabolite__L_Glutamic_acid_E1	genotype_population_elasticnet	test	220	51	51	-0.007704879715990431			2602745.098039216	3615975.9934699284
20260608	metabolite__L_Glutamic_acid_E1	genotype_population_small_mlp	test	220	51	51	-0.9658473245524049	-0.06824779997885881	-0.10000678802141272	3825171.2647696557	5050492.733782588
20260609	agri_aa_oil__Oil_OIL	population_ridge	test	315	64	64	0.3572257764541743	0.6946231550223273	0.3347985347985348	1.0545439769460285	1.5933949384386932
20260609	agri_aa_oil__Oil_OIL	genotype_population_ridge	test	315	64	64	0.8661436937687366	0.9331308240386587	0.6870421245421244	0.5767113868027454	0.7271326154008476
20260609	agri_aa_oil__Oil_OIL	genotype_population_elasticnet	test	315	64	64	0.8765225934596146	0.9387102849264752	0.6936813186813185	0.5498974299021364	0.6983738297745461
20260609	agri_aa_oil__Oil_OIL	genotype_population_small_mlp	test	315	64	64	0.691322478633767	0.8388600815690702	0.4464285714285714	0.898250831698479	1.1041973720119913
20260609	agri_aa_oil__Oil_C18_1	population_ridge	test	315	64	64	0.3000419572662516	0.6269262831440515	0.35224358974358966	0.5245284911536062	0.724591331974156
20260609	agri_aa_oil__Oil_C18_1	genotype_population_ridge	test	315	64	64	0.8526384720587901	0.9264134995731124	0.745054945054945	0.26363945069969974	0.33246749281721
20260609	agri_aa_oil__Oil_C18_1	genotype_population_elasticnet	test	315	64	64	0.8446974752360387	0.9227709942114376	0.7530219780219779	0.2620884588171984	0.3413079375390478
20260609	agri_aa_oil__Oil_C18_1	genotype_population_small_mlp	test	315	64	64	0.44638084312737725	0.7074810355565495	0.48163919413919404	0.5060667086943438	0.6444106142462186
20260609	agri_aa_oil__Oil_C18_2	population_ridge	test	315	64	64	0.3873834739089138	0.7180087573730334	0.368040293040293	0.48642872914953317	0.7126747723760525
20260609	agri_aa_oil__Oil_C18_2	genotype_population_ridge	test	315	64	64	0.7375859294320112	0.8691610138407025	0.3703296703296703	0.3608508818279965	0.4664344193511009
20260609	agri_aa_oil__Oil_C18_2	genotype_population_elasticnet	test	315	64	64	0.7909132267116364	0.895068966699849	0.46932234432234426	0.32421148714266257	0.41635167079145363
20260609	agri_aa_oil__Oil_C18_2	genotype_population_small_mlp	test	315	64	64	0.7153908584141382	0.8492586334070811	0.38328754578754576	0.3913062181665551	0.48575966936158776
20260609	agri_aa_oil__Oil_C20_1	population_ridge	test	315	64	64	0.36120353586664755	0.6802230063276573	0.4216575091575091	0.004058795449414232	0.005481619594582957
20260609	agri_aa_oil__Oil_C20_1	genotype_population_ridge	test	315	64	64	0.804625402282927	0.9004496912766928	0.6777014652014651	0.002465861779995212	0.0030315287433003383
20260609	agri_aa_oil__Oil_C20_1	genotype_population_elasticnet	test	315	64	64	0.7693784267995263	0.8966151192968795	0.6847069597069596	0.002581524012046482	0.0032936512147803084
20260609	agri_aa_oil__Oil_C20_1	genotype_population_small_mlp	test	315	64	64	0.41249616597058447	0.6717136468932108	0.3967032967032967	0.00420689817810856	0.005256939688565225
20260609	agri_aa_oil__Oil_C20_0	population_ridge	test	315	64	64	0.30382131460924966	0.6212836085030533	0.47948717948717945	0.006197308210822871	0.008794181985502043
20260609	agri_aa_oil__Oil_C20_0	genotype_population_ridge	test	315	64	64	0.7825411382961458	0.8852695661280666	0.7732142857142856	0.003883209384618639	0.004915001362024401
20260609	agri_aa_oil__Oil_C20_0	genotype_population_elasticnet	test	315	64	64	0.7675268054429452	0.8770839077631202	0.7168498168498167	0.004110083765365792	0.005081846339767481
20260609	agri_aa_oil__Oil_C20_0	genotype_population_small_mlp	test	315	64	64	0.46670620049651057	0.7437033660064338	0.5263278388278387	0.006247050211662463	0.0076969444900485675
20260609	agri_aa_oil__Oil_C18_0	population_ridge	test	315	64	64	0.33944127834801463	0.6783351124596881	0.5014194139194139	0.029749620314180047	0.044591639767717545
20260609	agri_aa_oil__Oil_C18_0	genotype_population_ridge	test	315	64	64	0.7306306415752425	0.8551440966397388	0.7061355311355311	0.019599945014753897	0.028475530473018318
20260609	agri_aa_oil__Oil_C18_0	genotype_population_elasticnet	test	315	64	64	0.6648722946612824	0.876850734920239	0.5506410256410256	0.022642004955785285	0.0317616381616683
20260609	agri_aa_oil__Oil_C18_0	genotype_population_small_mlp	test	315	64	64	0.49484117525255533	0.749473876354471	0.5578754578754578	0.03035321845624003	0.038995249148782656
20260609	agri_aa_oil__Oil_C16_0	population_ridge	test	315	64	64	0.25570224900541094	0.5921521417811092	0.44597069597069594	0.11586361072501435	0.18526663513479127
20260609	agri_aa_oil__Oil_C16_0	genotype_population_ridge	test	315	64	64	0.7545774636074286	0.8832908825547987	0.6670329670329669	0.0821655963838294	0.1063851672114203
20260609	agri_aa_oil__Oil_C16_0	genotype_population_elasticnet	test	315	64	64	0.8098174536645236	0.9222465716836461	0.6922161172161172	0.07205716569647883	0.093650303542892
20260609	agri_aa_oil__Oil_C16_0	genotype_population_small_mlp	test	315	64	64	0.583376319126737	0.7720083453585556	0.48928571428571427	0.1131261928860257	0.1386104062051486
20260609	agri_aa_oil__Oil_C200_C220	population_ridge	test	315	64	64	0.28035779973207375	0.6059541268852151	0.528937728937729	0.31207991283630915	0.4196242603440457
20260609	agri_aa_oil__Oil_C200_C220	genotype_population_ridge	test	315	64	64	0.6839889202747209	0.8279766337243732	0.6907967032967032	0.22225515860510292	0.2780695488513439
20260609	agri_aa_oil__Oil_C200_C220	genotype_population_elasticnet	test	315	64	64	0.7126633748030682	0.8477159382148639	0.7193223443223442	0.20640625282203678	0.26515374821657023
20260609	agri_aa_oil__Oil_C200_C220	genotype_population_small_mlp	test	315	64	64	0.47901958744910245	0.7409568319538182	0.6676739926739925	0.2885468196950316	0.3570367947576463
20260609	agri_aa_oil__kernellength	population_ridge	test	320	70	70	0.4936885917931846	0.7215807702240806	0.759789341194787	0.41536293367243216	0.5417176661662597
20260609	agri_aa_oil__kernellength	genotype_population_ridge	test	320	70	70	0.5121479210393147	0.7527967195909949	0.7392308500974035	0.4184611849818512	0.5317508861103223
20260609	agri_aa_oil__kernellength	genotype_population_elasticnet	test	320	70	70	0.572925562833914	0.788572586679678	0.7978969102246602	0.38974084908793794	0.497526171352489
20260609	agri_aa_oil__kernellength	genotype_population_small_mlp	test	320	70	70	0.22069178793349886	0.6845387059188015	0.7131259405507686	0.5192535924407261	0.6720765906724697
20260609	agri_aa_oil__Oil_C182_C183	population_ridge	test	315	64	64	0.35726126499453037	0.7080281624890975	0.44157509157509156	6.664014942890062	9.053465392974855
20260609	agri_aa_oil__Oil_C182_C183	genotype_population_ridge	test	315	64	64	0.559213328332471	0.7602432820822611	0.41616300366300363	6.108373657119472	7.49741992413552
20260609	agri_aa_oil__Oil_C182_C183	genotype_population_elasticnet	test	315	64	64	0.5602413275280016	0.759391259489482	0.34299450549450544	6.060153898181082	7.4886721089854795
20260609	agri_aa_oil__Oil_C182_C183	genotype_population_small_mlp	test	315	64	64	0.4590817645565741	0.6922166606297845	0.4604395604395604	6.590557650229304	8.305454823823384
20260609	agri_aa_oil__Oil_C18_3P	population_ridge	test	315	64	64	0.24418360911928938	0.5306550931800011	0.4351190476190475	0.21717667096667617	0.26906854154141213
20260609	agri_aa_oil__Oil_C18_3P	genotype_population_ridge	test	315	64	64	0.5616133493417668	0.7510424945366422	0.6550366300366299	0.1648374748533866	0.20491956825861263
20260609	agri_aa_oil__Oil_C18_3P	genotype_population_elasticnet	test	315	64	64	0.5142938135782911	0.7446850842667426	0.6368131868131868	0.17694728581859087	0.21569575063951393
20260609	agri_aa_oil__Oil_C18_3P	genotype_population_small_mlp	test	315	64	64	0.21422072835362482	0.6061561762259631	0.5188186813186813	0.2175699643627261	0.2743500576760495
20260609	agri_aa_oil__Oil_C16_1	population_ridge	test	315	64	64	-0.002607974299818183	0.1838073809104224	0.15576923076923077	0.002017295979574614	0.0024378944699363276
20260609	agri_aa_oil__Oil_C16_1	genotype_population_ridge	test	315	64	64	0.42759718205999675	0.671395961236129	0.5648351648351648	0.001462239676824688	0.0018420448770490499
20260609	agri_aa_oil__Oil_C16_1	genotype_population_elasticnet	test	315	64	64	0.5044632271349272	0.71729194027029	0.6069139194139194	0.0013156416938046628	0.0017139070652681045
20260609	agri_aa_oil__Oil_C16_1	genotype_population_small_mlp	test	315	64	64	-0.07148908555885569	0.49100447202567027	0.39858058608058605	0.001867929379409698	0.0025202475473436957
20260609	agri_aa_oil__Headingdate	population_ridge	test	321	70	70	0.45379845898280646	0.6789783129826491	0.6860027715214045	1.8885691795485082	2.3702619607479565
20260609	agri_aa_oil__Headingdate	genotype_population_ridge	test	321	70	70	0.38579904810874177	0.6275698583611159	0.6027613057119684	1.9104016248736677	2.5134782346084132
20260609	agri_aa_oil__Headingdate	genotype_population_elasticnet	test	321	70	70	0.3311215705470465	0.5760389710042444	0.5809578862462217	1.9900944083162577	2.6229709552443703
20260609	agri_aa_oil__Headingdate	genotype_population_small_mlp	test	321	70	70	-0.1952717074278767	0.2992366390145922	0.35329938925636195	2.677972642365179	3.506333379261757
20260609	agri_aa_oil__Oil_C22_0	population_ridge	test	315	64	64	0.17234524189829747	0.42717532741100717	0.4695054945054945	0.0018229508122433937	0.002161367643447853
20260609	agri_aa_oil__Oil_C22_0	genotype_population_ridge	test	315	64	64	0.3768385756199857	0.6293048768963521	0.6481684981684981	0.0014717534110091361	0.001875444938814803
20260609	agri_aa_oil__Oil_C22_0	genotype_population_elasticnet	test	315	64	64	0.38495862878270515	0.6266035794501187	0.6190018315018314	0.001495514151952623	0.001863185958237696
20260609	agri_aa_oil__Oil_C22_0	genotype_population_small_mlp	test	315	64	64	-0.12451863035371802	0.39165438134774133	0.3663003663003662	0.0019426906082339816	0.0025193433816982753
20260609	agri_aa_oil__Oil_C24_0P	population_ridge	test	315	64	64	0.15099407749091198	0.41169079257548935	0.41643772893772896	0.06610343543020074	0.07827153268942474
20260609	agri_aa_oil__Oil_C24_0P	genotype_population_ridge	test	315	64	64	0.40021021970337933	0.6347512945302658	0.6384157509157509	0.05090586605191248	0.06578820075739478
20260609	agri_aa_oil__Oil_C24_0P	genotype_population_elasticnet	test	315	64	64	0.3432906617491792	0.6009209548836001	0.5833791208791209	0.056630379182033994	0.06883908263163405
20260609	agri_aa_oil__Oil_C24_0P	genotype_population_small_mlp	test	315	64	64	-0.09790342058945134	0.4404548218420952	0.47518315018315016	0.06765477405279556	0.08900830838671264
20260609	agri_aa_oil__Pollenshed	population_ridge	test	321	70	70	0.46389655253118767	0.6833584932562757	0.6416147594853288	1.9252936718392586	2.2744719508267446
20260609	agri_aa_oil__Pollenshed	genotype_population_ridge	test	321	70	70	0.4250165065487769	0.6574269978195405	0.6088052120984416	1.8280324730819555	2.355504693855936
20260609	agri_aa_oil__Pollenshed	genotype_population_elasticnet	test	321	70	70	0.3780772582060936	0.6162781592413996	0.5972037561424384	1.9272713814907798	2.4497654445389636
20260609	agri_aa_oil__Pollenshed	genotype_population_small_mlp	test	321	70	70	-0.226045288622013	0.3105996522849065	0.34961853695466966	2.674080546693902	3.439612684003303
20260609	agri_aa_oil__Oil_C18_1P	population_ridge	test	315	64	64	0.15113227126467266	0.4330820570045578	0.4545787545787545	4.823958286671017	6.004338001889551
20260609	agri_aa_oil__Oil_C18_1P	genotype_population_ridge	test	315	64	64	0.3786468019569742	0.6803658236393519	0.6928113553113552	3.930655511633768	5.137057054850449
20260609	agri_aa_oil__Oil_C18_1P	genotype_population_elasticnet	test	315	64	64	0.1828569780853876	0.5021388492357937	0.5198717948717948	4.607349840720007	5.89106966402089
20260609	agri_aa_oil__Oil_C18_1P	genotype_population_small_mlp	test	315	64	64	-0.06906328199688883	0.3786273882211859	0.39116300366300366	5.245143505285416	6.738245455186422
20260609	agri_aa_oil__Oil_C18_2P	population_ridge	test	315	64	64	0.1905301865917005	0.45856111649226267	0.42499999999999993	4.333040481744951	5.412403135540859
20260609	agri_aa_oil__Oil_C18_2P	genotype_population_ridge	test	315	64	64	0.31472155107901867	0.6044842167267461	0.5871794871794871	3.9048884597275486	4.97993122624258
20260609	agri_aa_oil__Oil_C18_2P	genotype_population_elasticnet	test	315	64	64	0.1646460836154674	0.42205619947731465	0.3978021978021977	4.2937519187949444	5.498257364602682
20260609	agri_aa_oil__Oil_C18_2P	genotype_population_small_mlp	test	315	64	64	0.22666649237054248	0.5731629039632536	0.556043956043956	4.2781681574850055	5.290213776111597
20260609	agri_aa_oil__Oil_C16_0P	population_ridge	test	315	64	64	0.17152148890744345	0.4298326700278254	0.3804029304029304	1.0838539310013253	1.3974187326293346
20260609	agri_aa_oil__Oil_C16_0P	genotype_population_ridge	test	315	64	64	0.23358139795132327	0.5938907767121958	0.5537545787545787	1.0509824571202253	1.3440609245792332
20260609	agri_aa_oil__Oil_C16_0P	genotype_population_elasticnet	test	315	64	64	0.3087208802581284	0.5887357831221851	0.5090201465201465	0.9809084803059718	1.2764760072185275
20260609	agri_aa_oil__Oil_C16_0P	genotype_population_small_mlp	test	315	64	64	-0.27062834467877006	0.4377448059329354	0.366529304029304	1.3264120763900806	1.7305940499349552
20260609	agri_aa_oil__Silkingtime	population_ridge	test	321	70	70	0.3746221198706732	0.6182699305126623	0.5078176322437157	2.0389839175571898	2.466963902012245
20260609	agri_aa_oil__Silkingtime	genotype_population_ridge	test	321	70	70	0.3415642906026233	0.5918266911138927	0.5553796006943849	1.9725664927572868	2.531326844514523
20260609	agri_aa_oil__Silkingtime	genotype_population_elasticnet	test	321	70	70	0.3320658287290785	0.5821754138729287	0.5620991723960246	1.9854868454436931	2.549519675342195
20260609	agri_aa_oil__Silkingtime	genotype_population_small_mlp	test	321	70	70	-0.2940529931718092	0.2695724057480497	0.35547234257060095	2.7050974944181245	3.548685953730194
20260609	agri_aa_oil__Oil_SFA_USFA	population_ridge	test	315	64	64	0.11605353879170432	0.35642157331768487	0.3777472527472527	0.018025915249757753	0.023403343086335064
20260609	agri_aa_oil__Oil_SFA_USFA	genotype_population_ridge	test	315	64	64	0.15439067137677653	0.5266478909328727	0.48905677655677654	0.018269733711684756	0.022890211277474426
20260609	agri_aa_oil__Oil_SFA_USFA	genotype_population_elasticnet	test	315	64	64	0.2338330597135998	0.5410028535837503	0.5049908424908425	0.016886592524795976	0.021788464375828227
20260609	agri_aa_oil__Oil_SFA_USFA	genotype_population_small_mlp	test	315	64	64	-0.3633546916754189	0.3273176194470663	0.3853937728937729	0.021294936514985662	0.02906493439802237
20260609	agri_aa_oil__Oil_C160_C180	population_ridge	test	315	64	64	0.11599815537958236	0.36233947725534266	0.3468406593406593	1.3756491051704351	1.6820792473587873
20260609	agri_aa_oil__Oil_C160_C180	genotype_population_ridge	test	315	64	64	0.3606938761186287	0.6704186952816017	0.6138278388278388	1.1752401251887439	1.4304553270690428
20260609	agri_aa_oil__Oil_C160_C180	genotype_population_elasticnet	test	315	64	64	0.14294270865593472	0.3952366284493567	0.3132326007326007	1.3087266065756062	1.656245815811592
20260609	agri_aa_oil__Oil_C160_C180	genotype_population_small_mlp	test	315	64	64	0.1725022626251509	0.5520527995063229	0.46776556776556777	1.3072234390736446	1.6274335865328735
20260609	agri_aa_oil__Oil_C181_C182	population_ridge	test	315	64	64	0.1446299316489459	0.4222182838976123	0.43003663003662995	0.15433567966339118	0.20693144284592518
20260609	agri_aa_oil__Oil_C181_C182	genotype_population_ridge	test	315	64	64	0.3004752284719763	0.6106613988043179	0.628525641025641	0.13169400995180777	0.18713327169463248
20260609	agri_aa_oil__Oil_C181_C182	genotype_population_elasticnet	test	315	64	64	0.13018880488911178	0.44471216289290716	0.44674908424908427	0.15185690219339115	0.20867093302545925
20260609	agri_aa_oil__Oil_C181_C182	genotype_population_small_mlp	test	315	64	64	-0.16570055317107513	0.292247456585104	0.35086996336996334	0.18031755057479937	0.24156997961339347
20260609	agri_aa_oil__Leafnumberaboveear	population_ridge	test	321	70	70	0.28780685444140985	0.5534876609307112	0.5377482285014434	0.4249173410922322	0.5527034437732766
20260609	agri_aa_oil__Leafnumberaboveear	genotype_population_ridge	test	321	70	70	0.2796209372001025	0.5641906398948182	0.5448167264456303	0.4281040002050225	0.5558707433254605
20260609	agri_aa_oil__Leafnumberaboveear	genotype_population_elasticnet	test	321	70	70	0.22479732768738792	0.5402857304743687	0.50789957134109	0.44461532034883633	0.5766348767684716
20260609	agri_aa_oil__Leafnumberaboveear	genotype_population_small_mlp	test	321	70	70	-0.43616535146811763	0.10962829119174158	0.2139970256320532	0.5773437898841998	0.7848659677781481
20260609	agri_aa_oil__Earleaflength	population_ridge	test	321	70	70	0.08426474055538069	0.39396987430689867	0.41062024319832036	5.273808212595783	6.349300679677489
20260609	agri_aa_oil__Earleaflength	genotype_population_ridge	test	321	70	70	0.18689528689629198	0.48395558391591215	0.4935526200682355	4.999878680452842	5.982933353722545
20260609	agri_aa_oil__Earleaflength	genotype_population_elasticnet	test	321	70	70	0.1562759977626096	0.4724768687165115	0.48256495494707374	5.0620945591856055	6.09454275247389
20260609	agri_aa_oil__Earleaflength	genotype_population_small_mlp	test	321	70	70	-0.6052497526351399	0.16415621495654154	0.16441256233050475	6.809214722714586	8.406442208818383
20260609	agri_aa_oil__Oil_C18_3	population_ridge	test	315	64	64	0.038324673978493706	0.23626050345489918	0.24945054945054942	0.007445988077579616	0.009302947653651425
20260609	agri_aa_oil__Oil_C18_3	genotype_population_ridge	test	315	64	64	0.25940210892940607	0.5509691550897566	0.5016941391941391	0.006622994652601945	0.008163898114383842
20260609	agri_aa_oil__Oil_C18_3	genotype_population_elasticnet	test	315	64	64	0.2399521401621183	0.6140487760785636	0.6343406593406592	0.006644073915977383	0.00827040563619434
20260609	agri_aa_oil__Oil_C18_3	genotype_population_small_mlp	test	315	64	64	0.0769066288072574	0.45168453586357027	0.3661630036630036	0.00744698990821273	0.009114422504705432
20260609	agri_aa_oil__Oil_C22_0P	population_ridge	test	315	64	64	0.07212829553738209	0.2887794520776811	0.2173534798534798	0.04190732840110381	0.0489836082695308
20260609	agri_aa_oil__Oil_C22_0P	genotype_population_ridge	test	315	64	64	0.18852875592506624	0.4792753535935836	0.5294413919413918	0.032602405426129355	0.045808215628685305
20260609	agri_aa_oil__Oil_C22_0P	genotype_population_elasticnet	test	315	64	64	0.17422174843622507	0.45637648226399397	0.5124084249084249	0.032809916814824404	0.04621027235045247
20260609	agri_aa_oil__Oil_C22_0P	genotype_population_small_mlp	test	315	64	64	-0.236694533384602	0.30102126175048255	0.33869047619047615	0.042371002840806624	0.056550705624785425
20260609	agri_aa_oil__Plantheight	population_ridge	test	321	70	70	0.02631040903590498	0.370327990559481	0.35788644912955997	14.31963686442555	18.20208924465868
20260609	agri_aa_oil__Plantheight	genotype_population_ridge	test	321	70	70	0.1876289866219426	0.5002318362202333	0.4750415536698452	13.25576487924059	16.62601565498584
20260609	agri_aa_oil__Plantheight	genotype_population_elasticnet	test	321	70	70	0.23012371765987005	0.5281101946209236	0.4598897734231476	12.966779106442173	16.18532580304759
20260609	agri_aa_oil__Plantheight	genotype_population_small_mlp	test	321	70	70	-0.5241795747499927	0.37452570583261735	0.3903245560318432	16.990353997711974	22.773461359175908
20260609	agri_aa_oil__AA_Arg	population_ridge	test	291	64	64	0.24949254596434745	0.5148753389903883	0.4755036630036629	0.7954573313559605	1.0149119681511518
20260609	agri_aa_oil__AA_Arg	genotype_population_ridge	test	291	64	64	0.329874436581743	0.6065303734645444	0.6426282051282051	0.7194738190630514	0.9590228646006488
20260609	agri_aa_oil__AA_Arg	genotype_population_elasticnet	test	291	64	64	0.3353137080405102	0.6242677758686324	0.6086080586080586	0.7368796926828813	0.9551228388134408
20260609	agri_aa_oil__AA_Arg	genotype_population_small_mlp	test	291	64	64	0.1444675387540011	0.4962862851757952	0.5489010989010988	0.8130281055459851	1.0836002963166798
20260609	metabolite__Uracil_E1	population_ridge	test	228	44	44	0.47874955314030887	0.7287274186577627	0.6669485553206483	19454.660783609514	27503.37748331314
20260609	metabolite__Uracil_E1	genotype_population_ridge	test	228	44	44	0.36185462321066997	0.6950013513231805	0.644538407329105	20700.755113408926	30431.448379090438
20260609	metabolite__Uracil_E1	genotype_population_elasticnet	test	228	44	44	0.3128846995285296	0.5931607837843164	0.5072586328400281	21337.582234658792	31577.490931876895
20260609	metabolite__Uracil_E1	genotype_population_small_mlp	test	228	44	44	-0.20414866368511175	0.22315747583271175	0.21353065539112046	27648.189587225494	41802.55851044168
20260609	agri_aa_oil__Oil_C20_0P	population_ridge	test	315	64	64	0.002453496274053779	0.2086618842588815	0.2617216117216117	0.07836379123966866	0.09628542423616145
20260609	agri_aa_oil__Oil_C20_0P	genotype_population_ridge	test	315	64	64	0.09741958828281294	0.40916695875436904	0.4322802197802198	0.06825367887846227	0.09158765190276648
20260609	agri_aa_oil__Oil_C20_0P	genotype_population_elasticnet	test	315	64	64	0.14241730197422742	0.41960700235197673	0.4584249084249084	0.06504741343171369	0.08927543562994725
20260609	agri_aa_oil__Oil_C20_0P	genotype_population_small_mlp	test	315	64	64	-0.520478460646798	0.0942900681758963	0.19029304029304026	0.08489695784155535	0.11887324246403856
20260609	metabolite__5_Hydroxyindoleacetic_acid_E1	population_ridge	test	228	44	44	-0.0028045317160465544	0.15506703059532323	0.17928118393234668	3667293.8847989705	4503790.572594809
20260609	metabolite__5_Hydroxyindoleacetic_acid_E1	genotype_population_ridge	test	228	44	44	0.22453592373151487	0.5072016830804774	0.5231853417899929	3088034.6224743878	3960507.9138312032
20260609	metabolite__5_Hydroxyindoleacetic_acid_E1	genotype_population_elasticnet	test	228	44	44	0.16825884458149176	0.49093245556988985	0.5687103594080337	3253242.5774212573	4101702.3283174327
20260609	metabolite__5_Hydroxyindoleacetic_acid_E1	genotype_population_small_mlp	test	228	44	44	-0.43259824954376347	0.22981039895943609	0.23608174770965465	4071623.5433949423	5383097.570829846
20260609	agri_aa_oil__Earleafwidth	population_ridge	test	321	70	70	0.11062504916633864	0.3695057462139556	0.25441788855068276	0.6034329785886543	0.7596886393731589
20260609	agri_aa_oil__Earleafwidth	genotype_population_ridge	test	321	70	70	0.25453516649567653	0.5353356137917761	0.5003849250162283	0.5430854144599441	0.6955154241751942
20260609	agri_aa_oil__Earleafwidth	genotype_population_elasticnet	test	321	70	70	0.1436156939449863	0.5121773991228442	0.4798964202715169	0.5848602599225626	0.7454654758347509
20260609	agri_aa_oil__Earleafwidth	genotype_population_small_mlp	test	321	70	70	-0.03734163826042414	0.3749543164389477	0.32013507370963773	0.6739906652964712	0.8204537237155937
20260609	agri_aa_oil__Oil_C16_1P	population_ridge	test	315	64	64	0.07767818752953848	0.30077498303656414	0.2675824175824175	0.030539398886434508	0.0399630896010909
20260609	agri_aa_oil__Oil_C16_1P	genotype_population_ridge	test	315	64	64	-0.10696584948104904	0.23011381323745903	0.29720695970695965	0.031085736445211138	0.043780924526494784
20260609	agri_aa_oil__Oil_C16_1P	genotype_population_elasticnet	test	315	64	64	0.10670730197619616	0.3494182180487859	0.3014194139194139	0.02997883404660416	0.03932916345697348
20260609	agri_aa_oil__Oil_C16_1P	genotype_population_small_mlp	test	315	64	64	-0.45958998070868673	0.12178615324418463	0.19606227106227103	0.03548801986405165	0.05027282075269557
20260609	agri_aa_oil__Eardiameter	population_ridge	test	321	70	70	0.11397361376073811	0.3393449568473939	0.3299623829936138	0.22046654398785367	0.26628244142890467
20260609	agri_aa_oil__Eardiameter	genotype_population_ridge	test	321	70	70	0.2161422472634673	0.4741815104704953	0.41569416498993966	0.2019567295197109	0.250459685797816
20260609	agri_aa_oil__Eardiameter	genotype_population_elasticnet	test	321	70	70	0.20744985505328206	0.4738272040698501	0.38346601347213716	0.19976025680357437	0.25184456173119074
20260609	agri_aa_oil__Eardiameter	genotype_population_small_mlp	test	321	70	70	-0.16533414881228947	0.3802510153904296	0.42272767037004627	0.22254923125683704	0.30538270592230216
20260609	agri_aa_oil__Oil_C24_0	population_ridge	test	315	64	64	0.18645076149599404	0.44113653554582843	0.4433150183150183	0.0020618762093791198	0.0025101576188281444
20260609	agri_aa_oil__Oil_C24_0	genotype_population_ridge	test	315	64	64	0.28696234788753205	0.5879768341754978	0.6236721611721611	0.0019489695424016076	0.0023499861517105153
20260609	agri_aa_oil__Oil_C24_0	genotype_population_elasticnet	test	315	64	64	0.17898313979408198	0.5699532565874854	0.5731227106227106	0.0020849573704810774	0.002521651753255102
20260609	agri_aa_oil__Oil_C24_0	genotype_population_small_mlp	test	315	64	64	-0.38532553920852064	0.3093501531230723	0.3448717948717948	0.0025686654661791946	0.0032755557207413783
20260609	agri_aa_oil__Oil_C220_C240	population_ridge	test	315	64	64	-0.14766450573117051	0.11067575791707432	0.16762820512820512	0.11596026029580644	0.17099409541241323
20260609	agri_aa_oil__Oil_C220_C240	genotype_population_ridge	test	315	64	64	0.22516095691610238	0.5006382551303921	0.4977564102564102	0.09096768567069848	0.14050099083954054
20260609	agri_aa_oil__Oil_C220_C240	genotype_population_elasticnet	test	315	64	64	0.25787724318889904	0.5231987208496476	0.5363095238095238	0.0928680831623474	0.13750279102063143
20260609	agri_aa_oil__Oil_C220_C240	genotype_population_small_mlp	test	315	64	64	-0.2933473890852696	0.27823880136712337	0.2744505494505494	0.13024842855840485	0.18152282187118407
20260609	agri_aa_oil__Earheight	population_ridge	test	321	70	70	-0.02371832758465864	0.18902976951903633	0.19506604846470124	8.905946362326773	10.45627873595604
20260609	agri_aa_oil__Earheight	genotype_population_ridge	test	321	70	70	0.09842848865648368	0.34616183720678084	0.31285101915842883	8.07424276420734	9.812665680524114
20260609	agri_aa_oil__Earheight	genotype_population_elasticnet	test	321	70	70	0.12459579431512624	0.3903092370660353	0.35991601784620764	7.8706377982579285	9.669215219427258
20260609	agri_aa_oil__Earheight	genotype_population_small_mlp	test	321	70	70	-0.43912264528458334	0.3172235085231179	0.3425597060624617	9.51116448487586	12.397548504632262
20260609	metabolite__L_Arginine_E1	population_ridge	test	228	44	44	0.20098111928385398	0.5145484382143373	0.5250026459193876	3290630.215251149	4224063.642098136
20260609	metabolite__L_Arginine_E1	genotype_population_ridge	test	228	44	44	0.11671130919940031	0.49229713937549907	0.4897628388365988	3524166.86796734	4441230.022952316
20260609	metabolite__L_Arginine_E1	genotype_population_elasticnet	test	228	44	44	0.17786450075387683	0.5169056900431274	0.518095643731161	3416521.7940379293	4284731.699983542
20260609	metabolite__L_Arginine_E1	genotype_population_small_mlp	test	228	44	44	-1.314455949765457	0.23412876146287032	0.17387320814648	6020971.42901818	7189130.906508181
20260609	agri_aa_oil__Kernernumberperrow	population_ridge	test	321	70	70	0.07952887532961794	0.3222996178160076	0.3763658154795009	1.6949478902791402	2.121982261561237
20260609	agri_aa_oil__Kernernumberperrow	genotype_population_ridge	test	321	70	70	0.17189789351766815	0.442821425084029	0.449973317953689	1.6187727014732183	2.012697973200457
20260609	agri_aa_oil__Kernernumberperrow	genotype_population_elasticnet	test	321	70	70	0.12043064572701234	0.44372407487453297	0.44811869583287506	1.6587606564025785	2.0743006777936035
20260609	agri_aa_oil__Kernernumberperrow	genotype_population_small_mlp	test	321	70	70	-0.4836368002343272	0.28598605303007296	0.2912631551432872	2.1964176123405235	2.694017813766135
20260609	metabolite__Indole_3_carboxyaldehyde_E1	population_ridge	test	228	44	44	-0.08688173344293548	-0.02762844902421707	0.005779124688395804	69200.1566290562	79289.77797189777
20260609	metabolite__Indole_3_carboxyaldehyde_E1	genotype_population_ridge	test	228	44	44	0.022342507504319875	0.4318374254694727	0.3124955959554511	65261.80632861327	75200.2740460551
20260609	metabolite__Indole_3_carboxyaldehyde_E1	genotype_population_elasticnet	test	228	44	44	-0.0786481217318149			68666.94577352471	78988.87939189433
20260609	metabolite__Indole_3_carboxyaldehyde_E1	genotype_population_small_mlp	test	228	44	44	-0.6303312561947392	0.21291171204564985	0.194234971234376	73301.49911000865	97110.00672163452
20260609	agri_aa_oil__Oil_C180_C200	population_ridge	test	315	64	64	0.05209454173938555	0.24342502568812996	0.26460622710622705	0.5906429634158432	0.7504314149963879
20260609	agri_aa_oil__Oil_C180_C200	genotype_population_ridge	test	315	64	64	0.14777092209047427	0.38777112937507324	0.4125	0.559881666226002	0.7115520406599094
20260609	agri_aa_oil__Oil_C180_C200	genotype_population_elasticnet	test	315	64	64	0.16595817333496798	0.4265262240125398	0.45022893772893763	0.5598193515011802	0.7039185495371225
20260609	agri_aa_oil__Oil_C180_C200	genotype_population_small_mlp	test	315	64	64	-0.18455336879001605	0.3579229232667962	0.3410714285714285	0.6707904425944963	0.8388915319491799
20260609	agri_aa_oil__100grainweight	population_ridge	test	319	70	70	-0.05043408841628905	0.21951052712429453	0.27213395894154396	1.9929039447624401	2.4865054652564638
20260609	agri_aa_oil__100grainweight	genotype_population_ridge	test	319	70	70	0.09468563962126153	0.4182353262169168	0.4340880465106903	1.8395197140458464	2.308366267869744
20260609	agri_aa_oil__100grainweight	genotype_population_elasticnet	test	319	70	70	-0.00845605800850624	0.39316360275250684	0.41491111479334103	1.9825540984785115	2.4363153656586105
20260609	agri_aa_oil__100grainweight	genotype_population_small_mlp	test	319	70	70	-0.3038162356395959	0.3388401428596775	0.3427176656457289	2.2752080790367706	2.7702132810289553
20260609	agri_aa_oil__Oil_C200_C201	population_ridge	test	315	64	64	-0.011023933346392178	0.09134758761959352	0.11199633699633699	0.21141241090416618	0.27895774136827
20260609	agri_aa_oil__Oil_C200_C201	genotype_population_ridge	test	315	64	64	0.20945416010317786	0.47738604287423414	0.43484432234432235	0.18258723419029055	0.24667278014724786
20260609	agri_aa_oil__Oil_C200_C201	genotype_population_elasticnet	test	315	64	64	0.14019992172576246	0.39203465610446064	0.3953754578754578	0.19607121457535592	0.2572506258162413
20260609	agri_aa_oil__Oil_C200_C201	genotype_population_small_mlp	test	315	64	64	-0.33065989364165316	0.32754727886212176	0.3923992673992674	0.241185959875597	0.32003039935888383
20260609	agri_aa_oil__cobweight	population_ridge	test	320	70	70	0.10074442840918407	0.384495491903193	0.42815526338147303	2.845888843718273	3.654210807883692
20260609	agri_aa_oil__cobweight	genotype_population_ridge	test	320	70	70	0.16874327054843552	0.45274677017899145	0.47462579501243174	2.6771033644911713	3.5133354370392893
20260609	agri_aa_oil__cobweight	genotype_population_elasticnet	test	320	70	70	0.07817485186032647	0.3872320219060525	0.37209668531460854	2.9090800080241723	3.6997834473699838
20260609	agri_aa_oil__cobweight	genotype_population_small_mlp	test	320	70	70	-0.4842715328093128	0.1514966632823697	0.2194227926144029	3.615990513205288	4.694709327903969
20260609	metabolite__Glutathione_E1	population_ridge	test	228	44	44	0.08295391879255987	0.37334957097733046	0.35357130294335437	702601.613820932	929032.183571877
20260609	metabolite__Glutathione_E1	genotype_population_ridge	test	228	44	44	0.1264157072049461	0.4009045746983468	0.39042954321430795	700133.3963379506	906750.0491581069
20260609	metabolite__Glutathione_E1	genotype_population_elasticnet	test	228	44	44	0.16279649120459172	0.40470803727014426	0.3792945490215533	692297.035774946	887668.2765236885
20260609	metabolite__Glutathione_E1	genotype_population_small_mlp	test	228	44	44	-0.8964751608478483	0.2487525323129104	0.26921315073621954	1018296.2542926784	1336007.0776581035
20260609	agri_aa_oil__Oil_C20_1P	population_ridge	test	315	64	64	0.04147524238722178	0.22490170857605696	0.23131868131868127	0.03869013089141744	0.04779701337183634
20260609	agri_aa_oil__Oil_C20_1P	genotype_population_ridge	test	315	64	64	0.1594794681245496	0.4107511500242067	0.4182234432234432	0.03706985177232864	0.044758266337996004
20260609	agri_aa_oil__Oil_C20_1P	genotype_population_elasticnet	test	315	64	64	0.1282880475710384	0.38162747184671075	0.3658882783882783	0.037532042313778574	0.04558118308523364
20260609	agri_aa_oil__Oil_C20_1P	genotype_population_small_mlp	test	315	64	64	-0.4752826934741099	0.034259561678524966	0.05489926739926739	0.045447545520827394	0.059297545471809335
20260609	agri_aa_oil__Oil_C18_0P	population_ridge	test	315	64	64	0.029513612754889174	0.2118677561394602	0.201007326007326	0.33498988653696565	0.4393569009756941
20260609	agri_aa_oil__Oil_C18_0P	genotype_population_ridge	test	315	64	64	0.1677943133439448	0.4195085436833908	0.36726190476190473	0.3195109201276265	0.4068535106554109
20260609	agri_aa_oil__Oil_C18_0P	genotype_population_elasticnet	test	315	64	64	0.06462612100872345	0.2923060488258117	0.27628205128205124	0.33561040510210033	0.43133564297818944
20260609	agri_aa_oil__Oil_C18_0P	genotype_population_small_mlp	test	315	64	64	-0.31685409714600166	0.3149401239176427	0.3032051282051281	0.39025582083600757	0.5117897195895708
20260609	metabolite__Pro_Leu_E1	population_ridge	test	228	44	44	0.14810159181079918	0.43505664416485756	0.4367775628397236	271787.5641962143	337687.28248821286
20260609	metabolite__Pro_Leu_E1	genotype_population_ridge	test	228	44	44	0.06633428710813172	0.3318441479530425	0.3440231215460207	295393.2025465357	353522.05004538805
20260609	metabolite__Pro_Leu_E1	genotype_population_elasticnet	test	228	44	44	0.026516713201643838	0.27985404918017015	0.269382579501924	298010.8900491975	360981.5884408908
20260609	metabolite__Pro_Leu_E1	genotype_population_small_mlp	test	228	44	44	-1.168976397704765	0.08636504221322909	0.11848040715403828	422254.408354905	538825.5921279107
20260609	agri_aa_oil__Earlength	population_ridge	test	321	70	70	0.021930166095315173	0.27623685154892247	0.3031957238828632	0.8609304367419146	1.1466478970527318
20260609	agri_aa_oil__Earlength	genotype_population_ridge	test	321	70	70	0.04573156130200273	0.3033287963164591	0.21753317762338495	0.8673745575078	1.1326100914697277
20260609	agri_aa_oil__Earlength	genotype_population_elasticnet	test	321	70	70	0.04724877163101415	0.31536017870834315	0.3214969949995736	0.8609316973137989	1.1317093536710283
20260609	agri_aa_oil__Earlength	genotype_population_small_mlp	test	321	70	70	-0.44625170691033356	0.20576719120061776	0.20005423895646937	1.105367799711239	1.3943348715116464
20260609	metabolite__Feruloylserotonin_E1	population_ridge	test	228	44	44	0.06703781911307383	0.3274744701566588	0.27870031871092377	20784.09266882674	45739.234476454076
20260609	metabolite__Feruloylserotonin_E1	genotype_population_ridge	test	228	44	44	0.07654228290653364	0.3452623207234869	0.2571856166062715	21927.38579162244	45505.65600588202
20260609	metabolite__Feruloylserotonin_E1	genotype_population_elasticnet	test	228	44	44	0.018208836037835185	0.21093747490908757	0.11351836242059975	22490.625505554966	46920.9105662693
20260609	metabolite__Feruloylserotonin_E1	genotype_population_small_mlp	test	228	44	44	-0.21212080690744273	0.107228207667244	0.02448712805332139	29884.98754480956	52135.05369534576
20260609	metabolite__Trigonelline_E1	population_ridge	test	228	44	44	-0.027973560648131057	0.2151577417050822	0.24852863821969984	1661047.4495671177	2158800.255964644
20260609	metabolite__Trigonelline_E1	genotype_population_ridge	test	228	44	44	0.05893761306921441	0.35256286472915105	0.3518590362996998	1612855.134854514	2065526.1436260405
20260609	metabolite__Trigonelline_E1	genotype_population_elasticnet	test	228	44	44	-0.0800357023199123	0.23707894316128492	0.2512775369407912	1753410.6637821211	2212791.754689987
20260609	metabolite__Trigonelline_E1	genotype_population_small_mlp	test	228	44	44	-0.24533270600955248	0.49483902141563285	0.5490044138097679	1915895.0948679484	2376097.106883106
20260609	metabolite__IAA_E1	population_ridge	test	228	44	44	-0.16838945446069986	-0.04880983959568389	-0.07068607072995503	907728.8535353213	1076583.1548079664
20260609	metabolite__IAA_E1	genotype_population_ridge	test	228	44	44	-0.035005235310036076	0.44148324096603736	0.2722435605481717	859514.395804992	1013269.6606779767
20260609	metabolite__IAA_E1	genotype_population_elasticnet	test	228	44	44	-0.15246117798386627			904233.2535885166	1069219.6170979121
20260609	metabolite__IAA_E1	genotype_population_small_mlp	test	228	44	44	-0.738733656802318	0.19573331376472863	0.12558582057904272	1053568.4053601066	1313319.2087687503
20260609	agri_aa_oil__AA_Asp	population_ridge	test	291	64	64	0.0010464433405094065	0.22278413124687402	0.2332875457875458	1.1073519592847316	1.383776542204662
20260609	agri_aa_oil__AA_Asp	genotype_population_ridge	test	291	64	64	0.1405594629759922	0.3794181102544097	0.41556776556776553	1.006136493037959	1.2835158392874269
20260609	agri_aa_oil__AA_Asp	genotype_population_elasticnet	test	291	64	64	0.09526699155851448	0.32095107342093754	0.35187728937728935	1.0238882705471184	1.3169022302388238
20260609	agri_aa_oil__AA_Asp	genotype_population_small_mlp	test	291	64	64	-0.5333440379861445	0.140204942768261	0.2092948717948718	1.2447144182764	1.714403796901567
20260609	metabolite__Malvidin_3_O_hexoside_E2	population_ridge	test	228	44	44	0.2278761126080373	0.5074046905278048	0.4993832676649385	77769.80406144955	97934.90455961866
20260609	metabolite__Malvidin_3_O_hexoside_E2	genotype_population_ridge	test	228	44	44	0.24772187606097418	0.5025492367913551	0.4292511079858117	75507.83465865866	96668.10977172568
20260609	metabolite__Malvidin_3_O_hexoside_E2	genotype_population_elasticnet	test	228	44	44	0.09341950681986111	0.33113261322081966	0.40500441157413364	84957.89485350536	106119.98874013088
20260609	metabolite__Malvidin_3_O_hexoside_E2	genotype_population_small_mlp	test	228	44	44	-0.19622905443801208	0.39466368818130054	0.3709603581821554	102512.594013727	121899.2920555136
20260609	metabolite__Gluconolactone_E2	population_ridge	test	228	44	44	0.3137550457440029	0.5669219456631035	0.4676771527756777	138684.26564633695	177875.72269310724
20260609	metabolite__Gluconolactone_E2	genotype_population_ridge	test	228	44	44	0.10129513688062297	0.37600988455934786	0.33464929819507716	158094.98723633855	203556.81237546584
20260609	metabolite__Gluconolactone_E2	genotype_population_elasticnet	test	228	44	44	0.23657666744164096	0.5141958101449414	0.3782164492977858	139429.26747999698	187611.65306027586
20260609	metabolite__Gluconolactone_E2	genotype_population_small_mlp	test	228	44	44	-0.8960125128409266	0.22493863782255388	0.212618976902539	231513.21333112736	295663.48732137
20260609	agri_aa_oil__AA_Thr	population_ridge	test	291	64	64	-0.021053451514701615	0.2050607615717434	0.25723443223443215	0.4375486656204067	0.5271570481543028
20260609	agri_aa_oil__AA_Thr	genotype_population_ridge	test	291	64	64	0.08128269001968069	0.34297605124820574	0.3327380952380952	0.403735589808544	0.5000422816953843
20260609	agri_aa_oil__AA_Thr	genotype_population_elasticnet	test	291	64	64	0.07090234275542828	0.3884388428371013	0.40815018315018314	0.4159065315325895	0.5028592705994409
20260609	agri_aa_oil__AA_Thr	genotype_population_small_mlp	test	291	64	64	-0.4927541233373496	0.1611397642151386	0.17023809523809522	0.4845641152811131	0.6373968580255054
20260609	agri_aa_oil__AA_Phe	population_ridge	test	291	64	64	0.022792347824838743	0.21171638357848865	0.17747252747252745	0.95417854210774	1.1311961169702995
20260609	agri_aa_oil__AA_Phe	genotype_population_ridge	test	291	64	64	0.07303196620815788	0.29917301152930464	0.28392857142857136	0.9395212293087067	1.1017342610072978
20260609	agri_aa_oil__AA_Phe	genotype_population_elasticnet	test	291	64	64	0.06474491528281667	0.2890959489227828	0.2937271062271062	0.9205443217464172	1.1066480296446273
20260609	agri_aa_oil__AA_Phe	genotype_population_small_mlp	test	291	64	64	-0.4275124394599439	0.0845554487552965	0.10412087912087911	1.0756668364180448	1.3672074833371266
20260609	agri_aa_oil__AA_His	population_ridge	test	291	64	64	-0.03505615631524628	0.2025599674778742	0.19152930402930401	0.45277863524671474	0.5703652903371479
20260609	agri_aa_oil__AA_His	genotype_population_ridge	test	291	64	64	0.15564642919884664	0.443242234955775	0.421474358974359	0.40909311592420927	0.5151495257828228
20260609	agri_aa_oil__AA_His	genotype_population_elasticnet	test	291	64	64	0.14850371793155592	0.44658182364398524	0.42413003663003657	0.41382491270974747	0.5173238609655524
20260609	agri_aa_oil__AA_His	genotype_population_small_mlp	test	291	64	64	-0.18749328644223295	0.2496799752025784	0.2271978021978022	0.46677293199279984	0.6109233347284244
20260609	metabolite__Feruloyltryptamine_E1	population_ridge	test	228	44	44	0.011186350062209027	0.31019371784568095	0.3112050739957717	16848547.448009416	22421167.818877168
20260609	metabolite__Feruloyltryptamine_E1	genotype_population_ridge	test	228	44	44	0.05572198990149635	0.35546377293359255	0.4503171247357293	16114358.803401865	21910432.022816986
20260609	metabolite__Feruloyltryptamine_E1	genotype_population_elasticnet	test	228	44	44	0.05533295001060767	0.43640976541046406	0.485553206483439	16688108.252409304	21914945.076284196
20260609	metabolite__Feruloyltryptamine_E1	genotype_population_small_mlp	test	228	44	44	-0.6717103961312456	0.0381423704756161	0.24186046511627904	19124566.199481845	29152883.995004486
20260609	metabolite__N_Coumaroyltryptamine_E1	population_ridge	test	228	44	44	0.07767797902587803	0.412806342627344	0.4770965468639886	9933978.953465272	14766544.096524961
20260609	metabolite__N_Coumaroyltryptamine_E1	genotype_population_ridge	test	228	44	44	0.15915018624554333	0.5159845824711964	0.5188160676532769	9884175.329505838	14099275.408134192
20260609	metabolite__N_Coumaroyltryptamine_E1	genotype_population_elasticnet	test	228	44	44	0.11390260449139433	0.4144821021422237	0.4214235377026074	10186883.970454525	14473658.045321198
20260609	metabolite__N_Coumaroyltryptamine_E1	genotype_population_small_mlp	test	228	44	44	-0.5013755213118487	0.13354975591016874	0.2806201550387597	12234993.913112711	18840058.333142053
20260609	agri_aa_oil__AA_Pro	population_ridge	test	291	64	64	-0.010516700026067971	0.1461661632432817	0.11236263736263735	1.4627302526148767	1.8442048761865588
20260609	agri_aa_oil__AA_Pro	genotype_population_ridge	test	291	64	64	0.0628618881287929	0.279866254702972	0.26085164835164837	1.469795200173637	1.7759846939153272
20260609	agri_aa_oil__AA_Pro	genotype_population_elasticnet	test	291	64	64	0.01799641657344009	0.21495499584353925	0.1982142857142857	1.4421822838804097	1.818000317344372
20260609	agri_aa_oil__AA_Pro	genotype_population_small_mlp	test	291	64	64	-0.5295403568046093	-0.041741453475270654	-0.04134615384615384	1.7671761303041378	2.268913235589709
20260609	metabolite__Norcinnamolaurine_E1	population_ridge	test	228	44	44	0.1268130738687694	0.40591479004262837	0.4653981677237491	5627702.007408007	8500559.084296755
20260609	metabolite__Norcinnamolaurine_E1	genotype_population_ridge	test	228	44	44	0.09972927093061601	0.4978924800371091	0.51261451726568	5751109.263071402	8631384.094112495
20260609	metabolite__Norcinnamolaurine_E1	genotype_population_elasticnet	test	228	44	44	0.09594774134751682	0.3972983751948066	0.4515856236786469	5624081.508072668	8649492.886087913
20260609	metabolite__Norcinnamolaurine_E1	genotype_population_small_mlp	test	228	44	44	-0.10206250882665269	0.2551810190102196	0.14207188160676532	6695178.3083151905	9549859.720630012
20260609	agri_aa_oil__Kernelthickness	population_ridge	test	320	70	70	-0.0034965021601756074	0.08949060900679824	0.1207471240383578	0.25216922452160073	0.3146493442732232
20260609	agri_aa_oil__Kernelthickness	genotype_population_ridge	test	320	70	70	0.09763096692045636	0.32681815483687676	0.3276147153302726	0.23215937184598934	0.2983740099983183
20260609	agri_aa_oil__Kernelthickness	genotype_population_elasticnet	test	320	70	70	0.08931142998179575	0.42626852139508	0.44017322119011265	0.23879217970867975	0.2997463078956151
20260609	agri_aa_oil__Kernelthickness	genotype_population_small_mlp	test	320	70	70	-0.4410671328868958	0.09584412946452922	0.010060802249247318	0.3137527850122132	0.3770604713329967
20260609	metabolite__Norcinnamolaurine_E2	population_ridge	test	228	44	44	0.12722580633691882	0.37068139457681626	0.4736397002231631	11062498.050147118	15045273.674837345
20260609	metabolite__Norcinnamolaurine_E2	genotype_population_ridge	test	228	44	44	0.09824943300826727	0.3892844774683054	0.46222160030706905	11388599.518930428	15292988.283303078
20260609	metabolite__Norcinnamolaurine_E2	genotype_population_elasticnet	test	228	44	44	0.09041094032914021	0.352700857718281	0.42613476600435185	11327795.497273518	15359311.835059049
20260609	metabolite__Norcinnamolaurine_E2	genotype_population_small_mlp	test	228	44	44	-1.1364844090951358	-0.22060970677770955	0.015224133221458816	15861966.121563291	23539596.14972862
20260609	metabolite__L_Glutamic_acid_E1	population_ridge	test	228	44	44	0.01965964518863117	0.20949267051342071	0.21081938653293314	3034902.9726814	5928903.319198734
20260609	metabolite__L_Glutamic_acid_E1	genotype_population_ridge	test	228	44	44	0.07253815063849844	0.33549590308102295	0.21744493729658934	2915109.5743707195	5766787.593017035
20260609	metabolite__L_Glutamic_acid_E1	genotype_population_elasticnet	test	228	44	44	0.04149700317648519	0.3050599164814878	-0.12651982575279672	3065719.406061254	5862497.437053122
20260609	metabolite__L_Glutamic_acid_E1	genotype_population_small_mlp	test	228	44	44	-0.12326121060012474	0.06714031787760324	-0.16239647829216913	3866477.770390576	6346383.456628228
