seed	trait	model	split	train_non_missing	test_non_missing	n_eval	r2	pearson	spearman	mae	rmse
20260605	agri_aa_oil__Oil_OIL	genotype_population_ridge	test	158	34	34	0.8207942697878765	0.9130343455469212	0.44110007639419396	0.6861971012095013	0.8473442017404509
20260605	agri_aa_oil__Oil_OIL	genotype_population_methylation_ridge	test	158	34	34	0.8028246450135462	0.9004676516211576	0.440488922841864	0.7012298999334545	0.8888126590621551
20260605	agri_aa_oil__Oil_C18_1	genotype_population_ridge	test	158	34	34	0.7692813128732235	0.9324122489148001	0.706340718105424	0.3308894919398406	0.43521273987490117
20260605	agri_aa_oil__Oil_C18_1	genotype_population_methylation_ridge	test	158	34	34	0.7718755201077263	0.9357120359749154	0.7054239877769289	0.32986729880965077	0.4327590510595678
20260605	agri_aa_oil__Oil_C18_2	genotype_population_ridge	test	158	34	34	0.7254587807831921	0.8519323759997826	0.37356760886172646	0.352799932794537	0.46792152914077356
20260605	agri_aa_oil__Oil_C18_2	genotype_population_methylation_ridge	test	158	34	34	0.6357618557808065	0.7999373031004625	0.24125286478227656	0.3854039158191882	0.5389667343949862
20260605	agri_aa_oil__Oil_C20_1	genotype_population_ridge	test	158	34	34	0.7588178077062996	0.8863261999045542	0.5621084797555385	0.002784571473275608	0.003414111545203228
20260605	agri_aa_oil__Oil_C20_1	genotype_population_methylation_ridge	test	158	34	34	0.7609512177772491	0.8863008413089549	0.5669977081741787	0.0028107604749373575	0.003398978009096735
20260605	agri_aa_oil__Oil_C20_0	genotype_population_ridge	test	158	34	34	0.6229949521254814	0.8271212571718612	0.6385026737967914	0.00532203639963815	0.0075255971179579925
20260605	agri_aa_oil__Oil_C20_0	genotype_population_methylation_ridge	test	158	34	34	0.6239833119857012	0.8261739372357293	0.6513368983957218	0.005339203249156448	0.0075157260572932755
20260605	agri_aa_oil__Oil_C18_0	genotype_population_ridge	test	158	34	34	0.5330798953178537	0.7581880226104158	0.3677616501145912	0.03381435680535491	0.045778391962121995
20260605	agri_aa_oil__Oil_C18_0	genotype_population_methylation_ridge	test	158	34	34	0.5175984152538811	0.8024024394881193	0.4847975553857906	0.031197440748601077	0.04653113104136821
20260605	agri_aa_oil__Oil_C16_0	genotype_population_ridge	test	158	34	34	0.6521303010674262	0.8293184860074971	0.6638655462184874	0.07580061798939217	0.11633434670862194
20260605	agri_aa_oil__Oil_C16_0	genotype_population_methylation_ridge	test	158	34	34	0.6463646066355603	0.8216902391479006	0.6504201680672268	0.0777772473264603	0.1172944645327953
20260605	agri_aa_oil__Oil_C200_C220	genotype_population_ridge	test	158	34	34	0.5679587675688156	0.8211840785004209	0.6705882352941176	0.3017769541355974	0.37018494358996196
20260605	agri_aa_oil__Oil_C200_C220	genotype_population_methylation_ridge	test	158	34	34	0.5811673785346664	0.8307112842830149	0.703590527119939	0.2957301998465674	0.36448226627305863
20260605	agri_aa_oil__kernellength	genotype_population_ridge	test	164	36	36	0.3493195834202003	0.5926450130041899	0.6272844272844273	0.4397029591516632	0.560504870050215
20260605	agri_aa_oil__kernellength	genotype_population_methylation_ridge	test	164	36	36	0.350394139195469	0.593097531370686	0.6401544401544401	0.4463009066873259	0.560041860408725
20260605	agri_aa_oil__Oil_C182_C183	genotype_population_ridge	test	158	34	34	0.541534735545018	0.7370798819388097	0.5923605805958746	6.064948552334914	8.21713009602933
20260605	agri_aa_oil__Oil_C182_C183	genotype_population_methylation_ridge	test	158	34	34	0.44012927518875966	0.6637325624449448	0.4349885408708938	6.924698433970237	9.08052218905878
20260605	agri_aa_oil__Oil_C18_3P	genotype_population_ridge	test	158	34	34	0.5933487059267544	0.7917941085035443	0.7130634071810542	0.17195430752630594	0.20788193089369908
20260605	agri_aa_oil__Oil_C18_3P	genotype_population_methylation_ridge	test	158	34	34	0.5497755131431135	0.7613979823873228	0.6290297937356761	0.17981403493877693	0.21873597615665602
20260605	agri_aa_oil__Oil_C16_1	genotype_population_ridge	test	158	34	34	0.4168062041123971	0.6572701137057765	0.5187165775401069	0.0013383973053269153	0.0017553274205323022
20260605	agri_aa_oil__Oil_C16_1	genotype_population_methylation_ridge	test	158	34	34	0.39552356382534426	0.6464103620053201	0.5040488922841864	0.0013632685734668542	0.0017870692310736076
20260605	agri_aa_oil__Headingdate	genotype_population_ridge	test	164	36	36	0.2693757255531486	0.5369403041674297	0.5286054454603895	2.1129030022070188	2.828892862995514
20260605	agri_aa_oil__Headingdate	genotype_population_methylation_ridge	test	164	36	36	0.28225649170146994	0.5491230591967713	0.5149623538561039	2.115203364453839	2.8038455573747303
20260605	agri_aa_oil__Oil_C22_0	genotype_population_ridge	test	158	34	34	0.4215823565871918	0.688341155290877	0.5951107715813597	0.001570568830058413	0.0019444007761622007
20260605	agri_aa_oil__Oil_C22_0	genotype_population_methylation_ridge	test	158	34	34	0.45222394664668486	0.7015908958404753	0.6168067226890757	0.0015236080292179153	0.0018921978349575592
20260605	agri_aa_oil__Oil_C24_0P	genotype_population_ridge	test	158	34	34	0.5497759343170976	0.7472942364690813	0.7686783804430863	0.0414696243782861	0.05733687374455366
20260605	agri_aa_oil__Oil_C24_0P	genotype_population_methylation_ridge	test	158	34	34	0.5084604850364324	0.7230778947046711	0.7405653170359052	0.04263160084958574	0.059909938695560015
20260605	agri_aa_oil__Pollenshed	genotype_population_ridge	test	164	36	36	0.27815666602920697	0.5459227264212103	0.5920680672042123	1.9245329655318077	2.7379966234065414
20260605	agri_aa_oil__Pollenshed	genotype_population_methylation_ridge	test	164	36	36	0.29063212820475914	0.5576252946875432	0.5750708978107899	1.912801877086255	2.7142334006012576
20260605	agri_aa_oil__Oil_C18_1P	genotype_population_ridge	test	158	34	34	0.4025424145540253	0.8435919112297338	0.8194041252864782	4.428310533168145	5.150861757718858
20260605	agri_aa_oil__Oil_C18_1P	genotype_population_methylation_ridge	test	158	34	34	0.3971030894467028	0.8271646133668296	0.7937356760886173	4.461366769002004	5.174255662984702
20260605	agri_aa_oil__Oil_C18_2P	genotype_population_ridge	test	158	34	34	0.41123312636971665	0.8135465465435846	0.7812070282658518	3.9384205849589997	4.851597513154733
20260605	agri_aa_oil__Oil_C18_2P	genotype_population_methylation_ridge	test	158	34	34	0.4003190233365256	0.7908666434927792	0.7503437738731855	3.9612762760938445	4.896358602428609
20260605	agri_aa_oil__Oil_C16_0P	genotype_population_ridge	test	158	34	34	0.3184742395351252	0.6220437729987052	0.5593582887700533	1.2233937372139296	1.5675219024313487
20260605	agri_aa_oil__Oil_C16_0P	genotype_population_methylation_ridge	test	158	34	34	0.30137920797106643	0.5999567461291754	0.5822765469824294	1.249177248656125	1.5870595879918337
20260605	agri_aa_oil__Silkingtime	genotype_population_ridge	test	164	36	36	0.22822137542034882	0.5226564549650748	0.5428920791214811	2.161212397188265	2.946233030234143
20260605	agri_aa_oil__Silkingtime	genotype_population_methylation_ridge	test	164	36	36	0.24396556265589597	0.5402279638711972	0.5403179108942573	2.143582580591112	2.916026793276997
20260605	agri_aa_oil__Oil_SFA_USFA	genotype_population_ridge	test	158	34	34	0.29189891259496126	0.5874983968932721	0.5566080977845683	0.01930813463171227	0.02435252486377755
20260605	agri_aa_oil__Oil_SFA_USFA	genotype_population_methylation_ridge	test	158	34	34	0.27629696810950755	0.5691174728656596	0.5303284950343773	0.019770037414719954	0.024619348769887067
20260605	agri_aa_oil__Oil_C160_C180	genotype_population_ridge	test	158	34	34	0.1879882511879083	0.4882210455773288	0.5987776928953399	1.4704606550238877	1.8656284472934095
20260605	agri_aa_oil__Oil_C160_C180	genotype_population_methylation_ridge	test	158	34	34	0.18499891338819796	0.4818558071442933	0.5553857906799083	1.4550821551615734	1.8690593522586736
20260605	agri_aa_oil__Oil_C181_C182	genotype_population_ridge	test	158	34	34	0.3969707104379234	0.8235254366112685	0.840183346065699	0.13400543117876562	0.16682310223475288
20260605	agri_aa_oil__Oil_C181_C182	genotype_population_methylation_ridge	test	158	34	34	0.39394539480431334	0.8117879792920351	0.8056531703590526	0.135466993813111	0.16724104306899384
20260605	agri_aa_oil__Leafnumberaboveear	genotype_population_ridge	test	164	36	36	0.20715079506319056	0.5591079167589165	0.6853722904983136	0.3782819448590515	0.4997609861846084
20260605	agri_aa_oil__Leafnumberaboveear	genotype_population_methylation_ridge	test	164	36	36	0.1987889125207125	0.5405176922038875	0.6526803540125724	0.37355506059101523	0.502389469589091
20260605	agri_aa_oil__Earleaflength	genotype_population_ridge	test	164	36	36	0.2789564934819587	0.6341717340127626	0.5600102978325188	4.4983676459577335	5.606776011822234
20260605	agri_aa_oil__Earleaflength	genotype_population_methylation_ridge	test	164	36	36	0.26195768372584405	0.6110351323499307	0.5302786548080849	4.512461146518672	5.6724816952729675
20260605	agri_aa_oil__Oil_C18_3	genotype_population_ridge	test	158	34	34	0.2975055023424428	0.6057209890741464	0.5789152024446141	0.0051189016493860965	0.006409677431506956
20260605	agri_aa_oil__Oil_C18_3	genotype_population_methylation_ridge	test	158	34	34	0.32704139946572375	0.6399482743219017	0.6061115355233002	0.005004748294142883	0.006273485298023643
20260605	agri_aa_oil__Oil_C22_0P	genotype_population_ridge	test	158	34	34	0.36841361732941236	0.6240471910588872	0.6113063407181054	0.03275655393569575	0.042163773517266794
20260605	agri_aa_oil__Oil_C22_0P	genotype_population_methylation_ridge	test	158	34	34	0.36266594581406975	0.6684653252453471	0.6562261268143621	0.03425731286942856	0.04235519203668991
20260605	agri_aa_oil__Plantheight	genotype_population_ridge	test	164	36	36	0.0978375016445785	0.5278727246414399	0.5467181467181468	14.200878835176528	18.935965682077143
20260605	agri_aa_oil__Plantheight	genotype_population_methylation_ridge	test	164	36	36	0.089820495633952	0.545203148277581	0.581981981981982	14.192641710022622	19.01991617849657
20260605	agri_aa_oil__AA_Arg	genotype_population_ridge	test	152	32	32	0.3900053709513348	0.6523494690993017	0.6634897360703812	0.7615008024084542	0.8541821048157895
20260605	agri_aa_oil__AA_Arg	genotype_population_methylation_ridge	test	152	32	32	0.4200627971272529	0.6860630316622934	0.7166422287390029	0.745778727211565	0.8328713977425234
20260605	metabolite__Uracil_E1	genotype_population_ridge	test	123	24	24	0.374986735302853	0.6152827182880989	0.5017391304347826	19476.2989158456	25932.488292335212
20260605	metabolite__Uracil_E1	genotype_population_methylation_ridge	test	123	24	24	0.36825443236751143	0.6083326622967288	0.5026086956521739	19215.094366770547	26071.77953408253
20260605	agri_aa_oil__Oil_C20_0P	genotype_population_ridge	test	158	34	34	0.48104298526425215	0.6945541257779967	0.6125286478227654	0.062598288651787	0.08082240689884443
20260605	agri_aa_oil__Oil_C20_0P	genotype_population_methylation_ridge	test	158	34	34	0.4833580156982108	0.6973234253718866	0.6305576776165011	0.06162985698684627	0.08064193389227302
20260605	metabolite__5_Hydroxyindoleacetic_acid_E1	genotype_population_ridge	test	123	24	24	0.1075071418581538	0.3542262457283638	0.297021098563149	3638322.284414345	4430050.222076977
20260605	metabolite__5_Hydroxyindoleacetic_acid_E1	genotype_population_methylation_ridge	test	123	24	24	0.11130702981333018	0.36104633745187953	0.29354208130325854	3656568.528371513	4420609.445938197
20260605	agri_aa_oil__Earleafwidth	genotype_population_ridge	test	164	36	36	0.16100162993244682	0.4041737019660189	0.3423423423423424	0.47968147406045364	0.672476852367221
20260605	agri_aa_oil__Earleafwidth	genotype_population_methylation_ridge	test	164	36	36	0.15388493905472123	0.39453120638421346	0.3184041184041184	0.4855876228461111	0.6753229269960442
20260605	agri_aa_oil__Oil_C16_1P	genotype_population_ridge	test	158	34	34	0.2749907243380403	0.6123188253935118	0.7014514896867837	0.023802406220260034	0.03201744084207248
20260605	agri_aa_oil__Oil_C16_1P	genotype_population_methylation_ridge	test	158	34	34	0.28285970430450913	0.6175532869670037	0.6822001527883881	0.02395675636886947	0.03184321413044188
20260605	agri_aa_oil__Eardiameter	genotype_population_ridge	test	164	36	36	-0.017923818433347005	0.3790274545000622	0.19613899613899616	0.24321229750196252	0.3535535504815499
20260605	agri_aa_oil__Eardiameter	genotype_population_methylation_ridge	test	164	36	36	-0.027432637317039488	0.3732521630066133	0.20720720720720723	0.24198788348478498	0.35520105195832286
20260605	agri_aa_oil__Oil_C24_0	genotype_population_ridge	test	158	34	34	0.47773322063373314	0.7085174066439831	0.6131398013750954	0.001717287200357355	0.002138819443480597
20260605	agri_aa_oil__Oil_C24_0	genotype_population_methylation_ridge	test	158	34	34	0.4790955818723657	0.7063679551107084	0.5966386554621849	0.0016979359669771566	0.0021360280085909807
20260605	agri_aa_oil__Oil_C220_C240	genotype_population_ridge	test	158	34	34	0.32853473854604087	0.6136946652911289	0.5957219251336898	0.07831633310964799	0.09335201578884122
20260605	agri_aa_oil__Oil_C220_C240	genotype_population_methylation_ridge	test	158	34	34	0.34853272538226154	0.6303321858943334	0.6583651642475172	0.0776345099987856	0.09195137502054404
20260605	agri_aa_oil__Earheight	genotype_population_ridge	test	164	36	36	0.037907653005693875	0.34307017082518687	0.46383526383526386	9.879518224561034	12.525876946902628
20260605	agri_aa_oil__Earheight	genotype_population_methylation_ridge	test	164	36	36	0.050811005210356974	0.35968150470066224	0.46795366795366794	9.842265768166676	12.441596374005108
20260605	metabolite__L_Arginine_E1	genotype_population_ridge	test	123	24	24	-0.3084756824591208	0.2889021617901643	0.3835616529029245	4929878.274998386	6245007.89482087
20260605	metabolite__L_Arginine_E1	genotype_population_methylation_ridge	test	123	24	24	-0.3370153983807096	0.2811987661631341	0.3370297970518894	5004618.355307461	6312746.7697765725
20260605	agri_aa_oil__Kernernumberperrow	genotype_population_ridge	test	164	36	36	0.1064169720792767	0.4026965863512447	0.3974259974259975	1.861488378054712	2.334025935190211
20260605	agri_aa_oil__Kernernumberperrow	genotype_population_methylation_ridge	test	164	36	36	0.10044731102435223	0.3939445176891838	0.38198198198198197	1.87245059376151	2.341809291612498
20260605	metabolite__Indole_3_carboxyaldehyde_E1	genotype_population_ridge	test	123	24	24	-0.004407002068250954	0.19445837287076656	0.13999999999999999	84452.9230918701	104802.69869025332
20260605	metabolite__Indole_3_carboxyaldehyde_E1	genotype_population_methylation_ridge	test	123	24	24	-0.02010661041585937	0.15885208589260025	0.12956521739130433	84998.91806318477	105618.59380867709
20260605	agri_aa_oil__Oil_C180_C200	genotype_population_ridge	test	158	34	34	-0.18432405963235654	0.23940739996252897	0.23269671504965622	0.6706622713254924	0.8810137530916596
20260605	agri_aa_oil__Oil_C180_C200	genotype_population_methylation_ridge	test	158	34	34	0.1667219510886382	0.41947361170277825	0.4252100840336134	0.5718045802967849	0.7389965019339844
20260605	agri_aa_oil__100grainweight	genotype_population_ridge	test	163	35	35	0.16616981845311862	0.44013401098815524	0.4326633528363567	1.924361709719783	2.4105316595382438
20260605	agri_aa_oil__100grainweight	genotype_population_methylation_ridge	test	163	35	35	0.16172509780809285	0.4326100747088882	0.4302822337045282	1.9404800326256846	2.416947774055547
20260605	agri_aa_oil__Oil_C200_C201	genotype_population_ridge	test	158	34	34	0.15785112017758474	0.4770581710103742	0.32528647822765466	0.20352000434160644	0.30767739849357806
20260605	agri_aa_oil__Oil_C200_C201	genotype_population_methylation_ridge	test	158	34	34	0.18156382338781196	0.5127527623343321	0.3760122230710466	0.19717894856009704	0.30331477500987675
20260605	agri_aa_oil__cobweight	genotype_population_ridge	test	164	36	36	0.27121908835008623	0.583425650205683	0.27207207207207207	2.513746514024804	3.0433712161554025
20260605	agri_aa_oil__cobweight	genotype_population_methylation_ridge	test	164	36	36	0.2678141895467453	0.5737444520548285	0.2924066924066924	2.494655160401143	3.050472318603654
20260605	metabolite__Glutathione_E1	genotype_population_ridge	test	123	24	24	0.11381557432661416	0.4965392910968309	0.3801653252199165	882388.0867846999	1075146.3951620865
20260605	metabolite__Glutathione_E1	genotype_population_methylation_ridge	test	123	24	24	0.14239075692831138	0.5192407619424022	0.4323619373782574	870317.381539939	1057670.2117621053
20260605	agri_aa_oil__Oil_C20_1P	genotype_population_ridge	test	158	34	34	0.2273306298277611	0.5249894339310668	0.5049656226126814	0.03578232115307741	0.04449703663518612
20260605	agri_aa_oil__Oil_C20_1P	genotype_population_methylation_ridge	test	158	34	34	0.25348700245947886	0.5473538697415493	0.5199388846447669	0.03531475646747576	0.04373739650772541
20260605	agri_aa_oil__Oil_C18_0P	genotype_population_ridge	test	158	34	34	0.07257792649192663	0.3267762485337477	0.30970206264323913	0.3477991464682519	0.46989563717047284
20260605	agri_aa_oil__Oil_C18_0P	genotype_population_methylation_ridge	test	158	34	34	0.08477811207099961	0.3425145898738297	0.3634835752482811	0.3454563986388792	0.46679467974702477
20260605	metabolite__Pro_Leu_E1	genotype_population_ridge	test	123	24	24	0.21591225541124814	0.4913815911101768	0.2637651180703324	297132.4761373618	372573.55721934483
20260605	metabolite__Pro_Leu_E1	genotype_population_methylation_ridge	test	123	24	24	0.20646904633402186	0.47982916780718565	0.23329720014141617	302550.4052788156	374810.3987908163
20260605	agri_aa_oil__Earlength	genotype_population_ridge	test	164	36	36	-0.04632477603863183	0.13193147222961152	0.1317889317889318	0.9295342578694754	1.147247837741282
20260605	agri_aa_oil__Earlength	genotype_population_methylation_ridge	test	164	36	36	-0.05653227201619604	0.10366144304384485	0.11814671814671815	0.9340435153531155	1.1528302848475416
20260605	metabolite__Feruloylserotonin_E1	genotype_population_ridge	test	123	24	24	-0.314318942558625	0.13130613054177695	0.31919983359495074	15199.460857613289	19787.9981230732
20260605	metabolite__Feruloylserotonin_E1	genotype_population_methylation_ridge	test	123	24	24	-0.2565888843568598	0.16718623258463156	0.3626875493435816	14546.478278788685	19348.534836254345
20260605	metabolite__Trigonelline_E1	genotype_population_ridge	test	123	24	24	0.45344126214869607	0.7465739111541824	0.6408695652173912	2060708.4884666272	2903069.9449781682
20260605	metabolite__Trigonelline_E1	genotype_population_methylation_ridge	test	123	24	24	0.24371693667281025	0.7392092154682435	0.6339130434782608	2432992.1312146997	3414925.7554941378
20260605	metabolite__IAA_E1	genotype_population_ridge	test	123	24	24	-0.033805004523219884	0.05481090639776362	0.19269249321787527	1091088.45671873	1414539.151983216
20260605	metabolite__IAA_E1	genotype_population_methylation_ridge	test	123	24	24	-0.09851967735393563	-0.05729600615258529	0.043497176798617435	1133257.9744903482	1458141.1883121603
20260605	agri_aa_oil__AA_Asp	genotype_population_ridge	test	152	32	32	0.2518207161842482	0.521571353292324	0.5700146627565982	1.0008625433892253	1.1824987562528404
20260605	agri_aa_oil__AA_Asp	genotype_population_methylation_ridge	test	152	32	32	0.2151608053489411	0.4816676170067946	0.5	1.030498903387425	1.2111228414447264
20260605	metabolite__Malvidin_3_O_hexoside_E2	genotype_population_ridge	test	123	24	24	-0.00890298170630932	0.46748122881472043	0.4856398706105974	101996.53601787526	125106.00807667215
20260605	metabolite__Malvidin_3_O_hexoside_E2	genotype_population_methylation_ridge	test	123	24	24	-0.006323462987605666	0.4967733791788949	0.5004353505395941	101865.78454633856	124945.97295217909
20260605	metabolite__Gluconolactone_E2	genotype_population_ridge	test	123	24	24	0.3330104200222028	0.679763081979025	0.49923859806381404	147665.4664685677	199991.14054277568
20260605	metabolite__Gluconolactone_E2	genotype_population_methylation_ridge	test	123	24	24	0.3355796710728297	0.6680122330004782	0.4800873353656381	147899.6177396529	199605.58487898944
20260605	agri_aa_oil__AA_Thr	genotype_population_ridge	test	152	32	32	0.2386428179579423	0.5398386297207673	0.41165689149560114	0.37889793956720963	0.4646813619284699
20260605	agri_aa_oil__AA_Thr	genotype_population_methylation_ridge	test	152	32	32	0.22006317147119914	0.49933449380112277	0.38746334310850433	0.37952561396428103	0.4703170717219859
20260605	agri_aa_oil__AA_Phe	genotype_population_ridge	test	152	32	32	-0.2141432691369518	0.3322461898311918	0.20161290322580644	0.8926955417466125	1.0409870434531756
20260605	agri_aa_oil__AA_Phe	genotype_population_methylation_ridge	test	152	32	32	-0.31447275367080874	0.29146815040205587	0.16715542521994134	0.9294847491215906	1.0831438797339183
20260605	agri_aa_oil__AA_His	genotype_population_ridge	test	152	32	32	0.2812543547108749	0.639154541845537	0.62683284457478	0.3745338342854632	0.44314576163558944
20260605	agri_aa_oil__AA_His	genotype_population_methylation_ridge	test	152	32	32	0.2847396078445529	0.6476840928162545	0.6389296187683284	0.3747268023615937	0.4420700319684331
20260605	metabolite__Feruloyltryptamine_E1	genotype_population_ridge	test	123	24	24	-0.05424406872592402	0.22293786529382745	0.2939130434782608	16306240.266965782	21934905.312628873
20260605	metabolite__Feruloyltryptamine_E1	genotype_population_methylation_ridge	test	123	24	24	0.07832883786358769	0.3370158234617077	0.4591304347826086	16366928.823865725	20509410.631757613
20260605	metabolite__N_Coumaroyltryptamine_E1	genotype_population_ridge	test	123	24	24	0.0948089073006253	0.37023553864422065	0.2878886782559365	10910868.753723107	16138043.077685965
20260605	metabolite__N_Coumaroyltryptamine_E1	genotype_population_methylation_ridge	test	123	24	24	0.14292361511696272	0.4313107064396718	0.4374864204312268	10789231.69221598	15703284.504176835
20260605	agri_aa_oil__AA_Pro	genotype_population_ridge	test	152	32	32	0.13920940252634906	0.3882261378262815	0.39222873900293254	1.3386563561055516	1.648457857548048
20260605	agri_aa_oil__AA_Pro	genotype_population_methylation_ridge	test	152	32	32	0.12811311974368889	0.373538412457588	0.3804985337243401	1.3380108101203665	1.6590488088527424
20260605	metabolite__Norcinnamolaurine_E1	genotype_population_ridge	test	123	24	24	-0.1952485048242849	0.2632837409162978	0.2756521739130435	4496699.628941744	5602900.470461475
20260605	metabolite__Norcinnamolaurine_E1	genotype_population_methylation_ridge	test	123	24	24	-0.19470156708297148	0.28741095261030775	0.3104347826086956	4460885.819551946	5601618.398840995
20260605	agri_aa_oil__Kernelthickness	genotype_population_ridge	test	164	36	36	0.21765239275845438	0.5549728837648995	0.4906048906048906	0.24692955098183958	0.3099479997609481
20260605	agri_aa_oil__Kernelthickness	genotype_population_methylation_ridge	test	164	36	36	0.2202828459702264	0.5615439758947383	0.5148005148005148	0.24819281800595025	0.3094264987213525
20260605	metabolite__Norcinnamolaurine_E2	genotype_population_ridge	test	123	24	24	-0.10790628704044503	0.14409073778275028	0.24717154704912128	11102766.038104316	14725648.997128999
20260605	metabolite__Norcinnamolaurine_E2	genotype_population_methylation_ridge	test	123	24	24	-0.09723418228175729	0.18017443102716754	0.25500444818800183	11052248.899269775	14654553.654018788
20260605	metabolite__L_Glutamic_acid_E1	genotype_population_ridge	test	123	24	24	0.020568681607069816	0.2534257169476767	0.16924084526207514	1933718.085314545	2388872.3259034646
20260605	metabolite__L_Glutamic_acid_E1	genotype_population_methylation_ridge	test	123	24	24	0.015165793253082094	0.12330331347492797	0.13835112800344448	2026694.7750423476	2395452.195019221
20260606	agri_aa_oil__Oil_OIL	genotype_population_ridge	test	156	35	35	0.6867852322510472	0.8356720286738872	0.6106442577030812	0.5989430493474114	0.7560389465192559
20260606	agri_aa_oil__Oil_OIL	genotype_population_methylation_ridge	test	156	35	35	0.6996933460963581	0.8444148789366043	0.6302521008403362	0.5781617271102557	0.7402962178202334
20260606	agri_aa_oil__Oil_C18_1	genotype_population_ridge	test	156	35	35	0.6608208057964482	0.8151766175276368	0.5425770308123249	0.3168450447055274	0.3812368513333555
20260606	agri_aa_oil__Oil_C18_1	genotype_population_methylation_ridge	test	156	35	35	0.6689136209264682	0.8197242590710903	0.5352941176470588	0.3093434888891237	0.3766612376344228
20260606	agri_aa_oil__Oil_C18_2	genotype_population_ridge	test	156	35	35	0.5479068789189934	0.7409242743348455	0.48319327731092443	0.3133993732421196	0.3723071867053057
20260606	agri_aa_oil__Oil_C18_2	genotype_population_methylation_ridge	test	156	35	35	0.5431048864623942	0.7393780364686301	0.4750700280112045	0.3175116472786937	0.3742792294752977
20260606	agri_aa_oil__Oil_C20_1	genotype_population_ridge	test	156	35	35	0.673029657390289	0.832940519049527	0.48571428571428577	0.0024881884172957072	0.00338817253853576
20260606	agri_aa_oil__Oil_C20_1	genotype_population_methylation_ridge	test	156	35	35	0.6702502911135009	0.8334779051466822	0.49887955182072835	0.0024836133110910765	0.003402542412428339
20260606	agri_aa_oil__Oil_C20_0	genotype_population_ridge	test	156	35	35	0.5588735614276483	0.7603835414403033	0.7296918767507002	0.004565278554674166	0.006267422886985994
20260606	agri_aa_oil__Oil_C20_0	genotype_population_methylation_ridge	test	156	35	35	0.554786689472138	0.7568103854238508	0.7215686274509805	0.004631322819069825	0.006296388620429736
20260606	agri_aa_oil__Oil_C18_0	genotype_population_ridge	test	156	35	35	0.15036148463675425	0.4106983093348552	0.5876750700280112	0.02809355868888359	0.061119097160442164
20260606	agri_aa_oil__Oil_C18_0	genotype_population_methylation_ridge	test	156	35	35	0.14556642360527006	0.4020057938606142	0.6033613445378152	0.027750234577678213	0.06129132185527848
20260606	agri_aa_oil__Oil_C16_0	genotype_population_ridge	test	156	35	35	0.6491550051073316	0.8344282578174486	0.7630252100840336	0.0757954928203042	0.10675045794975158
20260606	agri_aa_oil__Oil_C16_0	genotype_population_methylation_ridge	test	156	35	35	0.6555848151070665	0.8388045932626713	0.7745098039215688	0.07563918255814464	0.10576774605911204
20260606	agri_aa_oil__Oil_C200_C220	genotype_population_ridge	test	156	35	35	0.13931012620109473	0.42100282626881713	0.5294117647058824	0.34391321740624914	0.5355166764300677
20260606	agri_aa_oil__Oil_C200_C220	genotype_population_methylation_ridge	test	156	35	35	0.14221169804430434	0.4195154052467803	0.5025210084033613	0.3439293160622379	0.5346132430609919
20260606	agri_aa_oil__kernellength	genotype_population_ridge	test	164	36	36	0.34496396307507304	0.635858398262102	0.6651222651222651	0.4853188852432891	0.6433142846634866
20260606	agri_aa_oil__kernellength	genotype_population_methylation_ridge	test	164	36	36	0.32605019643181343	0.6168544148477939	0.6342342342342343	0.4913967841359164	0.6525358457201914
20260606	agri_aa_oil__Oil_C182_C183	genotype_population_ridge	test	156	35	35	-0.2146948655200973	0.48763424214156215	0.5204481792717087	4.996375525554128	6.44126274654186
20260606	agri_aa_oil__Oil_C182_C183	genotype_population_methylation_ridge	test	156	35	35	-0.24303553624930574	0.4659714987119752	0.4722689075630252	4.952943724237371	6.515971698071157
20260606	agri_aa_oil__Oil_C18_3P	genotype_population_ridge	test	156	35	35	0.29368660684933645	0.5830359772243056	0.515406162464986	0.18620500643761756	0.22163645785740108
20260606	agri_aa_oil__Oil_C18_3P	genotype_population_methylation_ridge	test	156	35	35	0.29746802569802955	0.5840119867905308	0.5551820728291317	0.17653788717286376	0.22104236956514733
20260606	agri_aa_oil__Oil_C16_1	genotype_population_ridge	test	156	35	35	-0.08338935067071196	0.4178547692966479	0.3820728291316527	0.0015330383011039502	0.0019121216255051227
20260606	agri_aa_oil__Oil_C16_1	genotype_population_methylation_ridge	test	156	35	35	-0.06814478128004464	0.432475687860952	0.42268907563025215	0.0015128596393040202	0.0018986210587339917
20260606	agri_aa_oil__Headingdate	genotype_population_ridge	test	164	36	36	0.07119403977378258	0.52641171576482	0.5622505891275319	2.5579995502455817	3.2073990943972963
20260606	agri_aa_oil__Headingdate	genotype_population_methylation_ridge	test	164	36	36	0.09575211268059258	0.5484200832661692	0.5806618174868717	2.5172751831475426	3.1647124589621076
20260606	agri_aa_oil__Oil_C22_0	genotype_population_ridge	test	156	35	35	0.3186555178570465	0.6046340229257439	0.7126050420168069	0.0015347402126318502	0.001953727933284342
20260606	agri_aa_oil__Oil_C22_0	genotype_population_methylation_ridge	test	156	35	35	0.30325241443147155	0.5886616478248667	0.711484593837535	0.0015213498541583215	0.0019756884024291553
20260606	agri_aa_oil__Oil_C24_0P	genotype_population_ridge	test	156	35	35	0.36234224473467636	0.6174119267484267	0.5224089635854342	0.04456022416065632	0.05725216133828854
20260606	agri_aa_oil__Oil_C24_0P	genotype_population_methylation_ridge	test	156	35	35	0.3551277325367561	0.6141285759641391	0.5442577030812326	0.04490568332562977	0.05757512821626902
20260606	agri_aa_oil__Pollenshed	genotype_population_ridge	test	164	36	36	0.07906927760644278	0.48835925466144997	0.5140944823125592	2.4998907472891876	3.1703188454926385
20260606	agri_aa_oil__Pollenshed	genotype_population_methylation_ridge	test	164	36	36	0.10023824537231396	0.5067033949556858	0.5354614537857401	2.46326102789213	3.1336697563282923
20260606	agri_aa_oil__Oil_C18_1P	genotype_population_ridge	test	156	35	35	0.2299720214713049	0.5160384788837633	0.48879551820728295	3.9268385602121025	5.136024639527428
20260606	agri_aa_oil__Oil_C18_1P	genotype_population_methylation_ridge	test	156	35	35	0.26755048224763167	0.5480296431431484	0.5725490196078432	3.977328271059834	5.009134517664269
20260606	agri_aa_oil__Oil_C18_2P	genotype_population_ridge	test	156	35	35	0.2619844366583258	0.5347656966958723	0.5739495798319328	3.6189267712502757	4.683725957951265
20260606	agri_aa_oil__Oil_C18_2P	genotype_population_methylation_ridge	test	156	35	35	0.26983955760410283	0.5430906028343179	0.5789915966386555	3.6083685652632993	4.658733493214364
20260606	agri_aa_oil__Oil_C16_0P	genotype_population_ridge	test	156	35	35	0.25504397746420593	0.5125505888630524	0.5481792717086835	1.2024306719992854	1.4647795409254711
20260606	agri_aa_oil__Oil_C16_0P	genotype_population_methylation_ridge	test	156	35	35	0.242373785639032	0.4986855800170546	0.5467787114845939	1.215239917134381	1.4771834871504346
20260606	agri_aa_oil__Silkingtime	genotype_population_ridge	test	164	36	36	0.023642346249614032	0.4818277065472248	0.5354016655314123	2.3314672655195703	3.04631811665856
20260606	agri_aa_oil__Silkingtime	genotype_population_methylation_ridge	test	164	36	36	0.023912777532872465	0.48013985823650074	0.5086251455913946	2.3386311293056345	3.0458962032503023
20260606	agri_aa_oil__Oil_SFA_USFA	genotype_population_ridge	test	156	35	35	0.21013719072177794	0.4824247756328468	0.5512605042016807	0.02055140909981221	0.024864570090786686
20260606	agri_aa_oil__Oil_SFA_USFA	genotype_population_methylation_ridge	test	156	35	35	0.21902956235081505	0.47344314226802847	0.5372549019607844	0.020776820835488034	0.02472420974616208
20260606	agri_aa_oil__Oil_C160_C180	genotype_population_ridge	test	156	35	35	0.2191737616315299	0.541686658931643	0.6134453781512605	1.26687566636105	1.718663801767752
20260606	agri_aa_oil__Oil_C160_C180	genotype_population_methylation_ridge	test	156	35	35	0.2087018556779724	0.5184777533838623	0.6170868347338937	1.2780810789668817	1.7301501882022063
20260606	agri_aa_oil__Oil_C181_C182	genotype_population_ridge	test	156	35	35	0.2532012517053893	0.5273099758705826	0.5330532212885154	0.12325667002399346	0.15343270959041294
20260606	agri_aa_oil__Oil_C181_C182	genotype_population_methylation_ridge	test	156	35	35	0.26564558026012497	0.5412139548255123	0.557703081232493	0.1221854805904541	0.1521489713412504
20260606	agri_aa_oil__Leafnumberaboveear	genotype_population_ridge	test	164	36	36	0.22494245293181103	0.5275981514051447	0.583011583011583	0.3805315511477769	0.4488237303998716
20260606	agri_aa_oil__Leafnumberaboveear	genotype_population_methylation_ridge	test	164	36	36	0.1828862348803404	0.4739839547708247	0.5374517374517375	0.3952418271980526	0.46083992751147235
20260606	agri_aa_oil__Earleaflength	genotype_population_ridge	test	164	36	36	0.07728463554860487	0.4275270374166695	0.4054054054054055	5.4730816600699	6.577852793055134
20260606	agri_aa_oil__Earleaflength	genotype_population_methylation_ridge	test	164	36	36	0.10201071219844249	0.4610207185745272	0.42985842985842987	5.3339176597487725	6.489120695258653
20260606	agri_aa_oil__Oil_C18_3	genotype_population_ridge	test	156	35	35	-0.07138941645569141	0.26290225404064044	0.22324929971988797	0.007359495742704265	0.009771175667337045
20260606	agri_aa_oil__Oil_C18_3	genotype_population_methylation_ridge	test	156	35	35	0.004241282067476648	0.3054568185623026	0.24929971988795518	0.006991655195738465	0.009419984839982064
20260606	agri_aa_oil__Oil_C22_0P	genotype_population_ridge	test	156	35	35	0.03093731964125168	0.358109179077382	0.37591036414565826	0.03572885712066258	0.04764679089602456
20260606	agri_aa_oil__Oil_C22_0P	genotype_population_methylation_ridge	test	156	35	35	0.03288144865257303	0.35828432217424244	0.3778711484593838	0.035640031607822455	0.04759897251634591
20260606	agri_aa_oil__Plantheight	genotype_population_ridge	test	164	36	36	0.15058707316109832	0.5231579215161677	0.4918918918918919	16.8199731654783	20.852387326280446
20260606	agri_aa_oil__Plantheight	genotype_population_methylation_ridge	test	164	36	36	0.17970026490171687	0.5737189078738341	0.5616473616473616	16.40111186007	20.491919250135826
20260606	agri_aa_oil__AA_Arg	genotype_population_ridge	test	146	34	34	0.14237619013941782	0.4641118372363025	0.43407181054239874	0.7871203279239493	0.9786870507073231
20260606	agri_aa_oil__AA_Arg	genotype_population_methylation_ridge	test	146	34	34	0.1460788545743099	0.4599067212045503	0.4661573720397249	0.7784800347635242	0.9765720969180279
20260606	metabolite__Uracil_E1	genotype_population_ridge	test	113	26	26	0.29252155807882596	0.6501689499280623	0.5569230769230769	23690.369140988318	30022.841808860023
20260606	metabolite__Uracil_E1	genotype_population_methylation_ridge	test	113	26	26	0.3060635642680791	0.5675211431043119	0.44	21941.627965866563	29734.116463110182
20260606	agri_aa_oil__Oil_C20_0P	genotype_population_ridge	test	156	35	35	0.3118308187410661	0.5685143677466348	0.6299719887955182	0.06542675871749902	0.08276953745901547
20260606	agri_aa_oil__Oil_C20_0P	genotype_population_methylation_ridge	test	156	35	35	0.31472821220853464	0.5652509848039913	0.6257703081232493	0.06616040314330006	0.08259511169261152
20260606	metabolite__5_Hydroxyindoleacetic_acid_E1	genotype_population_ridge	test	113	26	26	0.08758339611318289	0.3729879753424246	0.45546247887417896	3134227.488620149	4105892.3332308894
20260606	metabolite__5_Hydroxyindoleacetic_acid_E1	genotype_population_methylation_ridge	test	113	26	26	0.05114391584923672	0.27858593531173687	0.2906479782605496	3236822.171470473	4187078.8579362123
20260606	agri_aa_oil__Earleafwidth	genotype_population_ridge	test	164	36	36	0.023676534246351966	0.3549084015272242	0.33567153682997214	0.6331526635899439	0.7830575382103822
20260606	agri_aa_oil__Earleafwidth	genotype_population_methylation_ridge	test	164	36	36	0.03290574059137119	0.3845094359926643	0.35575004900231716	0.6256992692860852	0.7793476201839368
20260606	agri_aa_oil__Oil_C16_1P	genotype_population_ridge	test	156	35	35	0.07361405685549838	0.28240023428174943	0.3313725490196079	0.02775875063455495	0.036913160246564866
20260606	agri_aa_oil__Oil_C16_1P	genotype_population_methylation_ridge	test	156	35	35	0.05952273528972252	0.2654977681402713	0.28319327731092436	0.02802600680255854	0.03719284501940861
20260606	agri_aa_oil__Eardiameter	genotype_population_ridge	test	164	36	36	0.19391835379105382	0.468672023989817	0.3316815760777754	0.2234063534880258	0.26765689369809886
20260606	agri_aa_oil__Eardiameter	genotype_population_methylation_ridge	test	164	36	36	0.16645647604492597	0.4304258365803995	0.3086427704441232	0.22789649029934114	0.2721780246963434
20260606	agri_aa_oil__Oil_C24_0	genotype_population_ridge	test	156	35	35	0.17763981259947725	0.476673326580848	0.4375350140056022	0.0014783570202784408	0.0018113260498119894
20260606	agri_aa_oil__Oil_C24_0	genotype_population_methylation_ridge	test	156	35	35	0.03963748926015942	0.4281794221752157	0.33725490196078434	0.0016357224907506932	0.0019574162697231245
20260606	agri_aa_oil__Oil_C220_C240	genotype_population_ridge	test	156	35	35	0.44707998454787645	0.6773079956031103	0.7672268907563026	0.07672208244502875	0.09596634031391822
20260606	agri_aa_oil__Oil_C220_C240	genotype_population_methylation_ridge	test	156	35	35	0.4576655919864667	0.6828610405364499	0.761624649859944	0.07630308603821892	0.09504326714526205
20260606	agri_aa_oil__Earheight	genotype_population_ridge	test	164	36	36	0.12876827383781742	0.4720537339708606	0.5248391248391249	11.302095766484948	13.617360865293607
20260606	agri_aa_oil__Earheight	genotype_population_methylation_ridge	test	164	36	36	0.14514319147797505	0.502791407346842	0.5487773487773489	11.109150451762366	13.48878377778226
20260606	metabolite__L_Arginine_E1	genotype_population_ridge	test	113	26	26	0.07774669254242061	0.3965747670708563	0.4157975783115628	4490572.632519156	5750261.179251189
20260606	metabolite__L_Arginine_E1	genotype_population_methylation_ridge	test	113	26	26	0.08223193479379765	0.40727727820222237	0.4346042121990101	4478454.879516178	5736261.365570593
20260606	agri_aa_oil__Kernernumberperrow	genotype_population_ridge	test	164	36	36	-0.02433986504608643	0.08488612021856304	0.08725868725868725	2.3811989473647674	2.762882439697633
20260606	agri_aa_oil__Kernernumberperrow	genotype_population_methylation_ridge	test	164	36	36	-0.01862145784695901	0.11065942830847882	0.13487773487773488	2.380779693095997	2.7551597105862626
20260606	metabolite__Indole_3_carboxyaldehyde_E1	genotype_population_ridge	test	113	26	26	0.031920198229854035	0.20385108819629122	0.16786324786324786	79944.9314824605	113857.16982400323
20260606	metabolite__Indole_3_carboxyaldehyde_E1	genotype_population_methylation_ridge	test	113	26	26	0.02223837013732921	0.16077256073797203	0.09675213675213674	81047.81192629311	114425.0998040167
20260606	agri_aa_oil__Oil_C180_C200	genotype_population_ridge	test	156	35	35	0.04395134083366081	0.2324353896316761	0.43249299719887957	0.6917956815858884	1.147338078159135
20260606	agri_aa_oil__Oil_C180_C200	genotype_population_methylation_ridge	test	156	35	35	0.03998194789862597	0.22050181515542788	0.39719887955182076	0.6906021212063559	1.1497174122303657
20260606	agri_aa_oil__100grainweight	genotype_population_ridge	test	163	36	36	0.14613622014117666	0.43160674092472284	0.3849668583813063	1.9510837011678062	2.3900908039664306
20260606	agri_aa_oil__100grainweight	genotype_population_methylation_ridge	test	163	36	36	0.12337785665006817	0.39004748240134013	0.3742840602383279	1.9577964273276192	2.4217333551689513
20260606	agri_aa_oil__Oil_C200_C201	genotype_population_ridge	test	156	35	35	0.1341952966882216	0.43790585385790326	0.42997198879551823	0.22020836260050888	0.30734725286446274
20260606	agri_aa_oil__Oil_C200_C201	genotype_population_methylation_ridge	test	156	35	35	0.13730934949287954	0.4326942390859686	0.45742296918767517	0.21768952270508346	0.30679403472976646
20260606	agri_aa_oil__cobweight	genotype_population_ridge	test	164	36	36	0.055177518356445465	0.37985699902051234	0.4015444015444016	2.6777934170097257	3.214003000809075
20260606	agri_aa_oil__cobweight	genotype_population_methylation_ridge	test	164	36	36	0.04113677383015302	0.3603827757248438	0.4151866151866152	2.7076584866448203	3.2377961340508183
20260606	metabolite__Glutathione_E1	genotype_population_ridge	test	113	26	26	0.2565487722812305	0.5298350503252154	0.5402633007666687	775577.0605763254	990305.673122903
20260606	metabolite__Glutathione_E1	genotype_population_methylation_ridge	test	113	26	26	0.20842481503517918	0.4776077433135437	0.4571721728639469	808916.7718127947	1021854.6158409263
20260606	agri_aa_oil__Oil_C20_1P	genotype_population_ridge	test	156	35	35	0.09882983997151462	0.338583188025403	0.3159663865546219	0.03545754961527679	0.04216890237700623
20260606	agri_aa_oil__Oil_C20_1P	genotype_population_methylation_ridge	test	156	35	35	0.12372372761628869	0.3630224531991043	0.3397759103641457	0.034131531465721336	0.04158238752850414
20260606	agri_aa_oil__Oil_C18_0P	genotype_population_ridge	test	156	35	35	0.0421047382801788	0.32545750957846814	0.4467787114845939	0.4210926328428339	0.9767526214106516
20260606	agri_aa_oil__Oil_C18_0P	genotype_population_methylation_ridge	test	156	35	35	0.03930752894225442	0.3066535465919945	0.5011204481792717	0.42185696520412647	0.9781777197310799
20260606	metabolite__Pro_Leu_E1	genotype_population_ridge	test	113	26	26	0.10241331419102762	0.35164377465624164	0.26329287442426264	297370.7321437469	384888.99048174697
20260606	metabolite__Pro_Leu_E1	genotype_population_methylation_ridge	test	113	26	26	0.1018162343206841	0.3533867934107268	0.27526073235263815	298592.04126452154	385016.9843943263
20260606	agri_aa_oil__Earlength	genotype_population_ridge	test	164	36	36	0.010280423216578849	0.1755794897111519	0.19794079794079797	1.009852866574627	1.2103958118493676
20260606	agri_aa_oil__Earlength	genotype_population_methylation_ridge	test	164	36	36	0.026426761528473786	0.19830514103724317	0.22290862290862293	1.003599724447466	1.2004819807585612
20260606	metabolite__Feruloylserotonin_E1	genotype_population_ridge	test	113	26	26	0.07055122188315899	0.32890174137034267	0.42134065391541636	21317.45158410685	39607.56494795859
20260606	metabolite__Feruloylserotonin_E1	genotype_population_methylation_ridge	test	113	26	26	0.07935973406561248	0.3651609903370087	0.48905611615182265	20661.109874011832	39419.435020060926
20260606	metabolite__Trigonelline_E1	genotype_population_ridge	test	113	26	26	0.1932921836458522	0.5242517278711063	0.39322961764662595	1549065.1588180272	2124614.003058737
20260606	metabolite__Trigonelline_E1	genotype_population_methylation_ridge	test	113	26	26	0.21494635086682778	0.5535399254360387	0.4701658471861832	1504538.0608072018	2095904.9115608316
20260606	metabolite__IAA_E1	genotype_population_ridge	test	113	26	26	0.04221430204570975	0.22416296039869882	0.20888888888888887	1151189.228587745	1739618.9144948912
20260606	metabolite__IAA_E1	genotype_population_methylation_ridge	test	113	26	26	0.02919420714717913	0.1761513634196646	0.2027350427350427	1171079.3061641122	1751403.1510023153
20260606	agri_aa_oil__AA_Asp	genotype_population_ridge	test	146	34	34	0.03226335060455121	0.22851032154900447	0.20366692131398015	1.036450082693504	1.320406323889873
20260606	agri_aa_oil__AA_Asp	genotype_population_methylation_ridge	test	146	34	34	0.041137052931622065	0.24222219151731875	0.2088617265087853	1.034176335454947	1.314338621396531
20260606	metabolite__Malvidin_3_O_hexoside_E2	genotype_population_ridge	test	113	26	26	-0.08508242792008747	-0.0032826276006965444	0.08411694429658259	94433.60090612863	115899.54371593238
20260606	metabolite__Malvidin_3_O_hexoside_E2	genotype_population_methylation_ridge	test	113	26	26	-0.09892240437036826	-0.018834218063864767	0.056077962864388396	94263.17972607323	116636.33774351572
20260606	metabolite__Gluconolactone_E2	genotype_population_ridge	test	113	26	26	0.1463103570809775	0.4058407413281583	0.3423392813062758	153485.4165924067	200958.80222375694
20260606	metabolite__Gluconolactone_E2	genotype_population_methylation_ridge	test	113	26	26	0.18044769399115512	0.45968526951528976	0.44049250182066263	148428.31433001717	196899.84106437783
20260606	agri_aa_oil__AA_Thr	genotype_population_ridge	test	146	34	34	-0.2291900937574054	0.1876049826784522	0.16730328495034374	0.3772551335875918	0.48131116731309387
20260606	agri_aa_oil__AA_Thr	genotype_population_methylation_ridge	test	146	34	34	-0.19509266913688794	0.21249412952916075	0.19847211611917495	0.3805926188290034	0.47458849263088937
20260606	agri_aa_oil__AA_Phe	genotype_population_ridge	test	146	34	34	-0.4804189847816773	0.21376194182388383	0.17799847211611916	0.9010500814674725	1.147849090533488
20260606	agri_aa_oil__AA_Phe	genotype_population_methylation_ridge	test	146	34	34	-0.4789890393070604	0.21867569275215207	0.2082505729564553	0.9132065929466925	1.1472945994835924
20260606	agri_aa_oil__AA_His	genotype_population_ridge	test	146	34	34	0.21504252366717036	0.47898469846130837	0.42673796791443847	0.3384290737380212	0.4252817749618827
20260606	agri_aa_oil__AA_His	genotype_population_methylation_ridge	test	146	34	34	0.19408188357023004	0.514465102829324	0.5083269671504965	0.3445380002884234	0.43092249525619675
20260606	metabolite__Feruloyltryptamine_E1	genotype_population_ridge	test	113	26	26	-0.00525948932281195	0.22284260035897024	0.3456410256410256	15532857.14229821	21021769.36486768
20260606	metabolite__Feruloyltryptamine_E1	genotype_population_methylation_ridge	test	113	26	26	0.03403743435976292	0.2858113915394483	0.3572649572649573	15040885.978667626	20606789.012789175
20260606	metabolite__N_Coumaroyltryptamine_E1	genotype_population_ridge	test	113	26	26	-0.09427063535537439	0.06839005495116836	0.1275213675213675	10424406.181732662	16343973.042345114
20260606	metabolite__N_Coumaroyltryptamine_E1	genotype_population_methylation_ridge	test	113	26	26	-0.0035788066495427984	0.22392437943249532	0.20136752136752134	9989046.533373442	15652042.030424882
20260606	agri_aa_oil__AA_Pro	genotype_population_ridge	test	146	34	34	-0.13869566221252727	0.42301380720781445	0.40779220779220776	0.986087470113393	1.306042705345891
20260606	agri_aa_oil__AA_Pro	genotype_population_methylation_ridge	test	146	34	34	-0.1250104381160937	0.4312734104919963	0.43590527119938877	0.9784336651561117	1.2981707535900646
20260606	metabolite__Norcinnamolaurine_E1	genotype_population_ridge	test	113	26	26	-0.1825475944391841	-0.053226268708219976	0.046503676521687944	5375157.875872253	7360187.323402699
20260606	metabolite__Norcinnamolaurine_E1	genotype_population_methylation_ridge	test	113	26	26	-0.22476808506430568	-0.0875855932228049	-0.04821337051145587	5442137.666280495	7490425.410606994
20260606	agri_aa_oil__Kernelthickness	genotype_population_ridge	test	164	36	36	0.10507507489739398	0.525310726895042	0.5656734679324109	0.27048561501996293	0.3577572582704727
20260606	agri_aa_oil__Kernelthickness	genotype_population_methylation_ridge	test	164	36	36	0.10220311735137855	0.51423634941352	0.5503571669804298	0.27143260902460153	0.35833084864933296
20260606	metabolite__Norcinnamolaurine_E2	genotype_population_ridge	test	113	26	26	0.0017527829776421422	0.09247331027743896	0.13504273504273506	10186011.353978962	15573150.633452494
20260606	metabolite__Norcinnamolaurine_E2	genotype_population_methylation_ridge	test	113	26	26	0.007725984510693951	0.11576371701764891	0.2027350427350427	10148397.60952631	15526488.275378998
20260606	metabolite__L_Glutamic_acid_E1	genotype_population_ridge	test	113	26	26	0.009279547022066237	0.11152505889004435	-0.05949735084392427	2708683.2456111345	3590200.445580643
20260606	metabolite__L_Glutamic_acid_E1	genotype_population_methylation_ridge	test	113	26	26	-0.0334561179798647	-0.021766858190566125	-0.09916225140654046	2768461.0786081697	3666816.292315604
20260607	agri_aa_oil__Oil_OIL	genotype_population_ridge	test	156	35	35	0.7083890400178918	0.8482886371646718	0.4229691876750701	0.5760797599185513	0.7227745449426284
20260607	agri_aa_oil__Oil_OIL	genotype_population_methylation_ridge	test	156	35	35	0.7067431421034729	0.8484797416623407	0.430812324929972	0.5632713122786768	0.724811401249381
20260607	agri_aa_oil__Oil_C18_1	genotype_population_ridge	test	156	35	35	0.5514532924680806	0.7608770081319527	0.46638655462184875	0.33229941327821433	0.44749727252694227
20260607	agri_aa_oil__Oil_C18_1	genotype_population_methylation_ridge	test	156	35	35	0.5467864876625732	0.7600896093438431	0.48319327731092443	0.3381013886441935	0.44981919177707835
20260607	agri_aa_oil__Oil_C18_2	genotype_population_ridge	test	156	35	35	0.6726041483838342	0.8322618048163427	0.6355742296918768	0.27443061441066924	0.3225187310782651
20260607	agri_aa_oil__Oil_C18_2	genotype_population_methylation_ridge	test	156	35	35	0.6742114547398519	0.8323184630084816	0.6498599439775911	0.2707768998151446	0.3217260756312425
20260607	agri_aa_oil__Oil_C20_1	genotype_population_ridge	test	156	35	35	0.662254477802072	0.8276458884473186	0.4490196078431373	0.002490685538388695	0.0031060650360925923
20260607	agri_aa_oil__Oil_C20_1	genotype_population_methylation_ridge	test	156	35	35	0.6406110571682265	0.8131161279856502	0.44649859943977593	0.0025397540930212695	0.0032040412638620584
20260607	agri_aa_oil__Oil_C20_0	genotype_population_ridge	test	156	35	35	0.6228423004675046	0.7956946920854471	0.7064425770308124	0.004020805346885409	0.0054915920683841005
20260607	agri_aa_oil__Oil_C20_0	genotype_population_methylation_ridge	test	156	35	35	0.6133963630817778	0.7914656653452082	0.6910364145658264	0.004057801016431999	0.005559935426432463
20260607	agri_aa_oil__Oil_C18_0	genotype_population_ridge	test	156	35	35	0.16228260924663473	0.42528266294570966	0.3988795518207283	0.028200260686875013	0.0616937979143341
20260607	agri_aa_oil__Oil_C18_0	genotype_population_methylation_ridge	test	156	35	35	0.1614954345078904	0.42598901663368305	0.41316526610644266	0.02767668166994316	0.06172277689740626
20260607	agri_aa_oil__Oil_C16_0	genotype_population_ridge	test	156	35	35	0.5783327589973689	0.7638663122289279	0.5095238095238096	0.07815077302994623	0.09910287122984081
20260607	agri_aa_oil__Oil_C16_0	genotype_population_methylation_ridge	test	156	35	35	0.5671371845006119	0.756205148390062	0.5240896358543418	0.0772384540055007	0.10040987951227769
20260607	agri_aa_oil__Oil_C200_C220	genotype_population_ridge	test	156	35	35	0.09873539398396247	0.3694522958256862	0.4938375350140056	0.26865317262288063	0.5029723075170561
20260607	agri_aa_oil__Oil_C200_C220	genotype_population_methylation_ridge	test	156	35	35	0.10146226409675307	0.37834984458581894	0.5394957983193278	0.2698719847560911	0.5022108335000816
20260607	agri_aa_oil__kernellength	genotype_population_ridge	test	164	36	36	0.30335947732806523	0.5741864162551246	0.52998712998713	0.5586914586687021	0.6778743481382767
20260607	agri_aa_oil__kernellength	genotype_population_methylation_ridge	test	164	36	36	0.31194840297583337	0.6024672634536529	0.6162162162162161	0.538987912299885	0.6736826098757615
20260607	agri_aa_oil__Oil_C182_C183	genotype_population_ridge	test	156	35	35	0.26948284754828467	0.5501943918764508	0.45434173669467787	6.552767171797905	7.964523119007005
20260607	agri_aa_oil__Oil_C182_C183	genotype_population_methylation_ridge	test	156	35	35	0.34653553472598997	0.6058327332707967	0.5338935574229692	6.289853764483663	7.532784730847675
20260607	agri_aa_oil__Oil_C18_3P	genotype_population_ridge	test	156	35	35	0.24734861270624509	0.5603576355401169	0.41456582633053224	0.1902219577016092	0.23005083981212784
20260607	agri_aa_oil__Oil_C18_3P	genotype_population_methylation_ridge	test	156	35	35	0.2903809999591134	0.5907994131124155	0.43109243697479	0.18266379923768047	0.22337754181903
20260607	agri_aa_oil__Oil_C16_1	genotype_population_ridge	test	156	35	35	0.314210575829702	0.6164845512663024	0.5372549019607844	0.0013140188919614482	0.0017228636373789285
20260607	agri_aa_oil__Oil_C16_1	genotype_population_methylation_ridge	test	156	35	35	0.3036793362476925	0.6078420288290638	0.5383753501400561	0.0013005790428937084	0.0017360417083402849
20260607	agri_aa_oil__Headingdate	genotype_population_ridge	test	164	36	36	0.23296125293742975	0.5076203786259507	0.47390437063188556	2.4991130294656254	3.206075038636306
20260607	agri_aa_oil__Headingdate	genotype_population_methylation_ridge	test	164	36	36	0.2367895859299145	0.5096187796269812	0.4717163276387454	2.4691322784844507	3.1980641811730615
20260607	agri_aa_oil__Oil_C22_0	genotype_population_ridge	test	156	35	35	0.4871481325174074	0.7032662261369221	0.6495798319327731	0.0011766035612900594	0.0015044097477717043
20260607	agri_aa_oil__Oil_C22_0	genotype_population_methylation_ridge	test	156	35	35	0.48657048883268295	0.7012949955245715	0.642577030812325	0.001208288258808972	0.001505256745006838
20260607	agri_aa_oil__Oil_C24_0P	genotype_population_ridge	test	156	35	35	0.47509421464902557	0.6969189791134744	0.5957983193277311	0.04229208536034016	0.05197764455024378
20260607	agri_aa_oil__Oil_C24_0P	genotype_population_methylation_ridge	test	156	35	35	0.4588630791611874	0.6810813974218024	0.5635854341736695	0.042916964076820274	0.05277515265360549
20260607	agri_aa_oil__Pollenshed	genotype_population_ridge	test	164	36	36	0.22931546964495242	0.5047850859521608	0.47615370650118893	2.508552294823543	3.3264616617732488
20260607	agri_aa_oil__Pollenshed	genotype_population_methylation_ridge	test	164	36	36	0.23629842311676674	0.5096198535617369	0.4887687546864055	2.482424536195861	3.3113573080497307
20260607	agri_aa_oil__Oil_C18_1P	genotype_population_ridge	test	156	35	35	-0.024225226836527503	0.48465634981887606	0.5417366946778711	3.9840193062810143	5.525204408868882
20260607	agri_aa_oil__Oil_C18_1P	genotype_population_methylation_ridge	test	156	35	35	0.16463396799259922	0.5243842674510523	0.6322128851540616	3.898460194536124	4.989867589760729
20260607	agri_aa_oil__Oil_C18_2P	genotype_population_ridge	test	156	35	35	-0.040161212655977385	0.5026002769201393	0.6086834733893558	3.8112329828542233	5.370253374152571
20260607	agri_aa_oil__Oil_C18_2P	genotype_population_methylation_ridge	test	156	35	35	0.16370242689158532	0.5236027156956133	0.6207282913165266	3.8116606213164177	4.815316830213468
20260607	agri_aa_oil__Oil_C16_0P	genotype_population_ridge	test	156	35	35	0.364432511979751	0.688451081826102	0.6327731092436976	1.2210733452396743	1.5186642904155403
20260607	agri_aa_oil__Oil_C16_0P	genotype_population_methylation_ridge	test	156	35	35	0.3687236788950432	0.693191245941942	0.6523809523809524	1.2151881211650857	1.5135288175280746
20260607	agri_aa_oil__Silkingtime	genotype_population_ridge	test	164	36	36	0.26191694219628914	0.5530602740097652	0.47692605639007973	2.5388960039650614	3.0835427140492455
20260607	agri_aa_oil__Silkingtime	genotype_population_methylation_ridge	test	164	36	36	0.2593106583657462	0.5467401500318397	0.48220378063083363	2.52433044420942	3.088982146187671
20260607	agri_aa_oil__Oil_SFA_USFA	genotype_population_ridge	test	156	35	35	0.34953982131725336	0.6518585620578223	0.6434173669467788	0.019634941263983945	0.023877679174327624
20260607	agri_aa_oil__Oil_SFA_USFA	genotype_population_methylation_ridge	test	156	35	35	0.34980992054651217	0.6516039625929229	0.6515406162464986	0.019584036050438725	0.023872721136461904
20260607	agri_aa_oil__Oil_C160_C180	genotype_population_ridge	test	156	35	35	0.212216613844864	0.5136921891300521	0.5179271708683474	1.3764800044935857	1.8196087602268671
20260607	agri_aa_oil__Oil_C160_C180	genotype_population_methylation_ridge	test	156	35	35	0.20450828956147082	0.49880532214671075	0.5134453781512606	1.3758766679941243	1.828489367927257
20260607	agri_aa_oil__Oil_C181_C182	genotype_population_ridge	test	156	35	35	0.17011480730085538	0.4968047632413772	0.5521008403361345	0.12291028865705196	0.15970943200948395
20260607	agri_aa_oil__Oil_C181_C182	genotype_population_methylation_ridge	test	156	35	35	0.16766309553822223	0.4952457692564701	0.5795518207282914	0.12495155773332373	0.15994517107767003
20260607	agri_aa_oil__Leafnumberaboveear	genotype_population_ridge	test	164	36	36	0.02092945316934769	0.3959115157477969	0.42267842291013363	0.5366311797294688	0.6289728914195364
20260607	agri_aa_oil__Leafnumberaboveear	genotype_population_methylation_ridge	test	164	36	36	0.033463864953906186	0.4192427479928428	0.456142609864042	0.5211195014612512	0.6249337540476744
20260607	agri_aa_oil__Earleaflength	genotype_population_ridge	test	164	36	36	0.19802099334312262	0.4914452456972435	0.520978120978121	5.15280262876525	5.910995654705731
20260607	agri_aa_oil__Earleaflength	genotype_population_methylation_ridge	test	164	36	36	0.21232024895988433	0.5006124328417002	0.5320463320463321	5.179280793867487	5.858062227784346
20260607	agri_aa_oil__Oil_C18_3	genotype_population_ridge	test	156	35	35	0.13042872823122487	0.49292717487633786	0.4747899159663866	0.006837910065873761	0.008920493080869386
20260607	agri_aa_oil__Oil_C18_3	genotype_population_methylation_ridge	test	156	35	35	0.23510017074657497	0.599168151043699	0.5635854341736695	0.006260545894565602	0.008366398583807909
20260607	agri_aa_oil__Oil_C22_0P	genotype_population_ridge	test	156	35	35	0.28671353646347364	0.6010945865780518	0.5901960784313726	0.029532675285749425	0.037665254634400715
20260607	agri_aa_oil__Oil_C22_0P	genotype_population_methylation_ridge	test	156	35	35	0.322744956771129	0.6440606987076125	0.6652661064425771	0.02858168290736911	0.036701603624956954
20260607	agri_aa_oil__Plantheight	genotype_population_ridge	test	164	36	36	0.17169814295595842	0.421500071277976	0.46924066924066926	16.036945961330197	19.911682437299092
20260607	agri_aa_oil__Plantheight	genotype_population_methylation_ridge	test	164	36	36	0.1810084583882563	0.43890786109878627	0.49806949806949813	16.381718581838168	19.799460104536816
20260607	agri_aa_oil__AA_Arg	genotype_population_ridge	test	150	31	31	-0.1416899233143516	0.1943537848329172	0.18830645161290324	0.6042226849281502	0.796131520915247
20260607	agri_aa_oil__AA_Arg	genotype_population_methylation_ridge	test	150	31	31	-0.10647899139910244	0.21423670431942654	0.21895161290322585	0.6012948764091578	0.7837586037519155
20260607	metabolite__Uracil_E1	genotype_population_ridge	test	114	29	29	0.12250151465652459	0.43262289643899926	0.4182266009852216	19692.06654060424	27299.73272282341
20260607	metabolite__Uracil_E1	genotype_population_methylation_ridge	test	114	29	29	0.3061375851398199	0.5861670549752688	0.5807881773399014	17559.68363608458	24275.707108558872
20260607	agri_aa_oil__Oil_C20_0P	genotype_population_ridge	test	156	35	35	0.43925480152878504	0.7490326854642243	0.792997198879552	0.06429693972894152	0.08345842769167296
20260607	agri_aa_oil__Oil_C20_0P	genotype_population_methylation_ridge	test	156	35	35	0.4315207494963571	0.732267902954663	0.7588235294117647	0.0640952408449038	0.08403200494357366
20260607	metabolite__5_Hydroxyindoleacetic_acid_E1	genotype_population_ridge	test	114	29	29	-0.06708218930260501	0.4530388315960874	0.4857142857142856	2566032.5811069463	3471212.025136732
20260607	metabolite__5_Hydroxyindoleacetic_acid_E1	genotype_population_methylation_ridge	test	114	29	29	0.05980590304630695	0.36294617263829837	0.3798029556650246	2407670.8734562183	3258299.232509535
20260607	agri_aa_oil__Earleafwidth	genotype_population_ridge	test	164	36	36	0.2624813873176328	0.5648625048343372	0.5184041184041185	0.5657481100394115	0.7107808272634515
20260607	agri_aa_oil__Earleafwidth	genotype_population_methylation_ridge	test	164	36	36	0.22369022488271595	0.5044321456876256	0.5101673101673102	0.5675330412815212	0.729233715026056
20260607	agri_aa_oil__Oil_C16_1P	genotype_population_ridge	test	156	35	35	-0.01562870792826132	0.4956086520769301	0.5109243697478992	0.024362050032447995	0.031169463066583573
20260607	agri_aa_oil__Oil_C16_1P	genotype_population_methylation_ridge	test	156	35	35	-0.02387602993876259	0.4872716649055573	0.5221288515406163	0.02423779159948032	0.031295761603382495
20260607	agri_aa_oil__Eardiameter	genotype_population_ridge	test	164	36	36	0.25650692654190566	0.5629151031262811	0.49163449163449163	0.22494470804372085	0.26831282685010427
20260607	agri_aa_oil__Eardiameter	genotype_population_methylation_ridge	test	164	36	36	0.26308046429856635	0.5732436592722382	0.5001287001287001	0.22518330361170177	0.2671240596384275
20260607	agri_aa_oil__Oil_C24_0	genotype_population_ridge	test	156	35	35	0.4817539006949112	0.7004792684811435	0.6207282913165266	0.0013814857269050479	0.0017265556248909925
20260607	agri_aa_oil__Oil_C24_0	genotype_population_methylation_ridge	test	156	35	35	0.4620732088817794	0.6900462883996823	0.6033613445378152	0.00142258767297802	0.001759033623637578
20260607	agri_aa_oil__Oil_C220_C240	genotype_population_ridge	test	156	35	35	0.17835380341774798	0.5165277975240213	0.5131652661064426	0.07677512275431246	0.08697557938879191
20260607	agri_aa_oil__Oil_C220_C240	genotype_population_methylation_ridge	test	156	35	35	0.15735453782383357	0.4979714162710347	0.484593837535014	0.07663395336458007	0.08808000873852274
20260607	agri_aa_oil__Earheight	genotype_population_ridge	test	164	36	36	0.13740704680702343	0.38448482926739597	0.3601029601029601	10.17913415001688	12.468368340416584
20260607	agri_aa_oil__Earheight	genotype_population_methylation_ridge	test	164	36	36	0.15160869598366356	0.3995806627059437	0.34002574002574004	9.955254293646451	12.365303345458269
20260607	metabolite__L_Arginine_E1	genotype_population_ridge	test	114	29	29	0.0774543758695434	0.28972447900817755	0.44857741441374105	5206956.93859543	9080104.635256749
20260607	metabolite__L_Arginine_E1	genotype_population_methylation_ridge	test	114	29	29	0.0549573270878162	0.37422906918856497	0.45646015865385076	5728030.68507626	9190150.767888024
20260607	agri_aa_oil__Kernernumberperrow	genotype_population_ridge	test	164	36	36	0.04290174017609272	0.2224591744032918	0.20411840411840412	1.8730259213276454	2.310562370260262
20260607	agri_aa_oil__Kernernumberperrow	genotype_population_methylation_ridge	test	164	36	36	0.034109940039596665	0.20750503364612455	0.18532818532818532	1.8800943324433268	2.3211503975828847
20260607	metabolite__Indole_3_carboxyaldehyde_E1	genotype_population_ridge	test	114	29	29	-0.37835551870678685	0.35971323314574494	0.30306765652559997	49058.31212566133	60069.61292648299
20260607	metabolite__Indole_3_carboxyaldehyde_E1	genotype_population_methylation_ridge	test	114	29	29	-0.4179037346756913	0.3326135671954032	0.28261674962184	49781.86520776554	60925.28675869857
20260607	agri_aa_oil__Oil_C180_C200	genotype_population_ridge	test	156	35	35	0.02978764611543927	0.2086720533364138	0.2677871148459384	0.721543872523927	1.149267794503423
20260607	agri_aa_oil__Oil_C180_C200	genotype_population_methylation_ridge	test	156	35	35	0.038746285639016276	0.23543404892331743	0.3364145658263305	0.7060075886454957	1.1439494982342195
20260607	agri_aa_oil__100grainweight	genotype_population_ridge	test	162	36	36	0.05004892544395201	0.23542222797254383	0.2362934362934363	1.9271851842954817	2.4216959419346615
20260607	agri_aa_oil__100grainweight	genotype_population_methylation_ridge	test	162	36	36	0.04195756248446125	0.22623644820844388	0.2787644787644788	1.918035646519297	2.4319876677980767
20260607	agri_aa_oil__Oil_C200_C201	genotype_population_ridge	test	156	35	35	0.23546703614046327	0.5285142912354556	0.5495798319327732	0.20973534651386136	0.29533953501308635
20260607	agri_aa_oil__Oil_C200_C201	genotype_population_methylation_ridge	test	156	35	35	0.20826400770952613	0.48764718989453426	0.5436974789915967	0.21024429565938407	0.30054788305885255
20260607	agri_aa_oil__cobweight	genotype_population_ridge	test	164	36	36	0.20573121879727763	0.5131599250296317	0.35341055341055344	3.196146789187757	3.894765984737057
20260607	agri_aa_oil__cobweight	genotype_population_methylation_ridge	test	164	36	36	0.21690105384154823	0.5282267076440219	0.3776061776061776	3.192281225853582	3.8672828902861514
20260607	metabolite__Glutathione_E1	genotype_population_ridge	test	114	29	29	0.1774069914604237	0.48607648902247347	0.4045331485172771	894815.7026452853	1160508.2471208875
20260607	metabolite__Glutathione_E1	genotype_population_methylation_ridge	test	114	29	29	0.1911229837593802	0.49634830893081405	0.35254989983448454	895237.0477243469	1150792.3647871935
20260607	agri_aa_oil__Oil_C20_1P	genotype_population_ridge	test	156	35	35	0.04076999482797827	0.2669017582038057	0.19411764705882356	0.031964485139674204	0.04330041907385649
20260607	agri_aa_oil__Oil_C20_1P	genotype_population_methylation_ridge	test	156	35	35	0.0433464740658156	0.26715740469345944	0.2285714285714286	0.03180621994709365	0.0432422277929066
20260607	agri_aa_oil__Oil_C18_0P	genotype_population_ridge	test	156	35	35	0.04296253329955679	0.2755316256845757	0.5316526610644258	0.4028622220031499	0.9779958586378009
20260607	agri_aa_oil__Oil_C18_0P	genotype_population_methylation_ridge	test	156	35	35	0.03300523797707822	0.24621591435193918	0.5350140056022409	0.40723340086244625	0.9830703698755776
20260607	metabolite__Pro_Leu_E1	genotype_population_ridge	test	114	29	29	-0.107305354911581	0.28108221621723284	0.2986693314934132	272378.9612252214	308768.9624383109
20260607	metabolite__Pro_Leu_E1	genotype_population_methylation_ridge	test	114	29	29	-0.13036450757019136	0.27412783403643665	0.26343029320664907	276437.0400777308	311967.38649818883
20260607	agri_aa_oil__Earlength	genotype_population_ridge	test	164	36	36	0.10408171035954805	0.40074081648469007	0.2783962937742446	1.1843519545147738	1.5297316217706995
20260607	agri_aa_oil__Earlength	genotype_population_methylation_ridge	test	164	36	36	0.11874597037941137	0.4218733078634209	0.3283351573823846	1.1736397640494127	1.5171607578811495
20260607	metabolite__Feruloylserotonin_E1	genotype_population_ridge	test	114	29	29	-0.006005465958689449	0.1503240135776391	0.3011099699645324	20024.538636344158	33197.95608371607
20260607	metabolite__Feruloylserotonin_E1	genotype_population_methylation_ridge	test	114	29	29	-0.0037790476532462147	0.15893448078507014	0.24710253063428456	20113.191051649163	33161.20008217748
20260607	metabolite__Trigonelline_E1	genotype_population_ridge	test	114	29	29	0.22624192982082758	0.5822981936287139	0.39852216748768465	1511186.088539141	1795543.8522230037
20260607	metabolite__Trigonelline_E1	genotype_population_methylation_ridge	test	114	29	29	0.2742034221093479	0.6071005936521792	0.460591133004926	1481008.0495958866	1739005.191579096
20260607	metabolite__IAA_E1	genotype_population_ridge	test	114	29	29	0.06699110090094618	0.37562658032249807	0.4026614584655422	627632.8127997667	759256.0549942533
20260607	metabolite__IAA_E1	genotype_population_methylation_ridge	test	114	29	29	0.0735028720588401	0.3827692885861582	0.43223267940548404	623308.6943048649	756601.8688752037
20260607	agri_aa_oil__AA_Asp	genotype_population_ridge	test	150	31	31	0.1175820691830447	0.3542382689278931	0.28225806451612906	0.9733241491589469	1.271039607341459
20260607	agri_aa_oil__AA_Asp	genotype_population_methylation_ridge	test	150	31	31	0.03226434322929661	0.21772010434407613	0.18911290322580646	1.040840910745526	1.3310681550688424
20260607	metabolite__Malvidin_3_O_hexoside_E2	genotype_population_ridge	test	114	29	29	-0.03047341199939768	-0.06603019499956803	0.10036998998817745	97598.89412304778	122520.89336765149
20260607	metabolite__Malvidin_3_O_hexoside_E2	genotype_population_methylation_ridge	test	114	29	29	-0.13111253350660657	-0.083725574001672	-0.03625156886550881	102213.3433243078	128364.42117733999
20260607	metabolite__Gluconolactone_E2	genotype_population_ridge	test	114	29	29	-0.032104654509051755	0.11345919076990614	0.09791598600769835	203382.8668160254	270264.0924223519
20260607	metabolite__Gluconolactone_E2	genotype_population_methylation_ridge	test	114	29	29	-0.07855638922249297	0.06189341003908455	0.10556181866824911	205531.6565365462	276279.02095391793
20260607	agri_aa_oil__AA_Thr	genotype_population_ridge	test	150	31	31	0.2665998125060286	0.5303455367164147	0.4737903225806452	0.2584737533979174	0.3221200629347162
20260607	agri_aa_oil__AA_Thr	genotype_population_methylation_ridge	test	150	31	31	0.18900364548025117	0.4370967071422703	0.3959677419354839	0.2853062368014227	0.3387323834246324
20260607	agri_aa_oil__AA_Phe	genotype_population_ridge	test	150	31	31	0.14556949622837168	0.41129108710069995	0.43064516129032265	0.6801702435876039	0.8678318931213068
20260607	agri_aa_oil__AA_Phe	genotype_population_methylation_ridge	test	150	31	31	0.06897084317258695	0.3110122474852163	0.3350806451612904	0.7057024093470158	0.9058971121805324
20260607	agri_aa_oil__AA_His	genotype_population_ridge	test	150	31	31	0.024265710011510788	0.2522400046354955	0.22580645161290325	0.3290915910693341	0.404913465512932
20260607	agri_aa_oil__AA_His	genotype_population_methylation_ridge	test	150	31	31	0.033816035039254344	0.2599665663213821	0.24677419354838712	0.3323994065282369	0.4029269798677345
20260607	metabolite__Feruloyltryptamine_E1	genotype_population_ridge	test	114	29	29	0.03217442556907113	0.3741321236678248	0.5591133004926107	16780892.305131882	22607126.58256983
20260607	metabolite__Feruloyltryptamine_E1	genotype_population_methylation_ridge	test	114	29	29	0.157096947452387	0.4979170436341946	0.6389162561576353	14521942.312822143	21097725.250852007
20260607	metabolite__N_Coumaroyltryptamine_E1	genotype_population_ridge	test	114	29	29	0.12225328416795345	0.42459956135029553	0.5615763546798028	9861813.105538754	13836524.754881816
20260607	metabolite__N_Coumaroyltryptamine_E1	genotype_population_methylation_ridge	test	114	29	29	0.14539948752328824	0.4591636388384124	0.6546798029556649	9588822.552230451	13652871.172755288
20260607	agri_aa_oil__AA_Pro	genotype_population_ridge	test	150	31	31	-0.004012302753060526	0.2040235857589595	0.2935483870967742	0.9275278047191775	1.2307943109433395
20260607	agri_aa_oil__AA_Pro	genotype_population_methylation_ridge	test	150	31	31	-0.05132067132970386	0.15445405188567543	0.21250000000000002	0.9917283457916024	1.2594576386348237
20260607	metabolite__Norcinnamolaurine_E1	genotype_population_ridge	test	114	29	29	0.04841703747227655	0.2822578154927897	0.451231527093596	7183533.386401673	9294811.9912174
20260607	metabolite__Norcinnamolaurine_E1	genotype_population_methylation_ridge	test	114	29	29	-0.014277411917370753	0.18443262797357463	0.4039408866995073	7302320.856316638	9596119.722855695
20260607	agri_aa_oil__Kernelthickness	genotype_population_ridge	test	164	36	36	0.21904401795822637	0.5842296478208574	0.5377091377091378	0.22494040359856468	0.29713001416574786
20260607	agri_aa_oil__Kernelthickness	genotype_population_methylation_ridge	test	164	36	36	0.2346321832099707	0.5864147096955131	0.5554697554697555	0.2215419891159166	0.2941496554011658
20260607	metabolite__Norcinnamolaurine_E2	genotype_population_ridge	test	114	29	29	0.008720629274777458	0.4132473125182099	0.36128264209503674	13886115.601002242	20355258.599878184
20260607	metabolite__Norcinnamolaurine_E2	genotype_population_methylation_ridge	test	114	29	29	0.011910559375634677	0.3940429928705871	0.3580767210389033	13841448.671544269	20322480.66874247
20260607	metabolite__L_Glutamic_acid_E1	genotype_population_ridge	test	114	29	29	-0.016112637774361227	0.05358659228305253	0.0	2734696.535161768	3784461.258539557
20260607	metabolite__L_Glutamic_acid_E1	genotype_population_methylation_ridge	test	114	29	29	0.018845939692342273	0.14801342375444287	0.12390688602422391	2712358.965537542	3718790.732601272
20260608	agri_aa_oil__Oil_OIL	genotype_population_ridge	test	158	34	34	0.7174269904157785	0.8556248201581258	0.413903743315508	0.6929760346958282	0.8904764359521137
20260608	agri_aa_oil__Oil_OIL	genotype_population_methylation_ridge	test	158	34	34	0.7334972295563991	0.8634570528936761	0.4447669977081742	0.6651941585658563	0.8647846196406325
20260608	agri_aa_oil__Oil_C18_1	genotype_population_ridge	test	158	34	34	0.724470111089137	0.8634071014177537	0.520855614973262	0.3131242110179981	0.41782485162323163
20260608	agri_aa_oil__Oil_C18_1	genotype_population_methylation_ridge	test	158	34	34	0.6284057735307234	0.8156033482649386	0.6012223071046601	0.32456460078561783	0.4852263621759827
20260608	agri_aa_oil__Oil_C18_2	genotype_population_ridge	test	158	34	34	0.6758869181429705	0.834991798261306	0.39618029029793733	0.2908018583412466	0.4092053261986937
20260608	agri_aa_oil__Oil_C18_2	genotype_population_methylation_ridge	test	158	34	34	0.6859499460158452	0.842418687654738	0.440183346065699	0.28612626185614015	0.40280275644404995
20260608	agri_aa_oil__Oil_C20_1	genotype_population_ridge	test	158	34	34	0.6727621301857503	0.8272005211097654	0.6418640183346065	0.00251421037956801	0.0033635457540346424
20260608	agri_aa_oil__Oil_C20_1	genotype_population_methylation_ridge	test	158	34	34	0.6515231042003979	0.8158212197701459	0.597860962566845	0.002544045780739346	0.0034709835544936905
20260608	agri_aa_oil__Oil_C20_0	genotype_population_ridge	test	158	34	34	0.6105438796170597	0.8100610406348586	0.6724216959511078	0.005008099347656846	0.006323445274590155
20260608	agri_aa_oil__Oil_C20_0	genotype_population_methylation_ridge	test	158	34	34	0.43507050925712487	0.7541368342653199	0.5990832696715049	0.0057412411869264355	0.007615906805707574
20260608	agri_aa_oil__Oil_C18_0	genotype_population_ridge	test	158	34	34	0.5056271734337362	0.7911861520297212	0.4906035141329259	0.026049265534778734	0.03205032982444015
20260608	agri_aa_oil__Oil_C18_0	genotype_population_methylation_ridge	test	158	34	34	0.6816734571116507	0.8303429258379379	0.6113063407181054	0.02020815702453152	0.025718263031643655
20260608	agri_aa_oil__Oil_C16_0	genotype_population_ridge	test	158	34	34	0.5038950358941913	0.7602042109922186	0.43712757830404886	0.10550831482625982	0.13713092434247248
20260608	agri_aa_oil__Oil_C16_0	genotype_population_methylation_ridge	test	158	34	34	0.4220702764523431	0.7297408931191192	0.42154316271963327	0.11285865130389301	0.14800832123150376
20260608	agri_aa_oil__Oil_C200_C220	genotype_population_ridge	test	158	34	34	0.4307794358362438	0.6815075628487706	0.41726508785332317	0.22236667691191894	0.2906861165889321
20260608	agri_aa_oil__Oil_C200_C220	genotype_population_methylation_ridge	test	158	34	34	0.4061186351238216	0.6822049659539832	0.46646294881589	0.21909314039886507	0.29691616893739514
20260608	agri_aa_oil__kernellength	genotype_population_ridge	test	164	36	36	0.3238284535545175	0.5800538044312737	0.618018018018018	0.4977300337145316	0.6276187715550451
20260608	agri_aa_oil__kernellength	genotype_population_methylation_ridge	test	164	36	36	0.384774528627986	0.6692874622014603	0.7063063063063063	0.47690984691512445	0.5986660531873935
20260608	agri_aa_oil__Oil_C182_C183	genotype_population_ridge	test	158	34	34	0.4165112211232358	0.6494974288268445	0.35889992360580597	5.51473898314053	6.735466497634297
20260608	agri_aa_oil__Oil_C182_C183	genotype_population_methylation_ridge	test	158	34	34	0.38236185561427083	0.621389401684378	0.35401069518716577	5.832919902372004	6.929764578555104
20260608	agri_aa_oil__Oil_C18_3P	genotype_population_ridge	test	158	34	34	0.36803302948585837	0.6249391805370784	0.5422459893048128	0.1739515472087243	0.21719170573417826
20260608	agri_aa_oil__Oil_C18_3P	genotype_population_methylation_ridge	test	158	34	34	0.39734118874029256	0.6410117080077297	0.5520244461420931	0.1683340766813201	0.2120956693772191
20260608	agri_aa_oil__Oil_C16_1	genotype_population_ridge	test	158	34	34	0.5613583773841171	0.755211549719599	0.6122230710466005	0.0013880867084681444	0.0016661770203609287
20260608	agri_aa_oil__Oil_C16_1	genotype_population_methylation_ridge	test	158	34	34	0.5420149846019644	0.7396640127239104	0.5807486631016042	0.0013963373938985692	0.0017025185602242059
20260608	agri_aa_oil__Headingdate	genotype_population_ridge	test	164	36	36	0.19882467911836066	0.5158154885155093	0.5183182893318151	1.8434338945334403	2.4351495470054907
20260608	agri_aa_oil__Headingdate	genotype_population_methylation_ridge	test	164	36	36	0.20157715457188974	0.5150543484624671	0.5105918055156886	1.8402473207533017	2.4309629127319123
20260608	agri_aa_oil__Oil_C22_0	genotype_population_ridge	test	158	34	34	0.36667217505269445	0.6584200960352353	0.6366692131398013	0.0018251136259124646	0.002338787188952495
20260608	agri_aa_oil__Oil_C22_0	genotype_population_methylation_ridge	test	158	34	34	0.38025604032356464	0.6690578140488033	0.6779220779220779	0.0018128097708351516	0.002313569621354668
20260608	agri_aa_oil__Oil_C24_0P	genotype_population_ridge	test	158	34	34	0.4762196310286071	0.7173537171412218	0.6815889992360581	0.04628134008756999	0.05873812010021599
20260608	agri_aa_oil__Oil_C24_0P	genotype_population_methylation_ridge	test	158	34	34	0.4712446773622856	0.7106390162411464	0.6537815126050419	0.04692880476587463	0.05901641309461699
20260608	agri_aa_oil__Pollenshed	genotype_population_ridge	test	164	36	36	0.11102591691394359	0.4751510123850868	0.5226570719061154	1.9306084919309408	2.6445188425094037
20260608	agri_aa_oil__Pollenshed	genotype_population_methylation_ridge	test	164	36	36	0.28470864503465154	0.590878545426231	0.6101956947869426	1.7939703970305851	2.372157954383477
20260608	agri_aa_oil__Oil_C18_1P	genotype_population_ridge	test	158	34	34	0.25452110199345457	0.590803002911723	0.5422459893048128	5.021261327485555	5.819278123856197
20260608	agri_aa_oil__Oil_C18_1P	genotype_population_methylation_ridge	test	158	34	34	0.28961881016123936	0.5890612185886736	0.574637127578304	4.3868658081191985	5.680638639190882
20260608	agri_aa_oil__Oil_C18_2P	genotype_population_ridge	test	158	34	34	0.2762777375645409	0.577109680579542	0.5886936592818945	4.496927770856607	5.4548511675414355
20260608	agri_aa_oil__Oil_C18_2P	genotype_population_methylation_ridge	test	158	34	34	0.256219539227155	0.5393079187557355	0.6125286478227654	4.213254105109181	5.529926030438471
20260608	agri_aa_oil__Oil_C16_0P	genotype_population_ridge	test	158	34	34	0.17362961080654804	0.5701683417954009	0.5948051948051948	1.0651147555571507	1.3464833144019481
20260608	agri_aa_oil__Oil_C16_0P	genotype_population_methylation_ridge	test	158	34	34	0.158475828332716	0.5740292054608114	0.6223071046600457	1.0581553095689855	1.358772973571264
20260608	agri_aa_oil__Silkingtime	genotype_population_ridge	test	164	36	36	0.16159200025118403	0.46945300331728207	0.5220470177056423	1.7931328692050346	2.600342962841472
20260608	agri_aa_oil__Silkingtime	genotype_population_methylation_ridge	test	164	36	36	0.1953537142798244	0.5044831692456496	0.5403283189421901	1.9851999092675012	2.5474486009174417
20260608	agri_aa_oil__Oil_SFA_USFA	genotype_population_ridge	test	158	34	34	0.02579333909231485	0.3684872898180079	0.39495798319327724	0.020348429883720227	0.02485425117487607
20260608	agri_aa_oil__Oil_SFA_USFA	genotype_population_methylation_ridge	test	158	34	34	0.030488321465450774	0.3731390097488807	0.39831932773109235	0.020311470477209423	0.02479428894783906
20260608	agri_aa_oil__Oil_C160_C180	genotype_population_ridge	test	158	34	34	0.26084397520325	0.536482984033571	0.5559969442322383	1.2020056526926801	1.5313833109525057
20260608	agri_aa_oil__Oil_C160_C180	genotype_population_methylation_ridge	test	158	34	34	0.24576206259790867	0.5074232116753141	0.5171886936592819	1.1976604337714856	1.546927769988705
20260608	agri_aa_oil__Oil_C181_C182	genotype_population_ridge	test	158	34	34	0.30247489056440424	0.6211953558647372	0.5633307868601986	0.14993804571028563	0.17998915366080703
20260608	agri_aa_oil__Oil_C181_C182	genotype_population_methylation_ridge	test	158	34	34	0.28747850542408016	0.5979104882469577	0.5446906035141329	0.15130457461370198	0.18191369572077165
20260608	agri_aa_oil__Leafnumberaboveear	genotype_population_ridge	test	164	36	36	0.048364916753017684	0.29932670096947295	0.2084942084942085	0.27530061684301205	0.3458777903729484
20260608	agri_aa_oil__Leafnumberaboveear	genotype_population_methylation_ridge	test	164	36	36	0.0781110475749065	0.33843019638035665	0.23552123552123555	0.27318814182610524	0.3404291644679933
20260608	agri_aa_oil__Earleaflength	genotype_population_ridge	test	164	36	36	-0.02772925756561606	0.41078431015166245	0.48597168597168605	4.342654926448702	5.750578941264681
20260608	agri_aa_oil__Earleaflength	genotype_population_methylation_ridge	test	164	36	36	0.012655994912343704	0.4539229977763527	0.5222651222651222	4.216264901883499	5.636460349943201
20260608	agri_aa_oil__Oil_C18_3	genotype_population_ridge	test	158	34	34	0.194982745344348	0.4645758466511311	0.41329258976317795	0.006422246584161353	0.008004951254830039
20260608	agri_aa_oil__Oil_C18_3	genotype_population_methylation_ridge	test	158	34	34	0.2009032937980999	0.4659268684094845	0.3466768525592055	0.006405600656476081	0.00797546048094593
20260608	agri_aa_oil__Oil_C22_0P	genotype_population_ridge	test	158	34	34	0.19431850421656593	0.5638349185166869	0.5773873185637891	0.03380821800808602	0.04493661571216937
20260608	agri_aa_oil__Oil_C22_0P	genotype_population_methylation_ridge	test	158	34	34	0.12323532289345074	0.501817809812251	0.4811306340718105	0.03306337033149379	0.0468770409116337
20260608	agri_aa_oil__Plantheight	genotype_population_ridge	test	164	36	36	-0.06547526861470088	0.2619683183841042	0.3281853281853282	15.42546474963655	20.18865852572157
20260608	agri_aa_oil__Plantheight	genotype_population_methylation_ridge	test	164	36	36	-0.10483584987059347	0.24378577786003752	0.3261261261261261	15.60462932522304	20.558179539843916
20260608	agri_aa_oil__AA_Arg	genotype_population_ridge	test	148	33	33	0.3318537110568818	0.6161011702075636	0.5738636363636364	0.6917244667379402	0.9373803970030644
20260608	agri_aa_oil__AA_Arg	genotype_population_methylation_ridge	test	148	33	33	0.3318534673673571	0.6153121689887231	0.5625000000000001	0.6911780302260842	0.9373805679459898
20260608	metabolite__Uracil_E1	genotype_population_ridge	test	122	24	24	0.33207752863091244	0.5881244804849814	0.3408695652173913	20068.49234006056	25301.66009107107
20260608	metabolite__Uracil_E1	genotype_population_methylation_ridge	test	122	24	24	0.3110716673169496	0.5627422879791367	0.3460869565217391	20229.872914769985	25696.44309704547
20260608	agri_aa_oil__Oil_C20_0P	genotype_population_ridge	test	158	34	34	-0.09257025661565832	0.34620871916725504	0.440183346065699	0.08438109670138194	0.12359581206640965
20260608	agri_aa_oil__Oil_C20_0P	genotype_population_methylation_ridge	test	158	34	34	-0.02290097797594748	0.39057074908402545	0.4514896867838044	0.08275105847773327	0.11959027526953298
20260608	metabolite__5_Hydroxyindoleacetic_acid_E1	genotype_population_ridge	test	122	24	24	0.09731437662417419	0.3945724920938833	0.5060869565217391	4244025.612122995	5704426.359395628
20260608	metabolite__5_Hydroxyindoleacetic_acid_E1	genotype_population_methylation_ridge	test	122	24	24	0.035398215135540534	0.3996747987170934	0.5078260869565216	4452196.055740755	5896818.297214753
20260608	agri_aa_oil__Earleafwidth	genotype_population_ridge	test	164	36	36	0.14386105777876457	0.4221319627859358	0.4501930501930502	0.6335323677109129	0.8011262586927991
20260608	agri_aa_oil__Earleafwidth	genotype_population_methylation_ridge	test	164	36	36	0.1354301008348635	0.4215997519710273	0.4797940797940798	0.6327039080091059	0.8050612005790458
20260608	agri_aa_oil__Oil_C16_1P	genotype_population_ridge	test	158	34	34	0.2796416787229671	0.5585427534183502	0.5104660045836517	0.02514509045552278	0.030549533373604547
20260608	agri_aa_oil__Oil_C16_1P	genotype_population_methylation_ridge	test	158	34	34	0.2507611241153269	0.5243714581797283	0.47807486631016044	0.025716316204610415	0.031155910254412406
20260608	agri_aa_oil__Eardiameter	genotype_population_ridge	test	164	36	36	0.322029443661076	0.6280253172376543	0.4486486486486487	0.20086233019512645	0.2652839508061207
20260608	agri_aa_oil__Eardiameter	genotype_population_methylation_ridge	test	164	36	36	0.29809421255865043	0.6033138867005586	0.33796653796653797	0.20357188836507062	0.2699261571257584
20260608	agri_aa_oil__Oil_C24_0	genotype_population_ridge	test	158	34	34	0.24815397967106956	0.6584999848616557	0.6168067226890757	0.00215980999927585	0.0029181064216484464
20260608	agri_aa_oil__Oil_C24_0	genotype_population_methylation_ridge	test	158	34	34	0.22810301790916454	0.600718567458238	0.547135217723453	0.002184905216506349	0.002956761844059237
20260608	agri_aa_oil__Oil_C220_C240	genotype_population_ridge	test	158	34	34	0.38475296217030897	0.6476782867409897	0.6250572956455309	0.06408095697361073	0.08984389767171015
20260608	agri_aa_oil__Oil_C220_C240	genotype_population_methylation_ridge	test	158	34	34	0.39420283619600316	0.6603365936299395	0.6907563025210083	0.06264568043811336	0.08915124996794674
20260608	agri_aa_oil__Earheight	genotype_population_ridge	test	164	36	36	0.026409353917911105	0.285563668944116	0.320978120978121	8.066008317289509	10.488228376781127
20260608	agri_aa_oil__Earheight	genotype_population_methylation_ridge	test	164	36	36	0.001016228361385596	0.2594614770409611	0.29806949806949806	8.127677870598793	10.62412460395451
20260608	metabolite__L_Arginine_E1	genotype_population_ridge	test	122	24	24	0.355959116789458	0.6513286867369781	0.6260869565217391	3654258.7089666002	4769713.070365454
20260608	metabolite__L_Arginine_E1	genotype_population_methylation_ridge	test	122	24	24	0.3600450856557694	0.6474536579356034	0.6747826086956521	3587066.0931233144	4754558.824132319
20260608	agri_aa_oil__Kernernumberperrow	genotype_population_ridge	test	164	36	36	-0.007205136944828938	0.2790613468082637	0.27722007722007724	1.6123460336451885	2.0870158248201354
20260608	agri_aa_oil__Kernernumberperrow	genotype_population_methylation_ridge	test	164	36	36	0.020440129198337154	0.3125877254558005	0.2965250965250965	1.5915261296637486	2.058174858053249
20260608	metabolite__Indole_3_carboxyaldehyde_E1	genotype_population_ridge	test	122	24	24	0.09170318386047949	0.30653992606525576	0.36695652173913035	66675.08781172351	83809.00735996386
20260608	metabolite__Indole_3_carboxyaldehyde_E1	genotype_population_methylation_ridge	test	122	24	24	0.017523295597628663	0.20800602557747677	0.26347826086956516	71406.11293673112	87164.1564887299
20260608	agri_aa_oil__Oil_C180_C200	genotype_population_ridge	test	158	34	34	0.10623143073440955	0.38548646830128674	0.3747899159663865	0.5355300593970655	0.6703860807064498
20260608	agri_aa_oil__Oil_C180_C200	genotype_population_methylation_ridge	test	158	34	34	0.10194978588401227	0.38443815771846157	0.3937356760886172	0.5220708703269505	0.6719899218863554
20260608	agri_aa_oil__100grainweight	genotype_population_ridge	test	163	36	36	0.1654193239192714	0.4444632225851059	0.37065637065637064	2.017416273901972	2.5709008591438836
20260608	agri_aa_oil__100grainweight	genotype_population_methylation_ridge	test	163	36	36	0.16157329589813885	0.4383395733698748	0.38790218790218794	2.0233005511161277	2.576817837378359
20260608	agri_aa_oil__Oil_C200_C201	genotype_population_ridge	test	158	34	34	-0.053090526637430635	0.21813497170796756	0.21405653170359049	0.24945296620532809	0.3603934065709679
20260608	agri_aa_oil__Oil_C200_C201	genotype_population_methylation_ridge	test	158	34	34	-0.040904345061100855	0.22855296092645314	0.25867074102368215	0.24994344036730437	0.35830213389685034
20260608	agri_aa_oil__cobweight	genotype_population_ridge	test	164	36	36	0.14789466833690146	0.41006882476036355	0.17657657657657658	2.5195616251702635	3.092705171568794
20260608	agri_aa_oil__cobweight	genotype_population_methylation_ridge	test	164	36	36	0.1203593929039406	0.37805214950333804	0.12895752895752896	2.5608254446064644	3.142277343076358
20260608	metabolite__Glutathione_E1	genotype_population_ridge	test	122	24	24	0.030935477122288724	0.4235150019056775	0.3904347826086956	802231.5295812971	979050.0978888766
20260608	metabolite__Glutathione_E1	genotype_population_methylation_ridge	test	122	24	24	-0.06639478402909993	0.31758490401392325	0.23130434782608694	847519.1660479078	1027040.5100511768
20260608	agri_aa_oil__Oil_C20_1P	genotype_population_ridge	test	158	34	34	0.1956716981792902	0.517044995156487	0.5336898395721925	0.0383173001696253	0.05138000554273803
20260608	agri_aa_oil__Oil_C20_1P	genotype_population_methylation_ridge	test	158	34	34	0.1552828069048674	0.4355956191827341	0.42704354469060346	0.03864695596148716	0.05265421451523988
20260608	agri_aa_oil__Oil_C18_0P	genotype_population_ridge	test	158	34	34	0.07089098765787227	0.31116632099231906	0.29961802902979373	0.3247507918104188	0.43726385365391346
20260608	agri_aa_oil__Oil_C18_0P	genotype_population_methylation_ridge	test	158	34	34	0.05876937356300849	0.29124560898059604	0.31581359816653937	0.32578988313961144	0.4401069903355431
20260608	metabolite__Pro_Leu_E1	genotype_population_ridge	test	122	24	24	-0.08692711278936716	0.1486164507793477	0.07610350256010406	302200.68697094166	356921.83988962084
20260608	metabolite__Pro_Leu_E1	genotype_population_methylation_ridge	test	122	24	24	-0.07596389671148085	0.17133645564217515	0.14307458481299565	301874.43873985595	355117.2439947378
20260608	agri_aa_oil__Earlength	genotype_population_ridge	test	164	36	36	0.03566873347881827	0.2976242811038539	0.3250965250965251	1.161607675359355	1.481654316971814
20260608	agri_aa_oil__Earlength	genotype_population_methylation_ridge	test	164	36	36	0.035805678469126745	0.2943071056398625	0.3528957528957529	1.161459771399889	1.4815491081357584
20260608	metabolite__Feruloylserotonin_E1	genotype_population_ridge	test	122	24	24	-0.14164379524706017	0.06799300559454559	0.4935855737469607	17388.922776022457	27420.469010224177
20260608	metabolite__Feruloylserotonin_E1	genotype_population_methylation_ridge	test	122	24	24	-0.12491697926886536	0.0815994291657464	0.5048923798416047	17088.05430597845	27218.85202240146
20260608	metabolite__Trigonelline_E1	genotype_population_ridge	test	122	24	24	0.2175154202134052	0.6002666718468694	0.6347826086956522	1371252.903134662	1719786.5113534445
20260608	metabolite__Trigonelline_E1	genotype_population_methylation_ridge	test	122	24	24	0.13521202559184842	0.5387600640462606	0.5530434782608695	1388797.5662955318	1807971.0219777806
20260608	metabolite__IAA_E1	genotype_population_ridge	test	122	24	24	0.031490107966399505	0.2943303416770202	0.23918243661746988	888441.358099403	1020896.6810940844
20260608	metabolite__IAA_E1	genotype_population_methylation_ridge	test	122	24	24	0.032468145471107546	0.29438639520644083	0.2374429279875247	883210.6386988815	1020381.0810715532
20260608	agri_aa_oil__AA_Asp	genotype_population_ridge	test	148	33	33	-0.06028525770311566	0.30908726391547525	0.17546791443850268	1.2059228336802479	1.463078488674394
20260608	agri_aa_oil__AA_Asp	genotype_population_methylation_ridge	test	148	33	33	-0.06080497018021269	0.313511369059127	0.17647058823529413	1.1936826806309677	1.4634370181292322
20260608	metabolite__Malvidin_3_O_hexoside_E2	genotype_population_ridge	test	122	24	24	0.05014131479205153	0.4726646751255985	0.38608695652173913	111743.13607189928	136555.75898896024
20260608	metabolite__Malvidin_3_O_hexoside_E2	genotype_population_methylation_ridge	test	122	24	24	0.0463942985307938	0.4746628440705836	0.4530434782608695	111370.1587161761	136824.8374492432
20260608	metabolite__Gluconolactone_E2	genotype_population_ridge	test	122	24	24	0.20213769993854158	0.4966946142067644	0.3878260869565217	184899.8877543658	230295.36635104465
20260608	metabolite__Gluconolactone_E2	genotype_population_methylation_ridge	test	122	24	24	0.1825318815504563	0.45100189202254903	0.3539130434782608	186326.35817014892	233107.7108399487
20260608	agri_aa_oil__AA_Thr	genotype_population_ridge	test	148	33	33	0.03660775753630019	0.41273282045596427	0.26737967914438504	0.363115613606004	0.44808536534043975
20260608	agri_aa_oil__AA_Thr	genotype_population_methylation_ridge	test	148	33	33	0.026225621345559058	0.40929840864192557	0.26537433155080214	0.3610748500751318	0.45049332375233464
20260608	agri_aa_oil__AA_Phe	genotype_population_ridge	test	148	33	33	-0.2163306129669722	0.25615790997589055	0.19618983957219252	0.8581455192974491	1.031525596675869
20260608	agri_aa_oil__AA_Phe	genotype_population_methylation_ridge	test	148	33	33	-0.20296211409945975	0.2676373857852542	0.20889037433155083	0.8622584682053951	1.02584126665838
20260608	agri_aa_oil__AA_His	genotype_population_ridge	test	148	33	33	0.1233038815979044	0.45507648168994225	0.2690508021390375	0.3708607974050182	0.4641848105947023
20260608	agri_aa_oil__AA_His	genotype_population_methylation_ridge	test	148	33	33	0.12305691816579012	0.459417456859421	0.2894385026737968	0.37115471865874716	0.46425018592799266
20260608	metabolite__Feruloyltryptamine_E1	genotype_population_ridge	test	122	24	24	0.04068002776785229	0.21233709841550624	0.2834782608695652	14350270.0423915	16958713.776592616
20260608	metabolite__Feruloyltryptamine_E1	genotype_population_methylation_ridge	test	122	24	24	0.10983078430490334	0.36444232524794085	0.3930434782608695	13845734.985581009	16336065.003475878
20260608	metabolite__N_Coumaroyltryptamine_E1	genotype_population_ridge	test	122	24	24	0.03018917629361595	0.203924467147941	0.27652173913043476	9613081.985523187	11556157.337749269
20260608	metabolite__N_Coumaroyltryptamine_E1	genotype_population_methylation_ridge	test	122	24	24	0.08971993312532134	0.3069147883065731	0.3808695652173913	9213253.19080788	11195859.741807992
20260608	agri_aa_oil__AA_Pro	genotype_population_ridge	test	148	33	33	-0.23104007607512633	0.24530154522650105	0.06651069518716578	1.340340134742362	1.6252621295865555
20260608	agri_aa_oil__AA_Pro	genotype_population_methylation_ridge	test	148	33	33	-0.22750970687249272	0.26059086714780255	0.10528074866310161	1.348939428747948	1.6229299979693277
20260608	metabolite__Norcinnamolaurine_E1	genotype_population_ridge	test	122	24	24	0.08064719558774502	0.29012965071757457	0.2670145746965937	5929875.327484377	8006439.491309607
20260608	metabolite__Norcinnamolaurine_E1	genotype_population_methylation_ridge	test	122	24	24	0.07070086302225997	0.2751981618233098	0.2765818721612925	5975878.19537988	8049633.18036036
20260608	agri_aa_oil__Kernelthickness	genotype_population_ridge	test	164	36	36	0.20149212599103528	0.4836091672014382	0.45740025740025747	0.24106625312423574	0.29782984574715254
20260608	agri_aa_oil__Kernelthickness	genotype_population_methylation_ridge	test	164	36	36	0.20427209537297764	0.4852029032589767	0.4697554697554697	0.24066663243576306	0.2973109530969569
20260608	metabolite__Norcinnamolaurine_E2	genotype_population_ridge	test	122	24	24	0.0013858772639149253	0.09675961351223081	0.43043478260869555	9319660.907961732	13280698.076247783
20260608	metabolite__Norcinnamolaurine_E2	genotype_population_methylation_ridge	test	122	24	24	0.005402393475902323	0.1115356248628103	0.41130434782608694	9309294.444408204	13253963.082831696
20260608	metabolite__L_Glutamic_acid_E1	genotype_population_ridge	test	122	24	24	0.10929188382777277	0.3386917871007814	0.37181996965079417	2282839.620812786	2838196.2980755502
20260608	metabolite__L_Glutamic_acid_E1	genotype_population_methylation_ridge	test	122	24	24	0.11843471770686598	0.35302702424675086	0.3974777219424864	2274182.20727954	2823592.1361074043
20260609	agri_aa_oil__Oil_OIL	genotype_population_ridge	test	159	34	34	0.8337830644534016	0.918401871574399	0.4957983193277311	0.6232512303929898	0.8009299835681495
20260609	agri_aa_oil__Oil_OIL	genotype_population_methylation_ridge	test	159	34	34	0.7927874747595421	0.9008349248059395	0.5416348357524827	0.6348934686345021	0.8942622917298728
20260609	agri_aa_oil__Oil_C18_1	genotype_population_ridge	test	159	34	34	0.6951260221059719	0.8371565806083917	0.5804430863254393	0.3248713844476924	0.47592534580653856
20260609	agri_aa_oil__Oil_C18_1	genotype_population_methylation_ridge	test	159	34	34	0.6898112898213062	0.832793446048513	0.5929717341482047	0.31716409767048487	0.4800557201386752
20260609	agri_aa_oil__Oil_C18_2	genotype_population_ridge	test	159	34	34	0.8220458925484736	0.9218920108923104	0.7301757066462948	0.274993866394667	0.37073427832465294
20260609	agri_aa_oil__Oil_C18_2	genotype_population_methylation_ridge	test	159	34	34	0.797987137633392	0.9053154817230022	0.6464476699770817	0.2949037978951168	0.39500104616509363
20260609	agri_aa_oil__Oil_C20_1	genotype_population_ridge	test	159	34	34	0.775461982626907	0.8836568373382603	0.5938884644766997	0.0027112622235847994	0.003635640542137363
20260609	agri_aa_oil__Oil_C20_1	genotype_population_methylation_ridge	test	159	34	34	0.771026586445418	0.8808417939675092	0.5932773109243697	0.0026910855210690084	0.003671373131628773
20260609	agri_aa_oil__Oil_C20_0	genotype_population_ridge	test	159	34	34	0.663175285360124	0.8498356191311843	0.6779220779220779	0.004706847081654903	0.007105859210948088
20260609	agri_aa_oil__Oil_C20_0	genotype_population_methylation_ridge	test	159	34	34	0.6613937770558425	0.8447519877666393	0.6663101604278074	0.0047446274236306735	0.007124626320084731
20260609	agri_aa_oil__Oil_C18_0	genotype_population_ridge	test	159	34	34	0.5248436274169561	0.7714905133635391	0.6012223071046601	0.025773495743821068	0.04303970848342881
20260609	agri_aa_oil__Oil_C18_0	genotype_population_methylation_ridge	test	159	34	34	0.511056182808733	0.7499027008087731	0.5798319327731092	0.02690400774096846	0.04365967729740243
20260609	agri_aa_oil__Oil_C16_0	genotype_population_ridge	test	159	34	34	0.6203584855348803	0.8124014212722404	0.4786860198624904	0.09494114748663895	0.12750311622846763
20260609	agri_aa_oil__Oil_C16_0	genotype_population_methylation_ridge	test	159	34	34	0.6121722803881862	0.8034051598038137	0.493659281894576	0.09696227962660359	0.12887045858107163
20260609	agri_aa_oil__Oil_C200_C220	genotype_population_ridge	test	159	34	34	0.44301970566425686	0.682110155962639	0.4817417876241405	0.2692175338657967	0.3657437621320947
20260609	agri_aa_oil__Oil_C200_C220	genotype_population_methylation_ridge	test	159	34	34	0.3874691117512812	0.6315398980763967	0.4896867838044308	0.27663810806520694	0.3835491367338536
20260609	agri_aa_oil__kernellength	genotype_population_ridge	test	164	36	36	0.447712099646275	0.7021587102541861	0.7320463320463321	0.42617917008078815	0.5554459597522409
20260609	agri_aa_oil__kernellength	genotype_population_methylation_ridge	test	164	36	36	0.45649969120807654	0.7076115442316189	0.7338481338481339	0.4255483776292961	0.5510093207484832
20260609	agri_aa_oil__Oil_C182_C183	genotype_population_ridge	test	159	34	34	0.42920931413844177	0.6716785896564732	0.5553857906799083	5.746649380710108	7.931467134468782
20260609	agri_aa_oil__Oil_C182_C183	genotype_population_methylation_ridge	test	159	34	34	0.3944802546017593	0.648803015079192	0.5229946524064171	5.923385650837105	8.169194663086726
20260609	agri_aa_oil__Oil_C18_3P	genotype_population_ridge	test	159	34	34	0.5011596726500998	0.7099797502429072	0.6042780748663101	0.18252626654933246	0.2168873413253409
20260609	agri_aa_oil__Oil_C18_3P	genotype_population_methylation_ridge	test	159	34	34	0.4716420611715959	0.6895413664277813	0.573109243697479	0.18612662723288464	0.22321200366634852
20260609	agri_aa_oil__Oil_C16_1	genotype_population_ridge	test	159	34	34	0.06079695211140901	0.47782054410181013	0.34576012223071045	0.001577736668709733	0.0021621029224940655
20260609	agri_aa_oil__Oil_C16_1	genotype_population_methylation_ridge	test	159	34	34	0.06898958176074588	0.4787077298026444	0.3726508785332314	0.0015796498298602541	0.0021526523004675715
20260609	agri_aa_oil__Headingdate	genotype_population_ridge	test	164	36	36	0.2501781066078034	0.6558711395236708	0.6286118810880308	2.2857949542834333	3.0359356675577795
20260609	agri_aa_oil__Headingdate	genotype_population_methylation_ridge	test	164	36	36	0.2600116738073608	0.6716563945032047	0.6755904512348635	2.2745499189631024	3.0159625209969603
20260609	agri_aa_oil__Oil_C22_0	genotype_population_ridge	test	159	34	34	0.49395511718687524	0.7059076524518679	0.6446142093200917	0.0014939244055233284	0.0017650332987518386
20260609	agri_aa_oil__Oil_C22_0	genotype_population_methylation_ridge	test	159	34	34	0.5162227129373806	0.7233634373849288	0.6736440030557678	0.0014183879247878027	0.001725762873332505
20260609	agri_aa_oil__Oil_C24_0P	genotype_population_ridge	test	159	34	34	0.234042515474582	0.5680272776199281	0.5596638655462185	0.04303203892172693	0.05900049794088603
20260609	agri_aa_oil__Oil_C24_0P	genotype_population_methylation_ridge	test	159	34	34	0.22756375555937947	0.5574270518839503	0.5413292589763177	0.043052552618905574	0.059249496850829246
20260609	agri_aa_oil__Pollenshed	genotype_population_ridge	test	164	36	36	0.29165409389531194	0.6160976318883187	0.6407005092750067	1.9634033968775486	2.7600693869619395
20260609	agri_aa_oil__Pollenshed	genotype_population_methylation_ridge	test	164	36	36	0.3046095743062449	0.6264596526751649	0.6703148816892452	1.9698802448185322	2.7347123978464785
20260609	agri_aa_oil__Oil_C18_1P	genotype_population_ridge	test	159	34	34	0.14262801179100837	0.46162633991690816	0.6012223071046601	4.0674826814075375	5.857946396663468
20260609	agri_aa_oil__Oil_C18_1P	genotype_population_methylation_ridge	test	159	34	34	0.15484272642312813	0.4720856884518095	0.6271963330786859	3.9314889511928772	5.816068527339205
20260609	agri_aa_oil__Oil_C18_2P	genotype_population_ridge	test	159	34	34	0.09086199975724285	0.4301555909240492	0.5862490450725745	3.5823184768699825	5.424475629383519
20260609	agri_aa_oil__Oil_C18_2P	genotype_population_methylation_ridge	test	159	34	34	0.0800394885856206	0.42626001330678814	0.6103896103896104	3.554251201027522	5.456666984153084
20260609	agri_aa_oil__Oil_C16_0P	genotype_population_ridge	test	159	34	34	0.2917436448809956	0.5954958254544118	0.5639419404125287	1.1141279993449507	1.4371748652374319
20260609	agri_aa_oil__Oil_C16_0P	genotype_population_methylation_ridge	test	159	34	34	0.27250161229817693	0.5862672043753346	0.5547746371275782	1.13690156801813	1.4565667464697507
20260609	agri_aa_oil__Silkingtime	genotype_population_ridge	test	164	36	36	0.17813129004505368	0.5587921507829929	0.62524953236323	2.0227482582974416	2.7116426511145164
20260609	agri_aa_oil__Silkingtime	genotype_population_methylation_ridge	test	164	36	36	0.19863490680570883	0.5698226906272004	0.6188116253166563	2.00382299112685	2.6776045884163273
20260609	agri_aa_oil__Oil_SFA_USFA	genotype_population_ridge	test	159	34	34	0.17733207202333356	0.5446310300483425	0.44415584415584414	0.018723908419428562	0.02275042035994888
20260609	agri_aa_oil__Oil_SFA_USFA	genotype_population_methylation_ridge	test	159	34	34	0.16130450537087782	0.5381721941659019	0.4649350649350649	0.01885674156806849	0.02297096802608764
20260609	agri_aa_oil__Oil_C160_C180	genotype_population_ridge	test	159	34	34	0.33434705971630396	0.6690581988264125	0.6650878533231473	0.9828873140516831	1.273347680420106
20260609	agri_aa_oil__Oil_C160_C180	genotype_population_methylation_ridge	test	159	34	34	0.3202972168124508	0.6387427182373365	0.6051948051948052	0.9886807621651009	1.2867156946775997
20260609	agri_aa_oil__Oil_C181_C182	genotype_population_ridge	test	159	34	34	0.07237136410382639	0.3839157346414409	0.5966386554621849	0.12800047499382405	0.20300108464055017
20260609	agri_aa_oil__Oil_C181_C182	genotype_population_methylation_ridge	test	159	34	34	0.07551979330332792	0.38915385135370606	0.6461420932009166	0.12496756148272396	0.20265629268635368
20260609	agri_aa_oil__Leafnumberaboveear	genotype_population_ridge	test	164	36	36	0.20765524210147313	0.5685553265619331	0.536936936936937	0.3821436420379928	0.4596253558605822
20260609	agri_aa_oil__Leafnumberaboveear	genotype_population_methylation_ridge	test	164	36	36	0.17845219685075953	0.5509925242213369	0.5392535392535392	0.39401166937238064	0.46801880561844533
20260609	agri_aa_oil__Earleaflength	genotype_population_ridge	test	164	36	36	0.15006107771514654	0.562704906115996	0.47464607464607467	5.851040936551179	7.207296075982306
20260609	agri_aa_oil__Earleaflength	genotype_population_methylation_ridge	test	164	36	36	0.13364614340682546	0.5481303608016737	0.5232947232947233	5.821521538475166	7.276560772211256
20260609	agri_aa_oil__Oil_C18_3	genotype_population_ridge	test	159	34	34	0.23894166547421658	0.533899218039152	0.44690603514132926	0.006498803416576229	0.009051255771240288
20260609	agri_aa_oil__Oil_C18_3	genotype_population_methylation_ridge	test	159	34	34	0.2722145807204229	0.5533415634064806	0.42154316271963327	0.007077390825568326	0.008851187473682371
20260609	agri_aa_oil__Oil_C22_0P	genotype_population_ridge	test	159	34	34	-0.05311181763122286	0.294458802868244	0.26906035141329254	0.036409254144262646	0.044873579605321304
20260609	agri_aa_oil__Oil_C22_0P	genotype_population_methylation_ridge	test	159	34	34	-0.03973002872176323	0.3129379514083134	0.32773109243697474	0.034608947424199045	0.04458756601934099
20260609	agri_aa_oil__Plantheight	genotype_population_ridge	test	164	36	36	0.10886158376726507	0.35207494783254345	0.4244530244530245	14.036716770490514	17.968877695814342
20260609	agri_aa_oil__Plantheight	genotype_population_methylation_ridge	test	164	36	36	0.07976188596284506	0.31081062623113787	0.41106821106821106	14.45184265838684	18.259903497602398
20260609	agri_aa_oil__AA_Arg	genotype_population_ridge	test	152	30	30	0.3195602686805561	0.6239871133143282	0.6324805339265851	0.7578814614922398	1.0778029080526375
20260609	agri_aa_oil__AA_Arg	genotype_population_methylation_ridge	test	152	30	30	0.3251828459698707	0.6306713986148983	0.6413793103448275	0.7651469261969438	1.0733406459279888
20260609	metabolite__Uracil_E1	genotype_population_ridge	test	117	26	26	0.23481466466615952	0.5332864033168654	0.5658119658119657	23774.653629653567	32420.259814503755
20260609	metabolite__Uracil_E1	genotype_population_methylation_ridge	test	117	26	26	0.20492354365331467	0.5485380405712856	0.5446153846153846	22546.626931679184	33047.424458249625
20260609	agri_aa_oil__Oil_C20_0P	genotype_population_ridge	test	159	34	34	0.04579942338601173	0.3562147462647335	0.26692131398013746	0.0732458343499337	0.08858718452770548
20260609	agri_aa_oil__Oil_C20_0P	genotype_population_methylation_ridge	test	159	34	34	0.11211317818465272	0.41169654110120674	0.37173414820473644	0.07086081683604098	0.08545350230187343
20260609	metabolite__5_Hydroxyindoleacetic_acid_E1	genotype_population_ridge	test	117	26	26	0.15271901232382756	0.49660918097122336	0.5282954428382931	3198194.079719039	4116102.944608676
20260609	metabolite__5_Hydroxyindoleacetic_acid_E1	genotype_population_methylation_ridge	test	117	26	26	0.053034317185254864	0.4285166400286732	0.442126865753989	3474305.174809766	4351506.311862852
20260609	agri_aa_oil__Earleafwidth	genotype_population_ridge	test	164	36	36	0.16425239840962247	0.42964336172933354	0.31943371943371945	0.4495715837393715	0.5196738616406283
20260609	agri_aa_oil__Earleafwidth	genotype_population_methylation_ridge	test	164	36	36	0.1262981651499111	0.36761814864074893	0.26563706563706563	0.4605945670255785	0.5313429563499679
20260609	agri_aa_oil__Oil_C16_1P	genotype_population_ridge	test	159	34	34	0.08340194728786321	0.32006724604801146	0.36806722689075627	0.03226517202874366	0.04526991233591118
20260609	agri_aa_oil__Oil_C16_1P	genotype_population_methylation_ridge	test	159	34	34	0.07833591000492257	0.3107841279653316	0.34453781512605036	0.032134908536494595	0.04539484334928171
20260609	agri_aa_oil__Eardiameter	genotype_population_ridge	test	164	36	36	0.37938345766319603	0.6647306087797175	0.49137709137709146	0.21861349174251193	0.282135674712998
20260609	agri_aa_oil__Eardiameter	genotype_population_methylation_ridge	test	164	36	36	0.33878521647111814	0.6183797628148684	0.4597168597168597	0.2243822125910471	0.2912175929599491
20260609	agri_aa_oil__Oil_C24_0	genotype_population_ridge	test	159	34	34	0.22247411155563146	0.47491539783082415	0.5156608097784569	0.002030539162458076	0.0027220173987160725
20260609	agri_aa_oil__Oil_C24_0	genotype_population_methylation_ridge	test	159	34	34	0.22325531966661094	0.4755642846270316	0.5092436974789916	0.002009494572801754	0.0027206496008694873
20260609	agri_aa_oil__Oil_C220_C240	genotype_population_ridge	test	159	34	34	0.26854544339157127	0.5261827269570848	0.4796027501909854	0.07464581821092173	0.09509901875397408
20260609	agri_aa_oil__Oil_C220_C240	genotype_population_methylation_ridge	test	159	34	34	0.2849677991549404	0.5426354094168874	0.4832696715049656	0.07371603335812298	0.09402539382741114
20260609	agri_aa_oil__Earheight	genotype_population_ridge	test	164	36	36	-0.0831834362885524	0.01901877113298625	0.09086229086229086	9.853236821666254	12.994018485107514
20260609	agri_aa_oil__Earheight	genotype_population_methylation_ridge	test	164	36	36	-0.08871862508350548	0.019833081391316787	0.12380952380952381	9.92974333100926	13.027176624242363
20260609	metabolite__L_Arginine_E1	genotype_population_ridge	test	117	26	26	0.024676296018579347	0.1886415440886105	0.2321367521367521	5207165.159822013	6378773.884753489
20260609	metabolite__L_Arginine_E1	genotype_population_methylation_ridge	test	117	26	26	0.021679618607709394	0.17534883593119516	0.228034188034188	5215040.619612845	6388565.745271269
20260609	agri_aa_oil__Kernernumberperrow	genotype_population_ridge	test	164	36	36	-0.05820212912441991	0.24454815239892128	0.24221364221364225	1.8624003703469403	2.396187683118196
20260609	agri_aa_oil__Kernernumberperrow	genotype_population_methylation_ridge	test	164	36	36	-0.04574778219089226	0.2645394442687418	0.2862290862290862	1.85955343437186	2.382045167023127
20260609	metabolite__Indole_3_carboxyaldehyde_E1	genotype_population_ridge	test	117	26	26	0.03882898121286105	0.4314680865934246	0.6027350427350426	77646.81646049084	104474.74245697455
20260609	metabolite__Indole_3_carboxyaldehyde_E1	genotype_population_methylation_ridge	test	117	26	26	0.03588088672816159	0.3963153647885621	0.5398290598290598	77590.41772939372	104634.841748763
20260609	agri_aa_oil__Oil_C180_C200	genotype_population_ridge	test	159	34	34	0.15445990362773354	0.442268818482484	0.38915202444614205	0.44510229437675997	0.5535303089460442
20260609	agri_aa_oil__Oil_C180_C200	genotype_population_methylation_ridge	test	159	34	34	0.2010993841647719	0.4902715886846472	0.4704354469060351	0.4354727866306316	0.5380475775124948
20260609	agri_aa_oil__100grainweight	genotype_population_ridge	test	162	36	36	0.23687431068162634	0.5262595880105764	0.43722247339394765	1.8371787861031663	2.4184397504446387
20260609	agri_aa_oil__100grainweight	genotype_population_methylation_ridge	test	162	36	36	0.23411143005908697	0.5196519582902039	0.4237080902010231	1.8535585606317018	2.422813750334952
20260609	agri_aa_oil__Oil_C200_C201	genotype_population_ridge	test	159	34	34	0.07260966552353354	0.31396028810305615	0.2452253628724217	0.15855118480996086	0.21001925141360048
20260609	agri_aa_oil__Oil_C200_C201	genotype_population_methylation_ridge	test	159	34	34	0.04045573202667718	0.2723772682277477	0.23055767761650112	0.15753415819242242	0.21362906084813404
20260609	agri_aa_oil__cobweight	genotype_population_ridge	test	164	36	36	0.18186250261337877	0.44837932252696394	0.23140283140283138	2.849887830512883	3.9691596074765014
20260609	agri_aa_oil__cobweight	genotype_population_methylation_ridge	test	164	36	36	0.17827441046736092	0.4429051369373698	0.22419562419562422	2.844622704433886	3.977853824339854
20260609	metabolite__Glutathione_E1	genotype_population_ridge	test	117	26	26	0.10888351788151229	0.47259958342958586	0.3907692307692307	845074.8193765779	1000934.4322977199
20260609	metabolite__Glutathione_E1	genotype_population_methylation_ridge	test	117	26	26	0.03531841747621656	0.3850054559547957	0.24717948717948715	911749.2864450791	1041430.7208430904
20260609	agri_aa_oil__Oil_C20_1P	genotype_population_ridge	test	159	34	34	0.21215276912477277	0.49884644911030407	0.5336898395721925	0.03774802524084908	0.042867992609699
20260609	agri_aa_oil__Oil_C20_1P	genotype_population_methylation_ridge	test	159	34	34	0.2296749289811597	0.5128255257725418	0.5297173414820473	0.03732766530033014	0.04238860819970441
20260609	agri_aa_oil__Oil_C18_0P	genotype_population_ridge	test	159	34	34	0.08495068032886155	0.35218473515916693	0.32895339954163483	0.2915670691512791	0.35890920137287435
20260609	agri_aa_oil__Oil_C18_0P	genotype_population_methylation_ridge	test	159	34	34	0.0844107967103983	0.34512566476475626	0.30053475935828877	0.291834565838226	0.35901506486099705
20260609	metabolite__Pro_Leu_E1	genotype_population_ridge	test	117	26	26	-0.3505261931589432	-0.030563167584142993	-0.03316806340149801	305857.4130786411	398048.64035286236
20260609	metabolite__Pro_Leu_E1	genotype_population_methylation_ridge	test	117	26	26	-0.4034220115218885	-0.08898377934311821	-0.06565224920708886	311688.32747574657	405768.92170943716
20260609	agri_aa_oil__Earlength	genotype_population_ridge	test	164	36	36	-0.16085472137484702	0.22305634091548812	0.26692406692406695	1.023094554757142	1.30287952326735
20260609	agri_aa_oil__Earlength	genotype_population_methylation_ridge	test	164	36	36	-0.1506216720802971	0.24660220762839696	0.26692406692406695	1.030314488183076	1.297124305998145
20260609	metabolite__Feruloylserotonin_E1	genotype_population_ridge	test	117	26	26	0.25809633650117614	0.5604857377120878	0.5428090149556273	10904.067153231888	14901.680552763259
20260609	metabolite__Feruloylserotonin_E1	genotype_population_methylation_ridge	test	117	26	26	0.2718803906904168	0.5567833123481168	0.5986310146009063	10785.140285487396	14762.600087965198
20260609	metabolite__Trigonelline_E1	genotype_population_ridge	test	117	26	26	0.4819192159432901	0.7099198147760464	0.7162393162393161	1452124.6315242066	1898698.8286782568
20260609	metabolite__Trigonelline_E1	genotype_population_methylation_ridge	test	117	26	26	0.4398807248537586	0.6729733493081502	0.7155555555555554	1558869.7220496638	1974229.3285592187
20260609	metabolite__IAA_E1	genotype_population_ridge	test	117	26	26	0.015955830765310486	0.29447864915098876	0.5035897435897435	818546.3282188034	1027362.5597133986
20260609	metabolite__IAA_E1	genotype_population_methylation_ridge	test	117	26	26	-0.013371223972147295	0.23361226790482398	0.4625641025641026	823343.8087396036	1042559.1935071126
20260609	agri_aa_oil__AA_Asp	genotype_population_ridge	test	152	30	30	0.17428977041675509	0.4390955086870961	0.41446051167964404	1.0688192375043875	1.30199380223826
20260609	agri_aa_oil__AA_Asp	genotype_population_methylation_ridge	test	152	30	30	0.15782625406502526	0.41867199833444624	0.4042269187986652	1.0962967591575328	1.314909713645543
20260609	metabolite__Malvidin_3_O_hexoside_E2	genotype_population_ridge	test	117	26	26	-0.044828987225307815	0.12638411261831678	0.1839359318083053	92674.10270293392	117952.1750115513
20260609	metabolite__Malvidin_3_O_hexoside_E2	genotype_population_methylation_ridge	test	117	26	26	-0.13191058364592267	0.011964097173632483	0.09385185347388389	91215.55420340029	122769.19479865412
20260609	metabolite__Gluconolactone_E2	genotype_population_ridge	test	117	26	26	0.13044273633212566	0.4137665190043129	0.24764558416648924	163893.23678729075	234944.72058164116
20260609	metabolite__Gluconolactone_E2	genotype_population_methylation_ridge	test	117	26	26	0.15259084319879157	0.4368005068938043	0.28943363571325503	161105.77502807512	231933.33516820535
20260609	agri_aa_oil__AA_Thr	genotype_population_ridge	test	152	30	30	-0.044215927883206385	0.28024650800415274	0.23737486095661847	0.41135085610358774	0.5215060690072836
20260609	agri_aa_oil__AA_Thr	genotype_population_methylation_ridge	test	152	30	30	-0.03646673201471784	0.29465671980530594	0.25339265850945497	0.41068322319136696	0.519567399945514
20260609	agri_aa_oil__AA_Phe	genotype_population_ridge	test	152	30	30	-0.2784316219526084	0.1614082800948249	0.07764182424916574	0.8237566503995003	0.996414123168424
20260609	agri_aa_oil__AA_Phe	genotype_population_methylation_ridge	test	152	30	30	-0.2634858048373183	0.17907799930196405	0.07274749721913237	0.808650379536827	0.9905725886707395
20260609	agri_aa_oil__AA_His	genotype_population_ridge	test	152	30	30	0.24243115543852567	0.505292481536824	0.5154616240266964	0.37440817267912485	0.48584953448166857
20260609	agri_aa_oil__AA_His	genotype_population_methylation_ridge	test	152	30	30	0.24978374379105028	0.5113505158756507	0.5203559510567297	0.3732569029788367	0.48348607827604784
20260609	metabolite__Feruloyltryptamine_E1	genotype_population_ridge	test	117	26	26	0.01663666976366973	0.22842392782712775	0.3182905982905983	12402176.927114764	17219357.43518461
20260609	metabolite__Feruloyltryptamine_E1	genotype_population_methylation_ridge	test	117	26	26	0.037920594067167857	0.25670975579486777	0.3497435897435897	12299304.072016051	17031990.08438063
20260609	metabolite__N_Coumaroyltryptamine_E1	genotype_population_ridge	test	117	26	26	0.07132711841541606	0.2976035998312347	0.1863247863247863	7808706.155766571	11062185.982118154
20260609	metabolite__N_Coumaroyltryptamine_E1	genotype_population_methylation_ridge	test	117	26	26	0.08374300256904721	0.31364555516502235	0.29435897435897435	7698711.6258956855	10987989.254040936
20260609	agri_aa_oil__AA_Pro	genotype_population_ridge	test	152	30	30	-0.36614855160770055	0.16909997090781312	0.1906562847608454	1.0773162410776984	1.4367831355200025
20260609	agri_aa_oil__AA_Pro	genotype_population_methylation_ridge	test	152	30	30	-0.3644591952139975	0.17387826860444183	0.16618464961067853	1.0910315007195204	1.4358945097521463
20260609	metabolite__Norcinnamolaurine_E1	genotype_population_ridge	test	117	26	26	-0.11808025383345999	-0.0101386978506472	0.26153846153846155	5553070.8289243495	8093512.764674037
20260609	metabolite__Norcinnamolaurine_E1	genotype_population_methylation_ridge	test	117	26	26	-0.07683166243136275	0.07203927279982192	0.3244444444444444	5517339.625957458	7942815.517618637
20260609	agri_aa_oil__Kernelthickness	genotype_population_ridge	test	164	36	36	0.255288055076591	0.5511804363231846	0.5346203346203346	0.2383314025817112	0.29652277123923393
20260609	agri_aa_oil__Kernelthickness	genotype_population_methylation_ridge	test	164	36	36	0.2702916673619522	0.5742526053848571	0.5678249678249678	0.23745074768090646	0.2935205706942588
20260609	metabolite__Norcinnamolaurine_E2	genotype_population_ridge	test	117	26	26	0.005829966523197561	0.15626878212117346	0.3178086850970486	9885619.406558063	13614316.725032516
20260609	metabolite__Norcinnamolaurine_E2	genotype_population_methylation_ridge	test	117	26	26	0.011628298715166241	0.17573914054381917	0.39589099134934075	9878900.387921307	13574557.042702297
20260609	metabolite__L_Glutamic_acid_E1	genotype_population_ridge	test	117	26	26	-0.10021469535972027	-0.08769090622992194	-0.08923076923076922	3011565.053295548	3601290.495476101
20260609	metabolite__L_Glutamic_acid_E1	genotype_population_methylation_ridge	test	117	26	26	-0.08789422038472972	-0.05883328255846816	-0.06119658119658119	2999616.680305468	3581069.6579111144
