seed	trait	model	split	train_non_missing	val_non_missing	test_non_missing	n_eval	r2	pearson	spearman	mae	rmse
20260605	agri_aa_oil__Oil_OIL	mean_baseline	test	306	67	67	67	-0.013843160147368527			0.9704083059179103	1.5440785074250685
20260605	agri_aa_oil__Oil_OIL	population_ridge	test	306	67	67	67	0.24408113562872213	0.5086323682328454	0.08324686726793838	0.9737562030594669	1.3332806674768498
20260605	agri_aa_oil__Oil_OIL	genotype_pca_ridge	test	306	67	67	67	0.8300541803264891	0.9248290995047752	0.688921701652167	0.4858008480283033	0.6321777890702529
20260605	agri_aa_oil__Oil_OIL	genotype_pca_population_ridge	test	306	67	67	67	0.8271520328764578	0.9242944365654668	0.6912363317104319	0.48898256638043414	0.637552757114545
20260605	agri_aa_oil__Oil_C18_2	mean_baseline	test	306	67	67	67	-0.012579845894435282			0.4245696842275389	0.7055473259096633
20260605	agri_aa_oil__Oil_C18_2	population_ridge	test	306	67	67	67	0.3251168608758339	0.5997692791856578	0.20388698220129303	0.4035796722566977	0.5760043983786812
20260605	agri_aa_oil__Oil_C18_2	genotype_pca_ridge	test	306	67	67	67	0.7944477552236464	0.8958308657672392	0.5081411126187246	0.25207577954998306	0.31788689374597906
20260605	agri_aa_oil__Oil_C18_2	genotype_pca_population_ridge	test	306	67	67	67	0.7932323855540322	0.8945415654409543	0.4901827759597734	0.24803793167550497	0.3188252942925533
20260605	agri_aa_oil__Oil_C18_1	mean_baseline	test	306	67	67	67	-0.012259873438681845			0.4906126927898743	0.7043793392016348
20260605	agri_aa_oil__Oil_C18_1	population_ridge	test	306	67	67	67	0.1314076453245242	0.3860216115471281	0.03336259877085163	0.5098851867507858	0.6524820960443626
20260605	agri_aa_oil__Oil_C18_1	genotype_pca_ridge	test	306	67	67	67	0.7551772913080604	0.8867467987125797	0.6316545614175114	0.26680506895592027	0.3464068308451483
20260605	agri_aa_oil__Oil_C18_1	genotype_pca_population_ridge	test	306	67	67	67	0.767657474105121	0.8775895720930627	0.5934631654561418	0.26037855086625106	0.3374620584242855
20260605	agri_aa_oil__Oil_C20_0	mean_baseline	test	306	67	67	67	-0.0578079622223695			0.006292175701492538	0.008460206541080218
20260605	agri_aa_oil__Oil_C20_0	population_ridge	test	306	67	67	67	0.21869837074690623	0.5101887533530455	0.3558943251656158	0.005738869175791692	0.007270878958989013
20260605	agri_aa_oil__Oil_C20_0	genotype_pca_ridge	test	306	67	67	67	0.7106384535350667	0.8540986135360887	0.6332109505946205	0.003518488516153836	0.0044248439411979125
20260605	agri_aa_oil__Oil_C20_0	genotype_pca_population_ridge	test	306	67	67	67	0.6952679289626553	0.8486652049945276	0.6192034480006386	0.003582844818137008	0.004540844517129411
20260605	agri_aa_oil__Oil_C20_1	mean_baseline	test	306	67	67	67	-0.002122608409616644			0.004139314016534972	0.0060853861608484985
20260605	agri_aa_oil__Oil_C20_1	population_ridge	test	306	67	67	67	0.22795247004804398	0.4867688233052183	0.1379200255407455	0.003995914933597565	0.005341333945617702
20260605	agri_aa_oil__Oil_C20_1	genotype_pca_ridge	test	306	67	67	67	0.7092926982526178	0.8422448639251677	0.562175752254769	0.002558244020103821	0.0032775979740948687
20260605	agri_aa_oil__Oil_C20_1	genotype_pca_population_ridge	test	306	67	67	67	0.7007746753613087	0.8375809658137263	0.5314869502753612	0.0025758553097099267	0.0033252697826639086
20260605	agri_aa_oil__Oil_C16_0	mean_baseline	test	306	67	67	67	-0.004376579431851324			0.12742846580099507	0.17608693339180892
20260605	agri_aa_oil__Oil_C16_0	population_ridge	test	306	67	67	67	0.1819751710877322	0.4319368706569112	0.17339771729587358	0.11976146532755973	0.15891397259915382
20260605	agri_aa_oil__Oil_C16_0	genotype_pca_ridge	test	306	67	67	67	0.6857995248508327	0.829976730366771	0.6859685529571395	0.07462393097570189	0.09848776008207145
20260605	agri_aa_oil__Oil_C16_0	genotype_pca_population_ridge	test	306	67	67	67	0.6777891155918505	0.8261322568316689	0.6824567004549447	0.07495764515921438	0.09973531073708206
20260605	agri_aa_oil__Oil_C18_0	mean_baseline	test	306	67	67	67	-0.07243813511310249			0.030711660205443372	0.04172291385462655
20260605	agri_aa_oil__Oil_C18_0	population_ridge	test	306	67	67	67	0.22772665334016617	0.5301340062395081	0.334264506345279	0.026969356268400357	0.035405768871865105
20260605	agri_aa_oil__Oil_C18_0	genotype_pca_ridge	test	306	67	67	67	0.6003093596895082	0.8167272603793504	0.48140314470428613	0.01952751803432465	0.0254712639294856
20260605	agri_aa_oil__Oil_C18_0	genotype_pca_population_ridge	test	306	67	67	67	0.5778280474458275	0.8126235780286073	0.4820815707558465	0.019483890070465273	0.026177803013407712
20260605	agri_aa_oil__kernellength	mean_baseline	test	320	68	70	70	-0.000564093103845309			0.5957879078342858	0.8042735672061758
20260605	agri_aa_oil__kernellength	population_ridge	test	320	68	70	70	0.37938646269309995	0.619107056746317	0.6590207245525954	0.47417193467680807	0.6334202760366637
20260605	agri_aa_oil__kernellength	genotype_pca_ridge	test	320	68	70	70	0.5366209736490755	0.7341466849705212	0.7358475710855548	0.39795250076344796	0.5473303429669768
20260605	agri_aa_oil__kernellength	genotype_pca_population_ridge	test	320	68	70	70	0.5095653748784621	0.7498388706434995	0.790663902260176	0.4088865007334104	0.5630823325884324
20260605	agri_aa_oil__Oil_C16_1	mean_baseline	test	306	67	67	67	-0.008819341507908973			0.0017661226690566776	0.0022097983510983225
20260605	agri_aa_oil__Oil_C16_1	population_ridge	test	306	67	67	67	0.030288404262399315	0.2372326299370003	0.19187485034719454	0.0017218854051087985	0.0021665426335600274
20260605	agri_aa_oil__Oil_C16_1	genotype_pca_ridge	test	306	67	67	67	0.5364480229071376	0.7472883302746722	0.664298826722005	0.001115394802118861	0.0014979425728376755
20260605	agri_aa_oil__Oil_C16_1	genotype_pca_population_ridge	test	306	67	67	67	0.5257291664132784	0.7445930473234438	0.6631415116928726	0.0011221586164066846	0.0015151622934149922
20260605	agri_aa_oil__Oil_C200_C220	mean_baseline	test	306	67	67	67	-0.0281299682293632			0.35342778500838945	0.45427710324532095
20260605	agri_aa_oil__Oil_C200_C220	population_ridge	test	306	67	67	67	0.17228854632052626	0.4469051750004338	0.36375608588075675	0.32545815746145823	0.4076020138819481
20260605	agri_aa_oil__Oil_C200_C220	genotype_pca_ridge	test	306	67	67	67	0.5240204603366561	0.7411894943304175	0.5478888977572034	0.23264774706299982	0.3090942890757643
20260605	agri_aa_oil__Oil_C200_C220	genotype_pca_population_ridge	test	306	67	67	67	0.5284105553353284	0.743426611160785	0.5791763109585762	0.2323184732662305	0.3076655546617025
20260605	agri_aa_oil__Oil_C182_C183	mean_baseline	test	306	67	67	67	-0.029817460291366116			7.499852258958149	10.10525273950598
20260605	agri_aa_oil__Oil_C182_C183	population_ridge	test	306	67	67	67	0.23057787766587912	0.518206776505352	0.227192912443132	6.795733867446194	8.734728069229368
20260605	agri_aa_oil__Oil_C182_C183	genotype_pca_ridge	test	306	67	67	67	0.5231275933200332	0.7444999896142249	0.5436986192034481	5.424084546784339	6.876511146722944
20260605	agri_aa_oil__Oil_C182_C183	genotype_pca_population_ridge	test	306	67	67	67	0.5205242096812182	0.7429331392491578	0.5273764865512013	5.414637302871279	6.895256024302785
20260605	agri_aa_oil__Oil_C18_3P	mean_baseline	test	306	67	67	67	-0.06200512082250653			0.2800111918177739	0.3583264142754425
20260605	agri_aa_oil__Oil_C18_3P	population_ridge	test	306	67	67	67	0.017435586621806665	0.2775751658135568	0.12131854098491501	0.2786064589903672	0.3446640870607131
20260605	agri_aa_oil__Oil_C18_3P	genotype_pca_ridge	test	306	67	67	67	0.4555001011193104	0.6970528921732649	0.6021629818820338	0.2048081071246433	0.2565750486670165
20260605	agri_aa_oil__Oil_C18_3P	genotype_pca_population_ridge	test	306	67	67	67	0.4519565216237754	0.6941523863183551	0.5938223321893209	0.20606388462505684	0.25740858383328113
20260605	metabolite__L_Threonine_E1	mean_baseline	test	238	44	38	38	-0.2526402888067385			306611.67624944716	343296.51373665116
20260605	metabolite__L_Threonine_E1	population_ridge	test	238	44	38	38	-0.1296046948994951	0.3011938315976971	0.17541171991019866	284415.960216869	326001.38828219613
20260605	metabolite__L_Threonine_E1	genotype_pca_ridge	test	238	44	38	38	0.22081274444307974	0.6643737595267684	0.5642063804472764	239929.29183111398	270755.39900264196
20260605	metabolite__L_Threonine_E1	genotype_pca_population_ridge	test	238	44	38	38	0.2628218222270109	0.6913502498435574	0.5946271278802367	232927.68746170518	263355.5289334323
20260605	metabolite__L_Proline_E1	mean_baseline	test	238	44	38	38	-0.0024933272436256093			20100484.298982754	24056846.698556274
20260605	metabolite__L_Proline_E1	population_ridge	test	238	44	38	38	0.11191063859296624	0.5096217613331019	0.3762105383975439	18788014.06221044	22642599.725283165
20260605	metabolite__L_Proline_E1	genotype_pca_ridge	test	238	44	38	38	0.21571088935708627	0.6043396090925539	0.6225310508852903	17683888.39855756	21278256.899486307
20260605	metabolite__L_Proline_E1	genotype_pca_population_ridge	test	238	44	38	38	0.2705736639317561	0.6600080869339526	0.6548120598519207	16895069.74464123	20520534.805894643
20260605	metabolite__Trigonelline_E1	mean_baseline	test	238	44	38	38	-0.01494799751174547			2084799.1154356478	2955852.654804352
20260605	metabolite__Trigonelline_E1	population_ridge	test	238	44	38	38	0.045673026374907555	0.3948568898101983	0.26174974050230515	2067679.2410574297	2866219.7572292425
20260605	metabolite__Trigonelline_E1	genotype_pca_ridge	test	238	44	38	38	0.2454303578354574	0.654602056003268	0.39732997816215304	1976969.1401018386	2548652.0607579625
20260605	metabolite__Trigonelline_E1	genotype_pca_population_ridge	test	238	44	38	38	0.2578615356848605	0.6577372729954079	0.4129780604747908	1964772.631021353	2527570.956439408
20260605	agri_aa_oil__Earlength	mean_baseline	test	321	68	70	70	-0.0037074263540477492			1.1659948958904316	1.5280842978151399
20260605	agri_aa_oil__Earlength	population_ridge	test	321	68	70	70	-0.0013789618856436814	0.27394984715383003	0.16325780771586038	1.1657356059341923	1.5263107949662111
20260605	agri_aa_oil__Earlength	genotype_pca_ridge	test	321	68	70	70	0.2775767606551436	0.6365485342976942	0.4927127985303123	1.024521096128738	1.2964017195330786
20260605	agri_aa_oil__Earlength	genotype_pca_population_ridge	test	321	68	70	70	0.28738577293191114	0.6424643733958296	0.49698189134808857	1.0218600191106089	1.2875704133710801
20260605	metabolite__Benzamidine_E1	mean_baseline	test	238	44	38	38	-0.002915813602847761			328357.8062804069	534875.4668035806
20260605	metabolite__Benzamidine_E1	population_ridge	test	238	44	38	38	0.14457658000405194	0.38511673102464367	0.2871368390794518	316897.60288971657	493981.8668615723
20260605	metabolite__Benzamidine_E1	genotype_pca_ridge	test	238	44	38	38	0.3171862372244928	0.6432371532036291	0.37314657822444003	287547.4248400778	441338.2534625128
20260605	metabolite__Benzamidine_E1	genotype_pca_population_ridge	test	238	44	38	38	0.3381548531246892	0.6372107032732048	0.4235924939316151	275107.9919401661	434508.8567539805
20260605	agri_aa_oil__Oil_C16_0P	mean_baseline	test	306	67	67	67	-0.03246552779986267			1.3742935482850456	1.768055013094526
20260605	agri_aa_oil__Oil_C16_0P	population_ridge	test	306	67	67	67	0.15883438397129812	0.4555332208756446	0.3157075584643627	1.2505761905687092	1.5958745532196938
20260605	agri_aa_oil__Oil_C16_0P	genotype_pca_ridge	test	306	67	67	67	0.3580257600606779	0.604610648521669	0.4811637002155001	1.1221706991837812	1.3941734075271912
20260605	agri_aa_oil__Oil_C16_0P	genotype_pca_population_ridge	test	306	67	67	67	0.3476119465498033	0.624502485772269	0.5110144464841568	1.114290014237611	1.4054357409312415
20260605	agri_aa_oil__Oil_C22_0	mean_baseline	test	306	67	67	67	-0.043969227149174506			0.0017879192805092185	0.0021545657886183423
20260605	agri_aa_oil__Oil_C22_0	population_ridge	test	306	67	67	67	0.14467847187548277	0.4196877461762517	0.40777396440258606	0.0016098923648507437	0.0019502065582442053
20260605	agri_aa_oil__Oil_C22_0	genotype_pca_ridge	test	306	67	67	67	0.37476668223889453	0.6239728974503659	0.5800542740841249	0.0012145038635936628	0.0016673891356845292
20260605	agri_aa_oil__Oil_C22_0	genotype_pca_population_ridge	test	306	67	67	67	0.36510896491131506	0.6216095447028867	0.5706361241918749	0.0012301004017144506	0.0016802175178522484
20260605	metabolite__Glu_Glu_E2	mean_baseline	test	238	44	38	38	-0.012436755529223742			2432938.965059708	4326944.264362791
20260605	metabolite__Glu_Glu_E2	population_ridge	test	238	44	38	38	-0.01169220229421275	0.06819211425717672	-0.027254817581496203	2436248.413313616	4325352.938853133
20260605	metabolite__Glu_Glu_E2	genotype_pca_ridge	test	238	44	38	38	0.00919026554845348	0.6769872512129338	0.11449212526202823	2419922.6890274687	4280480.093963646
20260605	metabolite__Glu_Glu_E2	genotype_pca_population_ridge	test	238	44	38	38	0.009843829536638649	0.6214574869805267	0.05440017806427154	2422650.1002451214	4279068.10282465
20260605	agri_aa_oil__Oil_SFA_USFA	mean_baseline	test	306	67	67	67	-0.008565975877369292			0.02178257218422593	0.027439987586185297
20260605	agri_aa_oil__Oil_SFA_USFA	population_ridge	test	306	67	67	67	0.18659459074390838	0.4544923050671793	0.40378322292281915	0.02028524643433304	0.02464252932915626
20260605	agri_aa_oil__Oil_SFA_USFA	genotype_pca_ridge	test	306	67	67	67	0.28695930457325247	0.590962761357131	0.48894564610104563	0.018887027139386146	0.023072194945033993
20260605	agri_aa_oil__Oil_SFA_USFA	genotype_pca_population_ridge	test	306	67	67	67	0.33787489843681096	0.6072951681892799	0.5477691755128103	0.017919187142347335	0.02223319004665607
20260605	metabolite__Np_Npp_Feruloyl_caffeoyl_spermidine_derivative_E2	mean_baseline	test	238	44	38	38	-0.0015035985933793405			1167450.243255197	1410787.229151109
20260605	metabolite__Np_Npp_Feruloyl_caffeoyl_spermidine_derivative_E2	population_ridge	test	238	44	38	38	0.28245826094766036	0.5681044047898672	0.31873907147516845	1004372.687405011	1194149.9011024341
20260605	metabolite__Np_Npp_Feruloyl_caffeoyl_spermidine_derivative_E2	genotype_pca_ridge	test	238	44	38	38	0.023973322108568396	0.5599449054043495	0.4815017772730996	1154727.008808242	1392727.3582991168
20260605	metabolite__Np_Npp_Feruloyl_caffeoyl_spermidine_derivative_E2	genotype_pca_population_ridge	test	238	44	38	38	0.15627078653497095	0.6006843521828757	0.43936079426556535	1082638.5813028424	1294901.714301096
20260605	metabolite__5_Hydroxyindoleacetic_acid_E1	mean_baseline	test	238	44	38	38	-0.04143821706951645			2662531.18089341	3134083.4317196626
20260605	metabolite__5_Hydroxyindoleacetic_acid_E1	population_ridge	test	238	44	38	38	-0.04151248586038481	0.29755823821327354	0.252653463179779	2756078.740060662	3134195.181237523
20260605	metabolite__5_Hydroxyindoleacetic_acid_E1	genotype_pca_ridge	test	238	44	38	38	0.26740649535472794	0.596129743487436	0.5485282853703906	2297060.5972000593	2628605.002610134
20260605	metabolite__5_Hydroxyindoleacetic_acid_E1	genotype_pca_population_ridge	test	238	44	38	38	0.28843315188109897	0.6006584035539436	0.5769777875041032	2267431.113882525	2590607.695333967
20260605	metabolite__DIMBOA_glucoside_E1	mean_baseline	test	238	44	38	38	-0.0007437606230942251			382020.3151260504	526977.7133391005
20260605	metabolite__DIMBOA_glucoside_E1	population_ridge	test	238	44	38	38	0.024278043135029903	0.15799283145951332	0.19312835102308787	383405.3806348582	520347.9431077637
20260605	metabolite__DIMBOA_glucoside_E1	genotype_pca_ridge	test	238	44	38	38	0.1253938234198836	0.6282950565818672	0.41809826020352336	361478.6353720756	492648.39602724364
20260605	metabolite__DIMBOA_glucoside_E1	genotype_pca_population_ridge	test	238	44	38	38	0.13918877078810832	0.599427457521923	0.4051865630812999	360814.8672645365	488747.74310313456
20260605	agri_aa_oil__Oil_C18_1P	mean_baseline	test	306	67	67	67	-0.007574671927710996			5.043484783472345	6.1897151598658
20260605	agri_aa_oil__Oil_C18_1P	population_ridge	test	306	67	67	67	0.013234235946928963	0.20823951778373143	0.2805092186128183	4.965815361381838	6.1254652392121205
20260605	agri_aa_oil__Oil_C18_1P	genotype_pca_ridge	test	306	67	67	67	0.3532172044373644	0.5989336692142593	0.5433793598850667	3.7906225668268765	4.959195995478967
20260605	agri_aa_oil__Oil_C18_1P	genotype_pca_population_ridge	test	306	67	67	67	0.34933919828742976	0.5970206808226389	0.5317663021789449	3.776274207521131	4.9740410494242795
20260605	agri_aa_oil__Oil_C18_2P	mean_baseline	test	306	67	67	67	-0.00220745658750765			4.714374380709687	5.798379316029609
20260605	agri_aa_oil__Oil_C18_2P	population_ridge	test	306	67	67	67	0.10308135623741055	0.3322554730858176	0.3655120121318542	4.352083316553807	5.485349872146846
20260605	agri_aa_oil__Oil_C18_2P	genotype_pca_ridge	test	306	67	67	67	0.3782228420874122	0.6191740929607676	0.5976933514246948	3.4237845928076873	4.5671490941363615
20260605	agri_aa_oil__Oil_C18_2P	genotype_pca_population_ridge	test	306	67	67	67	0.3265250106788886	0.5958478945236727	0.5524383430441377	3.6834151362031657	4.753226871494306
20260605	agri_aa_oil__Silkingtime	mean_baseline	test	321	68	70	70	-0.00022316300089197938			2.4483210106809086	3.2628023368383783
20260605	agri_aa_oil__Silkingtime	population_ridge	test	321	68	70	70	0.10418849644864925	0.3988491294022806	0.30104215815264873	2.401172818425048	3.0878104199621412
20260605	agri_aa_oil__Silkingtime	genotype_pca_ridge	test	321	68	70	70	0.42845089808856907	0.6570946868115128	0.5790012674386922	2.0937185741237445	2.46643164680949
20260605	agri_aa_oil__Silkingtime	genotype_pca_population_ridge	test	321	68	70	70	0.3519360151799513	0.5951184103123011	0.5021744406574965	2.1395439513806984	2.626341851213295
20260605	metabolite__Pyroglutamic_acid_E1	mean_baseline	test	238	44	38	38	-0.0275947657459521			95661.76470588236	120153.13521473516
20260605	metabolite__Pyroglutamic_acid_E1	population_ridge	test	238	44	38	38	-0.00043802197163755885	0.38663724629334734	0.41656636393478497	93959.89644738189	118554.83222617224
20260605	metabolite__Pyroglutamic_acid_E1	genotype_pca_ridge	test	238	44	38	38	0.23789628112465144	0.5609334645225934	0.5043221359010833	82876.35378772786	103473.9924500813
20260605	metabolite__Pyroglutamic_acid_E1	genotype_pca_population_ridge	test	238	44	38	38	0.08334850393793902	0.591364608448557	0.5227048911259438	90616.66523254229	113481.81981944003
20260605	agri_aa_oil__Pollenshed	mean_baseline	test	321	68	70	70	-0.0009277514315018109			2.6027112109479327	3.424488668799342
20260605	agri_aa_oil__Pollenshed	population_ridge	test	321	68	70	70	0.14257276841404998	0.4419947212490146	0.35563799524858386	2.3737012495191583	3.1695164086827754
20260605	agri_aa_oil__Pollenshed	genotype_pca_ridge	test	321	68	70	70	0.40540496616246025	0.6406528977211721	0.6053755207449324	2.0244128311131178	2.639398752195396
20260605	agri_aa_oil__Pollenshed	genotype_pca_population_ridge	test	321	68	70	70	0.3443519378054537	0.5869225652210827	0.5464583228507196	2.121921296553054	2.771594936484176
20260605	agri_aa_oil__Oil_C24_0P	mean_baseline	test	306	67	67	67	-0.020665449293813642			0.06411158136274508	0.07727348475928224
20260605	agri_aa_oil__Oil_C24_0P	population_ridge	test	306	67	67	67	-0.024122985999231128	0.21356440234880444	0.18720568281586722	0.06256208928399769	0.0774042572988071
20260605	agri_aa_oil__Oil_C24_0P	genotype_pca_ridge	test	306	67	67	67	0.31046614018469476	0.5867638492665985	0.5506026019634449	0.05126856022053922	0.06351357952967722
20260605	agri_aa_oil__Oil_C24_0P	genotype_pca_population_ridge	test	306	67	67	67	0.3018445621738183	0.5789056435255965	0.5423018596855297	0.05086562457264166	0.06390941666178095
20260605	metabolite__Coumaroylserotonin_E1	mean_baseline	test	238	44	38	38	-0.010672805507652816			545380.7076514817	672392.9903364623
20260605	metabolite__Coumaroylserotonin_E1	population_ridge	test	238	44	38	38	-0.07552932815073143	0.1726883172462642	0.35507167086114455	504462.32561991905	693631.832764015
20260605	metabolite__Coumaroylserotonin_E1	genotype_pca_ridge	test	238	44	38	38	0.35698008515300883	0.5977726592745491	0.5474340737498632	396829.4513838715	536327.5409720698
20260605	metabolite__Coumaroylserotonin_E1	genotype_pca_population_ridge	test	238	44	38	38	0.3096967463262479	0.5637534358932549	0.5866068497647445	385370.77846843714	555696.7379662626
20260605	metabolite__N_caffeoyl_O_hexoside_spermidine_E1	mean_baseline	test	238	44	38	38	-0.07305980289468783			749827.4458204333	1541799.0638257973
20260605	metabolite__N_caffeoyl_O_hexoside_spermidine_E1	population_ridge	test	238	44	38	38	0.10829231288513785	0.4263492527748049	0.43254185359448516	672215.6505343369	1405487.7661886404
20260605	metabolite__N_caffeoyl_O_hexoside_spermidine_E1	genotype_pca_ridge	test	238	44	38	38	0.1734144304616052	0.5778669365013979	0.42838384943648106	657448.2970926681	1353192.942262002
20260605	metabolite__N_caffeoyl_O_hexoside_spermidine_E1	genotype_pca_population_ridge	test	238	44	38	38	0.19158021541325032	0.5600398488141974	0.4544260860050334	646174.6347620583	1338240.8455526468
20260605	agri_aa_oil__Headingdate	mean_baseline	test	321	68	70	70	-0.0036533865870773674			2.64048470493992	3.433671839856697
20260605	agri_aa_oil__Headingdate	population_ridge	test	321	68	70	70	0.17743058290588798	0.471041315223551	0.4015259629069455	2.408513597609396	3.108516585174228
20260605	agri_aa_oil__Headingdate	genotype_pca_ridge	test	321	68	70	70	0.32614324392363314	0.5842752885476691	0.5354496148627901	2.1596944955563373	2.8135245112971314
20260605	agri_aa_oil__Headingdate	genotype_pca_population_ridge	test	321	68	70	70	0.30661030227110253	0.558215808865968	0.5160426724847641	2.2137790717923727	2.8540107323924526
20260605	metabolite__Tryptamine_E1	mean_baseline	test	238	44	38	38	-0.0061009131351703605			2281423.772666962	3504061.916497561
20260605	metabolite__Tryptamine_E1	population_ridge	test	238	44	38	38	-0.010998941512593507	0.07330757333859492	0.23417409894437	2191654.91931133	3512581.020497832
20260605	metabolite__Tryptamine_E1	genotype_pca_ridge	test	238	44	38	38	0.10360140998689882	0.6557713307958595	0.517480987807442	2156969.5348563804	3307513.171109715
20260605	metabolite__Tryptamine_E1	genotype_pca_population_ridge	test	238	44	38	38	0.10331679039145714	0.5534237845900661	0.49121847203797997	2129163.2235447094	3308038.2212142795
20260605	agri_aa_oil__Oil_C181_C182	mean_baseline	test	306	67	67	67	-0.005714358268783748			0.1564214533826456	0.19620611194726098
20260605	agri_aa_oil__Oil_C181_C182	population_ridge	test	306	67	67	67	0.03306534244749049	0.21571330897909965	0.33494293239683937	0.15168607616372543	0.19238613506465144
20260605	agri_aa_oil__Oil_C181_C182	genotype_pca_ridge	test	306	67	67	67	0.3396996701787668	0.5885245366782578	0.5684811237928008	0.11385840650315673	0.15898127062885786
20260605	agri_aa_oil__Oil_C181_C182	genotype_pca_population_ridge	test	306	67	67	67	0.2882918258181605	0.5521077829131046	0.5201931518876208	0.12689536506524876	0.16505404933354423
20260605	agri_aa_oil__Leafnumberaboveear	mean_baseline	test	321	68	70	70	-0.10530605462910847			0.5051668240064086	0.616205992085895
20260605	agri_aa_oil__Leafnumberaboveear	population_ridge	test	321	68	70	70	0.1811643717944449	0.5189633326445492	0.4679771496736651	0.4574621499789306	0.5303749552170424
20260605	agri_aa_oil__Leafnumberaboveear	genotype_pca_ridge	test	321	68	70	70	0.1501856101058121	0.49600969304541015	0.5049471170442282	0.4491927451667669	0.5403145752570604
20260605	agri_aa_oil__Leafnumberaboveear	genotype_pca_population_ridge	test	321	68	70	70	0.22686605032642904	0.551313803517062	0.5313492376131729	0.4317037429948175	0.5153615513672583
20260605	agri_aa_oil__Oil_C16_1P	mean_baseline	test	306	67	67	67	-0.007528011708102245			0.02916796035718467	0.04092620093300208
20260605	agri_aa_oil__Oil_C16_1P	population_ridge	test	306	67	67	67	0.028332651535152298	0.22240984612993447	0.20544337137840213	0.027237707393002724	0.040191264665852405
20260605	agri_aa_oil__Oil_C16_1P	genotype_pca_ridge	test	306	67	67	67	0.2916459254400625	0.570961039528862	0.465001197222444	0.024146145982984073	0.03431611113362885
20260605	agri_aa_oil__Oil_C16_1P	genotype_pca_population_ridge	test	306	67	67	67	0.29132998864141657	0.5510428839022627	0.4484795274962089	0.02363122226874607	0.0343237630368639
20260605	metabolite__L_Aspartic_acid_E1	mean_baseline	test	238	44	38	38	-4.3842328378618234e-05			1001514.8164528969	1326270.298407273
20260605	metabolite__L_Aspartic_acid_E1	population_ridge	test	238	44	38	38	0.03896969124273342	0.2598223311051735	0.35793620450795993	968274.6969503874	1300142.8322441832
20260605	metabolite__L_Aspartic_acid_E1	genotype_pca_ridge	test	238	44	38	38	0.20085901166323494	0.4769651985927394	0.3689883465609419	909779.1933293703	1185589.179438283
20260605	metabolite__L_Aspartic_acid_E1	genotype_pca_population_ridge	test	238	44	38	38	0.2565074141247651	0.5499336744975966	0.4594845988165466	864189.0497418424	1143564.973515965
20260605	metabolite__Feruloyltryptamine_E1	mean_baseline	test	238	44	38	38	-0.00019761881933311187			13686487.417072093	18181976.66831678
20260605	metabolite__Feruloyltryptamine_E1	population_ridge	test	238	44	38	38	0.09157479886476827	0.3126548469088972	0.4794265732362198	11677900.476973621	17327773.995168377
20260605	metabolite__Feruloyltryptamine_E1	genotype_pca_ridge	test	238	44	38	38	0.21964296122790927	0.5349946347168117	0.5725541728308382	11566198.514382094	16059974.967223175
20260605	metabolite__Feruloyltryptamine_E1	genotype_pca_population_ridge	test	238	44	38	38	0.2461621241755163	0.5456895777147391	0.6001313233570941	11141296.223452529	15784730.273974366
20260605	metabolite__L_saccharopine_E1	mean_baseline	test	238	44	38	38	-0.014497751128379255			427943.3034055727	740819.4397202395
20260605	metabolite__L_saccharopine_E1	population_ridge	test	238	44	38	38	0.08668932997366563	0.4218204139970295	0.37761243024400915	401779.45132710953	702904.1241687633
20260605	metabolite__L_saccharopine_E1	genotype_pca_ridge	test	238	44	38	38	0.05211839756354841	0.5315338853951154	0.434292592187329	409543.3212684512	716083.8395855352
20260605	metabolite__L_saccharopine_E1	genotype_pca_population_ridge	test	238	44	38	38	0.06961521790866465	0.5411687922239433	0.44107670423459894	399264.33178799733	709444.007777672
20260605	agri_aa_oil__Oil_C160_C180	mean_baseline	test	306	67	67	67	-0.12008667461685296			1.572845532131158	1.8614041683106222
20260605	agri_aa_oil__Oil_C160_C180	population_ridge	test	306	67	67	67	0.00037309441760935425	0.33173229277206595	0.3421661744752175	1.426560963498096	1.7584654317075583
20260605	agri_aa_oil__Oil_C160_C180	genotype_pca_ridge	test	306	67	67	67	0.18365051384105668	0.5270204324690884	0.5199936148136325	1.3645320688145026	1.5891062241462959
20260605	agri_aa_oil__Oil_C160_C180	genotype_pca_population_ridge	test	306	67	67	67	0.21193151012325973	0.5396400069088823	0.5455742676989386	1.3177123452362545	1.5613377073407215
20260605	metabolite__L_Tyrosine_E1	mean_baseline	test	238	44	38	38	-0.013363113739977006			22636.928350287482	30785.281270972166
20260605	metabolite__L_Tyrosine_E1	population_ridge	test	238	44	38	38	0.1401247830335005	0.37817712837551487	0.2642521063573695	21621.402136770434	28358.176154349356
20260605	metabolite__L_Tyrosine_E1	genotype_pca_ridge	test	238	44	38	38	0.08576931916895725	0.6156300446427333	0.5483094430462851	21705.35021763799	29240.747850459815
20260605	metabolite__L_Tyrosine_E1	genotype_pca_population_ridge	test	238	44	38	38	0.09845177211370693	0.5384424247759217	0.4988510777984462	21695.241436312677	29037.22179927261
20260605	metabolite__L_saccharopine_E2	mean_baseline	test	238	44	38	38	-0.04089223426922928			3435417.0720919943	5151855.827930032
20260605	metabolite__L_saccharopine_E2	population_ridge	test	238	44	38	38	-0.03849031926462376	0.18163197750815926	0.044763052402122666	3436080.1742095654	5145908.302212199
20260605	metabolite__L_saccharopine_E2	genotype_pca_ridge	test	238	44	38	38	0.02806806965800479	0.569862992927056	0.21090073833469528	3361637.33120569	4978273.377130382
20260605	metabolite__L_saccharopine_E2	genotype_pca_population_ridge	test	238	44	38	38	0.03346891600811974	0.5318431940112303	0.14676590041869558	3364261.1143356985	4964422.43537811
20260605	agri_aa_oil__AA_Arg	mean_baseline	test	289	60	63	63	-0.0035289813788612623			0.9482345206114684	1.1253230802434018
20260605	agri_aa_oil__AA_Arg	population_ridge	test	289	60	63	63	0.23444354947918788	0.4875334998182241	0.48123079877112135	0.7589569727566883	0.9828808572972382
20260605	agri_aa_oil__AA_Arg	genotype_pca_ridge	test	289	60	63	63	0.10734025822705595	0.4269326632521957	0.46481374807987713	0.8046288677020969	1.0613417322298782
20260605	agri_aa_oil__AA_Arg	genotype_pca_population_ridge	test	289	60	63	63	0.2721532248171675	0.5240259830073635	0.578197004608295	0.7239882469888527	0.9583678755697449
20260605	agri_aa_oil__Oil_C22_0P	mean_baseline	test	306	67	67	67	-0.0010437723433589507			0.036892301666812996	0.04789107077773095
20260605	agri_aa_oil__Oil_C22_0P	population_ridge	test	306	67	67	67	0.014609841991995998	0.20549866923851773	0.1921542022507782	0.037401031396145624	0.04751515205709539
20260605	agri_aa_oil__Oil_C22_0P	genotype_pca_ridge	test	306	67	67	67	0.27691584058572283	0.5314115958510804	0.47294277276718016	0.03180257038740313	0.040702626720374606
20260605	agri_aa_oil__Oil_C22_0P	genotype_pca_population_ridge	test	306	67	67	67	0.247843731386292	0.5167613152419755	0.4370260994492777	0.03251650535444761	0.04151280246982594
20260605	metabolite__Feruloyltryptamine_E2	mean_baseline	test	238	44	38	38	-0.010322640230251645			18664920.743034054	21689937.231788404
20260605	metabolite__Feruloyltryptamine_E2	population_ridge	test	238	44	38	38	0.1305042453490014	0.37441458904752856	0.40048159984442677	16480126.245380653	20121575.639972825
20260605	metabolite__Feruloyltryptamine_E2	genotype_pca_ridge	test	238	44	38	38	0.15251665088794208	0.4572333660266451	0.49460955170728743	16249294.670762924	19865241.07099064
20260605	metabolite__Feruloyltryptamine_E2	genotype_pca_population_ridge	test	238	44	38	38	0.22879630592992373	0.5156088410075839	0.5368576789387574	15157586.889543101	18950156.59941185
20260605	agri_aa_oil__Oil_C20_0P	mean_baseline	test	306	67	67	67	-0.062297258570105374			0.07096098770588237	0.08605349721967497
20260605	agri_aa_oil__Oil_C20_0P	population_ridge	test	306	67	67	67	-0.027625966432840654	0.2435924192015761	0.21645781786255888	0.06827837196619606	0.08463753945248073
20260605	agri_aa_oil__Oil_C20_0P	genotype_pca_ridge	test	306	67	67	67	0.3034402878150515	0.5605030541271028	0.4807646260675234	0.057513209312632756	0.06968265193904598
20260605	agri_aa_oil__Oil_C20_0P	genotype_pca_population_ridge	test	306	67	67	67	0.22664236477854638	0.5144158246407324	0.4752174954106474	0.061408231027648946	0.07342360149294598
20260605	metabolite__L_Arginine_E1	mean_baseline	test	238	44	38	38	-0.009516726864889469			3936614.3299425035	4686989.750755766
20260605	metabolite__L_Arginine_E1	population_ridge	test	238	44	38	38	-0.026801505970949213	0.3219489557612397	0.31733873221433323	3518890.6517807357	4726944.385674526
20260605	metabolite__L_Arginine_E1	genotype_pca_ridge	test	238	44	38	38	0.17252025638074053	0.5015886360856036	0.47994747568691914	3482424.743625271	4243419.129027604
20260605	metabolite__L_Arginine_E1	genotype_pca_population_ridge	test	238	44	38	38	0.18602232652467376	0.5139110635744611	0.5324725072258432	3376709.3264017836	4208656.591629528
20260605	agri_aa_oil__Oil_C18_3	mean_baseline	test	306	67	67	67	-0.015031660748819453			0.008297261356599354	0.010604209444991066
20260605	agri_aa_oil__Oil_C18_3	population_ridge	test	306	67	67	67	-0.013887877727066122	0.07750300246803704	0.06788251257083568	0.008342387847817169	0.010598233112444665
20260605	agri_aa_oil__Oil_C18_3	genotype_pca_ridge	test	306	67	67	67	0.21012522970451486	0.5406229086374408	0.5077819458855456	0.007271062548567395	0.009354436333628976
20260605	agri_aa_oil__Oil_C18_3	genotype_pca_population_ridge	test	306	67	67	67	0.20238577855669815	0.5114993198596609	0.49457259158751704	0.007332014953288836	0.009400153530823399
20260605	metabolite__Serotonin_E2	mean_baseline	test	238	44	38	38	-0.00853247268826407			298853.56037151703	352818.1337273688
20260605	metabolite__Serotonin_E2	population_ridge	test	238	44	38	38	0.1123267178363222	0.38374654813438225	0.3391889800267501	265606.8594886478	331003.4569331076
20260605	metabolite__Serotonin_E2	genotype_pca_ridge	test	238	44	38	38	0.12639448691316357	0.4785478550356518	0.42412303891695924	272993.89196658746	328370.12504431
20260605	metabolite__Serotonin_E2	genotype_pca_population_ridge	test	238	44	38	38	0.13794012715839254	0.5104726322495403	0.47676902129607085	253041.0428762037	326193.0250361098
20260605	metabolite__N_Coumaroyltryptamine_E2	mean_baseline	test	238	44	38	38	-0.0018840659653907021			14589776.1167625	18128545.53336883
20260605	metabolite__N_Coumaroyltryptamine_E2	population_ridge	test	238	44	38	38	0.13683109790195513	0.37504980501321716	0.3781328754262441	12521273.50753965	16826822.73500464
20260605	metabolite__N_Coumaroyltryptamine_E2	genotype_pca_ridge	test	238	44	38	38	0.05610058059057266	0.4867124649697614	0.34923936482927487	13918580.143979253	17596126.941768307
20260605	metabolite__N_Coumaroyltryptamine_E2	genotype_pca_population_ridge	test	238	44	38	38	0.12439298699138968	0.5002835485103835	0.3838240214529198	13299948.826947443	16947624.873990364
20260605	metabolite__L_Phenylalanine_E1	mean_baseline	test	238	44	38	38	-0.0038243525722403415			22023250.773993805	31071638.33101048
20260605	metabolite__L_Phenylalanine_E1	population_ridge	test	238	44	38	38	0.10978398908203957	0.34637347269067476	0.28812168342080663	20624828.641503558	29260584.011257984
20260605	metabolite__L_Phenylalanine_E1	genotype_pca_ridge	test	238	44	38	38	0.07322547385005496	0.472613667861058	0.2975324182381972	21422433.391205683	29855361.452631287
20260605	metabolite__L_Phenylalanine_E1	genotype_pca_population_ridge	test	238	44	38	38	0.10816110537694479	0.49672039678178703	0.42435848397489107	20647595.88983866	29287243.216364738
20260605	metabolite__Malvidin_3_O_hexoside_E2	mean_baseline	test	238	44	38	38	-0.08143649365308514			93047.34188412206	118504.4187546903
20260605	metabolite__Malvidin_3_O_hexoside_E2	population_ridge	test	238	44	38	38	0.13143122627373416	0.43809098284791187	0.4956217430080916	79219.73400542619	106202.84229864806
20260605	metabolite__Malvidin_3_O_hexoside_E2	genotype_pca_ridge	test	238	44	38	38	0.16149609522965158	0.4592908964936759	0.5356830411399295	77617.02086032911	104348.5884620761
20260605	metabolite__Malvidin_3_O_hexoside_E2	genotype_pca_population_ridge	test	238	44	38	38	0.20488603267709526	0.4920061092027423	0.5479422361966666	75701.79867136612	101612.87170954743
20260605	metabolite__L_Isoleucine_E1	mean_baseline	test	238	44	38	38	-0.0016329042349090273			1612757.4082264483	2139773.9188674144
20260605	metabolite__L_Isoleucine_E1	population_ridge	test	238	44	38	38	0.1739343304770249	0.42670483896800543	0.478634349898446	1452421.6044267833	1943215.138221208
20260605	metabolite__L_Isoleucine_E1	genotype_pca_ridge	test	238	44	38	38	0.19155683185635686	0.4542563436152888	0.32467035119997467	1431432.1511807137	1922376.0445054679
20260605	metabolite__L_Isoleucine_E1	genotype_pca_population_ridge	test	238	44	38	38	0.22570883058364177	0.48795339222003115	0.3820101772966335	1382620.1388681896	1881333.3377822447
20260605	agri_aa_oil__Earleaflength	mean_baseline	test	321	68	70	70	-0.001286872532094474			5.6390623703925264	6.828140015373198
20260605	agri_aa_oil__Earleaflength	population_ridge	test	321	68	70	70	0.19320979058116294	0.44298973731801866	0.3893097716735194	5.1992683336575904	6.1291953934282954
20260605	agri_aa_oil__Earleaflength	genotype_pca_ridge	test	321	68	70	70	0.13873332368177604	0.45872154814870986	0.43553494882337507	5.281188175085433	6.33274468187595
20260605	agri_aa_oil__Earleaflength	genotype_pca_population_ridge	test	321	68	70	70	0.2335130728413971	0.48628331735267327	0.45782521214241967	5.124799644644824	5.974141886269229
20260605	metabolite__Glutamine_E1	mean_baseline	test	238	44	38	38	-0.0004133159705852485			3033654.79876161	4388393.117943953
20260605	metabolite__Glutamine_E1	population_ridge	test	238	44	38	38	0.005038128719154877	0.163529728537003	0.33406280774701824	3038796.581237506	4376420.1856338745
20260605	metabolite__Glutamine_E1	genotype_pca_ridge	test	238	44	38	38	0.22275681247261525	0.5482604019505816	0.4666812561549403	2873256.7236379376	3868069.3824080494
20260605	metabolite__Glutamine_E1	genotype_pca_population_ridge	test	238	44	38	38	0.1031498435979672	0.48586227068936094	0.4596783017835649	2892380.727839733	4155045.056343679
20260605	metabolite__L_Aspartic_acid_E2	mean_baseline	test	238	44	38	38	-0.015549425826566043			4707191.508182221	6415037.115542684
20260605	metabolite__L_Aspartic_acid_E2	population_ridge	test	238	44	38	38	0.06541227594037946	0.28661519028935445	0.15705374131307095	4597574.427963812	6154016.793506369
20260605	metabolite__L_Aspartic_acid_E2	genotype_pca_ridge	test	238	44	38	38	0.2156334068034711	0.48595308073470067	0.17784831333361695	4297509.775472732	5637780.785782045
20260605	metabolite__L_Aspartic_acid_E2	genotype_pca_population_ridge	test	238	44	38	38	0.22165296447371108	0.48456524280133173	0.18901171515517323	4328736.002161946	5616105.774694545
20260605	metabolite__L_Leucine_E1	mean_baseline	test	238	44	38	38	-0.006814885859864894			4865891.198584698	6054628.134176739
20260605	metabolite__L_Leucine_E1	population_ridge	test	238	44	38	38	0.18652560082911052	0.43987945841071957	0.48200021884232414	4302193.481556783	5442326.660110009
20260605	metabolite__L_Leucine_E1	genotype_pca_ridge	test	238	44	38	38	0.20637463772642684	0.4609854170372306	0.3872414925046504	4446226.362133578	5375519.353209855
20260605	metabolite__L_Leucine_E1	genotype_pca_population_ridge	test	238	44	38	38	0.22772698370043254	0.48364955760485906	0.42925921873290296	4273689.038780905	5302712.616157704
20260605	agri_aa_oil__Tasselmainaxislength	mean_baseline	test	321	68	70	70	-0.0018030699881772527			2.28993707505919	3.114945209020286
20260605	agri_aa_oil__Tasselmainaxislength	population_ridge	test	321	68	70	70	0.08036803372033052	0.2872492841430748	0.14303210567754351	2.272168551506503	2.9844634342504706
20260605	agri_aa_oil__Tasselmainaxislength	genotype_pca_ridge	test	321	68	70	70	0.22862020794430504	0.49272389941786454	0.4879538098154142	2.0883594612826553	2.7333381409326734
20260605	agri_aa_oil__Tasselmainaxislength	genotype_pca_population_ridge	test	321	68	70	70	0.2265863002250611	0.482633627753733	0.4464876213804566	2.1093153830294433	2.7369392838560636
20260605	agri_aa_oil__Plantheight	mean_baseline	test	321	68	70	70	-0.001156742076920514			18.58776867142857	22.339024167126304
20260605	agri_aa_oil__Plantheight	population_ridge	test	321	68	70	70	0.1506213564931066	0.4048873310431766	0.24423060099728808	17.00885241416226	20.576136309289883
20260605	agri_aa_oil__Plantheight	genotype_pca_ridge	test	321	68	70	70	0.18175338894578819	0.4764639756054348	0.4942524713498381	16.493765951988255	20.195530575336175
20260605	agri_aa_oil__Plantheight	genotype_pca_population_ridge	test	321	68	70	70	0.1819935348319428	0.4809312713367279	0.4891435569941387	16.46466974014925	20.192566780913754
20260605	agri_aa_oil__Kernernumberperrow	mean_baseline	test	321	68	70	70	-0.015327767288158434			2.058964602989319	2.5752203897038792
20260605	agri_aa_oil__Kernernumberperrow	population_ridge	test	321	68	70	70	0.10599758404928838	0.39006188631526517	0.38038666783308545	1.9002822578139618	2.416465598420615
20260605	agri_aa_oil__Kernernumberperrow	genotype_pca_ridge	test	321	68	70	70	0.16906950941314847	0.44990266786050476	0.4264368821625404	1.8414346556860068	2.329665768337558
20260605	agri_aa_oil__Kernernumberperrow	genotype_pca_population_ridge	test	321	68	70	70	0.2051241386128263	0.4808825006858672	0.45859504855218264	1.786414752063483	2.2785623912096713
20260605	agri_aa_oil__100grainweight	mean_baseline	test	320	66	70	70	-0.0013137934527023276			2.273005824767857	2.8596548847003054
20260605	agri_aa_oil__100grainweight	population_ridge	test	320	66	70	70	0.044406527850627375	0.3005660828826259	0.2609768259816947	2.2277468048463622	2.7936057220187993
20260605	agri_aa_oil__100grainweight	genotype_pca_ridge	test	320	66	70	70	0.15901095417460032	0.45842248515836154	0.47863247865079384	2.0956320141110902	2.6207385310682016
20260605	agri_aa_oil__100grainweight	genotype_pca_population_ridge	test	320	66	70	70	0.17480286324926275	0.4797651663874721	0.4851236560736424	2.0810207007186587	2.5960160943552695
20260605	agri_aa_oil__Earheight	mean_baseline	test	321	68	70	70	-0.04954476748538639			10.03265848354651	13.023648469817969
20260605	agri_aa_oil__Earheight	population_ridge	test	321	68	70	70	-0.027377977326374925	0.20169342904260196	0.1506792990985757	10.200324886299214	12.885382276370063
20260605	agri_aa_oil__Earheight	genotype_pca_ridge	test	321	68	70	70	0.18807711115239023	0.47948211867746304	0.42586323038310875	9.034070992993326	11.45485441296432
20260605	agri_aa_oil__Earheight	genotype_pca_population_ridge	test	321	68	70	70	0.19431229911003478	0.47684212309656937	0.43055227499044946	8.855944336543299	11.410785681515538
20260605	metabolite__L_Pipecolate_E1	mean_baseline	test	238	44	38	38	-0.12172965526868329			3706733.7461300306	4363765.8696205225
20260605	metabolite__L_Pipecolate_E1	population_ridge	test	238	44	38	38	-0.09836329052660053	0.20414847156730404	0.21033048933120624	3638045.7427603146	4318076.630079054
20260605	metabolite__L_Pipecolate_E1	genotype_pca_ridge	test	238	44	38	38	-0.014276265846599578	0.45066681578204976	0.3958196565613803	3511916.6868548887	4149497.1630121674
20260605	metabolite__L_Pipecolate_E1	genotype_pca_population_ridge	test	238	44	38	38	0.013538588021650089	0.47544061374435276	0.3840008777644134	3437741.206515317	4092205.089194836
20260605	metabolite__3p_4p_5p_Tricetin_O_rhamnosyl_O_hexoside_E2	mean_baseline	test	238	44	38	38	-0.03623407466015194			23843.06479433879	36817.987790268315
20260605	metabolite__3p_4p_5p_Tricetin_O_rhamnosyl_O_hexoside_E2	population_ridge	test	238	44	38	38	0.06545396169355	0.3350208955799973	0.3054613184702307	21882.835152203563	34964.83355399403
20260605	metabolite__3p_4p_5p_Tricetin_O_rhamnosyl_O_hexoside_E2	genotype_pca_ridge	test	238	44	38	38	0.1302178074795799	0.4132211140941137	0.21090073833469528	23061.55759576177	33731.55565408624
20260605	metabolite__3p_4p_5p_Tricetin_O_rhamnosyl_O_hexoside_E2	genotype_pca_population_ridge	test	238	44	38	38	0.176398767586323	0.4740000947577558	0.3660939126775069	22245.07918060989	32823.85675567369
20260605	agri_aa_oil__Oil_C220_C240	mean_baseline	test	306	67	67	67	-0.09828886747499266			0.0945051756658375	0.11048443282790829
20260605	agri_aa_oil__Oil_C220_C240	population_ridge	test	306	67	67	67	-0.07951672015635691	0.24830477184029845	0.35533562135844843	0.09038482994888689	0.10953615360416646
20260605	agri_aa_oil__Oil_C220_C240	genotype_pca_ridge	test	306	67	67	67	0.1479825146069439	0.4574147926645771	0.47394045813712193	0.08098777491456982	0.09731214679943632
20260605	agri_aa_oil__Oil_C220_C240	genotype_pca_population_ridge	test	306	67	67	67	0.16174258616471437	0.4730899426139142	0.5071035198339852	0.08135579916919089	0.09652315330725568
20260605	agri_aa_oil__Oil_C24_0	mean_baseline	test	306	67	67	67	-0.0003172785309499826			0.001984241242610477	0.002442561792438602
20260605	agri_aa_oil__Oil_C24_0	population_ridge	test	306	67	67	67	0.036324658790583775	0.2632388886081153	0.19566605475297316	0.0019615072575067064	0.0023974085360340502
20260605	agri_aa_oil__Oil_C24_0	genotype_pca_ridge	test	306	67	67	67	0.13649574137513176	0.48013859005781184	0.46683693830313683	0.001738092030301768	0.0022693888463572705
20260605	agri_aa_oil__Oil_C24_0	genotype_pca_population_ridge	test	306	67	67	67	0.10736249803089448	0.47076849508466917	0.46009258520233065	0.0017582697050290404	0.0023073540443555953
20260605	metabolite__Chrysoeriol_C_hexosyl_O_rhamnoside_E2	mean_baseline	test	238	44	38	38	-0.009563671446454647			50197.09310039806	59889.908116578976
20260605	metabolite__Chrysoeriol_C_hexosyl_O_rhamnoside_E2	population_ridge	test	238	44	38	38	0.029933638574063393	0.43232027400952583	0.2807267222773707	43442.73183351865	58706.678838907144
20260605	metabolite__Chrysoeriol_C_hexosyl_O_rhamnoside_E2	genotype_pca_ridge	test	238	44	38	38	0.04538926165588686	0.28283620352910427	0.22075079876548023	43835.697043770895	58237.12772944668
20260605	metabolite__Chrysoeriol_C_hexosyl_O_rhamnoside_E2	genotype_pca_population_ridge	test	238	44	38	38	0.18046559166958454	0.46770254763775754	0.3172813909871727	37751.26927426219	53959.806762141925
20260605	metabolite__N_caffeoyl_O_hexoside_spermidine_E2	mean_baseline	test	238	44	38	38	-0.035397267310113945			9729241.486068113	13931296.369742965
20260605	metabolite__N_caffeoyl_O_hexoside_spermidine_E2	population_ridge	test	238	44	38	38	0.06624550197004953	0.32414704502499864	0.3202539385473606	9329278.558601394	13229833.47091738
20260605	metabolite__N_caffeoyl_O_hexoside_spermidine_E2	genotype_pca_ridge	test	238	44	38	38	-0.02228799013650562	0.4249773636171432	0.18037542403487708	9707860.621572664	13842822.606034724
20260605	metabolite__N_caffeoyl_O_hexoside_spermidine_E2	genotype_pca_population_ridge	test	238	44	38	38	0.04890078180955015	0.467127081655356	0.31215455664288194	9503940.53300552	13352141.817628518
20260605	metabolite__N_Coumaroyl_spermidine_derivative_E2	mean_baseline	test	238	44	38	38	-0.0006107625518954052			226791.42392746574	591473.1831574163
20260605	metabolite__N_Coumaroyl_spermidine_derivative_E2	population_ridge	test	238	44	38	38	-0.02325316281030254	-0.036909431755901896	-0.171938277075146	247386.50816805326	598127.8463526702
20260605	metabolite__N_Coumaroyl_spermidine_derivative_E2	genotype_pca_ridge	test	238	44	38	38	0.11572386591754513	0.4702853395600006	0.2316953103552413	219783.40646925216	556027.6978003988
20260605	metabolite__N_Coumaroyl_spermidine_derivative_E2	genotype_pca_population_ridge	test	238	44	38	38	0.1168479973879375	0.4603440104317442	0.30699355009279733	216314.25911816832	555674.1617367708
20260605	metabolite__Nalidixic_acid_E2	mean_baseline	test	238	44	38	38	-0.04520588166167827			1768898.3724015923	3417988.4495207164
20260605	metabolite__Nalidixic_acid_E2	population_ridge	test	238	44	38	38	-0.041918284675182216	0.07193177537140265	0.12115574329865474	1796117.097483193	3412608.734932728
20260605	metabolite__Nalidixic_acid_E2	genotype_pca_ridge	test	238	44	38	38	0.1944767911699956	0.4416604654270183	0.061179819786764233	1581095.0379248403	3000604.092262464
20260605	metabolite__Nalidixic_acid_E2	genotype_pca_population_ridge	test	238	44	38	38	0.21077433483275487	0.46001252956297184	0.0891977694565525	1574095.4416089107	2970094.5043712794
20260605	metabolite__Carpacin_E1	mean_baseline	test	238	44	38	38	-0.0006424916740770392			51935.873507297656	65635.386231297
20260605	metabolite__Carpacin_E1	population_ridge	test	238	44	38	38	0.14438069742683313	0.4119135297169816	0.2992996297194844	48915.67548005574	60693.03587256874
20260605	metabolite__Carpacin_E1	genotype_pca_ridge	test	238	44	38	38	0.0519777063539717	0.32987421883315626	0.217662509510806	50511.97569235547	63886.316670343884
20260605	metabolite__Carpacin_E1	genotype_pca_population_ridge	test	238	44	38	38	0.11865069146867735	0.45838879540631033	0.3878310375597268	49295.63178481582	61598.85062941088
20260605	metabolite__LPC1_acyl_18_3_2_E2	mean_baseline	test	238	44	38	38	-0.004845503073140911			2320378.1512605045	3396494.1584898904
20260605	metabolite__LPC1_acyl_18_3_2_E2	population_ridge	test	238	44	38	38	0.19331902939641388	0.4425639107737103	0.44401883519660557	2026020.9204140662	3043211.465159794
20260605	metabolite__LPC1_acyl_18_3_2_E2	genotype_pca_ridge	test	238	44	38	38	0.13223353574797314	0.3793491975524147	0.402867471619104	2102476.6055068322	3156331.8412942537
20260605	metabolite__LPC1_acyl_18_3_2_E2	genotype_pca_population_ridge	test	238	44	38	38	0.1988501324261126	0.4479966563394164	0.4943635885095064	2029976.3605014854	3032760.4508788963
20260605	metabolite__Asparagine_E1	mean_baseline	test	238	44	38	38	-0.12428089528222142			3483239.716939408	4293721.616812175
20260605	metabolite__Asparagine_E1	population_ridge	test	238	44	38	38	0.010512538400307414	0.5670111509483592	0.4244446876025823	3283932.992633098	4028112.727104554
20260605	metabolite__Asparagine_E1	genotype_pca_ridge	test	238	44	38	38	-0.012539817859495983	0.3514334108296218	0.22223438012911695	3362323.96483639	4074764.5905259773
20260605	metabolite__Asparagine_E1	genotype_pca_population_ridge	test	238	44	38	38	0.04276059052546499	0.44791083302845797	0.2765072765072765	3267565.6011218256	3961929.5907776295
20260605	metabolite__L_Serine_E1	mean_baseline	test	238	44	38	38	-0.05727321152300968			186542.4590888987	233720.96917118554
20260605	metabolite__L_Serine_E1	population_ridge	test	238	44	38	38	-0.04316957683410805	0.1504784546031389	0.1542922801455896	185418.30973425455	232156.85973516386
20260605	metabolite__L_Serine_E1	genotype_pca_ridge	test	238	44	38	38	0.02193108343220851	0.4689979186169736	0.4467910495279732	179195.1493355038	224796.11059037872
20260605	metabolite__L_Serine_E1	genotype_pca_population_ridge	test	238	44	38	38	0.03004258427628126	0.44592144302778003	0.39831482250350786	178473.72733470623	223862.0096401589
20260605	agri_aa_oil__AA_His	mean_baseline	test	289	60	63	63	-0.0038097974103561416			0.3991553599933541	0.5057887757665182
20260605	agri_aa_oil__AA_His	population_ridge	test	289	60	63	63	0.128549786280184	0.38799223891812845	0.38844086021505375	0.3763648062331836	0.4712645399533387
20260605	agri_aa_oil__AA_His	genotype_pca_ridge	test	289	60	63	63	0.15299752401225253	0.397507455186569	0.3836885560675883	0.35526340528339106	0.464607067921257
20260605	agri_aa_oil__AA_His	genotype_pca_population_ridge	test	289	60	63	63	0.18619438202628524	0.4387864811043278	0.42386712749615973	0.34718541514598766	0.4554113122882586
20260605	agri_aa_oil__Earleafwidth	mean_baseline	test	321	68	70	70	-0.017483897552772243			0.6142000961872721	0.7845807696040797
20260605	agri_aa_oil__Earleafwidth	population_ridge	test	321	68	70	70	0.1097580043309585	0.3815107795152457	0.34532411862479223	0.575480310614938	0.7338848552318012
20260605	agri_aa_oil__Earleafwidth	genotype_pca_ridge	test	321	68	70	70	0.14598268656615454	0.4064809579586075	0.3895547196220803	0.5217043086057472	0.7187986029230474
20260605	agri_aa_oil__Earleafwidth	genotype_pca_population_ridge	test	321	68	70	70	0.17093281212507894	0.435327515667365	0.4099203919167177	0.5117223501626875	0.7082209187775906
20260605	metabolite__Phenylpyruvic_acid_E2	mean_baseline	test	238	44	38	38	-0.015674210749029527			393868.42105263163	636387.0831518957
20260605	metabolite__Phenylpyruvic_acid_E2	population_ridge	test	238	44	38	38	0.07576930918585256	0.32159300114809675	0.47808243457787813	370835.5378660713	607063.8004993676
20260605	metabolite__Phenylpyruvic_acid_E2	genotype_pca_ridge	test	238	44	38	38	0.129962802213761	0.42725463316306816	0.3522136617380064	363682.9707276761	588996.9609237291
20260605	metabolite__Phenylpyruvic_acid_E2	genotype_pca_population_ridge	test	238	44	38	38	0.14424853851203767	0.4329800508256696	0.4568489198553259	352837.95242501097	584141.3744898323
20260605	metabolite__O_Acetyl_L_serine_E1	mean_baseline	test	238	44	38	38	-0.03340222870241272			2551383.8124723574	3351927.7786616366
20260605	metabolite__O_Acetyl_L_serine_E1	population_ridge	test	238	44	38	38	-0.02004824610493494	0.1550107198944306	0.11273464002179819	2453885.18103199	3330199.9692442594
20260605	metabolite__O_Acetyl_L_serine_E1	genotype_pca_ridge	test	238	44	38	38	0.1939379078156619	0.4912894084823615	0.1684452533917936	2415680.0402905717	2960357.7984236535
20260605	metabolite__O_Acetyl_L_serine_E1	genotype_pca_population_ridge	test	238	44	38	38	0.0650968224009617	0.4295619785870272	0.10003831163099373	2458925.1169245862	3188183.2347129844
20260605	metabolite__Feruloylserotonin_E1	mean_baseline	test	238	44	38	38	-0.0015871683400645598			16273.30030959752	24169.054614827273
20260605	metabolite__Feruloylserotonin_E1	population_ridge	test	238	44	38	38	0.10157742399103187	0.32830841651760195	0.5068254682036044	14378.580796885546	22890.517721851968
20260605	metabolite__Feruloylserotonin_E1	genotype_pca_ridge	test	238	44	38	38	0.16084545746462298	0.41459771404296875	0.38612141445232423	13284.825048405664	22122.604844251357
20260605	metabolite__Feruloylserotonin_E1	genotype_pca_population_ridge	test	238	44	38	38	0.17688423327419334	0.4284176249456119	0.4749227618987702	13091.243074947111	21910.17000796014
20260605	metabolite__LPC1_acyl_18_2_2_E1	mean_baseline	test	238	44	38	38	-0.004080135571248533			1937706.766917293	2557729.875495905
20260605	metabolite__LPC1_acyl_18_2_2_E1	population_ridge	test	238	44	38	38	-0.00044140681601434473	0.321883787817266	0.3632483396641691	1932050.545585806	2553091.1359503414
20260605	metabolite__LPC1_acyl_18_2_2_E1	genotype_pca_ridge	test	238	44	38	38	0.038993247445673895	0.3724385096874193	0.33523038999438076	1868199.6520333365	2502267.344810108
20260605	metabolite__LPC1_acyl_18_2_2_E1	genotype_pca_population_ridge	test	238	44	38	38	0.0507524616276287	0.4274066891538339	0.43088542128889235	1853789.0624223603	2486910.915081594
20260605	metabolite__Ethyl_syringate_E2	mean_baseline	test	238	44	38	38	-5.764438838640196e-05			152979.08005307385	202680.90343415012
20260605	metabolite__Ethyl_syringate_E2	population_ridge	test	238	44	38	38	0.1311183841899627	0.3681558552875784	0.4006785693011518	137074.92125469891	188921.166577956
20260605	metabolite__Ethyl_syringate_E2	genotype_pca_ridge	test	238	44	38	38	0.11249062916870345	0.3788463318497102	0.4346065552294111	136775.97204157457	190935.54630060922
20260605	metabolite__Ethyl_syringate_E2	genotype_pca_population_ridge	test	238	44	38	38	0.12506785232596507	0.42550308944714826	0.5002736247679773	129427.7312661127	189577.8098095194
20260605	metabolite__Phenylpyruvic_acid_E1	mean_baseline	test	238	44	38	38	-0.005882136589975051			69296.26271561254	100657.70432869527
20260605	metabolite__Phenylpyruvic_acid_E1	population_ridge	test	238	44	38	38	0.050073561303143665	0.29717866551896904	0.3005033942265829	69121.2485876126	97817.92843237154
20260605	metabolite__Phenylpyruvic_acid_E1	genotype_pca_ridge	test	238	44	38	38	0.06704063313653996	0.4515926857850593	0.5248413250949351	66695.95876722121	96940.40687987163
20260605	metabolite__Phenylpyruvic_acid_E1	genotype_pca_population_ridge	test	238	44	38	38	0.1743360683348565	0.4211339606489433	0.479098273825193	62711.54843022618	91195.86146626646
20260605	metabolite__Norcinnamolaurine_E2	mean_baseline	test	238	44	38	38	-0.003370416653381003			11539744.736842105	15413087.953745695
20260605	metabolite__Norcinnamolaurine_E2	population_ridge	test	238	44	38	38	0.13839868382822418	0.37401593432739766	0.2510808390388398	10394753.191237565	14282761.607189769
20260605	metabolite__Norcinnamolaurine_E2	genotype_pca_ridge	test	238	44	38	38	0.05874711890112383	0.4139440009066422	0.22393696454815445	11115408.384884728	14928362.415508892
20260605	metabolite__Norcinnamolaurine_E2	genotype_pca_population_ridge	test	238	44	38	38	0.13062077393817206	0.4191193022925709	0.1976686989120073	10708139.811665904	14347083.960202955
20260605	metabolite__Uracil_E1	mean_baseline	test	238	44	38	38	-0.08352584685042008			24279.425033171163	27591.731849051204
20260605	metabolite__Uracil_E1	population_ridge	test	238	44	38	38	0.11882601657037695	0.4422729332146262	0.4065218586814648	19272.9861506756	24882.279030089023
20260605	metabolite__Uracil_E1	genotype_pca_ridge	test	238	44	38	38	0.14315994762692386	0.41820786345976446	0.3135087819979533	20342.394222143383	24536.307309727392
20260605	metabolite__Uracil_E1	genotype_pca_population_ridge	test	238	44	38	38	0.131560243742323	0.41460865205299136	0.3135087819979533	19326.77881617237	24701.83242994482
20260605	agri_aa_oil__Oil_C18_0P	mean_baseline	test	306	67	67	67	-0.11965561633504196			0.33520581223505025	0.4025814561235732
20260605	agri_aa_oil__Oil_C18_0P	population_ridge	test	306	67	67	67	0.0017252401748130142	0.34421938717904843	0.31882033681858096	0.3054593721439369	0.3801338815290675
20260605	agri_aa_oil__Oil_C18_0P	genotype_pca_ridge	test	306	67	67	67	0.0561494471135251	0.36173992364355817	0.40817303855056275	0.29865542518153454	0.36962654443472515
20260605	agri_aa_oil__Oil_C18_0P	genotype_pca_population_ridge	test	306	67	67	67	0.09653086945731959	0.4128617656659135	0.46224758560140483	0.28802944999672414	0.36163311648027097
20260605	metabolite__IAA_E1	mean_baseline	test	238	44	38	38	-0.0001258625519722223			985217.1605484299	1321408.6964396886
20260605	metabolite__IAA_E1	population_ridge	test	238	44	38	38	0.0029631090761064183	0.1732916981034354	0.3100240771463617	984098.2448531777	1319366.4781841016
20260605	metabolite__IAA_E1	genotype_pca_ridge	test	238	44	38	38	0.05083754158938847	0.40296513406252094	0.2284963900746923	976656.0641908479	1287301.003886886
20260605	metabolite__IAA_E1	genotype_pca_population_ridge	test	238	44	38	38	0.05949716913479253	0.4103907817447516	0.27741300231769395	975722.6249145682	1281415.2412430204
20260605	agri_aa_oil__Oil_C200_C201	mean_baseline	test	306	67	67	67	-0.14714191878633676			0.2050659238500146	0.24954163654540015
20260605	agri_aa_oil__Oil_C200_C201	population_ridge	test	306	67	67	67	-0.1868906423720007	0.06785549712465903	0.1333306728390135	0.2017819769339194	0.2538281572339664
20260605	agri_aa_oil__Oil_C200_C201	genotype_pca_ridge	test	306	67	67	67	0.09505504063372283	0.4437524667535911	0.4818022188522629	0.17694050108164094	0.2216386655097908
20260605	agri_aa_oil__Oil_C200_C201	genotype_pca_population_ridge	test	306	67	67	67	0.07349505492249697	0.41017017210488277	0.46412323409689527	0.17890590408688165	0.22426335490421848
20260605	metabolite__Chrysoeriol_O_hexoside_E2	mean_baseline	test	238	44	38	38	-0.022883996711166255			62331.24060150377	110895.49840679036
20260605	metabolite__Chrysoeriol_O_hexoside_E2	population_ridge	test	238	44	38	38	0.06836904855974557	0.30290311181304036	0.32012266674974194	59647.72641675558	105833.38317581844
20260605	metabolite__Chrysoeriol_O_hexoside_E2	genotype_pca_ridge	test	238	44	38	38	0.06074045381389004	0.3586189589116429	0.19192032654319344	59589.89632227262	106265.80438788916
20260605	metabolite__Chrysoeriol_O_hexoside_E2	genotype_pca_population_ridge	test	238	44	38	38	0.11078324149719121	0.4094212649672755	0.31563394262637	59466.888106177976	103396.19207043147
20260605	metabolite__Coumaroylserotonin_E2	mean_baseline	test	238	44	38	38	-0.006718581878853103			1931385.8292790796	3402909.2308444353
20260605	metabolite__Coumaroylserotonin_E2	population_ridge	test	238	44	38	38	0.14415871032485683	0.38580398018625206	0.3965413599990047	1610643.6025449329	3137566.504377275
20260605	metabolite__Coumaroylserotonin_E2	genotype_pca_ridge	test	238	44	38	38	0.10613150619178857	0.3664857018821669	0.5357631678705845	1614560.3327470613	3206513.9779545264
20260605	metabolite__Coumaroylserotonin_E2	genotype_pca_population_ridge	test	238	44	38	38	0.0916176703060606	0.40653781571974307	0.40234226866032047	1715703.445306138	3232441.405966724
20260605	agri_aa_oil__AA_Phe	mean_baseline	test	289	60	63	63	-0.008733671778880847			0.9383909497531719	1.1256846091994839
20260605	agri_aa_oil__AA_Phe	population_ridge	test	289	60	63	63	0.009256124574053226	0.13368451460951833	0.2136136712749616	0.9120597714582568	1.1156017002038872
20260605	agri_aa_oil__AA_Phe	genotype_pca_ridge	test	289	60	63	63	0.13488275716934206	0.40562015184166744	0.42257104454685096	0.8503454587754053	1.0424757311467028
20260605	agri_aa_oil__AA_Phe	genotype_pca_population_ridge	test	289	60	63	63	0.13941275783995144	0.4041308002700769	0.4383640552995392	0.8434466637262514	1.0397427986928314
20260605	metabolite__N_Coumaroyl_spermidine_derivative_E1	mean_baseline	test	238	44	38	38	-5.038063139806148e-05			261027.3987173817	669934.3143292347
20260605	metabolite__N_Coumaroyl_spermidine_derivative_E1	population_ridge	test	238	44	38	38	-0.027303863052475563	0.011634891970443682	0.1651255679004927	283372.3882088995	679001.5160986071
20260605	metabolite__N_Coumaroyl_spermidine_derivative_E1	genotype_pca_ridge	test	238	44	38	38	0.03347040789614131	0.5055076414698064	0.24216228082424804	250893.87129201888	658610.8196617345
20260605	metabolite__N_Coumaroyl_spermidine_derivative_E1	genotype_pca_population_ridge	test	238	44	38	38	0.007243599195007833	0.4038147817614146	0.33583192040199605	258774.48418537597	667486.7226144613
20260605	agri_aa_oil__Oil_C20_1P	mean_baseline	test	306	67	67	67	-0.011837203823338749			0.04596912604453223	0.05913709392951259
20260605	agri_aa_oil__Oil_C20_1P	population_ridge	test	306	67	67	67	0.02554822310645677	0.2031767170993497	0.2026099449277676	0.04560057643338913	0.05803431103462436
20260605	agri_aa_oil__Oil_C20_1P	genotype_pca_ridge	test	306	67	67	67	0.12403157248952856	0.3767222650238591	0.3534200654481603	0.042076487237648126	0.05502358509044143
20260605	agri_aa_oil__Oil_C20_1P	genotype_pca_population_ridge	test	306	67	67	67	0.14203895587136206	0.4000319386301025	0.36511293798387745	0.041980488924354874	0.054455085166045844
20260605	metabolite__Pro_Leu_E1	mean_baseline	test	238	44	38	38	-0.04568731814020466			299390.3140203451	379885.6257794702
20260605	metabolite__Pro_Leu_E1	population_ridge	test	238	44	38	38	-0.08139828290909645	0.1449351177898039	0.16502517060949998	306550.51839677565	386317.8525150404
20260605	metabolite__Pro_Leu_E1	genotype_pca_ridge	test	238	44	38	38	0.18232559847531604	0.45663388018425627	0.35872182311534545	260327.81232524026	335924.8572385336
20260605	metabolite__Pro_Leu_E1	genotype_pca_population_ridge	test	238	44	38	38	0.11215100300217562	0.39661868981233217	0.32020135888819423	268829.2075191548	350043.07846070523
20260605	agri_aa_oil__cobweight	mean_baseline	test	321	68	69	69	-0.003018836995817731			3.1602910243116167	4.2545995441677675
20260605	agri_aa_oil__cobweight	population_ridge	test	321	68	69	69	0.05848898004370684	0.25202643004648834	0.21394057308686673	3.030636793259061	4.122084102368524
20260605	agri_aa_oil__cobweight	genotype_pca_ridge	test	321	68	69	69	0.11007317765205449	0.4002242283003098	0.33590003563728277	3.0133033862116276	4.007571623995684
20260605	agri_aa_oil__cobweight	genotype_pca_population_ridge	test	321	68	69	69	0.09258138407713201	0.3955415290738609	0.3478292640742843	3.0158388687453095	4.046765016353246
20260605	metabolite__Indole_3_carboxyaldehyde_E1	mean_baseline	test	238	44	38	38	-0.020625258925654366			77622.71118973906	103846.97492962304
20260605	metabolite__Indole_3_carboxyaldehyde_E1	population_ridge	test	238	44	38	38	-0.018610374930145834	0.1021860175350834	0.20760602194913805	77467.53219548421	103744.41868949318
20260605	metabolite__Indole_3_carboxyaldehyde_E1	genotype_pca_ridge	test	238	44	38	38	0.11563650823147498	0.42322984188607177	0.3415595121261254	71089.66157895925	96666.5227881897
20260605	metabolite__Indole_3_carboxyaldehyde_E1	genotype_pca_population_ridge	test	238	44	38	38	0.10774611698806835	0.3927752089679012	0.36290014168863566	70669.23379118872	97096.80000666933
20260605	metabolite__Ferulic_acid_E2	mean_baseline	test	238	44	38	38	-0.026050903303635575			144659.6638655462	220736.14059157556
20260605	metabolite__Ferulic_acid_E2	population_ridge	test	238	44	38	38	0.0751516538902347	0.3477684704127067	0.3509904866836367	134576.52251555535	209567.654890392
20260605	metabolite__Ferulic_acid_E2	genotype_pca_ridge	test	238	44	38	38	0.008724220071811173	0.3122778256465111	0.32910146350411457	142075.573717122	216963.28059193294
20260605	metabolite__Ferulic_acid_E2	genotype_pca_population_ridge	test	238	44	38	38	0.057652481671555456	0.389158767093523	0.4175331171493838	136518.1687841396	211540.99220769963
20260605	metabolite__LPC1_acyl_20_4_E1	mean_baseline	test	238	44	38	38	-0.0031392489617361186			69922.07032286598	96174.61762624481
20260605	metabolite__LPC1_acyl_20_4_E1	population_ridge	test	238	44	38	38	0.11161743789299405	0.3587825932562956	0.45516818192049757	64184.85090957223	90506.52061676404
20260605	metabolite__LPC1_acyl_20_4_E1	genotype_pca_ridge	test	238	44	38	38	0.09003994671315263	0.3189509547271793	0.4192367345871827	61182.21502797829	91599.06076344225
20260605	metabolite__LPC1_acyl_20_4_E1	genotype_pca_population_ridge	test	238	44	38	38	0.06831417569527287	0.38804952347297755	0.4834313325668244	65571.78610235319	92686.09832161575
20260605	metabolite__Dicoumaroylputrescine_E2	mean_baseline	test	238	44	38	38	-0.005402347397272633			14804834.144183988	18355606.893975034
20260605	metabolite__Dicoumaroylputrescine_E2	population_ridge	test	238	44	38	38	0.07686390806375176	0.3110478860581376	0.322534756550258	14227032.49758405	17588615.95518813
20260605	metabolite__Dicoumaroylputrescine_E2	genotype_pca_ridge	test	238	44	38	38	0.14630890648599193	0.4255347348511219	0.41840867807656473	13690693.451162681	16914110.987150047
20260605	metabolite__Dicoumaroylputrescine_E2	genotype_pca_population_ridge	test	238	44	38	38	0.08007380077946236	0.38715246985312673	0.3680639247636639	14179996.77249313	17558010.10289108
20260605	agri_aa_oil__AA_Asp	mean_baseline	test	289	60	63	63	-0.0017170223137654705			1.2229970341724612	1.435326642209015
20260605	agri_aa_oil__AA_Asp	population_ridge	test	289	60	63	63	0.05033870814086061	0.22955372029484727	0.268721198156682	1.150737384818995	1.3975346599856362
20260605	agri_aa_oil__AA_Asp	genotype_pca_ridge	test	289	60	63	63	0.13387063133545551	0.3793449211373795	0.3852246543778802	1.1248382132493433	1.3346567944870658
20260605	agri_aa_oil__AA_Asp	genotype_pca_population_ridge	test	289	60	63	63	0.1446332899755891	0.38699099958764577	0.39290514592933945	1.0983771967558353	1.3263385459862378
20260605	metabolite__N_Feruloylputrescine_E1	mean_baseline	test	238	44	38	38	-0.13207627726505033			17420686.421937194	20067630.77721072
20260605	metabolite__N_Feruloylputrescine_E1	population_ridge	test	238	44	38	38	0.01791282494517421	0.39715892006015047	0.40256045519203415	16412670.38797494	18691031.81879586
20260605	metabolite__N_Feruloylputrescine_E1	genotype_pca_ridge	test	238	44	38	38	0.03345209274890859	0.34846951599517173	0.3990589780063465	16018353.745562365	18542570.947775412
20260605	metabolite__N_Feruloylputrescine_E1	genotype_pca_population_ridge	test	238	44	38	38	0.06632811351748202	0.3819072414054311	0.4314476419739578	15673014.331903774	18224490.599698182
20260605	agri_aa_oil__AA_Leu	mean_baseline	test	289	60	63	63	-0.0164340137133967			2.614561641669798	3.2342930371087704
20260605	agri_aa_oil__AA_Leu	population_ridge	test	289	60	63	63	-0.016322957304334862	0.010613120115012292	-0.015312980030721965	2.6195821514747326	3.2341163415350462
20260605	agri_aa_oil__AA_Leu	genotype_pca_ridge	test	289	60	63	63	0.1217636367304954	0.3841847562469621	0.3099558371735791	2.437331076074361	3.006391109389547
20260605	agri_aa_oil__AA_Leu	genotype_pca_population_ridge	test	289	60	63	63	0.11554110239599091	0.37054074359104056	0.29805107526881724	2.456696151532359	3.017022844136652
20260605	agri_aa_oil__AA_Thr	mean_baseline	test	289	60	63	63	-0.005574918074974677			0.4514750940609107	0.5453689991712295
20260605	agri_aa_oil__AA_Thr	population_ridge	test	289	60	63	63	0.03123072788361725	0.1924417034076571	0.25134408602150543	0.4383580268522216	0.535295273661896
20260605	agri_aa_oil__AA_Thr	genotype_pca_ridge	test	289	60	63	63	0.11590527550283136	0.36668290854467306	0.31293202764976963	0.4151161681650573	0.5113669204943678
20260605	agri_aa_oil__AA_Thr	genotype_pca_population_ridge	test	289	60	63	63	0.1216270466556526	0.36880292921265057	0.3279089861751152	0.41097108282605416	0.5097094770859326
20260605	metabolite__Scopoletin_E1	mean_baseline	test	238	44	38	38	-0.0022823557233948577			115818.57585139321	145185.125023664
20260605	metabolite__Scopoletin_E1	population_ridge	test	238	44	38	38	0.08411499775130937	0.31772161499605156	0.319400372031951	109405.76880845621	138786.6056112691
20260605	metabolite__Scopoletin_E1	genotype_pca_ridge	test	238	44	38	38	0.03742349437293602	0.30690549819807056	0.15308020571178466	113436.9775178408	142280.27929057123
20260605	metabolite__Scopoletin_E1	genotype_pca_population_ridge	test	238	44	38	38	0.05354205375392884	0.3684511587897206	0.2861363387679177	112599.34780203071	141083.99253876042
20260605	metabolite__N_N_caffeoyl_Feruloyl_spermidine_derivative_E2	mean_baseline	test	238	44	38	38	-0.002886253650044468			1192371.3423264043	1597521.4076177084
20260605	metabolite__N_N_caffeoyl_Feruloyl_spermidine_derivative_E2	population_ridge	test	238	44	38	38	0.09367502512150294	0.31874657812962065	0.11480792657659336	1192183.6559483449	1518667.9272919397
20260605	metabolite__N_N_caffeoyl_Feruloyl_spermidine_derivative_E2	genotype_pca_ridge	test	238	44	38	38	0.02140622441850193	0.4092000022260124	0.40527526416885146	1188597.8191091039	1578054.7684488252
20260605	metabolite__N_N_caffeoyl_Feruloyl_spermidine_derivative_E2	genotype_pca_population_ridge	test	238	44	38	38	0.026693250427780257	0.36803095598919394	0.19492175141364418	1191706.727860385	1573786.1350875467
20260605	metabolite__N_feruloyl_O_hexoside_spermidine_E2	mean_baseline	test	238	44	38	38	-1.9526998226382375e-05			6794221.58337019	11170622.32939093
20260605	metabolite__N_feruloyl_O_hexoside_spermidine_E2	population_ridge	test	238	44	38	38	0.06434747626807735	0.3035325978036371	0.30195907476150713	6645288.520456901	10805140.672791213
20260605	metabolite__N_feruloyl_O_hexoside_spermidine_E2	genotype_pca_ridge	test	238	44	38	38	0.007208835575263861	0.2931508120177555	0.05789646630983592	6791427.430993428	11130177.244489914
20260605	metabolite__N_feruloyl_O_hexoside_spermidine_E2	genotype_pca_population_ridge	test	238	44	38	38	0.056884098420499685	0.36404747240664137	0.1988617755859582	6668991.972232255	10848149.518834984
20260605	metabolite__Caffeoyltryptamine_E2	mean_baseline	test	238	44	38	38	-0.013014869316604116			77662.23905351614	147924.1642051823
20260605	metabolite__Caffeoyltryptamine_E2	population_ridge	test	238	44	38	38	0.07374093082149458	0.31130598242959107	0.252270992143992	69245.6286174023	141448.20830369636
20260605	metabolite__Caffeoyltryptamine_E2	genotype_pca_ridge	test	238	44	38	38	0.030817632286927688	0.1852290153715535	0.2844478562178895	69019.65838544894	144688.4840086809
20260605	metabolite__Caffeoyltryptamine_E2	genotype_pca_population_ridge	test	238	44	38	38	0.05264176970047929	0.35921545289970874	0.3058990989338212	70963.81979120737	143050.15420520402
20260605	agri_aa_oil__AA_Ile	mean_baseline	test	289	60	63	63	-0.008552696793668435			0.5691957005939474	0.6625819884497198
20260605	agri_aa_oil__AA_Ile	population_ridge	test	289	60	63	63	0.00401253255368117	0.14081534426548342	0.20679723502304148	0.5625165895914606	0.6584416055863653
20260605	agri_aa_oil__AA_Ile	genotype_pca_ridge	test	289	60	63	63	0.11083976837225595	0.35805052484363253	0.3530625960061444	0.5358017637970928	0.6221288531428557
20260605	agri_aa_oil__AA_Ile	genotype_pca_population_ridge	test	289	60	63	63	0.11243435629077148	0.35703182482430484	0.3406298003072197	0.5317301099087599	0.62157075107713
20260605	metabolite__N_Coumaroyltryptamine_E1	mean_baseline	test	238	44	38	38	-0.0013966705741010887			9361147.894736841	11831631.853110576
20260605	metabolite__N_Coumaroyltryptamine_E1	population_ridge	test	238	44	38	38	-0.03492739725808547	0.1307887893513022	0.349381770434402	8822565.891432319	12028085.82681157
20260605	metabolite__N_Coumaroyltryptamine_E1	genotype_pca_ridge	test	238	44	38	38	0.13144892562761723	0.3787820255497236	0.4568333515701936	8159030.908259453	11018925.766441833
20260605	metabolite__N_Coumaroyltryptamine_E1	genotype_pca_population_ridge	test	238	44	38	38	0.12180163706037006	0.3543900565659601	0.4988510777984462	7961669.444393528	11079952.22916687
20260605	metabolite__Gluconolactone_E2	mean_baseline	test	238	44	38	38	-0.04173877500831025			147829.27908005303	218486.21891588025
20260605	metabolite__Gluconolactone_E2	population_ridge	test	238	44	38	38	0.08066114340483566	0.33811644517215267	0.18365895723939551	150704.3763621398	205249.6580777231
20260605	metabolite__Gluconolactone_E2	genotype_pca_ridge	test	238	44	38	38	0.11640953226577844	0.3546546957330572	0.22076288245045333	132248.02530000158	201219.53690323298
20260605	metabolite__Gluconolactone_E2	genotype_pca_population_ridge	test	238	44	38	38	0.10829258780269724	0.3541844867216771	0.2280961066072111	143157.08504596303	202141.65751228284
20260605	agri_aa_oil__AA_Pro	mean_baseline	test	289	60	63	63	-0.00022404030124145713			1.2585574880271875	1.5201581809863793
20260605	agri_aa_oil__AA_Pro	population_ridge	test	289	60	63	63	0.034269699050045954	0.19021055670035927	0.2764016897081414	1.2081898055778997	1.4937161130574241
20260605	agri_aa_oil__AA_Pro	genotype_pca_ridge	test	289	60	63	63	0.11878105577292886	0.3505723894020093	0.3203725038402458	1.1442527201865986	1.4268622536985769
20260605	agri_aa_oil__AA_Pro	genotype_pca_population_ridge	test	289	60	63	63	0.12147942546958357	0.3535366181546429	0.3215245775729647	1.1224893801138989	1.4246759900990766
20260605	metabolite__Norcinnamolaurine_E1	mean_baseline	test	238	44	38	38	-0.03782840425821954			5492922.069880584	6396876.177315796
20260605	metabolite__Norcinnamolaurine_E1	population_ridge	test	238	44	38	38	0.06829145368495104	0.3236040236116161	0.3673670409390527	4965562.077308214	6061012.88835816
20260605	metabolite__Norcinnamolaurine_E1	genotype_pca_ridge	test	238	44	38	38	0.07568620263428649	0.28671286926047385	0.3249069837795792	4862749.942022002	6036912.565195069
20260605	metabolite__Norcinnamolaurine_E1	genotype_pca_population_ridge	test	238	44	38	38	0.10938467002333252	0.35339601993689757	0.3775443226808852	4694344.285423064	5925844.501156989
20260605	metabolite__L_Valine_E1	mean_baseline	test	238	44	38	38	-0.012323439921500423			3950378.1512605045	4963553.145025845
20260605	metabolite__L_Valine_E1	population_ridge	test	238	44	38	38	0.0806653394315936	0.3054764426890035	0.2711494097508327	3840672.4883987196	4730094.821450655
20260605	metabolite__L_Valine_E1	genotype_pca_ridge	test	238	44	38	38	0.08622933378752196	0.30096691128579106	0.12747088568254009	3849011.529363899	4715759.365743976
20260605	metabolite__L_Valine_E1	genotype_pca_population_ridge	test	238	44	38	38	0.12027940107668034	0.35206356354499324	0.2062093451376486	3711694.695477425	4627062.975865566
20260605	metabolite__Cyanidin_3_O_glucoside_E2	mean_baseline	test	238	44	38	38	-0.04547001613409707			193003.1402034498	224712.29566657287
20260605	metabolite__Cyanidin_3_O_glucoside_E2	population_ridge	test	238	44	38	38	0.027859630497131693	0.24684388412479874	0.22568818225723092	175841.11733933588	216688.3360741574
20260605	metabolite__Cyanidin_3_O_glucoside_E2	genotype_pca_ridge	test	238	44	38	38	0.014085604397233165	0.33826567988900974	0.25589668773880014	186596.55634517354	218218.03942678776
20260605	metabolite__Cyanidin_3_O_glucoside_E2	genotype_pca_population_ridge	test	238	44	38	38	0.06556374823669864	0.3507368008694749	0.3402834910949229	178601.70379225808	212444.6921808762
20260605	agri_aa_oil__Oil_C180_C200	mean_baseline	test	306	67	67	67	-0.01757448089708169			0.6176242440798947	0.768562650547858
20260605	agri_aa_oil__Oil_C180_C200	population_ridge	test	306	67	67	67	0.059592153215989874	0.276361514676625	0.1288211349668769	0.6055281968488688	0.7388466253536113
20260605	agri_aa_oil__Oil_C180_C200	genotype_pca_ridge	test	306	67	67	67	0.07986287640793766	0.3123706665218008	0.2971506105834465	0.5782825633266894	0.7308402347187409
20260605	agri_aa_oil__Oil_C180_C200	genotype_pca_population_ridge	test	306	67	67	67	0.09737421995145212	0.3450488636274816	0.3118365392289888	0.5796968057411847	0.7238524331767667
20260605	metabolite__2pp_6pp_O_Diacetyloninin_E2	mean_baseline	test	238	44	38	38	-0.002189157939936237			8174942.282176027	10779422.510145973
20260605	metabolite__2pp_6pp_O_Diacetyloninin_E2	population_ridge	test	238	44	38	38	-0.0004874956970954969	0.18959430229136526	0.1785049840290026	8165030.727459931	10770267.187978402
20260605	metabolite__2pp_6pp_O_Diacetyloninin_E2	genotype_pca_ridge	test	238	44	38	38	0.030053140273195944	0.3219170578856271	0.18485280075106403	8034821.223304966	10604607.903739605
20260605	metabolite__2pp_6pp_O_Diacetyloninin_E2	genotype_pca_population_ridge	test	238	44	38	38	0.03596130386171659	0.34259299457536785	0.2371675661501218	8001782.264834095	10572261.049441086
20260605	metabolite__Modiolin_E1	mean_baseline	test	238	44	38	38	-0.06355545329620393			21426.240601503763	27309.33864109425
20260605	metabolite__Modiolin_E1	population_ridge	test	238	44	38	38	-0.016120903992209	0.2832894820323688	0.010943912596159094	21428.724624186627	26693.39459131663
20260605	metabolite__Modiolin_E1	genotype_pca_ridge	test	238	44	38	38	-0.051480897033783446	0.3102140279067061	0.03688098544905615	21421.22006751096	27153.874530540044
20260605	metabolite__Modiolin_E1	genotype_pca_population_ridge	test	238	44	38	38	0.020537142162652455	0.3421169813360913	0.04683994591156094	21223.630597087988	26207.470121428098
20260605	agri_aa_oil__AA_Ser	mean_baseline	test	289	60	63	63	-0.016331555237494744			0.8801414322680289	1.0793318231339373
20260605	agri_aa_oil__AA_Ser	population_ridge	test	289	60	63	63	0.008961657658879574	0.15916748700579084	0.20036482334869435	0.8592335102495764	1.0658166630382595
20260605	agri_aa_oil__AA_Ser	genotype_pca_ridge	test	289	60	63	63	0.07982100772415435	0.3260464149065388	0.30069124423963134	0.8178928793757527	1.0270070719615352
20260605	agri_aa_oil__AA_Ser	genotype_pca_population_ridge	test	289	60	63	63	0.08828695742578474	0.3353363415231565	0.3114439324116744	0.8097843939354055	1.0222717535677528
20260605	metabolite__2pp_6pp_O_Diacetyloninin_E1	mean_baseline	test	238	44	38	38	-0.002233420823682275			2770391.419725785	3893148.60561834
20260605	metabolite__2pp_6pp_O_Diacetyloninin_E1	population_ridge	test	238	44	38	38	0.010352208377448657	0.16486334666847705	0.16734158220744638	2753093.6546996296	3868627.111686661
20260605	metabolite__2pp_6pp_O_Diacetyloninin_E1	genotype_pca_ridge	test	238	44	38	38	0.12998074369944457	0.3672004556628262	0.3426726578754183	2546162.213952323	3627279.1009355243
20260605	metabolite__2pp_6pp_O_Diacetyloninin_E1	genotype_pca_population_ridge	test	238	44	38	38	0.1100702019643669	0.33354584549361127	0.33326037790822377	2595420.779501993	3668549.7710041357
20260605	metabolite__Chrysoeriol_di_O_hexoside_E2	mean_baseline	test	238	44	38	38	-0.009735071826967756			358315.1127819548	704939.8387398853
20260605	metabolite__Chrysoeriol_di_O_hexoside_E2	population_ridge	test	238	44	38	38	0.037196498133125755	0.31315695481493955	0.19864288535416294	336569.050202465	688362.4392332992
20260605	metabolite__Chrysoeriol_di_O_hexoside_E2	genotype_pca_ridge	test	238	44	38	38	-0.002710723070302512	0.2756329692502784	0.29320346548969833	356385.9279285622	702483.5581967578
20260605	metabolite__Chrysoeriol_di_O_hexoside_E2	genotype_pca_population_ridge	test	238	44	38	38	0.039088790532308626	0.33261513104138185	0.277005588336852	342671.97589757433	687685.6533354177
20260605	agri_aa_oil__Kernelthickness	mean_baseline	test	320	68	70	70	-0.0005918183965551993			0.27311874252249996	0.33410105007637936
20260605	agri_aa_oil__Kernelthickness	population_ridge	test	320	68	70	70	0.051536820049972065	0.24957751391991723	0.28510690419733	0.2619760406885332	0.3252816804030002
20260605	agri_aa_oil__Kernelthickness	genotype_pca_ridge	test	320	68	70	70	0.08545003373791094	0.2984151707500429	0.3256290023943853	0.25333608545592123	0.3194133663652161
20260605	agri_aa_oil__Kernelthickness	genotype_pca_population_ridge	test	320	68	70	70	0.1057808275948734	0.33218175490564295	0.3540784547555303	0.24760376235476958	0.3158430722410417
20260605	metabolite__L_Proline_E2	mean_baseline	test	238	44	38	38	-0.009778163661418926			33465210.084033616	41321941.219922535
20260605	metabolite__L_Proline_E2	population_ridge	test	238	44	38	38	-0.00520900563852944	0.16951422465861288	0.15016691855330785	34704508.51676581	41228346.13446193
20260605	metabolite__L_Proline_E2	genotype_pca_ridge	test	238	44	38	38	0.11158751510866483	0.34756299367473836	0.3119356544292474	32070968.768550288	38759222.3259704
20260605	metabolite__L_Proline_E2	genotype_pca_population_ridge	test	238	44	38	38	0.06500841653514233	0.33150912609382455	0.33568654460859715	32863161.863459386	39762307.43636262
20260605	metabolite__N_Feruloyl_N_methoxyagmatine_E2	mean_baseline	test	238	44	38	38	-0.004280028442209316			1545245.422379478	2309280.37218288
20260605	metabolite__N_Feruloyl_N_methoxyagmatine_E2	population_ridge	test	238	44	38	38	0.08300567194085684	0.33968746387709414	0.3973952158242235	1308568.678916308	2206645.535518478
20260605	metabolite__N_Feruloyl_N_methoxyagmatine_E2	genotype_pca_ridge	test	238	44	38	38	0.06878348111862709	0.27559333673581843	0.44467550589199123	1321974.466950374	2223691.76033846
20260605	metabolite__N_Feruloyl_N_methoxyagmatine_E2	genotype_pca_population_ridge	test	238	44	38	38	0.09969429228876436	0.3312606801983532	0.4952391494366873	1276634.803367809	2186473.6753521524
20260605	metabolite__Sphinganine_E2	mean_baseline	test	238	44	38	38	-0.02894682277392091			194272.0919946926	253044.82381888098
20260605	metabolite__Sphinganine_E2	population_ridge	test	238	44	38	38	0.06072737499469971	0.29084823078605687	0.37434327762536956	181365.92302406562	241766.89075352007
20260605	metabolite__Sphinganine_E2	genotype_pca_ridge	test	238	44	38	38	-0.008377471932851766	0.15301155078724468	0.19450526442698296	192069.6145387074	250502.7858529384
20260605	metabolite__Sphinganine_E2	genotype_pca_population_ridge	test	238	44	38	38	0.04429970390897642	0.3304155626395155	0.46169004240462236	185343.46521185842	243871.9511925647
20260605	metabolite__L_Glutamic_acid_E1	mean_baseline	test	238	44	38	38	-0.003736024527044579			2541842.1052631577	3529606.3252090826
20260605	metabolite__L_Glutamic_acid_E1	population_ridge	test	238	44	38	38	-0.013844208332970398	-0.010627123558634974	-0.10965800421351415	2571095.9909625407	3547334.3602498486
20260605	metabolite__L_Glutamic_acid_E1	genotype_pca_ridge	test	238	44	38	38	0.0684213600333754	0.40021464231235626	0.36837209798671516	2444873.745865921	3400370.770687665
20260605	metabolite__L_Glutamic_acid_E1	genotype_pca_population_ridge	test	238	44	38	38	0.05850273155528707	0.319515761470657	0.22905609063760987	2477489.1049737046	3418424.9175929828
20260605	metabolite__Glutathione_E1	mean_baseline	test	238	44	38	38	-0.013563760668662272			934000.0	1084671.1239827955
20260605	metabolite__Glutathione_E1	population_ridge	test	238	44	38	38	0.0046857068943240154	0.27373076576192434	0.18801641840201327	896130.6438938152	1074861.8822999503
20260605	metabolite__Glutathione_E1	genotype_pca_ridge	test	238	44	38	38	0.036459432373902145	0.2819716191774023	0.2248974038510694	917111.7870724227	1057566.1546518868
20260605	metabolite__Glutathione_E1	genotype_pca_population_ridge	test	238	44	38	38	0.037856889568570806	0.3194779134028077	0.240000003233769	884629.7874152268	1056798.9634539927
20260605	metabolite__LPC1_acyl_16_0_1_E1	mean_baseline	test	238	44	38	38	-0.008141965074456081			4382052.631578947	6252513.118515618
20260605	metabolite__LPC1_acyl_16_0_1_E1	population_ridge	test	238	44	38	38	0.03259062575965688	0.22582677374289975	0.14740643555105867	4390883.263417798	6124898.706563166
20260605	metabolite__LPC1_acyl_16_0_1_E1	genotype_pca_ridge	test	238	44	38	38	0.020032804520009218	0.26673871657441783	0.29393740600604573	4260130.939103395	6164523.804727311
20260605	metabolite__LPC1_acyl_16_0_1_E1	genotype_pca_population_ridge	test	238	44	38	38	0.02917361893885717	0.3185557332475856	0.35532939586806794	4237599.921813284	6135706.11292038
20260605	metabolite__Malvidin_di_O_hexoside_E2	mean_baseline	test	238	44	38	38	-0.018393743785312777			285806.56346749223	349042.1774405878
20260605	metabolite__Malvidin_di_O_hexoside_E2	population_ridge	test	238	44	38	38	-0.014032801307934717	0.18377507834193807	0.25117654098501596	284572.45019281516	348294.0454446369
20260605	metabolite__Malvidin_di_O_hexoside_E2	genotype_pca_ridge	test	238	44	38	38	0.07840431168490203	0.31719479273335816	0.3111524644969065	259700.07303148502	332039.8928451752
20260605	metabolite__Malvidin_di_O_hexoside_E2	genotype_pca_population_ridge	test	238	44	38	38	0.04290094837487368	0.3174967109892909	0.3717850587041827	274596.0370839901	338375.1730341652
20260605	metabolite__L_Methionine_E2	mean_baseline	test	238	44	38	38	-0.0005319966487260519			1903808.049535604	4589515.916303799
20260605	metabolite__L_Methionine_E2	population_ridge	test	238	44	38	38	0.003875689851405073	0.06774449991416585	0.05964758816419769	1877265.3117855336	4579395.562479126
20260605	metabolite__L_Methionine_E2	genotype_pca_ridge	test	238	44	38	38	0.02586593081686861	0.370555304903769	0.15639707061768532	1915791.450180238	4528566.564166897
20260605	metabolite__L_Methionine_E2	genotype_pca_population_ridge	test	238	44	38	38	0.02639521319048821	0.3139207545065389	0.1268468893253305	1909454.2348610633	4527336.129771943
20260605	agri_aa_oil__Eardiameter	mean_baseline	test	321	68	70	70	-0.0006678705614298064			0.24011460967080558	0.3124414033967557
20260605	agri_aa_oil__Eardiameter	population_ridge	test	321	68	70	70	0.027378228926852377	0.19626443087517664	0.21406701076021345	0.23303304140205858	0.3080318295158159
20260605	agri_aa_oil__Eardiameter	genotype_pca_ridge	test	321	68	70	70	0.10336205312741775	0.3288415334299866	0.3091068148018546	0.225327746747056	0.2957550435414699
20260605	agri_aa_oil__Eardiameter	genotype_pca_population_ridge	test	321	68	70	70	0.09428894808508514	0.3099428071957373	0.3002886886536611	0.222669337246334	0.2972476539781477
20260606	agri_aa_oil__Oil_OIL	mean_baseline	test	309	68	63	63	-0.01292013848081286			0.9118042695254536	1.3858252511664262
20260606	agri_aa_oil__Oil_OIL	population_ridge	test	309	68	63	63	0.11453545573394608	0.4078590086279136	0.1575940860215054	0.9165195266755105	1.2957059570475211
20260606	agri_aa_oil__Oil_OIL	genotype_pca_ridge	test	309	68	63	63	0.7846351587994582	0.8868689018070718	0.5328341013824885	0.5107706921071749	0.6390109056840053
20260606	agri_aa_oil__Oil_OIL	genotype_pca_population_ridge	test	309	68	63	63	0.782448955527331	0.8847448772132321	0.5222254224270354	0.5149181518391565	0.6422460676852991
20260606	agri_aa_oil__Oil_C18_2	mean_baseline	test	309	68	63	63	-0.011804169551848043			0.3892971702534545	0.5941556418430135
20260606	agri_aa_oil__Oil_C18_2	population_ridge	test	309	68	63	63	0.0971058271146471	0.41082590497274724	0.1077188940092166	0.42429506990148286	0.5612681756233616
20260606	agri_aa_oil__Oil_C18_2	genotype_pca_ridge	test	309	68	63	63	0.7206419235263998	0.8491669019698658	0.3881048387096775	0.2396383333500769	0.31219979159185873
20260606	agri_aa_oil__Oil_C18_2	genotype_pca_population_ridge	test	309	68	63	63	0.7181463644366799	0.8486280823368515	0.4006336405529954	0.2440153897682445	0.31359116136152454
20260606	agri_aa_oil__Oil_C18_1	mean_baseline	test	309	68	63	63	-0.015612111747757673			0.44509939148805683	0.6436792226292296
20260606	agri_aa_oil__Oil_C18_1	population_ridge	test	309	68	63	63	0.10160383433009512	0.3749041801522095	0.2902745775729647	0.4359971930640029	0.6053959340945412
20260606	agri_aa_oil__Oil_C18_1	genotype_pca_ridge	test	309	68	63	63	0.696913031943079	0.8354579102956565	0.5222254224270354	0.2727777446386857	0.3516326443290875
20260606	agri_aa_oil__Oil_C18_1	genotype_pca_population_ridge	test	309	68	63	63	0.6944932960710468	0.8336767823375538	0.5210253456221198	0.2743030227692035	0.35303350732038785
20260606	agri_aa_oil__Oil_C20_0	mean_baseline	test	309	68	63	63	-0.0042193341294187725			0.0062028233354394615	0.008675123129271737
20260606	agri_aa_oil__Oil_C20_0	population_ridge	test	309	68	63	63	0.09678945965411767	0.3411484111058139	0.16354646697388636	0.006341808201385828	0.008227272023387747
20260606	agri_aa_oil__Oil_C20_0	genotype_pca_ridge	test	309	68	63	63	0.6338535664392322	0.7993920443840034	0.5849654377880185	0.004299897816551033	0.0052382806460610125
20260606	agri_aa_oil__Oil_C20_0	genotype_pca_population_ridge	test	309	68	63	63	0.6301005538729303	0.7961091981635192	0.5769489247311829	0.004402740953156576	0.005265058474052463
20260606	agri_aa_oil__Oil_C20_1	mean_baseline	test	309	68	63	63	-0.00796188746875881			0.0033437104667899523	0.004597141425455852
20260606	agri_aa_oil__Oil_C20_1	population_ridge	test	309	68	63	63	0.02810559683990632	0.34014529722486764	0.25729646697388636	0.0034125345127995724	0.004514143383475804
20260606	agri_aa_oil__Oil_C20_1	genotype_pca_ridge	test	309	68	63	63	0.45283145601218966	0.70249150026082	0.42876344086021506	0.0025935771954044796	0.00338708714164519
20260606	agri_aa_oil__Oil_C20_1	genotype_pca_population_ridge	test	309	68	63	63	0.45811011257026424	0.7094588384609176	0.42938748079877115	0.0025807202807632866	0.0033707095551269214
20260606	agri_aa_oil__Oil_C16_0	mean_baseline	test	309	68	63	63	-0.00041917583489814447			0.12535419959279812	0.17248924873008736
20260606	agri_aa_oil__Oil_C16_0	population_ridge	test	309	68	63	63	0.02879671273401585	0.2518799338667227	0.058083717357910916	0.13090551539118037	0.1699519291497585
20260606	agri_aa_oil__Oil_C16_0	genotype_pca_ridge	test	309	68	63	63	0.5924023838106995	0.7714782473546319	0.5692204301075269	0.08999591556477082	0.11009987972314414
20260606	agri_aa_oil__Oil_C16_0	genotype_pca_population_ridge	test	309	68	63	63	0.5811780482709852	0.7648379115676818	0.5640841013824884	0.090985733819844	0.11160553790656814
20260606	agri_aa_oil__Oil_C18_0	mean_baseline	test	309	68	63	63	-0.01891038446424842			0.02715415266440643	0.04478657103777003
20260606	agri_aa_oil__Oil_C18_0	population_ridge	test	309	68	63	63	0.1510260616245095	0.4132974749732548	0.27385752688172044	0.027986099384708384	0.04088151655682365
20260606	agri_aa_oil__Oil_C18_0	genotype_pca_ridge	test	309	68	63	63	0.6731976859209761	0.8212008838354704	0.550979262672811	0.018985727871477086	0.02536427075292331
20260606	agri_aa_oil__Oil_C18_0	genotype_pca_population_ridge	test	309	68	63	63	0.6611149613844627	0.8136822807287903	0.5011520737327189	0.019072867639670563	0.02582890629681857
20260606	agri_aa_oil__kernellength	mean_baseline	test	320	69	69	69	-0.0983659655473923			0.6094057324971921	0.7843501492830057
20260606	agri_aa_oil__kernellength	population_ridge	test	320	69	69	69	0.26609551228993034	0.5673743320192188	0.548520277676288	0.5045986984118059	0.6411449437083225
20260606	agri_aa_oil__kernellength	genotype_pca_ridge	test	320	69	69	69	0.4674815825072012	0.6990383119078266	0.709901351845086	0.4265870428435639	0.5461397237419315
20260606	agri_aa_oil__kernellength	genotype_pca_population_ridge	test	320	69	69	69	0.5009957381486099	0.7217028450962997	0.7293021556448668	0.42555131709377997	0.5286747606713587
20260606	agri_aa_oil__Oil_C16_1	mean_baseline	test	309	68	63	63	-0.019274286171945487			0.0017839744005239636	0.0021513490277059065
20260606	agri_aa_oil__Oil_C16_1	population_ridge	test	309	68	63	63	0.10381752627735963	0.36312935563116194	0.3518625192012289	0.0016477089822560733	0.0020172678343698667
20260606	agri_aa_oil__Oil_C16_1	genotype_pca_ridge	test	309	68	63	63	0.26291535732644133	0.5500483667390261	0.4861271121351767	0.0013309843697905282	0.0018294646485107415
20260606	agri_aa_oil__Oil_C16_1	genotype_pca_population_ridge	test	309	68	63	63	0.2747049955934595	0.564065923608014	0.5023521505376345	0.0013178913701797682	0.001814774564337596
20260606	agri_aa_oil__Oil_C200_C220	mean_baseline	test	309	68	63	63	-0.026074524921333886			0.2859789535446141	0.4199571146643634
20260606	agri_aa_oil__Oil_C200_C220	population_ridge	test	309	68	63	63	0.06271190108376967	0.30341745513966256	0.1152073732718894	0.2946865060593741	0.4013765927454752
20260606	agri_aa_oil__Oil_C200_C220	genotype_pca_ridge	test	309	68	63	63	0.5709189686127648	0.7568833507418611	0.5310579877112135	0.20399262522478373	0.27157209872277255
20260606	agri_aa_oil__Oil_C200_C220	genotype_pca_population_ridge	test	309	68	63	63	0.5659407483296854	0.753453178518089	0.4901593701996928	0.20544490481516864	0.27314295233744723
20260606	agri_aa_oil__Oil_C182_C183	mean_baseline	test	309	68	63	63	-1.2690509156865204e-06			6.161904666537216	8.45696863291194
20260606	agri_aa_oil__Oil_C182_C183	population_ridge	test	309	68	63	63	0.16867118174148577	0.423270914271528	0.27572964669738864	5.922812103109958	7.710825271750664
20260606	agri_aa_oil__Oil_C182_C183	genotype_pca_ridge	test	309	68	63	63	0.4222327434119947	0.6504094968965074	0.5285138248847927	4.801301903287689	6.428222596179425
20260606	agri_aa_oil__Oil_C182_C183	genotype_pca_population_ridge	test	309	68	63	63	0.41921939723046164	0.6491429263537616	0.5073444700460831	4.9177071256991995	6.444963999205861
20260606	agri_aa_oil__Oil_C18_3P	mean_baseline	test	309	68	63	63	-7.093948983882825e-05			0.21739621447562543	0.2797633733670795
20260606	agri_aa_oil__Oil_C18_3P	population_ridge	test	309	68	63	63	0.11321170147899484	0.34580503806954	0.2707853302611367	0.20938647192849438	0.2634422513554042
20260606	agri_aa_oil__Oil_C18_3P	genotype_pca_ridge	test	309	68	63	63	0.4427201504495544	0.6687349978719496	0.5817972350230415	0.1705639841138644	0.20883924871206788
20260606	agri_aa_oil__Oil_C18_3P	genotype_pca_population_ridge	test	309	68	63	63	0.43270252972581646	0.660823583148603	0.5500672043010753	0.1742816674379546	0.21070792763372967
20260606	metabolite__L_Threonine_E1	mean_baseline	test	226	44	50	50	-0.029704151775841625			360059.8230088495	429660.2543625261
20260606	metabolite__L_Threonine_E1	population_ridge	test	226	44	50	50	0.02860750811870072	0.26942329198438986	0.21692359510325115	354247.93630428915	417317.2342920336
20260606	metabolite__L_Threonine_E1	genotype_pca_ridge	test	226	44	50	50	0.05397537498984051	0.2720496690457709	0.2339720512160814	337864.81756176223	411832.0767679153
20260606	metabolite__L_Threonine_E1	genotype_pca_population_ridge	test	226	44	50	50	0.05611769742063433	0.2772209930288308	0.21970897666534736	340366.28886649164	411365.50479425496
20260606	metabolite__L_Proline_E1	mean_baseline	test	226	44	50	50	-1.9752990938703974e-05			14624000.0	17227645.41106162
20260606	metabolite__L_Proline_E1	population_ridge	test	226	44	50	50	0.0870309736452094	0.29857850894060955	0.24456182472989194	13750205.203571092	16460751.43517775
20260606	metabolite__L_Proline_E1	genotype_pca_ridge	test	226	44	50	50	0.2104815804452218	0.49186244507814686	0.45411764705882346	12310343.533039846	15307447.137658719
20260606	metabolite__L_Proline_E1	genotype_pca_population_ridge	test	226	44	50	50	0.22932478301691173	0.4915270114843658	0.48168067226890754	12207491.62465433	15123674.849808231
20260606	metabolite__Trigonelline_E1	mean_baseline	test	226	44	50	50	-0.004851112340353625			1740405.6814159292	2270270.6423974163
20260606	metabolite__Trigonelline_E1	population_ridge	test	226	44	50	50	0.08485785622223252	0.309111315308151	0.2223876299145071	1684580.5219940864	2166561.653874095
20260606	metabolite__Trigonelline_E1	genotype_pca_ridge	test	226	44	50	50	0.06692812699680883	0.2609535162502987	0.26195735719793484	1645571.3572022766	2187682.6543745724
20260606	metabolite__Trigonelline_E1	genotype_pca_population_ridge	test	226	44	50	50	0.0979379636053801	0.3134391824421963	0.28616020009944887	1629582.3253373362	2151022.619226457
20260606	agri_aa_oil__Earlength	mean_baseline	test	321	69	69	69	-0.01373751041434157			0.9164466325756467	1.1856186363510721
20260606	agri_aa_oil__Earlength	population_ridge	test	321	69	69	69	0.00859188909476405	0.17669863904427527	0.10208257215929852	0.9145023629763805	1.1724882326622768
20260606	agri_aa_oil__Earlength	genotype_pca_ridge	test	321	69	69	69	0.14454100283297766	0.38372675175893206	0.40474972597734754	0.8677246267265037	1.0891353598522704
20260606	agri_aa_oil__Earlength	genotype_pca_population_ridge	test	321	69	69	69	0.14922855275426627	0.3893683735498327	0.406832298136646	0.8666552435049424	1.0861472625646125
20260606	metabolite__Benzamidine_E1	mean_baseline	test	226	44	50	50	-0.04764600282069953			431720.7079646018	682160.8153988528
20260606	metabolite__Benzamidine_E1	population_ridge	test	226	44	50	50	0.1183715111185143	0.4831368823401747	0.45158347152203654	399639.01819233416	625780.8901228129
20260606	metabolite__Benzamidine_E1	genotype_pca_ridge	test	226	44	50	50	0.1071262753384804	0.41007993010085125	0.2613268026396132	385408.2646481708	629759.1849427703
20260606	metabolite__Benzamidine_E1	genotype_pca_population_ridge	test	226	44	50	50	0.1330182115472739	0.4459554772322747	0.3279310428566554	379701.94968840166	620560.9973036816
20260606	agri_aa_oil__Oil_C16_0P	mean_baseline	test	309	68	63	63	-0.0325932790189849			1.3452304848502592	1.6691829238360623
20260606	agri_aa_oil__Oil_C16_0P	population_ridge	test	309	68	63	63	0.2497858977444558	0.5259578741652107	0.4751344086021505	1.137216998766186	1.4227608228308792
20260606	agri_aa_oil__Oil_C16_0P	genotype_pca_ridge	test	309	68	63	63	0.28992006800752346	0.5493264356908608	0.5554915514592934	1.0197751310301035	1.3841810701959223
20260606	agri_aa_oil__Oil_C16_0P	genotype_pca_population_ridge	test	309	68	63	63	0.32168246043941917	0.576808820937024	0.5815572196620584	0.9988702555684359	1.3528692001742972
20260606	agri_aa_oil__Oil_C22_0	mean_baseline	test	309	68	63	63	-0.0018615226237814753			0.0017954699894693585	0.0023586569230042284
20260606	agri_aa_oil__Oil_C22_0	population_ridge	test	309	68	63	63	0.10350340149540582	0.3278913223204762	0.2049251152073733	0.001697963275227606	0.002231183295396343
20260606	agri_aa_oil__Oil_C22_0	genotype_pca_ridge	test	309	68	63	63	0.12105314450229154	0.43200484672930134	0.5227054531490015	0.0015595759345148153	0.002209236628503848
20260606	agri_aa_oil__Oil_C22_0	genotype_pca_population_ridge	test	309	68	63	63	0.1429665329880474	0.45369952327928165	0.5337461597542243	0.0015679955783290895	0.0021815231067242946
20260606	metabolite__Glu_Glu_E2	mean_baseline	test	226	44	50	50	-0.022821394486189472			1901310.4424778759	2766001.9169398346
20260606	metabolite__Glu_Glu_E2	population_ridge	test	226	44	50	50	-0.021369530229348177	0.06314356106740521	0.025501260839341067	1899034.564334669	2764038.0914618555
20260606	metabolite__Glu_Glu_E2	genotype_pca_ridge	test	226	44	50	50	0.016867119519892726	0.6109983970942345	0.02924720875924427	1888259.6473565209	2711806.425927432
20260606	metabolite__Glu_Glu_E2	genotype_pca_population_ridge	test	226	44	50	50	0.01829141939941803	0.5928919914664786	0.015992316119586767	1885597.8881951727	2709841.3683216246
20260606	agri_aa_oil__Oil_SFA_USFA	mean_baseline	test	309	68	63	63	-0.02018408065127275			0.020915267803565004	0.025971525970444286
20260606	agri_aa_oil__Oil_SFA_USFA	population_ridge	test	309	68	63	63	0.23718181041924935	0.49559719716076156	0.47940668202764974	0.018307817524048503	0.02245787791371901
20260606	agri_aa_oil__Oil_SFA_USFA	genotype_pca_ridge	test	309	68	63	63	0.23482380891403098	0.5142715542878433	0.5232334869431644	0.01731647150716932	0.022492561702062822
20260606	agri_aa_oil__Oil_SFA_USFA	genotype_pca_population_ridge	test	309	68	63	63	0.3015223638387541	0.5704880936826382	0.56946044546851	0.016958877577232974	0.02148990269931377
20260606	metabolite__Np_Npp_Feruloyl_caffeoyl_spermidine_derivative_E2	mean_baseline	test	226	44	50	50	-0.4460180520575068			954423.2389380531	1101385.4389228444
20260606	metabolite__Np_Npp_Feruloyl_caffeoyl_spermidine_derivative_E2	population_ridge	test	226	44	50	50	-0.45248484906620456	-0.1261988093608168	-0.08193650792383925	946803.2919833366	1103845.4672306443
20260606	metabolite__Np_Npp_Feruloyl_caffeoyl_spermidine_derivative_E2	genotype_pca_ridge	test	226	44	50	50	-0.4424945055323404	0.023160544232297246	-0.0574900351610994	950826.5842949748	1100042.7344475077
20260606	metabolite__Np_Npp_Feruloyl_caffeoyl_spermidine_derivative_E2	genotype_pca_population_ridge	test	226	44	50	50	-0.44334594416680173	-0.04695239219608185	-0.10417367273552598	950700.0474766404	1100367.3390508567
20260606	metabolite__5_Hydroxyindoleacetic_acid_E1	mean_baseline	test	226	44	50	50	-0.005048531248662558			3378164.601769911	4055054.4133787462
20260606	metabolite__5_Hydroxyindoleacetic_acid_E1	population_ridge	test	226	44	50	50	0.0706037424261331	0.27875598316087385	0.20912364945978393	3209729.087136582	3899452.4533999404
20260606	metabolite__5_Hydroxyindoleacetic_acid_E1	genotype_pca_ridge	test	226	44	50	50	0.16263200885273	0.41642382074449363	0.47207683073229284	3033330.5065760855	3701360.1719304835
20260606	metabolite__5_Hydroxyindoleacetic_acid_E1	genotype_pca_population_ridge	test	226	44	50	50	0.1929450496386561	0.4482674863593978	0.49310924369747894	2948720.2076952006	3633747.3034213777
20260606	metabolite__DIMBOA_glucoside_E1	mean_baseline	test	226	44	50	50	-0.05286036802833216			394549.43150442484	663295.696857276
20260606	metabolite__DIMBOA_glucoside_E1	population_ridge	test	226	44	50	50	-0.030089373414181386	0.11929499984494765	-0.011620927276513489	407551.7671700343	656083.6940680968
20260606	metabolite__DIMBOA_glucoside_E1	genotype_pca_ridge	test	226	44	50	50	-0.004533529563070182	0.36351954563574895	0.31607001377690813	378487.57775847847	647894.0765468123
20260606	metabolite__DIMBOA_glucoside_E1	genotype_pca_population_ridge	test	226	44	50	50	-0.0002225262393631411	0.3440677005469741	0.2720353430638385	392104.83471764653	646502.3476823961
20260606	agri_aa_oil__Oil_C18_1P	mean_baseline	test	309	68	63	63	-0.007421518857596343			4.0706598965901275	5.195190273729816
20260606	agri_aa_oil__Oil_C18_1P	population_ridge	test	309	68	63	63	-0.027126182092102713	0.16547649144309964	0.12845622119815667	4.063767755814193	5.245751898302812
20260606	agri_aa_oil__Oil_C18_1P	genotype_pca_ridge	test	309	68	63	63	0.17896444915934162	0.4957918337619526	0.48900729646697394	3.5772751016623356	4.6900430356465215
20260606	agri_aa_oil__Oil_C18_1P	genotype_pca_population_ridge	test	309	68	63	63	0.16846455364257673	0.4932359107137488	0.49097542242703535	3.6289794601717005	4.719937305769868
20260606	agri_aa_oil__Oil_C18_2P	mean_baseline	test	309	68	63	63	-0.0016643172088250946			3.936778408864232	4.8783196489525436
20260606	agri_aa_oil__Oil_C18_2P	population_ridge	test	309	68	63	63	-0.03813817528221275	0.18349614416453877	0.20833333333333334	3.925737496872648	4.966343255480033
20260606	agri_aa_oil__Oil_C18_2P	genotype_pca_ridge	test	309	68	63	63	0.1738422648698702	0.4939538534043444	0.5331701228878648	3.374235992513604	4.430376543249464
20260606	agri_aa_oil__Oil_C18_2P	genotype_pca_population_ridge	test	309	68	63	63	0.15016098421389412	0.48723548644087245	0.5552515360983103	3.4652923322136324	4.493424873906455
20260606	agri_aa_oil__Silkingtime	mean_baseline	test	321	69	69	69	-0.001835631761385681			2.90050173235812	3.7605142775961706
20260606	agri_aa_oil__Silkingtime	population_ridge	test	321	69	69	69	0.258171346953748	0.5137729083953417	0.46474833481567557	2.5136080500825897	3.235942581368415
20260606	agri_aa_oil__Silkingtime	genotype_pca_ridge	test	321	69	69	69	0.4008862456477075	0.6343405202189997	0.6485795222091549	2.106312810519474	2.9080619233522937
20260606	agri_aa_oil__Silkingtime	genotype_pca_population_ridge	test	321	69	69	69	0.3853701322209999	0.6436900203520335	0.6299442795992019	2.212747794264708	2.945478353067801
20260606	metabolite__Pyroglutamic_acid_E1	mean_baseline	test	226	44	50	50	-0.01637977291258652			68596.4778761062	112306.01747907168
20260606	metabolite__Pyroglutamic_acid_E1	population_ridge	test	226	44	50	50	0.028274795890671056	0.21736055549230546	0.255432564832995	69219.75409837079	109811.22941003834
20260606	metabolite__Pyroglutamic_acid_E1	genotype_pca_ridge	test	226	44	50	50	0.07923021229297633	0.3202980305935815	0.18949744328463966	64512.674289308045	106893.31617429673
20260606	metabolite__Pyroglutamic_acid_E1	genotype_pca_population_ridge	test	226	44	50	50	0.10333799862225901	0.3631683462669988	0.21403702603133273	65189.126033935994	105484.68320665983
20260606	agri_aa_oil__Pollenshed	mean_baseline	test	321	69	69	69	-7.368994798206963e-05			3.069017389498398	3.8383622626170566
20260606	agri_aa_oil__Pollenshed	population_ridge	test	321	69	69	69	0.3235738300382903	0.5806959326291941	0.5592494214578364	2.44109845947403	3.1567497924202317
20260606	agri_aa_oil__Pollenshed	genotype_pca_ridge	test	321	69	69	69	0.4780980149178461	0.6944239548497435	0.6705584738467916	2.095078036053094	2.7728375981288838
20260606	agri_aa_oil__Pollenshed	genotype_pca_population_ridge	test	321	69	69	69	0.43895968929390006	0.6917669558154025	0.6554663403482234	2.2006398496116524	2.8749281350242875
20260606	agri_aa_oil__Oil_C24_0P	mean_baseline	test	309	68	63	63	-0.0024530588141129517			0.06602950758062362	0.08511454453115523
20260606	agri_aa_oil__Oil_C24_0P	population_ridge	test	309	68	63	63	0.14371824955112988	0.3813271228156744	0.3372215821812596	0.06078970135354084	0.07866473806296664
20260606	agri_aa_oil__Oil_C24_0P	genotype_pca_ridge	test	309	68	63	63	0.30045827721659923	0.5515747841595376	0.3995775729646697	0.056904744972219166	0.07110146806665023
20260606	agri_aa_oil__Oil_C24_0P	genotype_pca_population_ridge	test	309	68	63	63	0.3214185024151376	0.5694591023521065	0.426363287250384	0.055125694259013105	0.0700281678005719
20260606	metabolite__Coumaroylserotonin_E1	mean_baseline	test	226	44	50	50	-0.016814381179591775			661126.1203539823	1419884.9006753927
20260606	metabolite__Coumaroylserotonin_E1	population_ridge	test	226	44	50	50	0.011295414633026746	0.19222273825306746	0.12835534213685473	650960.1144164042	1400121.0177385437
20260606	metabolite__Coumaroylserotonin_E1	genotype_pca_ridge	test	226	44	50	50	-0.05365349551315424	-0.05154328462663225	-0.04969987995198079	697203.0925695283	1445377.2243035946
20260606	metabolite__Coumaroylserotonin_E1	genotype_pca_population_ridge	test	226	44	50	50	-0.033723596836888525	0.03123029183427553	0.04364945978391356	682263.5606388225	1431642.2805189395
20260606	metabolite__N_caffeoyl_O_hexoside_spermidine_E1	mean_baseline	test	226	44	50	50	-3.8497250135716143e-05			496829.6530973451	968892.061127891
20260606	metabolite__N_caffeoyl_O_hexoside_spermidine_E1	population_ridge	test	226	44	50	50	-0.049138626846166655	-0.10139530523024634	0.13037214885954382	457303.31451809965	992392.507054719
20260606	metabolite__N_caffeoyl_O_hexoside_spermidine_E1	genotype_pca_ridge	test	226	44	50	50	-0.05006049172057758	0.08915344249944981	0.22785114045618246	470035.79023506795	992828.412707004
20260606	metabolite__N_caffeoyl_O_hexoside_spermidine_E1	genotype_pca_population_ridge	test	226	44	50	50	-0.001619594324467899	0.0739476121821672	0.14823529411764705	466598.308189852	969657.6853430322
20260606	agri_aa_oil__Headingdate	mean_baseline	test	321	69	69	69	-0.0013882195170680234			2.8983970215359616	3.792588244098658
20260606	agri_aa_oil__Headingdate	population_ridge	test	321	69	69	69	0.35514425393653826	0.6056165141174439	0.5780871813089546	2.311841874008823	3.043446995780434
20260606	agri_aa_oil__Headingdate	genotype_pca_ridge	test	321	69	69	69	0.4748347336357436	0.6896681243736286	0.650295548846898	2.093597377054272	2.746518020895864
20260606	agri_aa_oil__Headingdate	genotype_pca_population_ridge	test	321	69	69	69	0.45642303306406606	0.7062608238655337	0.6475548466377149	2.1407386938122097	2.7942481917042676
20260606	metabolite__Tryptamine_E1	mean_baseline	test	226	44	50	50	-0.033421701420151884			2222358.672566372	3322149.6617927738
20260606	metabolite__Tryptamine_E1	population_ridge	test	226	44	50	50	-0.09351702273536722	-0.12975042288859662	0.000960407212934999	2275015.4693915	3417379.255182927
20260606	metabolite__Tryptamine_E1	genotype_pca_ridge	test	226	44	50	50	-0.03809972440829856	-0.0426859704929653	-0.044082691073716464	2259442.762292729	3329660.4120371696
20260606	metabolite__Tryptamine_E1	genotype_pca_population_ridge	test	226	44	50	50	-0.06152540233475934	-0.15337091334602593	-0.0552714351044092	2294685.433277914	3367019.2579981685
20260606	agri_aa_oil__Oil_C181_C182	mean_baseline	test	309	68	63	63	-0.015127558907346295			0.13049787906318383	0.1629448821234942
20260606	agri_aa_oil__Oil_C181_C182	population_ridge	test	309	68	63	63	-0.05830006986001823	0.15655997269409835	0.15754608294930877	0.12821382008112828	0.16637375847962396
20260606	agri_aa_oil__Oil_C181_C182	genotype_pca_ridge	test	309	68	63	63	0.1461982122637071	0.4708040958160875	0.45175691244239635	0.11005180656715256	0.14943727693813305
20260606	agri_aa_oil__Oil_C181_C182	genotype_pca_population_ridge	test	309	68	63	63	0.20292665715007052	0.4505972445088994	0.4932795698924732	0.10738754637291673	0.14438748699641207
20260606	agri_aa_oil__Leafnumberaboveear	mean_baseline	test	321	69	69	69	-0.00045742892143962877			0.5117830445028669	0.6381202014901404
20260606	agri_aa_oil__Leafnumberaboveear	population_ridge	test	321	69	69	69	0.2310752729125347	0.5031693174335593	0.4494702228717574	0.4553372359120903	0.5594291606289408
20260606	agri_aa_oil__Leafnumberaboveear	genotype_pca_ridge	test	321	69	69	69	0.214876423929117	0.5109535989188689	0.4821337230544392	0.47304581906335985	0.5652911629713588
20260606	agri_aa_oil__Leafnumberaboveear	genotype_pca_population_ridge	test	321	69	69	69	0.26420366410086293	0.5359601922145136	0.49627329192546593	0.45474621482505156	0.5472452458310443
20260606	agri_aa_oil__Oil_C16_1P	mean_baseline	test	309	68	63	63	-0.0002531842391162442			0.029826990188318706	0.040669076439187685
20260606	agri_aa_oil__Oil_C16_1P	population_ridge	test	309	68	63	63	0.06421922083837828	0.29841167013875775	0.2711693548387097	0.02963172678942443	0.0393365619064927
20260606	agri_aa_oil__Oil_C16_1P	genotype_pca_ridge	test	309	68	63	63	0.25835973676546187	0.5127166534654836	0.5009600614439325	0.025740225072409695	0.03501918128217559
20260606	agri_aa_oil__Oil_C16_1P	genotype_pca_population_ridge	test	309	68	63	63	0.23337106616157566	0.497916466625783	0.5238095238095238	0.02612102648307024	0.035604258200401966
20260606	metabolite__L_Aspartic_acid_E1	mean_baseline	test	226	44	50	50	-0.03250527752068599			1103674.336283186	2328057.448365106
20260606	metabolite__L_Aspartic_acid_E1	population_ridge	test	226	44	50	50	0.1466616147797024	0.47226108661473915	0.523831249708274	1026908.113767502	2116450.881031646
20260606	metabolite__L_Aspartic_acid_E1	genotype_pca_ridge	test	226	44	50	50	0.2210285387348504	0.5994873383927162	0.4782097162261636	1038759.6586577824	2022126.5266516074
20260606	metabolite__L_Aspartic_acid_E1	genotype_pca_population_ridge	test	226	44	50	50	0.25058801111219686	0.612325003474529	0.4954978762825423	1039360.1681452674	1983388.867054968
20260606	metabolite__Feruloyltryptamine_E1	mean_baseline	test	226	44	50	50	-0.06807334190087655			13526829.911504425	17936861.146788932
20260606	metabolite__Feruloyltryptamine_E1	population_ridge	test	226	44	50	50	-0.08211268777470915	0.03506070296384265	0.061514081988486694	13730814.870360952	18054362.286885187
20260606	metabolite__Feruloyltryptamine_E1	genotype_pca_ridge	test	226	44	50	50	0.022510026353091295	0.2335263322397335	0.28375231106164545	13325351.40320158	17159398.655029755
20260606	metabolite__Feruloyltryptamine_E1	genotype_pca_population_ridge	test	226	44	50	50	-0.011054769726191793	0.19597619322393695	0.25537227791941625	13283538.754173247	17451519.60751628
20260606	metabolite__L_saccharopine_E1	mean_baseline	test	226	44	50	50	-0.001186008490524415			352820.8743362832	498569.9132097538
20260606	metabolite__L_saccharopine_E1	population_ridge	test	226	44	50	50	0.12565421560559742	0.3547740135516036	0.3593930084820062	343857.7194634599	465918.8606716265
20260606	metabolite__L_saccharopine_E1	genotype_pca_ridge	test	226	44	50	50	0.07820371430280448	0.37392862121557974	0.29634076100246665	340893.8849988133	478394.47794237075
20260606	metabolite__L_saccharopine_E1	genotype_pca_population_ridge	test	226	44	50	50	0.10923413406035276	0.43213788879330134	0.3726949677751003	337692.37230193726	470273.453972483
20260606	agri_aa_oil__Oil_C160_C180	mean_baseline	test	309	68	63	63	-0.03012963157598869			1.2950872325223197	1.630118441380029
20260606	agri_aa_oil__Oil_C160_C180	population_ridge	test	309	68	63	63	0.0873521614657129	0.3357536732718731	0.34192588325652845	1.245219348307304	1.5343514054564624
20260606	agri_aa_oil__Oil_C160_C180	genotype_pca_ridge	test	309	68	63	63	0.2833591297693907	0.5767815167742119	0.5585157450076805	1.0801581003336616	1.3596402319069056
20260606	agri_aa_oil__Oil_C160_C180	genotype_pca_population_ridge	test	309	68	63	63	0.2995522818594949	0.5888001522563537	0.5734447004608295	1.0691961565545312	1.3441913089854431
20260606	metabolite__L_Tyrosine_E1	mean_baseline	test	226	44	50	50	-0.02887378306201116			25260.897345132744	34458.37650950554
20260606	metabolite__L_Tyrosine_E1	population_ridge	test	226	44	50	50	-0.026951787094849466	0.22084774431185777	0.2227611044417767	24305.78784996971	34426.17634047632
20260606	metabolite__L_Tyrosine_E1	genotype_pca_ridge	test	226	44	50	50	0.09116345459231767	0.33934625343152186	0.26050420168067223	22954.293773181616	32385.950862513448
20260606	metabolite__L_Tyrosine_E1	genotype_pca_population_ridge	test	226	44	50	50	0.0832730908199365	0.33207406799978406	0.24744297719087635	22946.828798258815	32526.23169591665
20260606	metabolite__L_saccharopine_E2	mean_baseline	test	226	44	50	50	-0.038882614117219605			2492124.247787611	3129336.3511559926
20260606	metabolite__L_saccharopine_E2	population_ridge	test	226	44	50	50	-0.04070483074189046	-0.040721558474215186	-0.14037362596564162	2492380.851218178	3132079.6016168953
20260606	metabolite__L_saccharopine_E2	genotype_pca_ridge	test	226	44	50	50	0.06711626229149015	0.4312088505543977	0.13893291136455738	2402380.8345498433	2965396.4755730936
20260606	metabolite__L_saccharopine_E2	genotype_pca_population_ridge	test	226	44	50	50	0.05841962207882334	0.3917497209489254	0.057868703143550505	2406886.092163315	2979186.5977680143
20260606	agri_aa_oil__AA_Arg	mean_baseline	test	287	63	62	62	-0.0006260718385433517			1.0542877198749017	1.3216493946161894
20260606	agri_aa_oil__AA_Arg	population_ridge	test	287	63	62	62	0.08920719886824635	0.30951653796934536	0.29938807886983454	0.9756418905030128	1.260927593738668
20260606	agri_aa_oil__AA_Arg	genotype_pca_ridge	test	287	63	62	62	0.10910329512726036	0.33802183378862277	0.3266349374228803	0.968095793958386	1.2470791849244698
20260606	agri_aa_oil__AA_Arg	genotype_pca_population_ridge	test	287	63	62	62	0.17568518337688643	0.42449137414884847	0.44257258694064616	0.9236460272682795	1.1995736217706265
20260606	agri_aa_oil__Oil_C22_0P	mean_baseline	test	309	68	63	63	-0.01643209555168257			0.03985657869101557	0.05231795146184664
20260606	agri_aa_oil__Oil_C22_0P	population_ridge	test	309	68	63	63	0.0626228603121749	0.28510218273206545	0.23982334869431646	0.03876289694442038	0.05024220885124358
20260606	agri_aa_oil__Oil_C22_0P	genotype_pca_ridge	test	309	68	63	63	0.283344244183553	0.5369598540857967	0.5067204301075269	0.03485288339285149	0.043930570391402295
20260606	agri_aa_oil__Oil_C22_0P	genotype_pca_population_ridge	test	309	68	63	63	0.2822605706356758	0.5361997216499134	0.4874231950844855	0.034835984742987186	0.04396377211591954
20260606	metabolite__Feruloyltryptamine_E2	mean_baseline	test	226	44	50	50	-0.037829744186553604			22432547.13274336	30456120.9671698
20260606	metabolite__Feruloyltryptamine_E2	population_ridge	test	226	44	50	50	-0.033518694375411995	0.10527517951222953	0.0022571195416986505	23269948.001751218	30392799.170396987
20260606	metabolite__Feruloyltryptamine_E2	genotype_pca_ridge	test	226	44	50	50	-0.10021043629500248	-0.030995865027275516	0.08447389944357289	23232312.877533883	31358076.27659315
20260606	metabolite__Feruloyltryptamine_E2	genotype_pca_population_ridge	test	226	44	50	50	-0.09177401095894688	0.01908984972851887	0.07909523159952504	23186064.396136794	31237617.881821193
20260606	agri_aa_oil__Oil_C20_0P	mean_baseline	test	309	68	63	63	-0.001358925385643417			0.07736728758766118	0.10047523555573372
20260606	agri_aa_oil__Oil_C20_0P	population_ridge	test	309	68	63	63	0.08609891911214229	0.295750818422387	0.21649385560675885	0.0762651868034843	0.09598729253896407
20260606	agri_aa_oil__Oil_C20_0P	genotype_pca_ridge	test	309	68	63	63	0.2823550544734511	0.5463649912489692	0.5332181259600615	0.06813848609110275	0.08505874324332348
20260606	agri_aa_oil__Oil_C20_0P	genotype_pca_population_ridge	test	309	68	63	63	0.268804883482315	0.5425340571998268	0.51747311827957	0.0696269381041523	0.08585800392610125
20260606	metabolite__L_Arginine_E1	mean_baseline	test	226	44	50	50	-0.0003397286489461582			5223251.327433628	6671335.175994713
20260606	metabolite__L_Arginine_E1	population_ridge	test	226	44	50	50	0.10654720259875428	0.3301667038744888	0.34661928583954055	4988523.569711575	6304850.724498841
20260606	metabolite__L_Arginine_E1	genotype_pca_ridge	test	226	44	50	50	0.04247624146912177	0.3708478481518073	0.4211966966055153	5100641.98313623	6527002.535751304
20260606	metabolite__L_Arginine_E1	genotype_pca_population_ridge	test	226	44	50	50	0.10301193927474328	0.4054101964783336	0.3494525551474559	4961806.061220099	6317312.100308816
20260606	agri_aa_oil__Oil_C18_3	mean_baseline	test	309	68	63	63	-0.005797969512044698			0.008650738268197466	0.010622546420534016
20260606	agri_aa_oil__Oil_C18_3	population_ridge	test	309	68	63	63	0.07578255172615411	0.28212897782474194	0.21750192012288785	0.00836282361731124	0.010182638877931515
20260606	agri_aa_oil__Oil_C18_3	genotype_pca_ridge	test	309	68	63	63	0.290604782482337	0.654819939444385	0.62840821812596	0.007166655124644972	0.008921079066918679
20260606	agri_aa_oil__Oil_C18_3	genotype_pca_population_ridge	test	309	68	63	63	0.3123018486844741	0.6621936539717542	0.6378648233486943	0.007054760340728258	0.008783592693832365
20260606	metabolite__Serotonin_E2	mean_baseline	test	226	44	50	50	-0.004617296712323027			342264.14159292035	649960.3494401586
20260606	metabolite__Serotonin_E2	population_ridge	test	226	44	50	50	0.053707002658411995	0.24429906366178988	0.2552466034920921	328794.6441711697	630811.1352714616
20260606	metabolite__Serotonin_E2	genotype_pca_ridge	test	226	44	50	50	-0.0040392823958010915	0.09464270808151982	0.14287086460752096	348222.7396730541	649773.3426852258
20260606	metabolite__Serotonin_E2	genotype_pca_population_ridge	test	226	44	50	50	0.016417506355923872	0.15527297140921145	0.23094655055380447	343842.80293115013	643119.8776635017
20260606	metabolite__N_Coumaroyltryptamine_E2	mean_baseline	test	226	44	50	50	-0.029650521872096602			16385983.82300885	22456729.679002244
20260606	metabolite__N_Coumaroyltryptamine_E2	population_ridge	test	226	44	50	50	-0.02278650106852953	0.12043125884881734	0.03808288928866021	16712353.47033619	22381752.19381957
20260606	metabolite__N_Coumaroyltryptamine_E2	genotype_pca_ridge	test	226	44	50	50	-0.1592964212032162	-0.12110928406354322	-0.014839360391167724	17084692.876353487	23828616.999693632
20260606	metabolite__N_Coumaroyltryptamine_E2	genotype_pca_population_ridge	test	226	44	50	50	-0.16300395092334785	-0.0601533178289385	0.008500216146397045	17350903.58308142	23866689.56804215
20260606	metabolite__L_Phenylalanine_E1	mean_baseline	test	226	44	50	50	-0.03226487938504552			30283092.03539823	46222032.04808293
20260606	metabolite__L_Phenylalanine_E1	population_ridge	test	226	44	50	50	0.11752364923136138	0.47274038224020115	0.3615933156700271	27877919.880937442	42737094.818088
20260606	metabolite__L_Phenylalanine_E1	genotype_pca_ridge	test	226	44	50	50	0.027397856922561026	0.23757652053582598	0.20908065025594927	28406486.641396143	44866384.05914217
20260606	metabolite__L_Phenylalanine_E1	genotype_pca_population_ridge	test	226	44	50	50	0.016242773414317013	0.36056675850492503	0.42805349480512905	29213358.821842827	45122943.93346656
20260606	metabolite__Malvidin_3_O_hexoside_E2	mean_baseline	test	226	44	50	50	-0.012365351794751511			79205.55044247788	99343.81993096184
20260606	metabolite__Malvidin_3_O_hexoside_E2	population_ridge	test	226	44	50	50	-0.12265023145455034	-0.09002606735367731	-0.017098122403802325	81926.54090131317	104615.11912455123
20260606	metabolite__Malvidin_3_O_hexoside_E2	genotype_pca_ridge	test	226	44	50	50	-0.15852357901726988	0.006358157540629905	0.005811440479944049	80635.54193203193	106273.42013065603
20260606	metabolite__Malvidin_3_O_hexoside_E2	genotype_pca_population_ridge	test	226	44	50	50	-0.19566841731127838	-0.017749877100476513	0.027904519990475146	81385.7285635888	107963.65971956249
20260606	metabolite__L_Isoleucine_E1	mean_baseline	test	226	44	50	50	-0.03197623923953308			1871288.3185840708	2666624.0131705236
20260606	metabolite__L_Isoleucine_E1	population_ridge	test	226	44	50	50	0.05385529101639075	0.2731593561076014	0.38288472258196454	1774192.530226655	2553322.7757986803
20260606	metabolite__L_Isoleucine_E1	genotype_pca_ridge	test	226	44	50	50	0.11281717431793858	0.3757421684429829	0.22609071540397455	1730420.2561298087	2472484.0558797647
20260606	metabolite__L_Isoleucine_E1	genotype_pca_population_ridge	test	226	44	50	50	0.12704963268817704	0.38380457434234566	0.3023987329861571	1705379.7695172557	2452571.700067583
20260606	agri_aa_oil__Earleaflength	mean_baseline	test	321	69	69	69	-0.012978582407906725			5.894525344043071	7.308175388172767
20260606	agri_aa_oil__Earleaflength	population_ridge	test	321	69	69	69	0.2317577641785411	0.4891225377268174	0.4319549868191413	5.251827519429793	6.364406633802876
20260606	agri_aa_oil__Earleaflength	genotype_pca_ridge	test	321	69	69	69	0.21523005980647025	0.4896064440456702	0.45181267642254186	5.071793401134522	6.432503180176893
20260606	agri_aa_oil__Earleaflength	genotype_pca_population_ridge	test	321	69	69	69	0.2792924915240338	0.5375094562273967	0.49925556501502705	4.9487026724803	6.1643651026517405
20260606	metabolite__Glutamine_E1	mean_baseline	test	226	44	50	50	-0.000295478826685569			3136779.2920353985	4562576.552425493
20260606	metabolite__Glutamine_E1	population_ridge	test	226	44	50	50	0.05531553296824554	0.23706072153288413	0.20259303721488592	3061283.9663633746	4433935.779801902
20260606	metabolite__Glutamine_E1	genotype_pca_ridge	test	226	44	50	50	0.2253033805959056	0.5138261617491788	0.2636734693877551	2826905.393660376	4015243.074819843
20260606	metabolite__Glutamine_E1	genotype_pca_population_ridge	test	226	44	50	50	0.21955039130387533	0.47458105705277676	0.24686674669867947	2814237.5847672964	4030124.3348825388
20260606	metabolite__L_Aspartic_acid_E2	mean_baseline	test	226	44	50	50	-0.037728326586484284			5340435.398230088	8571466.471387668
20260606	metabolite__L_Aspartic_acid_E2	population_ridge	test	226	44	50	50	0.01701218649692282	0.22571259287943848	0.21632006546833055	5274345.605957029	8342329.9292790545
20260606	metabolite__L_Aspartic_acid_E2	genotype_pca_ridge	test	226	44	50	50	0.14109381070407356	0.4063635553969139	0.31492243989250523	4898121.769852657	7798052.611823517
20260606	metabolite__L_Aspartic_acid_E2	genotype_pca_population_ridge	test	226	44	50	50	0.1375628785551961	0.39447339149929517	0.33053168085103257	4903622.724014432	7814064.92772127
20260606	metabolite__L_Leucine_E1	mean_baseline	test	226	44	50	50	-0.05191090577921709			6651281.415929203	9896984.792034622
20260606	metabolite__L_Leucine_E1	population_ridge	test	226	44	50	50	0.08027587401551572	0.34673902937188794	0.4490011530340404	6266430.504268886	9254271.008455496
20260606	metabolite__L_Leucine_E1	genotype_pca_ridge	test	226	44	50	50	0.04449511859184552	0.29892326066589614	0.2683442185191677	6261406.719032589	9432566.574319867
20260606	metabolite__L_Leucine_E1	genotype_pca_population_ridge	test	226	44	50	50	0.059970003566479635	0.31526432556666834	0.3419131774975795	6159524.983774451	9355872.186697343
20260606	agri_aa_oil__Tasselmainaxislength	mean_baseline	test	321	69	69	69	-0.02369258745378211			2.3856379555045377	2.9263486936163563
20260606	agri_aa_oil__Tasselmainaxislength	population_ridge	test	321	69	69	69	0.04064579830301507	0.2222960208225434	0.245853123858239	2.269518892748983	2.832897007256304
20260606	agri_aa_oil__Tasselmainaxislength	genotype_pca_ridge	test	321	69	69	69	0.09626393518548204	0.31485252296129446	0.2855681402995981	2.1970375569791774	2.7495530379037723
20260606	agri_aa_oil__Tasselmainaxislength	genotype_pca_population_ridge	test	321	69	69	69	0.0857847714077975	0.29917334428992653	0.280708805261235	2.218147321997542	2.765448150432461
20260606	agri_aa_oil__Plantheight	mean_baseline	test	321	69	69	69	-0.03661161777217892			17.838272487800808	21.56668681200562
20260606	agri_aa_oil__Plantheight	population_ridge	test	321	69	69	69	0.13588527501187064	0.4578372162672416	0.36287906466934605	16.519805134941848	19.6906974207226
20260606	agri_aa_oil__Plantheight	genotype_pca_ridge	test	321	69	69	69	0.2566078032077891	0.5247096170841535	0.5496894409937889	14.360906856895623	18.263516223242913
20260606	agri_aa_oil__Plantheight	genotype_pca_population_ridge	test	321	69	69	69	0.2622410143737621	0.5311952742448678	0.5500548045305079	14.393076101842246	18.194186810778177
20260606	agri_aa_oil__Kernernumberperrow	mean_baseline	test	321	69	69	69	-0.019148944680313473			1.889777029347149	2.395215685853076
20260606	agri_aa_oil__Kernernumberperrow	population_ridge	test	321	69	69	69	0.10321260482412176	0.3716583590819611	0.3397363878145727	1.7608761986965267	2.2468317138017277
20260606	agri_aa_oil__Kernernumberperrow	genotype_pca_ridge	test	321	69	69	69	0.07590598537810689	0.29260881270660877	0.250203235334107	1.8585013579619403	2.2807825219356674
20260606	agri_aa_oil__Kernernumberperrow	genotype_pca_population_ridge	test	321	69	69	69	0.10929874837783893	0.34687120276771605	0.3390604590976216	1.799170268116034	2.23919455229564
20260606	agri_aa_oil__100grainweight	mean_baseline	test	319	68	69	69	-0.010976534469993249			1.9713558035318706	2.46819782624993
20260606	agri_aa_oil__100grainweight	population_ridge	test	319	68	69	69	0.012913258731285016	0.15293234948197143	0.12141252125740355	1.948180146592522	2.438861213868946
20260606	agri_aa_oil__100grainweight	genotype_pca_ridge	test	319	68	69	69	0.20723942500603276	0.4754337977615714	0.43468094053545897	1.7895301551169969	2.185649157219188
20260606	agri_aa_oil__100grainweight	genotype_pca_population_ridge	test	319	68	69	69	0.2144646280275846	0.48320278934651706	0.4356491715957421	1.777792981910612	2.1756663794803823
20260606	agri_aa_oil__Earheight	mean_baseline	test	321	69	69	69	-0.022341456640369017			11.40260828824326	15.054686923268665
20260606	agri_aa_oil__Earheight	population_ridge	test	321	69	69	69	0.06319595116523835	0.2800172412836946	0.27373036170990134	11.133300161363323	14.411132853120368
20260606	agri_aa_oil__Earheight	genotype_pca_ridge	test	321	69	69	69	0.16513118221340795	0.44121984769437544	0.4883814395323347	9.928715699056282	13.604508696254806
20260606	agri_aa_oil__Earheight	genotype_pca_population_ridge	test	321	69	69	69	0.18975398676742927	0.4559794294634032	0.4847643405188163	9.871145463288686	13.402388218664013
20260606	metabolite__L_Pipecolate_E1	mean_baseline	test	226	44	50	50	-0.005937286767352168			3699600.0	4576572.079624661
20260606	metabolite__L_Pipecolate_E1	population_ridge	test	226	44	50	50	-0.0019988254347929058	0.21496536668879138	0.18657254084040975	3688170.7015722287	4567604.160038433
20260606	metabolite__L_Pipecolate_E1	genotype_pca_ridge	test	226	44	50	50	0.024454312678717338	0.22603584933801604	0.22086154834621474	3490394.1099787746	4506907.661826332
20260606	metabolite__L_Pipecolate_E1	genotype_pca_population_ridge	test	226	44	50	50	0.051913691035320175	0.27580770202081645	0.20607021177508322	3422448.7757827765	4443025.350106137
20260606	metabolite__3p_4p_5p_Tricetin_O_rhamnosyl_O_hexoside_E2	mean_baseline	test	226	44	50	50	-0.03920463827933096			20483.30884955752	32561.31385811959
20260606	metabolite__3p_4p_5p_Tricetin_O_rhamnosyl_O_hexoside_E2	population_ridge	test	226	44	50	50	0.198917335530715	0.4998542054141705	0.3924214813566985	18167.5961473179	28588.413105374166
20260606	metabolite__3p_4p_5p_Tricetin_O_rhamnosyl_O_hexoside_E2	genotype_pca_ridge	test	226	44	50	50	-0.04417387933868855	0.213235871658404	0.14940928019834646	21934.81448347491	32639.071425866587
20260606	metabolite__3p_4p_5p_Tricetin_O_rhamnosyl_O_hexoside_E2	genotype_pca_population_ridge	test	226	44	50	50	0.09760980370190397	0.4319025482083732	0.3164921750263913	19338.736474027162	30342.30478379609
20260606	agri_aa_oil__Oil_C220_C240	mean_baseline	test	309	68	63	63	-0.017880998138498416			0.10843066571336109	0.15121060354362012
20260606	agri_aa_oil__Oil_C220_C240	population_ridge	test	309	68	63	63	0.008092989453731825	0.21243067592919224	0.24855990783410137	0.10435108639292835	0.14926886247319374
20260606	agri_aa_oil__Oil_C220_C240	genotype_pca_ridge	test	309	68	63	63	0.17401118112350555	0.4545527832874706	0.49361559139784944	0.09554844056273144	0.1362137118107801
20260606	agri_aa_oil__Oil_C220_C240	genotype_pca_population_ridge	test	309	68	63	63	0.16482160144359537	0.43870994368671334	0.4901593701996928	0.09555718166382339	0.1369693421356944
20260606	agri_aa_oil__Oil_C24_0	mean_baseline	test	309	68	63	63	-0.0013836238180413574			0.0022482485273539843	0.002977409426171533
20260606	agri_aa_oil__Oil_C24_0	population_ridge	test	309	68	63	63	0.08124460216893681	0.29001510106398753	0.28461021505376344	0.0021581261952516185	0.0028519261039929244
20260606	agri_aa_oil__Oil_C24_0	genotype_pca_ridge	test	309	68	63	63	0.03984277318727525	0.30934393898297957	0.3279089861751152	0.002170711449695286	0.002915476156952459
20260606	agri_aa_oil__Oil_C24_0	genotype_pca_population_ridge	test	309	68	63	63	0.12550655584944082	0.35461730947918935	0.3420218894009217	0.0020373257573218103	0.002782380977856985
20260606	metabolite__Chrysoeriol_C_hexosyl_O_rhamnoside_E2	mean_baseline	test	226	44	50	50	-0.0029541342563605966			75303.82637168143	196209.93610063274
20260606	metabolite__Chrysoeriol_C_hexosyl_O_rhamnoside_E2	population_ridge	test	226	44	50	50	0.12171281502585196	0.39615278289321487	0.40325601684348017	70293.22178207696	183611.0156416594
20260606	metabolite__Chrysoeriol_C_hexosyl_O_rhamnoside_E2	genotype_pca_ridge	test	226	44	50	50	-0.019656437430446427	0.04140378232485039	0.4162224482532384	76303.29722170372	197836.94298349883
20260606	metabolite__Chrysoeriol_C_hexosyl_O_rhamnoside_E2	genotype_pca_population_ridge	test	226	44	50	50	0.031069309651909682	0.1860403224009406	0.4607885532467777	74460.11209146836	192853.1851180599
20260606	metabolite__N_caffeoyl_O_hexoside_spermidine_E2	mean_baseline	test	226	44	50	50	-0.011397934657279896			8975935.575221239	11264222.692661209
20260606	metabolite__N_caffeoyl_O_hexoside_spermidine_E2	population_ridge	test	226	44	50	50	-0.02799381051346095	0.09863877951777478	0.07487273154266222	8934156.366033576	11356263.123467613
20260606	metabolite__N_caffeoyl_O_hexoside_spermidine_E2	genotype_pca_ridge	test	226	44	50	50	-0.0058796136434808854	0.09674955528369983	0.1338968412706493	8938138.056561936	11233451.116755433
20260606	metabolite__N_caffeoyl_O_hexoside_spermidine_E2	genotype_pca_population_ridge	test	226	44	50	50	0.008404930924326148	0.1606090301943935	0.1445106152738105	8928455.605587535	11153402.518415403
20260606	metabolite__N_Coumaroyl_spermidine_derivative_E2	mean_baseline	test	226	44	50	50	-0.012203037103036607			227755.79823008843	557461.1888501757
20260606	metabolite__N_Coumaroyl_spermidine_derivative_E2	population_ridge	test	226	44	50	50	-0.012108383406737921	0.03710339253456788	0.08812582606438955	222731.78891215086	557435.1234296244
20260606	metabolite__N_Coumaroyl_spermidine_derivative_E2	genotype_pca_ridge	test	226	44	50	50	0.057669671781037324	0.3574835667911154	0.27772842077949034	199492.02585922275	537876.292895356
20260606	metabolite__N_Coumaroyl_spermidine_derivative_E2	genotype_pca_population_ridge	test	226	44	50	50	0.059773732964173654	0.3650845874758014	0.299915958458917	197504.23722649537	537275.46480033
20260606	metabolite__Nalidixic_acid_E2	mean_baseline	test	226	44	50	50	-0.07765433656622922			1702094.3008849556	3002441.925452536
20260606	metabolite__Nalidixic_acid_E2	population_ridge	test	226	44	50	50	0.006892485911381696	0.2830463628048766	0.11626846043699571	1750375.7720202305	2882259.0356425466
20260606	metabolite__Nalidixic_acid_E2	genotype_pca_ridge	test	226	44	50	50	-0.029131453082025027	0.22170185846928173	0.32916316721816136	1623651.2016257083	2934068.853779686
20260606	metabolite__Nalidixic_acid_E2	genotype_pca_population_ridge	test	226	44	50	50	0.00674225799659256	0.27755143171919106	0.289014289512532	1647480.9662624865	2882477.0278463243
20260606	metabolite__Carpacin_E1	mean_baseline	test	226	44	50	50	-0.1243849010784388			54302.658407079645	64829.503155827406
20260606	metabolite__Carpacin_E1	population_ridge	test	226	44	50	50	-0.08975034933255643	0.1969105432490882	0.14964941083190217	53089.1377057815	63823.21821032131
20260606	metabolite__Carpacin_E1	genotype_pca_ridge	test	226	44	50	50	-0.2173386423599064	0.004540924093359399	0.045000480728335145	52489.278564971195	67456.04814576134
20260606	metabolite__Carpacin_E1	genotype_pca_population_ridge	test	226	44	50	50	-0.17585278923018555	0.054877870501251695	0.0502833546665602	52434.03840875728	66296.66278103898
20260606	metabolite__LPC1_acyl_18_3_2_E2	mean_baseline	test	226	44	50	50	-0.011474139144657114			2042738.0530973452	2668806.784117487
20260606	metabolite__LPC1_acyl_18_3_2_E2	population_ridge	test	226	44	50	50	0.07352095870611675	0.32838483999833135	0.3384962706613098	1940898.153216722	2554215.5281361463
20260606	metabolite__LPC1_acyl_18_3_2_E2	genotype_pca_ridge	test	226	44	50	50	0.023444548130900023	0.21068567008939457	0.3311480967947973	1963470.2596251294	2622335.146191697
20260606	metabolite__LPC1_acyl_18_3_2_E2	genotype_pca_population_ridge	test	226	44	50	50	0.03437092550202181	0.29522577918519083	0.3610690923427536	1984306.511068819	2607623.630726287
20260606	metabolite__Asparagine_E1	mean_baseline	test	226	44	50	50	-0.12336119083912456			2472338.053097345	2948217.2835976556
20260606	metabolite__Asparagine_E1	population_ridge	test	226	44	50	50	-0.0769872072183726	0.1898378374815203	0.16725893219439175	2467915.1241498273	2886722.5990426247
20260606	metabolite__Asparagine_E1	genotype_pca_ridge	test	226	44	50	50	-0.04676933343334877	0.2549385380410536	0.3752881295145482	2440662.770154951	2845936.956239689
20260606	metabolite__Asparagine_E1	genotype_pca_population_ridge	test	226	44	50	50	-0.06025196687089207	0.32048346910789827	0.3478198236818775	2422854.3716125144	2864206.481787739
20260606	metabolite__L_Serine_E1	mean_baseline	test	226	44	50	50	-0.030082558694219497			183055.7522123894	266745.3120834955
20260606	metabolite__L_Serine_E1	population_ridge	test	226	44	50	50	-0.01349876001297301	0.16466713472701253	0.1605629105007888	181982.0067396054	264589.3684057717
20260606	metabolite__L_Serine_E1	genotype_pca_ridge	test	226	44	50	50	-0.026136316913742075	0.09828060071651708	0.02007636751101697	191192.2414477464	266233.87171960634
20260606	metabolite__L_Serine_E1	genotype_pca_population_ridge	test	226	44	50	50	-0.015750525012625083	0.12966635548605385	0.0511034809371341	190430.3812490851	264883.13419034914
20260606	agri_aa_oil__AA_His	mean_baseline	test	287	63	62	62	-0.005783429923365002			0.4389759178349444	0.5993780961312636
20260606	agri_aa_oil__AA_His	population_ridge	test	287	63	62	62	0.025489127460838423	0.18949358650945342	0.21422275943693184	0.4234545813883843	0.5899863639300196
20260606	agri_aa_oil__AA_His	genotype_pca_ridge	test	287	63	62	62	0.09928790621202432	0.3199692672781299	0.2639319080355569	0.4216949782140662	0.5672070584885366
20260606	agri_aa_oil__AA_His	genotype_pca_population_ridge	test	287	63	62	62	0.11156735734014156	0.33708679352860765	0.2617662612374405	0.4158510690012112	0.5633274097506908
20260606	agri_aa_oil__Earleafwidth	mean_baseline	test	321	69	69	69	-0.005504078967653703			0.6016247981701205	0.7183995537747266
20260606	agri_aa_oil__Earleafwidth	population_ridge	test	321	69	69	69	0.02700613452677514	0.1983524493620374	0.24278407014979905	0.5807520657842	0.7066903917216444
20260606	agri_aa_oil__Earleafwidth	genotype_pca_ridge	test	321	69	69	69	-0.07324458581623383	0.33092375841670907	0.2649981731823164	0.5702240422742172	0.7422043385489056
20260606	agri_aa_oil__Earleafwidth	genotype_pca_population_ridge	test	321	69	69	69	0.10112351490341853	0.3402887259648862	0.28165875045670447	0.5398711413770585	0.6792413949149934
20260606	metabolite__Phenylpyruvic_acid_E2	mean_baseline	test	226	44	50	50	-0.0500045179147941			303749.91150442476	425537.5132378858
20260606	metabolite__Phenylpyruvic_acid_E2	population_ridge	test	226	44	50	50	0.006368596305862617	0.23939142982048606	0.2590111219745238	304543.6249279434	413956.7054774674
20260606	metabolite__Phenylpyruvic_acid_E2	genotype_pca_ridge	test	226	44	50	50	0.08577165692420419	0.32641420140381255	0.24714838377172252	280058.547125667	397072.3151664377
20260606	metabolite__Phenylpyruvic_acid_E2	genotype_pca_population_ridge	test	226	44	50	50	0.06956703242583273	0.31543674830761365	0.23648632757325333	279150.7567979191	400575.89575315145
20260606	metabolite__O_Acetyl_L_serine_E1	mean_baseline	test	226	44	50	50	-0.04538606794099209			4023001.345132743	5799182.808394757
20260606	metabolite__O_Acetyl_L_serine_E1	population_ridge	test	226	44	50	50	0.007015230556849383	0.2593138368345151	0.1548287957965202	3968610.3799160756	5651968.581258126
20260606	metabolite__O_Acetyl_L_serine_E1	genotype_pca_ridge	test	226	44	50	50	-0.0067684394257134795	0.39534932715839166	0.3857273225302886	3885214.532200688	5691061.013484927
20260606	metabolite__O_Acetyl_L_serine_E1	genotype_pca_population_ridge	test	226	44	50	50	0.0014831780319239929	0.40301083105974916	0.3704557477587956	3881286.0883331452	5667690.655127307
20260606	metabolite__Feruloylserotonin_E1	mean_baseline	test	226	44	50	50	-0.012768437251016618			15336.80690265487	26680.285837483727
20260606	metabolite__Feruloylserotonin_E1	population_ridge	test	226	44	50	50	0.11668655113060977	0.3419928439666889	0.10060265555494115	16256.042740345494	24916.831792015557
20260606	metabolite__Feruloylserotonin_E1	genotype_pca_ridge	test	226	44	50	50	0.19361372845445068	0.4532231854333087	0.3105476723025319	15240.798385430326	23807.12551873329
20260606	metabolite__Feruloylserotonin_E1	genotype_pca_population_ridge	test	226	44	50	50	0.18874028352300665	0.4366601257631595	0.2710749358509035	15584.711967489655	23878.957064853035
20260606	metabolite__LPC1_acyl_18_2_2_E1	mean_baseline	test	226	44	50	50	-0.05795616182445862			1714329.2035398227	2203107.536088276
20260606	metabolite__LPC1_acyl_18_2_2_E1	population_ridge	test	226	44	50	50	-0.041913984848046315	0.08486823143257795	0.13810655722005286	1680872.647099332	2186340.468539607
20260606	metabolite__LPC1_acyl_18_2_2_E1	genotype_pca_ridge	test	226	44	50	50	-0.027755398647129503	0.17425227363801443	0.11126317561851964	1713397.076432807	2171434.547912995
20260606	metabolite__LPC1_acyl_18_2_2_E1	genotype_pca_population_ridge	test	226	44	50	50	-0.030398755934199606	0.17140216725486604	0.1312396456475676	1705429.9315068952	2174225.1882647467
20260606	metabolite__Ethyl_syringate_E2	mean_baseline	test	226	44	50	50	-0.025869125108696656			213487.46902654867	366505.47867567727
20260606	metabolite__Ethyl_syringate_E2	population_ridge	test	226	44	50	50	0.0582135748532604	0.3334186938721624	0.41336087260275417	192847.1126522641	351164.5799185185
20260606	metabolite__Ethyl_syringate_E2	genotype_pca_ridge	test	226	44	50	50	0.008133423779322801	0.15929818694920936	0.3250888517076848	195687.03793437616	360380.36368637433
20260606	metabolite__Ethyl_syringate_E2	genotype_pca_population_ridge	test	226	44	50	50	0.06558356756523065	0.2847256927327219	0.43559696927001046	186055.887410686	349787.8539859023
20260606	metabolite__Phenylpyruvic_acid_E1	mean_baseline	test	226	44	50	50	-0.07278093453646495			67254.63716814159	87105.1033765034
20260606	metabolite__Phenylpyruvic_acid_E1	population_ridge	test	226	44	50	50	-0.020392026804149976	0.31130019791732993	0.252923239526432	67740.62552713705	84951.60831715121
20260606	metabolite__Phenylpyruvic_acid_E1	genotype_pca_ridge	test	226	44	50	50	0.04694900262727941	0.31506925945160846	0.24912963103533875	66202.80798307211	82100.56526983669
20260606	metabolite__Phenylpyruvic_acid_E1	genotype_pca_population_ridge	test	226	44	50	50	0.04687490046772236	0.3251929529761803	0.22675214297395327	66117.15794552442	82103.75697256319
20260606	metabolite__Norcinnamolaurine_E2	mean_baseline	test	226	44	50	50	-0.0008654693257226231			11269972.584070794	16456784.11077119
20260606	metabolite__Norcinnamolaurine_E2	population_ridge	test	226	44	50	50	0.04473004409561698	0.21970485058115896	0.031551649763744964	11215515.51417529	16077561.457200455
20260606	metabolite__Norcinnamolaurine_E2	genotype_pca_ridge	test	226	44	50	50	-0.016366483109629737	-0.08221964904631845	-0.011381645348565537	11369637.230922407	16583732.592087261
20260606	metabolite__Norcinnamolaurine_E2	genotype_pca_population_ridge	test	226	44	50	50	0.026422202689091012	0.16630241663081993	0.039427556249672174	11253406.895125113	16230894.296902478
20260606	metabolite__Uracil_E1	mean_baseline	test	226	44	50	50	-0.004220571387737904			22927.338053097345	28392.07405570689
20260606	metabolite__Uracil_E1	population_ridge	test	226	44	50	50	0.1327227066043598	0.4003637741848861	0.42778591606172583	21036.395844826115	26385.270466608083
20260606	metabolite__Uracil_E1	genotype_pca_ridge	test	226	44	50	50	0.04732568036689955	0.24355511940873903	0.22047206338565148	22991.392753916065	27653.79834310783
20260606	metabolite__Uracil_E1	genotype_pca_population_ridge	test	226	44	50	50	0.09968304817148699	0.3558036941704518	0.3506615131435476	22214.372862612036	26883.15747418073
20260606	agri_aa_oil__Oil_C18_0P	mean_baseline	test	309	68	63	63	-0.034180842774705456			0.29830913447187535	0.3507807261362435
20260606	agri_aa_oil__Oil_C18_0P	population_ridge	test	309	68	63	63	-0.02691286746077015	0.18190136256862288	0.21899001536098311	0.2941009643835952	0.3495459514140106
20260606	agri_aa_oil__Oil_C18_0P	genotype_pca_ridge	test	309	68	63	63	0.1462477159645631	0.4093572724608575	0.4021697388632873	0.2676113834995452	0.3187156708699034
20260606	agri_aa_oil__Oil_C18_0P	genotype_pca_population_ridge	test	309	68	63	63	0.11556482374814248	0.39709673492536485	0.3852246543778802	0.26784471879517346	0.32439225902524305
20260606	metabolite__IAA_E1	mean_baseline	test	226	44	50	50	-0.006459389562321061			990512.2123893804	1504822.3249263281
20260606	metabolite__IAA_E1	population_ridge	test	226	44	50	50	0.003309229847274886	0.13851149250293382	0.15823088762001747	985190.9344930538	1497501.67182956
20260606	metabolite__IAA_E1	genotype_pca_ridge	test	226	44	50	50	0.11361720773932726	0.37874353896256946	0.38373991592460077	950334.8898784125	1412205.0358141072
20260606	metabolite__IAA_E1	genotype_pca_population_ridge	test	226	44	50	50	0.1242877752474012	0.38869174530638445	0.40448520984018427	947762.5136457065	1403679.0040402242
20260606	agri_aa_oil__Oil_C200_C201	mean_baseline	test	309	68	63	63	-0.0060169063898667385			0.214057533215647	0.2658120541005187
20260606	agri_aa_oil__Oil_C200_C201	population_ridge	test	309	68	63	63	0.019443749241548458	0.17403615729788216	0.1433851766513057	0.21005116840558039	0.26242686251128605
20260606	agri_aa_oil__Oil_C200_C201	genotype_pca_ridge	test	309	68	63	63	0.0502826271802882	0.2418833659815538	0.2026209677419355	0.21027960324115677	0.25826718155597667
20260606	agri_aa_oil__Oil_C200_C201	genotype_pca_population_ridge	test	309	68	63	63	0.05849914165735681	0.26697180771028733	0.23223886328725038	0.2073350318518009	0.2571475506949354
20260606	metabolite__Chrysoeriol_O_hexoside_E2	mean_baseline	test	226	44	50	50	-0.0030060123494970448			80195.14690265486	138630.13709002297
20260606	metabolite__Chrysoeriol_O_hexoside_E2	population_ridge	test	226	44	50	50	0.12140635466161231	0.35619647893746087	0.3340617144980347	71040.71742890509	129747.77333282171
20260606	metabolite__Chrysoeriol_O_hexoside_E2	genotype_pca_ridge	test	226	44	50	50	0.09733092509468944	0.36656186591576134	0.05931084206513411	78332.98631018012	131513.4487069534
20260606	metabolite__Chrysoeriol_O_hexoside_E2	genotype_pca_population_ridge	test	226	44	50	50	0.1509887968967265	0.422284580947504	0.26961220028636673	74470.77203816039	127544.7523990759
20260606	metabolite__Coumaroylserotonin_E2	mean_baseline	test	226	44	50	50	-0.0032734588370593176			1853524.2477876109	3429706.9801372983
20260606	metabolite__Coumaroylserotonin_E2	population_ridge	test	226	44	50	50	0.022091286864384663	0.1634013257929165	0.03140833255918843	1927452.5041232824	3386074.53376094
20260606	metabolite__Coumaroylserotonin_E2	genotype_pca_ridge	test	226	44	50	50	0.10919123312217749	0.6702315730149901	0.1510865661027627	1801353.302787665	3231763.6878266907
20260606	metabolite__Coumaroylserotonin_E2	genotype_pca_population_ridge	test	226	44	50	50	0.13179438565472168	0.5556019024565557	0.04946572253205517	1824194.4456978654	3190499.2775428495
20260606	agri_aa_oil__AA_Phe	mean_baseline	test	287	63	62	62	-0.00472187757799003			0.8880031242101832	1.0995842847973414
20260606	agri_aa_oil__AA_Phe	population_ridge	test	287	63	62	62	-0.07953417998649104	-0.1521353687578471	-0.10382513661202185	0.9172504945288898	1.1397872473442456
20260606	agri_aa_oil__AA_Phe	genotype_pca_ridge	test	287	63	62	62	0.16987872734040899	0.432507144852454	0.4411623983279192	0.8097201791864229	0.9994851971633615
20260606	agri_aa_oil__AA_Phe	genotype_pca_population_ridge	test	287	63	62	62	0.12908941141548913	0.366014009763623	0.3353982523733978	0.829131841087549	1.0237463825459256
20260606	metabolite__N_Coumaroyl_spermidine_derivative_E1	mean_baseline	test	226	44	50	50	-0.018092468191425404			243984.51309734513	636853.7813544018
20260606	metabolite__N_Coumaroyl_spermidine_derivative_E1	population_ridge	test	226	44	50	50	-0.023742147722754847	0.08588944319229046	0.29221792761962295	249797.2686725896	638618.376458999
20260606	metabolite__N_Coumaroyl_spermidine_derivative_E1	genotype_pca_ridge	test	226	44	50	50	-0.0005954494348172634	0.24030923833285509	0.030446370765955792	233917.8965822614	631357.5542980569
20260606	metabolite__N_Coumaroyl_spermidine_derivative_E1	genotype_pca_population_ridge	test	226	44	50	50	0.0014116663834440324	0.22109543782829982	0.18546353927148465	232937.11204544365	630724.0096158059
20260606	agri_aa_oil__Oil_C20_1P	mean_baseline	test	309	68	63	63	-0.013306256550757123			0.039744877972723074	0.05087467717886844
20260606	agri_aa_oil__Oil_C20_1P	population_ridge	test	309	68	63	63	0.04732941124625345	0.2735996425685894	0.24337557603686635	0.0387303319707726	0.04932904222148314
20260606	agri_aa_oil__Oil_C20_1P	genotype_pca_ridge	test	309	68	63	63	0.1366539538179089	0.3780791744076953	0.36271121351766517	0.03538973389493225	0.046959531624399795
20260606	agri_aa_oil__Oil_C20_1P	genotype_pca_population_ridge	test	309	68	63	63	0.15092911907190376	0.3960243933511837	0.37418394777265745	0.035552696502700244	0.04656968258573415
20260606	metabolite__Pro_Leu_E1	mean_baseline	test	226	44	50	50	-2.0149539587954735e-06			376811.1504424778	531663.2260721036
20260606	metabolite__Pro_Leu_E1	population_ridge	test	226	44	50	50	0.10795575222481213	0.33203927834053026	0.3051726678476404	376945.10890556214	502145.2781175471
20260606	metabolite__Pro_Leu_E1	genotype_pca_ridge	test	226	44	50	50	0.09813601098223346	0.34907629301990095	0.3358628369937912	353756.4296729926	504901.55438369786
20260606	metabolite__Pro_Leu_E1	genotype_pca_population_ridge	test	226	44	50	50	0.15461057018857827	0.4229705167985651	0.36549638059813405	348900.34990814683	488837.586648079
20260606	agri_aa_oil__cobweight	mean_baseline	test	320	69	69	69	-0.08193707861243404			3.2252684404214227	4.138402501564985
20260606	agri_aa_oil__cobweight	population_ridge	test	320	69	69	69	0.03577110079371726	0.33628798147583006	0.12842528315674095	3.038354368969954	3.9068055633970116
20260606	agri_aa_oil__cobweight	genotype_pca_ridge	test	320	69	69	69	0.04536721748101413	0.3587769993895106	0.36178297405918897	3.026603618381691	3.8873164639995745
20260606	agri_aa_oil__cobweight	genotype_pca_population_ridge	test	320	69	69	69	0.15269111822515258	0.40646021588922865	0.4085860431128974	2.751894878094412	3.662288936961201
20260606	metabolite__Indole_3_carboxyaldehyde_E1	mean_baseline	test	226	44	50	50	-0.0532583003607312			77314.38938053098	108491.8574534458
20260606	metabolite__Indole_3_carboxyaldehyde_E1	population_ridge	test	226	44	50	50	-0.050838980237999154	0.14348125742394988	0.10262936801068145	77204.41395441761	108367.18365148187
20260606	metabolite__Indole_3_carboxyaldehyde_E1	genotype_pca_ridge	test	226	44	50	50	0.11663819041547652	0.4729395826323003	0.43645095764205566	70454.21456812615	99357.12339335651
20260606	metabolite__Indole_3_carboxyaldehyde_E1	genotype_pca_population_ridge	test	226	44	50	50	0.12515989244414427	0.4780125354816207	0.4279025123889432	69836.85408453183	98876.71791989908
20260606	metabolite__Ferulic_acid_E2	mean_baseline	test	226	44	50	50	-0.0011014984663371141			117789.02654867255	154812.58636549173
20260606	metabolite__Ferulic_acid_E2	population_ridge	test	226	44	50	50	-0.09569866836911145	-0.07936077416703344	0.023724906595301562	119237.47453224451	161961.8681186479
20260606	metabolite__Ferulic_acid_E2	genotype_pca_ridge	test	226	44	50	50	-0.017416282530875682	-0.04603063845664969	-0.001440783801334103	119602.36442654116	156068.96574390307
20260606	metabolite__Ferulic_acid_E2	genotype_pca_population_ridge	test	226	44	50	50	-0.04515493644041868	-0.046745768102032986	0.06862933507021445	119131.11012770873	158182.17710646047
20260606	metabolite__LPC1_acyl_20_4_E1	mean_baseline	test	226	44	50	50	-0.013360889343921878			80506.95610619469	109006.95249724464
20260606	metabolite__LPC1_acyl_20_4_E1	population_ridge	test	226	44	50	50	0.1079059977411807	0.37315020787056435	0.3778927204594678	75902.29261773931	102276.8723373205
20260606	metabolite__LPC1_acyl_20_4_E1	genotype_pca_ridge	test	226	44	50	50	0.022483928303431044	0.2869096562989266	0.1770035469225766	78963.10984790462	107061.68694593804
20260606	metabolite__LPC1_acyl_20_4_E1	genotype_pca_population_ridge	test	226	44	50	50	0.06001045940322658	0.3709738880296544	0.3642918505764678	77305.0717044726	104986.54396858801
20260606	metabolite__Dicoumaroylputrescine_E2	mean_baseline	test	226	44	50	50	-6.2156761426734874e-06			16171775.221238937	19443967.6036778
20260606	metabolite__Dicoumaroylputrescine_E2	population_ridge	test	226	44	50	50	-0.056681772904948025	-0.07051836270810724	0.04634409926546917	16589830.840355033	19987369.775473844
20260606	metabolite__Dicoumaroylputrescine_E2	genotype_pca_ridge	test	226	44	50	50	-0.0012171983859974311	0.15124477281488383	0.128370753716683	16278741.86432681	19455737.122718856
20260606	metabolite__Dicoumaroylputrescine_E2	genotype_pca_population_ridge	test	226	44	50	50	-0.04175178414016445	0.10437722759786815	0.16525393323572993	16626867.879534846	19845665.433096725
20260606	agri_aa_oil__AA_Asp	mean_baseline	test	287	63	62	62	-0.003713139490431061			1.1861247196935483	1.5159844007111578
20260606	agri_aa_oil__AA_Asp	population_ridge	test	287	63	62	62	-0.11139868780958251	0.011428283258008199	0.0849386819772859	1.1857243685184538	1.5952357270894975
20260606	agri_aa_oil__AA_Asp	genotype_pca_ridge	test	287	63	62	62	0.11878094144546125	0.3693155495707966	0.329707134043464	1.1243432719777577	1.4204693537788495
20260606	agri_aa_oil__AA_Asp	genotype_pca_population_ridge	test	287	63	62	62	0.09280331095985905	0.32126723881495545	0.29777643474100374	1.1025459795563752	1.4412544326631442
20260606	metabolite__N_Feruloylputrescine_E1	mean_baseline	test	226	44	50	50	-0.003498381314198884			16830200.0	21402004.787631065
20260606	metabolite__N_Feruloylputrescine_E1	population_ridge	test	226	44	50	50	-0.31987557778469045	-0.283605391250743	-0.283937575030012	19655098.282590274	24544976.194781397
20260606	metabolite__N_Feruloylputrescine_E1	genotype_pca_ridge	test	226	44	50	50	-0.031225929539336672	0.10351833843357447	0.03884753901560624	16866998.587713577	21695668.229720876
20260606	metabolite__N_Feruloylputrescine_E1	genotype_pca_population_ridge	test	226	44	50	50	-0.048253564503579094	0.08968506423439207	0.049219687875150055	16956642.004633535	21874054.64204979
20260606	agri_aa_oil__AA_Leu	mean_baseline	test	287	63	62	62	-0.0024642218827972684			2.5811722526696075	3.304239607864748
20260606	agri_aa_oil__AA_Leu	population_ridge	test	287	63	62	62	-0.027478586160006202	0.007898356467761465	-0.0034499257132784367	2.6501186895301236	3.3452107345507875
20260606	agri_aa_oil__AA_Leu	genotype_pca_ridge	test	287	63	62	62	0.20595812541767622	0.4862864791678459	0.47561129158167764	2.4084005736555074	2.9407546675595864
20260606	agri_aa_oil__AA_Leu	genotype_pca_population_ridge	test	287	63	62	62	0.1971599470162393	0.47016443457043533	0.4328523582886354	2.418764943458547	2.957001926539319
20260606	agri_aa_oil__AA_Thr	mean_baseline	test	287	63	62	62	-4.9900237270250614e-05			0.4569462171719118	0.606951583328841
20260606	agri_aa_oil__AA_Thr	population_ridge	test	287	63	62	62	-0.07027163271753967	-0.08772879101012453	0.025257485331520235	0.46825581375991354	0.6278996205558135
20260606	agri_aa_oil__AA_Thr	genotype_pca_ridge	test	287	63	62	62	0.04449780298774042	0.2159838301724246	0.15766412329077586	0.4505281705095427	0.5932791122077229
20260606	agri_aa_oil__AA_Thr	genotype_pca_population_ridge	test	287	63	62	62	0.012478683983860095	0.173933206047253	0.158822492508373	0.45511435947434853	0.603137668239922
20260606	metabolite__Scopoletin_E1	mean_baseline	test	226	44	50	50	-0.0016760582544705915			111658.83185840707	143043.53654826214
20260606	metabolite__Scopoletin_E1	population_ridge	test	226	44	50	50	-0.2235404743626086	-0.13415746681858723	-0.10228828033357387	122229.1361477488	158093.4082456865
20260606	metabolite__Scopoletin_E1	genotype_pca_ridge	test	226	44	50	50	0.038312064571055626	0.2169639393982723	0.17485052990354105	112683.70018671123	140159.22131663034
20260606	metabolite__Scopoletin_E1	genotype_pca_population_ridge	test	226	44	50	50	0.005060264047328289	0.18016408781902932	0.18565562993877774	114415.31206258688	142561.73763166438
20260606	metabolite__N_N_caffeoyl_Feruloyl_spermidine_derivative_E2	mean_baseline	test	226	44	50	50	-0.29814761901469566			885609.2230088497	1000237.6213336387
20260606	metabolite__N_N_caffeoyl_Feruloyl_spermidine_derivative_E2	population_ridge	test	226	44	50	50	-0.2988086379282089	-0.0989477225847529	-0.12745827922337324	875256.805000917	1000492.250248514
20260606	metabolite__N_N_caffeoyl_Feruloyl_spermidine_derivative_E2	genotype_pca_ridge	test	226	44	50	50	-0.31496991615614434	-0.12346291089629122	-0.10267739298401354	893379.6048359051	1006697.6467188135
20260606	metabolite__N_N_caffeoyl_Feruloyl_spermidine_derivative_E2	genotype_pca_population_ridge	test	226	44	50	50	-0.31502082988229074	-0.1416341399127201	-0.17260175415554008	894115.072050548	1006717.1354658752
20260606	metabolite__N_feruloyl_O_hexoside_spermidine_E2	mean_baseline	test	226	44	50	50	-2.2167898463321123e-05			6606534.867256637	10430018.87545216
20260606	metabolite__N_feruloyl_O_hexoside_spermidine_E2	population_ridge	test	226	44	50	50	-0.017838937776030184	0.021689791378008833	0.13341658000353795	6580487.550369917	10522521.243600959
20260606	metabolite__N_feruloyl_O_hexoside_spermidine_E2	genotype_pca_ridge	test	226	44	50	50	0.0004431271036485773	0.02969820453655147	0.05258860874869476	6605790.752981536	10427592.129099606
20260606	metabolite__N_feruloyl_O_hexoside_spermidine_E2	genotype_pca_population_ridge	test	226	44	50	50	-0.0013358373676903845	0.038421429363069866	0.08409374787120048	6585350.839445224	10436867.273922788
20260606	metabolite__Caffeoyltryptamine_E2	mean_baseline	test	226	44	50	50	-0.003110889280608209			85510.9803539823	186507.01636180593
20260606	metabolite__Caffeoyltryptamine_E2	population_ridge	test	226	44	50	50	0.013741633208502746	0.12889111224756392	-0.04653508161502111	85804.79478541657	184933.6972637522
20260606	metabolite__Caffeoyltryptamine_E2	genotype_pca_ridge	test	226	44	50	50	0.02306703619896533	0.6951854232405558	0.09071699604827128	85065.55309432838	184057.31571783256
20260606	metabolite__Caffeoyltryptamine_E2	genotype_pca_population_ridge	test	226	44	50	50	0.027717824772022226	0.5627867495778514	0.01503145567131229	84920.94976606619	183618.68128366946
20260606	agri_aa_oil__AA_Ile	mean_baseline	test	287	63	62	62	-2.4952210172513034e-05			0.5160409014536921	0.6819184316044486
20260606	agri_aa_oil__AA_Ile	population_ridge	test	287	63	62	62	-0.07176323465846401	-0.1940525046311921	-0.13751857168039083	0.5322615100336262	0.7059540571515814
20260606	agri_aa_oil__AA_Ile	genotype_pca_ridge	test	287	63	62	62	0.17427378818978667	0.43927989218766833	0.42343431291078043	0.48483383197536406	0.619647991670508
20260606	agri_aa_oil__AA_Ile	genotype_pca_population_ridge	test	287	63	62	62	0.1378071144011146	0.37495838476120946	0.3448162977512528	0.493526382709892	0.6331829740534417
20260606	metabolite__N_Coumaroyltryptamine_E1	mean_baseline	test	226	44	50	50	-0.04039687948630899			9257095.513274336	12575763.169226056
20260606	metabolite__N_Coumaroyltryptamine_E1	population_ridge	test	226	44	50	50	-0.07796718646681189	0.007063584437022187	0.12249994000985912	9640430.987330766	12800814.37948419
20260606	metabolite__N_Coumaroyltryptamine_E1	genotype_pca_ridge	test	226	44	50	50	0.006030834703805832	0.18293729333886558	0.234099258152906	9258423.850975966	12291964.166858839
20260606	metabolite__N_Coumaroyltryptamine_E1	genotype_pca_population_ridge	test	226	44	50	50	-0.03376377209797865	0.141855368228317	0.227760570547535	9347191.378606737	12535610.33370242
20260606	metabolite__Gluconolactone_E2	mean_baseline	test	226	44	50	50	-0.0016290144261588146			161801.2389380531	228299.27607527844
20260606	metabolite__Gluconolactone_E2	population_ridge	test	226	44	50	50	0.10434681638873167	0.32506659467617105	0.18198847787046188	161629.38725125807	215884.2817918781
20260606	metabolite__Gluconolactone_E2	genotype_pca_ridge	test	226	44	50	50	0.015380904660714623	0.1465138810913793	0.05240153849476746	162212.35060906544	226352.45710650206
20260606	metabolite__Gluconolactone_E2	genotype_pca_population_ridge	test	226	44	50	50	0.0766141354159493	0.28467131731023143	0.17026897705220043	161120.21544179425	219201.08383534552
20260606	agri_aa_oil__AA_Pro	mean_baseline	test	287	63	62	62	-0.007900875311875666			1.3926897396094187	1.8640191442253202
20260606	agri_aa_oil__AA_Pro	population_ridge	test	287	63	62	62	-0.025334159789498933	0.0081612421958564	0.045453400820931224	1.3988494610239552	1.8800706535455645
20260606	agri_aa_oil__AA_Pro	genotype_pca_ridge	test	287	63	62	62	0.1368908523489447	0.38967500799141025	0.31983581375437536	1.32996483236518	1.7249412858168034
20260606	agri_aa_oil__AA_Pro	genotype_pca_population_ridge	test	287	63	62	62	0.1282118168735803	0.36555736500860764	0.28820729772607084	1.3462770460719684	1.7335922077343457
20260606	metabolite__Norcinnamolaurine_E1	mean_baseline	test	226	44	50	50	-0.0009374110641418021			6206902.0	8843822.880095463
20260606	metabolite__Norcinnamolaurine_E1	population_ridge	test	226	44	50	50	0.05324767040630629	0.24987591270776915	0.2282407741540025	6252039.385544794	8601115.23975628
20260606	metabolite__Norcinnamolaurine_E1	genotype_pca_ridge	test	226	44	50	50	-0.017434880478988335	0.10399489825241857	0.1941943384554568	6356010.640607983	8916407.047329456
20260606	metabolite__Norcinnamolaurine_E1	genotype_pca_population_ridge	test	226	44	50	50	0.005851186584116319	0.17726641025917805	0.24970587536309974	6243167.731746985	8813781.392079925
20260606	metabolite__L_Valine_E1	mean_baseline	test	226	44	50	50	-0.012176402225581695			4666061.946902655	6228505.322212481
20260606	metabolite__L_Valine_E1	population_ridge	test	226	44	50	50	0.07647347649803427	0.28893071976578627	0.44727237854107516	4360097.293450479	5949499.362060162
20260606	metabolite__L_Valine_E1	genotype_pca_ridge	test	226	44	50	50	0.017365969237826184	0.242542317926958	0.18137725722027495	4593419.926861281	6136936.5935230935
20260606	metabolite__L_Valine_E1	genotype_pca_population_ridge	test	226	44	50	50	0.04268165847627514	0.30015868560828196	0.33600653131328134	4440648.883026294	6057367.537581652
20260606	metabolite__Cyanidin_3_O_glucoside_E2	mean_baseline	test	226	44	50	50	-0.003924826781044111			244736.12389380528	417898.0515601104
20260606	metabolite__Cyanidin_3_O_glucoside_E2	population_ridge	test	226	44	50	50	0.07266788495994014	0.32560690380466384	0.2269234487101212	232588.9500609949	401640.4077218298
20260606	metabolite__Cyanidin_3_O_glucoside_E2	genotype_pca_ridge	test	226	44	50	50	0.0057700834869289785	0.13126667215064863	0.15325137033523745	241953.81431531702	415875.333911058
20260606	metabolite__Cyanidin_3_O_glucoside_E2	genotype_pca_population_ridge	test	226	44	50	50	0.04294623695184763	0.31805582247136394	0.2554029418498253	235659.10813324963	408026.07408377086
20260606	agri_aa_oil__Oil_C180_C200	mean_baseline	test	309	68	63	63	-0.0356987550365484			0.6051723446125238	0.7212766238827282
20260606	agri_aa_oil__Oil_C180_C200	population_ridge	test	309	68	63	63	0.09689558690350819	0.390918709649368	0.269489247311828	0.5621806755002339	0.6735256076130972
20260606	agri_aa_oil__Oil_C180_C200	genotype_pca_ridge	test	309	68	63	63	0.20280064181648272	0.47546277946159593	0.38685675883256526	0.5211895614698044	0.6328031033027984
20260606	agri_aa_oil__Oil_C180_C200	genotype_pca_population_ridge	test	309	68	63	63	0.24004902847964826	0.5087255383082714	0.4405721966205837	0.5024841314505943	0.6178426966661865
20260606	metabolite__2pp_6pp_O_Diacetyloninin_E2	mean_baseline	test	226	44	50	50	-0.002495916039411128			8094025.663716814	11467927.01119493
20260606	metabolite__2pp_6pp_O_Diacetyloninin_E2	population_ridge	test	226	44	50	50	-0.0039550081309214224	-0.18572210653465848	-0.11770638290858283	8102418.07679746	11476269.527759548
20260606	metabolite__2pp_6pp_O_Diacetyloninin_E2	genotype_pca_ridge	test	226	44	50	50	0.009062574647064614	0.12120253857618582	0.06603275254969457	8003288.803450052	11401624.388186555
20260606	metabolite__2pp_6pp_O_Diacetyloninin_E2	genotype_pca_population_ridge	test	226	44	50	50	0.0028316581840741595	0.06839609547834749	0.016952408472757953	8030313.441049453	11437414.35830129
20260606	metabolite__Modiolin_E1	mean_baseline	test	226	44	50	50	-0.01130272036729063			22209.323893805315	29529.55354144714
20260606	metabolite__Modiolin_E1	population_ridge	test	226	44	50	50	0.036348982161973464	0.22161305364789918	0.19862174998106175	22291.276326114094	28825.455940851763
20260606	metabolite__Modiolin_E1	genotype_pca_ridge	test	226	44	50	50	-0.009858572190829973	0.06578548115249372	0.006050856019732539	22244.170163104205	29508.46179251492
20260606	metabolite__Modiolin_E1	genotype_pca_population_ridge	test	226	44	50	50	0.0021803560672276623	0.24075186083401576	0.12653972707932729	22218.438357179082	29332.04333507552
20260606	agri_aa_oil__AA_Ser	mean_baseline	test	287	63	62	62	-0.001507382112082345			0.8382705929193547	1.094163018526651
20260606	agri_aa_oil__AA_Ser	population_ridge	test	287	63	62	62	-0.06418532687525214	-0.14174414950519892	-0.034927350104505046	0.8451930034432994	1.1278817977382838
20260606	agri_aa_oil__AA_Ser	genotype_pca_ridge	test	287	63	62	62	0.13946167439618895	0.39812074503717576	0.40908060738838103	0.7836514847340034	1.0142384324309706
20260606	agri_aa_oil__AA_Ser	genotype_pca_population_ridge	test	287	63	62	62	0.11133517260269676	0.34136864338878387	0.3496008662587192	0.7912320741014989	1.0306802410599807
20260606	metabolite__2pp_6pp_O_Diacetyloninin_E1	mean_baseline	test	226	44	50	50	-0.05685745230395911			2436695.92920354	3143499.640512856
20260606	metabolite__2pp_6pp_O_Diacetyloninin_E1	population_ridge	test	226	44	50	50	-0.07578254062650158	0.14200331410974298	0.15241662469278436	2373418.0548779164	3171519.995025388
20260606	metabolite__2pp_6pp_O_Diacetyloninin_E1	genotype_pca_ridge	test	226	44	50	50	0.014037587398173734	0.2447233086897791	0.32620230987337245	2324282.8537476845	3036235.035790817
20260606	metabolite__2pp_6pp_O_Diacetyloninin_E1	genotype_pca_population_ridge	test	226	44	50	50	0.03586338674065925	0.27978911991856015	0.3400801941002832	2274700.3841148	3002441.0952108065
20260606	metabolite__Chrysoeriol_di_O_hexoside_E2	mean_baseline	test	226	44	50	50	-0.05067922595804997			419998.003539823	817852.979894725
20260606	metabolite__Chrysoeriol_di_O_hexoside_E2	population_ridge	test	226	44	50	50	-0.025140820295739275	0.13594873635654442	0.18378715927831352	423472.5929902837	807852.2357297513
20260606	metabolite__Chrysoeriol_di_O_hexoside_E2	genotype_pca_ridge	test	226	44	50	50	-0.05033192935712827	-0.03208401811406885	0.1008980458959333	421379.1381088416	817717.8001802028
20260606	metabolite__Chrysoeriol_di_O_hexoside_E2	genotype_pca_population_ridge	test	226	44	50	50	-0.04498968884781229	0.029634209485546015	0.14450367448874976	426343.6315629701	815635.5945712588
20260606	agri_aa_oil__Kernelthickness	mean_baseline	test	320	69	69	69	-0.014546578430638446			0.24268932668940216	0.2938474639667559
20260606	agri_aa_oil__Kernelthickness	population_ridge	test	320	69	69	69	0.040352322772142735	0.2613926557582213	0.18818736539288852	0.23336395669875185	0.2857865988123441
20260606	agri_aa_oil__Kernelthickness	genotype_pca_ridge	test	320	69	69	69	0.2730375549032169	0.5790647246669399	0.6217253100719136	0.19890555377587596	0.2487378863141735
20260606	agri_aa_oil__Kernelthickness	genotype_pca_population_ridge	test	320	69	69	69	0.27796707853713776	0.5680965008780936	0.5954181742437651	0.19912169610158353	0.24789310745522233
20260606	metabolite__L_Proline_E2	mean_baseline	test	226	44	50	50	-0.0514938227769175			29433221.23893805	37046150.433995545
20260606	metabolite__L_Proline_E2	population_ridge	test	226	44	50	50	-0.04657789660438194	0.18207451307655256	0.16267621234405377	28506850.188339874	36959450.21181277
20260606	metabolite__L_Proline_E2	genotype_pca_ridge	test	226	44	50	50	-0.0174513707078221	0.36174920883474565	0.4453783634680869	28562317.978215285	36441525.900130175
20260606	metabolite__L_Proline_E2	genotype_pca_population_ridge	test	226	44	50	50	0.0016473236796221702	0.32319900805583446	0.3775125565468741	27736574.300404206	36097881.618525885
20260606	metabolite__N_Feruloyl_N_methoxyagmatine_E2	mean_baseline	test	226	44	50	50	-0.013593130538624765			1724198.7610619473	2732936.034425457
20260606	metabolite__N_Feruloyl_N_methoxyagmatine_E2	population_ridge	test	226	44	50	50	0.01867923783965353	0.18412242174823273	0.2332092705006407	1696927.042688701	2689076.3392248913
20260606	metabolite__N_Feruloyl_N_methoxyagmatine_E2	genotype_pca_ridge	test	226	44	50	50	-0.009400754140760803	0.1898444485821136	0.379973589003515	1725097.8682055506	2727278.257040675
20260606	metabolite__N_Feruloyl_N_methoxyagmatine_E2	genotype_pca_population_ridge	test	226	44	50	50	0.024340503291171545	0.24293873549465866	0.32450474480494834	1709511.7916243095	2681308.4434318487
20260606	metabolite__Sphinganine_E2	mean_baseline	test	226	44	50	50	-0.011504468424446745			263645.8761061947	354637.5760976126
20260606	metabolite__Sphinganine_E2	population_ridge	test	226	44	50	50	-0.004029186408745833	0.12544603527117396	0.11454231220606119	262250.5715063771	353324.7138785404
20260606	metabolite__Sphinganine_E2	genotype_pca_ridge	test	226	44	50	50	-0.009274783230628136	0.1218588040109939	0.05844779620745345	277270.31459761685	354246.49211582565
20260606	metabolite__Sphinganine_E2	genotype_pca_population_ridge	test	226	44	50	50	0.00039978691316844284	0.15824415206145007	0.12678897451740107	275518.52194823866	352544.5596242649
20260606	metabolite__L_Glutamic_acid_E1	mean_baseline	test	226	44	50	50	-0.048891822486965886			2381580.530973451	3056305.943719452
20260606	metabolite__L_Glutamic_acid_E1	population_ridge	test	226	44	50	50	-0.04869528602295348	-0.036106700363626426	-0.09255079177563788	2384416.7716672756	3056019.5921192085
20260606	metabolite__L_Glutamic_acid_E1	genotype_pca_ridge	test	226	44	50	50	0.03309063585562766	0.41518171328352604	0.21084482402441634	2296046.971723625	2934434.0903887325
20260606	metabolite__L_Glutamic_acid_E1	genotype_pca_population_ridge	test	226	44	50	50	0.0327576148873886	0.3897866694685347	0.19874165872734278	2307054.1105108494	2934939.3828127217
20260606	metabolite__Glutathione_E1	mean_baseline	test	226	44	50	50	-1.377439691641058e-05			972791.5044247786	1360471.8887416918
20260606	metabolite__Glutathione_E1	population_ridge	test	226	44	50	50	0.11119240111609241	0.34000870052454124	0.3524779105101451	900925.2412228695	1282597.7120369307
20260606	metabolite__Glutathione_E1	genotype_pca_ridge	test	226	44	50	50	0.1170843087251634	0.35851600999970884	0.2502881293704191	907453.3990316188	1278339.4717460496
20260606	metabolite__Glutathione_E1	genotype_pca_population_ridge	test	226	44	50	50	0.15354659420301564	0.3922047481003669	0.3173261624865175	899560.1347134231	1251665.0041303462
20260606	metabolite__LPC1_acyl_16_0_1_E1	mean_baseline	test	226	44	50	50	-0.11577021194009851			3778967.0796460174	5267565.301681661
20260606	metabolite__LPC1_acyl_16_0_1_E1	population_ridge	test	226	44	50	50	-0.11233194239464073	0.16372765140138473	0.12206775676403837	3774562.312903678	5259442.982544402
20260606	metabolite__LPC1_acyl_16_0_1_E1	genotype_pca_ridge	test	226	44	50	50	-0.04626788874961463	0.206594460883218	0.12091526810851638	3839467.806213579	5100866.943951732
20260606	metabolite__LPC1_acyl_16_0_1_E1	genotype_pca_population_ridge	test	226	44	50	50	-0.03290011664698467	0.22738156134386284	0.14497346879253808	3810828.7138366182	5068176.257938792
20260606	metabolite__Malvidin_di_O_hexoside_E2	mean_baseline	test	226	44	50	50	-4.1228854641861545e-05			249619.7646017699	310153.06977707427
20260606	metabolite__Malvidin_di_O_hexoside_E2	population_ridge	test	226	44	50	50	-0.019060086262355114	-0.1095952922870985	-0.07323632555511579	249837.10092067975	313088.4361653122
20260606	metabolite__Malvidin_di_O_hexoside_E2	genotype_pca_ridge	test	226	44	50	50	0.011872917470252764	0.1193475481644563	0.19166306576424072	248969.26767379793	308300.0056916242
20260606	metabolite__Malvidin_di_O_hexoside_E2	genotype_pca_population_ridge	test	226	44	50	50	-0.002727194527743171	0.04540741923901643	0.11021466698294474	249924.2211017554	310569.30355565686
20260606	metabolite__L_Methionine_E2	mean_baseline	test	226	44	50	50	-0.018801734071193232			1811922.3008849558	3176935.8265793324
20260606	metabolite__L_Methionine_E2	population_ridge	test	226	44	50	50	-0.03790286116809494	-0.0649748613269169	0.01666466574623606	1791454.180152793	3206579.1112310756
20260606	metabolite__L_Methionine_E2	genotype_pca_ridge	test	226	44	50	50	-0.02127049190860797	-0.12165521844671716	-0.10315764271733446	1814780.2947744825	3180782.669085847
20260606	metabolite__L_Methionine_E2	genotype_pca_population_ridge	test	226	44	50	50	-0.022328349826281402	-0.11849042103980673	-0.053451795318618836	1811241.6519526048	3182429.6104534985
20260606	agri_aa_oil__Eardiameter	mean_baseline	test	321	69	69	69	-0.09191721050070045			0.2288710375334778	0.2954498953987563
20260606	agri_aa_oil__Eardiameter	population_ridge	test	321	69	69	69	0.018951883324616503	0.34527364250319664	0.31887393930759617	0.2324163400107774	0.2800490727953327
20260606	agri_aa_oil__Eardiameter	genotype_pca_ridge	test	321	69	69	69	0.13975164974961074	0.4566083343744278	0.40150165786894004	0.2026042090297002	0.26224119130134704
20260606	agri_aa_oil__Eardiameter	genotype_pca_population_ridge	test	321	69	69	69	0.17305256473366237	0.48519138438856896	0.4198613432888275	0.20639691816620387	0.25711530977731833
20260607	agri_aa_oil__Oil_OIL	mean_baseline	test	309	67	64	64	-0.006699296613236205			0.8847637413138651	1.4257717670062844
20260607	agri_aa_oil__Oil_OIL	population_ridge	test	309	67	64	64	0.16133500420786995	0.4151808956005484	0.014880952380952378	0.9307812152057033	1.3013508090859056
20260607	agri_aa_oil__Oil_OIL	genotype_pca_ridge	test	309	67	64	64	0.7542041818845351	0.8707168790620541	0.5385531135531134	0.5294925365437229	0.7045103420905741
20260607	agri_aa_oil__Oil_OIL	genotype_pca_population_ridge	test	309	67	64	64	0.7535148776273317	0.8693603249874591	0.5065476190476189	0.5179210367481519	0.7054975069485778
20260607	agri_aa_oil__Oil_C18_2	mean_baseline	test	309	67	64	64	-0.031187125346091804			0.41786101001653525	0.6172722833598621
20260607	agri_aa_oil__Oil_C18_2	population_ridge	test	309	67	64	64	0.1258558542512479	0.40909536018693166	0.023992673992673987	0.43941633300231797	0.5683286665456171
20260607	agri_aa_oil__Oil_C18_2	genotype_pca_ridge	test	309	67	64	64	0.6695201380472706	0.820953692560892	0.4786172161172161	0.2662285577407841	0.3494463720813927
20260607	agri_aa_oil__Oil_C18_2	genotype_pca_population_ridge	test	309	67	64	64	0.6673309531752691	0.8203111322935153	0.4338369963369963	0.27145434073572394	0.3506018736469615
20260607	agri_aa_oil__Oil_C18_1	mean_baseline	test	309	67	64	64	-9.815797056300646e-05			0.4564032741776397	0.6882708156662527
20260607	agri_aa_oil__Oil_C18_1	population_ridge	test	309	67	64	64	0.16645530022732824	0.4092086075889626	0.2358058608058608	0.45083588805322056	0.6283512571112522
20260607	agri_aa_oil__Oil_C18_1	genotype_pca_ridge	test	309	67	64	64	0.6950029809248612	0.8346095879521389	0.5543498168498169	0.29269596533748554	0.38008947037203117
20260607	agri_aa_oil__Oil_C18_1	genotype_pca_population_ridge	test	309	67	64	64	0.6924269075692413	0.8333149147535932	0.5503205128205129	0.2963543545536795	0.3816912557602676
20260607	agri_aa_oil__Oil_C20_0	mean_baseline	test	309	67	64	64	-0.0004642885948074049			0.006206084293689321	0.008648283871665368
20260607	agri_aa_oil__Oil_C20_0	population_ridge	test	309	67	64	64	0.15920537780816724	0.4000957250501724	0.23402014652014652	0.006058925585721412	0.007928190985601373
20260607	agri_aa_oil__Oil_C20_0	genotype_pca_ridge	test	309	67	64	64	0.6947392605727245	0.8354229943525245	0.6711080586080586	0.0039046389253640304	0.004777103126916548
20260607	agri_aa_oil__Oil_C20_0	genotype_pca_population_ridge	test	309	67	64	64	0.6792078554132279	0.8266034671677925	0.644551282051282	0.003962102858876304	0.004897122899880357
20260607	agri_aa_oil__Oil_C20_1	mean_baseline	test	309	67	64	64	-0.0017124080353574378			0.003638801031098301	0.005246580805484557
20260607	agri_aa_oil__Oil_C20_1	population_ridge	test	309	67	64	64	0.17154625882417784	0.41590508827119976	0.21717032967032965	0.0035606245498276444	0.004771324686816615
20260607	agri_aa_oil__Oil_C20_1	genotype_pca_ridge	test	309	67	64	64	0.5480909047743823	0.7416415904412954	0.5227564102564102	0.0025479342298708333	0.0035239552150964173
20260607	agri_aa_oil__Oil_C20_1	genotype_pca_population_ridge	test	309	67	64	64	0.5540466074331076	0.7458286463071845	0.5184523809523809	0.0025578247677351326	0.0035006571248191592
20260607	agri_aa_oil__Oil_C16_0	mean_baseline	test	309	67	64	64	-0.0002964780116414545			0.1172447562982403	0.15937346673054054
20260607	agri_aa_oil__Oil_C16_0	population_ridge	test	309	67	64	64	0.06379489061581789	0.2812634872125449	0.12165750915750913	0.12212894814396341	0.15418323488589836
20260607	agri_aa_oil__Oil_C16_0	genotype_pca_ridge	test	309	67	64	64	0.5318386965491202	0.7360023687035895	0.5039377289377289	0.08576378505415944	0.10903085219502215
20260607	agri_aa_oil__Oil_C16_0	genotype_pca_population_ridge	test	309	67	64	64	0.5181615092484967	0.7294866159904454	0.4792124542124542	0.0889581585639442	0.11061203813484125
20260607	agri_aa_oil__Oil_C18_0	mean_baseline	test	309	67	64	64	-0.001164745060357797			0.03000563980339805	0.049730583631855625
20260607	agri_aa_oil__Oil_C18_0	population_ridge	test	309	67	64	64	0.2124843803694656	0.4661158980947969	0.32367216117216113	0.028549567175104273	0.04410627391675392
20260607	agri_aa_oil__Oil_C18_0	genotype_pca_ridge	test	309	67	64	64	0.7107860828925556	0.8537632870747975	0.5857142857142856	0.01983856308785706	0.026728856283704312
20260607	agri_aa_oil__Oil_C18_0	genotype_pca_population_ridge	test	309	67	64	64	0.708196183509519	0.8496357302962378	0.5484890109890109	0.02008736472331589	0.026848267483261353
20260607	agri_aa_oil__kernellength	mean_baseline	test	321	68	69	69	-0.0031424003080990914			0.6386558643349587	0.7853493542511293
20260607	agri_aa_oil__kernellength	population_ridge	test	321	68	69	69	0.37438218443826266	0.613787021620502	0.6279868469126781	0.5062689858354932	0.6202062680440071
20260607	agri_aa_oil__kernellength	genotype_pca_ridge	test	321	68	69	69	0.5248805644594452	0.7294141518465355	0.6940445743514798	0.44162437617400807	0.5404841909666971
20260607	agri_aa_oil__kernellength	genotype_pca_population_ridge	test	321	68	69	69	0.5095950714420839	0.7383214163339435	0.7172451589331386	0.4389093318270605	0.5491095670252581
20260607	agri_aa_oil__Oil_C16_1	mean_baseline	test	309	67	64	64	-0.011914630417606542			0.0019286780069781555	0.002368953356269106
20260607	agri_aa_oil__Oil_C16_1	population_ridge	test	309	67	64	64	0.029950537153050183	0.2222959753770028	0.23759157509157508	0.0018520131817267528	0.002319431291584272
20260607	agri_aa_oil__Oil_C16_1	genotype_pca_ridge	test	309	67	64	64	0.3213446159441353	0.5745903468565364	0.5124084249084249	0.001502808503842074	0.0019400334658699627
20260607	agri_aa_oil__Oil_C16_1	genotype_pca_population_ridge	test	309	67	64	64	0.3191514794786938	0.5739281332299215	0.5194597069597069	0.0014899805339876732	0.00194316563454625
20260607	agri_aa_oil__Oil_C200_C220	mean_baseline	test	309	67	64	64	-0.00034044480386885567			0.3130322708976538	0.44327952084749606
20260607	agri_aa_oil__Oil_C200_C220	population_ridge	test	309	67	64	64	0.05013475796952749	0.2565721325339981	0.21666666666666662	0.31246633268467594	0.43195126644636556
20260607	agri_aa_oil__Oil_C200_C220	genotype_pca_ridge	test	309	67	64	64	0.42339486625763534	0.6584546304999632	0.43328754578754575	0.2606450462912736	0.33654489409443894
20260607	agri_aa_oil__Oil_C200_C220	genotype_pca_population_ridge	test	309	67	64	64	0.4097499238781057	0.6507377217931687	0.4266025641025641	0.26106834237341714	0.3405036561674706
20260607	agri_aa_oil__Oil_C182_C183	mean_baseline	test	309	67	64	64	-0.015557858401962887			6.879521613261529	8.637112754867081
20260607	agri_aa_oil__Oil_C182_C183	population_ridge	test	309	67	64	64	0.20473617352386042	0.4623986457893937	0.3504578754578754	6.406649299358467	7.643140937287275
20260607	agri_aa_oil__Oil_C182_C183	genotype_pca_ridge	test	309	67	64	64	0.3189821437963567	0.5816276906814948	0.40260989010989007	5.640718857053433	7.072867190586514
20260607	agri_aa_oil__Oil_C182_C183	genotype_pca_population_ridge	test	309	67	64	64	0.3148542960874432	0.5834462276109845	0.41918498168498164	5.746392536520141	7.094270161885627
20260607	agri_aa_oil__Oil_C18_3P	mean_baseline	test	309	67	64	64	-0.0006273884210890035			0.24664536451562502	0.3111531842318949
20260607	agri_aa_oil__Oil_C18_3P	population_ridge	test	309	67	64	64	0.1872862980763761	0.44938882350680465	0.39853479853479845	0.2177822775279202	0.2804186199919457
20260607	agri_aa_oil__Oil_C18_3P	genotype_pca_ridge	test	309	67	64	64	0.35870195210440825	0.5989729650586104	0.5218406593406593	0.1906485572777163	0.2490967239064123
20260607	agri_aa_oil__Oil_C18_3P	genotype_pca_population_ridge	test	309	67	64	64	0.34999321961234764	0.5925027892583191	0.5217032967032967	0.19065864459518178	0.2507823688073685
20260607	metabolite__L_Threonine_E1	mean_baseline	test	225	45	50	50	-2.856429504038971e-07			296497.33333333326	395002.0943841959
20260607	metabolite__L_Threonine_E1	population_ridge	test	225	45	50	50	-0.07761480206302074	0.058706478568838844	-0.04014502150068296	310700.46432548575	410044.61275782436
20260607	metabolite__L_Threonine_E1	genotype_pca_ridge	test	225	45	50	50	0.04176071430019668	0.22210837748219606	0.2824077409635365	285398.7684980461	386666.2996907822
20260607	metabolite__L_Threonine_E1	genotype_pca_population_ridge	test	225	45	50	50	-0.007967441008004839	0.16673938086303253	0.17906792485173054	294918.3882350748	396572.49376482726
20260607	metabolite__L_Proline_E1	mean_baseline	test	225	45	50	50	-0.012632549168180462			18524000.0	22120880.574574057
20260607	metabolite__L_Proline_E1	population_ridge	test	225	45	50	50	0.04543027642159203	0.24993790993858273	0.2576834424792151	17704374.11903957	21477330.36248141
20260607	metabolite__L_Proline_E1	genotype_pca_ridge	test	225	45	50	50	0.008863262099758962	0.15978564358923164	0.19530349619138423	18447599.84565176	21884834.00017323
20260607	metabolite__L_Proline_E1	genotype_pca_population_ridge	test	225	45	50	50	0.04442325204996378	0.24450366671938428	0.2568670767464259	18022073.92835407	21488656.142784968
20260607	metabolite__Trigonelline_E1	mean_baseline	test	225	45	50	50	-0.0072416501191496785			1679800.0	2271870.208887997
20260607	metabolite__Trigonelline_E1	population_ridge	test	225	45	50	50	0.0427009118845767	0.21390465731119646	0.1983240894710773	1700251.2397000713	2214830.53002948
20260607	metabolite__Trigonelline_E1	genotype_pca_ridge	test	225	45	50	50	0.04767628814362068	0.36513882887379817	0.33230089567550963	1729508.8236039858	2209067.4561997266
20260607	metabolite__Trigonelline_E1	genotype_pca_population_ridge	test	225	45	50	50	0.07998850816644909	0.3901766026012515	0.33734303354341844	1705023.6586689248	2171267.365075365
20260607	agri_aa_oil__Earlength	mean_baseline	test	321	68	70	70	-0.036843881592224736			1.0846186914214506	1.4305760778523213
20260607	agri_aa_oil__Earlength	population_ridge	test	321	68	70	70	0.008694494997609548	0.2157242463694458	0.18890735718659785	1.071563739074211	1.3988077596856694
20260607	agri_aa_oil__Earlength	genotype_pca_ridge	test	321	68	70	70	0.17886690809343464	0.47990630184070027	0.4215029306272417	1.0137566335279695	1.2730956997749923
20260607	agri_aa_oil__Earlength	genotype_pca_population_ridge	test	321	68	70	70	0.204695771606753	0.4707495422617034	0.41156504242848396	0.9956124497230446	1.2529130120331529
20260607	metabolite__Benzamidine_E1	mean_baseline	test	225	45	50	50	-0.25618404649256554			227338.9333333333	279557.0933538343
20260607	metabolite__Benzamidine_E1	population_ridge	test	225	45	50	50	-0.3740885677543335	0.15864871086502036	0.213930706681271	220290.85174700085	292382.4108116409
20260607	metabolite__Benzamidine_E1	genotype_pca_ridge	test	225	45	50	50	-0.27804695493650655	0.18483760070478822	0.03543902615730146	231637.55529656477	281979.3366272773
20260607	metabolite__Benzamidine_E1	genotype_pca_population_ridge	test	225	45	50	50	-0.28910276350756825	0.19877464252587526	0.1349852337780141	226130.35738849253	283196.3484578766
20260607	agri_aa_oil__Oil_C16_0P	mean_baseline	test	309	67	64	64	-0.045736614907052386			1.3769757757271441	1.7355695725365907
20260607	agri_aa_oil__Oil_C16_0P	population_ridge	test	309	67	64	64	0.08847207896104858	0.3462820565473075	0.2504578754578754	1.337917335684166	1.6203762102850627
20260607	agri_aa_oil__Oil_C16_0P	genotype_pca_ridge	test	309	67	64	64	0.13356317352726976	0.44824125165826184	0.32788461538461533	1.248539333019097	1.5797898597234483
20260607	agri_aa_oil__Oil_C16_0P	genotype_pca_population_ridge	test	309	67	64	64	0.17491465837867914	0.47651400103990643	0.37078754578754575	1.2291829956690972	1.5416305434293136
20260607	agri_aa_oil__Oil_C22_0	mean_baseline	test	309	67	64	64	-2.1644353591643295e-06			0.0018463004598503238	0.0024834315279124997
20260607	agri_aa_oil__Oil_C22_0	population_ridge	test	309	67	64	64	0.07551088881670254	0.2768355579752926	0.18823260073260073	0.001746832427493982	0.0023878256907051173
20260607	agri_aa_oil__Oil_C22_0	genotype_pca_ridge	test	309	67	64	64	0.38953220754257767	0.626365068112841	0.62760989010989	0.001361875651099091	0.0019403635079431544
20260607	agri_aa_oil__Oil_C22_0	genotype_pca_population_ridge	test	309	67	64	64	0.37878124730178087	0.6197222379797356	0.6179029304029303	0.001398225315041999	0.0019573748280073376
20260607	metabolite__Glu_Glu_E2	mean_baseline	test	225	45	50	50	-0.037996057251051374			2046559.111111111	2574353.201279551
20260607	metabolite__Glu_Glu_E2	population_ridge	test	225	45	50	50	-0.03850907294460315	-0.042494964974663325	-0.05115765492389833	2046652.964890807	2574989.292544798
20260607	metabolite__Glu_Glu_E2	genotype_pca_ridge	test	225	45	50	50	-0.15853373995267406	-0.031584431277490464	0.06720146407374063	2042705.0247546486	2719722.6809507683
20260607	metabolite__Glu_Glu_E2	genotype_pca_population_ridge	test	225	45	50	50	-0.17167665952091382	-0.03283780348604648	-0.022288405525529412	2031348.692455136	2735106.044055927
20260607	agri_aa_oil__Oil_SFA_USFA	mean_baseline	test	309	67	64	64	-0.03859521894828033			0.022133163103812702	0.02707580265101034
20260607	agri_aa_oil__Oil_SFA_USFA	population_ridge	test	309	67	64	64	0.05768150038365438	0.2995530338321228	0.2530677655677655	0.021693525160630098	0.02579033830809687
20260607	agri_aa_oil__Oil_SFA_USFA	genotype_pca_ridge	test	309	67	64	64	0.06116907476011191	0.3251844846788037	0.2797619047619047	0.020265214811616326	0.025742568312599384
20260607	agri_aa_oil__Oil_SFA_USFA	genotype_pca_population_ridge	test	309	67	64	64	0.08946728552155647	0.3653544020904301	0.3193223443223443	0.019981133368286386	0.025351634068961636
20260607	metabolite__Np_Npp_Feruloyl_caffeoyl_spermidine_derivative_E2	mean_baseline	test	225	45	50	50	-0.014768539354056198			1453701.52	2906588.921810582
20260607	metabolite__Np_Npp_Feruloyl_caffeoyl_spermidine_derivative_E2	population_ridge	test	225	45	50	50	-0.03644503915297026	0.04189709641297365	0.32118928088274734	1359991.5372523626	2937468.751493177
20260607	metabolite__Np_Npp_Feruloyl_caffeoyl_spermidine_derivative_E2	genotype_pca_ridge	test	225	45	50	50	-0.09749641104192608	-0.16948489531126762	-0.0035063283242770388	1476400.4521080828	3022746.111047002
20260607	metabolite__Np_Npp_Feruloyl_caffeoyl_spermidine_derivative_E2	genotype_pca_population_ridge	test	225	45	50	50	-0.10000875824697686	-0.15627645760171172	0.07137539575172164	1474296.883569093	3026203.911251597
20260607	metabolite__5_Hydroxyindoleacetic_acid_E1	mean_baseline	test	225	45	50	50	-0.014134125726406488			3871317.777777778	5016372.459270091
20260607	metabolite__5_Hydroxyindoleacetic_acid_E1	population_ridge	test	225	45	50	50	0.02443918233063591	0.21170668437250054	0.21709483793517406	3775661.27537814	4920046.992545068
20260607	metabolite__5_Hydroxyindoleacetic_acid_E1	genotype_pca_ridge	test	225	45	50	50	0.08947049448750133	0.34911482450190656	0.3976470588235294	3478452.973499702	4753232.830330147
20260607	metabolite__5_Hydroxyindoleacetic_acid_E1	genotype_pca_population_ridge	test	225	45	50	50	0.1095108083792865	0.36849858325402907	0.36806722689075627	3421871.4586685253	4700633.621810788
20260607	metabolite__DIMBOA_glucoside_E1	mean_baseline	test	225	45	50	50	-0.4756050048740321			307056.9253333333	346907.6582039397
20260607	metabolite__DIMBOA_glucoside_E1	population_ridge	test	225	45	50	50	-0.4563069535066524	0.20574226083532007	0.11097771814563288	302715.59229529905	344631.7529560712
20260607	metabolite__DIMBOA_glucoside_E1	genotype_pca_ridge	test	225	45	50	50	-0.4302719057826907	0.09131714909386757	0.06065117179486557	300859.3537639199	341537.292688845
20260607	metabolite__DIMBOA_glucoside_E1	genotype_pca_population_ridge	test	225	45	50	50	-0.40998015437617363	0.19806955643729737	0.1452170574090843	299736.27901978174	339105.88552484143
20260607	agri_aa_oil__Oil_C18_1P	mean_baseline	test	309	67	64	64	-0.02073226641742698			4.80231081390625	5.9232516261334816
20260607	agri_aa_oil__Oil_C18_1P	population_ridge	test	309	67	64	64	0.07303755494659292	0.30209311941732664	0.3024725274725274	4.519630745140477	5.644628059796881
20260607	agri_aa_oil__Oil_C18_1P	genotype_pca_ridge	test	309	67	64	64	0.4160509116414921	0.6514777919200856	0.6409340659340659	3.4173326555059402	4.480141727724823
20260607	agri_aa_oil__Oil_C18_1P	genotype_pca_population_ridge	test	309	67	64	64	0.3989130590298433	0.6426957300663365	0.6287545787545786	3.53003350511602	4.545408365980893
20260607	agri_aa_oil__Oil_C18_2P	mean_baseline	test	309	67	64	64	-0.04849994896977328			4.594143876559466	5.5903494927152355
20260607	agri_aa_oil__Oil_C18_2P	population_ridge	test	309	67	64	64	0.07711192319435756	0.34033582407181995	0.3125	4.190396784209316	5.244804087412377
20260607	agri_aa_oil__Oil_C18_2P	genotype_pca_ridge	test	309	67	64	64	0.3363032530301474	0.6123149548337679	0.6227106227106227	3.4310372828709217	4.447742102999189
20260607	agri_aa_oil__Oil_C18_2P	genotype_pca_population_ridge	test	309	67	64	64	0.3056984998797765	0.6025473343427101	0.6027472527472526	3.51405776051338	4.54913478448407
20260607	agri_aa_oil__Silkingtime	mean_baseline	test	321	68	70	70	-0.003415289964870949			2.3058594686248353	2.990197601542911
20260607	agri_aa_oil__Silkingtime	population_ridge	test	321	68	70	70	0.21122701004305267	0.4788916555562346	0.3916726658821055	2.015917169499887	2.6511576085451196
20260607	agri_aa_oil__Silkingtime	genotype_pca_ridge	test	321	68	70	70	0.26864241076992346	0.5491767579411642	0.5316695225062157	2.0049484018129187	2.552844829635005
20260607	agri_aa_oil__Silkingtime	genotype_pca_population_ridge	test	321	68	70	70	0.26303840105354115	0.5249762698503849	0.5141327241142469	2.0350064956773424	2.5626067209252694
20260607	metabolite__Pyroglutamic_acid_E1	mean_baseline	test	225	45	50	50	-0.035527770309557116			67182.98666666666	79251.92242027093
20260607	metabolite__Pyroglutamic_acid_E1	population_ridge	test	225	45	50	50	-0.03571395214211237	0.08927586524163794	0.13821255406401525	66316.0762824737	79259.04661597319
20260607	metabolite__Pyroglutamic_acid_E1	genotype_pca_ridge	test	225	45	50	50	-0.04571255391691231	0.08276596637699264	0.14527205560932807	64367.85155834383	79640.70421755979
20260607	metabolite__Pyroglutamic_acid_E1	genotype_pca_population_ridge	test	225	45	50	50	-0.04989210006619116	0.09108444494410221	0.14239062640715955	64593.25666997904	79799.70109549792
20260607	agri_aa_oil__Pollenshed	mean_baseline	test	321	68	70	70	-0.03406806320825018			2.4649439964396973	3.137289868807278
20260607	agri_aa_oil__Pollenshed	population_ridge	test	321	68	70	70	0.286673129631707	0.5721689480483353	0.5271586740323817	1.984165604434226	2.605699779870928
20260607	agri_aa_oil__Pollenshed	genotype_pca_ridge	test	321	68	70	70	0.3325602628637153	0.6181361141095028	0.6077376426660167	1.963430660460604	2.520496589612436
20260607	agri_aa_oil__Pollenshed	genotype_pca_population_ridge	test	321	68	70	70	0.3195623790551545	0.603720172320673	0.5988466530774227	1.981906750867418	2.544920634886331
20260607	agri_aa_oil__Oil_C24_0P	mean_baseline	test	309	67	64	64	-0.03710565954441081			0.0605753840608313	0.07607261538037001
20260607	agri_aa_oil__Oil_C24_0P	population_ridge	test	309	67	64	64	-0.005305277502487105	0.20067669881529085	0.23049450549450548	0.0588369610643541	0.07489724218277215
20260607	agri_aa_oil__Oil_C24_0P	genotype_pca_ridge	test	309	67	64	64	0.3810280732548853	0.6301668733830499	0.6232600732600732	0.04355250303737286	0.058769544077295
20260607	agri_aa_oil__Oil_C24_0P	genotype_pca_population_ridge	test	309	67	64	64	0.3000598820837024	0.6051714604020275	0.5613553113553112	0.04812932857496671	0.062495290136846945
20260607	metabolite__Coumaroylserotonin_E1	mean_baseline	test	225	45	50	50	-0.0015275727670129857			515525.85244444443	768506.0760247617
20260607	metabolite__Coumaroylserotonin_E1	population_ridge	test	225	45	50	50	0.07714900947298198	0.27887862674107	0.3887821748624162	493586.0132801807	737703.1565112759
20260607	metabolite__Coumaroylserotonin_E1	genotype_pca_ridge	test	225	45	50	50	0.13597435200161145	0.369913148597684	0.394064541368699	454409.3989270725	713804.3127280959
20260607	metabolite__Coumaroylserotonin_E1	genotype_pca_population_ridge	test	225	45	50	50	0.16244806475434803	0.40323964005724583	0.42743949338566783	447071.0464628362	702783.7703457533
20260607	metabolite__N_caffeoyl_O_hexoside_spermidine_E1	mean_baseline	test	225	45	50	50	-0.0057242962824479715			468641.71111111104	582496.8721071236
20260607	metabolite__N_caffeoyl_O_hexoside_spermidine_E1	population_ridge	test	225	45	50	50	0.10097602569918829	0.3453525926902423	0.2814405762304922	421214.33647748106	550731.3045747062
20260607	metabolite__N_caffeoyl_O_hexoside_spermidine_E1	genotype_pca_ridge	test	225	45	50	50	-1.465569006289705	0.04656530292345742	0.17397358943577432	601537.7848936277	912037.5256741033
20260607	metabolite__N_caffeoyl_O_hexoside_spermidine_E1	genotype_pca_population_ridge	test	225	45	50	50	-1.369025741135769	0.09579325260043312	0.2041296518607443	581357.8449494161	894003.0830284739
20260607	agri_aa_oil__Headingdate	mean_baseline	test	321	68	70	70	-0.04189411782554364			2.68302661237205	3.412255163559421
20260607	agri_aa_oil__Headingdate	population_ridge	test	321	68	70	70	0.24143043399404718	0.5343685902294654	0.4922648967125345	2.2437627113274794	2.911571193506839
20260607	agri_aa_oil__Headingdate	genotype_pca_ridge	test	321	68	70	70	0.3729481386846768	0.6456416601926105	0.6233593665221115	2.0100466007471938	2.6471675913146684
20260607	agri_aa_oil__Headingdate	genotype_pca_population_ridge	test	321	68	70	70	0.32527887386577015	0.6165043651700576	0.5925764039810562	2.171975556262828	2.745945167808471
20260607	metabolite__Tryptamine_E1	mean_baseline	test	225	45	50	50	-0.023148222174318445			2452847.973333333	3489456.5381329954
20260607	metabolite__Tryptamine_E1	population_ridge	test	225	45	50	50	0.0030473594536019055	0.13259463482315367	0.26828975493339197	2420175.5071640373	3444496.7592729293
20260607	metabolite__Tryptamine_E1	genotype_pca_ridge	test	225	45	50	50	-0.07639381593642414	0.003283959101371843	0.09109462414688466	2428857.3839108557	3579102.313759762
20260607	metabolite__Tryptamine_E1	genotype_pca_population_ridge	test	225	45	50	50	-0.07223816244432335	0.031050102275559814	0.10382001971827338	2449980.035685822	3572186.6792611964
20260607	agri_aa_oil__Oil_C181_C182	mean_baseline	test	309	67	64	64	-0.01765762621985778			0.15357016174180824	0.19695104360168972
20260607	agri_aa_oil__Oil_C181_C182	population_ridge	test	309	67	64	64	0.08954145949824599	0.3225435770924892	0.3146062271062271	0.14083621035462804	0.18628913566975477
20260607	agri_aa_oil__Oil_C181_C182	genotype_pca_ridge	test	309	67	64	64	0.41264980609246604	0.6481886830692276	0.6578296703296703	0.10836430782480057	0.14962563235902981
20260607	agri_aa_oil__Oil_C181_C182	genotype_pca_population_ridge	test	309	67	64	64	0.39693534604349867	0.6406637588661022	0.6353021978021977	0.11136270077924162	0.1516140252381617
20260607	agri_aa_oil__Leafnumberaboveear	mean_baseline	test	321	68	70	70	-0.01420548140801503			0.4855373525940364	0.6343344467370227
20260607	agri_aa_oil__Leafnumberaboveear	population_ridge	test	321	68	70	70	0.23205359306112272	0.4986447314003981	0.4914398691454708	0.41439431347657013	0.551976737896559
20260607	agri_aa_oil__Leafnumberaboveear	genotype_pca_ridge	test	321	68	70	70	0.3019745576378967	0.6246401396569905	0.5814240348751474	0.4054085501301301	0.526248590229203
20260607	agri_aa_oil__Leafnumberaboveear	genotype_pca_population_ridge	test	321	68	70	70	0.3373945882369169	0.6107809273732934	0.5944238861559463	0.38505882824884125	0.5127230103469878
20260607	agri_aa_oil__Oil_C16_1P	mean_baseline	test	309	67	64	64	-0.008054102327927248			0.02875529179217233	0.03799358549892532
20260607	agri_aa_oil__Oil_C16_1P	population_ridge	test	309	67	64	64	-0.0033132405826343803	0.20423376236385024	0.15549450549450547	0.027436382541479624	0.03790413860654342
20260607	agri_aa_oil__Oil_C16_1P	genotype_pca_ridge	test	309	67	64	64	0.1078837865852672	0.41557512853818857	0.4864010989010989	0.02584585383850308	0.03574201854906554
20260607	agri_aa_oil__Oil_C16_1P	genotype_pca_population_ridge	test	309	67	64	64	0.07890361875507335	0.4074462047894985	0.4749542124542124	0.026042309884685158	0.036317914153054756
20260607	metabolite__L_Aspartic_acid_E1	mean_baseline	test	225	45	50	50	-0.06100801839301817			874476.4444444445	1158042.1749713374
20260607	metabolite__L_Aspartic_acid_E1	population_ridge	test	225	45	50	50	0.10780206762734768	0.4297059880486556	0.4591557433655489	815451.8156922858	1061929.412085971
20260607	metabolite__L_Aspartic_acid_E1	genotype_pca_ridge	test	225	45	50	50	-0.4456616352343665	0.44535994804280665	0.0935023776103675	1006483.5904395345	1351756.2033980067
20260607	metabolite__L_Aspartic_acid_E1	genotype_pca_population_ridge	test	225	45	50	50	-0.49474757284297954	0.445925178187882	0.1674590604660254	1023387.288762453	1374513.379983449
20260607	metabolite__Feruloyltryptamine_E1	mean_baseline	test	225	45	50	50	-0.002983696374379674			15104586.008888885	18229886.170771748
20260607	metabolite__Feruloyltryptamine_E1	population_ridge	test	225	45	50	50	-0.03691123854610945	0.10653933293382226	0.3366227281337172	14580513.985803127	18535649.59968398
20260607	metabolite__Feruloyltryptamine_E1	genotype_pca_ridge	test	225	45	50	50	0.14214299259207974	0.3835325865740801	0.35808782934281436	13282110.02019994	16859491.498861615
20260607	metabolite__Feruloyltryptamine_E1	genotype_pca_population_ridge	test	225	45	50	50	0.12201615624991613	0.3528156154012578	0.36653941281664243	13150939.483911524	17056121.54622147
20260607	metabolite__L_saccharopine_E1	mean_baseline	test	225	45	50	50	-0.009944696744573989			373311.7632	545581.6117455515
20260607	metabolite__L_saccharopine_E1	population_ridge	test	225	45	50	50	-0.023750987372623378	0.14011988766698186	0.19040072996436355	378956.81314436556	549298.0973918634
20260607	metabolite__L_saccharopine_E1	genotype_pca_ridge	test	225	45	50	50	-0.09321210063225571	0.016255073110211283	0.018151696324471483	406099.6521393556	567627.1279784105
20260607	metabolite__L_saccharopine_E1	genotype_pca_population_ridge	test	225	45	50	50	-0.12765960707019586	-0.013068319794612843	0.042786141336254205	413430.03930097044	576500.8341895748
20260607	agri_aa_oil__Oil_C160_C180	mean_baseline	test	309	67	64	64	-0.0022661216410830853			1.219718256619286	1.483119889574153
20260607	agri_aa_oil__Oil_C160_C180	population_ridge	test	309	67	64	64	0.16403451021503035	0.4144555147567702	0.44358974358974357	1.1085703901469022	1.3544996851581823
20260607	agri_aa_oil__Oil_C160_C180	genotype_pca_ridge	test	309	67	64	64	0.23593842847557922	0.5440882751815941	0.5058150183150182	1.0014574974853236	1.2949378121931447
20260607	agri_aa_oil__Oil_C160_C180	genotype_pca_population_ridge	test	309	67	64	64	0.3023619260488626	0.5602018912790008	0.5088827838827839	0.9707075863837241	1.2373706798407216
20260607	metabolite__L_Tyrosine_E1	mean_baseline	test	225	45	50	50	-0.03653681776489193			18668.026666666665	23739.74977271477
20260607	metabolite__L_Tyrosine_E1	population_ridge	test	225	45	50	50	-0.25180186056744525	-0.024031167930062984	-0.028716865188701198	20178.809072852095	26088.647628929313
20260607	metabolite__L_Tyrosine_E1	genotype_pca_ridge	test	225	45	50	50	0.05656160665812526	0.30301087767872603	0.30954667726817375	17146.47815993601	22648.557332265278
20260607	metabolite__L_Tyrosine_E1	genotype_pca_population_ridge	test	225	45	50	50	-0.0007294102311117268	0.23584285470960475	0.27593161768273755	17456.713899297727	23326.09834151599
20260607	metabolite__L_saccharopine_E2	mean_baseline	test	225	45	50	50	-0.05783509221609995			2382736.533333333	3139035.1588779
20260607	metabolite__L_saccharopine_E2	population_ridge	test	225	45	50	50	-0.059927974201688494	-0.09777354548534167	-0.1469133006438864	2386288.8991154702	3142138.8486501016
20260607	metabolite__L_saccharopine_E2	genotype_pca_ridge	test	225	45	50	50	-0.18294136972432362	-0.06573951297669584	0.07821283631401148	2361242.842693836	3319470.4364032885
20260607	metabolite__L_saccharopine_E2	genotype_pca_population_ridge	test	225	45	50	50	-0.21435581282730465	-0.11090138166941627	-0.022916168870874373	2358676.763410927	3363257.915955701
20260607	agri_aa_oil__AA_Arg	mean_baseline	test	296	56	60	60	-0.0141199525497544			0.8264796910135137	1.0246463616056467
20260607	agri_aa_oil__AA_Arg	population_ridge	test	296	56	60	60	0.08905978836441797	0.3564664606064084	0.4549041400388998	0.7557196222695813	0.9711230789124228
20260607	agri_aa_oil__AA_Arg	genotype_pca_ridge	test	296	56	60	60	0.18954636510172007	0.45830388947742473	0.4325090302861907	0.7100719915513546	0.9159956806261058
20260607	agri_aa_oil__AA_Arg	genotype_pca_population_ridge	test	296	56	60	60	0.2547280977776255	0.5138274519558653	0.5518199499861073	0.6746295113033919	0.8783886441636041
20260607	agri_aa_oil__Oil_C22_0P	mean_baseline	test	309	67	64	64	-0.0024051993597462573			0.03648899516525081	0.050556145775930005
20260607	agri_aa_oil__Oil_C22_0P	population_ridge	test	309	67	64	64	0.033138158598551404	0.20642295380057546	0.20018315018315017	0.03583457027991656	0.049651744553731246
20260607	agri_aa_oil__Oil_C22_0P	genotype_pca_ridge	test	309	67	64	64	0.3574684284201298	0.6105805490397886	0.6369505494505494	0.02933171243094537	0.04047618182798773
20260607	agri_aa_oil__Oil_C22_0P	genotype_pca_population_ridge	test	309	67	64	64	0.3336724088887606	0.5967413447199519	0.6299908424908425	0.029433409425342835	0.04121888128829757
20260607	metabolite__Feruloyltryptamine_E2	mean_baseline	test	225	45	50	50	-0.0003008683785836741			18697315.2	22636057.88042114
20260607	metabolite__Feruloyltryptamine_E2	population_ridge	test	225	45	50	50	0.08962638097804843	0.3069244576975769	0.4546589948592748	17650654.81411294	21594607.009543274
20260607	metabolite__Feruloyltryptamine_E2	genotype_pca_ridge	test	225	45	50	50	0.1392199836143556	0.41178520151488585	0.47343901461312826	16683646.677389994	20998175.483614862
20260607	metabolite__Feruloyltryptamine_E2	genotype_pca_population_ridge	test	225	45	50	50	0.16131435185692122	0.42423687457237186	0.4964937703211836	16460733.55012634	20726934.667848855
20260607	agri_aa_oil__Oil_C20_0P	mean_baseline	test	309	67	64	64	-0.005972512722226098			0.07511857156250001	0.09140816108165542
20260607	agri_aa_oil__Oil_C20_0P	population_ridge	test	309	67	64	64	0.091797772916691	0.306740120323173	0.3166208791208791	0.07103161178517264	0.08685267445439811
20260607	agri_aa_oil__Oil_C20_0P	genotype_pca_ridge	test	309	67	64	64	0.3499717013110526	0.6411983178156981	0.5936813186813186	0.05997149634369992	0.07347812184431815
20260607	agri_aa_oil__Oil_C20_0P	genotype_pca_population_ridge	test	309	67	64	64	0.2982371079810576	0.6248166173307316	0.5666666666666665	0.06199871914028999	0.0763461453557792
20260607	metabolite__L_Arginine_E1	mean_baseline	test	225	45	50	50	-0.053607222049952385			4316234.666666668	5241547.058212564
20260607	metabolite__L_Arginine_E1	population_ridge	test	225	45	50	50	0.08107632200887327	0.33155721065961835	0.449540184132669	3584131.4261775143	4895080.529945835
20260607	metabolite__L_Arginine_E1	genotype_pca_ridge	test	225	45	50	50	0.11200623175006585	0.40719078861566826	0.4648113921824702	3853171.8772219	4811994.017988746
20260607	metabolite__L_Arginine_E1	genotype_pca_population_ridge	test	225	45	50	50	0.12809110954511604	0.44662027846755853	0.546593993782506	3476154.9331436963	4768213.277896699
20260607	agri_aa_oil__Oil_C18_3	mean_baseline	test	309	67	64	64	-0.0018465951219386323			0.007344009861347087	0.009627607000986657
20260607	agri_aa_oil__Oil_C18_3	population_ridge	test	309	67	64	64	-0.04662172645210383	0.047871856888522024	-0.013919413919413919	0.007603379811998808	0.009840396859719542
20260607	agri_aa_oil__Oil_C18_3	genotype_pca_ridge	test	309	67	64	64	0.11655241759107815	0.40354001102317794	0.3074175824175824	0.007167086183656769	0.0090408264834436
20260607	agri_aa_oil__Oil_C18_3	genotype_pca_population_ridge	test	309	67	64	64	0.17227894693630308	0.4263177714838528	0.2869505494505494	0.006842215427070796	0.008751041463764543
20260607	metabolite__Serotonin_E2	mean_baseline	test	225	45	50	50	-0.01632409936436674			451497.76	1055015.6203886273
20260607	metabolite__Serotonin_E2	population_ridge	test	225	45	50	50	0.061486573499017094	0.3338228673376404	0.48878430388589256	425726.1060545808	1013825.0620506932
20260607	metabolite__Serotonin_E2	genotype_pca_ridge	test	225	45	50	50	0.00416789299707554	0.12449429583718039	0.2584658352211073	428952.045651076	1044325.3977595473
20260607	metabolite__Serotonin_E2	genotype_pca_population_ridge	test	225	45	50	50	0.029859905558208166	0.21043965226012906	0.3797012502179619	425763.6607045331	1030765.8098467245
20260607	metabolite__N_Coumaroyltryptamine_E2	mean_baseline	test	225	45	50	50	-0.00015614342781300472			13852316.355555557	17083675.753116213
20260607	metabolite__N_Coumaroyltryptamine_E2	population_ridge	test	225	45	50	50	0.10178306678921911	0.3335369261907014	0.46024161648250117	13274398.672259014	16189671.457463235
20260607	metabolite__N_Coumaroyltryptamine_E2	genotype_pca_ridge	test	225	45	50	50	0.002685028212214058	0.21339900217164	0.25865175378399796	14058460.593867665	17059393.45729965
20260607	metabolite__N_Coumaroyltryptamine_E2	genotype_pca_population_ridge	test	225	45	50	50	0.012886531696613579	0.26435795765681547	0.35788564855052346	13860248.438867364	16971919.18982681
20260607	metabolite__L_Phenylalanine_E1	mean_baseline	test	225	45	50	50	-0.15596585843649913			16427880.0	21414139.786598947
20260607	metabolite__L_Phenylalanine_E1	population_ridge	test	225	45	50	50	-0.21413477934936243	0.14799538722280053	0.20783212087913377	15887525.549595065	21946313.541292217
20260607	metabolite__L_Phenylalanine_E1	genotype_pca_ridge	test	225	45	50	50	-0.21377611169931465	0.09813898433411752	-0.025210689339543724	17690114.454806283	21943071.72075879
20260607	metabolite__L_Phenylalanine_E1	genotype_pca_population_ridge	test	225	45	50	50	-0.21268764047584243	0.12008167476286424	0.07519988477281044	17399637.838786677	21933230.63105323
20260607	metabolite__Malvidin_3_O_hexoside_E2	mean_baseline	test	225	45	50	50	-0.0006094457944967324			89968.90666666666	110663.42974940382
20260607	metabolite__Malvidin_3_O_hexoside_E2	population_ridge	test	225	45	50	50	0.1452444484383596	0.403697680833716	0.3928623055702354	81155.79490668401	102280.4881121372
20260607	metabolite__Malvidin_3_O_hexoside_E2	genotype_pca_ridge	test	225	45	50	50	0.09493852822541238	0.3087060280707844	0.3256160373469404	86996.26057763485	105247.27631667019
20260607	metabolite__Malvidin_3_O_hexoside_E2	genotype_pca_population_ridge	test	225	45	50	50	0.13979757806293747	0.3739746363926289	0.36831741766873266	84290.0675829216	102605.85823838333
20260607	metabolite__L_Isoleucine_E1	mean_baseline	test	225	45	50	50	-0.0696129227423592			1705220.0	2111774.826064559
20260607	metabolite__L_Isoleucine_E1	population_ridge	test	225	45	50	50	-0.12818029225172212	0.11403442332668771	0.10478294287917392	1694712.4662181137	2168820.1637569335
20260607	metabolite__L_Isoleucine_E1	genotype_pca_ridge	test	225	45	50	50	-0.07830031520108549	0.053246362450469056	0.10185363054387164	1646981.595011163	2120333.3969538934
20260607	metabolite__L_Isoleucine_E1	genotype_pca_population_ridge	test	225	45	50	50	-0.10940294675340256	0.043800213190165097	0.11256242809751772	1632558.201339217	2150695.5938252932
20260607	agri_aa_oil__Earleaflength	mean_baseline	test	321	68	70	70	-0.030647256262270384			6.047026735319982	7.638851752908988
20260607	agri_aa_oil__Earleaflength	population_ridge	test	321	68	70	70	0.207010845476984	0.494260763912006	0.44297474391288194	5.335765246360691	6.700491797230254
20260607	agri_aa_oil__Earleaflength	genotype_pca_ridge	test	321	68	70	70	0.2840567786414053	0.6327835718123779	0.6376400808579299	5.02040785482929	6.3666701008245115
20260607	agri_aa_oil__Earleaflength	genotype_pca_population_ridge	test	321	68	70	70	0.3463651471177941	0.644150495069549	0.6345782047150768	4.734062976073741	6.083319923888189
20260607	metabolite__Glutamine_E1	mean_baseline	test	225	45	50	50	-0.003161142062926947			3049185.066666667	4243550.844113663
20260607	metabolite__Glutamine_E1	population_ridge	test	225	45	50	50	-0.006901388510599071	0.14919669865140892	0.21025333324790052	2905250.2095099264	4251454.439239213
20260607	metabolite__Glutamine_E1	genotype_pca_ridge	test	225	45	50	50	0.08339120045271164	0.28949983005155444	0.3807900135501606	2925438.6959922737	4056356.0685837674
20260607	metabolite__Glutamine_E1	genotype_pca_population_ridge	test	225	45	50	50	0.13323825613065987	0.3658593012005253	0.47323808721443844	2841872.9237284185	3944517.859840846
20260607	metabolite__L_Aspartic_acid_E2	mean_baseline	test	225	45	50	50	-0.27575435797822956			4249431.11111111	5298218.318745125
20260607	metabolite__L_Aspartic_acid_E2	population_ridge	test	225	45	50	50	-0.44220484260187054	-0.03899301474897704	0.015082739645257602	4265521.196431005	5633259.974646661
20260607	metabolite__L_Aspartic_acid_E2	genotype_pca_ridge	test	225	45	50	50	-0.6527161971546378	-0.2943976951083711	-0.11571439428479478	4385249.399177344	6030390.852012773
20260607	metabolite__L_Aspartic_acid_E2	genotype_pca_population_ridge	test	225	45	50	50	-0.6702534433764287	-0.2997426148367435	-0.13766602491499455	4384923.685527157	6062301.163726965
20260607	metabolite__L_Leucine_E1	mean_baseline	test	225	45	50	50	-0.04199504651048391			5018471.111111112	6334976.760497972
20260607	metabolite__L_Leucine_E1	population_ridge	test	225	45	50	50	-0.11411023473089599	0.13783672530702046	0.1557337689079565	4971988.481668731	6550527.599102859
20260607	metabolite__L_Leucine_E1	genotype_pca_ridge	test	225	45	50	50	-0.08110126767586068	0.012341143315705697	0.0569054937267741	4811104.858621261	6452758.136962902
20260607	metabolite__L_Leucine_E1	genotype_pca_population_ridge	test	225	45	50	50	-0.11788613948743687	0.01637141445776935	0.15698232826398698	4794592.729375274	6561618.6231036605
20260607	agri_aa_oil__Tasselmainaxislength	mean_baseline	test	321	68	70	70	-0.04311391188969882			2.742232438617713	3.350863739281789
20260607	agri_aa_oil__Tasselmainaxislength	population_ridge	test	321	68	70	70	0.03895079900635512	0.2655646058666817	0.1716750212209968	2.6204492883826185	3.2163530212434845
20260607	agri_aa_oil__Tasselmainaxislength	genotype_pca_ridge	test	321	68	70	70	0.2080612135493427	0.5183705480438643	0.4541374695079691	2.2988257792815667	2.919689755134476
20260607	agri_aa_oil__Tasselmainaxislength	genotype_pca_population_ridge	test	321	68	70	70	0.21352010701401647	0.518321540968588	0.44488185533900193	2.2734823784551685	2.9096095339100776
20260607	agri_aa_oil__Plantheight	mean_baseline	test	321	68	70	70	-0.0027560486245625793			17.20513068652426	21.585874000534332
20260607	agri_aa_oil__Plantheight	population_ridge	test	321	68	70	70	0.12131545655595677	0.3548033976786869	0.22883387280202958	16.182220473181864	20.206378603392015
20260607	agri_aa_oil__Plantheight	genotype_pca_ridge	test	321	68	70	70	0.26049840201028096	0.5434468342581426	0.5249409500481148	15.27772823945805	18.537089677405763
20260607	agri_aa_oil__Plantheight	genotype_pca_population_ridge	test	321	68	70	70	0.24134058848973372	0.5380002881954133	0.5212317382556207	15.432004085268263	18.775668872381235
20260607	agri_aa_oil__Kernernumberperrow	mean_baseline	test	321	68	70	70	-0.019078148070842182			2.1311172342127276	2.581941163466817
20260607	agri_aa_oil__Kernernumberperrow	population_ridge	test	321	68	70	70	0.07068737061052943	0.32199837515131685	0.30788207505904996	2.0139580534338215	2.4656050819018653
20260607	agri_aa_oil__Kernernumberperrow	genotype_pca_ridge	test	321	68	70	70	0.1486492269355585	0.3994833572759879	0.3805966232175662	1.9888291958224016	2.3599177360281227
20260607	agri_aa_oil__Kernernumberperrow	genotype_pca_population_ridge	test	321	68	70	70	0.1787989630919392	0.43372330009056953	0.41817863703962904	1.9462275497776376	2.3177540114796504
20260607	agri_aa_oil__100grainweight	mean_baseline	test	320	68	68	68	-0.004861912570501614			1.910254752479779	2.477989823432953
20260607	agri_aa_oil__100grainweight	population_ridge	test	320	68	68	68	0.11510819458458443	0.40262709399095137	0.5061561119498289	1.7962595747371222	2.325366504598863
20260607	agri_aa_oil__100grainweight	genotype_pca_ridge	test	320	68	68	68	0.09830591050945181	0.31475474362601874	0.2998644728699601	1.9376187499589597	2.347339663797458
20260607	agri_aa_oil__100grainweight	genotype_pca_population_ridge	test	320	68	68	68	0.12735850271426086	0.3571958584639493	0.34682268811345757	1.9129366935590777	2.3092143970949177
20260607	agri_aa_oil__Earheight	mean_baseline	test	321	68	70	70	-0.010121238454234405			9.61534736980196	12.174314670406687
20260607	agri_aa_oil__Earheight	population_ridge	test	321	68	70	70	-0.03158185887302567	0.10154542756758152	0.17407051001662144	9.446089743575293	12.302960215378745
20260607	agri_aa_oil__Earheight	genotype_pca_ridge	test	321	68	70	70	0.19366784305448892	0.458104603245162	0.46986265418598544	8.627989335077547	10.877141081241318
20260607	agri_aa_oil__Earheight	genotype_pca_population_ridge	test	321	68	70	70	0.1755643026289091	0.432062870325575	0.41639401627154227	8.637221405796794	10.998568540873569
20260607	metabolite__L_Pipecolate_E1	mean_baseline	test	225	45	50	50	-0.010209141699133673			4825115.555555556	5928891.239463136
20260607	metabolite__L_Pipecolate_E1	population_ridge	test	225	45	50	50	0.021043748122111183	0.20582485418037583	0.25764779449389913	4672771.8795020655	5836459.532322847
20260607	metabolite__L_Pipecolate_E1	genotype_pca_ridge	test	225	45	50	50	0.05207739783388887	0.2412494464591786	0.25687941337332093	4515353.7082398785	5743204.437063763
20260607	metabolite__L_Pipecolate_E1	genotype_pca_population_ridge	test	225	45	50	50	0.07010254884564893	0.27812475659139463	0.28262018091269275	4397240.910356775	5688337.620024486
20260607	metabolite__3p_4p_5p_Tricetin_O_rhamnosyl_O_hexoside_E2	mean_baseline	test	225	45	50	50	-0.006181438266049			30485.7776	66264.99645037878
20260607	metabolite__3p_4p_5p_Tricetin_O_rhamnosyl_O_hexoside_E2	population_ridge	test	225	45	50	50	0.0787877262563601	0.35000799145577327	0.15802873032474318	27778.455816746646	63405.347369539275
20260607	metabolite__3p_4p_5p_Tricetin_O_rhamnosyl_O_hexoside_E2	genotype_pca_ridge	test	225	45	50	50	-0.0010541466521734044	0.2924190526831557	0.21038475344145138	30319.576461614375	66095.94448293539
20260607	metabolite__3p_4p_5p_Tricetin_O_rhamnosyl_O_hexoside_E2	genotype_pca_population_ridge	test	225	45	50	50	0.06057574624324458	0.3845580022246879	0.24895529157238414	28515.675785823576	64029.02852984412
20260607	agri_aa_oil__Oil_C220_C240	mean_baseline	test	309	67	64	64	-0.0559984992012299			0.1500491813126517	0.2894797857273914
20260607	agri_aa_oil__Oil_C220_C240	population_ridge	test	309	67	64	64	0.032979679236725956	0.29900456125703767	0.2159340659340659	0.1419886023028479	0.2770157054636982
20260607	agri_aa_oil__Oil_C220_C240	genotype_pca_ridge	test	309	67	64	64	0.10228735354899487	0.48114826803552696	0.400091575091575	0.13089775671528994	0.26690411135937203
20260607	agri_aa_oil__Oil_C220_C240	genotype_pca_population_ridge	test	309	67	64	64	0.1094818121943506	0.46065901695440575	0.357051282051282	0.13143609184450333	0.2658324469595738
20260607	agri_aa_oil__Oil_C24_0	mean_baseline	test	309	67	64	64	-0.10496661279697128			0.0020054020386326863	0.0025465465238591386
20260607	agri_aa_oil__Oil_C24_0	population_ridge	test	309	67	64	64	-0.011952633550806002	0.26407398395067183	0.24610805860805857	0.0018740571224326987	0.002437008979931336
20260607	agri_aa_oil__Oil_C24_0	genotype_pca_ridge	test	309	67	64	64	0.11860639365171255	0.43645446780193886	0.40439560439560435	0.001751612499033133	0.0022743745389988343
20260607	agri_aa_oil__Oil_C24_0	genotype_pca_population_ridge	test	309	67	64	64	0.16186257195107479	0.471597891085879	0.4317765567765567	0.0017191974677661017	0.002217862687247127
20260607	metabolite__Chrysoeriol_C_hexosyl_O_rhamnoside_E2	mean_baseline	test	225	45	50	50	-0.018173258688213956			54534.79795555555	72568.43000696259
20260607	metabolite__Chrysoeriol_C_hexosyl_O_rhamnoside_E2	population_ridge	test	225	45	50	50	0.05949192868186126	0.3898270895447998	0.30841279685182005	47126.72072174186	69745.8140506523
20260607	metabolite__Chrysoeriol_C_hexosyl_O_rhamnoside_E2	genotype_pca_ridge	test	225	45	50	50	-0.2152523797071555	0.18640987973295065	0.27262903518625303	55247.11582413565	79281.18342201284
20260607	metabolite__Chrysoeriol_C_hexosyl_O_rhamnoside_E2	genotype_pca_population_ridge	test	225	45	50	50	-0.0788602104690368	0.34760732211058976	0.29707726966648607	50517.73394708622	74699.8056984703
20260607	metabolite__N_caffeoyl_O_hexoside_spermidine_E2	mean_baseline	test	225	45	50	50	-0.054074725120944356			8594491.377777778	10432264.082226995
20260607	metabolite__N_caffeoyl_O_hexoside_spermidine_E2	population_ridge	test	225	45	50	50	-0.041021610569627054	0.13492236472465718	0.0585494733502489	8437133.745456206	10367468.987003483
20260607	metabolite__N_caffeoyl_O_hexoside_spermidine_E2	genotype_pca_ridge	test	225	45	50	50	-0.23328346287150392	-0.09490463906533941	-0.09337176061762416	8866818.19978174	11284292.276645305
20260607	metabolite__N_caffeoyl_O_hexoside_spermidine_E2	genotype_pca_population_ridge	test	225	45	50	50	-0.20966460357704353	-0.034917936127608656	-0.06844380600828931	8741601.714198584	11175716.048455447
20260607	metabolite__N_Coumaroyl_spermidine_derivative_E2	mean_baseline	test	225	45	50	50	-0.006280757430915829			193139.75893333333	324259.43118129537
20260607	metabolite__N_Coumaroyl_spermidine_derivative_E2	population_ridge	test	225	45	50	50	0.02618343509520693	0.17382209592649	0.24577920596336444	209179.60728319373	318985.99170797033
20260607	metabolite__N_Coumaroyl_spermidine_derivative_E2	genotype_pca_ridge	test	225	45	50	50	-0.2168919343318203	-0.033885406143830524	0.07012656648554078	208231.28478095343	356581.6898785842
20260607	metabolite__N_Coumaroyl_spermidine_derivative_E2	genotype_pca_population_ridge	test	225	45	50	50	-0.2249174384806505	-0.028939344664007466	0.0878503356863384	210877.14843185575	357755.6005930334
20260607	metabolite__Nalidixic_acid_E2	mean_baseline	test	225	45	50	50	-0.0007427312381933504			2011358.6293333333	4355827.822211471
20260607	metabolite__Nalidixic_acid_E2	population_ridge	test	225	45	50	50	-0.09212157792331066	-0.10161531132145943	0.04625471474354504	2096587.2173434915	4550351.819966842
20260607	metabolite__Nalidixic_acid_E2	genotype_pca_ridge	test	225	45	50	50	0.026905757458531743	0.23740121280910106	0.2799779150987789	1961908.4671320564	4295235.040012523
20260607	metabolite__Nalidixic_acid_E2	genotype_pca_population_ridge	test	225	45	50	50	-0.020292307082338645	0.1182882244619215	0.04884843706561299	2115216.3421832975	4398167.73723077
20260607	metabolite__Carpacin_E1	mean_baseline	test	225	45	50	50	-5.4113942049793806e-05			56935.82222222222	69264.519140844
20260607	metabolite__Carpacin_E1	population_ridge	test	225	45	50	50	0.10220507001202306	0.3351789031647252	0.3478699454234277	53613.882206410206	65627.77000594918
20260607	metabolite__Carpacin_E1	genotype_pca_ridge	test	225	45	50	50	0.0070422204402096344	0.09170206497679767	0.049133087694072416	55919.296891716265	69018.3328359863
20260607	metabolite__Carpacin_E1	genotype_pca_population_ridge	test	225	45	50	50	0.0550820327084286	0.24488295867645776	0.24576149533779917	54612.36068480842	67328.06400762878
20260607	metabolite__LPC1_acyl_18_3_2_E2	mean_baseline	test	225	45	50	50	-0.016846460644684758			2286098.666666667	2886497.188250454
20260607	metabolite__LPC1_acyl_18_3_2_E2	population_ridge	test	225	45	50	50	0.3643316903845867	0.6745628903035793	0.7111773195100751	1746922.3692673456	2282226.4194658147
20260607	metabolite__LPC1_acyl_18_3_2_E2	genotype_pca_ridge	test	225	45	50	50	0.07957526824994288	0.3198044738624205	0.34434892635200115	2177716.0543786716	2746234.3052497976
20260607	metabolite__LPC1_acyl_18_3_2_E2	genotype_pca_population_ridge	test	225	45	50	50	0.28797455250062687	0.5990414047800338	0.601181637916257	1860066.1606631728	2415411.923556382
20260607	metabolite__Asparagine_E1	mean_baseline	test	225	45	50	50	-1.3553498470653125e-05			2481800.0	3422534.0904072816
20260607	metabolite__Asparagine_E1	population_ridge	test	225	45	50	50	0.1563453357808735	0.43213372516704307	0.16687075324745607	2376579.5732368943	3143599.387704132
20260607	metabolite__Asparagine_E1	genotype_pca_ridge	test	225	45	50	50	0.07624070573035902	0.2776869877865998	0.18732742688297155	2432797.074218085	3289457.2759239157
20260607	metabolite__Asparagine_E1	genotype_pca_population_ridge	test	225	45	50	50	0.11565753161702552	0.3419414121844567	0.18545463281774832	2409552.2846738566	3218511.611544864
20260607	metabolite__L_Serine_E1	mean_baseline	test	225	45	50	50	-0.02526459769276901			194080.0	264580.9520312787
20260607	metabolite__L_Serine_E1	population_ridge	test	225	45	50	50	-0.02437059936731556	0.02687397333001636	0.07136339657370627	193570.46931361913	264465.5737602287
20260607	metabolite__L_Serine_E1	genotype_pca_ridge	test	225	45	50	50	0.054446669472502096	0.26190094583449974	0.27570475082748835	189280.9176199068	254087.68034732484
20260607	metabolite__L_Serine_E1	genotype_pca_population_ridge	test	225	45	50	50	0.06468377876904896	0.27800089714180193	0.3153724261773413	184930.68018464767	252708.4868320395
20260607	agri_aa_oil__AA_His	mean_baseline	test	296	56	60	60	-0.0007723714684571004			0.4293640605301802	0.5572990368327347
20260607	agri_aa_oil__AA_His	population_ridge	test	296	56	60	60	0.04241099679145943	0.2252667467323681	0.2610169491525424	0.41579322095597165	0.5451427164213049
20260607	agri_aa_oil__AA_His	genotype_pca_ridge	test	296	56	60	60	0.06850767031980165	0.2630724702941814	0.15159766601833843	0.4079199783914943	0.5376631602831167
20260607	agri_aa_oil__AA_His	genotype_pca_population_ridge	test	296	56	60	60	0.0813504291008672	0.28615225455623344	0.23167546540705755	0.40155656511296883	0.5339438358512141
20260607	agri_aa_oil__Earleafwidth	mean_baseline	test	321	68	70	70	-0.0014689000525831553			0.5904322930009345	0.7220565508232837
20260607	agri_aa_oil__Earleafwidth	population_ridge	test	321	68	70	70	0.10185455012318645	0.3228099703602096	0.39204605108005974	0.5472857898773559	0.6837948347858805
20260607	agri_aa_oil__Earleafwidth	genotype_pca_ridge	test	321	68	70	70	0.25292845379289164	0.5186633786403212	0.4409490150095802	0.4814845476639985	0.6236394455404821
20260607	agri_aa_oil__Earleafwidth	genotype_pca_population_ridge	test	321	68	70	70	0.2630570714341952	0.5235892156641714	0.4489624523905178	0.47948268053363025	0.6193974411065509
20260607	metabolite__Phenylpyruvic_acid_E2	mean_baseline	test	225	45	50	50	-0.0010684459972314375			312639.2	470773.4189607565
20260607	metabolite__Phenylpyruvic_acid_E2	population_ridge	test	225	45	50	50	-0.0061840319767128005	0.14763717103144927	0.22460253586580517	300784.93277446635	471974.74195278395
20260607	metabolite__Phenylpyruvic_acid_E2	genotype_pca_ridge	test	225	45	50	50	-0.25809207020099434	-0.007981133662157174	0.08674768600805051	342721.6332925571	527759.7432173965
20260607	metabolite__Phenylpyruvic_acid_E2	genotype_pca_population_ridge	test	225	45	50	50	-0.27430198076341283	-0.02254937540844622	0.09107066039383375	337073.9534137262	531148.8265693587
20260607	metabolite__O_Acetyl_L_serine_E1	mean_baseline	test	225	45	50	50	-0.032453565096437265			2922203.555555556	3755708.8066299194
20260607	metabolite__O_Acetyl_L_serine_E1	population_ridge	test	225	45	50	50	0.06628269039394608	0.29630693912481443	0.22730219878079333	2817322.9366262043	3571612.6574273263
20260607	metabolite__O_Acetyl_L_serine_E1	genotype_pca_ridge	test	225	45	50	50	0.02718566471088768	0.2348583776153395	0.1976227652615602	2774028.203022572	3645621.939954906
20260607	metabolite__O_Acetyl_L_serine_E1	genotype_pca_population_ridge	test	225	45	50	50	0.05990814090537577	0.2876065101768955	0.2811381938860689	2702563.9599696505	3583783.7368406192
20260607	metabolite__Feruloylserotonin_E1	mean_baseline	test	225	45	50	50	-0.02651455162954086			22734.48888888889	40107.087947306
20260607	metabolite__Feruloylserotonin_E1	population_ridge	test	225	45	50	50	-0.06711084069151041	-0.0174373198174397	0.026241178656687212	23077.394074039832	40892.469758641404
20260607	metabolite__Feruloylserotonin_E1	genotype_pca_ridge	test	225	45	50	50	-0.013243259963234388	0.13880032054861124	0.2866824737859693	21521.410904598582	39846.98230877152
20260607	metabolite__Feruloylserotonin_E1	genotype_pca_population_ridge	test	225	45	50	50	-0.017523919653168463	0.12239018331090451	0.33190765531699984	21289.929956279066	39931.0645837484
20260607	metabolite__LPC1_acyl_18_2_2_E1	mean_baseline	test	225	45	50	50	-0.014038011507132353			1497384.888888889	1824857.0084350633
20260607	metabolite__LPC1_acyl_18_2_2_E1	population_ridge	test	225	45	50	50	0.008023733084868034	0.14626278671435572	0.1539569729012977	1462632.9664789655	1804896.7512232193
20260607	metabolite__LPC1_acyl_18_2_2_E1	genotype_pca_ridge	test	225	45	50	50	-0.1305629000138886	-0.02448002221647927	-0.034047253208677505	1575520.401467662	1926855.2348597718
20260607	metabolite__LPC1_acyl_18_2_2_E1	genotype_pca_population_ridge	test	225	45	50	50	-0.13968725935075743	-0.018464987646881904	0.015414905895607163	1573227.9571963227	1934615.0812519137
20260607	metabolite__Ethyl_syringate_E2	mean_baseline	test	225	45	50	50	-0.05513386835633649			146219.32444444444	210390.15557216314
20260607	metabolite__Ethyl_syringate_E2	population_ridge	test	225	45	50	50	0.00013445580790460987	0.2554838690433173	0.28839042458047354	142153.0564493133	204805.88622421582
20260607	metabolite__Ethyl_syringate_E2	genotype_pca_ridge	test	225	45	50	50	0.057954714318204426	0.33951087742171376	0.2738844438637342	142165.06153901925	198795.94581123925
20260607	metabolite__Ethyl_syringate_E2	genotype_pca_population_ridge	test	225	45	50	50	0.14778789099788137	0.4457885152657518	0.42970365394685484	135564.52605266552	189079.95199750044
20260607	metabolite__Phenylpyruvic_acid_E1	mean_baseline	test	225	45	50	50	-0.005606998741028102			58090.64	86938.58337191863
20260607	metabolite__Phenylpyruvic_acid_E1	population_ridge	test	225	45	50	50	-0.14300515733372454	-0.028241331936566173	0.12217259817194398	60083.94797077515	92687.78646465868
20260607	metabolite__Phenylpyruvic_acid_E1	genotype_pca_ridge	test	225	45	50	50	0.058113547025805734	0.25702929323359713	0.4171829246539613	55022.00177354333	84139.0668060058
20260607	metabolite__Phenylpyruvic_acid_E1	genotype_pca_population_ridge	test	225	45	50	50	0.0355480871965429	0.22081951854566442	0.3875522276916619	55682.5551933891	85140.99181774196
20260607	metabolite__Norcinnamolaurine_E2	mean_baseline	test	225	45	50	50	-0.021989863138353716			12470101.973333335	18092247.174560018
20260607	metabolite__Norcinnamolaurine_E2	population_ridge	test	225	45	50	50	0.12047349599831536	0.4090622248496659	0.45063523751187906	11717305.884656915	16783930.941419087
20260607	metabolite__Norcinnamolaurine_E2	genotype_pca_ridge	test	225	45	50	50	-0.010196478315187774	0.06734444863260058	0.0498571068575283	12657153.925653957	17987555.35337009
20260607	metabolite__Norcinnamolaurine_E2	genotype_pca_population_ridge	test	225	45	50	50	0.0599400145497635	0.32670229603953677	0.3628329337203938	12246835.776544088	17351898.626893613
20260607	metabolite__Uracil_E1	mean_baseline	test	225	45	50	50	-0.060188288580441895			28575.133333333335	35476.39832965635
20260607	metabolite__Uracil_E1	population_ridge	test	225	45	50	50	0.24104762164504467	0.508727272067148	0.4832288891882447	24399.371857245304	30016.170555716013
20260607	metabolite__Uracil_E1	genotype_pca_ridge	test	225	45	50	50	0.12352196131854787	0.4782592478618862	0.43146294041104827	26149.283187259916	32256.596428243593
20260607	metabolite__Uracil_E1	genotype_pca_population_ridge	test	225	45	50	50	0.21332376363846095	0.5151195495820173	0.4705515139775028	24821.23441365493	30559.485414742747
20260607	agri_aa_oil__Oil_C18_0P	mean_baseline	test	309	67	64	64	-0.00036317940642960345			0.296958700829288	0.36699901976318083
20260607	agri_aa_oil__Oil_C18_0P	population_ridge	test	309	67	64	64	0.09850319579261635	0.31795989896302856	0.3441391941391941	0.2732819186427803	0.3483919815730922
20260607	agri_aa_oil__Oil_C18_0P	genotype_pca_ridge	test	309	67	64	64	0.1052033699541175	0.34764564386864155	0.2824175824175824	0.27346807052683236	0.3470948941057939
20260607	agri_aa_oil__Oil_C18_0P	genotype_pca_population_ridge	test	309	67	64	64	0.11118428063163466	0.371251322882674	0.3260531135531135	0.27022995470585054	0.3459329406046233
20260607	metabolite__IAA_E1	mean_baseline	test	225	45	50	50	-0.0035448817894705442			989934.2222222224	1159687.018398488
20260607	metabolite__IAA_E1	population_ridge	test	225	45	50	50	-0.009554062580156009	-0.03200166712953367	-0.1087233176878926	998122.1082760873	1163153.9126203454
20260607	metabolite__IAA_E1	genotype_pca_ridge	test	225	45	50	50	0.06117005035524614	0.4305402883465522	0.38187624657867575	963561.3132827507	1121671.959907122
20260607	metabolite__IAA_E1	genotype_pca_population_ridge	test	225	45	50	50	0.05674688364358915	0.37769172967259435	0.31694960103360914	968857.528309805	1124311.15571329
20260607	agri_aa_oil__Oil_C200_C201	mean_baseline	test	309	67	64	64	-0.0003403353959707811			0.19818302466656557	0.24365617015475313
20260607	agri_aa_oil__Oil_C200_C201	population_ridge	test	309	67	64	64	0.030831691018265328	0.21264116653991993	0.2580128205128205	0.1947795565074104	0.23982978911675581
20260607	agri_aa_oil__Oil_C200_C201	genotype_pca_ridge	test	309	67	64	64	0.22556565715572896	0.47735944755380405	0.40027472527472524	0.1776660348012098	0.2143857057228099
20260607	agri_aa_oil__Oil_C200_C201	genotype_pca_population_ridge	test	309	67	64	64	0.24105629795425088	0.4945830818764301	0.38708791208791204	0.1743177919119447	0.2122307476288903
20260607	metabolite__Chrysoeriol_O_hexoside_E2	mean_baseline	test	225	45	50	50	-0.06114825422291448			66868.8	107227.09575475781
20260607	metabolite__Chrysoeriol_O_hexoside_E2	population_ridge	test	225	45	50	50	-0.2685041716301029	-0.02697305975632736	0.05662824370791094	63631.95764416652	117236.39654827167
20260607	metabolite__Chrysoeriol_O_hexoside_E2	genotype_pca_ridge	test	225	45	50	50	-0.018723141694558354	0.1944077013031843	0.23924112121213267	64880.66044506118	105061.74195542606
20260607	metabolite__Chrysoeriol_O_hexoside_E2	genotype_pca_population_ridge	test	225	45	50	50	-0.04687247787531201	0.11687865580657612	0.2093179695327192	62949.13408177282	106503.38287829443
20260607	metabolite__Coumaroylserotonin_E2	mean_baseline	test	225	45	50	50	-0.02807577924883997			2219400.7182222223	4280806.237068638
20260607	metabolite__Coumaroylserotonin_E2	population_ridge	test	225	45	50	50	0.0810717524771084	0.34819695848355103	0.47638033315314615	2129453.0925654015	4047191.9989115545
20260607	metabolite__Coumaroylserotonin_E2	genotype_pca_ridge	test	225	45	50	50	0.14726444714818676	0.40219512981049604	0.13876414423063513	2219702.803960788	3898703.35743264
20260607	metabolite__Coumaroylserotonin_E2	genotype_pca_population_ridge	test	225	45	50	50	0.18143901155498665	0.4425106830421351	0.2746944066649368	2194284.99384157	3819781.564768092
20260607	agri_aa_oil__AA_Phe	mean_baseline	test	296	56	60	60	-0.006489706286579855			0.8451264270146395	1.0724934637485657
20260607	agri_aa_oil__AA_Phe	population_ridge	test	296	56	60	60	0.0024538587849507465	0.31999775123199353	0.27140872464573496	0.840768963226548	1.067717797183215
20260607	agri_aa_oil__AA_Phe	genotype_pca_ridge	test	296	56	60	60	0.23860373490047004	0.5508253372878636	0.5553209224784663	0.7516676475506399	0.9328146461940856
20260607	agri_aa_oil__AA_Phe	genotype_pca_population_ridge	test	296	56	60	60	0.2585183546450539	0.5660352475775529	0.5595443178660741	0.7490153804089822	0.9205347502162023
20260607	metabolite__N_Coumaroyl_spermidine_derivative_E1	mean_baseline	test	225	45	50	50	-0.11252433563175157			182412.08639999997	230882.09786327212
20260607	metabolite__N_Coumaroyl_spermidine_derivative_E1	population_ridge	test	225	45	50	50	-0.5205131478973026	0.12139394257118384	0.20693961008798617	215321.4292884939	269917.2185931528
20260607	metabolite__N_Coumaroyl_spermidine_derivative_E1	genotype_pca_ridge	test	225	45	50	50	-0.15083136560830845	-0.04864603143629814	0.042021851665580846	178030.31192214656	234823.38549297326
20260607	metabolite__N_Coumaroyl_spermidine_derivative_E1	genotype_pca_population_ridge	test	225	45	50	50	-0.1641556665507884	-0.025731250593878822	0.06334493982502987	178696.05855675426	236178.86342836774
20260607	agri_aa_oil__Oil_C20_1P	mean_baseline	test	309	67	64	64	-0.008142878043890578			0.044166420140624996	0.054652202757382806
20260607	agri_aa_oil__Oil_C20_1P	population_ridge	test	309	67	64	64	0.05752393703824055	0.2502110241174963	0.2856227106227106	0.042302040118048855	0.052842309700301855
20260607	agri_aa_oil__Oil_C20_1P	genotype_pca_ridge	test	309	67	64	64	0.2657890104140397	0.5418402453829592	0.600686813186813	0.03578529480625889	0.04663984173163608
20260607	agri_aa_oil__Oil_C20_1P	genotype_pca_population_ridge	test	309	67	64	64	0.254572970099775	0.5173313115580223	0.5796245421245421	0.03611914928067486	0.046994734026052934
20260607	metabolite__Pro_Leu_E1	mean_baseline	test	225	45	50	50	-0.01742048662644957			284371.3777777778	386323.2123941919
20260607	metabolite__Pro_Leu_E1	population_ridge	test	225	45	50	50	0.20679909112212358	0.45741528408059295	0.4525021658723306	261238.64858366048	341108.20508777886
20260607	metabolite__Pro_Leu_E1	genotype_pca_ridge	test	225	45	50	50	-0.2587093938341454	0.1850388414825521	0.22773989286421054	339571.47831060766	429697.9692842633
20260607	metabolite__Pro_Leu_E1	genotype_pca_population_ridge	test	225	45	50	50	0.13766459347173976	0.37415551438962713	0.4093266779590186	266311.39161403157	355662.98869735055
20260607	agri_aa_oil__cobweight	mean_baseline	test	320	68	70	70	-0.0005512950945982809			3.050022995068571	4.110811066212036
20260607	agri_aa_oil__cobweight	population_ridge	test	320	68	70	70	0.017459678374980192	0.17543594911875443	0.07931064648762139	3.0689295470921416	4.07364358631163
20260607	agri_aa_oil__cobweight	genotype_pca_ridge	test	320	68	70	70	0.09519768159179531	0.4094091367779734	0.2960195958358849	2.8942754088305387	3.909171196158397
20260607	agri_aa_oil__cobweight	genotype_pca_population_ridge	test	320	68	70	70	0.16245619913570064	0.40562476774646455	0.2983291050651736	2.7789050772644455	3.7610716067850007
20260607	metabolite__Indole_3_carboxyaldehyde_E1	mean_baseline	test	225	45	50	50	-0.005919395872405309			71067.6622222222	94878.5873773216
20260607	metabolite__Indole_3_carboxyaldehyde_E1	population_ridge	test	225	45	50	50	-0.0051083235398090565	0.06751229702873036	0.0530650468397179	71095.86901061071	94840.32938387696
20260607	metabolite__Indole_3_carboxyaldehyde_E1	genotype_pca_ridge	test	225	45	50	50	0.1262122379736943	0.37289588049791594	0.42586500938879485	65284.8306730712	88427.95830564534
20260607	metabolite__Indole_3_carboxyaldehyde_E1	genotype_pca_population_ridge	test	225	45	50	50	0.04585839444131967	0.3607590618386259	0.34902874247155624	69276.10972689792	92404.48177731404
20260607	metabolite__Ferulic_acid_E2	mean_baseline	test	225	45	50	50	-0.0013731623554829042			143884.8	218196.80657608167
20260607	metabolite__Ferulic_acid_E2	population_ridge	test	225	45	50	50	0.018287447093850884	0.16659895525068663	0.24895529157238414	142078.24890932936	216044.18847633828
20260607	metabolite__Ferulic_acid_E2	genotype_pca_ridge	test	225	45	50	50	-0.028079388370212843	0.026498476046063885	0.13016956206080668	144031.45547385386	221087.27273439078
20260607	metabolite__Ferulic_acid_E2	genotype_pca_population_ridge	test	225	45	50	50	0.016956260340984075	0.1420399977804853	0.2633171731429307	141387.96039258278	216190.61511278065
20260607	metabolite__LPC1_acyl_20_4_E1	mean_baseline	test	225	45	50	50	-0.1108823355321491			55561.27253333333	69265.8746528927
20260607	metabolite__LPC1_acyl_20_4_E1	population_ridge	test	225	45	50	50	-0.10550550819977533	0.17899439783077056	0.209757647578417	55531.93422933531	69098.04301840646
20260607	metabolite__LPC1_acyl_20_4_E1	genotype_pca_ridge	test	225	45	50	50	-0.1474523064587301	0.05530940103631073	-0.08369166790691765	57479.93696964964	70396.75068020394
20260607	metabolite__LPC1_acyl_20_4_E1	genotype_pca_population_ridge	test	225	45	50	50	-0.06913973681091456	0.2024840393800288	0.1063201269104528	55797.619357565025	67952.04445967296
20260607	metabolite__Dicoumaroylputrescine_E2	mean_baseline	test	225	45	50	50	-0.009644452538001724			13693439.111111112	16690085.8589245
20260607	metabolite__Dicoumaroylputrescine_E2	population_ridge	test	225	45	50	50	0.023487630663820314	0.20076113657592917	0.23262405500386965	13403504.213317607	16413954.058518726
20260607	metabolite__Dicoumaroylputrescine_E2	genotype_pca_ridge	test	225	45	50	50	-0.09708455132424265	0.1368685182367884	0.10149383196844447	14343071.908764893	17397802.198895797
20260607	metabolite__Dicoumaroylputrescine_E2	genotype_pca_population_ridge	test	225	45	50	50	-0.09240878145905063	0.1732358465630513	0.1603823497125585	14141381.180241948	17360687.930591576
20260607	agri_aa_oil__AA_Asp	mean_baseline	test	296	56	60	60	-0.018354795978772653			1.0229382725396396	1.2586945922462054
20260607	agri_aa_oil__AA_Asp	population_ridge	test	296	56	60	60	0.06039786636859301	0.28091284956905993	0.338260627952209	0.9790678910556977	1.2090459509441225
20260607	agri_aa_oil__AA_Asp	genotype_pca_ridge	test	296	56	60	60	0.15836118650946296	0.41567194737552676	0.34531814392886917	0.9433703821216529	1.1442836366131206
20260607	agri_aa_oil__AA_Asp	genotype_pca_population_ridge	test	296	56	60	60	0.19513553915286241	0.45621945178390716	0.4176160044456795	0.9122956191851721	1.1190054081467837
20260607	metabolite__N_Feruloylputrescine_E1	mean_baseline	test	225	45	50	50	-0.00022344935711027247			16449820.0	20011303.295827586
20260607	metabolite__N_Feruloylputrescine_E1	population_ridge	test	225	45	50	50	0.036316490281539715	0.19518668260766794	0.239669619987929	16527312.235614033	19642378.346227325
20260607	metabolite__N_Feruloylputrescine_E1	genotype_pca_ridge	test	225	45	50	50	0.05675393197037404	0.2540566004534646	0.264832288966826	15919214.748586774	19432978.046139505
20260607	metabolite__N_Feruloylputrescine_E1	genotype_pca_population_ridge	test	225	45	50	50	0.03900022121884761	0.24067938307924994	0.2109054239605258	16210330.710516708	19615008.566582035
20260607	agri_aa_oil__AA_Leu	mean_baseline	test	296	56	60	60	-0.005676832116881858			2.5126673407585582	3.042979725951627
20260607	agri_aa_oil__AA_Leu	population_ridge	test	296	56	60	60	-0.054022678228694554	-0.013296516013399741	-0.05468185607113087	2.5961051208819064	3.1152636941535072
20260607	agri_aa_oil__AA_Leu	genotype_pca_ridge	test	296	56	60	60	0.1641951309545806	0.4217465353153726	0.3663795498749653	2.349095519431814	2.774101100212765
20260607	agri_aa_oil__AA_Leu	genotype_pca_population_ridge	test	296	56	60	60	0.14475838913277173	0.389536376112712	0.2931925534870798	2.385286199058421	2.8061717459257345
20260607	agri_aa_oil__AA_Thr	mean_baseline	test	296	56	60	60	-0.0022065655379110982			0.4190939874238739	0.5291018413859201
20260607	agri_aa_oil__AA_Thr	population_ridge	test	296	56	60	60	0.03431038394716035	0.19186864723687874	0.24245623784384557	0.4134870556118188	0.5193730756030481
20260607	agri_aa_oil__AA_Thr	genotype_pca_ridge	test	296	56	60	60	0.2020553074725968	0.4741141129999084	0.4141706029452626	0.37397310910797404	0.47211418185101195
20260607	agri_aa_oil__AA_Thr	genotype_pca_population_ridge	test	296	56	60	60	0.21017576063051868	0.47438959797258967	0.4318977493748264	0.36796767335274766	0.4697057537324432
20260607	metabolite__Scopoletin_E1	mean_baseline	test	225	45	50	50	-0.0012526036755398096			114374.77333333332	145270.6472196119
20260607	metabolite__Scopoletin_E1	population_ridge	test	225	45	50	50	0.04223473401913347	0.23632598502977345	0.2563215942848199	108752.0869522941	142080.86213751454
20260607	metabolite__Scopoletin_E1	genotype_pca_ridge	test	225	45	50	50	0.01279838269469491	0.1809946139411112	0.09783156971298071	114729.77108653427	144247.7246306411
20260607	metabolite__Scopoletin_E1	genotype_pca_population_ridge	test	225	45	50	50	0.031149897178677333	0.21194441157376434	0.122853782683262	112938.27600641728	142900.69370420504
20260607	metabolite__N_N_caffeoyl_Feruloyl_spermidine_derivative_E2	mean_baseline	test	225	45	50	50	-0.0028404943430364593			1102941.4933333332	1873339.3181744493
20260607	metabolite__N_N_caffeoyl_Feruloyl_spermidine_derivative_E2	population_ridge	test	225	45	50	50	-0.11177715600941296	-0.05791111399029324	0.17576137029722436	1163145.4355928444	1972465.3841226748
20260607	metabolite__N_N_caffeoyl_Feruloyl_spermidine_derivative_E2	genotype_pca_ridge	test	225	45	50	50	-0.02743291960454397	-0.08836503034893856	0.08631953605469042	1089957.949768004	1896169.9316355656
20260607	metabolite__N_N_caffeoyl_Feruloyl_spermidine_derivative_E2	genotype_pca_population_ridge	test	225	45	50	50	-0.04015182943062556	-0.10994603003987799	0.13680469598428396	1104740.2747483838	1907870.4688416927
20260607	metabolite__N_feruloyl_O_hexoside_spermidine_E2	mean_baseline	test	225	45	50	50	-0.031140053211039076			6979729.955555555	10011816.985007957
20260607	metabolite__N_feruloyl_O_hexoside_spermidine_E2	population_ridge	test	225	45	50	50	-0.08260196684653787	-0.051732107735283285	0.04711815697833811	6972740.023794945	10258609.055994611
20260607	metabolite__N_feruloyl_O_hexoside_spermidine_E2	genotype_pca_ridge	test	225	45	50	50	-0.11238057722418882	-0.08527538041906947	-0.15912584512664033	6975452.519804725	10398741.262514021
20260607	metabolite__N_feruloyl_O_hexoside_spermidine_E2	genotype_pca_population_ridge	test	225	45	50	50	-0.11881495307756662	-0.0731015255748245	-0.0051873200343124535	6994293.484432526	10428772.770328067
20260607	metabolite__Caffeoyltryptamine_E2	mean_baseline	test	225	45	50	50	-0.031758461168535534			106698.87199999999	257041.1055867501
20260607	metabolite__Caffeoyltryptamine_E2	population_ridge	test	225	45	50	50	-0.0091265912685079	0.1387553134061862	0.37791494870427045	103686.82215684101	254206.34487763423
20260607	metabolite__Caffeoyltryptamine_E2	genotype_pca_ridge	test	225	45	50	50	-0.020473848750091506	0.30062329348809813	0.04601455526927949	106727.54596508878	255631.57796289207
20260607	metabolite__Caffeoyltryptamine_E2	genotype_pca_population_ridge	test	225	45	50	50	0.03072622233601774	0.3086064768803564	0.27901727720171665	105900.795668911	249136.17523348433
20260607	agri_aa_oil__AA_Ile	mean_baseline	test	296	56	60	60	-0.002985679552383047			0.5340476971346847	0.6692811734592121
20260607	agri_aa_oil__AA_Ile	population_ridge	test	296	56	60	60	-0.0007373464698146037	0.113005783303132	0.10386218393998334	0.5332482304897173	0.6685306087863571
20260607	agri_aa_oil__AA_Ile	genotype_pca_ridge	test	296	56	60	60	0.16017748074566718	0.4114922950081528	0.41561544873576	0.5035351955218381	0.6124279466283412
20260607	agri_aa_oil__AA_Ile	genotype_pca_population_ridge	test	296	56	60	60	0.15939796199037937	0.40758432350398355	0.42539594331758834	0.5030324403216532	0.6127121068713006
20260607	metabolite__N_Coumaroyltryptamine_E1	mean_baseline	test	225	45	50	50	-0.000711504366910809			9623331.773333333	12031930.320502695
20260607	metabolite__N_Coumaroyltryptamine_E1	population_ridge	test	225	45	50	50	-0.04511765876448037	0.09530354468016917	0.25403380743851056	9682495.735101122	12295988.683847567
20260607	metabolite__N_Coumaroyltryptamine_E1	genotype_pca_ridge	test	225	45	50	50	0.14690697200371983	0.3946826135534978	0.37034191360411983	8334735.555345449	11109104.657265013
20260607	metabolite__N_Coumaroyltryptamine_E1	genotype_pca_population_ridge	test	225	45	50	50	0.1245342358625866	0.3550679288753028	0.3542066850031104	8295951.3330295095	11253832.464371264
20260607	metabolite__Gluconolactone_E2	mean_baseline	test	225	45	50	50	-0.04811195944753166			207268.53333333335	274185.2683006263
20260607	metabolite__Gluconolactone_E2	population_ridge	test	225	45	50	50	0.2987553992083758	0.6962958666409528	0.5820784682204829	172711.5671491072	224271.99372048644
20260607	metabolite__Gluconolactone_E2	genotype_pca_ridge	test	225	45	50	50	0.06251861887813626	0.3430676550780375	0.23157289117766527	194164.39330898563	259311.39659724702
20260607	metabolite__Gluconolactone_E2	genotype_pca_population_ridge	test	225	45	50	50	0.12858669862790062	0.6811025307074923	0.570598293777118	187187.6875638482	250007.11643295753
20260607	agri_aa_oil__AA_Pro	mean_baseline	test	296	56	60	60	-0.001154490404578823			1.368003239740991	1.8085323746298405
20260607	agri_aa_oil__AA_Pro	population_ridge	test	296	56	60	60	0.013114903134695433	0.18317862884203043	0.22417338149485974	1.3554006450712779	1.7955976693327196
20260607	agri_aa_oil__AA_Pro	genotype_pca_ridge	test	296	56	60	60	0.18763303215548077	0.47427293909539114	0.36221172547929986	1.2856801435875176	1.629115462270041
20260607	agri_aa_oil__AA_Pro	genotype_pca_population_ridge	test	296	56	60	60	0.19821985452618096	0.4880202847217149	0.3836065573770493	1.2703980771390135	1.6184652774441963
20260607	metabolite__Norcinnamolaurine_E1	mean_baseline	test	225	45	50	50	-0.016444596349484808			6546329.573333334	9098985.25994332
20260607	metabolite__Norcinnamolaurine_E1	population_ridge	test	225	45	50	50	0.17459668214517288	0.47348286721837396	0.5117406962785114	5976422.836803615	8199440.35280906
20260607	metabolite__Norcinnamolaurine_E1	genotype_pca_ridge	test	225	45	50	50	0.07986926228687774	0.34710082072499804	0.2221848739495798	6300454.997344627	8657168.593484318
20260607	metabolite__Norcinnamolaurine_E1	genotype_pca_population_ridge	test	225	45	50	50	0.1572627192166942	0.45175232465149984	0.3663385354141656	6036474.480939705	8285089.591542573
20260607	metabolite__L_Valine_E1	mean_baseline	test	225	45	50	50	-0.08921388540763653			3823464.0	4902123.753116011
20260607	metabolite__L_Valine_E1	population_ridge	test	225	45	50	50	-0.1841612232261598	0.027832079993248778	0.02684596009263965	3917642.5184178515	5111320.383692213
20260607	metabolite__L_Valine_E1	genotype_pca_ridge	test	225	45	50	50	-0.0713481762979229	0.11661527935534545	0.15324768990270687	3623492.852820745	4861754.260970287
20260607	metabolite__L_Valine_E1	genotype_pca_population_ridge	test	225	45	50	50	-0.13407795032461212	0.06891560549306432	0.1118021379171111	3640921.595341619	5002062.794848653
20260607	metabolite__Cyanidin_3_O_glucoside_E2	mean_baseline	test	225	45	50	50	-0.007645447945883621			225791.9111111111	329861.55290955206
20260607	metabolite__Cyanidin_3_O_glucoside_E2	population_ridge	test	225	45	50	50	0.12327077898013106	0.4851715689653977	0.582332629711192	206028.87491399486	307688.00532699685
20260607	metabolite__Cyanidin_3_O_glucoside_E2	genotype_pca_ridge	test	225	45	50	50	-0.07160531034512418	-0.06773101333213431	-0.058747241288194973	233461.4263787002	340169.4079109967
20260607	metabolite__Cyanidin_3_O_glucoside_E2	genotype_pca_population_ridge	test	225	45	50	50	0.034994149563007504	0.19379161623659807	0.2369103794222221	218585.73298107885	322806.89219822915
20260607	agri_aa_oil__Oil_C180_C200	mean_baseline	test	309	67	64	64	-0.0026047215278557356			0.6632083803300971	0.8205546065140088
20260607	agri_aa_oil__Oil_C180_C200	population_ridge	test	309	67	64	64	0.13596684088903155	0.3783482936454735	0.2619505494505494	0.6235830529776101	0.7617418565260156
20260607	agri_aa_oil__Oil_C180_C200	genotype_pca_ridge	test	309	67	64	64	0.2953611249388639	0.6096802715190062	0.5290293040293039	0.566029253488984	0.6879009591199388
20260607	agri_aa_oil__Oil_C180_C200	genotype_pca_population_ridge	test	309	67	64	64	0.32415802764201207	0.6101849689180341	0.5202380952380952	0.5529303540466758	0.6736979021241132
20260607	metabolite__2pp_6pp_O_Diacetyloninin_E2	mean_baseline	test	225	45	50	50	-0.020033173717361352			8098764.0	11958886.279415822
20260607	metabolite__2pp_6pp_O_Diacetyloninin_E2	population_ridge	test	225	45	50	50	-0.020050722646467678	0.01687791433501725	-0.008645948771566495	8094582.987905637	11958989.150945041
20260607	metabolite__2pp_6pp_O_Diacetyloninin_E2	genotype_pca_ridge	test	225	45	50	50	0.04446170096368329	0.23209311245353897	0.041740719347173806	8280268.014252261	11574643.866576534
20260607	metabolite__2pp_6pp_O_Diacetyloninin_E2	genotype_pca_population_ridge	test	225	45	50	50	0.047427396236934816	0.23746689313210545	0.05158749433701342	8253095.682769277	11556667.85083405
20260607	metabolite__Modiolin_E1	mean_baseline	test	225	45	50	50	-0.000611752508508534			26928.421333333332	41976.38954787046
20260607	metabolite__Modiolin_E1	population_ridge	test	225	45	50	50	0.015924383424396837	0.1373944345411992	0.3145333622362122	26320.141790847927	41628.09310951146
20260607	metabolite__Modiolin_E1	genotype_pca_ridge	test	225	45	50	50	-0.01639067485529977	-0.13917832321599877	-0.11087901273334563	27364.887688608258	42306.063576129425
20260607	metabolite__Modiolin_E1	genotype_pca_population_ridge	test	225	45	50	50	0.0005390763888393213	0.05671352240027494	0.08115440949300741	27004.674251397857	41952.24354921982
20260607	agri_aa_oil__AA_Ser	mean_baseline	test	296	56	60	60	-0.0020457499327974915			0.7446124892325451	0.9451520011658754
20260607	agri_aa_oil__AA_Ser	population_ridge	test	296	56	60	60	0.0211065969686548	0.23292117748885408	0.27035287579883305	0.7351664477592749	0.9341692851453771
20260607	agri_aa_oil__AA_Ser	genotype_pca_ridge	test	296	56	60	60	0.19053773207774893	0.454716394564588	0.448235621005835	0.683496841864276	0.8494859254783054
20260607	agri_aa_oil__AA_Ser	genotype_pca_population_ridge	test	296	56	60	60	0.2013542388775197	0.4625712396602701	0.44456793553764945	0.6784988225279291	0.8437911742261233
20260607	metabolite__2pp_6pp_O_Diacetyloninin_E1	mean_baseline	test	225	45	50	50	-0.0009546728814475713			2330005.3333333335	3296739.0241334606
20260607	metabolite__2pp_6pp_O_Diacetyloninin_E1	population_ridge	test	225	45	50	50	-0.05509001350311871	0.01872306241598246	-0.06036014405762304	2430456.813269231	3384715.1045740866
20260607	metabolite__2pp_6pp_O_Diacetyloninin_E1	genotype_pca_ridge	test	225	45	50	50	0.07268849280968659	0.2839519259090433	0.18588235294117647	2336636.991324423	3173146.9707763875
20260607	metabolite__2pp_6pp_O_Diacetyloninin_E1	genotype_pca_population_ridge	test	225	45	50	50	0.06835534947736854	0.2814287584855979	0.1901080432172869	2361295.5371996094	3180552.07442453
20260607	metabolite__Chrysoeriol_di_O_hexoside_E2	mean_baseline	test	225	45	50	50	-0.029172104828744994			369438.7555555555	649081.2150620442
20260607	metabolite__Chrysoeriol_di_O_hexoside_E2	population_ridge	test	225	45	50	50	0.02516845032619508	0.2517871601843849	0.14668588319250214	355719.78689199686	631713.0162144586
20260607	metabolite__Chrysoeriol_di_O_hexoside_E2	genotype_pca_ridge	test	225	45	50	50	-0.021749681662234455	0.08821805019153812	-0.1482228669063725	378578.83822327596	646736.3820923312
20260607	metabolite__Chrysoeriol_di_O_hexoside_E2	genotype_pca_population_ridge	test	225	45	50	50	0.006711995856853004	0.18257557022851104	-0.044332373996948095	372004.84932765755	637665.0769099593
20260607	agri_aa_oil__Kernelthickness	mean_baseline	test	321	68	69	69	-0.022915231304992956			0.2256898623859768	0.27854140063861976
20260607	agri_aa_oil__Kernelthickness	population_ridge	test	321	68	69	69	0.038805382165032376	0.24243837250812386	0.23305351817806072	0.2176684429680034	0.270007356923159
20260607	agri_aa_oil__Kernelthickness	genotype_pca_ridge	test	321	68	69	69	0.14260709153589035	0.4166985635702264	0.4313600118539132	0.19213228471451319	0.2550115646898374
20260607	agri_aa_oil__Kernelthickness	genotype_pca_population_ridge	test	321	68	69	69	0.15442180236471326	0.4282985265945629	0.4421750689019191	0.19381899028798158	0.2532484644506427
20260607	metabolite__L_Proline_E2	mean_baseline	test	225	45	50	50	-0.012055086182530372			31602382.222222224	39030884.29955102
20260607	metabolite__L_Proline_E2	population_ridge	test	225	45	50	50	0.07545511309519126	0.3059086547043393	0.315789513864621	30016721.395214304	37305280.9969976
20260607	metabolite__L_Proline_E2	genotype_pca_ridge	test	225	45	50	50	-0.022452902027112476	0.1283545410765487	0.1610416020803605	31153146.188054577	39230872.861187965
20260607	metabolite__L_Proline_E2	genotype_pca_population_ridge	test	225	45	50	50	0.024643460899618996	0.23753543629650004	0.2829278027002515	30381303.48019951	38316692.617718436
20260607	metabolite__N_Feruloyl_N_methoxyagmatine_E2	mean_baseline	test	225	45	50	50	-0.005318785525526781			1710235.4844444445	2463890.27123147
20260607	metabolite__N_Feruloyl_N_methoxyagmatine_E2	population_ridge	test	225	45	50	50	0.07465597283029668	0.29434540827408423	0.3907300785104797	1624625.5526414996	2363856.325907228
20260607	metabolite__N_Feruloyl_N_methoxyagmatine_E2	genotype_pca_ridge	test	225	45	50	50	0.024070573213128332	0.21017832783386522	0.22636888260846844	1690220.2229526395	2427608.6171408785
20260607	metabolite__N_Feruloyl_N_methoxyagmatine_E2	genotype_pca_population_ridge	test	225	45	50	50	0.05503542271324646	0.30430716734574104	0.3930355540812852	1665246.5632145195	2388785.9072078606
20260607	metabolite__Sphinganine_E2	mean_baseline	test	225	45	50	50	-0.07337896686898793			232795.8222222222	301655.4321270431
20260607	metabolite__Sphinganine_E2	population_ridge	test	225	45	50	50	-0.044187468644295125	0.1063449102488486	0.06340362432482097	220117.4930542425	297525.263415392
20260607	metabolite__Sphinganine_E2	genotype_pca_ridge	test	225	45	50	50	-0.1228442544546382	-0.007971884333285682	0.01176809693907662	231423.77457462967	308527.84835613694
20260607	metabolite__Sphinganine_E2	genotype_pca_population_ridge	test	225	45	50	50	-0.06984815751766682	0.1176693160003284	0.13718238717552173	224766.55608012545	301158.8856224412
20260607	metabolite__L_Glutamic_acid_E1	mean_baseline	test	225	45	50	50	-0.009571970857369161			2647501.333333333	3073451.07945088
20260607	metabolite__L_Glutamic_acid_E1	population_ridge	test	225	45	50	50	-0.010296934646262468	-0.04441215200825405	-0.11141793813045438	2650360.7573633264	3074554.389044382
20260607	metabolite__L_Glutamic_acid_E1	genotype_pca_ridge	test	225	45	50	50	0.09788999941461363	0.35880931508269037	0.2833953676326772	2493640.3644144554	2905276.0982369976
20260607	metabolite__L_Glutamic_acid_E1	genotype_pca_population_ridge	test	225	45	50	50	0.07560141563922729	0.3237782443962463	0.2653379776598105	2543592.4509913637	2940947.679730724
20260607	metabolite__Glutathione_E1	mean_baseline	test	225	45	50	50	-0.18669472421200184			905987.2	1086190.6495229604
20260607	metabolite__Glutathione_E1	population_ridge	test	225	45	50	50	0.17065039061934906	0.5625253342075234	0.5365478876168199	778614.4203504333	908040.8285132695
20260607	metabolite__Glutathione_E1	genotype_pca_ridge	test	225	45	50	50	0.01607933487000701	0.3826770162091104	0.37032946306957554	830286.9412825753	989046.2373539552
20260607	metabolite__Glutathione_E1	genotype_pca_population_ridge	test	225	45	50	50	0.1379574325972761	0.5033648045965518	0.4578330659372668	807033.8880119679	925765.3246979926
20260607	metabolite__LPC1_acyl_16_0_1_E1	mean_baseline	test	225	45	50	50	-0.0004620257816891904			2769742.577777778	3479063.1328208297
20260607	metabolite__LPC1_acyl_16_0_1_E1	population_ridge	test	225	45	50	50	-0.019948010844144326	0.14708893731946426	0.15973106130253933	2821683.7709528226	3512780.578300684
20260607	metabolite__LPC1_acyl_16_0_1_E1	genotype_pca_ridge	test	225	45	50	50	-0.043613377308822754	0.10412329606484279	0.07434265871807903	2841795.011232933	3553299.5751815024
20260607	metabolite__LPC1_acyl_16_0_1_E1	genotype_pca_population_ridge	test	225	45	50	50	-0.061833534051946026	0.09381855966981588	0.058974667251809464	2880193.113986829	3584183.396718435
20260607	metabolite__Malvidin_di_O_hexoside_E2	mean_baseline	test	225	45	50	50	-0.042129875143053			272276.85866666667	315695.2812534123
20260607	metabolite__Malvidin_di_O_hexoside_E2	population_ridge	test	225	45	50	50	-0.045327652615222425	0.04495184745125886	0.16172338997042177	271978.39127036097	316179.2660414022
20260607	metabolite__Malvidin_di_O_hexoside_E2	genotype_pca_ridge	test	225	45	50	50	-0.06636453601949643	0.10082991145421065	0.1144600054349614	265053.1349546429	319344.92153570225
20260607	metabolite__Malvidin_di_O_hexoside_E2	genotype_pca_population_ridge	test	225	45	50	50	-0.04585910207332433	0.1380758777561785	0.18727635803227635	258261.82734658892	316259.62933581
20260607	metabolite__L_Methionine_E2	mean_baseline	test	225	45	50	50	-0.0007833433682200575			1518610.6666666665	2511081.9363064286
20260607	metabolite__L_Methionine_E2	population_ridge	test	225	45	50	50	0.0008845193499205095	0.1007312634866919	0.08935220402382812	1516661.5324138221	2508988.632910247
20260607	metabolite__L_Methionine_E2	genotype_pca_ridge	test	225	45	50	50	0.0028929457402574466	0.20110612230957647	0.32945022322334044	1509254.3840948122	2506465.5742426403
20260607	metabolite__L_Methionine_E2	genotype_pca_population_ridge	test	225	45	50	50	0.004411759763262357	0.20725392893146607	0.317728751297634	1507608.1469961023	2504555.896730464
20260607	agri_aa_oil__Eardiameter	mean_baseline	test	321	68	70	70	-0.0014743171579407743			0.2582315647554517	0.3400298297152586
20260607	agri_aa_oil__Eardiameter	population_ridge	test	321	68	70	70	0.09108765011836051	0.3170153596717243	0.3085469337765725	0.2497120949165303	0.3239351771968374
20260607	agri_aa_oil__Eardiameter	genotype_pca_ridge	test	321	68	70	70	0.1939221028532775	0.4520421107384006	0.29248534686379146	0.24392069475151032	0.3050602460786332
20260607	agri_aa_oil__Eardiameter	genotype_pca_population_ridge	test	321	68	70	70	0.22684915132438732	0.48410830401621535	0.33909544221852855	0.23640466435200314	0.29876466243474203
20260608	agri_aa_oil__Oil_OIL	mean_baseline	test	308	64	68	68	-0.03207654634776946			1.148267316287242	1.9066247941133334
20260608	agri_aa_oil__Oil_OIL	population_ridge	test	308	64	68	68	0.318121037060657	0.6446498662647914	0.3501927701645226	1.0434144540646961	1.5497545778094801
20260608	agri_aa_oil__Oil_OIL	genotype_pca_ridge	test	308	64	68	68	0.8531411343252235	0.9302819700183237	0.6383173645837309	0.5735428456563355	0.7192160435123726
20260608	agri_aa_oil__Oil_OIL	genotype_pca_population_ridge	test	308	64	68	68	0.8238067221968607	0.9287962276680648	0.6306447303126311	0.6117901919917724	0.7877781834871369
20260608	agri_aa_oil__Oil_C18_2	mean_baseline	test	308	64	68	68	-0.020078753896106027			0.49839658378304047	0.8586210257953454
20260608	agri_aa_oil__Oil_C18_2	population_ridge	test	308	64	68	68	0.30137149648217987	0.6022695155618657	0.07886399206015955	0.4973233899450155	0.7105715553185745
20260608	agri_aa_oil__Oil_C18_2	genotype_pca_ridge	test	308	64	68	68	0.7375360132054427	0.8794636332602949	0.47810818032599145	0.3204502856413499	0.4355314576888792
20260608	agri_aa_oil__Oil_C18_2	genotype_pca_population_ridge	test	308	64	68	68	0.7458702598063869	0.8820535242931599	0.47765011260831386	0.3175871833276903	0.4285607706670333
20260608	agri_aa_oil__Oil_C18_1	mean_baseline	test	308	64	68	68	-0.033263218107486114			0.5945598882065508	0.8579939421755493
20260608	agri_aa_oil__Oil_C18_1	population_ridge	test	308	64	68	68	0.3042342677010508	0.6335286406328807	0.5259762568233003	0.509360517090912	0.7040609450662035
20260608	agri_aa_oil__Oil_C18_1	genotype_pca_ridge	test	308	64	68	68	0.805142072161833	0.8991077064344096	0.6902698782303317	0.27659399116963385	0.37259564685850405
20260608	agri_aa_oil__Oil_C18_1	genotype_pca_population_ridge	test	308	64	68	68	0.7724083538620538	0.8892607047601865	0.6792380806962629	0.30639490657728835	0.4026770656375569
20260608	agri_aa_oil__Oil_C20_0	mean_baseline	test	308	64	68	68	-0.023138698749016307			0.007257261819709701	0.010465393865829297
20260608	agri_aa_oil__Oil_C20_0	population_ridge	test	308	64	68	68	0.24829428731993897	0.5602037141030504	0.44409665228842987	0.006309085233872087	0.00897040904977967
20260608	agri_aa_oil__Oil_C20_0	genotype_pca_ridge	test	308	64	68	68	0.6552897802752025	0.8255984031384491	0.643814177195862	0.004529118989845239	0.006074568049422438
20260608	agri_aa_oil__Oil_C20_0	genotype_pca_population_ridge	test	308	64	68	68	0.6514685748617245	0.8190138115614622	0.6367141275718592	0.00455769015329744	0.0061081443648251825
20260608	agri_aa_oil__Oil_C20_1	mean_baseline	test	308	64	68	68	-0.03043754721479397			0.004748144470588235	0.007143659768328478
20260608	agri_aa_oil__Oil_C20_1	population_ridge	test	308	64	68	68	0.27553094303321946	0.6294965785840603	0.49650723365270827	0.004161657128860168	0.005989903766043642
20260608	agri_aa_oil__Oil_C20_1	genotype_pca_ridge	test	308	64	68	68	0.714605929559651	0.8562866550969008	0.5901820819177768	0.0029213609284352167	0.0037595199817070084
20260608	agri_aa_oil__Oil_C20_1	genotype_pca_population_ridge	test	308	64	68	68	0.7131674314942678	0.8536587934879805	0.5974729930908119	0.0029471410420849058	0.003768982800334971
20260608	agri_aa_oil__Oil_C16_0	mean_baseline	test	308	64	68	68	-0.055748657187994155			0.14298249025840337	0.20663306166212655
20260608	agri_aa_oil__Oil_C16_0	population_ridge	test	308	64	68	68	0.1886941399143487	0.5323631883140139	0.37385960224453174	0.1366772492177359	0.1811389509515599
20260608	agri_aa_oil__Oil_C16_0	genotype_pca_ridge	test	308	64	68	68	0.5897743076961333	0.7826681864152529	0.584150856968355	0.10332016968070878	0.12880448042500436
20260608	agri_aa_oil__Oil_C16_0	genotype_pca_population_ridge	test	308	64	68	68	0.5875622626202779	0.781459395929218	0.5851433370233232	0.10432899752521788	0.12915128739173704
20260608	agri_aa_oil__Oil_C18_0	mean_baseline	test	308	64	68	68	-0.010881173449101222			0.03282482306684492	0.05243286417351318
20260608	agri_aa_oil__Oil_C18_0	population_ridge	test	308	64	68	68	0.258470809440391	0.5456826711923098	0.4360041226094591	0.02915525500572434	0.044907373342753416
20260608	agri_aa_oil__Oil_C18_0	genotype_pca_ridge	test	308	64	68	68	0.6472473257887891	0.8219347825689048	0.589953048058938	0.021139960219099512	0.030973386020170784
20260608	agri_aa_oil__Oil_C18_0	genotype_pca_population_ridge	test	308	64	68	68	0.6407669562320892	0.811749129719132	0.5712486162537695	0.02165397893790527	0.03125659509121313
20260608	agri_aa_oil__kernellength	mean_baseline	test	320	69	69	69	-0.010853289115889453			0.6589092700255885	0.8366718799337897
20260608	agri_aa_oil__kernellength	population_ridge	test	320	69	69	69	0.28999056514676336	0.5497774616638638	0.5546999881487167	0.5703985815449479	0.7012020360708265
20260608	agri_aa_oil__kernellength	genotype_pca_ridge	test	320	69	69	69	0.31927966836225996	0.5702352292242082	0.557641191484639	0.5677480474374351	0.6865868317161832
20260608	agri_aa_oil__kernellength	genotype_pca_population_ridge	test	320	69	69	69	0.33934438734996	0.5890299843407728	0.5854638789418415	0.5653247317240875	0.6763923281206626
20260608	agri_aa_oil__Oil_C16_1	mean_baseline	test	308	64	68	68	-0.03605445479306213			0.0019799244264705885	0.0025780923200379824
20260608	agri_aa_oil__Oil_C16_1	population_ridge	test	308	64	68	68	0.08251621417422317	0.33682703497175287	0.42501049738519675	0.0017840240342419625	0.002426087012255316
20260608	agri_aa_oil__Oil_C16_1	genotype_pca_ridge	test	308	64	68	68	0.5412717914945464	0.7404884691969754	0.6355689582776652	0.0012910739328347693	0.0017154769909468427
20260608	agri_aa_oil__Oil_C16_1	genotype_pca_population_ridge	test	308	64	68	68	0.5454248371564387	0.7438489354048146	0.6535099438867045	0.0012776842871179907	0.001707693893386059
20260608	agri_aa_oil__Oil_C200_C220	mean_baseline	test	308	64	68	68	-0.026194353095809753			0.34143367563187554	0.46283576080454647
20260608	agri_aa_oil__Oil_C200_C220	population_ridge	test	308	64	68	68	0.13892056393219065	0.3961192448423207	0.34137496659922895	0.3220282682705217	0.4239686124274193
20260608	agri_aa_oil__Oil_C200_C220	genotype_pca_ridge	test	308	64	68	68	0.5283257107284911	0.7285262786235059	0.5868610909646143	0.23144848220623013	0.31378573680609223
20260608	agri_aa_oil__Oil_C200_C220	genotype_pca_population_ridge	test	308	64	68	68	0.5026035308640169	0.7110555745427661	0.559186166354926	0.2384836606065086	0.3222281262588778
20260608	agri_aa_oil__Oil_C182_C183	mean_baseline	test	308	64	68	68	-0.007124971804237656			6.6179110434062265	9.634816475049345
20260608	agri_aa_oil__Oil_C182_C183	population_ridge	test	308	64	68	68	0.2864732342412911	0.5456747648259141	0.2216666030461503	6.306749043297033	8.109739401823514
20260608	agri_aa_oil__Oil_C182_C183	genotype_pca_ridge	test	308	64	68	68	0.5434668368580282	0.7465102486102088	0.519563308775814	5.125020352517015	6.486910853860311
20260608	agri_aa_oil__Oil_C182_C183	genotype_pca_population_ridge	test	308	64	68	68	0.521911086240259	0.7366202720722702	0.4663511089055999	5.272535518915126	6.638288163299118
20260608	agri_aa_oil__Oil_C18_3P	mean_baseline	test	308	64	68	68	-0.0014466415975982194			0.2659266266176471	0.3283211511275861
20260608	agri_aa_oil__Oil_C18_3P	population_ridge	test	308	64	68	68	0.23352153199700898	0.5057523326890871	0.49578195976638545	0.23097563783823988	0.28723339674609955
20260608	agri_aa_oil__Oil_C18_3P	genotype_pca_ridge	test	308	64	68	68	0.47270799880697	0.6912731768753044	0.711989922510211	0.18808861112452646	0.23823773211887875
20260608	agri_aa_oil__Oil_C18_3P	genotype_pca_population_ridge	test	308	64	68	68	0.4427331073688159	0.6728687254986027	0.7028667404664656	0.18910751024787129	0.24491567168521022
20260608	metabolite__L_Threonine_E1	mean_baseline	test	220	49	51	51	-0.04185844880950884			316810.1604278075	381362.62726480595
20260608	metabolite__L_Threonine_E1	population_ridge	test	220	49	51	51	-0.18502180924607536	-0.004156829123792405	0.04199475082816426	315277.45625374804	406721.3248019792
20260608	metabolite__L_Threonine_E1	genotype_pca_ridge	test	220	49	51	51	0.18760890475455383	0.5103286565935483	0.5430355710538483	263082.3216116457	336756.78065547236
20260608	metabolite__L_Threonine_E1	genotype_pca_population_ridge	test	220	49	51	51	0.1754139148446786	0.46461838563839614	0.5011313261541929	260118.31743277446	339274.93252929155
20260608	metabolite__L_Proline_E1	mean_baseline	test	220	49	51	51	-0.0006456665907335069			14278689.839572193	18434368.042079475
20260608	metabolite__L_Proline_E1	population_ridge	test	220	49	51	51	-0.04618868701908929	0.0735594979395834	0.052672066663275695	14927861.833234603	18849207.883107018
20260608	metabolite__L_Proline_E1	genotype_pca_ridge	test	220	49	51	51	0.04876316149860349	0.23313352534899895	0.1621792842965465	14090632.679342456	17973490.434592
20260608	metabolite__L_Proline_E1	genotype_pca_population_ridge	test	220	49	51	51	0.013102045387922368	0.21269401984429648	0.18643377547482465	14578192.573872484	18307296.650981586
20260608	metabolite__Trigonelline_E1	mean_baseline	test	220	49	51	51	-0.010691945269706515			1801438.137254902	2667631.8053860716
20260608	metabolite__Trigonelline_E1	population_ridge	test	220	49	51	51	0.141747523987224	0.46614217507622274	0.18434806222053512	1776408.7060143217	2458238.5045667705
20260608	metabolite__Trigonelline_E1	genotype_pca_ridge	test	220	49	51	51	0.31990593387612654	0.583742150892669	0.4316839748610469	1687667.8436919802	2188270.356715986
20260608	metabolite__Trigonelline_E1	genotype_pca_population_ridge	test	220	49	51	51	0.3611994449408089	0.6151706030437293	0.4420914501459568	1643229.8293324958	2120797.129261604
20260608	agri_aa_oil__Earlength	mean_baseline	test	320	69	70	70	-0.006138486168405288			0.9953584762889284	1.3021328175670381
20260608	agri_aa_oil__Earlength	population_ridge	test	320	69	70	70	0.020041771753870674	0.16017538368562628	0.10104102878138395	0.9920109682435321	1.2850800621306206
20260608	agri_aa_oil__Earlength	genotype_pca_ridge	test	320	69	70	70	0.13141235872548773	0.3997336117611356	0.4354649636952148	0.8929386385630896	1.2098547295082278
20260608	agri_aa_oil__Earlength	genotype_pca_population_ridge	test	320	69	70	70	0.12764958864534082	0.39157199796336334	0.4178287113988277	0.8935174106620325	1.2124724765803458
20260608	metabolite__Benzamidine_E1	mean_baseline	test	220	49	51	51	-0.16797400432408693			197833.68983957218	231456.43261598804
20260608	metabolite__Benzamidine_E1	population_ridge	test	220	49	51	51	-0.30363184118233155	0.27087478812670107	0.28674856904554025	195171.15488449737	244528.87316782697
20260608	metabolite__Benzamidine_E1	genotype_pca_ridge	test	220	49	51	51	-0.18755465187314857	0.12260753247784291	0.16208511508933648	204176.4912244904	233388.50892142247
20260608	metabolite__Benzamidine_E1	genotype_pca_population_ridge	test	220	49	51	51	-0.08530507788792208	0.25468746837105216	0.28290232817937794	195772.07264435617	223114.9051760184
20260608	agri_aa_oil__Oil_C16_0P	mean_baseline	test	308	64	68	68	-0.0033907069882905816			1.3673503413388075	1.7899802057498138
20260608	agri_aa_oil__Oil_C16_0P	population_ridge	test	308	64	68	68	0.127704534096305	0.3638719748253394	0.25201358934229107	1.3102268180336234	1.6689564286704195
20260608	agri_aa_oil__Oil_C16_0P	genotype_pca_ridge	test	308	64	68	68	0.4701061983488166	0.6867946079616413	0.6386990876817956	0.9835386628906392	1.3007912620486661
20260608	agri_aa_oil__Oil_C16_0P	genotype_pca_population_ridge	test	308	64	68	68	0.3653123776777948	0.627898020319632	0.5480398518914379	1.0933699349373038	1.4236171315722161
20260608	agri_aa_oil__Oil_C22_0	mean_baseline	test	308	64	68	68	-0.012571412008920202			0.002169572884262796	0.002643258285233378
20260608	agri_aa_oil__Oil_C22_0	population_ridge	test	308	64	68	68	0.12492881213616591	0.4102480551424881	0.3839370920334389	0.0019921829277769684	0.0024572450204255725
20260608	agri_aa_oil__Oil_C22_0	genotype_pca_ridge	test	308	64	68	68	0.28823072709398556	0.5517096327351813	0.5223498873916861	0.0016809606898800296	0.00221613589989097
20260608	agri_aa_oil__Oil_C22_0	genotype_pca_population_ridge	test	308	64	68	68	0.29517413379120006	0.5576532270860606	0.539298392945757	0.0016983592808329751	0.0022053000542930122
20260608	metabolite__Glu_Glu_E2	mean_baseline	test	220	49	51	51	-0.09507864559607038			1949469.6078431373	2599424.064897197
20260608	metabolite__Glu_Glu_E2	population_ridge	test	220	49	51	51	-0.09796163572190952	-0.1601045301168133	-0.16003990463271747	1946959.9591070903	2602843.5398480524
20260608	metabolite__Glu_Glu_E2	genotype_pca_ridge	test	220	49	51	51	-0.10528083929401588	-0.06068659852212239	0.02884703430985881	1939622.180715772	2611504.6340100593
20260608	metabolite__Glu_Glu_E2	genotype_pca_population_ridge	test	220	49	51	51	-0.11485835087273988	-0.11785044906896228	-0.13006072611917502	1929459.1345871638	2622794.871482764
20260608	agri_aa_oil__Oil_SFA_USFA	mean_baseline	test	308	64	68	68	-0.0004808338470616569			0.022244196602368222	0.027497885450617883
20260608	agri_aa_oil__Oil_SFA_USFA	population_ridge	test	308	64	68	68	0.08099977780545076	0.3099925942957548	0.2397221055846089	0.021137004645426994	0.026354374923172132
20260608	agri_aa_oil__Oil_SFA_USFA	genotype_pca_ridge	test	308	64	68	68	0.4026562212175966	0.6374940121460179	0.5736916440813833	0.016895984515745623	0.02124746313020656
20260608	agri_aa_oil__Oil_SFA_USFA	genotype_pca_population_ridge	test	308	64	68	68	0.32692056471246655	0.5821587952660631	0.492308279573997	0.017498185594627236	0.022554233519090545
20260608	metabolite__Np_Npp_Feruloyl_caffeoyl_spermidine_derivative_E2	mean_baseline	test	220	49	51	51	-8.784046964516179e-05			1442090.9536541887	2989138.7310154517
20260608	metabolite__Np_Npp_Feruloyl_caffeoyl_spermidine_derivative_E2	population_ridge	test	220	49	51	51	-0.005758946562020029	0.02581969791223529	0.01915544584300563	1410009.7570212602	2997601.867170168
20260608	metabolite__Np_Npp_Feruloyl_caffeoyl_spermidine_derivative_E2	genotype_pca_ridge	test	220	49	51	51	-0.01998791612328832	0.002954537288234517	0.24571500979704147	1329174.54245701	3018731.674733742
20260608	metabolite__Np_Npp_Feruloyl_caffeoyl_spermidine_derivative_E2	genotype_pca_population_ridge	test	220	49	51	51	-0.023790572886610795	-0.0012749932523584313	0.2036907692714878	1331393.3668472278	3024353.565504144
20260608	metabolite__5_Hydroxyindoleacetic_acid_E1	mean_baseline	test	220	49	51	51	-0.04398954858458448			3254885.026737968	3880027.50252015
20260608	metabolite__5_Hydroxyindoleacetic_acid_E1	population_ridge	test	220	49	51	51	-0.05209240586917607	0.22044698288002107	0.20493676332763958	3291507.0402327813	3895055.689924216
20260608	metabolite__5_Hydroxyindoleacetic_acid_E1	genotype_pca_ridge	test	220	49	51	51	0.339884678352223	0.7218645265799014	0.6107377996540408	2567969.9583714376	3085294.5716063357
20260608	metabolite__5_Hydroxyindoleacetic_acid_E1	genotype_pca_population_ridge	test	220	49	51	51	0.33494398464432984	0.6584405917993512	0.5469807010608317	2675021.8541006176	3096819.1328359554
20260608	metabolite__DIMBOA_glucoside_E1	mean_baseline	test	220	49	51	51	-0.006753628696672731			331018.738057041	482691.74141560635
20260608	metabolite__DIMBOA_glucoside_E1	population_ridge	test	220	49	51	51	0.030041533764629036	0.19147243804261624	0.11497997695198324	332779.0189837753	473788.84959757957
20260608	metabolite__DIMBOA_glucoside_E1	genotype_pca_ridge	test	220	49	51	51	-0.03444912236340225	0.11365480663110034	0.10113350983379873	353862.28831652284	489286.050536658
20260608	metabolite__DIMBOA_glucoside_E1	genotype_pca_population_ridge	test	220	49	51	51	-0.0128822351744462	0.16112085641578225	0.14746939979791948	353359.1706882557	484158.70376465796
20260608	agri_aa_oil__Oil_C18_1P	mean_baseline	test	308	64	68	68	-0.015249903109737284			5.528576187564935	6.477749703455581
20260608	agri_aa_oil__Oil_C18_1P	population_ridge	test	308	64	68	68	0.13296166160468303	0.3934373816237014	0.2836584341718517	4.863397300947435	5.986277366382001
20260608	agri_aa_oil__Oil_C18_1P	genotype_pca_ridge	test	308	64	68	68	0.31332633766135665	0.5819020347958678	0.5678131083711875	3.9434668800931223	5.327370234222287
20260608	agri_aa_oil__Oil_C18_1P	genotype_pca_population_ridge	test	308	64	68	68	0.3088810891047651	0.5845487740829677	0.5721265793793182	3.9503996432884936	5.344586041087881
20260608	agri_aa_oil__Oil_C18_2P	mean_baseline	test	308	64	68	68	-0.02120640135294738			4.815452426875478	5.884199299786
20260608	agri_aa_oil__Oil_C18_2P	population_ridge	test	308	64	68	68	0.11525056562002456	0.36822855348989975	0.3399244188265832	4.2615446979641645	5.476974975107515
20260608	agri_aa_oil__Oil_C18_2P	genotype_pca_ridge	test	308	64	68	68	0.14067359315499695	0.4639123790054841	0.40638241019964116	3.952925484489491	5.397711751213105
20260608	agri_aa_oil__Oil_C18_2P	genotype_pca_population_ridge	test	308	64	68	68	0.13567279861497494	0.4746459913521034	0.42520135893422906	3.9491618737178498	5.413394785220397
20260608	agri_aa_oil__Silkingtime	mean_baseline	test	320	69	70	70	-0.0003173007777594883			2.6250298214285714	3.4918047418136076
20260608	agri_aa_oil__Silkingtime	population_ridge	test	320	69	70	70	0.21458190497061713	0.4677294722222679	0.43442580162084055	2.40849002238766	3.0940798084470638
20260608	agri_aa_oil__Silkingtime	genotype_pca_ridge	test	320	69	70	70	0.2361254040890236	0.5126277259187982	0.5209714984354649	2.2054524964035864	3.0513504799904307
20260608	agri_aa_oil__Silkingtime	genotype_pca_population_ridge	test	320	69	70	70	0.24356654257461285	0.5231865092340535	0.5301580109360062	2.1954386252558895	3.0364520346418975
20260608	metabolite__Pyroglutamic_acid_E1	mean_baseline	test	220	49	51	51	-0.0016325030622650338			63736.64884135471	92323.916554943
20260608	metabolite__Pyroglutamic_acid_E1	population_ridge	test	220	49	51	51	-0.09218428937451373	-0.1329045855299763	-0.09779608181725721	68000.34256930188	96406.86884756152
20260608	metabolite__Pyroglutamic_acid_E1	genotype_pca_ridge	test	220	49	51	51	-0.053457801742343936	0.05456901936917684	-0.008100647221327646	67754.21083303899	94682.25378901673
20260608	metabolite__Pyroglutamic_acid_E1	genotype_pca_population_ridge	test	220	49	51	51	-0.11948446869864848	-0.0034952169504566455	-0.030049328240008697	70114.60635746138	97604.32259550023
20260608	agri_aa_oil__Pollenshed	mean_baseline	test	320	69	70	70	-0.00011774490832539009			2.820596546428572	3.675677973112937
20260608	agri_aa_oil__Pollenshed	population_ridge	test	320	69	70	70	0.36301742620305577	0.6029177287261542	0.5815703418491921	2.34453212813304	2.9334295661231176
20260608	agri_aa_oil__Pollenshed	genotype_pca_ridge	test	320	69	70	70	0.30252573196360255	0.5595055780420009	0.5663989416270393	2.271943664570612	3.0695589915077157
20260608	agri_aa_oil__Pollenshed	genotype_pca_population_ridge	test	320	69	70	70	0.32925444920576974	0.5836256692684897	0.5774231424805067	2.2190461894506317	3.010168380922022
20260608	agri_aa_oil__Oil_C24_0P	mean_baseline	test	308	64	68	68	-0.036766269687176			0.06680270295206264	0.07755406744867645
20260608	agri_aa_oil__Oil_C24_0P	population_ridge	test	308	64	68	68	0.15466494871372383	0.41821437943589324	0.4500133603084322	0.059214434116236114	0.07002910709140046
20260608	agri_aa_oil__Oil_C24_0P	genotype_pca_ridge	test	308	64	68	68	0.4578363097803245	0.6831185622243405	0.7081345192197579	0.04393049956744083	0.05608275822599852
20260608	agri_aa_oil__Oil_C24_0P	genotype_pca_population_ridge	test	308	64	68	68	0.46163154357288827	0.6871455597977355	0.7183265259380844	0.04370999379284191	0.055886119292292584
20260608	metabolite__Coumaroylserotonin_E1	mean_baseline	test	220	49	51	51	-0.028957234666605602			454415.31194295903	559944.5807759749
20260608	metabolite__Coumaroylserotonin_E1	population_ridge	test	220	49	51	51	-0.04033508162230626	0.18990637573184066	0.2709502262443439	440631.67443061905	563031.9046543059
20260608	metabolite__Coumaroylserotonin_E1	genotype_pca_ridge	test	220	49	51	51	-0.262688298004502	0.021467334743619042	0.02669683257918552	454903.22010020947	620289.5449281019
20260608	metabolite__Coumaroylserotonin_E1	genotype_pca_population_ridge	test	220	49	51	51	-0.25763954116287247	0.059880308162484436	0.11972850678733031	446636.7913220543	619048.2141039886
20260608	metabolite__N_caffeoyl_O_hexoside_spermidine_E1	mean_baseline	test	220	49	51	51	-0.00025806244002146705			564658.1016042781	1045710.8601918247
20260608	metabolite__N_caffeoyl_O_hexoside_spermidine_E1	population_ridge	test	220	49	51	51	0.28474809053336747	0.7502860578401137	0.3742986425339366	489563.357343009	884270.4270823628
20260608	metabolite__N_caffeoyl_O_hexoside_spermidine_E1	genotype_pca_ridge	test	220	49	51	51	0.12750096709288383	0.8281571531555999	0.2776470588235294	539453.1538715671	976648.0003463246
20260608	metabolite__N_caffeoyl_O_hexoside_spermidine_E1	genotype_pca_population_ridge	test	220	49	51	51	0.15800556611955874	0.8416327213184228	0.37303167420814476	530957.059648764	959423.1609655474
20260608	agri_aa_oil__Headingdate	mean_baseline	test	320	69	70	70	-0.0005704616609165658			3.0485215741071428	3.8680099598489632
20260608	agri_aa_oil__Headingdate	population_ridge	test	320	69	70	70	0.3345014621515403	0.5800438011529692	0.5589998023856241	2.5275186983216362	3.154549144586131
20260608	agri_aa_oil__Headingdate	genotype_pca_ridge	test	320	69	70	70	0.3297224710397364	0.5840572324250274	0.5623419723679585	2.435300897015902	3.16585540113376
20260608	agri_aa_oil__Headingdate	genotype_pca_population_ridge	test	320	69	70	70	0.3934424230028414	0.6673728576900606	0.645021308318377	2.3109312508727085	3.0116171453335148
20260608	metabolite__Tryptamine_E1	mean_baseline	test	220	49	51	51	-0.11369712036722124			1475301.7468805704	1883301.862504
20260608	metabolite__Tryptamine_E1	population_ridge	test	220	49	51	51	-0.10317451793939059	0.2802430008335407	0.3321869771263805	1500739.0168036092	1874383.6975477706
20260608	metabolite__Tryptamine_E1	genotype_pca_ridge	test	220	49	51	51	-0.18091325279513892	0.1789324094778929	0.0409068284051557	1494962.669895859	1939301.734052622
20260608	metabolite__Tryptamine_E1	genotype_pca_population_ridge	test	220	49	51	51	-0.1758045257410381	0.2137571516022138	0.115299334929576	1516519.0958097475	1935102.3987218598
20260608	agri_aa_oil__Oil_C181_C182	mean_baseline	test	308	64	68	68	-0.014135730541639635			0.17322784032715813	0.21005079906548618
20260608	agri_aa_oil__Oil_C181_C182	population_ridge	test	308	64	68	68	0.12284321989503355	0.37099192526452396	0.3048058938046341	0.14745990802883177	0.19535067140452936
20260608	agri_aa_oil__Oil_C181_C182	genotype_pca_ridge	test	308	64	68	68	0.1534799107948197	0.4661877902426416	0.4810856204908959	0.136524696842549	0.19190881792630454
20260608	agri_aa_oil__Oil_C181_C182	genotype_pca_population_ridge	test	308	64	68	68	0.14720641911306565	0.47308879137145704	0.49356796579761036	0.13572666282064255	0.19261861562812863
20260608	agri_aa_oil__Leafnumberaboveear	mean_baseline	test	320	69	70	70	-0.0465417206653278			0.45065421832589286	0.5559963856926391
20260608	agri_aa_oil__Leafnumberaboveear	population_ridge	test	320	69	70	70	0.05155948145990097	0.3668909833438179	0.367894322456478	0.40423920835765476	0.5292961620611001
20260608	agri_aa_oil__Leafnumberaboveear	genotype_pca_ridge	test	320	69	70	70	0.1518452496941921	0.4416582272058238	0.48658909981628906	0.4013622595555533	0.5005313046528401
20260608	agri_aa_oil__Leafnumberaboveear	genotype_pca_population_ridge	test	320	69	70	70	0.14187465382578146	0.4353808041734674	0.47896072084682	0.38881373026719696	0.5034647398754739
20260608	agri_aa_oil__Oil_C16_1P	mean_baseline	test	308	64	68	68	-4.035577755923114e-05			0.030728981437738737	0.03968221817248427
20260608	agri_aa_oil__Oil_C16_1P	population_ridge	test	308	64	68	68	0.107307866530714	0.32924263164671624	0.28770469901133716	0.02901401681748682	0.03749195019424208
20260608	agri_aa_oil__Oil_C16_1P	genotype_pca_ridge	test	308	64	68	68	0.3524566821029491	0.6545282481207493	0.5747986410657708	0.02456474672600048	0.031931666931939696
20260608	agri_aa_oil__Oil_C16_1P	genotype_pca_population_ridge	test	308	64	68	68	0.35429188374162335	0.6255850507847759	0.5496049165935031	0.024393846666818365	0.031886386079611896
20260608	metabolite__L_Aspartic_acid_E1	mean_baseline	test	220	49	51	51	-0.011405342751328762			1039049.9108734401	1489298.6921887689
20260608	metabolite__L_Aspartic_acid_E1	population_ridge	test	220	49	51	51	0.08483667173791731	0.33787719047007025	0.36010228315877685	1000529.8971927277	1416669.3271850052
20260608	metabolite__L_Aspartic_acid_E1	genotype_pca_ridge	test	220	49	51	51	0.25465914903791576	0.6032158563449261	0.5004865086656922	900879.8946881037	1278487.9787694856
20260608	metabolite__L_Aspartic_acid_E1	genotype_pca_population_ridge	test	220	49	51	51	0.3040108197115674	0.6373143131109625	0.516461889582501	859755.3474639328	1235436.5069005992
20260608	metabolite__Feruloyltryptamine_E1	mean_baseline	test	220	49	51	51	-0.007538726614954028			14328297.887700532	17824607.59538762
20260608	metabolite__Feruloyltryptamine_E1	population_ridge	test	220	49	51	51	0.02271349896465369	0.1922185287824757	0.16760180995475113	13682314.80968127	17554968.468075067
20260608	metabolite__Feruloyltryptamine_E1	genotype_pca_ridge	test	220	49	51	51	0.19473929805457235	0.46609695357656333	0.35330316742081447	12495704.601680785	15935194.047553457
20260608	metabolite__Feruloyltryptamine_E1	genotype_pca_population_ridge	test	220	49	51	51	0.181975000046949	0.4366214358536314	0.37257918552036196	12381857.793922445	16060992.968515616
20260608	metabolite__L_saccharopine_E1	mean_baseline	test	220	49	51	51	-0.005905769947134543			297713.66755793226	489227.9930449989
20260608	metabolite__L_saccharopine_E1	population_ridge	test	220	49	51	51	0.03229101645279253	0.19670711533640287	0.2383365765596848	292492.65675240674	479849.48786010704
20260608	metabolite__L_saccharopine_E1	genotype_pca_ridge	test	220	49	51	51	0.03640709746544568	0.36981795542757984	0.6126974077497878	286045.6929091653	478827.89763306326
20260608	metabolite__L_saccharopine_E1	genotype_pca_population_ridge	test	220	49	51	51	0.05839867647728181	0.3904559469031908	0.518258745270186	279406.8541277735	473332.3412274785
20260608	agri_aa_oil__Oil_C160_C180	mean_baseline	test	308	64	68	68	-0.0035830763056281523			1.2520252066911766	1.656608355742843
20260608	agri_aa_oil__Oil_C160_C180	population_ridge	test	308	64	68	68	0.062322066322252345	0.2651953392299845	0.2715578119632019	1.2183588218825223	1.6012901455211865
20260608	agri_aa_oil__Oil_C160_C180	genotype_pca_ridge	test	308	64	68	68	0.22884611134989263	0.5232008554459239	0.5641103943199602	1.050001798866936	1.4521574574733913
20260608	agri_aa_oil__Oil_C160_C180	genotype_pca_population_ridge	test	308	64	68	68	0.23509786487173734	0.5030775095401768	0.5620872619002175	1.0325095808733302	1.4462591500568913
20260608	metabolite__L_Tyrosine_E1	mean_baseline	test	220	49	51	51	-0.013385747054134756			21997.047237076647	31374.707203010894
20260608	metabolite__L_Tyrosine_E1	population_ridge	test	220	49	51	51	-0.06744547358316044	0.07754026514903743	-0.08747397990392407	24269.519058225706	32200.68686701797
20260608	metabolite__L_Tyrosine_E1	genotype_pca_ridge	test	220	49	51	51	0.03817359722171598	0.37179202965969177	0.41890669010378945	21646.80823307123	30566.142463627442
20260608	metabolite__L_Tyrosine_E1	genotype_pca_population_ridge	test	220	49	51	51	0.039762515848465574	0.3129200105479702	0.3724771487786854	21703.413751694352	30540.884689700746
20260608	metabolite__L_saccharopine_E2	mean_baseline	test	220	49	51	51	-0.0925575366833391			2514025.4010695186	3137244.015584115
20260608	metabolite__L_saccharopine_E2	population_ridge	test	220	49	51	51	-0.09043566654811008	0.08920109865552739	0.110771499148429	2509812.562511206	3134196.0939056114
20260608	metabolite__L_saccharopine_E2	genotype_pca_ridge	test	220	49	51	51	-0.056468383091196284	0.1656807034167894	0.23114379871364743	2391188.86058848	3084994.4932970195
20260608	metabolite__L_saccharopine_E2	genotype_pca_population_ridge	test	220	49	51	51	-0.060029064197206994	0.16250081962378538	0.21742190000474554	2389239.5638208874	3090188.894641981
20260608	agri_aa_oil__AA_Arg	mean_baseline	test	288	65	59	59	-0.02256011937465563			0.8967834716478933	1.0497997498558564
20260608	agri_aa_oil__AA_Arg	population_ridge	test	288	65	59	59	0.26102708787805606	0.5449632169531052	0.5959088252483928	0.7379018164113273	0.892434393233628
20260608	agri_aa_oil__AA_Arg	genotype_pca_ridge	test	288	65	59	59	0.17759005906343406	0.4459251779403169	0.42133255406195214	0.7705148371237126	0.9414694133205743
20260608	agri_aa_oil__AA_Arg	genotype_pca_population_ridge	test	288	65	59	59	0.3035897505031172	0.5829795390830783	0.5687317358270019	0.6946410971319216	0.8663524674288318
20260608	agri_aa_oil__Oil_C22_0P	mean_baseline	test	308	64	68	68	-0.014390081340711625			0.03945842565021008	0.05073893050789761
20260608	agri_aa_oil__Oil_C22_0P	population_ridge	test	308	64	68	68	0.08542615305420853	0.30122358932682947	0.2409436194984158	0.03840660711947663	0.04817793716230912
20260608	agri_aa_oil__Oil_C22_0P	genotype_pca_ridge	test	308	64	68	68	0.3059607278627895	0.5549027692094709	0.5606367141275718	0.03150769634668993	0.04196921388095586
20260608	agri_aa_oil__Oil_C22_0P	genotype_pca_population_ridge	test	308	64	68	68	0.30011736670451084	0.5932807370652212	0.5549108676566018	0.03234630679466438	0.04214552036138554
20260608	metabolite__Feruloyltryptamine_E2	mean_baseline	test	220	49	51	51	-0.031296002434284764			18200490.0	21009986.96886844
20260608	metabolite__Feruloyltryptamine_E2	population_ridge	test	220	49	51	51	-0.003923738728893955	0.2237302936928996	0.42060468319110234	16785888.553299796	20729292.40595373
20260608	metabolite__Feruloyltryptamine_E2	genotype_pca_ridge	test	220	49	51	51	0.08147438608882895	0.3079283036768995	0.45167001616581126	16417358.30865356	19828038.414742887
20260608	metabolite__Feruloyltryptamine_E2	genotype_pca_population_ridge	test	220	49	51	51	0.07487403066452869	0.293532354298059	0.4935584024655281	16164431.96451446	19899151.20363901
20260608	agri_aa_oil__Oil_C20_0P	mean_baseline	test	308	64	68	68	-0.001377082901412141			0.07754642763502673	0.09063831033370864
20260608	agri_aa_oil__Oil_C20_0P	population_ridge	test	308	64	68	68	0.1203782212896175	0.3551985210764625	0.31870061457418786	0.06945548493770176	0.08494952672059654
20260608	agri_aa_oil__Oil_C20_0P	genotype_pca_ridge	test	308	64	68	68	0.12725800724730318	0.4260009291765806	0.39397640951253954	0.06284371185123622	0.0846166667200559
20260608	agri_aa_oil__Oil_C20_0P	genotype_pca_population_ridge	test	308	64	68	68	0.1317679015766774	0.43803705006499793	0.4072985456349964	0.06347514644472127	0.08439775523086866
20260608	metabolite__L_Arginine_E1	mean_baseline	test	220	49	51	51	-0.0025202383525426697			4229246.88057041	5291101.484681996
20260608	metabolite__L_Arginine_E1	population_ridge	test	220	49	51	51	0.22007519040916634	0.47207716410327716	0.47744241869778514	3540708.878906411	4666871.950957469
20260608	metabolite__L_Arginine_E1	genotype_pca_ridge	test	220	49	51	51	0.0562102000608764	0.27020924229373494	0.271188741849666	4052825.733556875	5133778.8545338195
20260608	metabolite__L_Arginine_E1	genotype_pca_population_ridge	test	220	49	51	51	0.1569976577202966	0.41777237530189165	0.4249513557000189	3662438.94957412	4851923.087200125
20260608	agri_aa_oil__Oil_C18_3	mean_baseline	test	308	64	68	68	-0.1150423991988232			0.00750950519022154	0.010637143711229568
20260608	agri_aa_oil__Oil_C18_3	population_ridge	test	308	64	68	68	-0.044622773325007525	0.25827154755906895	0.3193877161507042	0.007183923492674157	0.010295775890349267
20260608	agri_aa_oil__Oil_C18_3	genotype_pca_ridge	test	308	64	68	68	0.13309915565940167	0.5210532927375386	0.5123487422223918	0.006407103471603928	0.009379162252490863
20260608	agri_aa_oil__Oil_C18_3	genotype_pca_population_ridge	test	308	64	68	68	0.14785864226110357	0.5374877613608067	0.5418559377027904	0.006298925300337437	0.009298976663816731
20260608	metabolite__Serotonin_E2	mean_baseline	test	220	49	51	51	-0.023428214954573034			297428.02139037434	555462.9356328265
20260608	metabolite__Serotonin_E2	population_ridge	test	220	49	51	51	-0.02901728519877733	0.19108447404676632	0.40340562265654983	289479.1285630501	556977.5969978452
20260608	metabolite__Serotonin_E2	genotype_pca_ridge	test	220	49	51	51	0.020820524021632036	0.3567712065755349	0.5290736292654323	286080.68880354404	543322.3157623555
20260608	metabolite__Serotonin_E2	genotype_pca_population_ridge	test	220	49	51	51	0.04889913928960765	0.3643606525345033	0.5703742498158112	280319.84711882495	535475.5917981488
20260608	metabolite__N_Coumaroyltryptamine_E2	mean_baseline	test	220	49	51	51	-0.03402394274851872			13522598.707664885	16960278.076930754
20260608	metabolite__N_Coumaroyltryptamine_E2	population_ridge	test	220	49	51	51	0.04571146752665878	0.2973393313359047	0.4337018015471237	11944090.390065668	16293242.584262675
20260608	metabolite__N_Coumaroyltryptamine_E2	genotype_pca_ridge	test	220	49	51	51	-0.0143464146868153	0.18810572154421532	0.3584368548862362	13312263.934246354	16798125.452374946
20260608	metabolite__N_Coumaroyltryptamine_E2	genotype_pca_population_ridge	test	220	49	51	51	0.018454087225406757	0.25334021399032497	0.4288109385872104	12937840.005549204	16524296.558977315
20260608	metabolite__L_Phenylalanine_E1	mean_baseline	test	220	49	51	51	-0.06431261073072236			15467840.46345811	18982616.399504203
20260608	metabolite__L_Phenylalanine_E1	population_ridge	test	220	49	51	51	-0.23223824756915645	0.24983749974168495	0.315844249950745	15881369.678508142	20425317.211842634
20260608	metabolite__L_Phenylalanine_E1	genotype_pca_ridge	test	220	49	51	51	-0.050236250636067625	0.09228130737305293	0.06706034074885446	15670357.240680838	18856668.658836618
20260608	metabolite__L_Phenylalanine_E1	genotype_pca_population_ridge	test	220	49	51	51	-0.021699305640926703	0.18245265084029527	0.23027670315176813	15615683.673162073	18598718.306711584
20260608	metabolite__Malvidin_3_O_hexoside_E2	mean_baseline	test	220	49	51	51	-3.24084681164738e-05			115003.00356506239	136790.5865246049
20260608	metabolite__Malvidin_3_O_hexoside_E2	population_ridge	test	220	49	51	51	0.12236603128706847	0.37088148430146806	0.3895205463573336	103636.25687590371	128146.24550168944
20260608	metabolite__Malvidin_3_O_hexoside_E2	genotype_pca_ridge	test	220	49	51	51	0.12289349905141544	0.3613216561932504	0.2957294695632355	101393.16369762816	128107.731055391
20260608	metabolite__Malvidin_3_O_hexoside_E2	genotype_pca_population_ridge	test	220	49	51	51	0.14107508103212119	0.3783299831778751	0.3309181062938073	98617.30826473865	126773.00232378916
20260608	metabolite__L_Isoleucine_E1	mean_baseline	test	220	49	51	51	-0.11196453335748968			1407684.9376114078	1772869.701808233
20260608	metabolite__L_Isoleucine_E1	population_ridge	test	220	49	51	51	-0.17926797187674337	0.15531178735511011	0.08289967880336863	1434395.232544662	1825734.4150726136
20260608	metabolite__L_Isoleucine_E1	genotype_pca_ridge	test	220	49	51	51	-0.0018803218612619688	0.2151534202473389	0.3083397441954988	1271330.5218131235	1682826.2335846974
20260608	metabolite__L_Isoleucine_E1	genotype_pca_population_ridge	test	220	49	51	51	0.0007133892231628858	0.2374013277856367	0.3345400247780045	1277934.6164417483	1680646.5352985908
20260608	agri_aa_oil__Earleaflength	mean_baseline	test	320	69	70	70	-0.016341568522615812			5.656939197571428	6.88172231715632
20260608	agri_aa_oil__Earleaflength	population_ridge	test	320	69	70	70	0.22571339000561041	0.4972927517025795	0.4823592193275236	4.829637861041291	6.006592571487874
20260608	agri_aa_oil__Earleaflength	genotype_pca_ridge	test	320	69	70	70	0.26174323158787904	0.5553043256018855	0.551260180759269	4.646784339687713	5.86517559559596
20260608	agri_aa_oil__Earleaflength	genotype_pca_population_ridge	test	320	69	70	70	0.29934577590937905	0.5569051431497358	0.5410422626596907	4.619649513204824	5.713854439110039
20260608	metabolite__Glutamine_E1	mean_baseline	test	220	49	51	51	-0.13526331133249792			2191143.582887701	2971693.71601448
20260608	metabolite__Glutamine_E1	population_ridge	test	220	49	51	51	-0.3650169981714668	0.1062947961015027	0.16022986949506993	2357953.6456935904	3258552.8883364545
20260608	metabolite__Glutamine_E1	genotype_pca_ridge	test	220	49	51	51	0.08313696569892581	0.4347581125993818	0.27367135010058824	2051990.842716186	2670594.659371863
20260608	metabolite__Glutamine_E1	genotype_pca_population_ridge	test	220	49	51	51	-0.04580804752752221	0.2839097210628921	0.2684676124581333	2099158.6952709295	2852211.5497890925
20260608	metabolite__L_Aspartic_acid_E2	mean_baseline	test	220	49	51	51	-0.09574742521312496			4578519.607843137	6142353.867558734
20260608	metabolite__L_Aspartic_acid_E2	population_ridge	test	220	49	51	51	-0.1671778627682119	0.009792646057465465	-0.06177118758726785	4527757.62618889	6339399.548074202
20260608	metabolite__L_Aspartic_acid_E2	genotype_pca_ridge	test	220	49	51	51	-0.1559082669409133	-0.08021264653515983	0.040078813060653994	4555846.4814690165	6308720.522022867
20260608	metabolite__L_Aspartic_acid_E2	genotype_pca_population_ridge	test	220	49	51	51	-0.162964421127755	-0.08355508335977466	0.0328329259536431	4573763.104059037	6327946.777897563
20260608	metabolite__L_Leucine_E1	mean_baseline	test	220	49	51	51	-0.17331477345732704			4059573.0837789658	4886826.311515724
20260608	metabolite__L_Leucine_E1	population_ridge	test	220	49	51	51	-0.2111406515782639	0.2505459655133679	0.2068825087069923	3929541.6620797818	4964973.384065229
20260608	metabolite__L_Leucine_E1	genotype_pca_ridge	test	220	49	51	51	-0.08759312610264236	0.16833032939901157	0.2329011969192671	3668393.4452413316	4704926.692357478
20260608	metabolite__L_Leucine_E1	genotype_pca_population_ridge	test	220	49	51	51	-0.044321075358066064	0.26004390232985386	0.32720197297905973	3586062.363058925	4610379.285688237
20260608	agri_aa_oil__Tasselmainaxislength	mean_baseline	test	320	69	70	70	-7.75562861159429e-05			2.5519639372571428	3.023928273675455
20260608	agri_aa_oil__Tasselmainaxislength	population_ridge	test	320	69	70	70	0.034829385577422434	0.19597970096543213	0.13130959671069897	2.4646523930308226	2.9706855972316775
20260608	agri_aa_oil__Tasselmainaxislength	genotype_pca_ridge	test	320	69	70	70	0.1853112078439244	0.4331031525373978	0.37426296911906215	2.290158304748644	2.72929522897565
20260608	agri_aa_oil__Tasselmainaxislength	genotype_pca_population_ridge	test	320	69	70	70	0.1599461192700541	0.4010872911154009	0.3174700376170064	2.299192578077632	2.771457457131704
20260608	agri_aa_oil__Plantheight	mean_baseline	test	320	69	70	70	-0.015186438558155047			17.237383782857144	21.332165687508983
20260608	agri_aa_oil__Plantheight	population_ridge	test	320	69	70	70	0.08644715016361448	0.3250170550147126	0.3116962645437844	15.96279829842149	20.23619626168726
20260608	agri_aa_oil__Plantheight	genotype_pca_ridge	test	320	69	70	70	0.2637017867681031	0.5462137466542692	0.5059399877526025	14.178640972441453	18.16723850201215
20260608	agri_aa_oil__Plantheight	genotype_pca_population_ridge	test	320	69	70	70	0.2933043176117822	0.56322427611861	0.5308546933776572	13.737829187766685	17.79828937063285
20260608	agri_aa_oil__Kernernumberperrow	mean_baseline	test	320	69	70	70	-0.0021806305278038174			1.8247446311428572	2.328588673206118
20260608	agri_aa_oil__Kernernumberperrow	population_ridge	test	320	69	70	70	0.006445999620372178	0.13070357468718968	0.18423746162424545	1.8208509906158974	2.318544930543945
20260608	agri_aa_oil__Kernernumberperrow	genotype_pca_ridge	test	320	69	70	70	0.031142272079861755	0.21496481080147076	0.2753763920706552	1.820481098858023	2.289548154055641
20260608	agri_aa_oil__Kernernumberperrow	genotype_pca_population_ridge	test	320	69	70	70	0.03796677216642508	0.2407667437525335	0.27513144197922695	1.808580362963437	2.2814702734838503
20260608	agri_aa_oil__100grainweight	mean_baseline	test	317	69	70	70	-0.10042381327015848			2.2946786139968465	2.85941699114425
20260608	agri_aa_oil__100grainweight	population_ridge	test	317	69	70	70	-0.02906018813589739	0.3334374550026231	0.3638797275260928	2.1782821323001187	2.7651448846459075
20260608	agri_aa_oil__100grainweight	genotype_pca_ridge	test	317	69	70	70	0.04277407786266518	0.35923990307778175	0.39416658660902154	2.0860542381190887	2.666887703941315
20260608	agri_aa_oil__100grainweight	genotype_pca_population_ridge	test	317	69	70	70	0.05727147586411685	0.3822476145901159	0.42478588377547155	2.06193060374081	2.6466153521421325
20260608	agri_aa_oil__Earheight	mean_baseline	test	320	69	70	70	-0.011126971364823213			10.968305979255357	14.485827474318414
20260608	agri_aa_oil__Earheight	population_ridge	test	320	69	70	70	0.1187208207084377	0.36520424415305486	0.3333916542734669	10.366338423374346	13.523752552887723
20260608	agri_aa_oil__Earheight	genotype_pca_ridge	test	320	69	70	70	0.20802289408804853	0.48957908981069675	0.5213367159478611	9.231892595939543	12.820258277425664
20260608	agri_aa_oil__Earheight	genotype_pca_population_ridge	test	320	69	70	70	0.2466541329207399	0.5238363768208448	0.5416324031143382	9.073818580874576	12.50367468570577
20260608	metabolite__L_Pipecolate_E1	mean_baseline	test	220	49	51	51	-0.0003044323429157725			4339897.504456328	5389639.548035277
20260608	metabolite__L_Pipecolate_E1	population_ridge	test	220	49	51	51	0.026217223182674054	0.16950425178443035	0.15240508635903138	4254517.463292843	5317710.238966896
20260608	metabolite__L_Pipecolate_E1	genotype_pca_ridge	test	220	49	51	51	0.1374264612951437	0.4045478344663821	0.4512873890316568	3963935.7276627724	5004857.194291352
20260608	metabolite__L_Pipecolate_E1	genotype_pca_population_ridge	test	220	49	51	51	0.14620359405253558	0.40821799457690366	0.4414679401777643	3931262.241896269	4979328.578739057
20260608	metabolite__3p_4p_5p_Tricetin_O_rhamnosyl_O_hexoside_E2	mean_baseline	test	220	49	51	51	-0.0001479871968448343			25891.835739750448	39034.602881838495
20260608	metabolite__3p_4p_5p_Tricetin_O_rhamnosyl_O_hexoside_E2	population_ridge	test	220	49	51	51	-0.11523688479843619	0.11392082392442532	0.061768388013852676	26028.74762983243	41219.35532786426
20260608	metabolite__3p_4p_5p_Tricetin_O_rhamnosyl_O_hexoside_E2	genotype_pca_ridge	test	220	49	51	51	0.049390744033155354	0.2437163446933072	-0.014853395358169852	25828.841469127885	38055.6068813228
20260608	metabolite__3p_4p_5p_Tricetin_O_rhamnosyl_O_hexoside_E2	genotype_pca_population_ridge	test	220	49	51	51	0.05398705345029009	0.23374887541476333	0.13236730070710512	24656.565370401917	37963.49369704658
20260608	agri_aa_oil__Oil_C220_C240	mean_baseline	test	308	64	68	68	-0.009236877779625896			0.11380553835656988	0.20004454151007253
20260608	agri_aa_oil__Oil_C220_C240	population_ridge	test	308	64	68	68	0.08769432244512887	0.395049106245709	0.43520250410352324	0.10546491174550791	0.19019554436619657
20260608	agri_aa_oil__Oil_C220_C240	genotype_pca_ridge	test	308	64	68	68	0.17276246256237693	0.4269585988445278	0.5419704546322098	0.09238650988045437	0.18111118261548073
20260608	agri_aa_oil__Oil_C220_C240	genotype_pca_population_ridge	test	308	64	68	68	0.19792406228516823	0.4567154540951077	0.5717448562812535	0.09090067080688274	0.17833553694664253
20260608	agri_aa_oil__Oil_C24_0	mean_baseline	test	308	64	68	68	-0.0012993895333606176			0.00231472619881589	0.002854967703952538
20260608	agri_aa_oil__Oil_C24_0	population_ridge	test	308	64	68	68	0.14332256626678397	0.39205674255657086	0.36740848188723896	0.002092792940666212	0.0026407536430586524
20260608	agri_aa_oil__Oil_C24_0	genotype_pca_ridge	test	308	64	68	68	0.2490682413869456	0.5061144117316525	0.4978814368057411	0.001986003311929243	0.0024724041283145297
20260608	agri_aa_oil__Oil_C24_0	genotype_pca_population_ridge	test	308	64	68	68	0.27360681603555537	0.5296595564366092	0.5089895789594229	0.0019859365514327287	0.0024316726171665676
20260608	metabolite__Chrysoeriol_C_hexosyl_O_rhamnoside_E2	mean_baseline	test	220	49	51	51	-0.0009139374580355852			66196.44367201427	182657.50075362492
20260608	metabolite__Chrysoeriol_C_hexosyl_O_rhamnoside_E2	population_ridge	test	220	49	51	51	0.08332773791960602	0.2933420915021925	0.015397161170097323	64140.707702614425	174801.91563450295
20260608	metabolite__Chrysoeriol_C_hexosyl_O_rhamnoside_E2	genotype_pca_ridge	test	220	49	51	51	0.07670485397759808	0.3244607066409894	0.02563174477139731	62871.85283384012	175432.24411082888
20260608	metabolite__Chrysoeriol_C_hexosyl_O_rhamnoside_E2	genotype_pca_population_ridge	test	220	49	51	51	0.12005274143560651	0.4127148310196861	0.08626938832069236	60260.40984701429	171264.54455628246
20260608	metabolite__N_caffeoyl_O_hexoside_spermidine_E2	mean_baseline	test	220	49	51	51	-0.0341577107717117			8963545.721925134	11119827.894735072
20260608	metabolite__N_caffeoyl_O_hexoside_spermidine_E2	population_ridge	test	220	49	51	51	0.013221081760331543	0.21028529289116957	0.27103532236186023	8473865.462847227	10862120.331525141
20260608	metabolite__N_caffeoyl_O_hexoside_spermidine_E2	genotype_pca_ridge	test	220	49	51	51	0.039723018057067794	0.4739089305869739	0.14536731575297768	8765974.666121526	10715265.535521729
20260608	metabolite__N_caffeoyl_O_hexoside_spermidine_E2	genotype_pca_population_ridge	test	220	49	51	51	0.05431748544485315	0.410557930039988	0.29277249107258585	8623509.06933871	10633527.484055584
20260608	metabolite__N_Coumaroyl_spermidine_derivative_E2	mean_baseline	test	220	49	51	51	-0.05560027028895598			270624.0161319073	590156.8056940738
20260608	metabolite__N_Coumaroyl_spermidine_derivative_E2	population_ridge	test	220	49	51	51	-0.05714852958881189	0.0016802573770466414	0.1813201067503417	269818.6607870946	590589.4415103958
20260608	metabolite__N_Coumaroyl_spermidine_derivative_E2	genotype_pca_ridge	test	220	49	51	51	-0.028202190564209806	0.2198120930735567	0.2713914584802193	254042.85660016176	582447.7015500428
20260608	metabolite__N_Coumaroyl_spermidine_derivative_E2	genotype_pca_population_ridge	test	220	49	51	51	-0.029642618209885452	0.19716996807072676	0.26921779086682857	256066.27698644839	582855.5396928239
20260608	metabolite__Nalidixic_acid_E2	mean_baseline	test	220	49	51	51	-0.0010155977073005307			2318067.3449197854	7762072.62299293
20260608	metabolite__Nalidixic_acid_E2	population_ridge	test	220	49	51	51	0.026693157199991213	0.18539146544192858	-0.2532380154799536	2483750.137015631	7653889.14350362
20260608	metabolite__Nalidixic_acid_E2	genotype_pca_ridge	test	220	49	51	51	-0.11336090744302396	-0.2443306128527576	-0.040440190955579144	2515927.1707328525	8186066.40899064
20260608	metabolite__Nalidixic_acid_E2	genotype_pca_population_ridge	test	220	49	51	51	-0.10526558138264241	-0.20158160001174596	-0.1308305841776799	2608127.726635092	8156251.378816768
20260608	metabolite__Carpacin_E1	mean_baseline	test	220	49	51	51	-0.007665425420264604			75624.0338680927	157480.55624120205
20260608	metabolite__Carpacin_E1	population_ridge	test	220	49	51	51	0.04176786070616445	0.25743663702996444	0.5607620439644101	68781.62693572359	153569.20213223682
20260608	metabolite__Carpacin_E1	genotype_pca_ridge	test	220	49	51	51	0.03141520772590367	0.25157182749956625	0.3740977903045335	70389.62439125942	154396.5473491791
20260608	metabolite__Carpacin_E1	genotype_pca_population_ridge	test	220	49	51	51	0.0404053391148419	0.2607410200147899	0.435323665504973	67991.49157192688	153678.34427913252
20260608	metabolite__LPC1_acyl_18_3_2_E2	mean_baseline	test	220	49	51	51	-0.03814702056010644			1992678.2531194293	2522888.5021385667
20260608	metabolite__LPC1_acyl_18_3_2_E2	population_ridge	test	220	49	51	51	0.3043154581766968	0.5924267529288796	0.5595889956460972	1575349.763369561	2065260.3307974574
20260608	metabolite__LPC1_acyl_18_3_2_E2	genotype_pca_ridge	test	220	49	51	51	0.14037572452370495	0.4124597277547587	0.4272096953649753	1853250.5696926566	2295741.379472754
20260608	metabolite__LPC1_acyl_18_3_2_E2	genotype_pca_population_ridge	test	220	49	51	51	0.26516506254240035	0.5399577385260139	0.5646613465292603	1689868.0503996797	2122577.3462815275
20260608	metabolite__Asparagine_E1	mean_baseline	test	220	49	51	51	-0.006761693694596449			2599817.290552585	3084735.064455622
20260608	metabolite__Asparagine_E1	population_ridge	test	220	49	51	51	0.15547569351692836	0.40371966604062265	0.3505135982592213	2358193.766270028	2825274.213286666
20260608	metabolite__Asparagine_E1	genotype_pca_ridge	test	220	49	51	51	-0.07643373424203825	0.05250821705300146	0.13344495239690726	2592892.002712087	3189687.809636411
20260608	metabolite__Asparagine_E1	genotype_pca_population_ridge	test	220	49	51	51	-0.02701750072592235	0.15367225998267545	0.1544866285123911	2502447.6230848455	3115612.5955045205
20260608	metabolite__L_Serine_E1	mean_baseline	test	220	49	51	51	-0.004869449237189238			194547.05882352946	235552.6185160648
20260608	metabolite__L_Serine_E1	population_ridge	test	220	49	51	51	-0.0030959108445896	0.10928953605556029	0.168242907091116	194199.27291976332	235344.65811531237
20260608	metabolite__L_Serine_E1	genotype_pca_ridge	test	220	49	51	51	0.055442444452239115	0.4031289538755969	0.43178424407300403	187210.1233650827	228374.3520839123
20260608	metabolite__L_Serine_E1	genotype_pca_population_ridge	test	220	49	51	51	0.009699475530416612	0.36928366680712155	0.44911534504554235	192769.063722441	233838.82473546197
20260608	agri_aa_oil__AA_His	mean_baseline	test	288	65	59	59	-0.0008321401161097697			0.3602897484694563	0.4849171043346671
20260608	agri_aa_oil__AA_His	population_ridge	test	288	65	59	59	0.11320206041986369	0.3405604533127038	0.4524254821741672	0.33044617687193106	0.45645631413624743
20260608	agri_aa_oil__AA_His	genotype_pca_ridge	test	288	65	59	59	0.08648911866911169	0.29505366160511354	0.35856224430157807	0.33024653802587195	0.46328020463218433
20260608	agri_aa_oil__AA_His	genotype_pca_population_ridge	test	288	65	59	59	0.13217596655328212	0.365188379546419	0.45569842197545296	0.3179830530493416	0.4515467470619182
20260608	agri_aa_oil__Earleafwidth	mean_baseline	test	320	69	70	70	-0.07858100357574038			0.6853187822875	0.8469742588167235
20260608	agri_aa_oil__Earleafwidth	population_ridge	test	320	69	70	70	0.027104442358587222	0.3533110839608085	0.37043776469259715	0.6496241678920203	0.804409031775045
20260608	agri_aa_oil__Earleafwidth	genotype_pca_ridge	test	320	69	70	70	0.11807561745742046	0.4690580138150004	0.4047485740900174	0.6102162614530003	0.7658778382962431
20260608	agri_aa_oil__Earleafwidth	genotype_pca_population_ridge	test	320	69	70	70	0.144132327591879	0.49839271085583864	0.4402316548946929	0.5995063438537167	0.7544789705663374
20260608	metabolite__Phenylpyruvic_acid_E2	mean_baseline	test	220	49	51	51	-0.0011596106356726033			326570.8556149733	506416.12629812787
20260608	metabolite__Phenylpyruvic_acid_E2	population_ridge	test	220	49	51	51	-0.011007519059962778	0.10975724984312223	0.05629148546259086	331668.86984632444	508900.7129367266
20260608	metabolite__Phenylpyruvic_acid_E2	genotype_pca_ridge	test	220	49	51	51	0.031132137570938245	0.30119724718178326	0.3693590952798802	316131.34643088735	498182.1261182337
20260608	metabolite__Phenylpyruvic_acid_E2	genotype_pca_population_ridge	test	220	49	51	51	0.04770719015795133	0.289982940417546	0.3550937550379525	311542.448901028	493902.3802552535
20260608	metabolite__O_Acetyl_L_serine_E1	mean_baseline	test	220	49	51	51	-0.0072077726467918435			2572416.6131907306	3297026.5310674547
20260608	metabolite__O_Acetyl_L_serine_E1	population_ridge	test	220	49	51	51	0.07420957990821997	0.2967081223331528	0.2528569218107161	2494756.5197494053	3160961.810237115
20260608	metabolite__O_Acetyl_L_serine_E1	genotype_pca_ridge	test	220	49	51	51	0.006053316521432817	0.14550537496300348	0.16777172170258178	2509751.5050123595	3275249.975696388
20260608	metabolite__O_Acetyl_L_serine_E1	genotype_pca_population_ridge	test	220	49	51	51	0.031040854985915578	0.2598529862992412	0.24520830541801678	2481384.9116323777	3233818.495355922
20260608	metabolite__Feruloylserotonin_E1	mean_baseline	test	220	49	51	51	-0.009050377621393713			17251.579679144383	28042.309430459212
20260608	metabolite__Feruloylserotonin_E1	population_ridge	test	220	49	51	51	0.07017376014498078	0.2815013697489937	0.3500792124034133	15899.197458619792	26918.95841059517
20260608	metabolite__Feruloylserotonin_E1	genotype_pca_ridge	test	220	49	51	51	0.10871115313269397	0.41135781629726825	0.32772121228353135	15341.684345811022	26355.216524162224
20260608	metabolite__Feruloylserotonin_E1	genotype_pca_population_ridge	test	220	49	51	51	0.10914260881132387	0.3905506926896541	0.3432450868606963	15228.418354133224	26348.836726895985
20260608	metabolite__LPC1_acyl_18_2_2_E1	mean_baseline	test	220	49	51	51	-0.018291740614440055			1560336.0071301244	2004156.3824965206
20260608	metabolite__LPC1_acyl_18_2_2_E1	population_ridge	test	220	49	51	51	-0.012455287984965535	0.0895213342631766	0.10285766025912721	1541972.6388658502	1998404.606052161
20260608	metabolite__LPC1_acyl_18_2_2_E1	genotype_pca_ridge	test	220	49	51	51	0.10514650605261222	0.3948656508570759	0.43070796759629243	1395545.8884391545	1878760.689473636
20260608	metabolite__LPC1_acyl_18_2_2_E1	genotype_pca_population_ridge	test	220	49	51	51	0.030687197915250652	0.3446551615013841	0.3941896517893783	1497603.3146558453	1955363.345697351
20260608	metabolite__Ethyl_syringate_E2	mean_baseline	test	220	49	51	51	-0.48074477022582696			126817.14795008916	154872.0540987145
20260608	metabolite__Ethyl_syringate_E2	population_ridge	test	220	49	51	51	-0.6645961119604209	0.15083501572515565	0.18703446094971865	129932.09283897626	164205.3839986506
20260608	metabolite__Ethyl_syringate_E2	genotype_pca_ridge	test	220	49	51	51	-0.4950560158739903	0.11796306115004597	0.18046787575899	120925.61237955492	155618.66567906193
20260608	metabolite__Ethyl_syringate_E2	genotype_pca_population_ridge	test	220	49	51	51	-0.5191431599359639	0.1977628050677831	0.2590857508700582	123987.18266267386	156867.25829007392
20260608	metabolite__Phenylpyruvic_acid_E1	mean_baseline	test	220	49	51	51	-0.051945896780557055			63656.069518716584	88184.21219757343
20260608	metabolite__Phenylpyruvic_acid_E1	population_ridge	test	220	49	51	51	-0.2646059962288705	-0.05178139270320499	0.0345287930708459	66765.64275054279	96687.81720388838
20260608	metabolite__Phenylpyruvic_acid_E1	genotype_pca_ridge	test	220	49	51	51	0.05542730017159425	0.28839917620483163	0.29315533618996037	58418.40723880097	83562.57841853486
20260608	metabolite__Phenylpyruvic_acid_E1	genotype_pca_population_ridge	test	220	49	51	51	0.018915144672895012	0.24307484633039123	0.2781762660635515	59415.29003077352	85162.30809911301
20260608	metabolite__Norcinnamolaurine_E2	mean_baseline	test	220	49	51	51	-0.0704740255387164			10089148.707664886	13744382.451960167
20260608	metabolite__Norcinnamolaurine_E2	population_ridge	test	220	49	51	51	0.02219876810107313	0.3057401309862266	0.44692524584614846	9902768.265308887	13135979.271974428
20260608	metabolite__Norcinnamolaurine_E2	genotype_pca_ridge	test	220	49	51	51	-0.053027842894328714	0.17801725943956884	0.03699847257638092	10032728.302743705	13631921.974745974
20260608	metabolite__Norcinnamolaurine_E2	genotype_pca_population_ridge	test	220	49	51	51	0.0057868497975559485	0.30977962509143075	0.3095735110552509	9922546.006198538	13245761.043392668
20260608	metabolite__Uracil_E1	mean_baseline	test	220	49	51	51	-0.03914517401635509			22894.171122994656	28053.55640529253
20260608	metabolite__Uracil_E1	population_ridge	test	220	49	51	51	0.4217806182217303	0.6827066942614153	0.6028054298642533	16456.58878939647	20926.47772407061
20260608	metabolite__Uracil_E1	genotype_pca_ridge	test	220	49	51	51	0.1912035711673119	0.5079684501557877	0.5010859728506787	19655.121207496857	24749.6707304928
20260608	metabolite__Uracil_E1	genotype_pca_population_ridge	test	220	49	51	51	0.3670301398474979	0.6468861704063047	0.6160180995475113	16893.56913974807	21894.817441560495
20260608	agri_aa_oil__Oil_C18_0P	mean_baseline	test	308	64	68	68	-0.008608941828282868			0.31907300893391904	0.3898431172971669
20260608	agri_aa_oil__Oil_C18_0P	population_ridge	test	308	64	68	68	-0.09019022124565379	0.113201765985638	0.014314616177424893	0.3334379657573229	0.405302801068859
20260608	agri_aa_oil__Oil_C18_0P	genotype_pca_ridge	test	308	64	68	68	0.11209469566684238	0.35063113341166563	0.3642783524831087	0.2928452253381129	0.3657731221218753
20260608	agri_aa_oil__Oil_C18_0P	genotype_pca_population_ridge	test	308	64	68	68	0.09187371727815463	0.3256084309469389	0.29690422567469554	0.2909491845414416	0.36991469709606023
20260608	metabolite__IAA_E1	mean_baseline	test	220	49	51	51	-0.008396551473678349			994775.5793226383	1208519.5284084086
20260608	metabolite__IAA_E1	population_ridge	test	220	49	51	51	-0.0022710839421991036	0.281914272935756	0.29209466521601773	993655.8875123092	1204843.3836791932
20260608	metabolite__IAA_E1	genotype_pca_ridge	test	220	49	51	51	0.02310805439964858	0.2780373909201084	0.2528621207168253	977866.6972427138	1189491.2757788217
20260608	metabolite__IAA_E1	genotype_pca_population_ridge	test	220	49	51	51	0.04333405455271522	0.3613278439508793	0.3339065119487211	974544.3297391905	1177112.9942574
20260608	agri_aa_oil__Oil_C200_C201	mean_baseline	test	308	64	68	68	-0.001369772284338211			0.22062910274064174	0.28487533635407636
20260608	agri_aa_oil__Oil_C200_C201	population_ridge	test	308	64	68	68	0.025846210822271343	0.17665964754211916	0.10287437492842691	0.22533127159352007	0.28097739017515644
20260608	agri_aa_oil__Oil_C200_C201	genotype_pca_ridge	test	308	64	68	68	0.09454029154710308	0.31621142693713883	0.3286635874336755	0.2037325666751604	0.27088950340399626
20260608	agri_aa_oil__Oil_C200_C201	genotype_pca_population_ridge	test	308	64	68	68	0.11067432788166442	0.3411904950096088	0.337290529449937	0.20224902871080563	0.26846521786785693
20260608	metabolite__Chrysoeriol_O_hexoside_E2	mean_baseline	test	220	49	51	51	-0.10344889299291049			76162.02584670231	102636.79797159365
20260608	metabolite__Chrysoeriol_O_hexoside_E2	population_ridge	test	220	49	51	51	-0.14983858687930707	0.23438081716245734	0.11548656028630201	68831.07008751064	104772.0453781208
20260608	metabolite__Chrysoeriol_O_hexoside_E2	genotype_pca_ridge	test	220	49	51	51	-0.13467932364612656	0.10700716655505349	0.12209873197328244	73903.50035415545	104079.10608896763
20260608	metabolite__Chrysoeriol_O_hexoside_E2	genotype_pca_population_ridge	test	220	49	51	51	-0.11417436618787424	0.20229537942103237	0.17332041812379523	71217.77429874668	103134.40422881338
20260608	metabolite__Coumaroylserotonin_E2	mean_baseline	test	220	49	51	51	-0.18375759148457038			1424769.4670231729	1696547.9448030582
20260608	metabolite__Coumaroylserotonin_E2	population_ridge	test	220	49	51	51	-0.3753230296583956	0.20846316937447984	0.4207953576251304	1366169.829244781	1828677.4371969728
20260608	metabolite__Coumaroylserotonin_E2	genotype_pca_ridge	test	220	49	51	51	-0.2273854971851308	0.0545250444175174	0.28136047749945486	1332569.5406826343	1727528.585893528
20260608	metabolite__Coumaroylserotonin_E2	genotype_pca_population_ridge	test	220	49	51	51	-0.2565598629587591	0.1484609860631925	0.35105527467821895	1293050.8996708286	1747939.2739196212
20260608	agri_aa_oil__AA_Phe	mean_baseline	test	288	65	59	59	-0.0328258440115603			1.070598581392479	1.2605244538393199
20260608	agri_aa_oil__AA_Phe	population_ridge	test	288	65	59	59	-0.005167827331203689	0.32555652883468644	0.30263004091174756	1.0556164925844491	1.2435321467969522
20260608	agri_aa_oil__AA_Phe	genotype_pca_ridge	test	288	65	59	59	0.07300877855798726	0.29969982392051325	0.1979544126241964	1.027174939418863	1.1941957952709605
20260608	agri_aa_oil__AA_Phe	genotype_pca_population_ridge	test	288	65	59	59	0.09400627707891185	0.3356179280380728	0.23120981881940392	1.0161221574071986	1.1805933194137161
20260608	metabolite__N_Coumaroyl_spermidine_derivative_E1	mean_baseline	test	220	49	51	51	-0.04970729355644021			396209.05463458115	1115044.1861417359
20260608	metabolite__N_Coumaroyl_spermidine_derivative_E1	population_ridge	test	220	49	51	51	-0.04678429144521545	0.04927739338983717	-0.040452488687782805	405471.64163666504	1113490.6346754613
20260608	metabolite__N_Coumaroyl_spermidine_derivative_E1	genotype_pca_ridge	test	220	49	51	51	-0.04102980804905476	0.15381822201585904	0.3768325791855204	378704.4350515223	1110425.8228616514
20260608	metabolite__N_Coumaroyl_spermidine_derivative_E1	genotype_pca_population_ridge	test	220	49	51	51	-0.04291749587941451	0.12800380722063956	0.3361990950226244	380365.68885199144	1111432.1283156485
20260608	agri_aa_oil__Oil_C20_1P	mean_baseline	test	308	64	68	68	-4.802605028420004e-05			0.03771572097603132	0.04603984536204765
20260608	agri_aa_oil__Oil_C20_1P	population_ridge	test	308	64	68	68	-0.012929952472604755	0.1403074544061286	0.1656678245600641	0.03889820122011319	0.046335423259504925
20260608	agri_aa_oil__Oil_C20_1P	genotype_pca_ridge	test	308	64	68	68	0.12472148482287504	0.353450821853974	0.33316791999083856	0.03451202229636711	0.0430721511182474
20260608	agri_aa_oil__Oil_C20_1P	genotype_pca_population_ridge	test	308	64	68	68	0.13792561979921025	0.3721258841929441	0.34774974233690875	0.034684814195604007	0.04274603106863347
20260608	metabolite__Pro_Leu_E1	mean_baseline	test	220	49	51	51	-0.019056679181562508			364071.74688057037	450293.84276298335
20260608	metabolite__Pro_Leu_E1	population_ridge	test	220	49	51	51	0.18022676093380396	0.4487902412989203	0.4669864730551954	312730.8910319373	403871.9647151586
20260608	metabolite__Pro_Leu_E1	genotype_pca_ridge	test	220	49	51	51	0.3065029756060591	0.6541287380100862	0.5911662271072795	288210.4227670641	371466.0601682824
20260608	metabolite__Pro_Leu_E1	genotype_pca_population_ridge	test	220	49	51	51	0.362412627525473	0.6568972526759591	0.6251074864145183	271160.6195634449	356177.6730011709
20260608	agri_aa_oil__cobweight	mean_baseline	test	319	69	70	70	-0.03592064845385834			3.004876105128661	3.6873852227100192
20260608	agri_aa_oil__cobweight	population_ridge	test	319	69	70	70	0.06450345435415605	0.3243831719605616	0.3164552532586825	2.8281299433553952	3.504098939607302
20260608	agri_aa_oil__cobweight	genotype_pca_ridge	test	319	69	70	70	0.17364840259640668	0.4307727026690148	0.42206281165252385	2.5820077357147815	3.2933485881368965
20260608	agri_aa_oil__cobweight	genotype_pca_population_ridge	test	319	69	70	70	0.18755737201977363	0.4440460620822036	0.46335403726708074	2.550418325944104	3.265514505084552
20260608	metabolite__Indole_3_carboxyaldehyde_E1	mean_baseline	test	220	49	51	51	-0.0015017990777483892			85343.92156862745	102763.9466910627
20260608	metabolite__Indole_3_carboxyaldehyde_E1	population_ridge	test	220	49	51	51	0.00078513199093877	0.1602939019946387	0.27992216871050124	85271.30362796345	102646.54880930202
20260608	metabolite__Indole_3_carboxyaldehyde_E1	genotype_pca_ridge	test	220	49	51	51	0.042221547277802585	0.4304107434039477	0.4144078921840883	83305.32353097867	100495.6907179002
20260608	metabolite__Indole_3_carboxyaldehyde_E1	genotype_pca_population_ridge	test	220	49	51	51	0.05055938845923824	0.4361002901375806	0.37861441732957707	82918.50741151925	100057.30714003019
20260608	metabolite__Ferulic_acid_E2	mean_baseline	test	220	49	51	51	-0.01645201963695153			134506.68449197864	195466.18642426498
20260608	metabolite__Ferulic_acid_E2	population_ridge	test	220	49	51	51	0.016935033150484502	0.18042856410728214	0.34077540530877165	125579.83094824666	192229.17768047636
20260608	metabolite__Ferulic_acid_E2	genotype_pca_ridge	test	220	49	51	51	-0.03303707036816905	-0.10609439735944311	-0.03699847257638092	136267.41279636946	197054.40676730435
20260608	metabolite__Ferulic_acid_E2	genotype_pca_population_ridge	test	220	49	51	51	-0.01589011322652767	0.05458954267142604	0.19735537758612978	131429.73143664398	195412.15097321436
20260608	metabolite__LPC1_acyl_20_4_E1	mean_baseline	test	220	49	51	51	-0.00808128542428177			60193.183600713026	90598.97405127574
20260608	metabolite__LPC1_acyl_20_4_E1	population_ridge	test	220	49	51	51	0.04143005569404701	0.24139060374000695	0.29864664514478645	58347.15623096813	88346.10506022519
20260608	metabolite__LPC1_acyl_20_4_E1	genotype_pca_ridge	test	220	49	51	51	0.008403472592113714	0.16231444993901592	0.11338433556951957	60347.7757842087	89855.15592510991
20260608	metabolite__LPC1_acyl_20_4_E1	genotype_pca_population_ridge	test	220	49	51	51	0.033157962194405144	0.2294400106042307	0.2424750042498668	58457.64623579137	88726.48281207692
20260608	metabolite__Dicoumaroylputrescine_E2	mean_baseline	test	220	49	51	51	-0.00750068904152279			17370037.43315508	20533419.292063486
20260608	metabolite__Dicoumaroylputrescine_E2	population_ridge	test	220	49	51	51	0.08547863304392622	0.40074477415011217	0.41124006054604056	16473599.262733687	19563003.29272458
20260608	metabolite__Dicoumaroylputrescine_E2	genotype_pca_ridge	test	220	49	51	51	-0.034932879986713905	0.051058473261204634	0.18693965091224043	17064435.170894556	20811083.51258446
20260608	metabolite__Dicoumaroylputrescine_E2	genotype_pca_population_ridge	test	220	49	51	51	0.01630859286540942	0.1722311707062919	0.27615261416251025	16538501.164971486	20289345.537848447
20260608	agri_aa_oil__AA_Asp	mean_baseline	test	288	65	59	59	-0.021331949134666406			1.1445912563075562	1.3551424893858985
20260608	agri_aa_oil__AA_Asp	population_ridge	test	288	65	59	59	0.127918915909074	0.48637059633466395	0.5212741087083579	1.0516512165368477	1.252217984480826
20260608	agri_aa_oil__AA_Asp	genotype_pca_ridge	test	288	65	59	59	0.040757152382328465	0.24238967314417056	0.27422559906487437	1.0718018414023966	1.3133055768056294
20260608	agri_aa_oil__AA_Asp	genotype_pca_population_ridge	test	288	65	59	59	0.11681584120214261	0.34908406140461323	0.37340736411455294	1.0214962458223937	1.2601642040886365
20260608	metabolite__N_Feruloylputrescine_E1	mean_baseline	test	220	49	51	51	-0.0032704161649472763			17286334.58110517	20420314.226940274
20260608	metabolite__N_Feruloylputrescine_E1	population_ridge	test	220	49	51	51	0.04520551747742485	0.23581692510649668	0.17023009574709205	16602223.683728052	19920873.054170433
20260608	metabolite__N_Feruloylputrescine_E1	genotype_pca_ridge	test	220	49	51	51	0.059821266474967216	0.24590352229082985	0.2101405009700945	17044441.96302912	19767813.237991437
20260608	metabolite__N_Feruloylputrescine_E1	genotype_pca_population_ridge	test	220	49	51	51	0.07985233697514393	0.2839026689986328	0.20783275645039712	16629116.389367752	19556096.936180413
20260608	agri_aa_oil__AA_Leu	mean_baseline	test	288	65	59	59	-0.042551305271757434			2.6624831429420905	3.1978171269878306
20260608	agri_aa_oil__AA_Leu	population_ridge	test	288	65	59	59	-0.0468058561834932	-0.13927671279522408	-0.1451782583284629	2.6680502349264748	3.2043354745749544
20260608	agri_aa_oil__AA_Leu	genotype_pca_ridge	test	288	65	59	59	0.008795617175378245	0.20355439264520855	0.13068381063705437	2.5937286195379343	3.118074681763875
20260608	agri_aa_oil__AA_Leu	genotype_pca_population_ridge	test	288	65	59	59	-0.0058907653012452155	0.184064248535036	0.11957919345412042	2.6093963063434367	3.141089539785928
20260608	agri_aa_oil__AA_Thr	mean_baseline	test	288	65	59	59	-0.03326753491222845			0.4400276758866526	0.539087883131691
20260608	agri_aa_oil__AA_Thr	population_ridge	test	288	65	59	59	0.021992343132273495	0.452822902097793	0.4337229690239627	0.4278031165625016	0.5244744133513168
20260608	agri_aa_oil__AA_Thr	genotype_pca_ridge	test	288	65	59	59	0.09601518181975255	0.3317732707004773	0.2306838106370544	0.4006025656106995	0.5042358814113221
20260608	agri_aa_oil__AA_Thr	genotype_pca_population_ridge	test	288	65	59	59	0.14993699221757661	0.41040519415449306	0.32764465225014616	0.3840584429930153	0.48896608484608506
20260608	metabolite__Scopoletin_E1	mean_baseline	test	220	49	51	51	-0.06198347147954553			110720.55258467022	149624.48800570937
20260608	metabolite__Scopoletin_E1	population_ridge	test	220	49	51	51	0.00026525547382605374	0.22629494132684866	0.3067629031661343	104036.42764728473	145173.11359002968
20260608	metabolite__Scopoletin_E1	genotype_pca_ridge	test	220	49	51	51	0.06448938463008635	0.3363921564506322	0.42378442073327155	98283.33534446066	140432.67176942388
20260608	metabolite__Scopoletin_E1	genotype_pca_population_ridge	test	220	49	51	51	0.06159074339781112	0.32892054604251086	0.4245084517777704	96213.4320657574	140650.06593679177
20260608	metabolite__N_N_caffeoyl_Feruloyl_spermidine_derivative_E2	mean_baseline	test	220	49	51	51	-0.002111312503085161			1427197.3663101601	3803747.8344161357
20260608	metabolite__N_N_caffeoyl_Feruloyl_spermidine_derivative_E2	population_ridge	test	220	49	51	51	-0.009895667819741716	0.025470804216536722	-0.26410061502697124	1397461.2581225967	3818492.9255133746
20260608	metabolite__N_N_caffeoyl_Feruloyl_spermidine_derivative_E2	genotype_pca_ridge	test	220	49	51	51	-0.002843482466680758	0.02874620745081658	0.10705312995949245	1368824.1560939103	3805137.1418548347
20260608	metabolite__N_N_caffeoyl_Feruloyl_spermidine_derivative_E2	genotype_pca_population_ridge	test	220	49	51	51	-0.0038374163804653083	0.021246138321379022	-0.1419223812576351	1363339.9232706013	3807022.340427007
20260608	metabolite__N_feruloyl_O_hexoside_spermidine_E2	mean_baseline	test	220	49	51	51	-0.0012333031790670024			7278554.991087344	11504858.94900136
20260608	metabolite__N_feruloyl_O_hexoside_spermidine_E2	population_ridge	test	220	49	51	51	-0.006114746398919957	0.04575690376076771	0.20795224733260853	7108739.2387383105	11532870.417689772
20260608	metabolite__N_feruloyl_O_hexoside_spermidine_E2	genotype_pca_ridge	test	220	49	51	51	0.021552466222009126	0.21821224796246458	0.05669778172047602	7295731.65205987	11373193.459627863
20260608	metabolite__N_feruloyl_O_hexoside_spermidine_E2	genotype_pca_population_ridge	test	220	49	51	51	0.019737168801341243	0.1643151345888096	0.1437823138678206	7208147.47924155	11383738.81898191
20260608	metabolite__Caffeoyltryptamine_E2	mean_baseline	test	220	49	51	51	-0.29258258339149146			54903.83787878787	72052.48714101658
20260608	metabolite__Caffeoyltryptamine_E2	population_ridge	test	220	49	51	51	-0.6028572654912441	-0.06326617871194623	0.30735450841603096	55583.946354102765	80235.62718284571
20260608	metabolite__Caffeoyltryptamine_E2	genotype_pca_ridge	test	220	49	51	51	-0.36176442505887074	0.0019008101016763312	0.06032064317226363	48694.95195271917	73955.55811641847
20260608	metabolite__Caffeoyltryptamine_E2	genotype_pca_population_ridge	test	220	49	51	51	-0.5149239029208816	-0.02819223905452975	0.17099906052437497	49408.40449041385	78003.70581208104
20260608	agri_aa_oil__AA_Ile	mean_baseline	test	288	65	59	59	-0.05874986669330062			0.5988890129856992	0.7194570838158038
20260608	agri_aa_oil__AA_Ile	population_ridge	test	288	65	59	59	-0.05537873399243054	0.2810554285790712	0.29585037989479845	0.5977039484648193	0.7183107700797398
20260608	agri_aa_oil__AA_Ile	genotype_pca_ridge	test	288	65	59	59	0.021548196344267745	0.24463545983995294	0.15517241379310348	0.5693042941664435	0.6916365372403674
20260608	agri_aa_oil__AA_Ile	genotype_pca_population_ridge	test	288	65	59	59	0.0360792389321406	0.2666431349760316	0.1715371127995325	0.563494647188344	0.6864815599403914
20260608	metabolite__N_Coumaroyltryptamine_E1	mean_baseline	test	220	49	51	51	-0.01917039768656159			8137264.950980392	10453960.705482803
20260608	metabolite__N_Coumaroyltryptamine_E1	population_ridge	test	220	49	51	51	0.018943508395041775	0.20820949334592784	0.1657956062778696	8215027.575772034	10256624.847925244
20260608	metabolite__N_Coumaroyltryptamine_E1	genotype_pca_ridge	test	220	49	51	51	0.19677797969308375	0.4682753859162457	0.2385121835946099	7270736.507595394	9280583.145260382
20260608	metabolite__N_Coumaroyltryptamine_E1	genotype_pca_population_ridge	test	220	49	51	51	0.19654884348695156	0.46557859972163373	0.21620398657086815	7400938.964707195	9281906.792970385
20260608	metabolite__Gluconolactone_E2	mean_baseline	test	220	49	51	51	-0.0009160962503758086			183371.21212121213	241988.88180139975
20260608	metabolite__Gluconolactone_E2	population_ridge	test	220	49	51	51	0.27830974913211537	0.5744080582581713	0.5278415137791569	159631.32928365207	205481.1536310483
20260608	metabolite__Gluconolactone_E2	genotype_pca_ridge	test	220	49	51	51	0.031237913255613092	0.2845470519851393	0.3161614421014409	178119.18276368623	238070.25824318288
20260608	metabolite__Gluconolactone_E2	genotype_pca_population_ridge	test	220	49	51	51	0.14773217416661932	0.5239617691664754	0.5096806860635462	166962.08804497466	223297.8918012217
20260608	agri_aa_oil__AA_Pro	mean_baseline	test	288	65	59	59	-0.006807828039666619			1.408771943332274	1.753976278571019
20260608	agri_aa_oil__AA_Pro	population_ridge	test	288	65	59	59	-0.0006119842367042772	0.3602416014497678	0.34745762711864414	1.4043954417895126	1.7485710097126121
20260608	agri_aa_oil__AA_Pro	genotype_pca_ridge	test	288	65	59	59	0.09639532687435903	0.3153456983586085	0.24289888953828173	1.3145110288903172	1.661650405428774
20260608	agri_aa_oil__AA_Pro	genotype_pca_population_ridge	test	288	65	59	59	0.1177027243137222	0.3511184740280348	0.299240210403273	1.2950361468787746	1.6419423055341336
20260608	metabolite__Norcinnamolaurine_E1	mean_baseline	test	220	49	51	51	-0.0024825159796826313			5252585.819964349	7081458.396410752
20260608	metabolite__Norcinnamolaurine_E1	population_ridge	test	220	49	51	51	0.09574787644837945	0.31360801791546766	0.3671123782020622	4837552.873971758	6725569.628360032
20260608	metabolite__Norcinnamolaurine_E1	genotype_pca_ridge	test	220	49	51	51	0.021076317555962065	0.1887600156848039	0.3445779317156051	4867766.676198131	6997754.821534588
20260608	metabolite__Norcinnamolaurine_E1	genotype_pca_population_ridge	test	220	49	51	51	0.08319377826860352	0.30773219502042454	0.42507749054975624	4690747.039041313	6772095.602744986
20260608	metabolite__L_Valine_E1	mean_baseline	test	220	49	51	51	-0.03250678946050689			3439714.795008912	4893203.620832791
20260608	metabolite__L_Valine_E1	population_ridge	test	220	49	51	51	0.012943573425157173	0.23084214046452156	0.13749406272793188	3521408.3342572046	4784293.569713632
20260608	metabolite__L_Valine_E1	genotype_pca_ridge	test	220	49	51	51	-0.0237216472767241	0.0361315549234162	0.11332624525040863	3391522.2748026634	4872342.101351297
20260608	metabolite__L_Valine_E1	genotype_pca_population_ridge	test	220	49	51	51	0.01222353214281302	0.21048868559488249	0.2157000338911532	3321471.277866616	4786038.282967121
20260608	metabolite__Cyanidin_3_O_glucoside_E2	mean_baseline	test	220	49	51	51	-0.031141356065074177			193289.37611408203	281412.18197154056
20260608	metabolite__Cyanidin_3_O_glucoside_E2	population_ridge	test	220	49	51	51	0.08909841444630195	0.4607609234627246	0.5852279817681403	174003.69792897007	264496.2504820214
20260608	metabolite__Cyanidin_3_O_glucoside_E2	genotype_pca_ridge	test	220	49	51	51	-0.007547863269308008	0.17604549494826952	0.23607470935210983	187526.0614421404	278174.06308460434
20260608	metabolite__Cyanidin_3_O_glucoside_E2	genotype_pca_population_ridge	test	220	49	51	51	0.04941890705143448	0.41696015975137574	0.5398063563163532	178279.67797119555	270195.66489071096
20260608	agri_aa_oil__Oil_C180_C200	mean_baseline	test	308	64	68	68	-0.0019131535012733014			0.6220885950857525	0.7537704357703483
20260608	agri_aa_oil__Oil_C180_C200	population_ridge	test	308	64	68	68	0.058954871859064895	0.25381278904723675	0.15864411955567428	0.5971520165232909	0.7305152488256933
20260608	agri_aa_oil__Oil_C180_C200	genotype_pca_ridge	test	308	64	68	68	0.14649604536644178	0.3855925069567864	0.37385960224453174	0.5700291410497138	0.6957077308957181
20260608	agri_aa_oil__Oil_C180_C200	genotype_pca_population_ridge	test	308	64	68	68	0.1819327491203283	0.4284239068607961	0.39466351108905595	0.5572128955157547	0.6811120506032486
20260608	metabolite__2pp_6pp_O_Diacetyloninin_E2	mean_baseline	test	220	49	51	51	-0.020353035047357526			8535172.01426025	11663445.200289821
20260608	metabolite__2pp_6pp_O_Diacetyloninin_E2	population_ridge	test	220	49	51	51	-0.020333611661433215	0.012332113249162602	0.020785696553048662	8536216.2302811	11663334.187401302
20260608	metabolite__2pp_6pp_O_Diacetyloninin_E2	genotype_pca_ridge	test	220	49	51	51	-0.08579429143295547	-0.031388932146394516	0.05230387694721396	8751615.937669681	12031655.819844455
20260608	metabolite__2pp_6pp_O_Diacetyloninin_E2	genotype_pca_population_ridge	test	220	49	51	51	-0.09107435847801604	-0.03097710852486679	0.05592665630286514	8749509.655640787	12060874.478114258
20260608	metabolite__Modiolin_E1	mean_baseline	test	220	49	51	51	-0.05404367353669448			30593.478609625676	54846.25249887279
20260608	metabolite__Modiolin_E1	population_ridge	test	220	49	51	51	-0.026575646246187246	0.16664891101101048	0.23059345239956971	30223.466919467086	54126.89748177469
20260608	metabolite__Modiolin_E1	genotype_pca_ridge	test	220	49	51	51	-0.05349327271966153	0.017133763051850517	0.24683816382253784	30500.16448532112	54831.9308133521
20260608	metabolite__Modiolin_E1	genotype_pca_population_ridge	test	220	49	51	51	-0.03714523048026708	0.1299545380011993	0.26579786879809114	30084.34004491876	54404.828172892376
20260608	agri_aa_oil__AA_Ser	mean_baseline	test	288	65	59	59	-0.0619081911463395			0.8328943302949035	1.0296993631966493
20260608	agri_aa_oil__AA_Ser	population_ridge	test	288	65	59	59	-0.053108546597507855	0.3350148018537117	0.38737580362361196	0.8291160358271045	1.0254241170321685
20260608	agri_aa_oil__AA_Ser	genotype_pca_ridge	test	288	65	59	59	0.022324806085799787	0.24388066234538258	0.2168907071887785	0.7829247830950447	0.9880166352039981
20260608	agri_aa_oil__AA_Ser	genotype_pca_population_ridge	test	288	65	59	59	0.051277716195452294	0.28969766016641674	0.23892460549386327	0.768374783135184	0.9732771099273374
20260608	metabolite__2pp_6pp_O_Diacetyloninin_E1	mean_baseline	test	220	49	51	51	-0.00030875736596569503			2546166.2210338684	4016508.128360195
20260608	metabolite__2pp_6pp_O_Diacetyloninin_E1	population_ridge	test	220	49	51	51	0.06856135467238011	0.2638630030390329	0.31429864253393663	2405398.5784009104	3875776.6428986723
20260608	metabolite__2pp_6pp_O_Diacetyloninin_E1	genotype_pca_ridge	test	220	49	51	51	-0.013177954777671808	0.12426468288814368	0.22316742081447963	2535654.9643431073	4042262.200842565
20260608	metabolite__2pp_6pp_O_Diacetyloninin_E1	genotype_pca_population_ridge	test	220	49	51	51	-0.010965169928662588	0.1362999984192691	0.26723981900452487	2484153.600342237	4037845.6293786447
20260608	metabolite__Chrysoeriol_di_O_hexoside_E2	mean_baseline	test	220	49	51	51	-0.045718167507269314			287353.38235294115	489772.0990328232
20260608	metabolite__Chrysoeriol_di_O_hexoside_E2	population_ridge	test	220	49	51	51	0.025430593149700753	0.25927523188767243	0.26740640118900294	276532.63022119476	472817.0199400094
20260608	metabolite__Chrysoeriol_di_O_hexoside_E2	genotype_pca_ridge	test	220	49	51	51	-0.0769860074783062	-0.14036702348868876	0.0007698406130758765	286149.1993663164	497040.46255413943
20260608	metabolite__Chrysoeriol_di_O_hexoside_E2	genotype_pca_population_ridge	test	220	49	51	51	-0.045662669453449434	0.05765989670926314	0.20092840001280374	280954.98652752046	489759.1023383951
20260608	agri_aa_oil__Kernelthickness	mean_baseline	test	320	69	69	69	-0.007985312986797277			0.22861228562558872	0.275288270236813
20260608	agri_aa_oil__Kernelthickness	population_ridge	test	320	69	69	69	0.02826391030132025	0.20223246676148968	0.19582016481464165	0.2224374641207419	0.2702929828831154
20260608	agri_aa_oil__Kernelthickness	genotype_pca_ridge	test	320	69	69	69	0.04826424178691646	0.2472998173954295	0.25641681437991515	0.21534977292435284	0.26749692760458826
20260608	agri_aa_oil__Kernelthickness	genotype_pca_population_ridge	test	320	69	69	69	0.056966118907501695	0.26445239876077764	0.2675058002967439	0.2133550987674783	0.26627123521451523
20260608	metabolite__L_Proline_E2	mean_baseline	test	220	49	51	51	-0.026723220452531615			34188290.55258467	43111642.253961705
20260608	metabolite__L_Proline_E2	population_ridge	test	220	49	51	51	0.05840682137765474	0.3112412311713062	0.20001821688684568	33147804.3691628	41285688.023531
20260608	metabolite__L_Proline_E2	genotype_pca_ridge	test	220	49	51	51	0.003989649884838298	0.23058578598105153	0.1559018801006619	34150279.34990297	42461936.88029153
20260608	metabolite__L_Proline_E2	genotype_pca_population_ridge	test	220	49	51	51	0.037712022760142516	0.2997678430130238	0.2045476149141746	33726299.18096995	41736920.737616286
20260608	metabolite__N_Feruloyl_N_methoxyagmatine_E2	mean_baseline	test	220	49	51	51	-0.006065413246700402			1456925.182709447	2251547.4387753243
20260608	metabolite__N_Feruloyl_N_methoxyagmatine_E2	population_ridge	test	220	49	51	51	0.052287550078010336	0.23950729282566147	0.19581122417294647	1371308.928723097	2185275.945133061
20260608	metabolite__N_Feruloyl_N_methoxyagmatine_E2	genotype_pca_ridge	test	220	49	51	51	-0.07639586713453905	-0.04231302641430634	0.11411754970301226	1443868.6185183637	2328916.95707705
20260608	metabolite__N_Feruloyl_N_methoxyagmatine_E2	genotype_pca_population_ridge	test	220	49	51	51	-0.04039708347639093	0.059274486209574755	0.26423646925280814	1397793.7918791587	2289641.854027153
20260608	metabolite__Sphinganine_E2	mean_baseline	test	220	49	51	51	-0.021273997073715245			286474.54545454547	364093.78859946295
20260608	metabolite__Sphinganine_E2	population_ridge	test	220	49	51	51	-0.007524153465356509	0.14510699244760986	0.09215653817984722	272920.23605474405	361634.5086619826
20260608	metabolite__Sphinganine_E2	genotype_pca_ridge	test	220	49	51	51	-0.005041138058746286	0.12313275295661699	0.02884703430985881	280695.0585486003	361188.61464751896
20260608	metabolite__Sphinganine_E2	genotype_pca_population_ridge	test	220	49	51	51	0.00959809379173937	0.17534253359087135	0.10270812215817861	277306.4581443698	358548.4641870955
20260608	metabolite__L_Glutamic_acid_E1	mean_baseline	test	220	49	51	51	-0.007704879715990431			2602745.098039216	3615975.9934699284
20260608	metabolite__L_Glutamic_acid_E1	population_ridge	test	220	49	51	51	-0.041255146806149945	-0.11190718535432521	0.007557074026957431	2664602.304505348	3675677.82513805
20260608	metabolite__L_Glutamic_acid_E1	genotype_pca_ridge	test	220	49	51	51	-0.007569939893901756	0.056336211598845186	0.020227617305688454	2588912.8870330113	3615733.8811695413
20260608	metabolite__L_Glutamic_acid_E1	genotype_pca_population_ridge	test	220	49	51	51	-0.02410817953161204	-0.03496384616806719	0.024209788050432494	2611644.3957596067	3645287.4059770205
20260608	metabolite__Glutathione_E1	mean_baseline	test	220	49	51	51	-0.01828548780522521			901387.4331550801	1298606.8388770346
20260608	metabolite__Glutathione_E1	population_ridge	test	220	49	51	51	0.13736793865127905	0.40056550008935204	0.41285067873303166	871507.4596859739	1195241.6164926353
20260608	metabolite__Glutathione_E1	genotype_pca_ridge	test	220	49	51	51	0.07476003204161519	0.3189505478663334	0.35628959276018096	854502.7117250155	1237855.9282909574
20260608	metabolite__Glutathione_E1	genotype_pca_population_ridge	test	220	49	51	51	0.1300124196249386	0.4039761570909713	0.462262443438914	826603.2694975436	1200326.6122570897
20260608	metabolite__LPC1_acyl_16_0_1_E1	mean_baseline	test	220	49	51	51	-0.022645916438109204			3009021.92513369	4287669.030888779
20260608	metabolite__LPC1_acyl_16_0_1_E1	population_ridge	test	220	49	51	51	-0.06067156435119614	0.007878295311697236	0.04194665038744135	3081862.485003377	4366656.935677476
20260608	metabolite__LPC1_acyl_16_0_1_E1	genotype_pca_ridge	test	220	49	51	51	0.08120272516618221	0.31789883664660057	0.386298332640331	2769278.5291480864	4064138.122694292
20260608	metabolite__LPC1_acyl_16_0_1_E1	genotype_pca_population_ridge	test	220	49	51	51	0.07687862195632755	0.2991790317787543	0.3687413743336133	2793532.8120200564	4073690.3520116913
20260608	metabolite__Malvidin_di_O_hexoside_E2	mean_baseline	test	220	49	51	51	-0.0020952267578886463			282251.75579322636	356763.10522810667
20260608	metabolite__Malvidin_di_O_hexoside_E2	population_ridge	test	220	49	51	51	0.002536112693649839	0.2827696024679888	0.36519271019334887	281622.17573235655	355937.7322972291
20260608	metabolite__Malvidin_di_O_hexoside_E2	genotype_pca_ridge	test	220	49	51	51	0.027987066422243023	0.22872370496196562	0.25002839198629456	279230.9081359296	351367.396276993
20260608	metabolite__Malvidin_di_O_hexoside_E2	genotype_pca_population_ridge	test	220	49	51	51	0.04291926340572283	0.2925621326929109	0.28082341219109086	276836.3848982726	348658.0735136102
20260608	metabolite__L_Methionine_E2	mean_baseline	test	220	49	51	51	-0.07527942722384195			1973207.2192513368	2531163.569056402
20260608	metabolite__L_Methionine_E2	population_ridge	test	220	49	51	51	-0.1308030791909096	-0.011776074799179472	-0.10121827939874906	1994981.678092919	2595691.2547018584
20260608	metabolite__L_Methionine_E2	genotype_pca_ridge	test	220	49	51	51	-0.35320236487259415	-0.2540521872990816	-0.19885882095745283	2045509.5363320985	2839493.7477493063
20260608	metabolite__L_Methionine_E2	genotype_pca_population_ridge	test	220	49	51	51	-0.13273376003686588	-0.18668196274569862	-0.177935847766302	1973541.0220049834	2597906.1912472844
20260608	agri_aa_oil__Eardiameter	mean_baseline	test	320	69	70	70	-0.07936478974698602			0.2455088683878571	0.3080360566095795
20260608	agri_aa_oil__Eardiameter	population_ridge	test	320	69	70	70	-0.03495979181917397	0.22976935519279235	0.218686029218791	0.23837131581440754	0.3016332201772635
20260608	agri_aa_oil__Eardiameter	genotype_pca_ridge	test	320	69	70	70	0.10044011357236471	0.4187350719230835	0.33601609657947684	0.22264883763969978	0.28121110837751656
20260608	agri_aa_oil__Eardiameter	genotype_pca_population_ridge	test	320	69	70	70	0.11862100529254305	0.43627074679754474	0.3801417198845245	0.2203121150225761	0.2783548416280967
20260609	agri_aa_oil__Oil_OIL	mean_baseline	test	315	61	64	64	-0.019085838868331484			1.1986768865212798	2.0063171725751223
20260609	agri_aa_oil__Oil_OIL	population_ridge	test	315	61	64	64	0.3572257764541743	0.6946231550223273	0.3347985347985348	1.0545439769460285	1.5933949384386932
20260609	agri_aa_oil__Oil_OIL	genotype_pca_ridge	test	315	61	64	64	0.864257211724202	0.9322228249141716	0.6809523809523809	0.5852207886885679	0.7322385509516784
20260609	agri_aa_oil__Oil_OIL	genotype_pca_population_ridge	test	315	61	64	64	0.8661436937687366	0.9331308240386587	0.6870421245421244	0.5767113868027454	0.7271326154008476
20260609	agri_aa_oil__Oil_C18_2	mean_baseline	test	315	61	64	64	-0.012237322167584885			0.5704686541130952	0.9160901311970179
20260609	agri_aa_oil__Oil_C18_2	population_ridge	test	315	61	64	64	0.3873834739089138	0.7180087573730334	0.368040293040293	0.48642872914953317	0.7126747723760525
20260609	agri_aa_oil__Oil_C18_2	genotype_pca_ridge	test	315	61	64	64	0.7242093928561972	0.8631308426380906	0.3682234432234432	0.3760782209435236	0.47817489042806655
20260609	agri_aa_oil__Oil_C18_2	genotype_pca_population_ridge	test	315	61	64	64	0.7375859294320112	0.8691610138407025	0.3703296703296703	0.3608508818279965	0.4664344193511009
20260609	agri_aa_oil__Oil_C18_1	mean_baseline	test	315	61	64	64	-0.024370893048622833			0.5793929195947916	0.8765682684355453
20260609	agri_aa_oil__Oil_C18_1	population_ridge	test	315	61	64	64	0.3000419572662516	0.6269262831440515	0.35224358974358966	0.5245284911536062	0.724591331974156
20260609	agri_aa_oil__Oil_C18_1	genotype_pca_ridge	test	315	61	64	64	0.8535236241973495	0.92841741117012	0.748580586080586	0.25759091127234524	0.3314674775288314
20260609	agri_aa_oil__Oil_C18_1	genotype_pca_population_ridge	test	315	61	64	64	0.8526384720587901	0.9264134995731124	0.745054945054945	0.26363945069969974	0.33246749281721
20260609	agri_aa_oil__Oil_C20_0	mean_baseline	test	315	61	64	64	-0.015058399553415036			0.007173950933234127	0.010618926186872255
20260609	agri_aa_oil__Oil_C20_0	population_ridge	test	315	61	64	64	0.30382131460924966	0.6212836085030533	0.47948717948717945	0.006197308210822871	0.008794181985502043
20260609	agri_aa_oil__Oil_C20_0	genotype_pca_ridge	test	315	61	64	64	0.7798025507549553	0.8843470718842809	0.7709249084249084	0.003927900446209398	0.0049458532855040215
20260609	agri_aa_oil__Oil_C20_0	genotype_pca_population_ridge	test	315	61	64	64	0.7825411382961458	0.8852695661280666	0.7732142857142856	0.003883209384618639	0.004915001362024401
20260609	agri_aa_oil__Oil_C20_1	mean_baseline	test	315	61	64	64	-0.01052140516300315			0.0045957555052083335	0.006894462291019994
20260609	agri_aa_oil__Oil_C20_1	population_ridge	test	315	61	64	64	0.36120353586664755	0.6802230063276573	0.4216575091575091	0.004058795449414232	0.005481619594582957
20260609	agri_aa_oil__Oil_C20_1	genotype_pca_ridge	test	315	61	64	64	0.8011701683895395	0.8985197086056295	0.6798534798534798	0.0024912383063801337	0.0030582178179372195
20260609	agri_aa_oil__Oil_C20_1	genotype_pca_population_ridge	test	315	61	64	64	0.804625402282927	0.9004496912766928	0.6777014652014651	0.002465861779995212	0.0030315287433003383
20260609	agri_aa_oil__Oil_C16_0	mean_baseline	test	315	61	64	64	-0.016330682915626227			0.13200788668551589	0.2164917639306773
20260609	agri_aa_oil__Oil_C16_0	population_ridge	test	315	61	64	64	0.25570224900541094	0.5921521417811092	0.44597069597069594	0.11586361072501435	0.18526663513479127
20260609	agri_aa_oil__Oil_C16_0	genotype_pca_ridge	test	315	61	64	64	0.7472383522506372	0.8794224437525809	0.6665750915750914	0.08307632903639145	0.10796412003598264
20260609	agri_aa_oil__Oil_C16_0	genotype_pca_population_ridge	test	315	61	64	64	0.7545774636074286	0.8832908825547987	0.6670329670329669	0.0821655963838294	0.1063851672114203
20260609	agri_aa_oil__Oil_C18_0	mean_baseline	test	315	61	64	64	-0.01881958014844587			0.034940956477430556	0.055379160612055243
20260609	agri_aa_oil__Oil_C18_0	population_ridge	test	315	61	64	64	0.33944127834801463	0.6783351124596881	0.5014194139194139	0.029749620314180047	0.044591639767717545
20260609	agri_aa_oil__Oil_C18_0	genotype_pca_ridge	test	315	61	64	64	0.724620156457522	0.8520619944233354	0.7027472527472526	0.019951035150079403	0.028791467526462892
20260609	agri_aa_oil__Oil_C18_0	genotype_pca_population_ridge	test	315	61	64	64	0.7306306415752425	0.8551440966397388	0.7061355311355311	0.019599945014753897	0.028475530473018318
20260609	agri_aa_oil__kernellength	mean_baseline	test	320	68	70	70	-0.027346677650574858			0.6280317011729466	0.7716540726469995
20260609	agri_aa_oil__kernellength	population_ridge	test	320	68	70	70	0.4936885917931846	0.7215807702240806	0.759789341194787	0.41536293367243216	0.5417176661662597
20260609	agri_aa_oil__kernellength	genotype_pca_ridge	test	320	68	70	70	0.4808823424897105	0.6995485600130784	0.6910102531064345	0.42590688581344927	0.5485257791167393
20260609	agri_aa_oil__kernellength	genotype_pca_population_ridge	test	320	68	70	70	0.5121479210393147	0.7527967195909949	0.7392308500974035	0.4184611849818512	0.5317508861103223
20260609	agri_aa_oil__Oil_C16_1	mean_baseline	test	315	61	64	64	-0.002938315747924136			0.0019207676827380955	0.002438296058236542
20260609	agri_aa_oil__Oil_C16_1	population_ridge	test	315	61	64	64	-0.002607974299818183	0.1838073809104224	0.15576923076923077	0.002017295979574614	0.0024378944699363276
20260609	agri_aa_oil__Oil_C16_1	genotype_pca_ridge	test	315	61	64	64	0.4021976860051907	0.6568404515438275	0.556135531135531	0.0014840310555109828	0.001882470247439254
20260609	agri_aa_oil__Oil_C16_1	genotype_pca_population_ridge	test	315	61	64	64	0.42759718205999675	0.671395961236129	0.5648351648351648	0.001462239676824688	0.0018420448770490499
20260609	agri_aa_oil__Oil_C200_C220	mean_baseline	test	315	61	64	64	-0.011443407817199658			0.36138335062663685	0.4974770742187634
20260609	agri_aa_oil__Oil_C200_C220	population_ridge	test	315	61	64	64	0.28035779973207375	0.6059541268852151	0.528937728937729	0.31207991283630915	0.4196242603440457
20260609	agri_aa_oil__Oil_C200_C220	genotype_pca_ridge	test	315	61	64	64	0.6808325803413215	0.8261487896098397	0.6856684981684981	0.2247602779453286	0.2794547871668741
20260609	agri_aa_oil__Oil_C200_C220	genotype_pca_population_ridge	test	315	61	64	64	0.6839889202747209	0.8279766337243732	0.6907967032967032	0.22225515860510292	0.2780695488513439
20260609	agri_aa_oil__Oil_C182_C183	mean_baseline	test	315	61	64	64	-0.0031101389814951474			7.884053745193453	11.310242562636631
20260609	agri_aa_oil__Oil_C182_C183	population_ridge	test	315	61	64	64	0.35726126499453037	0.7080281624890975	0.44157509157509156	6.664014942890062	9.053465392974855
20260609	agri_aa_oil__Oil_C182_C183	genotype_pca_ridge	test	315	61	64	64	0.5440938994627423	0.7520922826373941	0.38928571428571423	6.10186492446598	7.62492033914297
20260609	agri_aa_oil__Oil_C182_C183	genotype_pca_population_ridge	test	315	61	64	64	0.559213328332471	0.7602432820822611	0.41616300366300363	6.108373657119472	7.49741992413552
20260609	agri_aa_oil__Oil_C18_3P	mean_baseline	test	315	61	64	64	-0.0031705550248632974			0.24569651392187497	0.30998605694610354
20260609	agri_aa_oil__Oil_C18_3P	population_ridge	test	315	61	64	64	0.24418360911928938	0.5306550931800011	0.4351190476190475	0.21717667096667617	0.26906854154141213
20260609	agri_aa_oil__Oil_C18_3P	genotype_pca_ridge	test	315	61	64	64	0.5618106037000576	0.7513145244714177	0.6522893772893773	0.16520987817061017	0.20487346075757237
20260609	agri_aa_oil__Oil_C18_3P	genotype_pca_population_ridge	test	315	61	64	64	0.5616133493417668	0.7510424945366422	0.6550366300366299	0.1648374748533866	0.20491956825861263
20260609	metabolite__L_Threonine_E1	mean_baseline	test	228	48	44	44	-0.2502324144873942			301566.1881977672	354326.07499807706
20260609	metabolite__L_Threonine_E1	population_ridge	test	228	48	44	44	-0.30424243997847955	0.08257355914946984	0.07195968606305474	300328.2711924969	361898.5975774941
20260609	metabolite__L_Threonine_E1	genotype_pca_ridge	test	228	48	44	44	-0.07604471196004048	0.3373224832355126	0.40441202608208426	269580.22810834093	328717.5526776295
20260609	metabolite__L_Threonine_E1	genotype_pca_population_ridge	test	228	48	44	44	-0.07720212812946436	0.35150827827022546	0.43788984281073373	272184.4226325033	328894.29289711575
20260609	metabolite__L_Proline_E1	mean_baseline	test	228	48	44	44	-0.012173359321513866			12051393.540669857	15822845.335897543
20260609	metabolite__L_Proline_E1	population_ridge	test	228	48	44	44	0.020308099692370796	0.19342143688746152	0.22981782318084082	12075628.333027713	15566891.217665533
20260609	metabolite__L_Proline_E1	genotype_pca_ridge	test	228	48	44	44	-0.04212743198204971	0.16578814807641884	0.1201592727762446	12644668.766330568	16055267.499147238
20260609	metabolite__L_Proline_E1	genotype_pca_population_ridge	test	228	48	44	44	-0.011024367268751778	0.23090233691491838	0.2000775222356354	12464077.352555849	15813861.950907217
20260609	metabolite__Trigonelline_E1	mean_baseline	test	228	48	44	44	-0.04022429515124637			1652251.3157894737	2171625.761180082
20260609	metabolite__Trigonelline_E1	population_ridge	test	228	48	44	44	-0.027973560648131057	0.2151577417050822	0.24852863821969984	1661047.4495671177	2158800.255964644
20260609	metabolite__Trigonelline_E1	genotype_pca_ridge	test	228	48	44	44	0.0450799569923479	0.32289828091416173	0.33409692148649384	1619906.3208115979	2080678.564166576
20260609	metabolite__Trigonelline_E1	genotype_pca_population_ridge	test	228	48	44	44	0.05893761306921441	0.35256286472915105	0.3518590362996998	1612855.134854514	2065526.1436260405
20260609	agri_aa_oil__Earlength	mean_baseline	test	321	68	70	70	-0.0431688904547185			0.8878676834869161	1.1841929199271999
20260609	agri_aa_oil__Earlength	population_ridge	test	321	68	70	70	0.021930166095315173	0.27623685154892247	0.3031957238828632	0.8609304367419146	1.1466478970527318
20260609	agri_aa_oil__Earlength	genotype_pca_ridge	test	321	68	70	70	0.0367024976028667	0.2835135443065225	0.19534769791402667	0.8742349952986753	1.1379557217175613
20260609	agri_aa_oil__Earlength	genotype_pca_population_ridge	test	321	68	70	70	0.04573156130200273	0.3033287963164591	0.21753317762338495	0.8673745575078	1.1326100914697277
20260609	metabolite__Benzamidine_E1	mean_baseline	test	228	48	44	44	-0.30128996685257525			256148.72408293458	305835.35259854095
20260609	metabolite__Benzamidine_E1	population_ridge	test	228	48	44	44	-0.5878585648535433	0.2470405650622956	0.24920713290448246	266253.0706328234	337836.4874045379
20260609	metabolite__Benzamidine_E1	genotype_pca_ridge	test	228	48	44	44	-0.7047186747042997	0.053221405904661664	0.0617379661833503	295400.1121236667	350047.5193633788
20260609	metabolite__Benzamidine_E1	genotype_pca_population_ridge	test	228	48	44	44	-0.7519217920652455	0.11918769041986663	0.1722461065663335	299256.40139910456	354860.7796462487
20260609	agri_aa_oil__Oil_C16_0P	mean_baseline	test	315	61	64	64	-0.009738272823147875			1.182506275952381	1.5427314943419665
20260609	agri_aa_oil__Oil_C16_0P	population_ridge	test	315	61	64	64	0.17152148890744345	0.4298326700278254	0.3804029304029304	1.0838539310013253	1.3974187326293346
20260609	agri_aa_oil__Oil_C16_0P	genotype_pca_ridge	test	315	61	64	64	0.2605743928973616	0.5984701850139358	0.5491758241758241	1.0452362573894618	1.3201800935195436
20260609	agri_aa_oil__Oil_C16_0P	genotype_pca_population_ridge	test	315	61	64	64	0.23358139795132327	0.5938907767121958	0.5537545787545787	1.0509824571202253	1.3440609245792332
20260609	agri_aa_oil__Oil_C22_0	mean_baseline	test	315	61	64	64	-0.006909105265589632			0.0019556887205853177	0.0023839611386253473
20260609	agri_aa_oil__Oil_C22_0	population_ridge	test	315	61	64	64	0.17234524189829747	0.42717532741100717	0.4695054945054945	0.0018229508122433937	0.002161367643447853
20260609	agri_aa_oil__Oil_C22_0	genotype_pca_ridge	test	315	61	64	64	0.38845291661926773	0.6336210401537955	0.6367216117216117	0.0014481778755952369	0.001857885679364893
20260609	agri_aa_oil__Oil_C22_0	genotype_pca_population_ridge	test	315	61	64	64	0.3768385756199857	0.6293048768963521	0.6481684981684981	0.0014717534110091361	0.001875444938814803
20260609	metabolite__Glu_Glu_E2	mean_baseline	test	228	48	44	44	-0.006442051972569418			2753043.0622009574	5271782.50522682
20260609	metabolite__Glu_Glu_E2	population_ridge	test	228	48	44	44	-0.00559371235203221	0.09340041337632121	-0.03390308422679399	2755508.138576402	5269560.21891299
20260609	metabolite__Glu_Glu_E2	genotype_pca_ridge	test	228	48	44	44	-0.04465937780079643	-0.01582179980299156	-0.21011454070701224	3098367.2530086357	5370941.8561131265
20260609	metabolite__Glu_Glu_E2	genotype_pca_population_ridge	test	228	48	44	44	-0.039529958721767455	0.0008797087043465324	-0.20792951864665754	3082564.568057753	5357739.6038651075
20260609	agri_aa_oil__Oil_SFA_USFA	mean_baseline	test	315	61	64	64	-0.006890314896228267			0.01945057947668651	0.02497790447047983
20260609	agri_aa_oil__Oil_SFA_USFA	population_ridge	test	315	61	64	64	0.11605353879170432	0.35642157331768487	0.3777472527472527	0.018025915249757753	0.023403343086335064
20260609	agri_aa_oil__Oil_SFA_USFA	genotype_pca_ridge	test	315	61	64	64	0.18660197651618793	0.5346022069702752	0.48406593406593396	0.01818602737296502	0.022450006698895856
20260609	agri_aa_oil__Oil_SFA_USFA	genotype_pca_population_ridge	test	315	61	64	64	0.15439067137677653	0.5266478909328727	0.48905677655677654	0.018269733711684756	0.022890211277474426
20260609	metabolite__Np_Npp_Feruloyl_caffeoyl_spermidine_derivative_E2	mean_baseline	test	228	48	44	44	-0.015182325483367176			1494932.6754385966	3022973.1676442404
20260609	metabolite__Np_Npp_Feruloyl_caffeoyl_spermidine_derivative_E2	population_ridge	test	228	48	44	44	-0.04645702592860701	0.0034754402233109338	0.36003524788038194	1358618.9389129719	3069184.2962441007
20260609	metabolite__Np_Npp_Feruloyl_caffeoyl_spermidine_derivative_E2	genotype_pca_ridge	test	228	48	44	44	-0.01923698747702307	-0.02315852771305452	0.36729515988736694	1467493.697547451	3029004.0645890725
20260609	metabolite__Np_Npp_Feruloyl_caffeoyl_spermidine_derivative_E2	genotype_pca_population_ridge	test	228	48	44	44	-0.023863891148387495	-0.05878114413403669	0.20285462870002724	1464263.3059517809	3035871.476565834
20260609	metabolite__5_Hydroxyindoleacetic_acid_E1	mean_baseline	test	228	48	44	44	-0.002048104456847444			3582667.4641148327	4502091.6210349975
20260609	metabolite__5_Hydroxyindoleacetic_acid_E1	population_ridge	test	228	48	44	44	-0.0028045317160465544	0.15506703059532323	0.17928118393234668	3667293.8847989705	4503790.572594809
20260609	metabolite__5_Hydroxyindoleacetic_acid_E1	genotype_pca_ridge	test	228	48	44	44	0.1999619479854261	0.4722443404731815	0.5186751233262861	3149093.943938174	4022771.507355039
20260609	metabolite__5_Hydroxyindoleacetic_acid_E1	genotype_pca_population_ridge	test	228	48	44	44	0.22453592373151487	0.5072016830804774	0.5231853417899929	3088034.6224743878	3960507.9138312032
20260609	metabolite__DIMBOA_glucoside_E1	mean_baseline	test	228	48	44	44	-0.005673611693822078			374070.7816985646	594132.2057972155
20260609	metabolite__DIMBOA_glucoside_E1	population_ridge	test	228	48	44	44	-0.007816085862446531	0.12057589061137712	0.09979209985405416	375085.2922128895	594764.7349104037
20260609	metabolite__DIMBOA_glucoside_E1	genotype_pca_ridge	test	228	48	44	44	-0.053322713680776346	0.016341263550031224	-0.059762500477569154	407742.9144395148	608044.3984438272
20260609	metabolite__DIMBOA_glucoside_E1	genotype_pca_population_ridge	test	228	48	44	44	-0.03739766348320517	0.08928222004484637	0.01945100251392581	406910.68677095807	603430.4200864389
20260609	agri_aa_oil__Oil_C18_1P	mean_baseline	test	315	61	64	64	-0.020176135991502697			5.39674978419494	6.582376210390947
20260609	agri_aa_oil__Oil_C18_1P	population_ridge	test	315	61	64	64	0.15113227126467266	0.4330820570045578	0.4545787545787545	4.823958286671017	6.004338001889551
20260609	agri_aa_oil__Oil_C18_1P	genotype_pca_ridge	test	315	61	64	64	0.38310858325435604	0.6436214915101447	0.6284340659340658	3.9147590859695476	5.118579866662532
20260609	agri_aa_oil__Oil_C18_1P	genotype_pca_population_ridge	test	315	61	64	64	0.3786468019569742	0.6803658236393519	0.6928113553113552	3.930655511633768	5.137057054850449
20260609	agri_aa_oil__Oil_C18_2P	mean_baseline	test	315	61	64	64	-0.01646279778075299			4.848739254417659	6.065066292992224
20260609	agri_aa_oil__Oil_C18_2P	population_ridge	test	315	61	64	64	0.1905301865917005	0.45856111649226267	0.42499999999999993	4.333040481744951	5.412403135540859
20260609	agri_aa_oil__Oil_C18_2P	genotype_pca_ridge	test	315	61	64	64	0.23449192492122095	0.5430196665837004	0.5518772893772893	4.084103790873412	5.26337964051708
20260609	agri_aa_oil__Oil_C18_2P	genotype_pca_population_ridge	test	315	61	64	64	0.31472155107901867	0.6044842167267461	0.5871794871794871	3.9048884597275486	4.97993122624258
20260609	agri_aa_oil__Silkingtime	mean_baseline	test	321	68	70	70	-9.724529380461533e-05			2.4329373462394304	3.1196987018907336
20260609	agri_aa_oil__Silkingtime	population_ridge	test	321	68	70	70	0.3746221198706732	0.6182699305126623	0.5078176322437157	2.0389839175571898	2.466963902012245
20260609	agri_aa_oil__Silkingtime	genotype_pca_ridge	test	321	68	70	70	0.31051063510514587	0.5641516557945684	0.5817504198463931	1.9866657357825899	2.59033135506847
20260609	agri_aa_oil__Silkingtime	genotype_pca_population_ridge	test	321	68	70	70	0.3415642906026233	0.5918266911138927	0.5553796006943849	1.9725664927572868	2.531326844514523
20260609	metabolite__Pyroglutamic_acid_E1	mean_baseline	test	228	48	44	44	-0.0007407760940203456			77235.84529505581	110466.00169825289
20260609	metabolite__Pyroglutamic_acid_E1	population_ridge	test	228	48	44	44	0.005800200814776391	0.08661854139063557	0.17226431985506138	76118.14033197361	110104.39950406791
20260609	metabolite__Pyroglutamic_acid_E1	genotype_pca_ridge	test	228	48	44	44	0.032588986328736635	0.18526971935025627	0.05786784230810367	81390.87901264719	108610.88458170109
20260609	metabolite__Pyroglutamic_acid_E1	genotype_pca_population_ridge	test	228	48	44	44	0.038513861081561296	0.20083372814268305	0.09881938479410637	80608.07356813733	108277.7820069459
20260609	agri_aa_oil__Pollenshed	mean_baseline	test	321	68	70	70	-0.0001919405120511808			2.437552714285715	3.1066902951755573
20260609	agri_aa_oil__Pollenshed	population_ridge	test	321	68	70	70	0.46389655253118767	0.6833584932562757	0.6416147594853288	1.9252936718392586	2.2744719508267446
20260609	agri_aa_oil__Pollenshed	genotype_pca_ridge	test	321	68	70	70	0.3619182520810229	0.6054859708093411	0.5809827159143613	1.921367927744402	2.4813866786760896
20260609	agri_aa_oil__Pollenshed	genotype_pca_population_ridge	test	321	68	70	70	0.4250165065487769	0.6574269978195405	0.6088052120984416	1.8280324730819555	2.355504693855936
20260609	agri_aa_oil__Oil_C24_0P	mean_baseline	test	315	61	64	64	-0.020954324487789444			0.07362357932941468	0.08583247481101955
20260609	agri_aa_oil__Oil_C24_0P	population_ridge	test	315	61	64	64	0.15099407749091198	0.41169079257548935	0.41643772893772896	0.06610343543020074	0.07827153268942474
20260609	agri_aa_oil__Oil_C24_0P	genotype_pca_ridge	test	315	61	64	64	0.36391318895841407	0.6063775182938194	0.6066849816849816	0.05233350416082147	0.06774959035469912
20260609	agri_aa_oil__Oil_C24_0P	genotype_pca_population_ridge	test	315	61	64	64	0.40021021970337933	0.6347512945302658	0.6384157509157509	0.05090586605191248	0.06578820075739478
20260609	metabolite__Coumaroylserotonin_E1	mean_baseline	test	228	48	44	44	-0.0013081977574491699			570646.7304625198	808174.2409070093
20260609	metabolite__Coumaroylserotonin_E1	population_ridge	test	228	48	44	44	0.019437981992377118	0.17031838591805706	0.41014799154334036	556287.8349680804	799758.1077116844
20260609	metabolite__Coumaroylserotonin_E1	genotype_pca_ridge	test	228	48	44	44	0.12436867899954085	0.3596681050017345	0.26159267089499644	548635.8204505318	755756.275288814
20260609	metabolite__Coumaroylserotonin_E1	genotype_pca_population_ridge	test	228	48	44	44	0.1460554815531102	0.3827766338568068	0.45017618040873847	527433.4788672329	746338.6723421972
20260609	metabolite__N_caffeoyl_O_hexoside_spermidine_E1	mean_baseline	test	228	48	44	44	-0.38825136011619743			423685.25119617226	462083.5376938803
20260609	metabolite__N_caffeoyl_O_hexoside_spermidine_E1	population_ridge	test	228	48	44	44	0.061005985154030884	0.6276769040158899	0.21896472757524454	330846.40146484727	380029.9764252118
20260609	metabolite__N_caffeoyl_O_hexoside_spermidine_E1	genotype_pca_ridge	test	228	48	44	44	-3.0917620296293222	0.2124834285520937	0.36068924226910254	494718.96088753495	793307.6214255126
20260609	metabolite__N_caffeoyl_O_hexoside_spermidine_E1	genotype_pca_population_ridge	test	228	48	44	44	-0.8012097701432288	0.28414204582959623	0.40487684580617317	401532.6644354712	526342.6827106707
20260609	agri_aa_oil__Headingdate	mean_baseline	test	321	68	70	70	-0.0017717494822588886			2.4677525331553176	3.2099944115648076
20260609	agri_aa_oil__Headingdate	population_ridge	test	321	68	70	70	0.45379845898280646	0.6789783129826491	0.6860027715214045	1.8885691795485082	2.3702619607479565
20260609	agri_aa_oil__Headingdate	genotype_pca_ridge	test	321	68	70	70	0.2932865351923575	0.5535965623551496	0.5101580185428418	2.1013666098566772	2.6961345959180507
20260609	agri_aa_oil__Headingdate	genotype_pca_population_ridge	test	321	68	70	70	0.38579904810874177	0.6275698583611159	0.6027613057119684	1.9104016248736677	2.5134782346084132
20260609	metabolite__Tryptamine_E1	mean_baseline	test	228	48	44	44	-0.030644892736679585			2923387.4003189798	5804349.919957773
20260609	metabolite__Tryptamine_E1	population_ridge	test	228	48	44	44	0.009026928775984988	0.2051164440952512	0.3142464500347652	2900867.2190225814	5691542.525943416
20260609	metabolite__Tryptamine_E1	genotype_pca_ridge	test	228	48	44	44	0.033479383079141334	0.35453303753184634	0.28993269689235796	2827523.3499202165	5620883.962571464
20260609	metabolite__Tryptamine_E1	genotype_pca_population_ridge	test	228	48	44	44	0.0632204428865688	0.4491023377710682	0.43518094392569523	2786919.8472951604	5533727.395870627
20260609	agri_aa_oil__Oil_C181_C182	mean_baseline	test	315	61	64	64	-0.022483432133513892			0.17448103407286708	0.22624427644671827
20260609	agri_aa_oil__Oil_C181_C182	population_ridge	test	315	61	64	64	0.1446299316489459	0.4222182838976123	0.43003663003662995	0.15433567966339118	0.20693144284592518
20260609	agri_aa_oil__Oil_C181_C182	genotype_pca_ridge	test	315	61	64	64	0.23625613704921122	0.5588799799145125	0.5687271062271062	0.1382381465921857	0.19553446981228975
20260609	agri_aa_oil__Oil_C181_C182	genotype_pca_population_ridge	test	315	61	64	64	0.3004752284719763	0.6106613988043179	0.628525641025641	0.13169400995180777	0.18713327169463248
20260609	agri_aa_oil__Leafnumberaboveear	mean_baseline	test	321	68	70	70	-0.0033763082868700778			0.5112935421000001	0.6560322613148718
20260609	agri_aa_oil__Leafnumberaboveear	population_ridge	test	321	68	70	70	0.28780685444140985	0.5534876609307112	0.5377482285014434	0.4249173410922322	0.5527034437732766
20260609	agri_aa_oil__Leafnumberaboveear	genotype_pca_ridge	test	321	68	70	70	0.16174734949071	0.43394927366769126	0.4521914093255183	0.45770700016094373	0.5996263972634952
20260609	agri_aa_oil__Leafnumberaboveear	genotype_pca_population_ridge	test	321	68	70	70	0.2796209372001025	0.5641906398948182	0.5448167264456303	0.4281040002050225	0.5558707433254605
20260609	agri_aa_oil__Oil_C16_1P	mean_baseline	test	315	61	64	64	-0.006094390050878085			0.032182428067956355	0.04173853299577894
20260609	agri_aa_oil__Oil_C16_1P	population_ridge	test	315	61	64	64	0.07767818752953848	0.30077498303656414	0.2675824175824175	0.030539398886434508	0.0399630896010909
20260609	agri_aa_oil__Oil_C16_1P	genotype_pca_ridge	test	315	61	64	64	-0.12475653564273426	0.21827994792285454	0.2987637362637362	0.030910598391129283	0.04413133645583562
20260609	agri_aa_oil__Oil_C16_1P	genotype_pca_population_ridge	test	315	61	64	64	-0.10696584948104904	0.23011381323745903	0.29720695970695965	0.031085736445211138	0.043780924526494784
20260609	metabolite__L_Aspartic_acid_E1	mean_baseline	test	228	48	44	44	-0.13011082339906133			1057926.63476874	1534403.6851458156
20260609	metabolite__L_Aspartic_acid_E1	population_ridge	test	228	48	44	44	-0.3348879289808977	0.09941499449655948	0.1306692046629809	1174414.404985631	1667636.986018324
20260609	metabolite__L_Aspartic_acid_E1	genotype_pca_ridge	test	228	48	44	44	-0.49384449514030737	0.08897238253786904	0.13073968427714647	1260271.2689210037	1764134.9792217638
20260609	metabolite__L_Aspartic_acid_E1	genotype_pca_population_ridge	test	228	48	44	44	-0.4703114086945708	0.10165844378022065	0.12270500826227063	1234913.523718033	1750184.2821407083
20260609	metabolite__Feruloyltryptamine_E1	mean_baseline	test	228	48	44	44	-0.07251304273472736			17977738.516746413	23350828.49023741
20260609	metabolite__Feruloyltryptamine_E1	population_ridge	test	228	48	44	44	0.011186350062209027	0.31019371784568095	0.3112050739957717	16848547.448009416	22421167.818877168
20260609	metabolite__Feruloyltryptamine_E1	genotype_pca_ridge	test	228	48	44	44	0.03239517795870839	0.3187740283375875	0.4263565891472868	16570654.05242122	22179411.309932474
20260609	metabolite__Feruloyltryptamine_E1	genotype_pca_population_ridge	test	228	48	44	44	0.05572198990149635	0.35546377293359255	0.4503171247357293	16114358.803401865	21910432.022816986
20260609	metabolite__L_saccharopine_E1	mean_baseline	test	228	48	44	44	-0.2635064591032985			280906.8652312601	331195.2007296348
20260609	metabolite__L_saccharopine_E1	population_ridge	test	228	48	44	44	-0.5043623911367916	0.15365299390540602	-0.05116279069767441	293766.3255910386	361386.1759096796
20260609	metabolite__L_saccharopine_E1	genotype_pca_ridge	test	228	48	44	44	-0.7173423824863112	0.2962390590583628	0.20310077519379843	320949.75701545755	386121.2875713815
20260609	metabolite__L_saccharopine_E1	genotype_pca_population_ridge	test	228	48	44	44	-0.7488800844697241	0.3037309908661431	0.1412262156448203	325765.0124879897	389650.571728774
20260609	agri_aa_oil__Oil_C160_C180	mean_baseline	test	315	61	64	64	-0.012906729862264488			1.4725164633415182	1.800547551920001
20260609	agri_aa_oil__Oil_C160_C180	population_ridge	test	315	61	64	64	0.11599815537958236	0.36233947725534266	0.3468406593406593	1.3756491051704351	1.6820792473587873
20260609	agri_aa_oil__Oil_C160_C180	genotype_pca_ridge	test	315	61	64	64	0.3265493981063382	0.6679747378862357	0.6107142857142855	1.2071602347964185	1.4681578103294248
20260609	agri_aa_oil__Oil_C160_C180	genotype_pca_population_ridge	test	315	61	64	64	0.3606938761186287	0.6704186952816017	0.6138278388278388	1.1752401251887439	1.4304553270690428
20260609	metabolite__L_Tyrosine_E1	mean_baseline	test	228	48	44	44	-0.0638151436458283			25769.73086124401	35831.21612035726
20260609	metabolite__L_Tyrosine_E1	population_ridge	test	228	48	44	44	-0.039198900448446095	0.27442682118281925	0.1739314282766989	27053.725204898186	35414.2300069154
20260609	metabolite__L_Tyrosine_E1	genotype_pca_ridge	test	228	48	44	44	-0.03515234869676398	0.2681619380161791	0.19972514900168747	26556.228543986683	35345.21276125724
20260609	metabolite__L_Tyrosine_E1	genotype_pca_population_ridge	test	228	48	44	44	-0.028834490389064493	0.2818804078652731	0.1962014166622082	26338.744392162967	35237.1862389901
20260609	metabolite__L_saccharopine_E2	mean_baseline	test	228	48	44	44	-0.0010876521010398932			3146617.424242424	6323234.416058706
20260609	metabolite__L_saccharopine_E2	population_ridge	test	228	48	44	44	-0.001181489430876148	-0.0013950330189849737	0.04595432805736642	3146599.494605838	6323530.764499494
20260609	metabolite__L_saccharopine_E2	genotype_pca_ridge	test	228	48	44	44	0.02787106435148512	0.16829647740052528	0.16901607159749182	3384039.8076114804	6231106.3710698085
20260609	metabolite__L_saccharopine_E2	genotype_pca_population_ridge	test	228	48	44	44	0.022496836562797662	0.15433934505029712	0.14307865944241388	3377996.4002284203	6248306.368486139
20260609	agri_aa_oil__AA_Arg	mean_baseline	test	291	57	64	64	-0.0017637281191982268			0.9160521339248282	1.1725558026309375
20260609	agri_aa_oil__AA_Arg	population_ridge	test	291	57	64	64	0.24949254596434745	0.5148753389903883	0.4755036630036629	0.7954573313559605	1.0149119681511518
20260609	agri_aa_oil__AA_Arg	genotype_pca_ridge	test	291	57	64	64	0.2220887652518816	0.5095022651474248	0.6109890109890109	0.771372683631655	1.033274926047729
20260609	agri_aa_oil__AA_Arg	genotype_pca_population_ridge	test	291	57	64	64	0.329874436581743	0.6065303734645444	0.6426282051282051	0.7194738190630514	0.9590228646006488
20260609	agri_aa_oil__Oil_C22_0P	mean_baseline	test	315	61	64	64	-0.004750296860381198			0.04252906050034722	0.050972493524119665
20260609	agri_aa_oil__Oil_C22_0P	population_ridge	test	315	61	64	64	0.07212829553738209	0.2887794520776811	0.2173534798534798	0.04190732840110381	0.0489836082695308
20260609	agri_aa_oil__Oil_C22_0P	genotype_pca_ridge	test	315	61	64	64	0.21446157034075863	0.49487160836628424	0.5327838827838827	0.032281929978870305	0.04507030799254749
20260609	agri_aa_oil__Oil_C22_0P	genotype_pca_population_ridge	test	315	61	64	64	0.18852875592506624	0.4792753535935836	0.5294413919413918	0.032602405426129355	0.045808215628685305
20260609	metabolite__Feruloyltryptamine_E2	mean_baseline	test	228	48	44	44	-0.01838009072201663			22197769.85645933	28753834.8385491
20260609	metabolite__Feruloyltryptamine_E2	population_ridge	test	228	48	44	44	0.0790162718598133	0.3125472753558272	0.40359471992229184	20615439.217175175	27344299.505124666
20260609	metabolite__Feruloyltryptamine_E2	genotype_pca_ridge	test	228	48	44	44	0.11478235891080557	0.39013282712309827	0.33268722983465204	20525976.139966425	26808088.823448196
20260609	metabolite__Feruloyltryptamine_E2	genotype_pca_population_ridge	test	228	48	44	44	0.15782303753922178	0.42737242565861944	0.5101674088015279	19869287.609687466	26148242.398835953
20260609	agri_aa_oil__Oil_C20_0P	mean_baseline	test	315	61	64	64	-9.427368613956766e-05			0.07836825782619047	0.09640830405961712
20260609	agri_aa_oil__Oil_C20_0P	population_ridge	test	315	61	64	64	0.002453496274053779	0.2086618842588815	0.2617216117216117	0.07836379123966866	0.09628542423616145
20260609	agri_aa_oil__Oil_C20_0P	genotype_pca_ridge	test	315	61	64	64	0.13566890700676015	0.4310994027320612	0.4681776556776557	0.06680305169822717	0.08962600550959941
20260609	agri_aa_oil__Oil_C20_0P	genotype_pca_population_ridge	test	315	61	64	64	0.09741958828281294	0.40916695875436904	0.4322802197802198	0.06825367887846227	0.09158765190276648
20260609	metabolite__L_Arginine_E1	mean_baseline	test	228	48	44	44	-0.058016682801922626			3901832.137161084	4860692.975910987
20260609	metabolite__L_Arginine_E1	population_ridge	test	228	48	44	44	0.20098111928385398	0.5145484382143373	0.5250026459193876	3290630.215251149	4224063.642098136
20260609	metabolite__L_Arginine_E1	genotype_pca_ridge	test	228	48	44	44	-0.040122087347594704	0.3074630722382927	0.33428480998733456	3713394.9719392955	4819412.40800275
20260609	metabolite__L_Arginine_E1	genotype_pca_population_ridge	test	228	48	44	44	0.11671130919940031	0.49229713937549907	0.4897628388365988	3524166.86796734	4441230.022952316
20260609	agri_aa_oil__Oil_C18_3	mean_baseline	test	315	61	64	64	-0.011465972747708664			0.0075981315166170635	0.009540738204490324
20260609	agri_aa_oil__Oil_C18_3	population_ridge	test	315	61	64	64	0.038324673978493706	0.23626050345489918	0.24945054945054942	0.007445988077579616	0.009302947653651425
20260609	agri_aa_oil__Oil_C18_3	genotype_pca_ridge	test	315	61	64	64	0.26984872396428883	0.556138766687781	0.5130036630036628	0.006495143472728888	0.008106115076988808
20260609	agri_aa_oil__Oil_C18_3	genotype_pca_population_ridge	test	315	61	64	64	0.25940210892940607	0.5509691550897566	0.5016941391941391	0.006622994652601945	0.008163898114383842
20260609	metabolite__Serotonin_E2	mean_baseline	test	228	48	44	44	-0.05733339220399425			270736.28389154706	363297.394878561
20260609	metabolite__Serotonin_E2	population_ridge	test	228	48	44	44	-0.4737174654147218	0.1518903165054724	0.25965604994376984	323876.2464704195	428907.28701110947
20260609	metabolite__Serotonin_E2	genotype_pca_ridge	test	228	48	44	44	-0.06099295917388581	0.303897952857732	0.31970679765063514	283910.87420361507	363925.5613304037
20260609	metabolite__Serotonin_E2	genotype_pca_population_ridge	test	228	48	44	44	-0.11619602379287608	0.3420253601178993	0.41697209323217754	295935.3821557564	373272.9724607046
20260609	metabolite__N_Coumaroyltryptamine_E2	mean_baseline	test	228	48	44	44	-0.008433403587253752			16949693.740031898	21867630.99407079
20260609	metabolite__N_Coumaroyltryptamine_E2	population_ridge	test	228	48	44	44	0.09364305181636501	0.3178829081881319	0.46659149039841374	15239105.46201574	20731358.391189534
20260609	metabolite__N_Coumaroyltryptamine_E2	genotype_pca_ridge	test	228	48	44	44	0.027229634286180304	0.34027117529146556	0.4213419833235222	16637881.712445747	21477478.415209744
20260609	metabolite__N_Coumaroyltryptamine_E2	genotype_pca_population_ridge	test	228	48	44	44	0.06983927908173093	0.36879575588102814	0.4978855420203012	16124008.39079112	21001829.254820053
20260609	metabolite__L_Phenylalanine_E1	mean_baseline	test	228	48	44	44	-0.24499168766690493			18134828.548644338	21205146.68224016
20260609	metabolite__L_Phenylalanine_E1	population_ridge	test	228	48	44	44	-0.43146377350028775	0.27034577533150994	0.21000704721634955	18290180.2479004	22737789.20060349
20260609	metabolite__L_Phenylalanine_E1	genotype_pca_ridge	test	228	48	44	44	-0.4901529841546106	0.1193670249247995	0.13699788583509515	20271073.736215618	23199225.346830614
20260609	metabolite__L_Phenylalanine_E1	genotype_pca_population_ridge	test	228	48	44	44	-0.4891664444015915	0.18520688311143374	0.21000704721634955	20375739.40235013	23191544.676604867
20260609	metabolite__Malvidin_3_O_hexoside_E2	mean_baseline	test	228	48	44	44	-0.0054092627062263254			91491.32775119616	111754.61099486543
20260609	metabolite__Malvidin_3_O_hexoside_E2	population_ridge	test	228	48	44	44	0.2278761126080373	0.5074046905278048	0.4993832676649385	77769.80406144955	97934.90455961866
20260609	metabolite__Malvidin_3_O_hexoside_E2	genotype_pca_ridge	test	228	48	44	44	0.2006935327995487	0.47527007182333103	0.4051453807393178	79216.50821555482	99643.88999174703
20260609	metabolite__Malvidin_3_O_hexoside_E2	genotype_pca_population_ridge	test	228	48	44	44	0.24772187606097418	0.5025492367913551	0.4292511079858117	75507.83465865866	96668.10977172568
20260609	metabolite__L_Isoleucine_E1	mean_baseline	test	228	48	44	44	-0.14775142312902867			1550016.5470494418	1918781.6564140685
20260609	metabolite__L_Isoleucine_E1	population_ridge	test	228	48	44	44	-0.025899998407459934	0.3409174297457653	0.3157486714617877	1509554.2268869823	1814070.4647887792
20260609	metabolite__L_Isoleucine_E1	genotype_pca_ridge	test	228	48	44	44	-0.22670176622145344	0.112075131791119	0.23638862591134732	1577641.321553181	1983677.8011716544
20260609	metabolite__L_Isoleucine_E1	genotype_pca_population_ridge	test	228	48	44	44	-0.16695567930271893	0.21844726147590357	0.2690206872700097	1550457.0279692262	1934767.6577704742
20260609	agri_aa_oil__Earleaflength	mean_baseline	test	321	68	70	70	-0.045994631475200665			5.553626868730305	6.785871847391464
20260609	agri_aa_oil__Earleaflength	population_ridge	test	321	68	70	70	0.08426474055538069	0.39396987430689867	0.41062024319832036	5.273808212595783	6.349300679677489
20260609	agri_aa_oil__Earleaflength	genotype_pca_ridge	test	321	68	70	70	0.14199328013616386	0.4483662605008333	0.4312658560055988	5.147900975419799	6.145911051225479
20260609	agri_aa_oil__Earleaflength	genotype_pca_population_ridge	test	321	68	70	70	0.18689528689629198	0.48395558391591215	0.4935526200682355	4.999878680452842	5.982933353722545
20260609	metabolite__Glutamine_E1	mean_baseline	test	228	48	44	44	-0.20282549221610457			2344568.1818181816	2805828.099485718
20260609	metabolite__Glutamine_E1	population_ridge	test	228	48	44	44	-0.4511829214184466	0.16374990766101974	0.22171323880003843	2494515.5723317903	3081916.2139315554
20260609	metabolite__Glutamine_E1	genotype_pca_ridge	test	228	48	44	44	-0.3581396832364343	0.2681939553667235	0.2761901407683886	2489574.5595430466	2981480.462769747
20260609	metabolite__Glutamine_E1	genotype_pca_population_ridge	test	228	48	44	44	-0.3729496687941558	0.31498400761916245	0.3230557808834635	2481622.038451685	2997692.329590221
20260609	metabolite__L_Aspartic_acid_E2	mean_baseline	test	228	48	44	44	-0.18491158633178517			3949908.2934609246	5249154.257468079
20260609	metabolite__L_Aspartic_acid_E2	population_ridge	test	228	48	44	44	-0.2979335849406015	0.10605732571007581	0.09240528777822644	4209888.009511896	5493796.871097228
20260609	metabolite__L_Aspartic_acid_E2	genotype_pca_ridge	test	228	48	44	44	-0.25813246217160923	0.13628420233584057	-0.048775331153724406	4228527.186521176	5408907.402253036
20260609	metabolite__L_Aspartic_acid_E2	genotype_pca_population_ridge	test	228	48	44	44	-0.22846722268340325	0.17618988234262087	-0.009867841562892223	4178654.1059493194	5344759.270404113
20260609	metabolite__L_Leucine_E1	mean_baseline	test	228	48	44	44	-0.15308807686640935			4597129.186602871	5751048.9661162
20260609	metabolite__L_Leucine_E1	population_ridge	test	228	48	44	44	0.03220821148407704	0.42228759570859564	0.392107117688513	4372241.63674332	5268740.28328342
20260609	metabolite__L_Leucine_E1	genotype_pca_ridge	test	228	48	44	44	-0.24080616036255154	0.17208546272178565	0.14982381959126145	4806658.859872464	5965787.709523663
20260609	metabolite__L_Leucine_E1	genotype_pca_population_ridge	test	228	48	44	44	-0.15016423366749487	0.3193722677838206	0.24594785059901342	4732019.988427064	5743752.97603561
20260609	agri_aa_oil__Tasselmainaxislength	mean_baseline	test	321	68	70	70	-0.25098904148417156			2.9384904298357806	3.6571870955135144
20260609	agri_aa_oil__Tasselmainaxislength	population_ridge	test	321	68	70	70	-0.3756207622715948	0.03974639205963191	0.08198972944113435	2.9759222901033233	3.8350390194114192
20260609	agri_aa_oil__Tasselmainaxislength	genotype_pca_ridge	test	321	68	70	70	-0.08872789571172479	0.3234037225899883	0.3362698698525739	2.8274366641597743	3.4117727908929316
20260609	agri_aa_oil__Tasselmainaxislength	genotype_pca_population_ridge	test	321	68	70	70	-0.11555834672987952	0.28179355210378726	0.2942601941402044	2.8121325325939837	3.4535565442913483
20260609	agri_aa_oil__Plantheight	mean_baseline	test	321	68	70	70	-0.0945942893723728			14.727139542616829	19.29912258749989
20260609	agri_aa_oil__Plantheight	population_ridge	test	321	68	70	70	0.02631040903590498	0.370327990559481	0.35788644912955997	14.31963686442555	18.20208924465868
20260609	agri_aa_oil__Plantheight	genotype_pca_ridge	test	321	68	70	70	0.14467617841969138	0.4878359219685783	0.4930277316070335	13.563702797558275	17.059891297191353
20260609	agri_aa_oil__Plantheight	genotype_pca_population_ridge	test	321	68	70	70	0.1876289866219426	0.5002318362202333	0.4750415536698452	13.25576487924059	16.62601565498584
20260609	agri_aa_oil__Kernernumberperrow	mean_baseline	test	321	68	70	70	-0.014506469611275552			1.7598329362234089	2.227737805413314
20260609	agri_aa_oil__Kernernumberperrow	population_ridge	test	321	68	70	70	0.07952887532961794	0.3222996178160076	0.3763658154795009	1.6949478902791402	2.121982261561237
20260609	agri_aa_oil__Kernernumberperrow	genotype_pca_ridge	test	321	68	70	70	0.13715264324772491	0.40307030505789215	0.38215713549826874	1.6356640158978994	2.054488199317038
20260609	agri_aa_oil__Kernernumberperrow	genotype_pca_population_ridge	test	321	68	70	70	0.17189789351766815	0.442821425084029	0.449973317953689	1.6187727014732183	2.012697973200457
20260609	agri_aa_oil__100grainweight	mean_baseline	test	319	67	70	70	-0.10354024631894987			2.0818713026081515	2.548584884276465
20260609	agri_aa_oil__100grainweight	population_ridge	test	319	67	70	70	-0.05043408841628905	0.21951052712429453	0.27213395894154396	1.9929039447624401	2.4865054652564638
20260609	agri_aa_oil__100grainweight	genotype_pca_ridge	test	319	67	70	70	0.10304207389327447	0.4356211524596729	0.4478058516807648	1.845106598940658	2.2976879711828797
20260609	agri_aa_oil__100grainweight	genotype_pca_population_ridge	test	319	67	70	70	0.09468563962126153	0.4182353262169168	0.4340880465106903	1.8395197140458464	2.308366267869744
20260609	agri_aa_oil__Earheight	mean_baseline	test	321	68	70	70	-0.015787432454479555			8.431594934253672	10.415696826756841
20260609	agri_aa_oil__Earheight	population_ridge	test	321	68	70	70	-0.02371832758465864	0.18902976951903633	0.19506604846470124	8.905946362326773	10.45627873595604
20260609	agri_aa_oil__Earheight	genotype_pca_ridge	test	321	68	70	70	0.13153168521645686	0.36614752485720786	0.3376607470912431	7.971418427707413	9.630834098020994
20260609	agri_aa_oil__Earheight	genotype_pca_population_ridge	test	321	68	70	70	0.09842848865648368	0.34616183720678084	0.31285101915842883	8.07424276420734	9.812665680524114
20260609	metabolite__L_Pipecolate_E1	mean_baseline	test	228	48	44	44	-0.010762234282743144			3984413.8755980865	5325006.964366242
20260609	metabolite__L_Pipecolate_E1	population_ridge	test	228	48	44	44	0.03820064472553575	0.2293334915480811	0.26505514657563395	3954273.9434742588	5194430.232508606
20260609	metabolite__L_Pipecolate_E1	genotype_pca_ridge	test	228	48	44	44	0.12900697890422108	0.3644464556127182	0.35117516495250833	3643566.0376897557	4943141.178926941
20260609	metabolite__L_Pipecolate_E1	genotype_pca_population_ridge	test	228	48	44	44	0.15659037099744832	0.3985579974167724	0.36273300702600053	3557784.5092645283	4864239.546005228
20260609	metabolite__3p_4p_5p_Tricetin_O_rhamnosyl_O_hexoside_E2	mean_baseline	test	228	48	44	44	-0.0013240195562653767			29835.69358054227	54639.66200299665
20260609	metabolite__3p_4p_5p_Tricetin_O_rhamnosyl_O_hexoside_E2	population_ridge	test	228	48	44	44	0.1704136646594122	0.46307000440541735	0.3559345961498473	25232.79442821769	49733.7815098675
20260609	metabolite__3p_4p_5p_Tricetin_O_rhamnosyl_O_hexoside_E2	genotype_pca_ridge	test	228	48	44	44	-0.05051158434666014	0.005440301721572921	0.06723992172810976	28593.860500165203	55965.59303380392
20260609	metabolite__3p_4p_5p_Tricetin_O_rhamnosyl_O_hexoside_E2	genotype_pca_population_ridge	test	228	48	44	44	0.03488725689677974	0.21994170792913287	0.24598252288375588	25455.69837636016	53642.58673951231
20260609	agri_aa_oil__Oil_C220_C240	mean_baseline	test	315	61	64	64	-0.02645106683791787			0.10858019753125	0.16171219205605825
20260609	agri_aa_oil__Oil_C220_C240	population_ridge	test	315	61	64	64	-0.14766450573117051	0.11067575791707432	0.16762820512820512	0.11596026029580644	0.17099409541241323
20260609	agri_aa_oil__Oil_C220_C240	genotype_pca_ridge	test	315	61	64	64	0.2488311431991339	0.5517908972603262	0.5867673992673992	0.08966346543283243	0.13833829727279148
20260609	agri_aa_oil__Oil_C220_C240	genotype_pca_population_ridge	test	315	61	64	64	0.22516095691610238	0.5006382551303921	0.4977564102564102	0.09096768567069848	0.14050099083954054
20260609	agri_aa_oil__Oil_C24_0	mean_baseline	test	315	61	64	64	-0.002879504658454879			0.0023199434388392857	0.0027869774146281824
20260609	agri_aa_oil__Oil_C24_0	population_ridge	test	315	61	64	64	0.18645076149599404	0.44113653554582843	0.4433150183150183	0.0020618762093791198	0.0025101576188281444
20260609	agri_aa_oil__Oil_C24_0	genotype_pca_ridge	test	315	61	64	64	0.14790667346484776	0.44231238386319605	0.47376373626373625	0.002109689511974674	0.0025689322643641403
20260609	agri_aa_oil__Oil_C24_0	genotype_pca_population_ridge	test	315	61	64	64	0.28696234788753205	0.5879768341754978	0.6236721611721611	0.0019489695424016076	0.0023499861517105153
20260609	metabolite__Chrysoeriol_C_hexosyl_O_rhamnoside_E2	mean_baseline	test	228	48	44	44	-0.42944547714278447			43694.88636363636	51913.06759174758
20260609	metabolite__Chrysoeriol_C_hexosyl_O_rhamnoside_E2	population_ridge	test	228	48	44	44	-1.4188161629073583	0.36477060028459185	0.2235692156410526	51067.53486449108	67529.6231370299
20260609	metabolite__Chrysoeriol_C_hexosyl_O_rhamnoside_E2	genotype_pca_ridge	test	228	48	44	44	-1.5418471097025517	0.23687182160046655	0.1700028209729568	52147.94879403938	69225.74006662515
20260609	metabolite__Chrysoeriol_C_hexosyl_O_rhamnoside_E2	genotype_pca_population_ridge	test	228	48	44	44	-1.5412059705056644	0.3297462373479626	0.20975472438454365	51221.7090893967	69217.00898789195
20260609	metabolite__N_caffeoyl_O_hexoside_spermidine_E2	mean_baseline	test	228	48	44	44	-0.24856438200720743			6948736.443381181	8093251.823008806
20260609	metabolite__N_caffeoyl_O_hexoside_spermidine_E2	population_ridge	test	228	48	44	44	-0.2816018490824064	0.004687101412957926	0.081550662059045	6965009.661926604	8199627.921340261
20260609	metabolite__N_caffeoyl_O_hexoside_spermidine_E2	genotype_pca_ridge	test	228	48	44	44	-0.3531257429013577	0.08718311678842694	0.230907492571678	6546355.204741863	8425324.97631052
20260609	metabolite__N_caffeoyl_O_hexoside_spermidine_E2	genotype_pca_population_ridge	test	228	48	44	44	-0.420165379036721	0.07482162238156229	0.19601762418859478	6733367.846406677	8631515.2771597
20260609	metabolite__N_Coumaroyl_spermidine_derivative_E2	mean_baseline	test	228	48	44	44	-0.028724593769335893			244919.58173843703	581204.7283424475
20260609	metabolite__N_Coumaroyl_spermidine_derivative_E2	population_ridge	test	228	48	44	44	-0.03199520029599867	0.035795529599282415	0.07330138217739429	247923.6226821921	582127.9022988093
20260609	metabolite__N_Coumaroyl_spermidine_derivative_E2	genotype_pca_ridge	test	228	48	44	44	-0.05911453502880404	-0.026106617370984287	0.09247251290071282	255752.10582256055	589727.0402831055
20260609	metabolite__N_Coumaroyl_spermidine_derivative_E2	genotype_pca_population_ridge	test	228	48	44	44	-0.050194413570438856	0.007167549878005346	0.22201860947960772	249118.9466019258	587238.3765392439
20260609	metabolite__Nalidixic_acid_E2	mean_baseline	test	228	48	44	44	-6.134701459292735e-05			2122266.788277512	5563552.264722773
20260609	metabolite__Nalidixic_acid_E2	population_ridge	test	228	48	44	44	0.043303427880128864	0.21555331912707926	-0.031012123228897587	2254434.8536386145	5441591.801070306
20260609	metabolite__Nalidixic_acid_E2	genotype_pca_ridge	test	228	48	44	44	0.01749651316284284	0.516942925092913	-0.17705103079770623	2125432.086640516	5514496.95768788
20260609	metabolite__Nalidixic_acid_E2	genotype_pca_population_ridge	test	228	48	44	44	0.02437163222277694	0.4335546172935684	-0.15111361864262823	2130957.5841276143	5495169.097299495
20260609	metabolite__Carpacin_E1	mean_baseline	test	228	48	44	44	-0.018853701279587298			104953.7958532695	215379.93763486668
20260609	metabolite__Carpacin_E1	population_ridge	test	228	48	44	44	0.0005294579497894247	0.24220733225290167	0.5971527254241176	100962.57093801182	213321.3543727371
20260609	metabolite__Carpacin_E1	genotype_pca_ridge	test	228	48	44	44	-0.015888092216110206	0.08253044959175528	0.3113679618699105	104518.7697591398	215066.25267362862
20260609	metabolite__Carpacin_E1	genotype_pca_population_ridge	test	228	48	44	44	-0.007064338719803498	0.21477664263340815	0.5134963717030709	102745.27221073146	214130.20945814153
20260609	metabolite__LPC1_acyl_18_3_2_E2	mean_baseline	test	228	48	44	44	-0.2492218929638257			1722161.0845295058	2192680.074049168
20260609	metabolite__LPC1_acyl_18_3_2_E2	population_ridge	test	228	48	44	44	-0.182236642057793	0.37608249026821	0.34376542673148475	1799904.738412323	2133082.655721668
20260609	metabolite__LPC1_acyl_18_3_2_E2	genotype_pca_ridge	test	228	48	44	44	-0.27986832205839374	0.14604568563284012	0.26785085535772857	1775170.3874865326	2219412.979835421
20260609	metabolite__LPC1_acyl_18_3_2_E2	genotype_pca_population_ridge	test	228	48	44	44	-0.3753843917989472	0.28134197410489287	0.2829350877384006	1906355.7244734096	2300739.8903440353
20260609	metabolite__Asparagine_E1	mean_baseline	test	228	48	44	44	-0.07854668857035163			2766931.8181818184	3338666.3682804345
20260609	metabolite__Asparagine_E1	population_ridge	test	228	48	44	44	-0.057353557677261024	0.1578501695609056	-0.009373128023014975	2764734.1347604366	3305701.713497111
20260609	metabolite__Asparagine_E1	genotype_pca_ridge	test	228	48	44	44	0.09844408563091989	0.47407109862884794	0.2869727617271953	2559630.6295502516	3052459.291943141
20260609	metabolite__Asparagine_E1	genotype_pca_population_ridge	test	228	48	44	44	0.0573097417349725	0.4056868707314134	0.10895380393670037	2602803.1270075883	3121318.28857462
20260609	metabolite__L_Serine_E1	mean_baseline	test	228	48	44	44	-0.11371374825769376			203709.33014354063	253818.30260115434
20260609	metabolite__L_Serine_E1	population_ridge	test	228	48	44	44	-0.09505981897689986	0.2819512795638217	0.28246238433266174	202899.93031630132	251683.68666651487
20260609	metabolite__L_Serine_E1	genotype_pca_ridge	test	228	48	44	44	-0.1170624105282545	0.12770377107595277	0.18922442663003913	205287.3137445595	254199.60068369468
20260609	metabolite__L_Serine_E1	genotype_pca_population_ridge	test	228	48	44	44	-0.08549035574807329	0.19026575936822432	0.25441347491040645	201660.36847560873	250581.5721352132
20260609	agri_aa_oil__AA_His	mean_baseline	test	291	57	64	64	-0.03487661945306253			0.45401730814900126	0.5703158215064797
20260609	agri_aa_oil__AA_His	population_ridge	test	291	57	64	64	-0.03505615631524628	0.2025599674778742	0.19152930402930401	0.45277863524671474	0.5703652903371479
20260609	agri_aa_oil__AA_His	genotype_pca_ridge	test	291	57	64	64	0.14746085984549218	0.4519592181947454	0.42239010989010983	0.41036869512296875	0.517640556586611
20260609	agri_aa_oil__AA_His	genotype_pca_population_ridge	test	291	57	64	64	0.15564642919884664	0.443242234955775	0.421474358974359	0.40909311592420927	0.5151495257828228
20260609	agri_aa_oil__Earleafwidth	mean_baseline	test	321	68	70	70	-0.01767674601820568			0.6452561920222517	0.8126398412614898
20260609	agri_aa_oil__Earleafwidth	population_ridge	test	321	68	70	70	0.11062504916633864	0.3695057462139556	0.25441788855068276	0.6034329785886543	0.7596886393731589
20260609	agri_aa_oil__Earleafwidth	genotype_pca_ridge	test	321	68	70	70	0.22825250100522176	0.5138913539415466	0.4850754103692407	0.5535888255973582	0.7076700251380068
20260609	agri_aa_oil__Earleafwidth	genotype_pca_population_ridge	test	321	68	70	70	0.25453516649567653	0.5353356137917761	0.5003849250162283	0.5430854144599441	0.6955154241751942
20260609	metabolite__Phenylpyruvic_acid_E2	mean_baseline	test	228	48	44	44	-0.026351177656646074			234066.985645933	311707.1193073187
20260609	metabolite__Phenylpyruvic_acid_E2	population_ridge	test	228	48	44	44	-0.04222992284542171	0.31664224751271436	0.3701719799958412	225281.78577076693	314109.0851840475
20260609	metabolite__Phenylpyruvic_acid_E2	genotype_pca_ridge	test	228	48	44	44	0.08162925600458903	0.34102070132010864	0.3023682014817514	220837.09337346337	294854.49247326615
20260609	metabolite__Phenylpyruvic_acid_E2	genotype_pca_population_ridge	test	228	48	44	44	0.09768035712708989	0.3845524980485861	0.3954045711684443	213781.48899202526	292266.430141476
20260609	metabolite__O_Acetyl_L_serine_E1	mean_baseline	test	228	48	44	44	-0.15928858957231418			2213041.3078149925	2855978.2808174253
20260609	metabolite__O_Acetyl_L_serine_E1	population_ridge	test	228	48	44	44	-0.5918654048481253	-0.043610805773446976	0.0004933572991590433	2504992.0579548334	3346665.386932112
20260609	metabolite__O_Acetyl_L_serine_E1	genotype_pca_ridge	test	228	48	44	44	-0.6514013301181854	-0.20957255676234066	-0.22363181574737775	2646629.957521645	3408673.7391882865
20260609	metabolite__O_Acetyl_L_serine_E1	genotype_pca_population_ridge	test	228	48	44	44	-0.6662939247088362	-0.17601168826398908	-0.2074215044892949	2665326.723006469	3424009.2178903264
20260609	metabolite__Feruloylserotonin_E1	mean_baseline	test	228	48	44	44	-0.015345116717501162			21683.65131578947	47715.96531826323
20260609	metabolite__Feruloylserotonin_E1	population_ridge	test	228	48	44	44	0.06703781911307383	0.3274744701566588	0.27870031871092377	20784.09266882674	45739.234476454076
20260609	metabolite__Feruloylserotonin_E1	genotype_pca_ridge	test	228	48	44	44	0.061479988623188486	0.31183756718114947	0.17707166008500036	22370.36585163807	45875.27077307572
20260609	metabolite__Feruloylserotonin_E1	genotype_pca_population_ridge	test	228	48	44	44	0.07654228290653364	0.3452623207234869	0.2571856166062715	21927.38579162244	45505.65600588202
20260609	metabolite__LPC1_acyl_18_2_2_E1	mean_baseline	test	228	48	44	44	-0.12090375667501174			1349078.9473684214	1773606.2953290239
20260609	metabolite__LPC1_acyl_18_2_2_E1	population_ridge	test	228	48	44	44	-0.1174234615302554	0.1327189508226583	0.19035872906533008	1347061.3863967643	1770850.718777836
20260609	metabolite__LPC1_acyl_18_2_2_E1	genotype_pca_ridge	test	228	48	44	44	-0.1578151064727482	0.0815387597605694	0.10289661030558381	1421212.076761419	1802572.184202736
20260609	metabolite__LPC1_acyl_18_2_2_E1	genotype_pca_population_ridge	test	228	48	44	44	-0.16271993497331705	0.06973451951983012	0.09584889727095479	1411885.031003478	1806386.248984096
20260609	metabolite__Ethyl_syringate_E2	mean_baseline	test	228	48	44	44	-0.015835110930683793			213733.97129186607	384619.4902677874
20260609	metabolite__Ethyl_syringate_E2	population_ridge	test	228	48	44	44	0.06068102524957364	0.35512183131334785	0.30211822016981554	212346.21028639015	369850.5134054263
20260609	metabolite__Ethyl_syringate_E2	genotype_pca_ridge	test	228	48	44	44	0.01952823170292939	0.21069550348728858	0.33609418426730764	208186.382954346	377865.4853150131
20260609	metabolite__Ethyl_syringate_E2	genotype_pca_population_ridge	test	228	48	44	44	0.07682657502339485	0.33097577349767654	0.40179044679606823	207045.68213444707	366658.13515559235
20260609	metabolite__Phenylpyruvic_acid_E1	mean_baseline	test	228	48	44	44	-0.09295047254995392			67726.495215311	86285.30332766306
20260609	metabolite__Phenylpyruvic_acid_E1	population_ridge	test	228	48	44	44	-0.02529108001352487	0.36693400073660104	0.29863265027463426	67500.08720049683	83571.88127015512
20260609	metabolite__Phenylpyruvic_acid_E1	genotype_pca_ridge	test	228	48	44	44	-0.04368050519135647	0.3266020255205696	0.22385114403404258	69609.81730879642	84318.01516810215
20260609	metabolite__Phenylpyruvic_acid_E1	genotype_pca_population_ridge	test	228	48	44	44	-0.009733752470178159	0.37910646976944057	0.29856216817638676	67779.27148142741	82935.41571823525
20260609	metabolite__Norcinnamolaurine_E2	mean_baseline	test	228	48	44	44	-0.0013388614275329225			11945489.055023922	16115347.671043854
20260609	metabolite__Norcinnamolaurine_E2	population_ridge	test	228	48	44	44	0.12722580633691882	0.37068139457681626	0.4736397002231631	11062498.050147118	15045273.674837345
20260609	metabolite__Norcinnamolaurine_E2	genotype_pca_ridge	test	228	48	44	44	0.004543363944211287	0.26365635926125	0.282492249775958	11919700.624086501	16067944.272108406
20260609	metabolite__Norcinnamolaurine_E2	genotype_pca_population_ridge	test	228	48	44	44	0.09824943300826727	0.3892844774683054	0.46222160030706905	11388599.518930428	15292988.283303078
20260609	metabolite__Uracil_E1	mean_baseline	test	228	48	44	44	-0.002498737720511013			28768.899521531104	38142.1110829844
20260609	metabolite__Uracil_E1	population_ridge	test	228	48	44	44	0.47874955314030887	0.7287274186577627	0.6669485553206483	19454.660783609514	27503.37748331314
20260609	metabolite__Uracil_E1	genotype_pca_ridge	test	228	48	44	44	0.10680484981474536	0.36061599816114576	0.20944326990838616	25975.590343710963	36002.77592925245
20260609	metabolite__Uracil_E1	genotype_pca_population_ridge	test	228	48	44	44	0.36185462321066997	0.6950013513231805	0.644538407329105	20700.755113408926	30431.448379090438
20260609	agri_aa_oil__Oil_C18_0P	mean_baseline	test	315	61	64	64	-0.007689763002510341			0.35356317696135914	0.4476990280687846
20260609	agri_aa_oil__Oil_C18_0P	population_ridge	test	315	61	64	64	0.029513612754889174	0.2118677561394602	0.201007326007326	0.33498988653696565	0.4393569009756941
20260609	agri_aa_oil__Oil_C18_0P	genotype_pca_ridge	test	315	61	64	64	0.16062045242082346	0.42251131350446125	0.38621794871794873	0.32406544371759494	0.40860334694921724
20260609	agri_aa_oil__Oil_C18_0P	genotype_pca_population_ridge	test	315	61	64	64	0.1677943133439448	0.4195085436833908	0.36726190476190473	0.3195109201276265	0.4068535106554109
20260609	metabolite__IAA_E1	mean_baseline	test	228	48	44	44	-0.15246117798386627			904233.2535885166	1069219.6170979121
20260609	metabolite__IAA_E1	population_ridge	test	228	48	44	44	-0.16838945446069986	-0.04880983959568389	-0.07068607072995503	907728.8535353213	1076583.1548079664
20260609	metabolite__IAA_E1	genotype_pca_ridge	test	228	48	44	44	-0.0213213121442295	0.5594494289351026	0.33031466950279087	854157.517984756	1006549.0961103666
20260609	metabolite__IAA_E1	genotype_pca_population_ridge	test	228	48	44	44	-0.035005235310036076	0.44148324096603736	0.2722435605481717	859514.395804992	1013269.6606779767
20260609	agri_aa_oil__Oil_C200_C201	mean_baseline	test	315	61	64	64	-0.002525144726614137			0.21484913260376987	0.27778279082335644
20260609	agri_aa_oil__Oil_C200_C201	population_ridge	test	315	61	64	64	-0.011023933346392178	0.09134758761959352	0.11199633699633699	0.21141241090416618	0.27895774136827
20260609	agri_aa_oil__Oil_C200_C201	genotype_pca_ridge	test	315	61	64	64	0.22339565640498937	0.5196976869565402	0.5059981684981684	0.18110078893084117	0.2444880335213557
20260609	agri_aa_oil__Oil_C200_C201	genotype_pca_population_ridge	test	315	61	64	64	0.20945416010317786	0.47738604287423414	0.43484432234432235	0.18258723419029055	0.24667278014724786
20260609	metabolite__Chrysoeriol_O_hexoside_E2	mean_baseline	test	228	48	44	44	-0.28227050865195413			73376.6866028708	87877.19029030437
20260609	metabolite__Chrysoeriol_O_hexoside_E2	population_ridge	test	228	48	44	44	-0.5339812137973481	0.2688706132508322	0.21476652315809	71058.77116904072	96116.14772857845
20260609	metabolite__Chrysoeriol_O_hexoside_E2	genotype_pca_ridge	test	228	48	44	44	-0.294173589806602	-0.046671436666771524	-0.06435242390657571	71864.20076113782	88284.12199643558
20260609	metabolite__Chrysoeriol_O_hexoside_E2	genotype_pca_population_ridge	test	228	48	44	44	-0.2575325730009177	0.1981338877178312	0.1762819410628103	69363.36845119864	87025.38580838415
20260609	metabolite__Coumaroylserotonin_E2	mean_baseline	test	228	48	44	44	-0.004409113058160941			1962111.531100479	3615721.549985212
20260609	metabolite__Coumaroylserotonin_E2	population_ridge	test	228	48	44	44	0.010218839580357186	0.20196418639876207	0.4103612398511322	1951643.845984769	3589295.7692380636
20260609	metabolite__Coumaroylserotonin_E2	genotype_pca_ridge	test	228	48	44	44	0.018202023008463963	0.16677292129537208	0.19510132461489763	1961262.2137664496	3574791.5435509104
20260609	metabolite__Coumaroylserotonin_E2	genotype_pca_population_ridge	test	228	48	44	44	0.040484506058999115	0.2374868854418306	0.3656740144877489	1948440.5942079946	3533992.727462837
20260609	agri_aa_oil__AA_Phe	mean_baseline	test	291	57	64	64	-0.028588835071741814			0.986151776691903	1.1605540702538726
20260609	agri_aa_oil__AA_Phe	population_ridge	test	291	57	64	64	0.022792347824838743	0.21171638357848865	0.17747252747252745	0.95417854210774	1.1311961169702995
20260609	agri_aa_oil__AA_Phe	genotype_pca_ridge	test	291	57	64	64	0.052273334911455804	0.2674835660244498	0.19349816849816848	0.947264870837377	1.114002142567452
20260609	agri_aa_oil__AA_Phe	genotype_pca_population_ridge	test	291	57	64	64	0.07303196620815788	0.29917301152930464	0.28392857142857136	0.9395212293087067	1.1017342610072978
20260609	metabolite__N_Coumaroyl_spermidine_derivative_E1	mean_baseline	test	228	48	44	44	-0.00022286232553114793			231233.49960127592	625401.0548226032
20260609	metabolite__N_Coumaroyl_spermidine_derivative_E1	population_ridge	test	228	48	44	44	-0.019614635860414564	0.049840455617305116	-0.02206167435132332	245712.2098374648	631434.4190267992
20260609	metabolite__N_Coumaroyl_spermidine_derivative_E1	genotype_pca_ridge	test	228	48	44	44	-0.0010284374991871292	0.01707612197172684	0.029039648027939964	230887.47978174128	625652.851788078
20260609	metabolite__N_Coumaroyl_spermidine_derivative_E1	genotype_pca_population_ridge	test	228	48	44	44	0.004038607014661966	0.07321296550368346	0.12778854823945426	228388.43677659778	624067.3659561845
20260609	agri_aa_oil__Oil_C20_1P	mean_baseline	test	315	61	64	64	-0.0042412672743838975			0.03992249274608135	0.048923568249101976
20260609	agri_aa_oil__Oil_C20_1P	population_ridge	test	315	61	64	64	0.04147524238722178	0.22490170857605696	0.23131868131868127	0.03869013089141744	0.04779701337183634
20260609	agri_aa_oil__Oil_C20_1P	genotype_pca_ridge	test	315	61	64	64	0.1519074141180735	0.4044398650774801	0.41291208791208783	0.03711806938903185	0.04495942271739939
20260609	agri_aa_oil__Oil_C20_1P	genotype_pca_population_ridge	test	315	61	64	64	0.1594794681245496	0.4107511500242067	0.4182234432234432	0.03706985177232864	0.044758266337996004
20260609	metabolite__Pro_Leu_E1	mean_baseline	test	228	48	44	44	-0.043569845450784905			299163.8755980861	373750.3108025211
20260609	metabolite__Pro_Leu_E1	population_ridge	test	228	48	44	44	0.14810159181079918	0.43505664416485756	0.4367775628397236	271787.5641962143	337687.28248821286
20260609	metabolite__Pro_Leu_E1	genotype_pca_ridge	test	228	48	44	44	-0.05936021393501267	0.1304573732540556	0.147659995828501	301703.46394831134	376567.32292018976
20260609	metabolite__Pro_Leu_E1	genotype_pca_population_ridge	test	228	48	44	44	0.06633428710813172	0.3318441479530425	0.3440231215460207	295393.2025465357	353522.05004538805
20260609	agri_aa_oil__cobweight	mean_baseline	test	320	68	70	70	-0.037936932463701334			3.0884678007477673	3.9258844406626388
20260609	agri_aa_oil__cobweight	population_ridge	test	320	68	70	70	0.10074442840918407	0.384495491903193	0.42815526338147303	2.845888843718273	3.654210807883692
20260609	agri_aa_oil__cobweight	genotype_pca_ridge	test	320	68	70	70	0.12661430669840879	0.40070845213605993	0.4022780358655889	2.7608515222755634	3.6012648813790356
20260609	agri_aa_oil__cobweight	genotype_pca_population_ridge	test	320	68	70	70	0.16874327054843552	0.45274677017899145	0.47462579501243174	2.6771033644911713	3.5133354370392893
20260609	metabolite__Indole_3_carboxyaldehyde_E1	mean_baseline	test	228	48	44	44	-0.0786481217318149			68666.94577352471	78988.87939189433
20260609	metabolite__Indole_3_carboxyaldehyde_E1	population_ridge	test	228	48	44	44	-0.08688173344293548	-0.02762844902421707	0.005779124688395804	69200.1566290562	79289.77797189777
20260609	metabolite__Indole_3_carboxyaldehyde_E1	genotype_pca_ridge	test	228	48	44	44	0.17805853835771734	0.4844878386338324	0.40552540801255427	57408.443620292324	68951.9417740639
20260609	metabolite__Indole_3_carboxyaldehyde_E1	genotype_pca_population_ridge	test	228	48	44	44	0.022342507504319875	0.4318374254694727	0.3124955959554511	65261.80632861327	75200.2740460551
20260609	metabolite__Ferulic_acid_E2	mean_baseline	test	228	48	44	44	-0.00013306647559963025			137953.34928229667	195478.79042087137
20260609	metabolite__Ferulic_acid_E2	population_ridge	test	228	48	44	44	0.032599817878513404	0.1829436808313619	0.3522695270409776	134231.95363406336	192253.312934322
20260609	metabolite__Ferulic_acid_E2	genotype_pca_ridge	test	228	48	44	44	-0.037095135899541276	0.05500866208645221	0.04482661448540651	142853.16578497982	199058.18901354668
20260609	metabolite__Ferulic_acid_E2	genotype_pca_population_ridge	test	228	48	44	44	-0.041839654899473055	0.10925419098372732	0.2258246427849724	144241.9513310802	199512.99669536907
20260609	metabolite__LPC1_acyl_20_4_E1	mean_baseline	test	228	48	44	44	-0.00015510132612672756			65382.05741626795	95305.69812022167
20260609	metabolite__LPC1_acyl_20_4_E1	population_ridge	test	228	48	44	44	-0.06948292400371003	0.014881225219934716	-0.011068030296319174	70163.98049070775	98553.51470658905
20260609	metabolite__LPC1_acyl_20_4_E1	genotype_pca_ridge	test	228	48	44	44	0.012889996347964394	0.14125306742236007	0.13267536953931647	65182.14373970696	94682.11842841255
20260609	metabolite__LPC1_acyl_20_4_E1	genotype_pca_population_ridge	test	228	48	44	44	0.006964221474568766	0.0864681567384104	0.06993303219075554	66370.49505937194	94965.88892728514
20260609	metabolite__Dicoumaroylputrescine_E2	mean_baseline	test	228	48	44	44	-0.026384654181783818			15913039.47368421	17904636.827509765
20260609	metabolite__Dicoumaroylputrescine_E2	population_ridge	test	228	48	44	44	0.045934672413669	0.28370670137598564	0.21836123687028644	15452625.365768852	17262333.3054307
20260609	metabolite__Dicoumaroylputrescine_E2	genotype_pca_ridge	test	228	48	44	44	0.09276062932031115	0.37440084824161685	0.3929515479508867	14871093.323777974	16833382.256366704
20260609	metabolite__Dicoumaroylputrescine_E2	genotype_pca_population_ridge	test	228	48	44	44	0.12878584780763858	0.4256973046347793	0.4649867913599999	14523601.83213711	16495781.75299161
20260609	agri_aa_oil__AA_Asp	mean_baseline	test	291	57	64	64	-0.006555974813903465			1.1152337468506763	1.389032096000127
20260609	agri_aa_oil__AA_Asp	population_ridge	test	291	57	64	64	0.0010464433405094065	0.22278413124687402	0.2332875457875458	1.1073519592847316	1.383776542204662
20260609	agri_aa_oil__AA_Asp	genotype_pca_ridge	test	291	57	64	64	0.11195896739842448	0.33946857488623194	0.361492673992674	1.0114052744655866	1.3046975053656766
20260609	agri_aa_oil__AA_Asp	genotype_pca_population_ridge	test	291	57	64	64	0.1405594629759922	0.3794181102544097	0.41556776556776553	1.006136493037959	1.2835158392874269
20260609	metabolite__N_Feruloylputrescine_E1	mean_baseline	test	228	48	44	44	-0.001383936681822684			21082014.752791062	25334278.168595877
20260609	metabolite__N_Feruloylputrescine_E1	population_ridge	test	228	48	44	44	0.009829567570243669	0.1437128619940595	0.16476391825229036	20850190.535066325	25192032.118317448
20260609	metabolite__N_Feruloylputrescine_E1	genotype_pca_ridge	test	228	48	44	44	0.07180464646540563	0.2980939825741573	0.30317124735729384	20422018.93224413	24390905.271741603
20260609	metabolite__N_Feruloylputrescine_E1	genotype_pca_population_ridge	test	228	48	44	44	0.06530633259643392	0.28020289783413904	0.3051444679351656	20251044.63910006	24476136.957770124
20260609	agri_aa_oil__AA_Leu	mean_baseline	test	291	57	64	64	-0.05414120056548999			2.749262660978737	3.215362184849015
20260609	agri_aa_oil__AA_Leu	population_ridge	test	291	57	64	64	-0.14282330074218552	-0.052417193373912055	-0.06208791208791208	2.782390239886929	3.347881281414788
20260609	agri_aa_oil__AA_Leu	genotype_pca_ridge	test	291	57	64	64	-0.054828645072798166	0.1210235073277439	0.014194139194139192	2.6090160978133117	3.216410442341034
20260609	agri_aa_oil__AA_Leu	genotype_pca_population_ridge	test	291	57	64	64	-0.09010643256211348	0.07613766084213643	-0.021016483516483515	2.652305064981808	3.269753076520304
20260609	agri_aa_oil__AA_Thr	mean_baseline	test	291	57	64	64	-0.06089021322645727			0.4535666045549291	0.5373422631374628
20260609	agri_aa_oil__AA_Thr	population_ridge	test	291	57	64	64	-0.021053451514701615	0.2050607615717434	0.25723443223443215	0.4375486656204067	0.5271570481543028
20260609	agri_aa_oil__AA_Thr	genotype_pca_ridge	test	291	57	64	64	0.07166988369345606	0.33151170667931434	0.31547619047619047	0.40892596272283077	0.502651518045654
20260609	agri_aa_oil__AA_Thr	genotype_pca_population_ridge	test	291	57	64	64	0.08128269001968069	0.34297605124820574	0.3327380952380952	0.403735589808544	0.5000422816953843
20260609	metabolite__Scopoletin_E1	mean_baseline	test	228	48	44	44	-0.00018427313389701716			129161.20414673047	189908.00835130125
20260609	metabolite__Scopoletin_E1	population_ridge	test	228	48	44	44	-0.015351929841495027	0.07309845615888023	0.054976036633045726	132386.1899614123	191342.55453340182
20260609	metabolite__Scopoletin_E1	genotype_pca_ridge	test	228	48	44	44	0.05109880353607288	0.24527792570389995	0.25239639382427786	122857.02466390307	184975.3107393356
20260609	metabolite__Scopoletin_E1	genotype_pca_population_ridge	test	228	48	44	44	0.012802480166970165	0.17581052380687995	0.211798705233721	125505.07799068022	188671.062962245
20260609	metabolite__N_N_caffeoyl_Feruloyl_spermidine_derivative_E2	mean_baseline	test	228	48	44	44	-0.000318492379950408			1007499.3301435407	1921625.1671835408
20260609	metabolite__N_N_caffeoyl_Feruloyl_spermidine_derivative_E2	population_ridge	test	228	48	44	44	-0.0005146874204555729	0.06644500201011858	0.021144629474248354	1027994.4842156012	1921813.6045892506
20260609	metabolite__N_N_caffeoyl_Feruloyl_spermidine_derivative_E2	genotype_pca_ridge	test	228	48	44	44	-0.015124369594718301	-0.06297222171374627	0.14336058783540387	990246.5376744067	1935794.0744996732
20260609	metabolite__N_N_caffeoyl_Feruloyl_spermidine_derivative_E2	genotype_pca_population_ridge	test	228	48	44	44	-0.01993589084080649	-0.052957639413461446	0.02875669608497776	1006282.8908087163	1940376.3226634592
20260609	metabolite__N_feruloyl_O_hexoside_spermidine_E2	mean_baseline	test	228	48	44	44	-0.019828570481402075			7337968.89952153	9554547.247781176
20260609	metabolite__N_feruloyl_O_hexoside_spermidine_E2	population_ridge	test	228	48	44	44	-0.0763991028324651	-0.10389461198531093	0.02847577136720327	7449668.306566352	9815969.237124
20260609	metabolite__N_feruloyl_O_hexoside_spermidine_E2	genotype_pca_ridge	test	228	48	44	44	-0.07041356553862754	-0.005756244040814611	0.06759471470581171	7120257.868881848	9788639.338820236
20260609	metabolite__N_feruloyl_O_hexoside_spermidine_E2	genotype_pca_population_ridge	test	228	48	44	44	-0.1153285033901359	-0.023212546508786475	0.0671013226276671	7201556.556606443	9991896.474768493
20260609	metabolite__Caffeoyltryptamine_E2	mean_baseline	test	228	48	44	44	-0.00141624849168287			91894.42543859649	237681.80394384518
20260609	metabolite__Caffeoyltryptamine_E2	population_ridge	test	228	48	44	44	0.019592125319807363	0.21400301140761147	0.40738652787051827	90241.08472752405	235175.46615588412
20260609	metabolite__Caffeoyltryptamine_E2	genotype_pca_ridge	test	228	48	44	44	-0.07094174044821555	-0.17114700471528074	-0.09303636968669277	93387.08520608406	245794.14925247635
20260609	metabolite__Caffeoyltryptamine_E2	genotype_pca_population_ridge	test	228	48	44	44	-0.043812681602910075	-0.05143537926428824	0.09331829807968274	93534.38013430788	242660.95507009377
20260609	agri_aa_oil__AA_Ile	mean_baseline	test	291	57	64	64	-0.06010857910073675			0.6205483758812822	0.7212942578919468
20260609	agri_aa_oil__AA_Ile	population_ridge	test	291	57	64	64	-0.06167236867089376	0.05553777698759032	0.038598901098901094	0.6181845308689085	0.7218260603881094
20260609	agri_aa_oil__AA_Ile	genotype_pca_ridge	test	291	57	64	64	0.04596072186541411	0.2972392530519213	0.21822344322344317	0.5932797432085137	0.6842588574124934
20260609	agri_aa_oil__AA_Ile	genotype_pca_population_ridge	test	291	57	64	64	0.03998658480718842	0.2824166206970976	0.22293956043956042	0.5971873225509599	0.6863979080635537
20260609	metabolite__N_Coumaroyltryptamine_E1	mean_baseline	test	228	48	44	44	-0.042668607149388915			10749030.759569377	15700400.347496474
20260609	metabolite__N_Coumaroyltryptamine_E1	population_ridge	test	228	48	44	44	0.07767797902587803	0.412806342627344	0.4770965468639886	9933978.953465272	14766544.096524961
20260609	metabolite__N_Coumaroyltryptamine_E1	genotype_pca_ridge	test	228	48	44	44	0.11436359688720932	0.4622933311027005	0.4407329105003523	10184807.905650927	14469892.59336997
20260609	metabolite__N_Coumaroyltryptamine_E1	genotype_pca_population_ridge	test	228	48	44	44	0.15915018624554333	0.5159845824711964	0.5188160676532769	9884175.329505838	14099275.408134192
20260609	metabolite__Gluconolactone_E2	mean_baseline	test	228	48	44	44	-0.000520997750186547			157370.61403508772	214778.20044032403
20260609	metabolite__Gluconolactone_E2	population_ridge	test	228	48	44	44	0.3137550457440029	0.5669219456631035	0.4676771527756777	138684.26564633695	177875.72269310724
20260609	metabolite__Gluconolactone_E2	genotype_pca_ridge	test	228	48	44	44	0.020056371801468797	0.2200344966491408	0.2818470390107265	153974.69296415526	212558.09157617827
20260609	metabolite__Gluconolactone_E2	genotype_pca_population_ridge	test	228	48	44	44	0.10129513688062297	0.37600988455934786	0.33464929819507716	158094.98723633855	203556.81237546584
20260609	agri_aa_oil__AA_Pro	mean_baseline	test	291	57	64	64	-0.030280420907886407			1.4709863932324958	1.8621520598604255
20260609	agri_aa_oil__AA_Pro	population_ridge	test	291	57	64	64	-0.010516700026067971	0.1461661632432817	0.11236263736263735	1.4627302526148767	1.8442048761865588
20260609	agri_aa_oil__AA_Pro	genotype_pca_ridge	test	291	57	64	64	0.057611504420627346	0.2733325493069588	0.21950549450549445	1.4556190182086755	1.7809527861346974
20260609	agri_aa_oil__AA_Pro	genotype_pca_population_ridge	test	291	57	64	64	0.0628618881287929	0.279866254702972	0.26085164835164837	1.469795200173637	1.7759846939153272
20260609	metabolite__Norcinnamolaurine_E1	mean_baseline	test	228	48	44	44	-0.000643103260063782			6160298.12599681	9099834.236855853
20260609	metabolite__Norcinnamolaurine_E1	population_ridge	test	228	48	44	44	0.1268130738687694	0.40591479004262837	0.4653981677237491	5627702.007408007	8500559.084296755
20260609	metabolite__Norcinnamolaurine_E1	genotype_pca_ridge	test	228	48	44	44	0.033419415838631394	0.3444611411984949	0.3632135306553911	5979030.4799383255	8943611.209916355
20260609	metabolite__Norcinnamolaurine_E1	genotype_pca_population_ridge	test	228	48	44	44	0.09972927093061601	0.4978924800371091	0.51261451726568	5751109.263071402	8631384.094112495
20260609	metabolite__L_Valine_E1	mean_baseline	test	228	48	44	44	-0.12351167979631161			3844940.1913875598	5119989.2197752185
20260609	metabolite__L_Valine_E1	population_ridge	test	228	48	44	44	-0.004759832586860968	0.3305603075046088	0.3680964409068541	3704788.13666874	4841850.582911102
20260609	metabolite__L_Valine_E1	genotype_pca_ridge	test	228	48	44	44	-0.1301024607554231	0.1299294176719668	0.06160786850873047	3950941.9912748407	5134984.784167804
20260609	metabolite__L_Valine_E1	genotype_pca_population_ridge	test	228	48	44	44	-0.05470481608857036	0.26568547483490806	0.21703733082194637	3809569.6908673467	4960731.430003917
20260609	metabolite__Cyanidin_3_O_glucoside_E2	mean_baseline	test	228	48	44	44	-0.018654004493922516			195350.91706539076	243150.28639115606
20260609	metabolite__Cyanidin_3_O_glucoside_E2	population_ridge	test	228	48	44	44	0.11924124931803315	0.3786531408585928	0.36227798499212177	179807.0796723231	226094.4597212201
20260609	metabolite__Cyanidin_3_O_glucoside_E2	genotype_pca_ridge	test	228	48	44	44	-0.016728087818680626	0.046331020845307685	0.18015224312059597	195800.47646950706	242920.32178090033
20260609	metabolite__Cyanidin_3_O_glucoside_E2	genotype_pca_population_ridge	test	228	48	44	44	0.057284169725144385	0.2879014015245549	0.3566394171323223	186878.67619565778	233911.64167284773
20260609	agri_aa_oil__Oil_C180_C200	mean_baseline	test	315	61	64	64	-0.00733873301953869			0.6178233722744046	0.7735996436953853
20260609	agri_aa_oil__Oil_C180_C200	population_ridge	test	315	61	64	64	0.05209454173938555	0.24342502568812996	0.26460622710622705	0.5906429634158432	0.7504314149963879
20260609	agri_aa_oil__Oil_C180_C200	genotype_pca_ridge	test	315	61	64	64	0.1443629495502391	0.39099842334736923	0.3919413919413919	0.5711335999277682	0.7129733312700199
20260609	agri_aa_oil__Oil_C180_C200	genotype_pca_population_ridge	test	315	61	64	64	0.14777092209047427	0.38777112937507324	0.4125	0.559881666226002	0.7115520406599094
20260609	metabolite__2pp_6pp_O_Diacetyloninin_E2	mean_baseline	test	228	48	44	44	-0.014110231291574404			8518033.492822967	12292066.118265253
20260609	metabolite__2pp_6pp_O_Diacetyloninin_E2	population_ridge	test	228	48	44	44	-0.014738879423855211	-0.09447284487670896	0.04976036136273113	8517258.202747034	12295875.461168062
20260609	metabolite__2pp_6pp_O_Diacetyloninin_E2	genotype_pca_ridge	test	228	48	44	44	-0.09752702960641413	-0.11351003192829062	-0.07499295253533417	9147894.077188112	12787625.761028368
20260609	metabolite__2pp_6pp_O_Diacetyloninin_E2	genotype_pca_population_ridge	test	228	48	44	44	-0.11458893758370636	-0.13722942693288195	-0.06484353038769494	9220292.703544132	12886639.20965961
20260609	metabolite__Modiolin_E1	mean_baseline	test	228	48	44	44	-0.00523147512528066			26221.100478468903	42571.33190930643
20260609	metabolite__Modiolin_E1	population_ridge	test	228	48	44	44	0.022837654590505574	0.1752495693516285	0.2196067381590405	25194.4014303052	41972.76312388927
20260609	metabolite__Modiolin_E1	genotype_pca_ridge	test	228	48	44	44	-0.03350245085333792	-0.21136673435924772	-0.05701599845014884	26258.988110426206	43165.81589950678
20260609	metabolite__Modiolin_E1	genotype_pca_population_ridge	test	228	48	44	44	-0.01215879569026046	0.03518821202274081	0.14779054233617073	25611.31195973976	42717.76531570709
20260609	agri_aa_oil__AA_Ser	mean_baseline	test	291	57	64	64	-0.04210884512635449			0.8507068357592352	1.0002518157887703
20260609	agri_aa_oil__AA_Ser	population_ridge	test	291	57	64	64	-0.006681240851298398	0.19816804988524156	0.2167124542124542	0.826919549093495	0.9831024881828597
20260609	agri_aa_oil__AA_Ser	genotype_pca_ridge	test	291	57	64	64	0.030897420731050618	0.24978382507637437	0.2561355311355311	0.7907721805332033	0.9645787324275623
20260609	agri_aa_oil__AA_Ser	genotype_pca_population_ridge	test	291	57	64	64	0.04399055260937834	0.27003757915646065	0.27948717948717944	0.7910897400262401	0.9580405676836905
20260609	metabolite__2pp_6pp_O_Diacetyloninin_E1	mean_baseline	test	228	48	44	44	-0.033016123695361			2581950.9569377988	3041567.2381566963
20260609	metabolite__2pp_6pp_O_Diacetyloninin_E1	population_ridge	test	228	48	44	44	0.14508195684755165	0.4283443198179629	0.43680186080185573	2139529.842806598	2766980.5923903235
20260609	metabolite__2pp_6pp_O_Diacetyloninin_E1	genotype_pca_ridge	test	228	48	44	44	-0.07009222807052184	0.18108438476060634	0.3095951233466525	2436112.2691190927	3095668.7024105983
20260609	metabolite__2pp_6pp_O_Diacetyloninin_E1	genotype_pca_population_ridge	test	228	48	44	44	-0.02507706112686403	0.25607000406717556	0.39113428968220376	2349152.9676531153	3029856.982169896
20260609	metabolite__Chrysoeriol_di_O_hexoside_E2	mean_baseline	test	228	48	44	44	-0.03931327440283394			259748.3971291866	403871.37391942326
20260609	metabolite__Chrysoeriol_di_O_hexoside_E2	population_ridge	test	228	48	44	44	-0.07059636164259597	0.03691396832434073	0.24091630329975441	250960.87845914875	409904.5284577687
20260609	metabolite__Chrysoeriol_di_O_hexoside_E2	genotype_pca_ridge	test	228	48	44	44	-0.042841896225572995	-0.07087003884730105	-0.12003524415432466	260655.4789826279	404556.39441017964
20260609	metabolite__Chrysoeriol_di_O_hexoside_E2	genotype_pca_population_ridge	test	228	48	44	44	-0.07451887008323133	-0.047926091132439654	0.1147489004599181	260250.1173813962	410654.75701571716
20260609	agri_aa_oil__Kernelthickness	mean_baseline	test	320	68	70	70	-0.01027923460746849			0.25144215205250003	0.3157109265314567
20260609	agri_aa_oil__Kernelthickness	population_ridge	test	320	68	70	70	-0.0034965021601756074	0.08949060900679824	0.1207471240383578	0.25216922452160073	0.3146493442732232
20260609	agri_aa_oil__Kernelthickness	genotype_pca_ridge	test	320	68	70	70	0.10609902580094388	0.3442845712696637	0.34425440739815816	0.23035820683602404	0.29697070145869703
20260609	agri_aa_oil__Kernelthickness	genotype_pca_population_ridge	test	320	68	70	70	0.09763096692045636	0.32681815483687676	0.3276147153302726	0.23215937184598934	0.2983740099983183
20260609	metabolite__L_Proline_E2	mean_baseline	test	228	48	44	44	-0.0029480175181693102			26915251.19617225	34756846.61349519
20260609	metabolite__L_Proline_E2	population_ridge	test	228	48	44	44	0.10126137344464203	0.32121621953890434	0.15975185380832385	25999957.35018045	32901663.695758782
20260609	metabolite__L_Proline_E2	genotype_pca_ridge	test	228	48	44	44	0.032684047547270056	0.21698593849563277	0.28904792613156566	26647510.184772555	34133854.28361664
20260609	metabolite__L_Proline_E2	genotype_pca_population_ridge	test	228	48	44	44	0.0756181733670287	0.3287842400419808	0.33607108874857894	25643944.166578315	33367744.73693836
20260609	metabolite__N_Feruloyl_N_methoxyagmatine_E2	mean_baseline	test	228	48	44	44	-0.00031585816203816286			1577233.1937799044	2310068.8793569035
20260609	metabolite__N_Feruloyl_N_methoxyagmatine_E2	population_ridge	test	228	48	44	44	0.09655909231520621	0.3295988496232691	0.559878774764852	1417856.0891300954	2195362.4329493577
20260609	metabolite__N_Feruloyl_N_methoxyagmatine_E2	genotype_pca_ridge	test	228	48	44	44	-0.01769449548486257	0.08544818241306394	0.35532530575218674	1553937.7201807632	2330049.059787187
20260609	metabolite__N_Feruloyl_N_methoxyagmatine_E2	genotype_pca_population_ridge	test	228	48	44	44	0.03763266522433273	0.21788967327237166	0.5308381030786983	1479075.9965449704	2265827.2174762688
20260609	metabolite__Sphinganine_E2	mean_baseline	test	228	48	44	44	-0.00630292802410648			305654.7846889952	378020.7660409488
20260609	metabolite__Sphinganine_E2	population_ridge	test	228	48	44	44	0.06162755649281504	0.26150254371817133	0.26571751039305436	281351.47071323614	365038.70284981094
20260609	metabolite__Sphinganine_E2	genotype_pca_ridge	test	228	48	44	44	-0.12355560572180191	-0.09803837354626344	-0.07160981181945443	332585.19180889666	399437.26107746083
20260609	metabolite__Sphinganine_E2	genotype_pca_population_ridge	test	228	48	44	44	-0.06308421570887446	0.01297947214595016	-0.023822949207653148	320747.5889687826	388539.4532021702
20260609	metabolite__L_Glutamic_acid_E1	mean_baseline	test	228	48	44	44	-0.00016587305251758444			3050303.0303030307	5988553.644034155
20260609	metabolite__L_Glutamic_acid_E1	population_ridge	test	228	48	44	44	0.01965964518863117	0.20949267051342071	0.21081938653293314	3034902.9726814	5928903.319198734
20260609	metabolite__L_Glutamic_acid_E1	genotype_pca_ridge	test	228	48	44	44	0.0687362360719126	0.32005686856093957	0.21081938653293314	2931834.7224718984	5778595.308213704
20260609	metabolite__L_Glutamic_acid_E1	genotype_pca_population_ridge	test	228	48	44	44	0.07253815063849844	0.33549590308102295	0.21744493729658934	2915109.5743707195	5766787.593017035
20260609	metabolite__Glutathione_E1	mean_baseline	test	228	48	44	44	-0.0012235607930817238			747576.1562998405	970735.047844331
20260609	metabolite__Glutathione_E1	population_ridge	test	228	48	44	44	0.08295391879255987	0.37334957097733046	0.35357130294335437	702601.613820932	929032.183571877
20260609	metabolite__Glutathione_E1	genotype_pca_ridge	test	228	48	44	44	0.08589766923244913	0.30932714994420546	0.31114556557602335	745871.9395987472	927539.871889139
20260609	metabolite__Glutathione_E1	genotype_pca_population_ridge	test	228	48	44	44	0.1264157072049461	0.4009045746983468	0.39042954321430795	700133.3963379506	906750.0491581069
20260609	metabolite__LPC1_acyl_16_0_1_E1	mean_baseline	test	228	48	44	44	-0.14975167889573315			2761007.9744816585	3299978.2060596934
20260609	metabolite__LPC1_acyl_16_0_1_E1	population_ridge	test	228	48	44	44	-0.40960028864051856	-0.1266153622360304	-0.13700271335895572	3086854.4014053373	3653903.180961136
20260609	metabolite__LPC1_acyl_16_0_1_E1	genotype_pca_ridge	test	228	48	44	44	-0.2208332251884153	-0.0076060677703097546	0.1591317524508858	2677177.9758645426	3400456.437517606
20260609	metabolite__LPC1_acyl_16_0_1_E1	genotype_pca_population_ridge	test	228	48	44	44	-0.2604088186682849	-0.028467915675039576	0.1231896825881968	2717980.366659948	3455132.940502934
20260609	metabolite__Malvidin_di_O_hexoside_E2	mean_baseline	test	228	48	44	44	-0.02349303647184997			271318.2057416268	345907.6236661812
20260609	metabolite__Malvidin_di_O_hexoside_E2	population_ridge	test	228	48	44	44	-0.01060241587155164	0.14229850797540405	0.17338596168883652	271442.76023734227	343722.4144070914
20260609	metabolite__Malvidin_di_O_hexoside_E2	genotype_pca_ridge	test	228	48	44	44	-0.03255614998794232	0.14225158012717634	0.26078376351572974	267600.0077787387	347435.7681366732
20260609	metabolite__Malvidin_di_O_hexoside_E2	genotype_pca_population_ridge	test	228	48	44	44	-0.017053235412924694	0.17930751047600973	0.2813645362039981	264050.2307713321	344817.68400033144
20260609	metabolite__L_Methionine_E2	mean_baseline	test	228	48	44	44	-0.004008098180157349			2059258.3732057414	4412257.977058841
20260609	metabolite__L_Methionine_E2	population_ridge	test	228	48	44	44	-0.003805221118560631	0.026356040654981146	0.10580481765629798	2060698.9849482172	4411812.168325084
20260609	metabolite__L_Methionine_E2	genotype_pca_ridge	test	228	48	44	44	-0.0029622506436497442	0.078388958188802	0.2474183277638947	2049837.613048079	4409959.314586624
20260609	metabolite__L_Methionine_E2	genotype_pca_population_ridge	test	228	48	44	44	-0.0028036178376371623	0.07251009846866063	0.27011596353026907	2051160.5691131845	4409610.551767419
20260609	agri_aa_oil__Eardiameter	mean_baseline	test	321	68	70	70	-0.00014929930118423584			0.2380632891226969	0.28291216351034953
20260609	agri_aa_oil__Eardiameter	population_ridge	test	321	68	70	70	0.11397361376073811	0.3393449568473939	0.3299623829936138	0.22046654398785367	0.26628244142890467
20260609	agri_aa_oil__Eardiameter	genotype_pca_ridge	test	321	68	70	70	0.1895680178461312	0.4624709278936304	0.40526638089406003	0.21300845018126421	0.2546698239197491
20260609	agri_aa_oil__Eardiameter	genotype_pca_population_ridge	test	321	68	70	70	0.2161422472634673	0.4741815104704953	0.41569416498993966	0.2019567295197109	0.250459685797816
