trait	feature	selected_seeds	mean_coefficient	mean_abs_coefficient	context	region_type	gene_id	chrom	start_1based	end_1based	strand	variance_rank_within_combo	variance	missing_fraction_before_impute
agri_aa_oil__100grainweight	methwin__mCHG__promoter__Zm00001d042164	5	0.0418606447550444	0.0418606447550444	mCHG	promoter	Zm00001d042164	3	154317876	154325586	+	243	0.11622117459774017	0.0
agri_aa_oil__100grainweight	methwin__mCG__promoter__Zm00001d042164	5	0.03279627181868201	0.03279627181868201	mCG	promoter	Zm00001d042164	3	154317876	154325586	+	345	0.14341522753238678	0.0
agri_aa_oil__100grainweight	methwin__mCHH__gene__Zm00001d020234	5	-0.019040092828241706	0.019040092828241706	mCHH	gene	Zm00001d020234	7	101492829	101504550	-	234	0.006727994419634342	0.0
agri_aa_oil__100grainweight	methwin__mCHH__gene__Zm00001d007923	4	-0.07661828625279479	0.07661828625279479	mCHH	gene	Zm00001d007923	2	242818296	242819090	-	474	0.002970618661493063	0.0
agri_aa_oil__100grainweight	methwin__mCHG__cis__Zm00001d046722	4	-0.06121312064318518	0.06121312064318518	mCHG	cis	Zm00001d046722	9	103539957	103559119	+	277	0.13224413990974426	0.0
agri_aa_oil__100grainweight	methwin__mCHH__cis__Zm00001d008543	4	-0.05447649636839111	0.05447649636839111	mCHH	cis	Zm00001d008543	8	12496738	12498216	-	305	0.027813538908958435	0.0
agri_aa_oil__100grainweight	methwin__mCG__cis__Zm00001d040396	4	0.046284896728276716	0.046284896728276716	mCG	cis	Zm00001d040396	3	41248476	41249543	-	159	0.17374025285243988	0.0
agri_aa_oil__100grainweight	methwin__mCG__promoter__Zm00001d046714	4	-0.03972690358076105	0.03972690358076105	mCG	promoter	Zm00001d046714	9	103118697	103123559	+	440	0.13676884770393372	0.0
agri_aa_oil__100grainweight	methwin__mCG__gene__Zm00001d039417	4	0.03638624626498461	0.03638624626498461	mCG	gene	Zm00001d039417	3	3828028	3837246	+	287	0.13961578905582428	0.0
agri_aa_oil__100grainweight	methwin__mCG__promoter__Zm00001d008878	4	-0.026711420645942403	0.026711420645942403	mCG	promoter	Zm00001d008878	8	23569227	23569865	-	198	0.15549150109291077	0.0
agri_aa_oil__100grainweight	methwin__mCG__gene__Zm00001d020562	4	-0.02610759726455671	0.02610759726455671	mCG	gene	Zm00001d020562	7	122351840	122352624	-	212	0.14671237766742706	0.0
agri_aa_oil__100grainweight	methwin__mCG__promoter__Zm00001d020562	4	-0.02610638787135896	0.02610638787135896	mCG	promoter	Zm00001d020562	7	122351840	122352624	-	297	0.14671237766742706	0.0
agri_aa_oil__100grainweight	methwin__mCHH__gene__Zm00001d018731	4	-0.015055160768808942	0.015055160768808942	mCHH	gene	Zm00001d018731	7	3330940	3335717	+	127	0.009950662031769753	0.0
agri_aa_oil__100grainweight	methwin__mCHH__cis__Zm00001d029104	4	0.013748488137016382	0.013748488137016382	mCHH	cis	Zm00001d029104	1	58176945	58182237	+	216	0.03283044695854187	0.0
agri_aa_oil__100grainweight	methwin__mCHH__cis__Zm00001d029103	4	0.013748356747471135	0.013748356747471135	mCHH	cis	Zm00001d029103	1	58170770	58174845	+	215	0.03283044695854187	0.0
agri_aa_oil__100grainweight	methwin__mCG__promoter__Zm00001d042856	4	-0.013567202861044556	0.013567202861044556	mCG	promoter	Zm00001d042856	3	182225599	182227138	+	154	0.1591719388961792	0.0
agri_aa_oil__100grainweight	methwin__mCG__cis__Zm00001d042856	4	-0.013565143151427931	0.013565143151427931	mCG	cis	Zm00001d042856	3	182225599	182227138	+	405	0.1591719388961792	0.0
agri_aa_oil__100grainweight	methwin__mCG__cis__Zm00001d042857	4	-0.013555678267627796	0.013555678267627796	mCG	cis	Zm00001d042857	3	182227464	182227670	-	404	0.1591719388961792	0.0
agri_aa_oil__100grainweight	methwin__mCHH__promoter__Zm00001d010143	3	0.08687108229137243	0.08687108229137243	mCHH	promoter	Zm00001d010143	8	101193687	101196577	+	453	0.01151388417929411	0.0
agri_aa_oil__100grainweight	methwin__mCHH__gene__Zm00001d049980	3	-0.0758618252247203	0.0758618252247203	mCHH	gene	Zm00001d049980	4	56787786	56805442	+	495	0.002598994877189398	0.0
agri_aa_oil__100grainweight	methwin__mCHH__promoter__Zm00001d016311	3	0.07218813036805255	0.07218813036805255	mCHH	promoter	Zm00001d016311	5	156652377	156668073	-	461	0.011376933194696903	0.0
agri_aa_oil__100grainweight	methwin__mCHG__cis__Zm00001d046460	3	-0.06159885722898683	0.06159885722898683	mCHG	cis	Zm00001d046460	9	90925903	90927321	+	490	0.12510254979133606	0.0
agri_aa_oil__100grainweight	methwin__mCHG__cis__Zm00001d003192	3	0.04809343707206921	0.04809343707206921	mCHG	cis	Zm00001d003192	2	35226569	35229786	-	41	0.15404438972473145	0.0
agri_aa_oil__100grainweight	methwin__mCHG__gene__Zm00001d003192	3	0.04809279101790281	0.04809279101790281	mCHG	gene	Zm00001d003192	2	35226569	35229786	-	14	0.15404438972473145	0.0
agri_aa_oil__100grainweight	methwin__mCG__gene__Zm00001d044581	3	0.0410270507417913	0.0410270507417913	mCG	gene	Zm00001d044581	3	232470618	232478894	+	229	0.14464528858661652	0.0
agri_aa_oil__100grainweight	methwin__mCHG__cis__Zm00001d030856	3	-0.03671360674412767	0.03671360674412767	mCHG	cis	Zm00001d030856	1	163637977	163639965	-	243	0.13434764742851257	0.0
agri_aa_oil__100grainweight	methwin__mCG__gene__Zm00001d034043	3	-0.035334110087945396	0.035334110087945396	mCG	gene	Zm00001d034043	1	282043067	282045983	-	284	0.1399308443069458	0.0
agri_aa_oil__100grainweight	methwin__mCG__gene__Zm00001d018731	3	-0.03209358412228538	0.03209358412228538	mCG	gene	Zm00001d018731	7	3330940	3335717	+	129	0.15512733161449432	0.0
agri_aa_oil__100grainweight	methwin__mCG__promoter__Zm00001d042171	3	0.021213840047022103	0.021213840047022103	mCG	promoter	Zm00001d042171	3	154796683	154797198	-	229	0.1520165055990219	0.0
agri_aa_oil__100grainweight	methwin__mCG__gene__Zm00001d042171	3	0.021212820134899436	0.021212820134899436	mCG	gene	Zm00001d042171	3	154796683	154797198	-	152	0.1520165055990219	0.0
agri_aa_oil__100grainweight	methwin__mCHH__cis__Zm00001d047999	3	0.01855847956655018	0.01855847956655018	mCHH	cis	Zm00001d047999	9	147624186	147626585	-	32	0.05865861102938652	0.0
agri_aa_oil__100grainweight	methwin__mCHH__gene__Zm00001d047999	3	0.0185540327457104	0.0185540327457104	mCHH	gene	Zm00001d047999	9	147624186	147626585	-	3	0.05865861102938652	0.0
agri_aa_oil__100grainweight	methwin__mCHH__cis__Zm00001d047998	3	0.01854729119098267	0.01854729119098267	mCHH	cis	Zm00001d047998	9	147612453	147617340	-	31	0.05865861102938652	0.0
agri_aa_oil__100grainweight	methwin__mCHH__gene__Zm00001d014196	3	0.018027302256642008	0.018027302256642008	mCHH	gene	Zm00001d014196	5	35992510	35997626	-	200	0.007411800790578127	0.0
agri_aa_oil__100grainweight	methwin__mCHH__cis__Zm00001d008859	3	0.01444764973535847	0.01444764973535847	mCHH	cis	Zm00001d008859	8	22870098	22873800	-	499	0.022259419783949852	0.0
agri_aa_oil__100grainweight	methwin__mCHH__cis__Zm00001d008858	3	0.0144469242131472	0.0144469242131472	mCHH	cis	Zm00001d008858	8	22865173	22869630	+	498	0.022259419783949852	0.0
agri_aa_oil__100grainweight	methwin__mCHH__cis__Zm00001d022474	3	-0.01323711183329946	0.01323711183329946	mCHH	cis	Zm00001d022474	7	178334240	178335780	-	42	0.05516708269715309	0.0
agri_aa_oil__100grainweight	methwin__mCG__promoter__Zm00001d003791	3	-0.011652317990052329	0.011652317990052329	mCG	promoter	Zm00001d003791	2	59470932	59473694	-	22	0.18583939969539642	0.0
agri_aa_oil__100grainweight	methwin__mCG__cis__Zm00001d003791	3	-0.011649294710823396	0.011649294710823396	mCG	cis	Zm00001d003791	2	59470932	59473694	-	50	0.18583939969539642	0.0
agri_aa_oil__100grainweight	methwin__mCHH__cis__Zm00001d017136	3	-0.01151037575990875	0.01151037575990875	mCHH	cis	Zm00001d017136	5	186649141	186649984	-	326	0.027142249047756195	0.0
agri_aa_oil__100grainweight	methwin__mCHH__cis__Zm00001d017138	3	-0.011508816522212076	0.011508816522212076	mCHH	cis	Zm00001d017138	5	186660341	186666947	+	328	0.027142249047756195	0.0
agri_aa_oil__100grainweight	methwin__mCHH__cis__Zm00001d017137	3	-0.011506960828519671	0.011506960828519671	mCHH	cis	Zm00001d017137	5	186650137	186653888	+	327	0.027142249047756195	0.0
agri_aa_oil__100grainweight	methwin__mCHG__promoter__Zm00001d025621	3	-0.00868843564519644	0.00868843564519644	mCHG	promoter	Zm00001d025621	10	124245088	124245621	-	322	0.11041942238807678	0.0
agri_aa_oil__100grainweight	methwin__mCHG__promoter__Zm00001d025594	3	-0.007506802904301959	0.007506802904301959	mCHG	promoter	Zm00001d025594	10	123460360	123461574	+	483	0.10069315880537033	0.0
agri_aa_oil__100grainweight	methwin__mCHG__gene__Zm00001d025594	3	-0.007506000893235585	0.007506000893235585	mCHG	gene	Zm00001d025594	10	123460360	123461574	+	469	0.10069315880537033	0.0
agri_aa_oil__100grainweight	methwin__mCHH__cis__Zm00001d040595	3	-0.002723887551795076	0.002723887551795076	mCHH	cis	Zm00001d040595	3	52236536	52237647	+	67	0.04717601090669632	0.0
agri_aa_oil__100grainweight	methwin__mCHH__promoter__Zm00001d040595	3	-0.002716392808317931	0.002716392808317931	mCHH	promoter	Zm00001d040595	3	52236536	52237647	+	30	0.04717601090669632	0.0
agri_aa_oil__100grainweight	methwin__mCG__gene__Zm00001d030073	2	-0.07293671639246832	0.07293671639246832	mCG	gene	Zm00001d030073	1	103631545	103632715	+	430	0.1280493438243866	0.0
agri_aa_oil__100grainweight	methwin__mCHH__promoter__Zm00001d027834	2	0.07239276158750407	0.07239276158750407	mCHH	promoter	Zm00001d027834	1	14665693	14671725	+	354	0.014187786728143692	0.0
agri_aa_oil__100grainweight	methwin__mCHH__promoter__Zm00001d036220	2	-0.0689375547089274	0.0689375547089274	mCHH	promoter	Zm00001d036220	6	77712548	77714319	+	237	0.019324202090501785	0.0
agri_aa_oil__100grainweight	methwin__mCHH__gene__Zm00001d047565	2	0.06884060247594562	0.06884060247594562	mCHH	gene	Zm00001d047565	9	135716503	135717048	-	190	0.007685718592256308	0.0
agri_aa_oil__100grainweight	methwin__mCG__gene__Zm00001d019020	2	-0.06262664168137821	0.06262664168137821	mCG	gene	Zm00001d019020	7	12943160	12946459	-	474	0.12507526576519012	0.0
agri_aa_oil__100grainweight	methwin__mCHG__cis__Zm00001d032148	2	-0.06235610971328161	0.06235610971328161	mCHG	cis	Zm00001d032148	1	214491081	214496190	+	272	0.13270936906337738	0.0
agri_aa_oil__100grainweight	methwin__mCHG__gene__Zm00001d002962	2	-0.061397433263531365	0.061397433263531365	mCHG	gene	Zm00001d002962	2	28204145	28226242	-	261	0.11369631439447403	0.0
agri_aa_oil__100grainweight	methwin__mCHH__gene__Zm00001d028069	2	0.05674627925283446	0.05674627925283446	mCHH	gene	Zm00001d028069	1	21938116	21942087	-	246	0.006279947701841593	0.0
agri_aa_oil__100grainweight	methwin__mCHH__gene__Zm00001d049395	2	-0.056173392406130535	0.056173392406130535	mCHH	gene	Zm00001d049395	4	29105498	29109358	-	410	0.003893223125487566	0.0
agri_aa_oil__100grainweight	methwin__mCG__cis__Zm00001d025628	2	-0.05433273072579181	0.05433273072579181	mCG	cis	Zm00001d025628	10	124513574	124517653	+	329	0.16235268115997314	0.0
agri_aa_oil__100grainweight	methwin__mCG__promoter__Zm00001d035208	2	0.053278849793271715	0.053278849793271715	mCG	promoter	Zm00001d035208	6	9905774	9910868	-	219	0.1531686931848526	0.0
agri_aa_oil__100grainweight	methwin__mCHH__promoter__Zm00001d021513	2	-0.05223260198344159	0.05223260198344159	mCHH	promoter	Zm00001d021513	7	154682758	154684482	+	371	0.013593962416052818	0.0
agri_aa_oil__100grainweight	methwin__mCHG__promoter__Zm00001d003791	2	-0.051639138985783095	0.051639138985783095	mCHG	promoter	Zm00001d003791	2	59470932	59473694	-	152	0.12368081510066986	0.0
agri_aa_oil__100grainweight	methwin__mCG__gene__Zm00001d045715	2	-0.05046481135270222	0.05046481135270222	mCG	gene	Zm00001d045715	9	34917588	34919305	-	387	0.13138209283351898	0.0
agri_aa_oil__100grainweight	methwin__mCHH__gene__Zm00001d009385	2	0.0495805695245762	0.0495805695245762	mCHH	gene	Zm00001d009385	8	61599657	61604192	+	35	0.020862288773059845	0.0
agri_aa_oil__100grainweight	methwin__mCG__promoter__Zm00001d005350	2	-0.04359823540096	0.04359823540096	mCG	promoter	Zm00001d005350	2	170606178	170612205	+	341	0.14364176988601685	0.0
agri_aa_oil__100grainweight	methwin__mCG__gene__Zm00001d043353	2	-0.042729955498497216	0.042729955498497216	mCG	gene	Zm00001d043353	3	197459822	197489419	+	466	0.12562689185142517	0.0
agri_aa_oil__100grainweight	methwin__mCHH__gene__Zm00001d020562	2	-0.042473288225507444	0.042473288225507444	mCHH	gene	Zm00001d020562	7	122351840	122352624	-	308	0.005288772750645876	0.0
agri_aa_oil__100grainweight	methwin__mCHH__promoter__Zm00001d014198	2	0.03798238697521905	0.03798238697521905	mCHH	promoter	Zm00001d014198	5	36107594	36109905	+	467	0.011213105171918869	0.0
agri_aa_oil__100grainweight	methwin__mCHH__gene__Zm00001d026465	2	-0.03789423324807126	0.03789423324807126	mCHH	gene	Zm00001d026465	10	146390292	146400543	+	362	0.004575708881020546	0.0
agri_aa_oil__100grainweight	methwin__mCHG__promoter__Zm00001d010462	2	0.036941927295764586	0.036941927295764586	mCHG	promoter	Zm00001d010462	8	116428681	116443993	+	189	0.12055722624063492	0.0
agri_aa_oil__100grainweight	methwin__mCHH__promoter__Zm00001d027976	2	-0.035825692859369956	0.035825692859369956	mCHH	promoter	Zm00001d027976	1	19023016	19025659	+	460	0.011387703008949757	0.0
agri_aa_oil__100grainweight	methwin__mCHG__gene__Zm00001d019217	2	-0.03492861751426969	0.03492861751426969	mCHG	gene	Zm00001d019217	7	22231048	22241642	-	263	0.11350908875465393	0.0
agri_aa_oil__100grainweight	methwin__mCHG__promoter__Zm00001d040595	2	-0.0348569130998684	0.0348569130998684	mCHG	promoter	Zm00001d040595	3	52236536	52237647	+	178	0.12097060680389404	0.0
agri_aa_oil__100grainweight	methwin__mCG__promoter__Zm00001d031263	2	-0.033461512401065666	0.033461512401065666	mCG	promoter	Zm00001d031263	1	184281834	184284331	+	491	0.13238883018493652	0.0
agri_aa_oil__100grainweight	methwin__mCHH__gene__Zm00001d046286	2	0.03335130145619534	0.03335130145619534	mCHH	gene	Zm00001d046286	9	78302831	78308609	+	355	0.0046638790518045425	0.0
agri_aa_oil__100grainweight	methwin__mCHH__gene__Zm00001d043667	2	0.0326560080807039	0.0326560080807039	mCHH	gene	Zm00001d043667	3	206709190	206773617	+	444	0.003363938070833683	0.0
agri_aa_oil__100grainweight	methwin__mCHG__gene__Zm00001d036799	2	0.03256675169848183	0.03256675169848183	mCHG	gene	Zm00001d036799	6	101248218	101249481	-	436	0.10224110633134842	0.0
agri_aa_oil__100grainweight	methwin__mCG__cis__Zm00001d009701	2	-0.03229296354737336	0.03229296354737336	mCG	cis	Zm00001d009701	8	76405529	76406269	-	174	0.17190730571746826	0.0
agri_aa_oil__100grainweight	methwin__mCG__gene__Zm00001d016662	2	-0.03225314864686011	0.03225314864686011	mCG	gene	Zm00001d016662	5	171759650	171775572	-	482	0.1244773343205452	0.0
agri_aa_oil__100grainweight	methwin__mCHH__gene__Zm00001d051421	2	-0.02921383792496596	0.02921383792496596	mCHH	gene	Zm00001d051421	4	158016051	158023794	+	168	0.008168203756213188	0.0
agri_aa_oil__100grainweight	methwin__mCHG__promoter__Zm00001d025056	2	0.028846838240571618	0.028846838240571618	mCHG	promoter	Zm00001d025056	10	101921141	101923394	-	306	0.11153556406497955	0.0
agri_aa_oil__100grainweight	methwin__mCHG__cis__Zm00001d025404	2	-0.028318292717581878	0.028318292717581878	mCHG	cis	Zm00001d025404	10	117395751	117396956	+	102	0.14378415048122406	0.0
agri_aa_oil__100grainweight	methwin__mCHG__gene__Zm00001d025404	2	-0.028314522293178154	0.028314522293178154	mCHG	gene	Zm00001d025404	10	117395751	117396956	+	39	0.14378415048122406	0.0
agri_aa_oil__100grainweight	methwin__mCG__cis__Zm00001d009347	2	0.028140617567347613	0.028140617567347613	mCG	cis	Zm00001d009347	8	57644930	57646526	+	282	0.1642916053533554	0.0
agri_aa_oil__100grainweight	methwin__mCG__cis__Zm00001d009346	2	0.02813850441047301	0.02813850441047301	mCG	cis	Zm00001d009346	8	57636335	57637000	+	281	0.1642916053533554	0.0
agri_aa_oil__100grainweight	methwin__mCG__promoter__Zm00001d009347	2	0.028123656184941153	0.028123656184941153	mCG	promoter	Zm00001d009347	8	57644930	57646526	+	105	0.1642916053533554	0.0
agri_aa_oil__100grainweight	methwin__mCHG__gene__Zm00001d002390	2	-0.027938826966706493	0.027938826966706493	mCHG	gene	Zm00001d002390	2	11665354	11689105	-	488	0.09945905208587646	0.0
agri_aa_oil__100grainweight	methwin__mCHH__gene__Zm00001d030533	2	0.02588072172239802	0.02588072172239802	mCHH	gene	Zm00001d030533	1	142260864	142278394	-	376	0.0044015240855515	0.0
agri_aa_oil__100grainweight	methwin__mCG__gene__Zm00001d025877	2	-0.0257577414390798	0.0257577414390798	mCG	gene	Zm00001d025877	10	132437730	132438584	-	494	0.12353526800870895	0.0
agri_aa_oil__100grainweight	methwin__mCG__gene__Zm00001d044342	2	-0.023517097850432243	0.023517097850432243	mCG	gene	Zm00001d044342	3	225515419	225519609	-	357	0.13367043435573578	0.0
agri_aa_oil__100grainweight	methwin__mCG__promoter__Zm00001d043092	2	-0.02243946840062166	0.02243946840062166	mCG	promoter	Zm00001d043092	3	189070647	189072393	+	263	0.14943329989910126	0.0
agri_aa_oil__100grainweight	methwin__mCG__gene__Zm00001d043092	2	-0.022435163189406523	0.022435163189406523	mCG	gene	Zm00001d043092	3	189070647	189072393	+	172	0.14943329989910126	0.0
agri_aa_oil__100grainweight	methwin__mCHH__gene__Zm00001d024953	2	-0.021720361389111917	0.021720361389111917	mCHH	gene	Zm00001d024953	10	96630696	96658868	-	360	0.004607917740941048	0.0
agri_aa_oil__100grainweight	methwin__mCHG__gene__Zm00001d034043	2	-0.02156329477191945	0.02156329477191945	mCHG	gene	Zm00001d034043	1	282043067	282045983	-	400	0.10394235700368881	0.0
agri_aa_oil__100grainweight	methwin__mCG__gene__Zm00001d014017	2	0.021297872283450207	0.021297872283450207	mCG	gene	Zm00001d014017	5	28892601	28900562	-	209	0.14679120481014252	0.0
agri_aa_oil__100grainweight	methwin__mCG__promoter__Zm00001d022135	2	-0.021003449685779663	0.021003449685779663	mCG	promoter	Zm00001d022135	7	170983244	170984548	+	323	0.14448611438274384	0.0
agri_aa_oil__100grainweight	methwin__mCG__gene__Zm00001d022135	2	-0.021003339961235868	0.021003339961235868	mCG	gene	Zm00001d022135	7	170983244	170984548	+	233	0.14448611438274384	0.0
agri_aa_oil__100grainweight	methwin__mCG__promoter__Zm00001d050797	2	-0.020749067926678	0.020749067926678	mCG	promoter	Zm00001d050797	4	123582684	123584329	-	484	0.1338598132133484	0.0
agri_aa_oil__100grainweight	methwin__mCHH__promoter__Zm00001d036547	2	0.02016702215962164	0.02016702215962164	mCHH	promoter	Zm00001d036547	6	91589807	91591096	+	225	0.02048877812922001	0.0
agri_aa_oil__100grainweight	methwin__mCG__gene__Zm00001d051310	2	-0.01860499050282073	0.01860499050282073	mCG	gene	Zm00001d051310	4	152962064	152969869	+	134	0.15426528453826904	0.0
agri_aa_oil__100grainweight	methwin__mCG__promoter__Zm00001d051310	2	-0.018599214989281992	0.018599214989281992	mCG	promoter	Zm00001d051310	4	152962064	152969869	+	208	0.15426528453826904	0.0
agri_aa_oil__100grainweight	methwin__mCG__cis__Zm00001d017337	2	0.017085911480533254	0.017085911480533254	mCG	cis	Zm00001d017337	5	193248964	193251020	+	290	0.16402344405651093	0.0
agri_aa_oil__100grainweight	methwin__mCG__gene__Zm00001d017336	2	0.017073256085688767	0.017073256085688767	mCG	gene	Zm00001d017336	5	193245751	193254613	-	68	0.16402344405651093	0.0
agri_aa_oil__100grainweight	methwin__mCG__cis__Zm00001d017336	2	0.01707039758756707	0.01707039758756707	mCG	cis	Zm00001d017336	5	193245751	193254613	-	289	0.16402344405651093	0.0
agri_aa_oil__100grainweight	methwin__mCG__promoter__Zm00001d017336	2	0.017066744483840882	0.017066744483840882	mCG	promoter	Zm00001d017336	5	193245751	193254613	-	108	0.16402344405651093	0.0
agri_aa_oil__100grainweight	methwin__mCHG__cis__Zm00001d017507	2	-0.013670562475030314	0.016289032221951962	mCHG	cis	Zm00001d017507	5	197864412	197884322	+	203	0.1368226557970047	0.0
agri_aa_oil__100grainweight	methwin__mCHG__gene__Zm00001d017507	2	-0.013671376503388764	0.016286548788519026	mCHG	gene	Zm00001d017507	5	197864412	197884322	+	68	0.1368226557970047	0.0
agri_aa_oil__100grainweight	methwin__mCHG__promoter__Zm00001d048818	2	-0.015376641721942466	0.015376641721942466	mCHG	promoter	Zm00001d048818	4	5943970	5944767	+	136	0.1248651072382927	0.0
agri_aa_oil__100grainweight	methwin__mCHG__gene__Zm00001d011105	2	0.013664502277141576	0.013664502277141576	mCHG	gene	Zm00001d011105	8	139096722	139098059	-	176	0.12065449357032776	0.0
agri_aa_oil__100grainweight	methwin__mCHG__promoter__Zm00001d011107	2	0.013654634553191632	0.013654634553191632	mCHG	promoter	Zm00001d011107	8	139097487	139098598	+	185	0.12065449357032776	0.0
agri_aa_oil__100grainweight	methwin__mCG__gene__Zm00001d011488	2	0.013484400476181397	0.013484400476181397	mCG	gene	Zm00001d011488	8	152107228	152107913	+	147	0.15268437564373016	0.0
agri_aa_oil__100grainweight	methwin__mCHH__promoter__Zm00001d009677	2	-0.013349272178727715	0.013349272178727715	mCHH	promoter	Zm00001d009677	8	75506434	75508428	+	67	0.035474903881549835	0.0
agri_aa_oil__100grainweight	methwin__mCHH__cis__Zm00001d009677	2	-0.01334766370203436	0.01334766370203436	mCHH	cis	Zm00001d009677	8	75506434	75508428	+	170	0.035474903881549835	0.0
agri_aa_oil__100grainweight	methwin__mCHH__cis__Zm00001d018826	2	-0.012768159593445088	0.012768159593445088	mCHH	cis	Zm00001d018826	7	6584341	6586677	+	405	0.024648943915963173	0.0
agri_aa_oil__100grainweight	methwin__mCHH__cis__Zm00001d018827	2	-0.012763617105158557	0.012763617105158557	mCHH	cis	Zm00001d018827	7	6587108	6587917	+	404	0.024648943915963173	0.0
agri_aa_oil__100grainweight	methwin__mCG__promoter__Zm00001d025594	2	-0.012313780938346954	0.012313780938346954	mCG	promoter	Zm00001d025594	10	123460360	123461574	+	258	0.1499519646167755	0.0
agri_aa_oil__100grainweight	methwin__mCG__gene__Zm00001d025594	2	-0.01229044801755695	0.01229044801755695	mCG	gene	Zm00001d025594	10	123460360	123461574	+	168	0.1499519646167755	0.0
agri_aa_oil__100grainweight	methwin__mCG__gene__Zm00001d048323	2	0.01126977898671586	0.01126977898671586	mCG	gene	Zm00001d048323	9	154485308	154489238	+	379	0.1316424012184143	0.0
agri_aa_oil__100grainweight	methwin__mCHG__cis__Zm00001d034425	2	-0.011057044084389886	0.011057044084389886	mCHG	cis	Zm00001d034425	1	292634306	292635846	-	466	0.12586185336112976	0.0
agri_aa_oil__100grainweight	methwin__mCHG__cis__Zm00001d034424	2	-0.011041324476380447	0.011041324476380447	mCHG	cis	Zm00001d034424	1	292625000	292631329	-	467	0.12586185336112976	0.0
agri_aa_oil__100grainweight	methwin__mCHG__promoter__Zm00001d034425	2	-0.011038077897771066	0.011038077897771066	mCHG	promoter	Zm00001d034425	1	292634306	292635846	-	128	0.12586185336112976	0.0
agri_aa_oil__100grainweight	methwin__mCHG__gene__Zm00001d034425	2	-0.011019806721330554	0.011019806721330554	mCHG	gene	Zm00001d034425	1	292634306	292635846	-	136	0.12586185336112976	0.0
agri_aa_oil__100grainweight	methwin__mCG__cis__Zm00001d030021	2	-0.010053849797526887	0.010053849797526887	mCG	cis	Zm00001d030021	1	100085601	100090561	+	412	0.1589530110359192	0.0
agri_aa_oil__100grainweight	methwin__mCHH__promoter__Zm00001d034964	2	-0.009640303300720007	0.009640303300720007	mCHH	promoter	Zm00001d034964	6	168702	179846	-	384	0.013384812511503696	0.0
agri_aa_oil__100grainweight	methwin__mCG__promoter__Zm00001d025621	2	-0.009243977301118063	0.009243977301118063	mCG	promoter	Zm00001d025621	10	124245088	124245621	-	286	0.14800074696540833	0.0
agri_aa_oil__100grainweight	methwin__mCG__gene__Zm00001d020524	2	-0.008575007973450144	0.008575007973450144	mCG	gene	Zm00001d020524	7	120895372	120913683	-	116	0.15647150576114655	0.0
agri_aa_oil__100grainweight	methwin__mCG__cis__Zm00001d020524	2	-0.00857192840847423	0.00857192840847423	mCG	cis	Zm00001d020524	7	120895372	120913683	-	493	0.15647150576114655	0.0
agri_aa_oil__100grainweight	methwin__mCHH__gene__Zm00001d003964	2	-0.007999650962919035	0.007999650962919035	mCHH	gene	Zm00001d003964	2	72580663	72582175	-	340	0.004857032094150782	0.0
agri_aa_oil__100grainweight	methwin__mCG__cis__Zm00001d003352	2	-0.0073720382544849436	0.0073720382544849436	mCG	cis	Zm00001d003352	2	41240621	41247759	+	103	0.17730222642421722	0.0
agri_aa_oil__100grainweight	methwin__mCG__cis__Zm00001d053766	2	0.006495651378286987	0.006495651378286987	mCG	cis	Zm00001d053766	4	240707119	240709383	+	97	0.17775128781795502	0.0
agri_aa_oil__100grainweight	methwin__mCG__cis__Zm00001d053767	2	0.006495333270114375	0.006495333270114375	mCG	cis	Zm00001d053767	4	240714911	240718427	+	96	0.17775128781795502	0.0
agri_aa_oil__100grainweight	methwin__mCG__cis__Zm00001d053765	2	0.006494727059603277	0.006494727059603277	mCG	cis	Zm00001d053765	4	240696980	240703366	-	98	0.17775128781795502	0.0
agri_aa_oil__100grainweight	methwin__mCHG__gene__Zm00001d051310	2	-0.003958555140302709	0.003958555140302709	mCHG	gene	Zm00001d051310	4	152962064	152969869	+	114	0.12880167365074158	0.0
agri_aa_oil__100grainweight	methwin__mCHG__promoter__Zm00001d051310	2	-0.003955132389014505	0.003955132389014505	mCHG	promoter	Zm00001d051310	4	152962064	152969869	+	106	0.12880167365074158	0.0
agri_aa_oil__100grainweight	methwin__mCHG__cis__Zm00001d051310	2	-0.003954481943375811	0.003954481943375811	mCHG	cis	Zm00001d051310	4	152962064	152969869	+	372	0.12880167365074158	0.0
agri_aa_oil__100grainweight	methwin__mCHG__promoter__Zm00001d025618	2	-0.0037941671057915138	0.0037941671057915138	mCHG	promoter	Zm00001d025618	10	124150806	124152123	+	32	0.1415894627571106	0.0
agri_aa_oil__100grainweight	methwin__mCHH__cis__Zm00001d048059	2	-0.00355088567115052	0.00355088567115052	mCHH	cis	Zm00001d048059	9	149085887	149093085	+	263	0.03011501207947731	0.0
agri_aa_oil__100grainweight	methwin__mCHH__cis__Zm00001d048060	2	-0.00354695412480438	0.00354695412480438	mCHH	cis	Zm00001d048060	9	149093185	149097158	-	265	0.03011501207947731	0.0
agri_aa_oil__100grainweight	methwin__mCHH__cis__Zm00001d048061	2	-0.0035386480736764635	0.0035386480736764635	mCHH	cis	Zm00001d048061	9	149108412	149109896	+	264	0.03011501207947731	0.0
agri_aa_oil__100grainweight	methwin__mCHH__gene__Zm00001d021574	1	-0.11431152209040464	0.11431152209040464	mCHH	gene	Zm00001d021574	7	156488961	156504047	-	107	0.01083138957619667	0.0
agri_aa_oil__100grainweight	methwin__mCG__promoter__Zm00001d016472	1	-0.09943559695539964	0.09943559695539964	mCG	promoter	Zm00001d016472	5	163704722	163708772	+	199	0.15524700284004211	0.0
agri_aa_oil__100grainweight	methwin__mCG__gene__Zm00001d005758	1	0.098272177747647	0.098272177747647	mCG	gene	Zm00001d005758	2	186851974	186864267	-	459	0.12588132917881012	0.0
agri_aa_oil__100grainweight	methwin__mCHH__gene__Zm00001d005374	1	0.09798663720654649	0.09798663720654649	mCHH	gene	Zm00001d005374	2	171332454	171332684	-	454	0.0032539654057472944	0.0
agri_aa_oil__100grainweight	methwin__mCHH__promoter__Zm00001d005306	1	-0.09018681014281378	0.09018681014281378	mCHH	promoter	Zm00001d005306	2	168880537	168884895	-	340	0.014805488288402557	0.0
agri_aa_oil__100grainweight	methwin__mCG__gene__Zm00001d007784	1	0.08443069192045334	0.08443069192045334	mCG	gene	Zm00001d007784	2	239549775	239550674	+	388	0.13136713206768036	0.0
agri_aa_oil__100grainweight	methwin__mCHG__gene__Zm00001d005795	1	0.07466424487611524	0.07466424487611524	mCHG	gene	Zm00001d005795	2	188910705	188919424	-	278	0.11240191012620926	0.0
agri_aa_oil__100grainweight	methwin__mCHH__promoter__Zm00001d043197	1	0.07299434562244375	0.07299434562244375	mCHH	promoter	Zm00001d043197	3	191270207	191271106	-	438	0.01192863192409277	0.0
agri_aa_oil__100grainweight	methwin__mCG__gene__Zm00001d037575	1	-0.06922729943176885	0.06922729943176885	mCG	gene	Zm00001d037575	6	130072061	130073002	-	52	0.1689290702342987	0.0
agri_aa_oil__100grainweight	methwin__mCHG__gene__Zm00001d028477	1	0.06917387629735133	0.06917387629735133	mCHG	gene	Zm00001d028477	1	36246226	36256685	+	462	0.1010366827249527	0.0
agri_aa_oil__100grainweight	methwin__mCHH__gene__Zm00001d038475	1	0.06600687721137054	0.06600687721137054	mCHH	gene	Zm00001d038475	6	158240771	158284439	+	101	0.01148784440010786	0.0
agri_aa_oil__100grainweight	methwin__mCHH__gene__Zm00001d014472	1	-0.06154705881727378	0.06154705881727378	mCHH	gene	Zm00001d014472	5	49398143	49407885	-	116	0.010259728878736496	0.0
agri_aa_oil__100grainweight	methwin__mCHG__cis__Zm00001d007633	1	-0.06072417830365065	0.06072417830365065	mCHG	cis	Zm00001d007633	2	236564997	236567074	-	78	0.14752762019634247	0.0
agri_aa_oil__100grainweight	methwin__mCHG__promoter__Zm00001d007633	1	-0.06072350203667341	0.06072350203667341	mCHG	promoter	Zm00001d007633	2	236564997	236567074	-	27	0.14752762019634247	0.0
agri_aa_oil__100grainweight	methwin__mCG__gene__Zm00001d027271	1	0.05957363328711726	0.05957363328711726	mCG	gene	Zm00001d027271	1	1067813	1073269	-	105	0.15894339978694916	0.0
agri_aa_oil__100grainweight	methwin__mCHG__promoter__Zm00001d047001	1	-0.05878134701315771	0.05878134701315771	mCHG	promoter	Zm00001d047001	9	114888913	114889317	-	377	0.10660751163959503	0.0
agri_aa_oil__100grainweight	methwin__mCHH__promoter__Zm00001d043378	1	0.0570181544547235	0.0570181544547235	mCHH	promoter	Zm00001d043378	3	198206233	198229237	+	366	0.013767054304480553	0.0
agri_aa_oil__100grainweight	methwin__mCG__gene__Zm00001d050676	1	-0.05686282644857954	0.05686282644857954	mCG	gene	Zm00001d050676	4	115125576	115126378	+	448	0.12640918791294098	0.0
agri_aa_oil__100grainweight	methwin__mCHH__cis__Zm00001d003354	1	-0.0565042966775558	0.0565042966775558	mCHH	cis	Zm00001d003354	2	41358363	41370652	+	474	0.02292381227016449	0.0
agri_aa_oil__100grainweight	methwin__mCHH__gene__Zm00001d037982	1	-0.05321600363795307	0.05321600363795307	mCHH	gene	Zm00001d037982	6	144216057	144258410	-	338	0.004877559840679169	0.0
agri_aa_oil__100grainweight	methwin__mCHG__promoter__Zm00001d016266	1	-0.052432675381201076	0.052432675381201076	mCHG	promoter	Zm00001d016266	5	154665791	154666546	+	406	0.10484316945075989	0.0
agri_aa_oil__100grainweight	methwin__mCG__cis__Zm00001d025243	1	-0.05170146292055449	0.05170146292055449	mCG	cis	Zm00001d025243	10	110767645	110768010	-	362	0.1611528843641281	0.0
agri_aa_oil__100grainweight	methwin__mCHG__gene__Zm00001d023212	1	-0.050614546592086175	0.050614546592086175	mCHG	gene	Zm00001d023212	10	315861	318148	+	388	0.10449577122926712	0.0
agri_aa_oil__100grainweight	methwin__mCHG__promoter__Zm00001d023212	1	-0.05061380325142963	0.05061380325142963	mCHG	promoter	Zm00001d023212	10	315861	318148	+	416	0.10449577122926712	0.0
agri_aa_oil__100grainweight	methwin__mCHH__gene__Zm00001d010612	1	0.049799401321260296	0.049799401321260296	mCHH	gene	Zm00001d010612	8	121841411	121841998	-	154	0.00866763386875391	0.0
agri_aa_oil__100grainweight	methwin__mCHG__gene__Zm00001d009324	1	0.04961403491301039	0.04961403491301039	mCHG	gene	Zm00001d009324	8	55907938	55939303	-	161	0.12255170941352844	0.0
agri_aa_oil__100grainweight	methwin__mCHG__gene__Zm00001d040550	1	0.04920821754708116	0.04920821754708116	mCHG	gene	Zm00001d040550	3	49047940	49052983	+	241	0.11499122530221939	0.0
agri_aa_oil__100grainweight	methwin__mCHH__promoter__Zm00001d051948	1	0.04920296027944472	0.04920296027944472	mCHH	promoter	Zm00001d051948	4	175080344	175088925	-	403	0.01280379481613636	0.0
agri_aa_oil__100grainweight	methwin__mCHH__cis__Zm00001d034317	1	-0.049028628817958546	0.049028628817958546	mCHH	cis	Zm00001d034317	1	289102198	289104722	+	277	0.029618844389915466	0.0
agri_aa_oil__100grainweight	methwin__mCHH__gene__Zm00001d039795	1	-0.048676972608910477	0.048676972608910477	mCHH	gene	Zm00001d039795	3	15022780	15024252	+	157	0.00850372202694416	0.0
agri_aa_oil__100grainweight	methwin__mCHG__promoter__Zm00001d048242	1	-0.04833412119176974	0.04833412119176974	mCHG	promoter	Zm00001d048242	9	153098250	153098627	-	155	0.1234874576330185	0.0
agri_aa_oil__100grainweight	methwin__mCHH__gene__Zm00001d006267	1	0.04734977795856857	0.04734977795856857	mCHH	gene	Zm00001d006267	2	203274963	203284292	+	173	0.007992775179445744	0.0
agri_aa_oil__100grainweight	methwin__mCHG__gene__Zm00001d030026	1	0.04473773644774042	0.04473773644774042	mCHG	gene	Zm00001d030026	1	100613958	100647262	+	334	0.10829076170921326	0.0
agri_aa_oil__100grainweight	methwin__mCHH__cis__Zm00001d039983	1	0.04470453831357701	0.04470453831357701	mCHH	cis	Zm00001d039983	3	21764835	21766628	+	310	0.027612226083874702	0.0
agri_aa_oil__100grainweight	methwin__mCHH__gene__Zm00001d039983	1	0.04470219210936409	0.04470219210936409	mCHH	gene	Zm00001d039983	3	21764835	21766628	+	18	0.027612226083874702	0.0
agri_aa_oil__100grainweight	methwin__mCG__cis__Zm00001d040209	1	-0.044503585929503695	0.044503585929503695	mCG	cis	Zm00001d040209	3	32076843	32079601	+	400	0.15928173065185547	0.0
agri_aa_oil__100grainweight	methwin__mCG__gene__Zm00001d040209	1	-0.04450068179855519	0.04450068179855519	mCG	gene	Zm00001d040209	3	32076843	32079601	+	100	0.15928173065185547	0.0
agri_aa_oil__100grainweight	methwin__mCHH__gene__Zm00001d012624	1	-0.043523078355373404	0.043523078355373404	mCHH	gene	Zm00001d012624	8	177398158	177408853	+	231	0.006790201645344496	0.0
agri_aa_oil__100grainweight	methwin__mCHH__gene__Zm00001d028464	1	0.04021690490373709	0.04021690490373709	mCHH	gene	Zm00001d028464	1	35718861	35785612	+	466	0.003140411339700222	0.0
agri_aa_oil__100grainweight	methwin__mCHH__promoter__Zm00001d014244	1	0.03902590548626235	0.03902590548626235	mCHH	promoter	Zm00001d014244	5	37833152	37834955	+	382	0.01349208690226078	0.0
agri_aa_oil__100grainweight	methwin__mCHG__cis__Zm00001d020259	1	-0.03786455943368232	0.03786455943368232	mCHG	cis	Zm00001d020259	7	102649094	102649549	+	22	0.15906454622745514	0.0
agri_aa_oil__100grainweight	methwin__mCHG__cis__Zm00001d020260	1	-0.03786258491296863	0.03786258491296863	mCHG	cis	Zm00001d020260	7	102651781	102655080	-	23	0.15906454622745514	0.0
agri_aa_oil__100grainweight	methwin__mCHG__gene__Zm00001d020516	1	-0.03771359203436386	0.03771359203436386	mCHG	gene	Zm00001d020516	7	119982387	119992486	-	151	0.12449929863214493	0.0
agri_aa_oil__100grainweight	methwin__mCG__cis__Zm00001d025093	1	-0.03725357215795115	0.03725357215795115	mCG	cis	Zm00001d025093	10	103655322	103658082	-	469	0.15749020874500275	0.0
agri_aa_oil__100grainweight	methwin__mCHH__gene__Zm00001d026647	1	-0.03705109031879215	0.03705109031879215	mCHH	gene	Zm00001d026647	10	149345776	149364298	-	279	0.005662793293595314	0.0
agri_aa_oil__100grainweight	methwin__mCHH__cis__Zm00001d016873	1	0.036445800906876394	0.036445800906876394	mCHH	cis	Zm00001d016873	5	178968180	178971530	-	18	0.06732704490423203	0.0
agri_aa_oil__100grainweight	methwin__mCG__cis__Zm00001d054104	1	0.03529181887027046	0.03529181887027046	mCG	cis	Zm00001d054104	4	246521633	246556919	+	112	0.17678618431091309	0.0
agri_aa_oil__100grainweight	methwin__mCG__promoter__Zm00001d054104	1	0.03529170959074955	0.03529170959074955	mCG	promoter	Zm00001d054104	4	246521633	246556919	+	43	0.17678618431091309	0.0
agri_aa_oil__100grainweight	methwin__mCHG__promoter__Zm00001d009347	1	0.035085194364178715	0.035085194364178715	mCHG	promoter	Zm00001d009347	8	57644930	57646526	+	352	0.10817702859640121	0.0
agri_aa_oil__100grainweight	methwin__mCHG__cis__Zm00001d029328	1	-0.03505880802445801	0.03505880802445801	mCHG	cis	Zm00001d029328	1	66120056	66126500	-	442	0.12684164941310883	0.0
agri_aa_oil__100grainweight	methwin__mCHH__promoter__Zm00001d027288	1	-0.03470780298904013	0.03470780298904013	mCHH	promoter	Zm00001d027288	1	1841722	1843589	-	372	0.01359039731323719	0.0
agri_aa_oil__100grainweight	methwin__mCG__gene__Zm00001d054005	1	0.03432196454727345	0.03432196454727345	mCG	gene	Zm00001d054005	4	245031731	245044871	+	297	0.13871639966964722	0.0
agri_aa_oil__100grainweight	methwin__mCG__promoter__Zm00001d054006	1	0.03431925868329408	0.03431925868329408	mCG	promoter	Zm00001d054006	4	245045258	245045943	+	411	0.13871639966964722	0.0
agri_aa_oil__100grainweight	methwin__mCG__cis__Zm00001d006644	1	-0.03378433731400962	0.03378433731400962	mCG	cis	Zm00001d006644	2	213304600	213307872	+	266	0.16551578044891357	0.0
agri_aa_oil__100grainweight	methwin__mCG__promoter__Zm00001d006644	1	-0.03378293473485077	0.03378293473485077	mCG	promoter	Zm00001d006644	2	213304600	213307872	+	101	0.16551578044891357	0.0
agri_aa_oil__100grainweight	methwin__mCHH__promoter__Zm00001d023544	1	-0.03347305169952743	0.03347305169952743	mCHH	promoter	Zm00001d023544	10	9592423	9599740	-	271	0.017491916194558144	0.0
agri_aa_oil__100grainweight	methwin__mCG__gene__Zm00001d048973	1	0.03331336224964318	0.03331336224964318	mCG	gene	Zm00001d048973	4	11183972	11185206	-	179	0.14927947521209717	0.0
agri_aa_oil__100grainweight	methwin__mCG__promoter__Zm00001d048973	1	0.03331007621541413	0.03331007621541413	mCG	promoter	Zm00001d048973	4	11183972	11185206	-	268	0.14927947521209717	0.0
agri_aa_oil__100grainweight	methwin__mCHG__cis__Zm00001d027359	1	0.03292186576307246	0.03292186576307246	mCHG	cis	Zm00001d027359	1	3651033	3661251	-	310	0.13105201721191406	0.0
agri_aa_oil__100grainweight	methwin__mCHH__promoter__Zm00001d033158	1	-0.032917449138622205	0.032917449138622205	mCHH	promoter	Zm00001d033158	1	252436182	252443465	+	285	0.0165190938860178	0.0
agri_aa_oil__100grainweight	methwin__mCHG__gene__Zm00001d003835	1	-0.03274760647349539	0.03274760647349539	mCHG	gene	Zm00001d003835	2	61464112	61464516	+	72	0.1361483782529831	0.0
agri_aa_oil__100grainweight	methwin__mCHH__gene__Zm00001d023796	1	-0.03269247362477848	0.03269247362477848	mCHH	gene	Zm00001d023796	10	21488311	21534611	+	371	0.0044641452841460705	0.0
agri_aa_oil__100grainweight	methwin__mCG__gene__Zm00001d038427	1	0.03258247041087345	0.03258247041087345	mCG	gene	Zm00001d038427	6	157100732	157101846	+	131	0.15452049672603607	0.0
agri_aa_oil__100grainweight	methwin__mCG__promoter__Zm00001d038427	1	0.032578824861497456	0.032578824861497456	mCG	promoter	Zm00001d038427	6	157100732	157101846	+	205	0.15452049672603607	0.0
agri_aa_oil__100grainweight	methwin__mCHH__gene__Zm00001d038058	1	0.032474188781572516	0.032474188781572516	mCHH	gene	Zm00001d038058	6	146568999	146572316	+	230	0.006792704574763775	0.0
agri_aa_oil__100grainweight	methwin__mCHG__promoter__Zm00001d023590	1	-0.03160890345585345	0.03160890345585345	mCHG	promoter	Zm00001d023590	10	10919905	10924168	-	48	0.13824394345283508	0.0
agri_aa_oil__100grainweight	methwin__mCG__cis__Zm00001d019648	1	-0.03155407376892318	0.03155407376892318	mCG	cis	Zm00001d019648	7	47990040	47993872	-	222	0.16895082592964172	0.0
agri_aa_oil__100grainweight	methwin__mCHH__promoter__Zm00001d044177	1	-0.031232603252550627	0.031232603252550627	mCHH	promoter	Zm00001d044177	3	221192862	221194108	+	202	0.021890537813305855	0.0
agri_aa_oil__100grainweight	methwin__mCG__cis__Zm00001d042072	1	-0.031150196267603278	0.031150196267603278	mCG	cis	Zm00001d042072	3	149678843	149680300	-	49	0.18598885834217072	0.0
agri_aa_oil__100grainweight	methwin__mCG__gene__Zm00001d042071	1	-0.031149099247163088	0.031149099247163088	mCG	gene	Zm00001d042071	3	149678383	149678999	+	7	0.18598885834217072	0.0
agri_aa_oil__100grainweight	methwin__mCG__cis__Zm00001d042071	1	-0.031148863139215673	0.031148863139215673	mCG	cis	Zm00001d042071	3	149678383	149678999	+	48	0.18598885834217072	0.0
agri_aa_oil__100grainweight	methwin__mCG__cis__Zm00001d024779	1	0.030662325278781665	0.030662325278781665	mCG	cis	Zm00001d024779	10	87527065	87528243	+	363	0.16113978624343872	0.0
agri_aa_oil__100grainweight	methwin__mCG__promoter__Zm00001d041715	1	-0.030654303769365867	0.030654303769365867	mCG	promoter	Zm00001d041715	3	134686865	134693750	-	252	0.15029782056808472	0.0
agri_aa_oil__100grainweight	methwin__mCHG__gene__Zm00001d032944	1	-0.03045127102899761	0.03045127102899761	mCHG	gene	Zm00001d032944	1	244267423	244291732	+	171	0.12114031612873077	0.0
agri_aa_oil__100grainweight	methwin__mCHG__cis__Zm00001d024140	1	0.029965696853545516	0.029965696853545516	mCHG	cis	Zm00001d024140	10	49067757	49069364	+	235	0.1346745789051056	0.0
agri_aa_oil__100grainweight	methwin__mCHG__cis__Zm00001d024141	1	0.029958982008726723	0.029958982008726723	mCHG	cis	Zm00001d024141	10	49072650	49076807	+	236	0.1346745789051056	0.0
agri_aa_oil__100grainweight	methwin__mCHG__promoter__Zm00001d045447	1	0.029613714557103345	0.029613714557103345	mCHG	promoter	Zm00001d045447	9	22474921	22482934	+	274	0.11422935128211975	0.0
agri_aa_oil__100grainweight	methwin__mCG__cis__Zm00001d031638	1	-0.029119175923352343	0.029119175923352343	mCG	cis	Zm00001d031638	1	197063890	197066757	+	162	0.17336390912532806	0.0
agri_aa_oil__100grainweight	methwin__mCG__cis__Zm00001d025615	1	-0.02907533586144793	0.02907533586144793	mCG	cis	Zm00001d025615	10	123993115	123994083	-	269	0.16500191390514374	0.0
agri_aa_oil__100grainweight	methwin__mCHH__promoter__Zm00001d017284	1	-0.0288432386243638	0.0288432386243638	mCHH	promoter	Zm00001d017284	5	191690481	191693464	+	394	0.013071547262370586	0.0
agri_aa_oil__100grainweight	methwin__mCHH__promoter__Zm00001d029108	1	0.02810609851325093	0.02810609851325093	mCHH	promoter	Zm00001d029108	1	58286021	58287044	+	286	0.016514969989657402	0.0
agri_aa_oil__100grainweight	methwin__mCHG__cis__Zm00001d033602	1	0.027808254652313392	0.027808254652313392	mCHG	cis	Zm00001d033602	1	268308237	268315814	+	429	0.1271076202392578	0.0
agri_aa_oil__100grainweight	methwin__mCHG__cis__Zm00001d033601	1	0.02780679727739409	0.02780679727739409	mCHG	cis	Zm00001d033601	1	268302557	268307093	+	430	0.1271076202392578	0.0
agri_aa_oil__100grainweight	methwin__mCHG__promoter__Zm00001d033602	1	0.027798150613372444	0.027798150613372444	mCHG	promoter	Zm00001d033602	1	268308237	268315814	+	118	0.1271076202392578	0.0
agri_aa_oil__100grainweight	methwin__mCHH__gene__Zm00001d047882	1	-0.027719079039245153	0.027719079039245153	mCHH	gene	Zm00001d047882	9	144129671	144139999	-	419	0.0038344422355294228	0.0
agri_aa_oil__100grainweight	methwin__mCG__gene__Zm00001d040982	1	0.027518105878263782	0.027518105878263782	mCG	gene	Zm00001d040982	3	88101133	88101809	+	65	0.16476595401763916	0.0
agri_aa_oil__100grainweight	methwin__mCHG__promoter__Zm00001d023327	1	0.027482280581534416	0.027482280581534416	mCHG	promoter	Zm00001d023327	10	3460713	3479462	-	23	0.14866769313812256	0.0
agri_aa_oil__100grainweight	methwin__mCHG__cis__Zm00001d023327	1	0.027475859712368007	0.027475859712368007	mCHG	cis	Zm00001d023327	10	3460713	3479462	-	68	0.14866769313812256	0.0
agri_aa_oil__100grainweight	methwin__mCHG__promoter__Zm00001d034529	1	0.026413971198606858	0.026413971198606858	mCHG	promoter	Zm00001d034529	1	295713001	295716380	+	234	0.11668583005666733	0.0
agri_aa_oil__100grainweight	methwin__mCG__promoter__Zm00001d023590	1	-0.026283333763780944	0.026283333763780944	mCG	promoter	Zm00001d023590	10	10919905	10924168	-	4	0.19475975632667542	0.0
agri_aa_oil__100grainweight	methwin__mCHG__cis__Zm00001d024858	1	-0.02617222479450117	0.02617222479450117	mCHG	cis	Zm00001d024858	10	90998277	91013374	+	114	0.14199739694595337	0.0
agri_aa_oil__100grainweight	methwin__mCHG__cis__Zm00001d024857	1	-0.026157311645821562	0.026157311645821562	mCHG	cis	Zm00001d024857	10	90991479	90996675	+	115	0.14199739694595337	0.0
agri_aa_oil__100grainweight	methwin__mCHG__gene__Zm00001d024858	1	-0.026148916074066147	0.026148916074066147	mCHG	gene	Zm00001d024858	10	90998277	91013374	+	44	0.14199739694595337	0.0
agri_aa_oil__100grainweight	methwin__mCHH__promoter__Zm00001d010759	1	0.025923330292410854	0.025923330292410854	mCHH	promoter	Zm00001d010759	8	127187617	127188279	+	207	0.02166721411049366	0.0
agri_aa_oil__100grainweight	methwin__mCHG__cis__Zm00001d031638	1	-0.02589776571858558	0.02589776571858558	mCHG	cis	Zm00001d031638	1	197063890	197066757	+	60	0.15000396966934204	0.0
agri_aa_oil__100grainweight	methwin__mCG__promoter__Zm00001d051154	1	-0.025542954518267446	0.025542954518267446	mCG	promoter	Zm00001d051154	4	146257824	146259689	-	130	0.16193030774593353	0.0
agri_aa_oil__100grainweight	methwin__mCG__cis__Zm00001d051154	1	-0.025541148423541025	0.025541148423541025	mCG	cis	Zm00001d051154	4	146257824	146259689	-	338	0.16193030774593353	0.0
agri_aa_oil__100grainweight	methwin__mCHG__promoter__Zm00001d019568	1	-0.025470000701427114	0.025470000701427114	mCHG	promoter	Zm00001d019568	7	43298735	43322873	-	433	0.10352768003940582	0.0
agri_aa_oil__100grainweight	methwin__mCHH__cis__Zm00001d031584	1	-0.02423807535121803	0.02423807535121803	mCHH	cis	Zm00001d031584	1	195511708	195521787	+	362	0.025803368538618088	0.0
agri_aa_oil__100grainweight	methwin__mCG__cis__Zm00001d029328	1	-0.023912239892974394	0.023912239892974394	mCG	cis	Zm00001d029328	1	66120056	66126500	-	181	0.17131759226322174	0.0
agri_aa_oil__100grainweight	methwin__mCHH__cis__Zm00001d053177	1	-0.023817728615934886	0.023817728615934886	mCHH	cis	Zm00001d053177	4	218290530	218293089	+	295	0.02813129872083664	0.0
agri_aa_oil__100grainweight	methwin__mCG__promoter__Zm00001d049640	1	0.023521794519625296	0.023521794519625296	mCG	promoter	Zm00001d049640	4	38547753	38551529	+	274	0.1486034095287323	0.0
agri_aa_oil__100grainweight	methwin__mCG__gene__Zm00001d044494	1	0.023131227855942224	0.023131227855942224	mCG	gene	Zm00001d044494	3	229640974	229650786	-	157	0.15099617838859558	0.0
agri_aa_oil__100grainweight	methwin__mCG__promoter__Zm00001d041816	1	-0.022656912786102955	0.022656912786102955	mCG	promoter	Zm00001d041816	3	139054103	139086201	+	373	0.14182814955711365	0.0
agri_aa_oil__100grainweight	methwin__mCG__promoter__Zm00001d006199	1	0.022257788102536938	0.022257788102536938	mCG	promoter	Zm00001d006199	2	201505641	201507497	+	400	0.1396411508321762	0.0
agri_aa_oil__100grainweight	methwin__mCHG__promoter__Zm00001d052209	1	0.022018154131440423	0.022018154131440423	mCHG	promoter	Zm00001d052209	4	183315220	183317096	-	447	0.1026759147644043	0.0
agri_aa_oil__100grainweight	methwin__mCHH__gene__Zm00001d045606	1	0.02197253465131239	0.02197253465131239	mCHH	gene	Zm00001d045606	9	28548471	28570138	-	374	0.0044296858832240105	0.0
agri_aa_oil__100grainweight	methwin__mCG__gene__Zm00001d036799	1	0.021726202638130663	0.021726202638130663	mCG	gene	Zm00001d036799	6	101248218	101249481	-	411	0.12970232963562012	0.0
agri_aa_oil__100grainweight	methwin__mCG__cis__Zm00001d053427	1	0.020984234366579552	0.020984234366579552	mCG	cis	Zm00001d053427	4	230972493	230978467	-	170	0.17233139276504517	0.0
agri_aa_oil__100grainweight	methwin__mCHH__promoter__Zm00001d033602	1	-0.02081571818972861	0.02081571818972861	mCHH	promoter	Zm00001d033602	1	268308237	268315814	+	299	0.016222018748521805	0.0
agri_aa_oil__100grainweight	methwin__mCHG__cis__Zm00001d036151	1	-0.02039858266550299	0.02039858266550299	mCHG	cis	Zm00001d036151	6	74662764	74663198	-	265	0.13329464197158813	0.0
agri_aa_oil__100grainweight	methwin__mCHG__promoter__Zm00001d036151	1	-0.02039820521542824	0.02039820521542824	mCHG	promoter	Zm00001d036151	6	74662764	74663198	-	76	0.13329464197158813	0.0
agri_aa_oil__100grainweight	methwin__mCHH__cis__Zm00001d037230	1	0.02037186836908099	0.02037186836908099	mCHH	cis	Zm00001d037230	6	116986662	116987139	-	391	0.025008242577314377	0.0
agri_aa_oil__100grainweight	methwin__mCHH__promoter__Zm00001d035016	1	0.020006742554972083	0.020006742554972083	mCHH	promoter	Zm00001d035016	6	1849044	1850408	-	389	0.013204354792833328	0.0
agri_aa_oil__100grainweight	methwin__mCHH__promoter__Zm00001d026370	1	-0.019478344602947596	0.019478344602947596	mCHH	promoter	Zm00001d026370	10	144452263	144458167	-	21	0.050445977598428726	0.0
agri_aa_oil__100grainweight	methwin__mCHH__cis__Zm00001d026370	1	-0.019467518163545933	0.019467518163545933	mCHH	cis	Zm00001d026370	10	144452263	144458167	-	47	0.050445977598428726	0.0
agri_aa_oil__100grainweight	methwin__mCHH__gene__Zm00001d026371	1	-0.019439275360625473	0.019439275360625473	mCHH	gene	Zm00001d026371	10	144458006	144460016	+	6	0.050445977598428726	0.0
agri_aa_oil__100grainweight	methwin__mCHH__cis__Zm00001d026371	1	-0.019433143532101807	0.019433143532101807	mCHH	cis	Zm00001d026371	10	144458006	144460016	+	48	0.050445977598428726	0.0
agri_aa_oil__100grainweight	methwin__mCG__promoter__Zm00001d024242	1	-0.019428349590351942	0.019428349590351942	mCG	promoter	Zm00001d024242	10	59229280	59230089	+	45	0.17625175416469574	0.0
agri_aa_oil__100grainweight	methwin__mCG__cis__Zm00001d024242	1	-0.01942726370391377	0.01942726370391377	mCG	cis	Zm00001d024242	10	59229280	59230089	+	118	0.17625175416469574	0.0
agri_aa_oil__100grainweight	methwin__mCHG__promoter__Zm00001d040449	1	-0.01935011647855063	0.01935011647855063	mCHG	promoter	Zm00001d040449	3	43825329	43828852	-	227	0.11697714775800705	0.0
agri_aa_oil__100grainweight	methwin__mCHH__gene__Zm00001d033772	1	0.018792633796821848	0.018792633796821848	mCHH	gene	Zm00001d033772	1	273178152	273179917	+	238	0.006494587752968073	0.0
agri_aa_oil__100grainweight	methwin__mCHG__promoter__Zm00001d019907	1	0.01878387151328378	0.01878387151328378	mCHG	promoter	Zm00001d019907	7	74613007	74659068	-	90	0.1311831772327423	0.0
agri_aa_oil__100grainweight	methwin__mCHG__cis__Zm00001d019907	1	0.01878343891615406	0.01878343891615406	mCHG	cis	Zm00001d019907	7	74613007	74659068	-	305	0.1311831772327423	0.0
agri_aa_oil__100grainweight	methwin__mCG__cis__Zm00001d050678	1	-0.01865756804376533	0.01865756804376533	mCG	cis	Zm00001d050678	4	115229324	115229542	+	272	0.1647481471300125	0.0
agri_aa_oil__100grainweight	methwin__mCG__gene__Zm00001d002174	1	0.01846354912492645	0.01846354912492645	mCG	gene	Zm00001d002174	2	7239862	7249041	+	85	0.16132770478725433	0.0
agri_aa_oil__100grainweight	methwin__mCG__cis__Zm00001d002174	1	0.018456835741467004	0.018456835741467004	mCG	cis	Zm00001d002174	2	7239862	7249041	+	359	0.16132770478725433	0.0
agri_aa_oil__100grainweight	methwin__mCHG__gene__Zm00001d005927	1	0.018358927426391298	0.018358927426391298	mCHG	gene	Zm00001d005927	2	193010237	193011059	+	399	0.10399467498064041	0.0
agri_aa_oil__100grainweight	methwin__mCHH__promoter__Zm00001d050017	1	-0.0182418007689108	0.0182418007689108	mCHH	promoter	Zm00001d050017	4	59929429	59934326	+	321	0.015466121956706047	0.0
agri_aa_oil__100grainweight	methwin__mCG__cis__Zm00001d032056	1	0.018222473518274947	0.018222473518274947	mCG	cis	Zm00001d032056	1	210966210	210973774	+	176	0.1718510538339615	0.0
agri_aa_oil__100grainweight	methwin__mCG__promoter__Zm00001d032056	1	0.01821124734528875	0.01821124734528875	mCG	promoter	Zm00001d032056	1	210966210	210973774	+	63	0.1718510538339615	0.0
agri_aa_oil__100grainweight	methwin__mCHH__gene__Zm00001d002418	1	-0.018176625667898818	0.018176625667898818	mCHH	gene	Zm00001d002418	2	12281370	12292546	+	482	0.002820158377289772	0.0
agri_aa_oil__100grainweight	methwin__mCHH__cis__Zm00001d034164	1	0.01815939721770495	0.01815939721770495	mCHH	cis	Zm00001d034164	1	285585484	285591541	+	122	0.03949514776468277	0.0
agri_aa_oil__100grainweight	methwin__mCHH__promoter__Zm00001d034164	1	0.01815753941365556	0.01815753941365556	mCHH	promoter	Zm00001d034164	1	285585484	285591541	+	50	0.03949514776468277	0.0
agri_aa_oil__100grainweight	methwin__mCHH__cis__Zm00001d034165	1	0.018155330603064432	0.018155330603064432	mCHH	cis	Zm00001d034165	1	285594394	285595774	-	123	0.03949514776468277	0.0
agri_aa_oil__100grainweight	methwin__mCHG__promoter__Zm00001d041715	1	-0.018137879477222205	0.018137879477222205	mCHG	promoter	Zm00001d041715	3	134686865	134693750	-	457	0.10224369168281555	0.0
agri_aa_oil__100grainweight	methwin__mCG__gene__Zm00001d011105	1	0.017951094317539138	0.017951094317539138	mCG	gene	Zm00001d011105	8	139096722	139098059	-	259	0.14214889705181122	0.0
agri_aa_oil__100grainweight	methwin__mCG__promoter__Zm00001d011107	1	0.01794891785190807	0.01794891785190807	mCG	promoter	Zm00001d011107	8	139097487	139098598	+	366	0.14214889705181122	0.0
agri_aa_oil__100grainweight	methwin__mCG__promoter__Zm00001d033411	1	0.017738505632107084	0.017738505632107084	mCG	promoter	Zm00001d033411	1	262280144	262300074	-	424	0.13799726963043213	0.0
agri_aa_oil__100grainweight	methwin__mCG__gene__Zm00001d033411	1	0.01773732479113198	0.01773732479113198	mCG	gene	Zm00001d033411	1	262280144	262300074	-	308	0.13799726963043213	0.0
agri_aa_oil__100grainweight	methwin__mCHH__gene__Zm00001d028384	1	-0.017378607873818886	0.017378607873818886	mCHH	gene	Zm00001d028384	1	32801911	32809405	+	324	0.005105047021061182	0.0
agri_aa_oil__100grainweight	methwin__mCHG__gene__Zm00001d014017	1	0.01732909948118137	0.01732909948118137	mCHG	gene	Zm00001d014017	5	28892601	28900562	-	285	0.11208973824977875	0.0
agri_aa_oil__100grainweight	methwin__mCHH__gene__Zm00001d012845	1	-0.01714865000130437	0.01714865000130437	mCHH	gene	Zm00001d012845	5	1066531	1071306	-	311	0.005280272103846073	0.0
agri_aa_oil__100grainweight	methwin__mCHG__gene__Zm00001d040982	1	0.0167080162744891	0.0167080162744891	mCHG	gene	Zm00001d040982	3	88101133	88101809	+	228	0.11610543727874756	0.0
agri_aa_oil__100grainweight	methwin__mCHG__cis__Zm00001d048045	1	0.0165974710678874	0.0165974710678874	mCHG	cis	Zm00001d048045	9	148686754	148689052	+	54	0.15051482617855072	0.0
agri_aa_oil__100grainweight	methwin__mCHG__gene__Zm00001d048045	1	0.016570765544526887	0.016570765544526887	mCHG	gene	Zm00001d048045	9	148686754	148689052	+	19	0.15051482617855072	0.0
agri_aa_oil__100grainweight	methwin__mCHH__promoter__Zm00001d043112	1	-0.016550563149983873	0.016550563149983873	mCHH	promoter	Zm00001d043112	3	189493679	189499164	+	318	0.015585003420710564	0.0
agri_aa_oil__100grainweight	methwin__mCHH__cis__Zm00001d051656	1	-0.016520542416482514	0.016520542416482514	mCHH	cis	Zm00001d051656	4	165895866	165903079	-	382	0.025263043120503426	0.0
agri_aa_oil__100grainweight	methwin__mCHH__promoter__Zm00001d051656	1	-0.01652031134393701	0.01652031134393701	mCHH	promoter	Zm00001d051656	4	165895866	165903079	-	157	0.025263043120503426	0.0
agri_aa_oil__100grainweight	methwin__mCHH__cis__Zm00001d051655	1	-0.016519759931512067	0.016519759931512067	mCHH	cis	Zm00001d051655	4	165893103	165894084	+	383	0.025263043120503426	0.0
agri_aa_oil__100grainweight	methwin__mCHG__cis__Zm00001d048042	1	0.016512739416929757	0.016512739416929757	mCHG	cis	Zm00001d048042	9	148678495	148680006	+	53	0.15051482617855072	0.0
agri_aa_oil__100grainweight	methwin__mCHG__cis__Zm00001d048044	1	0.016457517921093047	0.016457517921093047	mCHG	cis	Zm00001d048044	9	148682940	148684179	-	52	0.15051482617855072	0.0
agri_aa_oil__100grainweight	methwin__mCHG__gene__Zm00001d011680	1	-0.01629912653882288	0.01629912653882288	mCHG	gene	Zm00001d011680	8	158512216	158527236	-	283	0.11222295463085175	0.0
agri_aa_oil__100grainweight	methwin__mCG__gene__Zm00001d051852	1	-0.01623806685710457	0.01623806685710457	mCG	gene	Zm00001d051852	4	172404001	172404660	-	183	0.14868208765983582	0.0
agri_aa_oil__100grainweight	methwin__mCG__promoter__Zm00001d051852	1	-0.016235748548654998	0.016235748548654998	mCG	promoter	Zm00001d051852	4	172404001	172404660	-	273	0.14868208765983582	0.0
agri_aa_oil__100grainweight	methwin__mCHH__cis__Zm00001d040398	1	0.016052630756781032	0.016052630756781032	mCHH	cis	Zm00001d040398	3	41307697	41310069	-	2	0.08180461823940277	0.0
agri_aa_oil__100grainweight	methwin__mCG__gene__Zm00001d052076	1	0.015990116268992643	0.015990116268992643	mCG	gene	Zm00001d052076	4	178749028	178755925	-	29	0.17396897077560425	0.0
agri_aa_oil__100grainweight	methwin__mCG__cis__Zm00001d052077	1	0.015989528045405536	0.015989528045405536	mCG	cis	Zm00001d052077	4	178757281	178758312	-	153	0.17396897077560425	0.0
agri_aa_oil__100grainweight	methwin__mCHH__promoter__Zm00001d005793	1	0.015679535440523966	0.015679535440523966	mCHH	promoter	Zm00001d005793	2	188849023	188849574	+	230	0.02010631002485752	0.0
agri_aa_oil__100grainweight	methwin__mCHH__cis__Zm00001d007313	1	0.01566087892464426	0.01566087892464426	mCHH	cis	Zm00001d007313	2	227537420	227545046	+	10	0.07113338261842728	0.0
agri_aa_oil__100grainweight	methwin__mCHG__gene__Zm00001d020933	1	0.014950484959415268	0.014950484959415268	mCHG	gene	Zm00001d020933	7	136990480	136992305	-	265	0.11332482844591141	0.0
agri_aa_oil__100grainweight	methwin__mCHG__cis__Zm00001d040152	1	-0.01473908628840334	0.01473908628840334	mCHG	cis	Zm00001d040152	3	29271520	29275778	-	428	0.1271587610244751	0.0
agri_aa_oil__100grainweight	methwin__mCG__cis__Zm00001d038924	1	-0.01457697658270104	0.01457697658270104	mCG	cis	Zm00001d038924	6	167109322	167110362	+	156	0.17383064329624176	0.0
agri_aa_oil__100grainweight	methwin__mCG__cis__Zm00001d038923	1	-0.014576277655660838	0.014576277655660838	mCG	cis	Zm00001d038923	6	167106090	167108422	+	157	0.17383064329624176	0.0
agri_aa_oil__100grainweight	methwin__mCHG__promoter__Zm00001d054104	1	0.014366291458026252	0.014366291458026252	mCHG	promoter	Zm00001d054104	4	246521633	246556919	+	55	0.1376039832830429	0.0
agri_aa_oil__100grainweight	methwin__mCG__promoter__Zm00001d048939	1	0.014068617602922051	0.014068617602922051	mCG	promoter	Zm00001d048939	4	9751743	9752306	+	31	0.17958414554595947	0.0
agri_aa_oil__100grainweight	methwin__mCHG__gene__Zm00001d020524	1	-0.013921527365471583	0.013921527365471583	mCHG	gene	Zm00001d020524	7	120895372	120913683	-	238	0.1153230145573616	0.0
agri_aa_oil__100grainweight	methwin__mCHH__gene__Zm00001d051615	1	-0.01384550679414506	0.01384550679414506	mCHH	gene	Zm00001d051615	4	164594515	164602165	-	4	0.05523606762290001	0.0
agri_aa_oil__100grainweight	methwin__mCHH__cis__Zm00001d051615	1	-0.013831019184137485	0.013831019184137485	mCHH	cis	Zm00001d051615	4	164594515	164602165	-	41	0.05523606762290001	0.0
agri_aa_oil__100grainweight	methwin__mCHG__promoter__Zm00001d032056	1	0.0137079509724442	0.0137079509724442	mCHG	promoter	Zm00001d032056	1	210966210	210973774	+	212	0.11870671808719635	0.0
agri_aa_oil__100grainweight	methwin__mCG__promoter__Zm00001d045800	1	-0.013629469990782378	0.013629469990782378	mCG	promoter	Zm00001d045800	9	39937307	39947203	+	355	0.14292804896831512	0.0
agri_aa_oil__100grainweight	methwin__mCHH__cis__Zm00001d047687	1	0.013314518008544685	0.013314518008544685	mCHH	cis	Zm00001d047687	9	139353622	139355151	+	341	0.026774214580655098	0.0
agri_aa_oil__100grainweight	methwin__mCHH__cis__Zm00001d047689	1	0.013312132301930363	0.013312132301930363	mCHH	cis	Zm00001d047689	9	139363842	139370232	+	343	0.026774214580655098	0.0
agri_aa_oil__100grainweight	methwin__mCHH__cis__Zm00001d047688	1	0.013310773656951047	0.013310773656951047	mCHH	cis	Zm00001d047688	9	139359602	139363816	-	342	0.026774214580655098	0.0
agri_aa_oil__100grainweight	methwin__mCHG__cis__Zm00001d038866	1	-0.0132935698473207	0.0132935698473207	mCHG	cis	Zm00001d038866	6	166084251	166095366	-	394	0.12812338769435883	0.0
agri_aa_oil__100grainweight	methwin__mCHG__cis__Zm00001d038867	1	-0.013290888273587272	0.013290888273587272	mCHG	cis	Zm00001d038867	6	166103499	166106031	+	393	0.12812338769435883	0.0
agri_aa_oil__100grainweight	methwin__mCHG__promoter__Zm00001d038866	1	-0.013289879793669199	0.013289879793669199	mCHG	promoter	Zm00001d038866	6	166084251	166095366	-	110	0.12812338769435883	0.0
agri_aa_oil__100grainweight	methwin__mCG__gene__Zm00001d016054	1	-0.013045965583436485	0.013045965583436485	mCG	gene	Zm00001d016054	5	141752732	141753952	-	351	0.13405576348304749	0.0
agri_aa_oil__100grainweight	methwin__mCHH__cis__Zm00001d048292	1	0.012962676750328618	0.012962676750328618	mCHH	cis	Zm00001d048292	9	154002038	154006592	-	315	0.027367664501070976	0.0
agri_aa_oil__100grainweight	methwin__mCHH__promoter__Zm00001d048291	1	0.012956517297180094	0.012956517297180094	mCHH	promoter	Zm00001d048291	9	153995278	153999021	+	126	0.027367664501070976	0.0
agri_aa_oil__100grainweight	methwin__mCHH__cis__Zm00001d048291	1	0.012948626641226955	0.012948626641226955	mCHH	cis	Zm00001d048291	9	153995278	153999021	+	314	0.027367664501070976	0.0
agri_aa_oil__100grainweight	methwin__mCHG__gene__Zm00001d032699	1	0.01288886022085329	0.01288886022085329	mCHG	gene	Zm00001d032699	1	235073263	235106928	-	112	0.12903301417827606	0.0
agri_aa_oil__100grainweight	methwin__mCHG__cis__Zm00001d032699	1	0.01288741128702301	0.01288741128702301	mCHG	cis	Zm00001d032699	1	235073263	235106928	-	367	0.12903301417827606	0.0
agri_aa_oil__100grainweight	methwin__mCG__promoter__Zm00001d013459	1	-0.01255072117471726	0.01255072117471726	mCG	promoter	Zm00001d013459	5	12107718	12111634	+	439	0.13681228458881378	0.0
agri_aa_oil__100grainweight	methwin__mCHH__gene__Zm00001d021488	1	-0.012008385262770592	0.012008385262770592	mCHH	gene	Zm00001d021488	7	153824987	153861598	+	267	0.005826747976243496	0.0
agri_aa_oil__100grainweight	methwin__mCG__promoter__Zm00001d049765	1	-0.01200299900890775	0.01200299900890775	mCG	promoter	Zm00001d049765	4	43843113	43845756	+	131	0.16189789772033691	0.0
agri_aa_oil__100grainweight	methwin__mCG__gene__Zm00001d049765	1	-0.011989352161772668	0.011989352161772668	mCG	gene	Zm00001d049765	4	43843113	43845756	+	78	0.16189789772033691	0.0
agri_aa_oil__100grainweight	methwin__mCG__cis__Zm00001d049765	1	-0.01195447413808893	0.01195447413808893	mCG	cis	Zm00001d049765	4	43843113	43845756	+	341	0.16189789772033691	0.0
agri_aa_oil__100grainweight	methwin__mCG__cis__Zm00001d049766	1	-0.011948004315934983	0.011948004315934983	mCG	cis	Zm00001d049766	4	43845346	43848071	-	340	0.16189789772033691	0.0
agri_aa_oil__100grainweight	methwin__mCG__promoter__Zm00001d040595	1	-0.01167682102282118	0.01167682102282118	mCG	promoter	Zm00001d040595	3	52236536	52237647	+	245	0.15087567269802094	0.0
agri_aa_oil__100grainweight	methwin__mCHG__cis__Zm00001d015252	1	-0.011551889206630899	0.011551889206630899	mCHG	cis	Zm00001d015252	5	81412435	81417336	+	344	0.12961024045944214	0.0
agri_aa_oil__100grainweight	methwin__mCHG__promoter__Zm00001d015252	1	-0.011548120286847263	0.011548120286847263	mCHG	promoter	Zm00001d015252	5	81412435	81417336	+	99	0.12961024045944214	0.0
agri_aa_oil__100grainweight	methwin__mCHG__promoter__Zm00001d033135	1	-0.011021176848522113	0.011021176848522113	mCHG	promoter	Zm00001d033135	1	251738064	251740860	+	467	0.10169361531734467	0.0
agri_aa_oil__100grainweight	methwin__mCG__promoter__Zm00001d025618	1	-0.010765705895295285	0.010765705895295285	mCG	promoter	Zm00001d025618	10	124150806	124152123	+	42	0.17694225907325745	0.0
agri_aa_oil__100grainweight	methwin__mCHH__promoter__Zm00001d024505	1	-0.010466492496326061	0.010466492496326061	mCHH	promoter	Zm00001d024505	10	74756584	74774103	+	293	0.016416169703006744	0.0
agri_aa_oil__100grainweight	methwin__mCHH__gene__Zm00001d012900	1	-0.010444313535111271	0.010444313535111271	mCHH	gene	Zm00001d012900	5	1768374	1778661	+	248	0.006258908659219742	0.0
agri_aa_oil__100grainweight	methwin__mCG__promoter__Zm00001d011089	1	-0.00974412224426659	0.00974412224426659	mCG	promoter	Zm00001d011089	8	138646179	138656729	+	24	0.18302957713603973	0.0
agri_aa_oil__100grainweight	methwin__mCG__cis__Zm00001d025314	1	0.009452141477146582	0.009452141477146582	mCG	cis	Zm00001d025314	10	114014799	114015284	-	58	0.1826505959033966	0.0
agri_aa_oil__100grainweight	methwin__mCG__cis__Zm00001d025317	1	0.009451933124267453	0.009451933124267453	mCG	cis	Zm00001d025317	10	114026048	114027155	+	59	0.1826505959033966	0.0
agri_aa_oil__100grainweight	methwin__mCG__cis__Zm00001d025316	1	0.009450050926515383	0.009450050926515383	mCG	cis	Zm00001d025316	10	114024329	114025411	+	60	0.1826505959033966	0.0
agri_aa_oil__100grainweight	methwin__mCG__cis__Zm00001d025318	1	0.009448592760709308	0.009448592760709308	mCG	cis	Zm00001d025318	10	114029385	114032662	+	57	0.1826505959033966	0.0
agri_aa_oil__100grainweight	methwin__mCG__promoter__Zm00001d051551	1	-0.009411027160335848	0.009411027160335848	mCG	promoter	Zm00001d051551	4	162409039	162410028	+	302	0.1462513655424118	0.0
agri_aa_oil__100grainweight	methwin__mCG__gene__Zm00001d051551	1	-0.00940919884892298	0.00940919884892298	mCG	gene	Zm00001d051551	4	162409039	162410028	+	216	0.1462513655424118	0.0
agri_aa_oil__100grainweight	methwin__mCHG__promoter__Zm00001d016831	1	-0.009133128150400398	0.009133128150400398	mCHG	promoter	Zm00001d016831	5	177772939	177774278	+	188	0.12057355046272278	0.0
agri_aa_oil__100grainweight	methwin__mCHH__cis__Zm00001d022103	1	0.008775926133238661	0.008775926133238661	mCHH	cis	Zm00001d022103	7	170381553	170386317	+	224	0.032413970679044724	0.0
agri_aa_oil__100grainweight	methwin__mCHH__cis__Zm00001d022104	1	0.008775068566031817	0.008775068566031817	mCHH	cis	Zm00001d022104	7	170386654	170389910	-	223	0.032413970679044724	0.0
agri_aa_oil__100grainweight	methwin__mCHH__promoter__Zm00001d022104	1	0.008773359208258374	0.008773359208258374	mCHH	promoter	Zm00001d022104	7	170386654	170389910	-	90	0.032413970679044724	0.0
agri_aa_oil__100grainweight	methwin__mCHG__promoter__Zm00001d048939	1	0.008465393921794444	0.008465393921794444	mCHG	promoter	Zm00001d048939	4	9751743	9752306	+	165	0.122111976146698	0.0
agri_aa_oil__100grainweight	methwin__mCG__cis__Zm00001d048044	1	0.008275209827196033	0.008275209827196033	mCG	cis	Zm00001d048044	9	148682940	148684179	-	195	0.17027363181114197	0.0
agri_aa_oil__100grainweight	methwin__mCHG__promoter__Zm00001d030530	1	0.008239880584265363	0.008239880584265363	mCHG	promoter	Zm00001d030530	1	142031879	142032262	-	105	0.12888728082180023	0.0
agri_aa_oil__100grainweight	methwin__mCHG__cis__Zm00001d030530	1	0.008239539874896373	0.008239539874896373	mCHG	cis	Zm00001d030530	1	142031879	142032262	-	371	0.12888728082180023	0.0
agri_aa_oil__100grainweight	methwin__mCHG__cis__Zm00001d030529	1	0.008237599796257279	0.008237599796257279	mCHG	cis	Zm00001d030529	1	142030972	142031706	+	370	0.12888728082180023	0.0
agri_aa_oil__100grainweight	methwin__mCG__cis__Zm00001d048042	1	0.008218613101630103	0.008218613101630103	mCG	cis	Zm00001d048042	9	148678495	148680006	+	196	0.17027363181114197	0.0
agri_aa_oil__100grainweight	methwin__mCG__gene__Zm00001d048045	1	0.008165776108976355	0.008165776108976355	mCG	gene	Zm00001d048045	9	148686754	148689052	+	40	0.17027363181114197	0.0
agri_aa_oil__100grainweight	methwin__mCG__cis__Zm00001d048045	1	0.008148125849568292	0.008148125849568292	mCG	cis	Zm00001d048045	9	148686754	148689052	+	197	0.17027363181114197	0.0
agri_aa_oil__100grainweight	methwin__mCHH__gene__Zm00001d033685	1	0.007985952220608336	0.007985952220608336	mCHH	gene	Zm00001d033685	1	271180864	271193639	+	290	0.005526892375200987	0.0
agri_aa_oil__100grainweight	methwin__mCG__cis__Zm00001d043992	1	-0.007792191977378686	0.007792191977378686	mCG	cis	Zm00001d043992	3	215850507	215866477	+	88	0.1791154146194458	0.0
agri_aa_oil__100grainweight	methwin__mCG__promoter__Zm00001d043992	1	-0.007751973754034271	0.007751973754034271	mCG	promoter	Zm00001d043992	3	215850507	215866477	+	32	0.1791154146194458	0.0
agri_aa_oil__100grainweight	methwin__mCG__gene__Zm00001d024954	1	-0.007359310171372248	0.007359310171372248	mCG	gene	Zm00001d024954	10	96732967	96733493	+	266	0.14152200520038605	0.0
agri_aa_oil__100grainweight	methwin__mCG__promoter__Zm00001d024954	1	-0.007356006816228142	0.007356006816228142	mCG	promoter	Zm00001d024954	10	96732967	96733493	+	378	0.14152200520038605	0.0
agri_aa_oil__100grainweight	methwin__mCG__gene__Zm00001d008462	1	0.006832238519127504	0.006832238519127504	mCG	gene	Zm00001d008462	8	9350134	9352749	-	429	0.12824682891368866	0.0
agri_aa_oil__100grainweight	methwin__mCG__cis__Zm00001d040152	1	-0.0065035118083683705	0.0065035118083683705	mCG	cis	Zm00001d040152	3	29271520	29275778	-	237	0.16767656803131104	0.0
agri_aa_oil__100grainweight	methwin__mCG__cis__Zm00001d048060	1	-0.0064474333459202645	0.0064474333459202645	mCG	cis	Zm00001d048060	9	149093185	149097158	-	120	0.17623049020767212	0.0
agri_aa_oil__100grainweight	methwin__mCG__cis__Zm00001d048061	1	-0.006447226562175096	0.006447226562175096	mCG	cis	Zm00001d048061	9	149108412	149109896	+	119	0.17623049020767212	0.0
agri_aa_oil__100grainweight	methwin__mCHH__gene__Zm00001d010572	1	-0.006428932225220775	0.006428932225220775	mCHH	gene	Zm00001d010572	8	120659293	120673593	+	342	0.004843625705689192	0.0
agri_aa_oil__100grainweight	methwin__mCHH__gene__Zm00001d012787	1	-0.00588690963103571	0.00588690963103571	mCHH	gene	Zm00001d012787	8	180933690	180941840	+	430	0.0036084656603634357	0.0
agri_aa_oil__100grainweight	methwin__mCG__cis__Zm00001d026057	1	-0.005547495732029033	0.005547495732029033	mCG	cis	Zm00001d026057	10	137266163	137268745	-	168	0.17246952652931213	0.0
agri_aa_oil__100grainweight	methwin__mCG__cis__Zm00001d026056	1	-0.005545303269646402	0.005545303269646402	mCG	cis	Zm00001d026056	10	137257366	137260572	-	167	0.17246952652931213	0.0
agri_aa_oil__100grainweight	methwin__mCG__gene__Zm00001d026056	1	-0.005544542883979719	0.005544542883979719	mCG	gene	Zm00001d026056	10	137257366	137260572	-	33	0.17246952652931213	0.0
agri_aa_oil__100grainweight	methwin__mCG__cis__Zm00001d006277	1	-0.005047041654939851	0.005047041654939851	mCG	cis	Zm00001d006277	2	203403246	203403638	-	79	0.18036410212516785	0.0
agri_aa_oil__100grainweight	methwin__mCG__cis__Zm00001d006279	1	-0.005028406444156359	0.005028406444156359	mCG	cis	Zm00001d006279	2	203405094	203405564	+	77	0.18036410212516785	0.0
agri_aa_oil__100grainweight	methwin__mCG__cis__Zm00001d006274	1	-0.005026748052169229	0.005026748052169229	mCG	cis	Zm00001d006274	2	203395420	203402757	-	78	0.18036410212516785	0.0
agri_aa_oil__100grainweight	methwin__mCG__cis__Zm00001d006276	1	-0.00498916724964221	0.00498916724964221	mCG	cis	Zm00001d006276	2	203401394	203401852	+	76	0.18036410212516785	0.0
agri_aa_oil__100grainweight	methwin__mCG__cis__Zm00001d006275	1	-0.004982500376166536	0.004982500376166536	mCG	cis	Zm00001d006275	2	203397990	203399055	+	75	0.18036410212516785	0.0
agri_aa_oil__100grainweight	methwin__mCG__cis__Zm00001d006278	1	-0.00495189886114038	0.00495189886114038	mCG	cis	Zm00001d006278	2	203403256	203403672	+	80	0.18036410212516785	0.0
agri_aa_oil__100grainweight	methwin__mCG__gene__Zm00001d028567	1	-0.00490086780622147	0.00490086780622147	mCG	gene	Zm00001d028567	1	39386655	39389622	-	97	0.15990450978279114	0.0
agri_aa_oil__100grainweight	methwin__mCG__cis__Zm00001d028568	1	-0.004880928618997653	0.004880928618997653	mCG	cis	Zm00001d028568	1	39393998	39401889	+	386	0.15990450978279114	0.0
agri_aa_oil__100grainweight	methwin__mCG__cis__Zm00001d028567	1	-0.00487579002665925	0.00487579002665925	mCG	cis	Zm00001d028567	1	39386655	39389622	-	387	0.15990450978279114	0.0
agri_aa_oil__100grainweight	methwin__mCHG__gene__Zm00001d002174	1	0.004619061049397285	0.004619061049397285	mCHG	gene	Zm00001d002174	2	7239862	7249041	+	471	0.10057388991117477	0.0
agri_aa_oil__100grainweight	methwin__mCG__promoter__Zm00001d032321	1	-0.004388054435242352	0.004388054435242352	mCG	promoter	Zm00001d032321	1	222201412	222202360	-	409	0.13889262080192566	0.0
agri_aa_oil__100grainweight	methwin__mCHG__gene__Zm00001d040673	1	0.004352840704632444	0.004352840704632444	mCHG	gene	Zm00001d040673	3	57203920	57204860	-	296	0.11105302721261978	0.0
agri_aa_oil__100grainweight	methwin__mCHH__promoter__Zm00001d052911	1	0.004313829503985613	0.004313829503985613	mCHH	promoter	Zm00001d052911	4	204480764	204485845	-	425	0.012184849008917809	0.0
agri_aa_oil__100grainweight	methwin__mCHG__promoter__Zm00001d042856	1	-0.0041580871851360675	0.0041580871851360675	mCHG	promoter	Zm00001d042856	3	182225599	182227138	+	430	0.10357574373483658	0.0
agri_aa_oil__100grainweight	methwin__mCG__cis__Zm00001d006759	1	-0.004011156596797375	0.004011156596797375	mCG	cis	Zm00001d006759	2	216115940	216121521	-	242	0.16716331243515015	0.0
agri_aa_oil__100grainweight	methwin__mCHG__gene__Zm00001d012763	1	-0.0039186515899664025	0.0039186515899664025	mCHG	gene	Zm00001d012763	8	180226489	180258297	-	446	0.10172628611326218	0.0
agri_aa_oil__100grainweight	methwin__mCHG__cis__Zm00001d043992	1	-0.00385396952159765	0.00385396952159765	mCHG	cis	Zm00001d043992	3	215850507	215866477	+	72	0.1482526659965515	0.0
agri_aa_oil__100grainweight	methwin__mCHG__promoter__Zm00001d043992	1	-0.00380425031426158	0.00380425031426158	mCHG	promoter	Zm00001d043992	3	215850507	215866477	+	24	0.1482526659965515	0.0
agri_aa_oil__100grainweight	methwin__mCHG__promoter__Zm00001d003835	1	-0.003359108048917315	0.003359108048917315	mCHG	promoter	Zm00001d003835	2	61464112	61464516	+	326	0.11023972928524017	0.0
agri_aa_oil__100grainweight	methwin__mCHG__gene__Zm00001d019514	1	-0.0029231345084590123	0.0029231345084590123	mCHG	gene	Zm00001d019514	7	39003730	39004401	+	237	0.11534960567951202	0.0
agri_aa_oil__100grainweight	methwin__mCHG__promoter__Zm00001d019514	1	-0.002919181484142655	0.002919181484142655	mCHG	promoter	Zm00001d019514	7	39003730	39004401	+	253	0.11534960567951202	0.0
agri_aa_oil__100grainweight	methwin__mCHH__promoter__Zm00001d029741	1	-0.0027636391539749643	0.0027636391539749643	mCHH	promoter	Zm00001d029741	1	84866141	84867131	-	137	0.026473335921764374	0.0
agri_aa_oil__100grainweight	methwin__mCG__gene__Zm00001d034137	1	-0.002392657062541039	0.002392657062541039	mCG	gene	Zm00001d034137	1	284854743	284866468	+	70	0.16360031068325043	0.0
agri_aa_oil__100grainweight	methwin__mCG__cis__Zm00001d034139	1	-0.002391309788440296	0.002391309788440296	mCG	cis	Zm00001d034139	1	284867580	284872240	-	298	0.16360031068325043	0.0
agri_aa_oil__100grainweight	methwin__mCG__cis__Zm00001d034137	1	-0.0023901793514039373	0.0023901793514039373	mCG	cis	Zm00001d034137	1	284854743	284866468	+	299	0.16360031068325043	0.0
agri_aa_oil__100grainweight	methwin__mCHG__gene__Zm00001d014132	1	-0.002065851586508747	0.002065851586508747	mCHG	gene	Zm00001d014132	5	33578544	33584855	+	248	0.11469757556915283	0.0
agri_aa_oil__100grainweight	methwin__mCHH__promoter__Zm00001d020486	1	-0.0019149104035105467	0.0019149104035105467	mCHH	promoter	Zm00001d020486	7	118536132	118536971	+	253	0.018300987780094147	0.0
agri_aa_oil__100grainweight	methwin__mCHH__cis__Zm00001d038692	1	0.0017339903743811998	0.0017339903743811998	mCHH	cis	Zm00001d038692	6	162628784	162630681	-	291	0.028717176988720894	0.0
agri_aa_oil__100grainweight	methwin__mCHH__cis__Zm00001d038691	1	0.0017302356720283233	0.0017302356720283233	mCHH	cis	Zm00001d038691	6	162624149	162628635	+	290	0.028717176988720894	0.0
agri_aa_oil__100grainweight	methwin__mCHG__promoter__Zm00001d052839	1	0.0008825592376724003	0.0008825592376724003	mCHG	promoter	Zm00001d052839	4	202312871	202313626	+	376	0.10667155683040619	0.0
agri_aa_oil__100grainweight	methwin__mCG__gene__Zm00001d006757	1	-0.0008584424201206576	0.0008584424201206576	mCG	gene	Zm00001d006757	2	216050123	216061504	-	206	0.14702971279621124	0.0
agri_aa_oil__100grainweight	methwin__mCG__cis__Zm00001d050635	1	-0.0008130246307266372	0.0008130246307266372	mCG	cis	Zm00001d050635	4	107860850	107861365	+	320	0.16284584999084473	0.0
agri_aa_oil__100grainweight	methwin__mCG__cis__Zm00001d050636	1	-0.0008127994587472451	0.0008127994587472451	mCG	cis	Zm00001d050636	4	107862361	107862953	+	321	0.16284584999084473	0.0
agri_aa_oil__100grainweight	methwin__mCG__promoter__Zm00001d050636	1	-0.0008113561029517768	0.0008113561029517768	mCG	promoter	Zm00001d050636	4	107862361	107862953	+	124	0.16284584999084473	0.0
agri_aa_oil__100grainweight	methwin__mCG__gene__Zm00001d050635	1	-0.0008111661234835011	0.0008111661234835011	mCG	gene	Zm00001d050635	4	107860850	107861365	+	76	0.16284584999084473	0.0
agri_aa_oil__100grainweight	methwin__mCG__promoter__Zm00001d050635	1	-0.0008089228496688353	0.0008089228496688353	mCG	promoter	Zm00001d050635	4	107860850	107861365	+	123	0.16284584999084473	0.0
agri_aa_oil__100grainweight	methwin__mCHH__promoter__Zm00001d036564	1	0.0007993132848247263	0.0007993132848247263	mCHH	promoter	Zm00001d036564	6	92506962	92508996	-	38	0.04469054192304611	0.0
agri_aa_oil__100grainweight	methwin__mCHH__cis__Zm00001d036564	1	0.0007962146366526519	0.0007962146366526519	mCHH	cis	Zm00001d036564	6	92506962	92508996	-	85	0.04469054192304611	0.0
agri_aa_oil__100grainweight	methwin__mCHH__promoter__Zm00001d002680	1	0.000567293164677106	0.000567293164677106	mCHH	promoter	Zm00001d002680	2	19117544	19121103	-	267	0.01761576160788536	0.0
agri_aa_oil__100grainweight	methwin__mCHH__promoter__Zm00001d039855	1	0.00044346087930634905	0.00044346087930634905	mCHH	promoter	Zm00001d039855	3	16740174	16743851	+	410	0.012567855417728424	0.0
agri_aa_oil__100grainweight	methwin__mCHH__promoter__Zm00001d039854	1	0.00044276411113820254	0.00044276411113820254	mCHH	promoter	Zm00001d039854	3	16734903	16736516	-	411	0.012567855417728424	0.0
agri_aa_oil__100grainweight	methwin__mCHH__promoter__Zm00001d027715	1	0.000412501510825579	0.000412501510825579	mCHH	promoter	Zm00001d027715	1	11952380	11984542	+	136	0.026613082736730576	0.0
agri_aa_oil__100grainweight	methwin__mCG__gene__Zm00001d009483	1	0.0004075614629146693	0.0004075614629146693	mCG	gene	Zm00001d009483	8	66880016	66880399	-	188	0.14819325506687164	0.0
agri_aa_oil__100grainweight	methwin__mCG__promoter__Zm00001d009483	1	0.00040359586235922827	0.00040359586235922827	mCG	promoter	Zm00001d009483	8	66880016	66880399	-	281	0.14819325506687164	0.0
agri_aa_oil__Kernernumberperrow	methwin__mCHG__cis__Zm00001d007853	5	0.062299126623742464	0.062299126623742464	mCHG	cis	Zm00001d007853	2	240960244	240965099	-	361	0.1291370391845703	0.0
agri_aa_oil__Kernernumberperrow	methwin__mCG__cis__Zm00001d002793	5	-0.043766558827663414	0.043766558827663414	mCG	cis	Zm00001d002793	2	22802030	22802463	-	215	0.169102281332016	0.0
agri_aa_oil__Kernernumberperrow	methwin__mCG__promoter__Zm00001d002791	5	-0.04376548428769916	0.04376548428769916	mCG	promoter	Zm00001d002791	2	22779785	22793547	-	81	0.169102281332016	0.0
agri_aa_oil__Kernernumberperrow	methwin__mCHG__cis__Zm00001d002793	5	-0.020372586923514707	0.020372586923514707	mCHG	cis	Zm00001d002793	2	22802030	22802463	-	438	0.1269344836473465	0.0
agri_aa_oil__Kernernumberperrow	methwin__mCHG__promoter__Zm00001d002791	5	-0.020369150938858514	0.020369150938858514	mCHG	promoter	Zm00001d002791	2	22779785	22793547	-	119	0.1269344836473465	0.0
agri_aa_oil__Kernernumberperrow	methwin__mCG__promoter__Zm00001d021049	5	0.016834369436666868	0.016834369436666868	mCG	promoter	Zm00001d021049	7	141234727	141235338	+	74	0.1697496622800827	0.0
agri_aa_oil__Kernernumberperrow	methwin__mCG__cis__Zm00001d021049	5	0.016833951488804545	0.016833951488804545	mCG	cis	Zm00001d021049	7	141234727	141235338	+	203	0.1697496622800827	0.0
agri_aa_oil__Kernernumberperrow	methwin__mCG__gene__Zm00001d021049	5	0.016833046962404896	0.016833046962404896	mCG	gene	Zm00001d021049	7	141234727	141235338	+	43	0.1697496622800827	0.0
agri_aa_oil__Kernernumberperrow	methwin__mCHG__gene__Zm00001d033571	4	0.06642530851509945	0.06642530851509945	mCHG	gene	Zm00001d033571	1	267355684	267359637	+	397	0.10406578332185745	0.0
agri_aa_oil__Kernernumberperrow	methwin__mCHH__promoter__Zm00001d049881	4	-0.05867132102903533	0.05867132102903533	mCHH	promoter	Zm00001d049881	4	50064899	50067304	-	409	0.012631856836378574	0.0
agri_aa_oil__Kernernumberperrow	methwin__mCHG__gene__Zm00001d011877	4	0.052729781810944114	0.052729781810944114	mCHG	gene	Zm00001d011877	8	163757649	163765413	+	425	0.10273522138595581	0.0
agri_aa_oil__Kernernumberperrow	methwin__mCHG__promoter__Zm00001d053189	4	0.03527929817129166	0.03527929817129166	mCHG	promoter	Zm00001d053189	4	218977061	218981425	-	398	0.10524089634418488	0.0
agri_aa_oil__Kernernumberperrow	methwin__mCG__promoter__Zm00001d024421	4	0.030721183210073902	0.030721183210073902	mCG	promoter	Zm00001d024421	10	70312679	70316041	-	441	0.13669469952583313	0.0
agri_aa_oil__Kernernumberperrow	methwin__mCG__gene__Zm00001d031505	4	-0.02562854362663269	0.02562854362663269	mCG	gene	Zm00001d031505	1	192252489	192255152	-	395	0.1310567557811737	0.0
agri_aa_oil__Kernernumberperrow	methwin__mCHG__cis__Zm00001d048574	4	-0.0177147080764212	0.0177147080764212	mCHG	cis	Zm00001d048574	9	159326202	159349212	-	287	0.13177233934402466	0.0
agri_aa_oil__Kernernumberperrow	methwin__mCG__promoter__Zm00001d026521	4	0.0151699002679865	0.0151699002679865	mCG	promoter	Zm00001d026521	10	147481845	147487342	-	463	0.13539384305477142	0.0
agri_aa_oil__Kernernumberperrow	methwin__mCHH__promoter__Zm00001d050905	4	0.015097318983101023	0.015097318983101023	mCHH	promoter	Zm00001d050905	4	129476399	129478809	-	166	0.024556146934628487	0.0
agri_aa_oil__Kernernumberperrow	methwin__mCHH__cis__Zm00001d050905	4	0.015094393973734499	0.015094393973734499	mCHH	cis	Zm00001d050905	4	129476399	129478809	-	409	0.024556146934628487	0.0
agri_aa_oil__Kernernumberperrow	methwin__mCHH__cis__Zm00001d050904	4	0.015093346516314068	0.015093346516314068	mCHH	cis	Zm00001d050904	4	129475394	129476203	+	408	0.024556146934628487	0.0
agri_aa_oil__Kernernumberperrow	methwin__mCHH__promoter__Zm00001d042158	3	0.05096681908645236	0.05096681908645236	mCHH	promoter	Zm00001d042158	3	154265406	154271792	+	198	0.02198600396513939	0.0
agri_aa_oil__Kernernumberperrow	methwin__mCHH__promoter__Zm00001d026567	3	0.04786211184250975	0.04786211184250975	mCHH	promoter	Zm00001d026567	10	148175926	148178873	+	388	0.013272376731038094	0.0
agri_aa_oil__Kernernumberperrow	methwin__mCHG__gene__Zm00001d011598	3	-0.039785693536519486	0.039785693536519486	mCHG	gene	Zm00001d011598	8	155464778	155473339	-	274	0.11274062097072601	0.0
agri_aa_oil__Kernernumberperrow	methwin__mCHH__cis__Zm00001d033451	3	-0.03831411159924987	0.03831411159924987	mCHH	cis	Zm00001d033451	1	263011439	263016268	-	115	0.03986794129014015	0.0
agri_aa_oil__Kernernumberperrow	methwin__mCHG__gene__Zm00001d023636	3	0.0342858007053933	0.0342858007053933	mCHG	gene	Zm00001d023636	10	13145933	13165086	-	389	0.10445396602153778	0.0
agri_aa_oil__Kernernumberperrow	methwin__mCHG__gene__Zm00001d030099	3	-0.031282986370611776	0.031282986370611776	mCHG	gene	Zm00001d030099	1	105647014	105648033	+	121	0.1281861662864685	0.0
agri_aa_oil__Kernernumberperrow	methwin__mCHG__cis__Zm00001d030099	3	-0.03128297326723429	0.03128297326723429	mCHG	cis	Zm00001d030099	1	105647014	105648033	+	392	0.1281861662864685	0.0
agri_aa_oil__Kernernumberperrow	methwin__mCG__promoter__Zm00001d040595	3	0.029582445212681857	0.029582445212681857	mCG	promoter	Zm00001d040595	3	52236536	52237647	+	245	0.15087567269802094	0.0
agri_aa_oil__Kernernumberperrow	methwin__mCHG__gene__Zm00001d032944	3	0.023753458569891268	0.023753458569891268	mCHG	gene	Zm00001d032944	1	244267423	244291732	+	171	0.12114031612873077	0.0
agri_aa_oil__Kernernumberperrow	methwin__mCG__promoter__Zm00001d028494	3	-0.022615969087256688	0.022615969087256688	mCG	promoter	Zm00001d028494	1	37048271	37048578	+	420	0.13812309503555298	0.0
agri_aa_oil__Kernernumberperrow	methwin__mCG__gene__Zm00001d028494	3	-0.022615274718365237	0.022615274718365237	mCG	gene	Zm00001d028494	1	37048271	37048578	+	304	0.13812309503555298	0.0
agri_aa_oil__Kernernumberperrow	methwin__mCG__gene__Zm00001d011598	3	-0.021683480012151674	0.021683480012151674	mCG	gene	Zm00001d011598	8	155464778	155473339	-	207	0.14687290787696838	0.0
agri_aa_oil__Kernernumberperrow	methwin__mCHH__cis__Zm00001d044143	3	0.020862883184493045	0.020862883184493045	mCHH	cis	Zm00001d044143	3	220337194	220344160	-	56	0.04944935813546181	0.0
agri_aa_oil__Kernernumberperrow	methwin__mCHH__cis__Zm00001d044142	3	0.020862330746723667	0.020862330746723667	mCHH	cis	Zm00001d044142	3	220335813	220336259	+	55	0.04944935813546181	0.0
agri_aa_oil__Kernernumberperrow	methwin__mCHH__promoter__Zm00001d044142	3	0.020862176294782292	0.020862176294782292	mCHH	promoter	Zm00001d044142	3	220335813	220336259	+	24	0.04944935813546181	0.0
agri_aa_oil__Kernernumberperrow	methwin__mCG__promoter__Zm00001d050718	3	-0.020725508114896336	0.020725508114896336	mCG	promoter	Zm00001d050718	4	118685784	118686770	+	193	0.1557263731956482	0.0
agri_aa_oil__Kernernumberperrow	methwin__mCG__promoter__Zm00001d050717	3	-0.020724864944926803	0.020724864944926803	mCG	promoter	Zm00001d050717	4	118682648	118683708	-	194	0.1557263731956482	0.0
agri_aa_oil__Kernernumberperrow	methwin__mCHH__gene__Zm00001d051615	3	0.020360583536008475	0.020360583536008475	mCHH	gene	Zm00001d051615	4	164594515	164602165	-	4	0.05523606762290001	0.0
agri_aa_oil__Kernernumberperrow	methwin__mCHH__cis__Zm00001d051615	3	0.020359259824671978	0.020359259824671978	mCHH	cis	Zm00001d051615	4	164594515	164602165	-	41	0.05523606762290001	0.0
agri_aa_oil__Kernernumberperrow	methwin__mCHH__promoter__Zm00001d044635	3	-0.020148961666423052	0.020148961666423052	mCHH	promoter	Zm00001d044635	3	233750694	233751206	-	462	0.011361577548086643	0.0
agri_aa_oil__Kernernumberperrow	methwin__mCG__cis__Zm00001d048574	3	-0.015401626715386798	0.015401626715386798	mCG	cis	Zm00001d048574	9	159326202	159349212	-	439	0.15811733901500702	0.0
agri_aa_oil__Kernernumberperrow	methwin__mCHH__cis__Zm00001d021535	3	0.011502492584683116	0.011502492584683116	mCHH	cis	Zm00001d021535	7	155278714	155283440	+	111	0.04021037369966507	0.0
agri_aa_oil__Kernernumberperrow	methwin__mCHH__cis__Zm00001d021536	3	0.011496178807621693	0.011496178807621693	mCHH	cis	Zm00001d021536	7	155283654	155287662	-	110	0.04021037369966507	0.0
agri_aa_oil__Kernernumberperrow	methwin__mCHG__cis__Zm00001d041612	3	0.009270170868554577	0.009270170868554577	mCHG	cis	Zm00001d041612	3	129682628	129687971	+	267	0.13303203880786896	0.0
agri_aa_oil__Kernernumberperrow	methwin__mCHG__promoter__Zm00001d041612	3	0.009268214800335009	0.009268214800335009	mCHG	promoter	Zm00001d041612	3	129682628	129687971	+	78	0.13303203880786896	0.0
agri_aa_oil__Kernernumberperrow	methwin__mCHG__cis__Zm00001d041613	3	0.009267330795309345	0.009267330795309345	mCHG	cis	Zm00001d041613	3	129691796	129694081	-	268	0.13303203880786896	0.0
agri_aa_oil__Kernernumberperrow	methwin__mCG__gene__Zm00001d018263	3	0.004889901717616075	0.004889901717616075	mCG	gene	Zm00001d018263	5	217598814	217600112	+	488	0.12377605587244034	0.0
agri_aa_oil__Kernernumberperrow	methwin__mCHH__gene__Zm00001d025264	2	-0.07244817385036684	0.07244817385036684	mCHH	gene	Zm00001d025264	10	111792673	111794363	+	393	0.004082516301423311	0.0
agri_aa_oil__Kernernumberperrow	methwin__mCHH__gene__Zm00001d002208	2	-0.0629151611085963	0.0629151611085963	mCHH	gene	Zm00001d002208	2	8254579	8257472	+	130	0.00980810821056366	0.0
agri_aa_oil__Kernernumberperrow	methwin__mCG__promoter__Zm00001d013875	2	0.05800928608051724	0.05800928608051724	mCG	promoter	Zm00001d013875	5	23554267	23554626	+	488	0.1333959698677063	0.0
agri_aa_oil__Kernernumberperrow	methwin__mCG__promoter__Zm00001d016278	2	0.05637321042046227	0.05637321042046227	mCG	promoter	Zm00001d016278	5	155422718	155424151	-	370	0.14204883575439453	0.0
agri_aa_oil__Kernernumberperrow	methwin__mCHH__promoter__Zm00001d014946	2	0.05479519479598963	0.05479519479598963	mCHH	promoter	Zm00001d014946	5	69420806	69426955	+	422	0.012261375784873962	0.0
agri_aa_oil__Kernernumberperrow	methwin__mCHH__promoter__Zm00001d006180	2	-0.050034890133736076	0.050034890133736076	mCHH	promoter	Zm00001d006180	2	200830545	200833132	-	217	0.021005943417549133	0.0
agri_aa_oil__Kernernumberperrow	methwin__mCHH__gene__Zm00001d017000	2	-0.04951495567069385	0.04951495567069385	mCHH	gene	Zm00001d017000	5	182400066	182404445	-	39	0.01964619569480419	0.0
agri_aa_oil__Kernernumberperrow	methwin__mCHG__cis__Zm00001d032053	2	0.045618465910424275	0.045618465910424275	mCHG	cis	Zm00001d032053	1	210838343	210839476	+	156	0.13859400153160095	0.0
agri_aa_oil__Kernernumberperrow	methwin__mCHG__cis__Zm00001d032054	2	0.04561785071269314	0.04561785071269314	mCHG	cis	Zm00001d032054	1	210842514	210843620	+	157	0.13859400153160095	0.0
agri_aa_oil__Kernernumberperrow	methwin__mCG__promoter__Zm00001d025354	2	0.043547897823761915	0.043547897823761915	mCG	promoter	Zm00001d025354	10	115243957	115246970	-	413	0.13850606977939606	0.0
agri_aa_oil__Kernernumberperrow	methwin__mCHG__cis__Zm00001d004564	2	0.03921048558141112	0.03921048558141112	mCHG	cis	Zm00001d004564	2	118175342	118183006	-	379	0.12865518033504486	0.0
agri_aa_oil__Kernernumberperrow	methwin__mCHH__gene__Zm00001d024127	2	-0.03553578367519065	0.03553578367519065	mCHH	gene	Zm00001d024127	10	48093267	48096507	+	48	0.018478769809007645	0.0
agri_aa_oil__Kernernumberperrow	methwin__mCHH__promoter__Zm00001d024126	2	-0.035535400074295384	0.035535400074295384	mCHH	promoter	Zm00001d024126	10	48089572	48093645	-	250	0.018478769809007645	0.0
agri_aa_oil__Kernernumberperrow	methwin__mCG__gene__Zm00001d019020	2	0.03436284995805698	0.03436284995805698	mCG	gene	Zm00001d019020	7	12943160	12946459	-	474	0.12507526576519012	0.0
agri_aa_oil__Kernernumberperrow	methwin__mCHG__promoter__Zm00001d040595	2	0.034284466052238484	0.034284466052238484	mCHG	promoter	Zm00001d040595	3	52236536	52237647	+	178	0.12097060680389404	0.0
agri_aa_oil__Kernernumberperrow	methwin__mCHG__promoter__Zm00001d025258	2	-0.032903042806742916	0.032903042806742916	mCHG	promoter	Zm00001d025258	10	111489726	111495229	+	201	0.11965988576412201	0.0
agri_aa_oil__Kernernumberperrow	methwin__mCG__cis__Zm00001d025651	2	-0.031890727307475414	0.031890727307475414	mCG	cis	Zm00001d025651	10	125013169	125020527	-	456	0.15788133442401886	0.0
agri_aa_oil__Kernernumberperrow	methwin__mCHH__gene__Zm00001d031643	2	-0.030397832321200982	0.030397832321200982	mCHH	gene	Zm00001d031643	1	197133007	197142004	+	199	0.0074148233979940414	0.0
agri_aa_oil__Kernernumberperrow	methwin__mCG__promoter__Zm00001d031738	2	0.03020258050484855	0.03020258050484855	mCG	promoter	Zm00001d031738	1	200303755	200305654	+	444	0.13634411990642548	0.0
agri_aa_oil__Kernernumberperrow	methwin__mCHG__cis__Zm00001d046722	2	0.029710810700963354	0.029710810700963354	mCHG	cis	Zm00001d046722	9	103539957	103559119	+	277	0.13224413990974426	0.0
agri_aa_oil__Kernernumberperrow	methwin__mCG__promoter__Zm00001d032170	2	-0.025871315405274674	0.025871315405274674	mCG	promoter	Zm00001d032170	1	215420258	215425774	-	311	0.1454479694366455	0.0
agri_aa_oil__Kernernumberperrow	methwin__mCG__gene__Zm00001d051873	2	0.022634683731282322	0.022634683731282322	mCG	gene	Zm00001d051873	4	172995910	173005983	-	366	0.1327837109565735	0.0
agri_aa_oil__Kernernumberperrow	methwin__mCG__promoter__Zm00001d052679	2	0.02226314645942816	0.02226314645942816	mCG	promoter	Zm00001d052679	4	197090974	197093276	-	312	0.1452159881591797	0.0
agri_aa_oil__Kernernumberperrow	methwin__mCG__promoter__Zm00001d053189	2	0.01960660237400954	0.01960660237400954	mCG	promoter	Zm00001d053189	4	218977061	218981425	-	396	0.14034207165241241	0.0
agri_aa_oil__Kernernumberperrow	methwin__mCG__promoter__Zm00001d020752	2	0.019297533421797887	0.019297533421797887	mCG	promoter	Zm00001d020752	7	131210348	131213927	-	200	0.15506196022033691	0.0
agri_aa_oil__Kernernumberperrow	methwin__mCG__gene__Zm00001d007784	2	-0.019190767858940427	0.019190767858940427	mCG	gene	Zm00001d007784	2	239549775	239550674	+	388	0.13136713206768036	0.0
agri_aa_oil__Kernernumberperrow	methwin__mCG__gene__Zm00001d038430	2	-0.01896653941091285	0.01896653941091285	mCG	gene	Zm00001d038430	6	157121611	157122471	+	332	0.13568970561027527	0.0
agri_aa_oil__Kernernumberperrow	methwin__mCG__promoter__Zm00001d038431	2	-0.01896591415694919	0.01896591415694919	mCG	promoter	Zm00001d038431	6	157123389	157125041	+	458	0.13568970561027527	0.0
agri_aa_oil__Kernernumberperrow	methwin__mCG__promoter__Zm00001d038430	2	-0.018965853541928653	0.018965853541928653	mCG	promoter	Zm00001d038430	6	157121611	157122471	+	457	0.13568970561027527	0.0
agri_aa_oil__Kernernumberperrow	methwin__mCHH__cis__Zm00001d037266	2	-0.016850791584423045	0.016850791584423045	mCHH	cis	Zm00001d037266	6	118734099	118741159	+	190	0.034456767141819	0.0
agri_aa_oil__Kernernumberperrow	methwin__mCHH__promoter__Zm00001d037266	2	-0.016845957431253562	0.016845957431253562	mCHH	promoter	Zm00001d037266	6	118734099	118741159	+	75	0.034456767141819	0.0
agri_aa_oil__Kernernumberperrow	methwin__mCHH__cis__Zm00001d037265	2	-0.01684264728753975	0.01684264728753975	mCHH	cis	Zm00001d037265	6	118726006	118741107	+	192	0.034456767141819	0.0
agri_aa_oil__Kernernumberperrow	methwin__mCHH__gene__Zm00001d037265	2	-0.01684239352158278	0.01684239352158278	mCHH	gene	Zm00001d037265	6	118726006	118741107	+	13	0.034456767141819	0.0
agri_aa_oil__Kernernumberperrow	methwin__mCHH__cis__Zm00001d037267	2	-0.016841020284658406	0.016841020284658406	mCHH	cis	Zm00001d037267	6	118742534	118745306	-	191	0.034456767141819	0.0
agri_aa_oil__Kernernumberperrow	methwin__mCG__gene__Zm00001d045962	2	0.01530286080279425	0.01530286080279425	mCG	gene	Zm00001d045962	9	50243771	50262642	+	9	0.18396729230880737	0.0
agri_aa_oil__Kernernumberperrow	methwin__mCG__cis__Zm00001d045962	2	0.015300707158214286	0.015300707158214286	mCG	cis	Zm00001d045962	9	50243771	50262642	+	53	0.18396729230880737	0.0
agri_aa_oil__Kernernumberperrow	methwin__mCG__cis__Zm00001d027743	2	0.01465591686527883	0.01465591686527883	mCG	cis	Zm00001d027743	1	12502776	12510591	+	264	0.1656871736049652	0.0
agri_aa_oil__Kernernumberperrow	methwin__mCG__cis__Zm00001d027744	2	0.014654933697301465	0.014654933697301465	mCG	cis	Zm00001d027744	1	12510999	12511508	+	263	0.1656871736049652	0.0
agri_aa_oil__Kernernumberperrow	methwin__mCHG__gene__Zm00001d015302	2	0.014561135866975824	0.014561135866975824	mCHG	gene	Zm00001d015302	5	83443887	83444318	-	212	0.11755320429801941	0.0
agri_aa_oil__Kernernumberperrow	methwin__mCG__cis__Zm00001d016655	2	0.014260264386155134	0.014260264386155134	mCG	cis	Zm00001d016655	5	171545327	171545746	-	343	0.1617341786623001	0.0
agri_aa_oil__Kernernumberperrow	methwin__mCHG__promoter__Zm00001d004117	2	0.012678601575878003	0.012678601575878003	mCHG	promoter	Zm00001d004117	2	83616578	83623667	+	249	0.11590122431516647	0.0
agri_aa_oil__Kernernumberperrow	methwin__mCHG__gene__Zm00001d004117	2	0.012677645372386689	0.012677645372386689	mCHG	gene	Zm00001d004117	2	83616578	83623667	+	231	0.11590122431516647	0.0
agri_aa_oil__Kernernumberperrow	methwin__mCHG__cis__Zm00001d016655	2	0.012299868494809352	0.012299868494809352	mCHG	cis	Zm00001d016655	5	171545327	171545746	-	343	0.12964363396167755	0.0
agri_aa_oil__Kernernumberperrow	methwin__mCHH__cis__Zm00001d019671	2	0.010046513414397652	0.010046513414397652	mCHH	cis	Zm00001d019671	7	49649330	49652592	+	80	0.045695673674345016	0.0
agri_aa_oil__Kernernumberperrow	methwin__mCHH__cis__Zm00001d019672	2	0.01004414784099222	0.01004414784099222	mCHH	cis	Zm00001d019672	7	49652839	49657753	-	81	0.045695673674345016	0.0
agri_aa_oil__Kernernumberperrow	methwin__mCHG__promoter__Zm00001d052856	2	-0.009117277926034856	0.009117277926034856	mCHG	promoter	Zm00001d052856	4	202676879	202680949	+	205	0.11933645606040955	0.0
agri_aa_oil__Kernernumberperrow	methwin__mCHG__promoter__Zm00001d052855	2	-0.009114726221144065	0.009114726221144065	mCHG	promoter	Zm00001d052855	4	202671658	202675792	-	206	0.11933645606040955	0.0
agri_aa_oil__Kernernumberperrow	methwin__mCHG__cis__Zm00001d006278	2	-0.008512275008154744	0.008512275008154744	mCHG	cis	Zm00001d006278	2	203403256	203403672	+	109	0.1428699940443039	0.0
agri_aa_oil__Kernernumberperrow	methwin__mCHG__cis__Zm00001d006275	2	-0.008511025670703025	0.008511025670703025	mCHG	cis	Zm00001d006275	2	203397990	203399055	+	110	0.1428699940443039	0.0
agri_aa_oil__Kernernumberperrow	methwin__mCHG__cis__Zm00001d006274	2	-0.008507564011101849	0.008507564011101849	mCHG	cis	Zm00001d006274	2	203395420	203402757	-	112	0.1428699940443039	0.0
agri_aa_oil__Kernernumberperrow	methwin__mCHG__cis__Zm00001d006277	2	-0.008489262345266396	0.008489262345266396	mCHG	cis	Zm00001d006277	2	203403246	203403638	-	108	0.1428699940443039	0.0
agri_aa_oil__Kernernumberperrow	methwin__mCHG__cis__Zm00001d006276	2	-0.008472455440833655	0.008472455440833655	mCHG	cis	Zm00001d006276	2	203401394	203401852	+	111	0.1428699940443039	0.0
agri_aa_oil__Kernernumberperrow	methwin__mCHG__cis__Zm00001d006279	2	-0.008471189303711163	0.008471189303711163	mCHG	cis	Zm00001d006279	2	203405094	203405564	+	107	0.1428699940443039	0.0
agri_aa_oil__Kernernumberperrow	methwin__mCG__cis__Zm00001d017273	2	0.006726370156681896	0.006726370156681896	mCG	cis	Zm00001d017273	5	191275509	191276593	-	433	0.1584029346704483	0.0
agri_aa_oil__Kernernumberperrow	methwin__mCG__gene__Zm00001d017272	2	0.006725246459199811	0.006725246459199811	mCG	gene	Zm00001d017272	5	191269348	191272167	-	108	0.1584029346704483	0.0
agri_aa_oil__Kernernumberperrow	methwin__mCG__cis__Zm00001d017272	2	0.006722925967350098	0.006722925967350098	mCG	cis	Zm00001d017272	5	191269348	191272167	-	434	0.1584029346704483	0.0
agri_aa_oil__Kernernumberperrow	methwin__mCHG__promoter__Zm00001d020752	2	0.006692660954249523	0.006692660954249523	mCHG	promoter	Zm00001d020752	7	131210348	131213927	-	476	0.10122381895780563	0.0
agri_aa_oil__Kernernumberperrow	methwin__mCG__promoter__Zm00001d052856	2	-0.005217422619424883	0.005217422619424883	mCG	promoter	Zm00001d052856	4	202676879	202680949	+	244	0.15090803802013397	0.0
agri_aa_oil__Kernernumberperrow	methwin__mCG__promoter__Zm00001d052855	2	-0.0052109356515663815	0.0052109356515663815	mCG	promoter	Zm00001d052855	4	202671658	202675792	-	243	0.15090803802013397	0.0
agri_aa_oil__Kernernumberperrow	methwin__mCHG__gene__Zm00001d011181	2	-0.004807030922522731	0.004807030922522731	mCHG	gene	Zm00001d011181	8	142208078	142209329	+	165	0.12217927724123001	0.0
agri_aa_oil__Kernernumberperrow	methwin__mCHG__promoter__Zm00001d011181	2	-0.004806970955186184	0.004806970955186184	mCHG	promoter	Zm00001d011181	8	142208078	142209329	+	164	0.12217927724123001	0.0
agri_aa_oil__Kernernumberperrow	methwin__mCG__cis__Zm00001d013411	2	-0.002139430230832507	0.002139430230832507	mCG	cis	Zm00001d013411	5	10557948	10560773	-	283	0.16416430473327637	0.0
agri_aa_oil__Kernernumberperrow	methwin__mCG__promoter__Zm00001d013411	2	-0.002130660013990644	0.002130660013990644	mCG	promoter	Zm00001d013411	5	10557948	10560773	-	106	0.16416430473327637	0.0
agri_aa_oil__Kernernumberperrow	methwin__mCG__cis__Zm00001d013410	2	-0.00211927330795523	0.00211927330795523	mCG	cis	Zm00001d013410	5	10551528	10554058	-	284	0.16416430473327637	0.0
agri_aa_oil__Kernernumberperrow	methwin__mCHH__promoter__Zm00001d036742	2	-0.0020810725032600823	0.0020810725032600823	mCHH	promoter	Zm00001d036742	6	99718295	99725208	-	336	0.015072093345224857	0.0
agri_aa_oil__Kernernumberperrow	methwin__mCHH__promoter__Zm00001d036743	2	-0.0020785846728820796	0.0020785846728820796	mCHH	promoter	Zm00001d036743	6	99727633	99728225	+	337	0.015072093345224857	0.0
agri_aa_oil__Kernernumberperrow	methwin__mCG__gene__Zm00001d047965	1	-0.10451047610620605	0.10451047610620605	mCG	gene	Zm00001d047965	9	146540635	146546312	+	354	0.1338195651769638	0.0
agri_aa_oil__Kernernumberperrow	methwin__mCHH__gene__Zm00001d016156	1	0.0848674587750691	0.0848674587750691	mCHH	gene	Zm00001d016156	5	147526533	147553591	-	381	0.004237641580402851	0.0
agri_aa_oil__Kernernumberperrow	methwin__mCHH__promoter__Zm00001d014770	1	0.08326723361025536	0.08326723361025536	mCHH	promoter	Zm00001d014770	5	62508458	62512284	-	499	0.01058262400329113	0.0
agri_aa_oil__Kernernumberperrow	methwin__mCHG__gene__Zm00001d050488	1	0.08082501766065003	0.08082501766065003	mCHG	gene	Zm00001d050488	4	92816855	92826876	+	15	0.15210922062397003	0.0
agri_aa_oil__Kernernumberperrow	methwin__mCHH__gene__Zm00001d005121	1	-0.07801640957889766	0.07801640957889766	mCHH	gene	Zm00001d005121	2	159304300	159307785	+	182	0.0077835735864937305	0.0
agri_aa_oil__Kernernumberperrow	methwin__mCHG__cis__Zm00001d037915	1	0.07017549158368679	0.07017549158368679	mCHG	cis	Zm00001d037915	6	141874632	141875420	-	35	0.1545523852109909	0.0
agri_aa_oil__Kernernumberperrow	methwin__mCHG__cis__Zm00001d018231	1	-0.06998503762818693	0.06998503762818693	mCHG	cis	Zm00001d018231	5	217068593	217075171	+	202	0.13684417307376862	0.0
agri_aa_oil__Kernernumberperrow	methwin__mCHH__promoter__Zm00001d045353	1	-0.0699746252500795	0.0699746252500795	mCHH	promoter	Zm00001d045353	9	19416880	19434986	+	224	0.02054479531943798	0.0
agri_aa_oil__Kernernumberperrow	methwin__mCHG__cis__Zm00001d032148	1	-0.06740565025059622	0.06740565025059622	mCHG	cis	Zm00001d032148	1	214491081	214496190	+	272	0.13270936906337738	0.0
agri_aa_oil__Kernernumberperrow	methwin__mCG__promoter__Zm00001d012967	1	-0.06722609056055705	0.06722609056055705	mCG	promoter	Zm00001d012967	5	2446801	2447181	-	443	0.1364964246749878	0.0
agri_aa_oil__Kernernumberperrow	methwin__mCHG__promoter__Zm00001d023475	1	0.06583557706574204	0.06583557706574204	mCHG	promoter	Zm00001d023475	10	6850875	6864390	-	288	0.11313813179731369	0.0
agri_aa_oil__Kernernumberperrow	methwin__mCHH__gene__Zm00001d003964	1	-0.06119635188232273	0.06119635188232273	mCHH	gene	Zm00001d003964	2	72580663	72582175	-	340	0.004857032094150782	0.0
agri_aa_oil__Kernernumberperrow	methwin__mCG__gene__Zm00001d048039	1	0.05985410692403204	0.05985410692403204	mCG	gene	Zm00001d048039	9	148596233	148599596	-	464	0.12571726739406586	0.0
agri_aa_oil__Kernernumberperrow	methwin__mCHH__promoter__Zm00001d050017	1	0.0590087850731716	0.0590087850731716	mCHH	promoter	Zm00001d050017	4	59929429	59934326	+	321	0.015466121956706047	0.0
agri_aa_oil__Kernernumberperrow	methwin__mCHH__promoter__Zm00001d009230	1	0.05893784612575232	0.05893784612575232	mCHH	promoter	Zm00001d009230	8	45227427	45230530	+	391	0.013183820992708206	0.0
agri_aa_oil__Kernernumberperrow	methwin__mCHH__gene__Zm00001d004702	1	-0.05826675169732217	0.05826675169732217	mCHH	gene	Zm00001d004702	2	132209575	132244262	-	50	0.018147675320506096	0.0
agri_aa_oil__Kernernumberperrow	methwin__mCG__gene__Zm00001d041038	1	0.0577409493575654	0.0577409493575654	mCG	gene	Zm00001d041038	3	92328970	92332013	+	340	0.1352163404226303	0.0
agri_aa_oil__Kernernumberperrow	methwin__mCHH__cis__Zm00001d052133	1	-0.05744753118345076	0.05744753118345076	mCHH	cis	Zm00001d052133	4	180558735	180563266	-	84	0.04482823982834816	0.0
agri_aa_oil__Kernernumberperrow	methwin__mCHH__cis__Zm00001d020735	1	0.056177318687801	0.056177318687801	mCHH	cis	Zm00001d020735	7	130581051	130598287	+	5	0.07334434986114502	0.0
agri_aa_oil__Kernernumberperrow	methwin__mCG__gene__Zm00001d013248	1	-0.05397608435327421	0.05397608435327421	mCG	gene	Zm00001d013248	5	7097988	7099084	+	317	0.13705909252166748	0.0
agri_aa_oil__Kernernumberperrow	methwin__mCHG__gene__Zm00001d010053	1	-0.05324827384928262	0.05324827384928262	mCHG	gene	Zm00001d010053	8	97370524	97377339	-	322	0.10924966633319855	0.0
agri_aa_oil__Kernernumberperrow	methwin__mCHH__gene__Zm00001d002793	1	-0.052759768358629375	0.052759768358629375	mCHH	gene	Zm00001d002793	2	22802030	22802463	-	207	0.0072486563585698605	0.0
agri_aa_oil__Kernernumberperrow	methwin__mCHG__gene__Zm00001d006462	1	0.052226041103211746	0.052226041103211746	mCHG	gene	Zm00001d006462	2	208892470	208895849	+	355	0.10692694038152695	0.0
agri_aa_oil__Kernernumberperrow	methwin__mCHH__gene__Zm00001d039935	1	-0.049796797313757434	0.049796797313757434	mCHH	gene	Zm00001d039935	3	19868724	19869483	+	183	0.007738189771771431	0.0
agri_aa_oil__Kernernumberperrow	methwin__mCHH__promoter__Zm00001d048252	1	-0.04801151454355938	0.04801151454355938	mCHH	promoter	Zm00001d048252	9	153250495	153253737	+	11	0.06281368434429169	0.0
agri_aa_oil__Kernernumberperrow	methwin__mCG__promoter__Zm00001d031967	1	-0.0478067902107122	0.0478067902107122	mCG	promoter	Zm00001d031967	1	208218165	208223089	-	477	0.1345134973526001	0.0
agri_aa_oil__Kernernumberperrow	methwin__mCG__promoter__Zm00001d016330	1	0.047513871374870106	0.047513871374870106	mCG	promoter	Zm00001d016330	5	157541203	157542211	-	80	0.169126495718956	0.0
agri_aa_oil__Kernernumberperrow	methwin__mCG__cis__Zm00001d016330	1	0.04751174440179022	0.04751174440179022	mCG	cis	Zm00001d016330	5	157541203	157542211	-	214	0.169126495718956	0.0
agri_aa_oil__Kernernumberperrow	methwin__mCHH__cis__Zm00001d020881	1	0.04644936004986299	0.04644936004986299	mCHH	cis	Zm00001d020881	7	135317302	135321287	-	229	0.03202029690146446	0.0
agri_aa_oil__Kernernumberperrow	methwin__mCHH__gene__Zm00001d013093	1	0.04599315966165875	0.04599315966165875	mCHH	gene	Zm00001d013093	5	4608646	4623764	+	111	0.010499943979084492	0.0
agri_aa_oil__Kernernumberperrow	methwin__mCG__promoter__Zm00001d031263	1	0.045107223193049814	0.045107223193049814	mCG	promoter	Zm00001d031263	1	184281834	184284331	+	491	0.13238883018493652	0.0
agri_aa_oil__Kernernumberperrow	methwin__mCG__promoter__Zm00001d029807	1	0.04355306961853309	0.04355306961853309	mCG	promoter	Zm00001d029807	1	87791009	87793139	+	41	0.17715516686439514	0.0
agri_aa_oil__Kernernumberperrow	methwin__mCG__cis__Zm00001d029807	1	0.04355152402860347	0.04355152402860347	mCG	cis	Zm00001d029807	1	87791009	87793139	+	110	0.17715516686439514	0.0
agri_aa_oil__Kernernumberperrow	methwin__mCG__gene__Zm00001d041812	1	-0.04333915279593887	0.04333915279593887	mCG	gene	Zm00001d041812	3	139015997	139019226	+	361	0.13322095572948456	0.0
agri_aa_oil__Kernernumberperrow	methwin__mCG__cis__Zm00001d014352	1	0.0430355528973847	0.0430355528973847	mCG	cis	Zm00001d014352	5	42315106	42316131	+	378	0.16030347347259521	0.0
agri_aa_oil__Kernernumberperrow	methwin__mCG__promoter__Zm00001d025258	1	-0.04301274769223236	0.04301274769223236	mCG	promoter	Zm00001d025258	10	111489726	111495229	+	76	0.1695874035358429	0.0
agri_aa_oil__Kernernumberperrow	methwin__mCG__cis__Zm00001d025258	1	-0.043010891911812	0.043010891911812	mCG	cis	Zm00001d025258	10	111489726	111495229	+	208	0.1695874035358429	0.0
agri_aa_oil__Kernernumberperrow	methwin__mCG__gene__Zm00001d041513	1	0.04291087599552511	0.04291087599552511	mCG	gene	Zm00001d041513	3	125119438	125121733	-	385	0.13148906826972961	0.0
agri_aa_oil__Kernernumberperrow	methwin__mCHG__promoter__Zm00001d002905	1	-0.042707116064531675	0.042707116064531675	mCHG	promoter	Zm00001d002905	2	26329482	26339000	+	229	0.11686213314533234	0.0
agri_aa_oil__Kernernumberperrow	methwin__mCHG__gene__Zm00001d007945	1	0.04166102037907135	0.04166102037907135	mCHG	gene	Zm00001d007945	2	243752222	243771474	+	33	0.144996777176857	0.0
agri_aa_oil__Kernernumberperrow	methwin__mCG__cis__Zm00001d017906	1	-0.041480080330459315	0.041480080330459315	mCG	cis	Zm00001d017906	5	209944102	209948357	+	489	0.15655048191547394	0.0
agri_aa_oil__Kernernumberperrow	methwin__mCHG__promoter__Zm00001d013624	1	0.04143184029756684	0.04143184029756684	mCHG	promoter	Zm00001d013624	5	15728769	15732353	+	161	0.1224391907453537	0.0
agri_aa_oil__Kernernumberperrow	methwin__mCHH__gene__Zm00001d028045	1	0.03842915200973325	0.03842915200973325	mCHH	gene	Zm00001d028045	1	21501810	21527021	+	252	0.006133158691227436	0.0
agri_aa_oil__Kernernumberperrow	methwin__mCHH__gene__Zm00001d028046	1	0.03842842842838814	0.03842842842838814	mCHH	gene	Zm00001d028046	1	21513845	21553331	-	253	0.006133158691227436	0.0
agri_aa_oil__Kernernumberperrow	methwin__mCG__cis__Zm00001d047342	1	0.03806596171088559	0.03806596171088559	mCG	cis	Zm00001d047342	9	127001575	127002543	+	169	0.17241574823856354	0.0
agri_aa_oil__Kernernumberperrow	methwin__mCHH__promoter__Zm00001d024238	1	0.03728021581162326	0.03728021581162326	mCHH	promoter	Zm00001d024238	10	58940661	58959893	+	495	0.010614178143441677	0.0
agri_aa_oil__Kernernumberperrow	methwin__mCHH__gene__Zm00001d001882	1	-0.03671222419799674	0.03671222419799674	mCHH	gene	Zm00001d001882	2	2322242	2329784	-	167	0.008210008032619953	0.0
agri_aa_oil__Kernernumberperrow	methwin__mCG__gene__Zm00001d011182	1	-0.0365282865024205	0.0365282865024205	mCG	gene	Zm00001d011182	8	142209717	142212537	-	367	0.1327582448720932	0.0
agri_aa_oil__Kernernumberperrow	methwin__mCHG__gene__Zm00001d004328	1	-0.036117557689877115	0.036117557689877115	mCHG	gene	Zm00001d004328	2	103641052	103641420	-	351	0.10710335522890091	0.0
agri_aa_oil__Kernernumberperrow	methwin__mCHG__promoter__Zm00001d004328	1	-0.03611544483997632	0.03611544483997632	mCHG	promoter	Zm00001d004328	2	103641052	103641420	-	366	0.10710335522890091	0.0
agri_aa_oil__Kernernumberperrow	methwin__mCG__promoter__Zm00001d038286	1	-0.036013495302298026	0.036013495302298026	mCG	promoter	Zm00001d038286	6	153399275	153402068	-	468	0.13524088263511658	0.0
agri_aa_oil__Kernernumberperrow	methwin__mCG__cis__Zm00001d003866	1	0.03533996847598263	0.03533996847598263	mCG	cis	Zm00001d003866	2	63973912	63976292	-	347	0.1615210324525833	0.0
agri_aa_oil__Kernernumberperrow	methwin__mCHG__gene__Zm00001d004573	1	0.03502105822339603	0.03502105822339603	mCHG	gene	Zm00001d004573	2	118655591	118670633	-	232	0.11569946259260178	0.0
agri_aa_oil__Kernernumberperrow	methwin__mCHH__promoter__Zm00001d010604	1	-0.034350608302757824	0.034350608302757824	mCHH	promoter	Zm00001d010604	8	121656899	121661464	+	328	0.015251073986291885	0.0
agri_aa_oil__Kernernumberperrow	methwin__mCHG__promoter__Zm00001d043101	1	0.03385659164346112	0.03385659164346112	mCHG	promoter	Zm00001d043101	3	189202602	189205566	+	484	0.1006762683391571	0.0
agri_aa_oil__Kernernumberperrow	methwin__mCG__gene__Zm00001d029608	1	0.033574946844312246	0.033574946844312246	mCG	gene	Zm00001d029608	1	79094881	79118107	-	465	0.12565772235393524	0.0
agri_aa_oil__Kernernumberperrow	methwin__mCHH__gene__Zm00001d035960	1	-0.03291144796243785	0.03291144796243785	mCHH	gene	Zm00001d035960	6	62647186	62672875	+	304	0.005347463767975569	0.0
agri_aa_oil__Kernernumberperrow	methwin__mCHH__promoter__Zm00001d002787	1	-0.03232214437177608	0.03232214437177608	mCHH	promoter	Zm00001d002787	2	22588333	22591980	-	374	0.013574427925050259	0.0
agri_aa_oil__Kernernumberperrow	methwin__mCG__gene__Zm00001d023792	1	0.03192723723451296	0.03192723723451296	mCG	gene	Zm00001d023792	10	20844614	20890419	+	282	0.14008939266204834	0.0
agri_aa_oil__Kernernumberperrow	methwin__mCHH__promoter__Zm00001d019020	1	-0.03074097279808326	0.03074097279808326	mCHH	promoter	Zm00001d019020	7	12943160	12946459	-	212	0.02122456766664982	0.0
agri_aa_oil__Kernernumberperrow	methwin__mCG__gene__Zm00001d043469	1	-0.030171819529738214	0.030171819529738214	mCG	gene	Zm00001d043469	3	201083349	201088576	-	356	0.13378237187862396	0.0
agri_aa_oil__Kernernumberperrow	methwin__mCHH__gene__Zm00001d041953	1	0.029803105160986464	0.029803105160986464	mCHH	gene	Zm00001d041953	3	145231555	145243639	+	270	0.0057927509769797325	0.0
agri_aa_oil__Kernernumberperrow	methwin__mCHH__promoter__Zm00001d016613	1	-0.029272204759333266	0.029272204759333266	mCHH	promoter	Zm00001d016613	5	170113701	170119069	-	338	0.015061001293361187	0.0
agri_aa_oil__Kernernumberperrow	methwin__mCG__gene__Zm00001d039723	1	-0.028686246622613813	0.028686246622613813	mCG	gene	Zm00001d039723	3	12989962	12990863	-	305	0.13811075687408447	0.0
agri_aa_oil__Kernernumberperrow	methwin__mCHG__promoter__Zm00001d022429	1	-0.028540640694598857	0.028540640694598857	mCHG	promoter	Zm00001d022429	7	177465475	177491074	-	242	0.11622336506843567	0.0
agri_aa_oil__Kernernumberperrow	methwin__mCHG__gene__Zm00001d007086	1	-0.028472234908030046	0.028472234908030046	mCHG	gene	Zm00001d007086	2	221921965	221922516	+	239	0.11530300974845886	0.0
agri_aa_oil__Kernernumberperrow	methwin__mCHG__promoter__Zm00001d010149	1	-0.0284698439321375	0.0284698439321375	mCHG	promoter	Zm00001d010149	8	101497876	101502119	-	34	0.1408744603395462	0.0
agri_aa_oil__Kernernumberperrow	methwin__mCHG__cis__Zm00001d010149	1	-0.028465277095317307	0.028465277095317307	mCHG	cis	Zm00001d010149	8	101497876	101502119	-	138	0.1408744603395462	0.0
agri_aa_oil__Kernernumberperrow	methwin__mCG__promoter__Zm00001d007388	1	0.02825507653524314	0.02825507653524314	mCG	promoter	Zm00001d007388	2	230458500	230469941	+	122	0.162924125790596	0.0
agri_aa_oil__Kernernumberperrow	methwin__mCHH__promoter__Zm00001d002352	1	0.02790822728274151	0.02790822728274151	mCHH	promoter	Zm00001d002352	2	10726433	10728012	-	241	0.018990952521562576	0.0
agri_aa_oil__Kernernumberperrow	methwin__mCHH__gene__Zm00001d047896	1	-0.02779968894747657	0.02779968894747657	mCHH	gene	Zm00001d047896	9	144617709	144628809	+	203	0.0073737106285989285	0.0
agri_aa_oil__Kernernumberperrow	methwin__mCG__gene__Zm00001d035993	1	-0.02756258319665795	0.02756258319665795	mCG	gene	Zm00001d035993	6	65161702	65163282	+	159	0.1506609171628952	0.0
agri_aa_oil__Kernernumberperrow	methwin__mCHH__promoter__Zm00001d009649	1	0.027135631709565948	0.027135631709565948	mCHH	promoter	Zm00001d009649	8	74319439	74349436	-	27	0.04886358603835106	0.0
agri_aa_oil__Kernernumberperrow	methwin__mCHH__cis__Zm00001d009649	1	0.027132920348573696	0.027132920348573696	mCHH	cis	Zm00001d009649	8	74319439	74349436	-	61	0.04886358603835106	0.0
agri_aa_oil__Kernernumberperrow	methwin__mCHH__promoter__Zm00001d038097	1	0.026610862811750707	0.026610862811750707	mCHH	promoter	Zm00001d038097	6	147746791	147774056	+	326	0.015313399955630302	0.0
agri_aa_oil__Kernernumberperrow	methwin__mCG__gene__Zm00001d006404	1	0.02645170885169658	0.02645170885169658	mCG	gene	Zm00001d006404	2	206800179	206801074	+	360	0.13336938619613647	0.0
agri_aa_oil__Kernernumberperrow	methwin__mCG__cis__Zm00001d042246	1	0.026202426425502454	0.026202426425502454	mCG	cis	Zm00001d042246	3	157427937	157429177	+	296	0.16368639469146729	0.0
agri_aa_oil__Kernernumberperrow	methwin__mCG__promoter__Zm00001d042248	1	0.026200005429711168	0.026200005429711168	mCG	promoter	Zm00001d042248	3	157432112	157433623	-	111	0.16368639469146729	0.0
agri_aa_oil__Kernernumberperrow	methwin__mCG__cis__Zm00001d010154	1	0.026159055441981223	0.026159055441981223	mCG	cis	Zm00001d010154	8	101952644	101953272	-	204	0.16965968906879425	0.0
agri_aa_oil__Kernernumberperrow	methwin__mCG__gene__Zm00001d010154	1	0.026155540010411957	0.026155540010411957	mCG	gene	Zm00001d010154	8	101952644	101953272	-	44	0.16965968906879425	0.0
agri_aa_oil__Kernernumberperrow	methwin__mCG__promoter__Zm00001d019670	1	0.025806465272934426	0.025806465272934426	mCG	promoter	Zm00001d019670	7	49531543	49544334	-	306	0.14580757915973663	0.0
agri_aa_oil__Kernernumberperrow	methwin__mCG__cis__Zm00001d029325	1	0.025616591696222258	0.025616591696222258	mCG	cis	Zm00001d029325	1	65991013	65992879	-	139	0.17475378513336182	0.0
agri_aa_oil__Kernernumberperrow	methwin__mCHH__gene__Zm00001d017050	1	-0.02496867436867967	0.02496867436867967	mCHH	gene	Zm00001d017050	5	183927350	183936102	+	29	0.022276638075709343	0.0
agri_aa_oil__Kernernumberperrow	methwin__mCHH__cis__Zm00001d017050	1	-0.024966570022261665	0.024966570022261665	mCHH	cis	Zm00001d017050	5	183927350	183936102	+	494	0.022276638075709343	0.0
agri_aa_oil__Kernernumberperrow	methwin__mCG__cis__Zm00001d046975	1	-0.02464860389752384	0.02464860389752384	mCG	cis	Zm00001d046975	9	113789238	113792145	+	129	0.17581021785736084	0.0
agri_aa_oil__Kernernumberperrow	methwin__mCG__cis__Zm00001d046974	1	-0.024648351761268505	0.024648351761268505	mCG	cis	Zm00001d046974	9	113773320	113784564	-	130	0.17581021785736084	0.0
agri_aa_oil__Kernernumberperrow	methwin__mCG__promoter__Zm00001d046974	1	-0.024647111388086354	0.024647111388086354	mCG	promoter	Zm00001d046974	9	113773320	113784564	-	49	0.17581021785736084	0.0
agri_aa_oil__Kernernumberperrow	methwin__mCG__gene__Zm00001d003755	1	0.024438850888901572	0.024438850888901572	mCG	gene	Zm00001d003755	2	57722583	57731864	+	419	0.12881118059158325	0.0
agri_aa_oil__Kernernumberperrow	methwin__mCHH__promoter__Zm00001d034964	1	-0.023729780055760777	0.023729780055760777	mCHH	promoter	Zm00001d034964	6	168702	179846	-	384	0.013384812511503696	0.0
agri_aa_oil__Kernernumberperrow	methwin__mCHG__cis__Zm00001d016602	1	0.023618572007267337	0.023618572007267337	mCHG	cis	Zm00001d016602	5	169615711	169625655	-	360	0.12920011579990387	0.0
agri_aa_oil__Kernernumberperrow	methwin__mCHG__promoter__Zm00001d030228	1	-0.02347159232298634	0.02347159232298634	mCHG	promoter	Zm00001d030228	1	114468826	114469290	-	312	0.11131615191698074	0.0
agri_aa_oil__Kernernumberperrow	methwin__mCHG__gene__Zm00001d030228	1	-0.023471503851772626	0.023471503851772626	mCHG	gene	Zm00001d030228	1	114468826	114469290	-	293	0.11131615191698074	0.0
agri_aa_oil__Kernernumberperrow	methwin__mCHH__gene__Zm00001d013057	1	-0.023439640163560493	0.023439640163560493	mCHH	gene	Zm00001d013057	5	3946993	3950428	-	425	0.0037854518741369247	0.0
agri_aa_oil__Kernernumberperrow	methwin__mCG__promoter__Zm00001d028397	1	0.023121389109813487	0.023121389109813487	mCG	promoter	Zm00001d028397	1	33440965	33448136	+	375	0.14174962043762207	0.0
agri_aa_oil__Kernernumberperrow	methwin__mCG__gene__Zm00001d051720	1	0.023058419842078074	0.023058419842078074	mCG	gene	Zm00001d051720	4	168001304	168001916	-	362	0.13321499526500702	0.0
agri_aa_oil__Kernernumberperrow	methwin__mCHH__gene__Zm00001d021473	1	-0.022949133439466318	0.022949133439466318	mCHH	gene	Zm00001d021473	7	153177327	153198945	-	441	0.0034523140639066696	0.0
agri_aa_oil__Kernernumberperrow	methwin__mCG__gene__Zm00001d049992	1	0.022459487261348516	0.022459487261348516	mCG	gene	Zm00001d049992	4	58236968	58238266	-	101	0.15923143923282623	0.0
agri_aa_oil__Kernernumberperrow	methwin__mCG__cis__Zm00001d049992	1	0.022432789815974043	0.022432789815974043	mCG	cis	Zm00001d049992	4	58236968	58238266	-	401	0.15923143923282623	0.0
agri_aa_oil__Kernernumberperrow	methwin__mCG__promoter__Zm00001d049992	1	0.022422805955680532	0.022422805955680532	mCG	promoter	Zm00001d049992	4	58236968	58238266	-	153	0.15923143923282623	0.0
agri_aa_oil__Kernernumberperrow	methwin__mCHG__promoter__Zm00001d038797	1	0.02230769073819071	0.02230769073819071	mCHG	promoter	Zm00001d038797	6	164581424	164588542	+	175	0.12154850363731384	0.0
agri_aa_oil__Kernernumberperrow	methwin__mCG__cis__Zm00001d018654	1	0.02021896787499974	0.02021896787499974	mCG	cis	Zm00001d018654	7	1972664	1974259	-	316	0.16291716694831848	0.0
agri_aa_oil__Kernernumberperrow	methwin__mCG__cis__Zm00001d018655	1	0.020218798331732655	0.020218798331732655	mCG	cis	Zm00001d018655	7	1981750	1982556	-	317	0.16291716694831848	0.0
agri_aa_oil__Kernernumberperrow	methwin__mCHG__gene__Zm00001d002127	1	0.020040262109914102	0.020040262109914102	mCHG	gene	Zm00001d002127	2	6316912	6319518	-	214	0.1174079105257988	0.0
agri_aa_oil__Kernernumberperrow	methwin__mCHG__promoter__Zm00001d002127	1	0.020040116919646085	0.020040116919646085	mCHG	promoter	Zm00001d002127	2	6316912	6319518	-	222	0.1174079105257988	0.0
agri_aa_oil__Kernernumberperrow	methwin__mCG__gene__Zm00001d051890	1	0.01930514178800524	0.01930514178800524	mCG	gene	Zm00001d051890	4	173809755	173817043	+	490	0.12373869866132736	0.0
agri_aa_oil__Kernernumberperrow	methwin__mCHH__gene__Zm00001d009271	1	0.018537679598304876	0.018537679598304876	mCHH	gene	Zm00001d009271	8	49785732	49790894	-	227	0.006811268627643585	0.0
agri_aa_oil__Kernernumberperrow	methwin__mCHH__promoter__Zm00001d031739	1	-0.01816573628688487	0.01816573628688487	mCHH	promoter	Zm00001d031739	1	200307874	200308906	-	480	0.010990235954523087	0.0
agri_aa_oil__Kernernumberperrow	methwin__mCHG__gene__Zm00001d028490	1	0.01786914349621614	0.01786914349621614	mCHG	gene	Zm00001d028490	1	36826368	36843555	+	493	0.09902887791395187	0.0
agri_aa_oil__Kernernumberperrow	methwin__mCHG__promoter__Zm00001d010599	1	-0.017769601689756536	0.017769601689756536	mCHG	promoter	Zm00001d010599	8	121491863	121510968	-	125	0.1265481561422348	0.0
agri_aa_oil__Kernernumberperrow	methwin__mCG__cis__Zm00001d038383	1	-0.017556955377685347	0.017556955377685347	mCG	cis	Zm00001d038383	6	156033417	156038359	-	430	0.1584281474351883	0.0
agri_aa_oil__Kernernumberperrow	methwin__mCG__promoter__Zm00001d038384	1	-0.017553786700470572	0.017553786700470572	mCG	promoter	Zm00001d038384	6	156038483	156039204	-	165	0.1584281474351883	0.0
agri_aa_oil__Kernernumberperrow	methwin__mCG__promoter__Zm00001d038383	1	-0.017544760926624	0.017544760926624	mCG	promoter	Zm00001d038383	6	156033417	156038359	-	164	0.1584281474351883	0.0
agri_aa_oil__Kernernumberperrow	methwin__mCG__cis__Zm00001d038384	1	-0.017538166521105965	0.017538166521105965	mCG	cis	Zm00001d038384	6	156038483	156039204	-	429	0.1584281474351883	0.0
agri_aa_oil__Kernernumberperrow	methwin__mCG__promoter__Zm00001d007586	1	0.01712772050767018	0.01712772050767018	mCG	promoter	Zm00001d007586	2	235451568	235452146	-	478	0.13448050618171692	0.0
agri_aa_oil__Kernernumberperrow	methwin__mCG__promoter__Zm00001d007587	1	0.017127236056029217	0.017127236056029217	mCG	promoter	Zm00001d007587	2	235452964	235454194	-	479	0.13448050618171692	0.0
agri_aa_oil__Kernernumberperrow	methwin__mCG__gene__Zm00001d007587	1	0.017126815459966863	0.017126815459966863	mCG	gene	Zm00001d007587	2	235452964	235454194	-	347	0.13448050618171692	0.0
agri_aa_oil__Kernernumberperrow	methwin__mCG__cis__Zm00001d050256	1	-0.016875628688851143	0.016875628688851143	mCG	cis	Zm00001d050256	4	76976633	76985641	+	399	0.15928839147090912	0.0
agri_aa_oil__Kernernumberperrow	methwin__mCG__promoter__Zm00001d050256	1	-0.016874114352509444	0.016874114352509444	mCG	promoter	Zm00001d050256	4	76976633	76985641	+	152	0.15928839147090912	0.0
agri_aa_oil__Kernernumberperrow	methwin__mCHG__cis__Zm00001d007388	1	0.01679212950814029	0.01679212950814029	mCHG	cis	Zm00001d007388	2	230458500	230469941	+	408	0.1275579184293747	0.0
agri_aa_oil__Kernernumberperrow	methwin__mCHG__promoter__Zm00001d007388	1	0.016791476188364376	0.016791476188364376	mCHG	promoter	Zm00001d007388	2	230458500	230469941	+	114	0.1275579184293747	0.0
agri_aa_oil__Kernernumberperrow	methwin__mCHH__gene__Zm00001d020640	1	0.01668814408969548	0.01668814408969548	mCHH	gene	Zm00001d020640	7	125978833	125998277	+	325	0.005099446512758732	0.0
agri_aa_oil__Kernernumberperrow	methwin__mCHH__promoter__Zm00001d032629	1	-0.015810296525916468	0.015810296525916468	mCHH	promoter	Zm00001d032629	1	232489216	232489650	+	465	0.011288043111562729	0.0
agri_aa_oil__Kernernumberperrow	methwin__mCG__cis__Zm00001d049173	1	0.015776293622840627	0.015776293622840627	mCG	cis	Zm00001d049173	4	19025176	19028095	-	432	0.15840522944927216	0.0
agri_aa_oil__Kernernumberperrow	methwin__mCHG__promoter__Zm00001d007085	1	-0.015744705861399404	0.015744705861399404	mCHG	promoter	Zm00001d007085	2	221916956	221920555	-	314	0.11125171184539795	0.0
agri_aa_oil__Kernernumberperrow	methwin__mCG__promoter__Zm00001d047958	1	-0.0155217819674594	0.0155217819674594	mCG	promoter	Zm00001d047958	9	146174889	146177189	-	222	0.1525641679763794	0.0
agri_aa_oil__Kernernumberperrow	methwin__mCG__gene__Zm00001d047959	1	-0.015519734197905668	0.015519734197905668	mCG	gene	Zm00001d047959	9	146177824	146180454	+	148	0.1525641679763794	0.0
agri_aa_oil__Kernernumberperrow	methwin__mCHG__promoter__Zm00001d047078	1	-0.015362748043694485	0.015362748043694485	mCHG	promoter	Zm00001d047078	9	117546061	117551091	-	298	0.11207059770822525	0.0
agri_aa_oil__Kernernumberperrow	methwin__mCHH__gene__Zm00001d029134	1	-0.01523648494013197	0.01523648494013197	mCHH	gene	Zm00001d029134	1	59846904	59876808	-	463	0.0031956699676811695	0.0
agri_aa_oil__Kernernumberperrow	methwin__mCG__promoter__Zm00001d005380	1	0.014943370772301758	0.014943370772301758	mCG	promoter	Zm00001d005380	2	171672859	171673083	-	16	0.18690024316310883	0.0
agri_aa_oil__Kernernumberperrow	methwin__mCG__cis__Zm00001d005379	1	0.014907052080584769	0.014907052080584769	mCG	cis	Zm00001d005379	2	171672039	171672263	-	41	0.18690024316310883	0.0
agri_aa_oil__Kernernumberperrow	methwin__mCG__promoter__Zm00001d005379	1	0.014864147992426304	0.014864147992426304	mCG	promoter	Zm00001d005379	2	171672039	171672263	-	15	0.18690024316310883	0.0
agri_aa_oil__Kernernumberperrow	methwin__mCG__cis__Zm00001d005380	1	0.014835111975403529	0.014835111975403529	mCG	cis	Zm00001d005380	2	171672859	171673083	-	40	0.18690024316310883	0.0
agri_aa_oil__Kernernumberperrow	methwin__mCG__gene__Zm00001d005380	1	0.01483235609658188	0.01483235609658188	mCG	gene	Zm00001d005380	2	171672859	171673083	-	6	0.18690024316310883	0.0
agri_aa_oil__Kernernumberperrow	methwin__mCG__cis__Zm00001d007827	1	0.01451753624066493	0.01451753624066493	mCG	cis	Zm00001d007827	2	240431883	240432461	+	267	0.1652311086654663	0.0
agri_aa_oil__Kernernumberperrow	methwin__mCHH__promoter__Zm00001d014764	1	-0.0145006566002396	0.0145006566002396	mCHH	promoter	Zm00001d014764	5	62108780	62114128	-	119	0.02798258699476719	0.0
agri_aa_oil__Kernernumberperrow	methwin__mCHH__cis__Zm00001d014764	1	-0.01450057223399987	0.01450057223399987	mCHH	cis	Zm00001d014764	5	62108780	62114128	-	300	0.02798258699476719	0.0
agri_aa_oil__Kernernumberperrow	methwin__mCHH__promoter__Zm00001d052911	1	0.014458785294347434	0.014458785294347434	mCHH	promoter	Zm00001d052911	4	204480764	204485845	-	425	0.012184849008917809	0.0
agri_aa_oil__Kernernumberperrow	methwin__mCG__gene__Zm00001d040982	1	-0.014389914461833228	0.014389914461833228	mCG	gene	Zm00001d040982	3	88101133	88101809	+	65	0.16476595401763916	0.0
agri_aa_oil__Kernernumberperrow	methwin__mCG__cis__Zm00001d040982	1	-0.014389248853200117	0.014389248853200117	mCG	cis	Zm00001d040982	3	88101133	88101809	+	271	0.16476595401763916	0.0
agri_aa_oil__Kernernumberperrow	methwin__mCG__cis__Zm00001d030099	1	-0.014339916342751096	0.014339916342751096	mCG	cis	Zm00001d030099	1	105647014	105648033	+	104	0.17724007368087769	0.0
agri_aa_oil__Kernernumberperrow	methwin__mCG__gene__Zm00001d030099	1	-0.01433755334075682	0.01433755334075682	mCG	gene	Zm00001d030099	1	105647014	105648033	+	18	0.17724007368087769	0.0
agri_aa_oil__Kernernumberperrow	methwin__mCG__cis__Zm00001d052549	1	0.013379299692652884	0.013379299692652884	mCG	cis	Zm00001d052549	4	192864628	192865239	-	179	0.1717473417520523	0.0
agri_aa_oil__Kernernumberperrow	methwin__mCG__cis__Zm00001d052551	1	0.013374768030878031	0.013374768030878031	mCG	cis	Zm00001d052551	4	192868787	192870527	+	178	0.1717473417520523	0.0
agri_aa_oil__Kernernumberperrow	methwin__mCG__promoter__Zm00001d052549	1	0.013368769178133365	0.013368769178133365	mCG	promoter	Zm00001d052549	4	192864628	192865239	-	64	0.1717473417520523	0.0
agri_aa_oil__Kernernumberperrow	methwin__mCG__gene__Zm00001d052549	1	0.013368219381486258	0.013368219381486258	mCG	gene	Zm00001d052549	4	192864628	192865239	-	35	0.1717473417520523	0.0
agri_aa_oil__Kernernumberperrow	methwin__mCG__promoter__Zm00001d003695	1	0.013348345628939004	0.013348345628939004	mCG	promoter	Zm00001d003695	2	54868185	54870188	-	371	0.14188267290592194	0.0
agri_aa_oil__Kernernumberperrow	methwin__mCHH__cis__Zm00001d036343	1	0.013037050416730239	0.013037050416730239	mCHH	cis	Zm00001d036343	6	85011739	85018649	+	378	0.025475889444351196	0.0
agri_aa_oil__Kernernumberperrow	methwin__mCG__promoter__Zm00001d025467	1	0.012954154303420664	0.012954154303420664	mCG	promoter	Zm00001d025467	10	119825127	119826659	-	344	0.1434747576713562	0.0
agri_aa_oil__Kernernumberperrow	methwin__mCHH__cis__Zm00001d024477	1	-0.012915509485449207	0.012915509485449207	mCHH	cis	Zm00001d024477	10	72975072	72977686	-	289	0.028787435963749886	0.0
agri_aa_oil__Kernernumberperrow	methwin__mCG__promoter__Zm00001d025423	1	0.012739005395426424	0.012739005395426424	mCG	promoter	Zm00001d025423	10	118183614	118183895	-	209	0.15401631593704224	0.0
agri_aa_oil__Kernernumberperrow	methwin__mCG__gene__Zm00001d025423	1	0.012737501414095328	0.012737501414095328	mCG	gene	Zm00001d025423	10	118183614	118183895	-	135	0.15401631593704224	0.0
agri_aa_oil__Kernernumberperrow	methwin__mCHH__gene__Zm00001d049670	1	-0.012691404081069136	0.012691404081069136	mCHH	gene	Zm00001d049670	4	39427917	39429050	-	96	0.012025165371596813	0.0
agri_aa_oil__Kernernumberperrow	methwin__mCHH__promoter__Zm00001d006374	1	-0.012640904541448226	0.012640904541448226	mCHH	promoter	Zm00001d006374	2	206057451	206060931	+	367	0.013655269518494606	0.0
agri_aa_oil__Kernernumberperrow	methwin__mCHH__gene__Zm00001d015532	1	-0.012310503913589808	0.012310503913589808	mCHH	gene	Zm00001d015532	5	96256820	96257726	+	414	0.0038498176727443933	0.0
agri_aa_oil__Kernernumberperrow	methwin__mCHG__promoter__Zm00001d006644	1	0.012128570575308447	0.012128570575308447	mCHG	promoter	Zm00001d006644	2	213304600	213307872	+	372	0.10677942633628845	0.0
agri_aa_oil__Kernernumberperrow	methwin__mCG__gene__Zm00001d041045	1	0.011675244963253653	0.011675244963253653	mCG	gene	Zm00001d041045	3	92630179	92630799	-	476	0.12488134205341339	0.0
agri_aa_oil__Kernernumberperrow	methwin__mCG__cis__Zm00001d019994	1	0.011614918898472906	0.011614918898472906	mCG	cis	Zm00001d019994	7	83695073	83698127	+	177	0.171748548746109	0.0
agri_aa_oil__Kernernumberperrow	methwin__mCHG__cis__Zm00001d017284	1	0.011168896527136379	0.011168896527136379	mCHG	cis	Zm00001d017284	5	191690481	191693464	+	211	0.13589610159397125	0.0
agri_aa_oil__Kernernumberperrow	methwin__mCHG__promoter__Zm00001d017284	1	0.011162826138683305	0.011162826138683305	mCHG	promoter	Zm00001d017284	5	191690481	191693464	+	61	0.13589610159397125	0.0
agri_aa_oil__Kernernumberperrow	methwin__mCHG__cis__Zm00001d017285	1	0.0111617929526918	0.0111617929526918	mCHG	cis	Zm00001d017285	5	191699398	191700455	+	210	0.13589610159397125	0.0
agri_aa_oil__Kernernumberperrow	methwin__mCHH__cis__Zm00001d037181	1	-0.011145331416513199	0.011145331416513199	mCHH	cis	Zm00001d037181	6	114889409	114890914	+	390	0.025096170604228973	0.0
agri_aa_oil__Kernernumberperrow	methwin__mCHH__cis__Zm00001d037180	1	-0.011143188525537012	0.011143188525537012	mCHH	cis	Zm00001d037180	6	114877169	114878146	-	389	0.025096170604228973	0.0
agri_aa_oil__Kernernumberperrow	methwin__mCG__gene__Zm00001d052679	1	0.010877789989747888	0.010877789989747888	mCG	gene	Zm00001d052679	4	197090974	197093276	-	428	0.12829354405403137	0.0
agri_aa_oil__Kernernumberperrow	methwin__mCHH__gene__Zm00001d027715	1	-0.010551929942183439	0.010551929942183439	mCHH	gene	Zm00001d027715	1	11952380	11984542	+	225	0.006817318964749575	0.0
agri_aa_oil__Kernernumberperrow	methwin__mCHH__gene__Zm00001d006786	1	-0.010470697365380269	0.010470697365380269	mCHH	gene	Zm00001d006786	2	216663796	216665186	-	380	0.004331693518906832	0.0
agri_aa_oil__Kernernumberperrow	methwin__mCG__gene__Zm00001d048684	1	0.010320432406038967	0.010320432406038967	mCG	gene	Zm00001d048684	4	3237296	3249838	+	219	0.14583072066307068	0.0
agri_aa_oil__Kernernumberperrow	methwin__mCG__gene__Zm00001d007431	1	0.009466371771748678	0.009466371771748678	mCG	gene	Zm00001d007431	2	231539138	231539929	-	403	0.1304209977388382	0.0
agri_aa_oil__Kernernumberperrow	methwin__mCHH__cis__Zm00001d032027	1	-0.009165742127614748	0.009165742127614748	mCHH	cis	Zm00001d032027	1	209851567	209853560	-	468	0.023106060922145844	0.0
agri_aa_oil__Kernernumberperrow	methwin__mCHH__promoter__Zm00001d004137	1	0.008778304804556611	0.008778304804556611	mCHH	promoter	Zm00001d004137	2	85731223	85732587	+	179	0.023940477520227432	0.0
agri_aa_oil__Kernernumberperrow	methwin__mCHH__cis__Zm00001d004137	1	0.008777512302366156	0.008777512302366156	mCHH	cis	Zm00001d004137	2	85731223	85732587	+	429	0.023940477520227432	0.0
agri_aa_oil__Kernernumberperrow	methwin__mCHH__cis__Zm00001d004138	1	0.00877706428039092	0.00877706428039092	mCHH	cis	Zm00001d004138	2	85736310	85737686	-	430	0.023940477520227432	0.0
agri_aa_oil__Kernernumberperrow	methwin__mCHG__promoter__Zm00001d032170	1	-0.008549924324354603	0.008549924324354603	mCHG	promoter	Zm00001d032170	1	215420258	215425774	-	333	0.10966181010007858	0.0
agri_aa_oil__Kernernumberperrow	methwin__mCG__cis__Zm00001d035911	1	0.008128621344927412	0.008128621344927412	mCG	cis	Zm00001d035911	6	59751581	59752385	+	133	0.17529577016830444	0.0
agri_aa_oil__Kernernumberperrow	methwin__mCG__gene__Zm00001d035911	1	0.008119434337692735	0.008119434337692735	mCG	gene	Zm00001d035911	6	59751581	59752385	+	23	0.17529577016830444	0.0
agri_aa_oil__Kernernumberperrow	methwin__mCHH__promoter__Zm00001d014916	1	0.007843590850084091	0.007843590850084091	mCHH	promoter	Zm00001d014916	5	68137035	68138114	-	32	0.04618716612458229	0.0
agri_aa_oil__Kernernumberperrow	methwin__mCHH__cis__Zm00001d014916	1	0.007843397540622665	0.007843397540622665	mCHH	cis	Zm00001d014916	5	68137035	68138114	-	73	0.04618716612458229	0.0
agri_aa_oil__Kernernumberperrow	methwin__mCHH__gene__Zm00001d025044	1	0.0068320087881350924	0.0068320087881350924	mCHH	gene	Zm00001d025044	10	101378979	101442082	+	233	0.006739121861755848	0.0
agri_aa_oil__Kernernumberperrow	methwin__mCHG__promoter__Zm00001d003149	1	-0.006551686557537594	0.006551686557537594	mCHG	promoter	Zm00001d003149	2	33778157	33782681	-	392	0.10569018125534058	0.0
agri_aa_oil__Kernernumberperrow	methwin__mCHG__gene__Zm00001d003149	1	-0.006551586859912461	0.006551586859912461	mCHG	gene	Zm00001d003149	2	33778157	33782681	-	366	0.10569018125534058	0.0
agri_aa_oil__Kernernumberperrow	methwin__mCHG__cis__Zm00001d016559	1	-0.006367019993819675	0.006367019993819675	mCHG	cis	Zm00001d016559	5	167470616	167481059	+	396	0.1279207468032837	0.0
agri_aa_oil__Kernernumberperrow	methwin__mCHG__gene__Zm00001d016559	1	-0.006366012637800554	0.006366012637800554	mCHG	gene	Zm00001d016559	5	167470616	167481059	+	122	0.1279207468032837	0.0
agri_aa_oil__Kernernumberperrow	methwin__mCG__gene__Zm00001d012384	1	0.005817594784318613	0.005817594784318613	mCG	gene	Zm00001d012384	8	173279050	173279840	+	261	0.1420252025127411	0.0
agri_aa_oil__Kernernumberperrow	methwin__mCHH__cis__Zm00001d034957	1	0.005791832457779457	0.005791832457779457	mCHH	cis	Zm00001d034957	1	306770166	306782324	-	70	0.04660908505320549	0.0
agri_aa_oil__Kernernumberperrow	methwin__mCHH__promoter__Zm00001d034957	1	0.005791584561600623	0.005791584561600623	mCHH	promoter	Zm00001d034957	1	306770166	306782324	-	31	0.04660908505320549	0.0
agri_aa_oil__Kernernumberperrow	methwin__mCG__gene__Zm00001d003801	1	0.005702438231324501	0.005702438231324501	mCG	gene	Zm00001d003801	2	59830814	59835635	+	441	0.12678037583827972	0.0
agri_aa_oil__Kernernumberperrow	methwin__mCG__gene__Zm00001d003800	1	0.00569906564093669	0.00569906564093669	mCG	gene	Zm00001d003800	2	59826668	59845512	-	442	0.12678037583827972	0.0
agri_aa_oil__Kernernumberperrow	methwin__mCG__promoter__Zm00001d029741	1	0.00566145172072259	0.00566145172072259	mCG	promoter	Zm00001d029741	1	84866141	84867131	-	395	0.14035852253437042	0.0
agri_aa_oil__Kernernumberperrow	methwin__mCG__gene__Zm00001d029741	1	0.005661199715914033	0.005661199715914033	mCG	gene	Zm00001d029741	1	84866141	84867131	-	279	0.14035852253437042	0.0
agri_aa_oil__Kernernumberperrow	methwin__mCHH__cis__Zm00001d051980	1	-0.005494726472093581	0.005494726472093581	mCHH	cis	Zm00001d051980	4	175828750	175835185	+	312	0.02742941863834858	0.0
agri_aa_oil__Kernernumberperrow	methwin__mCHG__gene__Zm00001d045962	1	0.005267803305062246	0.005267803305062246	mCHG	gene	Zm00001d045962	9	50243771	50262642	+	430	0.1025424674153328	0.0
agri_aa_oil__Kernernumberperrow	methwin__mCHH__promoter__Zm00001d040595	1	0.005077507053695383	0.005077507053695383	mCHH	promoter	Zm00001d040595	3	52236536	52237647	+	30	0.04717601090669632	0.0
agri_aa_oil__Kernernumberperrow	methwin__mCHH__cis__Zm00001d040595	1	0.005076956290658265	0.005076956290658265	mCHH	cis	Zm00001d040595	3	52236536	52237647	+	67	0.04717601090669632	0.0
agri_aa_oil__Kernernumberperrow	methwin__mCHG__cis__Zm00001d007474	1	-0.004710927177577222	0.004710927177577222	mCHG	cis	Zm00001d007474	2	232516766	232520492	-	298	0.1313115507364273	0.0
agri_aa_oil__Kernernumberperrow	methwin__mCG__cis__Zm00001d007840	1	0.004605820344413841	0.004605820344413841	mCG	cis	Zm00001d007840	2	240624534	240627667	+	87	0.17966510355472565	0.0
agri_aa_oil__Kernernumberperrow	methwin__mCG__promoter__Zm00001d049418	1	0.0045406269321470885	0.0045406269321470885	mCG	promoter	Zm00001d049418	4	29894576	29895967	-	388	0.1407908797264099	0.0
agri_aa_oil__Kernernumberperrow	methwin__mCHH__cis__Zm00001d033806	1	-0.00449662032764885	0.00449662032764885	mCHH	cis	Zm00001d033806	1	274286604	274287932	+	424	0.02411956898868084	0.0
agri_aa_oil__Kernernumberperrow	methwin__mCHH__cis__Zm00001d033807	1	-0.0044963546924506135	0.0044963546924506135	mCHH	cis	Zm00001d033807	1	274294735	274295775	-	423	0.02411956898868084	0.0
agri_aa_oil__Kernernumberperrow	methwin__mCHH__promoter__Zm00001d033806	1	-0.00449624553228602	0.00449624553228602	mCHH	promoter	Zm00001d033806	1	274286604	274287932	+	176	0.02411956898868084	0.0
agri_aa_oil__Kernernumberperrow	methwin__mCHH__gene__Zm00001d029165	1	0.004262335398792604	0.004262335398792604	mCHH	gene	Zm00001d029165	1	60879438	60888390	-	477	0.0029407332185655832	0.0
agri_aa_oil__Kernernumberperrow	methwin__mCHH__gene__Zm00001d026522	1	0.004192211708894332	0.004192211708894332	mCHH	gene	Zm00001d026522	10	147504707	147524137	-	436	0.003540313569828868	0.0
agri_aa_oil__Kernernumberperrow	methwin__mCG__cis__Zm00001d009652	1	0.004147809462005856	0.004147809462005856	mCG	cis	Zm00001d009652	8	74457985	74460428	+	471	0.15735912322998047	0.0
agri_aa_oil__Kernernumberperrow	methwin__mCG__gene__Zm00001d009652	1	0.004146950559270681	0.004146950559270681	mCG	gene	Zm00001d009652	8	74457985	74460428	+	114	0.15735912322998047	0.0
agri_aa_oil__Kernernumberperrow	methwin__mCG__promoter__Zm00001d025337	1	-0.0039438873750592225	0.0039438873750592225	mCG	promoter	Zm00001d025337	10	114691400	114692437	+	155	0.15911006927490234	0.0
agri_aa_oil__Kernernumberperrow	methwin__mCG__cis__Zm00001d025337	1	-0.00394206627579878	0.00394206627579878	mCG	cis	Zm00001d025337	10	114691400	114692437	+	406	0.15911006927490234	0.0
agri_aa_oil__Kernernumberperrow	methwin__mCG__cis__Zm00001d025338	1	-0.003930652718369899	0.003930652718369899	mCG	cis	Zm00001d025338	10	114698888	114700369	-	407	0.15911006927490234	0.0
agri_aa_oil__Kernernumberperrow	methwin__mCHH__gene__Zm00001d027969	1	-0.003612535240124667	0.003612535240124667	mCHH	gene	Zm00001d027969	1	18597035	18617718	+	194	0.007536955177783966	0.0
agri_aa_oil__Kernernumberperrow	methwin__mCHH__gene__Zm00001d016662	1	0.0035896237031785927	0.0035896237031785927	mCHH	gene	Zm00001d016662	5	171759650	171775572	-	327	0.005087608005851507	0.0
agri_aa_oil__Kernernumberperrow	methwin__mCHH__gene__Zm00001d023494	1	-0.0035012124246065293	0.0035012124246065293	mCHH	gene	Zm00001d023494	10	7330123	7346042	-	145	0.009121421724557877	0.0
agri_aa_oil__Kernernumberperrow	methwin__mCG__gene__Zm00001d051733	1	0.003444563693033561	0.003444563693033561	mCG	gene	Zm00001d051733	4	168461546	168477601	+	239	0.14402073621749878	0.0
agri_aa_oil__Kernernumberperrow	methwin__mCG__cis__Zm00001d032310	1	0.0034363185285928516	0.0034363185285928516	mCG	cis	Zm00001d032310	1	221630345	221634888	-	265	0.16556823253631592	0.0
agri_aa_oil__Kernernumberperrow	methwin__mCG__promoter__Zm00001d034166	1	0.0027876795421989367	0.0027876795421989367	mCG	promoter	Zm00001d034166	1	285629981	285647284	+	481	0.13411350548267365	0.0
agri_aa_oil__Kernernumberperrow	methwin__mCHG__cis__Zm00001d007840	1	0.0027224236944032457	0.0027224236944032457	mCHG	cis	Zm00001d007840	2	240624534	240627667	+	7	0.1708936244249344	0.0
agri_aa_oil__Kernernumberperrow	methwin__mCHG__gene__Zm00001d049992	1	0.002700959164800289	0.002700959164800289	mCHG	gene	Zm00001d049992	4	58236968	58238266	-	371	0.10542481392621994	0.0
agri_aa_oil__Kernernumberperrow	methwin__mCHG__promoter__Zm00001d049992	1	0.002680313714624771	0.002680313714624771	mCHG	promoter	Zm00001d049992	4	58236968	58238266	-	394	0.10542481392621994	0.0
agri_aa_oil__Kernernumberperrow	methwin__mCHG__promoter__Zm00001d034380	1	-0.0025544229187078426	0.0025544229187078426	mCHG	promoter	Zm00001d034380	1	291356414	291359823	+	471	0.10154611617326736	0.0
agri_aa_oil__Kernernumberperrow	methwin__mCHG__cis__Zm00001d005379	1	0.002483072804494276	0.002483072804494276	mCHG	cis	Zm00001d005379	2	171672039	171672263	-	185	0.13776664435863495	0.0
agri_aa_oil__Kernernumberperrow	methwin__mCHG__gene__Zm00001d005380	1	0.002473893665832688	0.002473893665832688	mCHG	gene	Zm00001d005380	2	171672859	171673083	-	63	0.13776664435863495	0.0
agri_aa_oil__Kernernumberperrow	methwin__mCHG__cis__Zm00001d005380	1	0.0024414699840095075	0.0024414699840095075	mCHG	cis	Zm00001d005380	2	171672859	171673083	-	184	0.13776664435863495	0.0
agri_aa_oil__Kernernumberperrow	methwin__mCHG__promoter__Zm00001d005380	1	0.002400196538883241	0.002400196538883241	mCHG	promoter	Zm00001d005380	2	171672859	171673083	-	53	0.13776664435863495	0.0
agri_aa_oil__Kernernumberperrow	methwin__mCHG__promoter__Zm00001d005379	1	0.002370306877481339	0.002370306877481339	mCHG	promoter	Zm00001d005379	2	171672039	171672263	-	54	0.13776664435863495	0.0
agri_aa_oil__Kernernumberperrow	methwin__mCG__gene__Zm00001d042928	1	0.002224774631655238	0.002224774631655238	mCG	gene	Zm00001d042928	3	184228947	184230086	-	421	0.12870079278945923	0.0
agri_aa_oil__Kernernumberperrow	methwin__mCHG__cis__Zm00001d022161	1	-0.0021211033299956806	0.0021211033299956806	mCHG	cis	Zm00001d022161	7	171452423	171456738	+	73	0.14796893298625946	0.0
agri_aa_oil__Kernernumberperrow	methwin__mCHG__cis__Zm00001d022162	1	-0.002117309868766632	0.002117309868766632	mCHG	cis	Zm00001d022162	7	171464532	171465117	-	74	0.14796893298625946	0.0
agri_aa_oil__Kernernumberperrow	methwin__mCHG__promoter__Zm00001d031291	1	-0.002105135467439852	0.002105135467439852	mCHG	promoter	Zm00001d031291	1	185472894	185477491	+	73	0.1340131163597107	0.0
agri_aa_oil__Kernernumberperrow	methwin__mCHH__gene__Zm00001d051183	1	-0.002038915579954791	0.002038915579954791	mCHH	gene	Zm00001d051183	4	147599308	147617964	-	188	0.0077109443955123425	0.0
agri_aa_oil__Kernernumberperrow	methwin__mCHH__gene__Zm00001d036825	1	0.0018644715986242213	0.0018644715986242213	mCHH	gene	Zm00001d036825	6	102823171	102829865	+	343	0.0048180450685322285	0.0
agri_aa_oil__Kernernumberperrow	methwin__mCHG__gene__Zm00001d041801	1	-0.0016855018843686311	0.0016855018843686311	mCHG	gene	Zm00001d041801	3	138805652	138811523	+	154	0.12408708781003952	0.0
agri_aa_oil__Kernernumberperrow	methwin__mCHG__promoter__Zm00001d041801	1	-0.0016774245578961924	0.0016774245578961924	mCHG	promoter	Zm00001d041801	3	138805652	138811523	+	143	0.12408708781003952	0.0
agri_aa_oil__Kernernumberperrow	methwin__mCHH__cis__Zm00001d047689	1	0.0012443226238805472	0.0012443226238805472	mCHH	cis	Zm00001d047689	9	139363842	139370232	+	343	0.026774214580655098	0.0
agri_aa_oil__Kernernumberperrow	methwin__mCHH__cis__Zm00001d047688	1	0.0012441435187900039	0.0012441435187900039	mCHH	cis	Zm00001d047688	9	139359602	139363816	-	342	0.026774214580655098	0.0
agri_aa_oil__Kernernumberperrow	methwin__mCHH__cis__Zm00001d047687	1	0.001243941025990278	0.001243941025990278	mCHH	cis	Zm00001d047687	9	139353622	139355151	+	341	0.026774214580655098	0.0
agri_aa_oil__Kernernumberperrow	methwin__mCHH__promoter__Zm00001d053082	1	-0.001242245156133569	0.001242245156133569	mCHH	promoter	Zm00001d053082	4	212908487	212917385	+	249	0.01860208436846733	0.0
agri_aa_oil__Kernernumberperrow	methwin__mCHG__cis__Zm00001d018832	1	-0.0010319077686391754	0.0010319077686391754	mCHG	cis	Zm00001d018832	7	6806891	6808735	-	259	0.1334497034549713	0.0
agri_aa_oil__Kernernumberperrow	methwin__mCHG__cis__Zm00001d018833	1	-0.001026467629029661	0.001026467629029661	mCHG	cis	Zm00001d018833	7	6810811	6812651	-	258	0.1334497034549713	0.0
agri_aa_oil__Kernernumberperrow	methwin__mCHG__cis__Zm00001d018831	1	-0.0010125291697523151	0.0010125291697523151	mCHG	cis	Zm00001d018831	7	6794486	6806370	+	260	0.1334497034549713	0.0
agri_aa_oil__Kernernumberperrow	methwin__mCG__gene__Zm00001d051715	1	-0.0009158357141357996	0.0009158357141357996	mCG	gene	Zm00001d051715	4	167838922	167839828	-	376	0.1318456083536148	0.0
agri_aa_oil__Kernernumberperrow	methwin__mCHH__promoter__Zm00001d037249	1	-0.0008050521379584134	0.0008050521379584134	mCHH	promoter	Zm00001d037249	6	117988295	117990111	-	275	0.017133159562945366	0.0
agri_aa_oil__Kernernumberperrow	methwin__mCHH__cis__Zm00001d002781	1	-0.0005412665733387407	0.0005412665733387407	mCHH	cis	Zm00001d002781	2	22563741	22576668	+	22	0.06518257409334183	0.0
agri_aa_oil__Kernernumberperrow	methwin__mCHH__gene__Zm00001d002781	1	-0.0005342894596703662	0.0005342894596703662	mCHH	gene	Zm00001d002781	2	22563741	22576668	+	2	0.06518257409334183	0.0
agri_aa_oil__Kernernumberperrow	methwin__mCHH__cis__Zm00001d002782	1	-0.0005293928208075628	0.0005293928208075628	mCHH	cis	Zm00001d002782	2	22573347	22574486	+	23	0.06518257409334183	0.0
agri_aa_oil__Kernernumberperrow	methwin__mCHH__promoter__Zm00001d002782	1	-0.0005214925838362722	0.0005214925838362722	mCHH	promoter	Zm00001d002782	2	22573347	22574486	+	10	0.06518257409334183	0.0
agri_aa_oil__Kernernumberperrow	methwin__mCHH__cis__Zm00001d002794	1	-0.00042911583670095395	0.00042911583670095395	mCHH	cis	Zm00001d002794	2	22815199	22820094	-	449	0.023328881710767746	0.0
agri_aa_oil__Kernernumberperrow	methwin__mCHH__cis__Zm00001d002796	1	-0.0004265995559333464	0.0004265995559333464	mCHH	cis	Zm00001d002796	2	22828445	22832747	-	450	0.023328881710767746	0.0
agri_aa_oil__Kernernumberperrow	methwin__mCG__cis__Zm00001d025615	1	-0.0002984107821860627	0.0002984107821860627	mCG	cis	Zm00001d025615	10	123993115	123994083	-	269	0.16500191390514374	0.0
agri_aa_oil__Kernernumberperrow	methwin__mCHG__promoter__Zm00001d048939	1	0.00021651013281599065	0.00021651013281599065	mCHG	promoter	Zm00001d048939	4	9751743	9752306	+	165	0.122111976146698	0.0
agri_aa_oil__Kernernumberperrow	methwin__mCHH__promoter__Zm00001d004053	1	5.898942406598135e-05	5.898942406598135e-05	mCHH	promoter	Zm00001d004053	2	79773043	79793069	+	208	0.02165331318974495	0.0
agri_aa_oil__Kernernumberperrow	methwin__mCG__promoter__Zm00001d041801	1	-2.5275152071364386e-05	2.5275152071364386e-05	mCG	promoter	Zm00001d041801	3	138805652	138811523	+	426	0.13779300451278687	0.0
agri_aa_oil__Kernernumberperrow	methwin__mCHH__cis__Zm00001d012429	1	1.0943836848460002e-06	1.0943836848460002e-06	mCHH	cis	Zm00001d012429	8	174355901	174357929	-	415	0.024251142516732216	0.0
agri_aa_oil__Kernernumberperrow	methwin__mCHH__cis__Zm00001d012431	1	6.984167236269378e-07	6.984167236269378e-07	mCHH	cis	Zm00001d012431	8	174365005	174365895	-	416	0.024251142516732216	0.0
agri_aa_oil__Kernernumberperrow	methwin__mCG__gene__Zm00001d041801	1	-4.3249873153817894e-07	4.3249873153817894e-07	mCG	gene	Zm00001d041801	3	138805652	138811523	+	310	0.13779300451278687	0.0
agri_aa_oil__Kernernumberperrow	methwin__mCHH__promoter__Zm00001d012430	1	3.3035573501315536e-07	3.3035573501315536e-07	mCHH	promoter	Zm00001d012430	8	174360496	174361131	+	170	0.024251142516732216	0.0
agri_aa_oil__Kernernumberperrow	methwin__mCHH__promoter__Zm00001d012429	1	9.546183197445437e-08	9.546183197445437e-08	mCHH	promoter	Zm00001d012429	8	174355901	174357929	-	169	0.024251142516732216	0.0
agri_aa_oil__Kernernumberperrow	methwin__mCHH__cis__Zm00001d012430	1	2.6775865988808327e-08	2.6775865988808327e-08	mCHH	cis	Zm00001d012430	8	174360496	174361131	+	417	0.024251142516732216	0.0
agri_aa_oil__Oil_C16_1	methwin__mCG__gene__Zm00001d006404	5	-0.0552558628390151	0.0552558628390151	mCG	gene	Zm00001d006404	2	206800179	206801074	+	360	0.13336938619613647	0.0
agri_aa_oil__Oil_C16_1	methwin__mCHG__gene__Zm00001d011105	5	-0.031290461180302306	0.031290461180302306	mCHG	gene	Zm00001d011105	8	139096722	139098059	-	176	0.12065449357032776	0.0
agri_aa_oil__Oil_C16_1	methwin__mCHG__promoter__Zm00001d011107	5	-0.03129030545843463	0.03129030545843463	mCHG	promoter	Zm00001d011107	8	139097487	139098598	+	185	0.12065449357032776	0.0
agri_aa_oil__Oil_C16_1	methwin__mCHH__promoter__Zm00001d046626	5	0.02962102149146186	0.02962102149146186	mCHH	promoter	Zm00001d046626	9	99598556	99602330	+	13	0.06164690479636192	0.0
agri_aa_oil__Oil_C16_1	methwin__mCHH__cis__Zm00001d046626	5	0.029620322570806334	0.029620322570806334	mCHH	cis	Zm00001d046626	9	99598556	99602330	+	28	0.06164690479636192	0.0
agri_aa_oil__Oil_C16_1	methwin__mCHH__cis__Zm00001d046627	5	0.029620210781877564	0.029620210781877564	mCHH	cis	Zm00001d046627	9	99606470	99609464	+	27	0.06164690479636192	0.0
agri_aa_oil__Oil_C16_1	methwin__mCG__gene__Zm00001d050254	5	-0.028741858750647366	0.028741858750647366	mCG	gene	Zm00001d050254	4	76616970	76627079	+	401	0.13043105602264404	0.0
agri_aa_oil__Oil_C16_1	methwin__mCG__cis__Zm00001d041565	5	-0.024243520008358964	0.024243520008358964	mCG	cis	Zm00001d041565	3	127284443	127285976	+	392	0.15978552401065826	0.0
agri_aa_oil__Oil_C16_1	methwin__mCG__promoter__Zm00001d037768	5	0.020324554960803192	0.020324554960803192	mCG	promoter	Zm00001d037768	6	136796927	136798665	-	300	0.14650744199752808	0.0
agri_aa_oil__Oil_C16_1	methwin__mCHH__cis__Zm00001d025589	5	0.014789776525632153	0.014789776525632153	mCHH	cis	Zm00001d025589	10	123303091	123307977	-	20	0.06703244894742966	0.0
agri_aa_oil__Oil_C16_1	methwin__mCHH__cis__Zm00001d025588	5	0.014787486370010077	0.014787486370010077	mCHH	cis	Zm00001d025588	10	123299914	123302351	-	19	0.06703244894742966	0.0
agri_aa_oil__Oil_C16_1	methwin__mCHH__cis__Zm00001d025587	5	0.01478644054004739	0.01478644054004739	mCHH	cis	Zm00001d025587	10	123297388	123299277	-	21	0.06703244894742966	0.0
agri_aa_oil__Oil_C16_1	methwin__mCHH__promoter__Zm00001d025589	5	0.014784521549766944	0.014784521549766944	mCHH	promoter	Zm00001d025589	10	123303091	123307977	-	9	0.06703244894742966	0.0
agri_aa_oil__Oil_C16_1	methwin__mCHG__cis__Zm00001d037158	5	0.006019564933316268	0.006019564933316268	mCHG	cis	Zm00001d037158	6	114233341	114234231	+	95	0.1450468897819519	0.0
agri_aa_oil__Oil_C16_1	methwin__mCG__gene__Zm00001d009013	4	-0.04268434701842208	0.04268434701842208	mCG	gene	Zm00001d009013	8	30167000	30168835	-	461	0.12575295567512512	0.0
agri_aa_oil__Oil_C16_1	methwin__mCHG__promoter__Zm00001d052520	4	-0.04251031485946104	0.04251031485946104	mCHG	promoter	Zm00001d052520	4	191984692	191985651	+	225	0.11719036102294922	0.0
agri_aa_oil__Oil_C16_1	methwin__mCHH__promoter__Zm00001d020323	4	0.040348136355441586	0.040348136355441586	mCHH	promoter	Zm00001d020323	7	106545162	106546385	+	231	0.01993299461901188	0.0
agri_aa_oil__Oil_C16_1	methwin__mCHH__cis__Zm00001d036564	4	-0.03214242939396275	0.03214242939396275	mCHH	cis	Zm00001d036564	6	92506962	92508996	-	85	0.04469054192304611	0.0
agri_aa_oil__Oil_C16_1	methwin__mCHH__promoter__Zm00001d036564	4	-0.03214170450376822	0.03214170450376822	mCHH	promoter	Zm00001d036564	6	92506962	92508996	-	38	0.04469054192304611	0.0
agri_aa_oil__Oil_C16_1	methwin__mCG__promoter__Zm00001d003791	4	-0.03129694254803136	0.03129694254803136	mCG	promoter	Zm00001d003791	2	59470932	59473694	-	22	0.18583939969539642	0.0
agri_aa_oil__Oil_C16_1	methwin__mCG__cis__Zm00001d003791	4	-0.031296674709440586	0.031296674709440586	mCG	cis	Zm00001d003791	2	59470932	59473694	-	50	0.18583939969539642	0.0
agri_aa_oil__Oil_C16_1	methwin__mCG__promoter__Zm00001d029071	4	-0.02864007705601939	0.02864007705601939	mCG	promoter	Zm00001d029071	1	57045275	57045843	+	414	0.13839122653007507	0.0
agri_aa_oil__Oil_C16_1	methwin__mCHG__gene__Zm00001d011300	4	-0.020634279182769538	0.020634279182769538	mCHG	gene	Zm00001d011300	8	146136810	146145088	-	281	0.11232269555330276	0.0
agri_aa_oil__Oil_C16_1	methwin__mCHH__cis__Zm00001d025980	4	-0.01642598311595583	0.01642598311595583	mCHH	cis	Zm00001d025980	10	135233565	135243356	-	49	0.05008656531572342	0.0
agri_aa_oil__Oil_C16_1	methwin__mCHH__gene__Zm00001d025980	4	-0.016423522662184168	0.016423522662184168	mCHH	gene	Zm00001d025980	10	135233565	135243356	-	7	0.05008656531572342	0.0
agri_aa_oil__Oil_C16_1	methwin__mCHH__gene__Zm00001d018731	3	0.07298132084475424	0.07298132084475424	mCHH	gene	Zm00001d018731	7	3330940	3335717	+	127	0.009950662031769753	0.0
agri_aa_oil__Oil_C16_1	methwin__mCHH__cis__Zm00001d024486	3	0.053370314886796055	0.053370314886796055	mCHH	cis	Zm00001d024486	10	73708902	73712703	-	261	0.030276581645011902	0.0
agri_aa_oil__Oil_C16_1	methwin__mCG__promoter__Zm00001d052230	3	0.05281292561656395	0.05281292561656395	mCG	promoter	Zm00001d052230	4	184114356	184118862	+	446	0.13628001511096954	0.0
agri_aa_oil__Oil_C16_1	methwin__mCG__gene__Zm00001d043469	3	0.04251666098132823	0.04251666098132823	mCG	gene	Zm00001d043469	3	201083349	201088576	-	356	0.13378237187862396	0.0
agri_aa_oil__Oil_C16_1	methwin__mCG__gene__Zm00001d002086	3	0.040070789905982715	0.040070789905982715	mCG	gene	Zm00001d002086	2	5771336	5775212	+	301	0.1382223218679428	0.0
agri_aa_oil__Oil_C16_1	methwin__mCHG__promoter__Zm00001d004366	3	0.033831084051717385	0.033831084051717385	mCHG	promoter	Zm00001d004366	2	106628660	106630400	-	221	0.11756130307912827	0.0
agri_aa_oil__Oil_C16_1	methwin__mCHH__gene__Zm00001d030554	3	0.03255608857756032	0.03255608857756032	mCHH	gene	Zm00001d030554	1	143495759	143510908	-	169	0.008125745691359043	0.0
agri_aa_oil__Oil_C16_1	methwin__mCG__cis__Zm00001d030591	3	-0.030580457177780764	0.030580457177780764	mCG	cis	Zm00001d030591	1	146989290	146991727	+	410	0.15905727446079254	0.0
agri_aa_oil__Oil_C16_1	methwin__mCG__cis__Zm00001d053245	3	0.028955451271518787	0.028955451271518787	mCG	cis	Zm00001d053245	4	221815416	221833216	-	56	0.1826561540365219	0.0
agri_aa_oil__Oil_C16_1	methwin__mCHH__promoter__Zm00001d024505	3	0.028874993899755907	0.028874993899755907	mCHH	promoter	Zm00001d024505	10	74756584	74774103	+	293	0.016416169703006744	0.0
agri_aa_oil__Oil_C16_1	methwin__mCHH__promoter__Zm00001d023732	3	0.02515521201170119	0.02515521201170119	mCHH	promoter	Zm00001d023732	10	17744759	17761320	+	203	0.021851273253560066	0.0
agri_aa_oil__Oil_C16_1	methwin__mCHH__cis__Zm00001d049242	3	-0.024653051477553405	0.024653051477553405	mCHH	cis	Zm00001d049242	4	22485112	22485966	+	107	0.04085427522659302	0.0
agri_aa_oil__Oil_C16_1	methwin__mCG__cis__Zm00001d049848	3	-0.02390696008196548	0.02390696008196548	mCG	cis	Zm00001d049848	4	47630938	47634078	+	111	0.17689985036849976	0.0
agri_aa_oil__Oil_C16_1	methwin__mCG__promoter__Zm00001d015440	3	0.020929956072002792	0.020929956072002792	mCG	promoter	Zm00001d015440	5	90267647	90277773	-	77	0.16953438520431519	0.0
agri_aa_oil__Oil_C16_1	methwin__mCG__gene__Zm00001d015440	3	0.020927884628249616	0.020927884628249616	mCG	gene	Zm00001d015440	5	90267647	90277773	-	49	0.16953438520431519	0.0
agri_aa_oil__Oil_C16_1	methwin__mCG__cis__Zm00001d015440	3	0.020922299375954734	0.020922299375954734	mCG	cis	Zm00001d015440	5	90267647	90277773	-	210	0.16953438520431519	0.0
agri_aa_oil__Oil_C16_1	methwin__mCHH__promoter__Zm00001d029807	3	0.020917151507485382	0.020917151507485382	mCHH	promoter	Zm00001d029807	1	87791009	87793139	+	297	0.016268404200673103	0.0
agri_aa_oil__Oil_C16_1	methwin__mCHH__gene__Zm00001d030557	3	-0.020240298462719627	0.020240298462719627	mCHH	gene	Zm00001d030557	1	143971165	143976422	+	148	0.009042765945196152	0.0
agri_aa_oil__Oil_C16_1	methwin__mCHG__gene__Zm00001d011488	3	-0.01898879423986532	0.01898879423986532	mCHG	gene	Zm00001d011488	8	152107228	152107913	+	57	0.13854750990867615	0.0
agri_aa_oil__Oil_C16_1	methwin__mCHG__promoter__Zm00001d019590	3	-0.01627281549095883	0.01627281549095883	mCHG	promoter	Zm00001d019590	7	45047045	45047560	-	186	0.12063121795654297	0.0
agri_aa_oil__Oil_C16_1	methwin__mCHG__promoter__Zm00001d040673	3	0.016183472752028263	0.016183472752028263	mCHG	promoter	Zm00001d040673	3	57203920	57204860	-	405	0.10490470379590988	0.0
agri_aa_oil__Oil_C16_1	methwin__mCHG__promoter__Zm00001d040674	3	0.01617845313461697	0.01617845313461697	mCHG	promoter	Zm00001d040674	3	57206032	57206889	-	404	0.10490470379590988	0.0
agri_aa_oil__Oil_C16_1	methwin__mCHG__gene__Zm00001d040674	3	0.01617840974420222	0.01617840974420222	mCHG	gene	Zm00001d040674	3	57206032	57206889	-	376	0.10490470379590988	0.0
agri_aa_oil__Oil_C16_1	methwin__mCHG__promoter__Zm00001d041692	3	0.014973794792587841	0.014973794792587841	mCHG	promoter	Zm00001d041692	3	133565973	133578456	+	487	0.10048479586839676	0.0
agri_aa_oil__Oil_C16_1	methwin__mCHG__promoter__Zm00001d003791	3	-0.012547668462449153	0.012547668462449153	mCHG	promoter	Zm00001d003791	2	59470932	59473694	-	152	0.12368081510066986	0.0
agri_aa_oil__Oil_C16_1	methwin__mCHG__promoter__Zm00001d025114	3	0.01194461129914609	0.01194461129914609	mCHG	promoter	Zm00001d025114	10	104939489	104941668	-	414	0.10458316653966904	0.0
agri_aa_oil__Oil_C16_1	methwin__mCHH__cis__Zm00001d034957	3	-0.010836735271373419	0.010836735271373419	mCHH	cis	Zm00001d034957	1	306770166	306782324	-	70	0.04660908505320549	0.0
agri_aa_oil__Oil_C16_1	methwin__mCHH__promoter__Zm00001d034957	3	-0.01083672124504051	0.01083672124504051	mCHH	promoter	Zm00001d034957	1	306770166	306782324	-	31	0.04660908505320549	0.0
agri_aa_oil__Oil_C16_1	methwin__mCHH__cis__Zm00001d032836	3	0.003921714886700799	0.00460367322248055	mCHH	cis	Zm00001d032836	1	239713596	239715570	+	412	0.024396661669015884	0.0
agri_aa_oil__Oil_C16_1	methwin__mCHH__promoter__Zm00001d032838	3	0.003915298535577473	0.004603198535757579	mCHH	promoter	Zm00001d032838	1	239723350	239724517	-	167	0.024396661669015884	0.0
agri_aa_oil__Oil_C16_1	methwin__mCHH__cis__Zm00001d032837	3	0.003918973660931936	0.004600664874630481	mCHH	cis	Zm00001d032837	1	239718927	239720863	+	410	0.024396661669015884	0.0
agri_aa_oil__Oil_C16_1	methwin__mCHH__cis__Zm00001d032838	3	0.003921050458707335	0.004600393205678147	mCHH	cis	Zm00001d032838	1	239723350	239724517	-	411	0.024396661669015884	0.0
agri_aa_oil__Oil_C16_1	methwin__mCHH__cis__Zm00001d023906	3	-0.0013755230730936815	0.004534233364308537	mCHH	cis	Zm00001d023906	10	27456859	27465326	-	166	0.03575637564063072	0.0
agri_aa_oil__Oil_C16_1	methwin__mCHH__gene__Zm00001d023906	3	-0.0013738396995441593	0.004532192072719268	mCHH	gene	Zm00001d023906	10	27456859	27465326	-	11	0.03575637564063072	0.0
agri_aa_oil__Oil_C16_1	methwin__mCHH__cis__Zm00001d023907	3	-0.0013803473452727508	0.004530483862476341	mCHH	cis	Zm00001d023907	10	27464895	27466265	-	167	0.03575637564063072	0.0
agri_aa_oil__Oil_C16_1	methwin__mCG__gene__Zm00001d024041	2	-0.0988228694125681	0.0988228694125681	mCG	gene	Zm00001d024041	10	39073197	39078744	-	174	0.14941470324993134	0.0
agri_aa_oil__Oil_C16_1	methwin__mCG__promoter__Zm00001d018769	2	0.06986594258352918	0.06986594258352918	mCG	promoter	Zm00001d018769	7	4714056	4715234	-	472	0.13493940234184265	0.0
agri_aa_oil__Oil_C16_1	methwin__mCHG__cis__Zm00001d005609	2	-0.062023208085801626	0.062023208085801626	mCHG	cis	Zm00001d005609	2	180648852	180649904	+	247	0.1342664659023285	0.0
agri_aa_oil__Oil_C16_1	methwin__mCHG__promoter__Zm00001d042524	2	-0.06090452633534425	0.06090452633534425	mCHG	promoter	Zm00001d042524	3	170605990	170606606	-	246	0.11613687127828598	0.0
agri_aa_oil__Oil_C16_1	methwin__mCG__cis__Zm00001d030261	2	-0.0564437158227289	0.0564437158227289	mCG	cis	Zm00001d030261	1	117216448	117216960	+	1	0.20386846363544464	0.0
agri_aa_oil__Oil_C16_1	methwin__mCHG__cis__Zm00001d039750	2	-0.04978202108389557	0.04978202108389557	mCHG	cis	Zm00001d039750	3	13772095	13776752	-	242	0.13443602621555328	0.0
agri_aa_oil__Oil_C16_1	methwin__mCHG__gene__Zm00001d039327	2	0.04914534673755024	0.04914534673755024	mCHG	gene	Zm00001d039327	3	1953626	1957132	-	490	0.09923573583364487	0.0
agri_aa_oil__Oil_C16_1	methwin__mCHG__promoter__Zm00001d025312	2	0.044621457580665616	0.044621457580665616	mCHG	promoter	Zm00001d025312	10	113976307	113978545	+	149	0.12371351569890976	0.0
agri_aa_oil__Oil_C16_1	methwin__mCG__cis__Zm00001d005609	2	-0.04349575997665228	0.04349575997665228	mCG	cis	Zm00001d005609	2	180648852	180649904	+	236	0.167720764875412	0.0
agri_aa_oil__Oil_C16_1	methwin__mCHH__promoter__Zm00001d050463	2	0.043096253774785355	0.043096253774785355	mCHH	promoter	Zm00001d050463	4	90402428	90420961	-	387	0.013287235982716084	0.0
agri_aa_oil__Oil_C16_1	methwin__mCHG__cis__Zm00001d005905	2	-0.04283189423585376	0.04283189423585376	mCHG	cis	Zm00001d005905	2	192376325	192377383	-	356	0.12928389012813568	0.0
agri_aa_oil__Oil_C16_1	methwin__mCG__gene__Zm00001d002640	2	-0.042108625496579885	0.042108625496579885	mCG	gene	Zm00001d002640	2	17710877	17738889	+	437	0.12695667147636414	0.0
agri_aa_oil__Oil_C16_1	methwin__mCG__cis__Zm00001d010982	2	0.031189726983265872	0.031189726983265872	mCG	cis	Zm00001d010982	8	135759694	135764370	-	485	0.1567579209804535	0.0
agri_aa_oil__Oil_C16_1	methwin__mCG__cis__Zm00001d010979	2	0.031188783497940072	0.031188783497940072	mCG	cis	Zm00001d010979	8	135745019	135745616	-	486	0.1567579209804535	0.0
agri_aa_oil__Oil_C16_1	methwin__mCHG__gene__Zm00001d037392	2	-0.03096442412194858	0.03096442412194858	mCHG	gene	Zm00001d037392	6	124189352	124195253	+	297	0.11100456863641739	0.0
agri_aa_oil__Oil_C16_1	methwin__mCG__gene__Zm00001d011488	2	0.022894798504333243	0.030961443465711336	mCG	gene	Zm00001d011488	8	152107228	152107913	+	147	0.15268437564373016	0.0
agri_aa_oil__Oil_C16_1	methwin__mCHG__gene__Zm00001d043360	2	-0.027804810820668716	0.027804810820668716	mCHG	gene	Zm00001d043360	3	197670387	197686901	-	352	0.10704267770051956	0.0
agri_aa_oil__Oil_C16_1	methwin__mCHH__gene__Zm00001d047989	2	-0.02767497967542699	0.02767497967542699	mCHH	gene	Zm00001d047989	9	147322757	147334539	+	19	0.026782618835568428	0.0
agri_aa_oil__Oil_C16_1	methwin__mCHG__promoter__Zm00001d040449	2	0.026656499004999723	0.026656499004999723	mCHG	promoter	Zm00001d040449	3	43825329	43828852	-	227	0.11697714775800705	0.0
agri_aa_oil__Oil_C16_1	methwin__mCHG__promoter__Zm00001d052679	2	-0.025830818816588125	0.025830818816588125	mCHG	promoter	Zm00001d052679	4	197090974	197093276	-	293	0.11243798583745956	0.0
agri_aa_oil__Oil_C16_1	methwin__mCG__promoter__Zm00001d053529	2	0.025277391176108156	0.025277391176108156	mCG	promoter	Zm00001d053529	4	233146713	233146949	-	264	0.14943060278892517	0.0
agri_aa_oil__Oil_C16_1	methwin__mCG__gene__Zm00001d053529	2	0.0252766802152861	0.0252766802152861	mCG	gene	Zm00001d053529	4	233146713	233146949	-	173	0.14943060278892517	0.0
agri_aa_oil__Oil_C16_1	methwin__mCHH__promoter__Zm00001d047812	2	-0.024503897588321985	0.024503897588321985	mCHH	promoter	Zm00001d047812	9	142388915	142393403	-	148	0.025732295587658882	0.0
agri_aa_oil__Oil_C16_1	methwin__mCHH__cis__Zm00001d047812	2	-0.024503258539040097	0.024503258539040097	mCHH	cis	Zm00001d047812	9	142388915	142393403	-	368	0.025732295587658882	0.0
agri_aa_oil__Oil_C16_1	methwin__mCHG__promoter__Zm00001d009840	2	-0.023466658559854598	0.023466658559854598	mCHG	promoter	Zm00001d009840	8	84651735	84665315	+	148	0.1237182691693306	0.0
agri_aa_oil__Oil_C16_1	methwin__mCG__promoter__Zm00001d044212	2	-0.02313613480318421	0.02313613480318421	mCG	promoter	Zm00001d044212	3	221942241	221944571	+	354	0.1431393325328827	0.0
agri_aa_oil__Oil_C16_1	methwin__mCG__promoter__Zm00001d002136	2	-0.02297870615937667	0.02297870615937667	mCG	promoter	Zm00001d002136	2	6496902	6497840	-	285	0.14808617532253265	0.0
agri_aa_oil__Oil_C16_1	methwin__mCG__promoter__Zm00001d042171	2	-0.02267826706030462	0.02267826706030462	mCG	promoter	Zm00001d042171	3	154796683	154797198	-	229	0.1520165055990219	0.0
agri_aa_oil__Oil_C16_1	methwin__mCG__gene__Zm00001d042171	2	-0.022677690099835984	0.022677690099835984	mCG	gene	Zm00001d042171	3	154796683	154797198	-	152	0.1520165055990219	0.0
agri_aa_oil__Oil_C16_1	methwin__mCHG__cis__Zm00001d009512	2	-0.02131449003863214	0.02131449003863214	mCHG	cis	Zm00001d009512	8	68438316	68444733	-	217	0.13562646508216858	0.0
agri_aa_oil__Oil_C16_1	methwin__mCHG__cis__Zm00001d009513	2	-0.021314409847162128	0.021314409847162128	mCHG	cis	Zm00001d009513	8	68444741	68451485	-	218	0.13562646508216858	0.0
agri_aa_oil__Oil_C16_1	methwin__mCHH__cis__Zm00001d002783	2	0.02050960756932966	0.02050960756932966	mCHH	cis	Zm00001d002783	2	22579624	22583090	+	182	0.034600116312503815	0.0
agri_aa_oil__Oil_C16_1	methwin__mCHG__gene__Zm00001d032944	2	0.019468214496328018	0.019468214496328018	mCHG	gene	Zm00001d032944	1	244267423	244291732	+	171	0.12114031612873077	0.0
agri_aa_oil__Oil_C16_1	methwin__mCG__promoter__Zm00001d011107	2	-0.018854139524269408	0.018854139524269408	mCG	promoter	Zm00001d011107	8	139097487	139098598	+	366	0.14214889705181122	0.0
agri_aa_oil__Oil_C16_1	methwin__mCG__gene__Zm00001d011105	2	-0.018851411916203577	0.018851411916203577	mCG	gene	Zm00001d011105	8	139096722	139098059	-	259	0.14214889705181122	0.0
agri_aa_oil__Oil_C16_1	methwin__mCHH__cis__Zm00001d032664	2	0.018583700738094497	0.018583700738094497	mCHH	cis	Zm00001d032664	1	233548082	233551762	-	203	0.033618126064538956	0.0
agri_aa_oil__Oil_C16_1	methwin__mCHG__gene__Zm00001d009483	2	-0.01829769158602289	0.01829769158602289	mCHG	gene	Zm00001d009483	8	66880016	66880399	-	295	0.11128297448158264	0.0
agri_aa_oil__Oil_C16_1	methwin__mCHG__promoter__Zm00001d009483	2	-0.018296537788944953	0.018296537788944953	mCHG	promoter	Zm00001d009483	8	66880016	66880399	-	313	0.11128297448158264	0.0
agri_aa_oil__Oil_C16_1	methwin__mCHG__gene__Zm00001d011680	2	0.017799222688339823	0.017799222688339823	mCHG	gene	Zm00001d011680	8	158512216	158527236	-	283	0.11222295463085175	0.0
agri_aa_oil__Oil_C16_1	methwin__mCG__gene__Zm00001d031002	2	-0.017798249448275204	0.017798249448275204	mCG	gene	Zm00001d031002	1	172832218	172839410	-	295	0.13877259194850922	0.0
agri_aa_oil__Oil_C16_1	methwin__mCHH__gene__Zm00001d030533	2	-0.017440319279859264	0.017440319279859264	mCHH	gene	Zm00001d030533	1	142260864	142278394	-	376	0.0044015240855515	0.0
agri_aa_oil__Oil_C16_1	methwin__mCHH__gene__Zm00001d043360	2	-0.016704710952855424	0.016704710952855424	mCHH	gene	Zm00001d043360	3	197670387	197686901	-	243	0.0064193690195679665	0.0
agri_aa_oil__Oil_C16_1	methwin__mCHH__promoter__Zm00001d030090	2	-0.015911333693239466	0.015911333693239466	mCHH	promoter	Zm00001d030090	1	104849146	104852816	+	120	0.02791150100529194	0.0
agri_aa_oil__Oil_C16_1	methwin__mCHH__cis__Zm00001d030090	2	-0.01590999572487501	0.01590999572487501	mCHH	cis	Zm00001d030090	1	104849146	104852816	+	301	0.02791150100529194	0.0
agri_aa_oil__Oil_C16_1	methwin__mCG__promoter__Zm00001d041692	2	0.014037906507395264	0.014037906507395264	mCG	promoter	Zm00001d041692	3	133565973	133578456	+	241	0.15105168521404266	0.0
agri_aa_oil__Oil_C16_1	methwin__mCHG__promoter__Zm00001d010462	2	-0.013865498277915184	0.013865498277915184	mCHG	promoter	Zm00001d010462	8	116428681	116443993	+	189	0.12055722624063492	0.0
agri_aa_oil__Oil_C16_1	methwin__mCG__cis__Zm00001d033087	2	0.011732947114118058	0.011732947114118058	mCG	cis	Zm00001d033087	1	249987293	249989041	+	411	0.1590449959039688	0.0
agri_aa_oil__Oil_C16_1	methwin__mCG__promoter__Zm00001d033087	2	0.011732293921515974	0.011732293921515974	mCG	promoter	Zm00001d033087	1	249987293	249989041	+	158	0.1590449959039688	0.0
agri_aa_oil__Oil_C16_1	methwin__mCHH__gene__Zm00001d046020	2	0.011556867428189855	0.011556867428189855	mCHH	gene	Zm00001d046020	9	55668151	55690229	-	473	0.0029738699086010456	0.0
agri_aa_oil__Oil_C16_1	methwin__mCHG__promoter__Zm00001d049531	2	-0.011196147636225538	0.011196147636225538	mCHG	promoter	Zm00001d049531	4	33410133	33414086	+	475	0.10132785886526108	0.0
agri_aa_oil__Oil_C16_1	methwin__mCHG__gene__Zm00001d049530	2	-0.011192037108165635	0.011192037108165635	mCHG	gene	Zm00001d049530	4	33409847	33410188	-	458	0.10132785886526108	0.0
agri_aa_oil__Oil_C16_1	methwin__mCHG__promoter__Zm00001d049530	2	-0.011167482444432915	0.011167482444432915	mCHG	promoter	Zm00001d049530	4	33409847	33410188	-	474	0.10132785886526108	0.0
agri_aa_oil__Oil_C16_1	methwin__mCHG__gene__Zm00001d049531	2	-0.011148736025746574	0.011148736025746574	mCHG	gene	Zm00001d049531	4	33410133	33414086	+	459	0.10132785886526108	0.0
agri_aa_oil__Oil_C16_1	methwin__mCHG__gene__Zm00001d015440	2	0.009643467400090804	0.009643467400090804	mCHG	gene	Zm00001d015440	5	90267647	90277773	-	201	0.11818850785493851	0.0
agri_aa_oil__Oil_C16_1	methwin__mCHG__promoter__Zm00001d015440	2	0.009630875438108819	0.009630875438108819	mCHG	promoter	Zm00001d015440	5	90267647	90277773	-	215	0.11818850785493851	0.0
agri_aa_oil__Oil_C16_1	methwin__mCG__gene__Zm00001d043360	2	-0.009153139850035281	0.009153139850035281	mCG	gene	Zm00001d043360	3	197670387	197686901	-	451	0.12631641328334808	0.0
agri_aa_oil__Oil_C16_1	methwin__mCHG__promoter__Zm00001d009177	2	0.008989425766706891	0.008989425766706891	mCHG	promoter	Zm00001d009177	8	41086584	41090905	+	348	0.10865887254476547	0.0
agri_aa_oil__Oil_C16_1	methwin__mCHG__promoter__Zm00001d023327	2	-0.008634983998118096	0.008634983998118096	mCHG	promoter	Zm00001d023327	10	3460713	3479462	-	23	0.14866769313812256	0.0
agri_aa_oil__Oil_C16_1	methwin__mCHG__cis__Zm00001d023327	2	-0.008634891685893435	0.008634891685893435	mCHG	cis	Zm00001d023327	10	3460713	3479462	-	68	0.14866769313812256	0.0
agri_aa_oil__Oil_C16_1	methwin__mCHH__promoter__Zm00001d014467	2	0.008440862997849607	0.008440862997849607	mCHH	promoter	Zm00001d014467	5	49119308	49122774	+	87	0.03282822668552399	0.0
agri_aa_oil__Oil_C16_1	methwin__mCHH__cis__Zm00001d014467	2	0.008439609530324086	0.008439609530324086	mCHH	cis	Zm00001d014467	5	49119308	49122774	+	217	0.03282822668552399	0.0
agri_aa_oil__Oil_C16_1	methwin__mCG__gene__Zm00001d024558	2	0.008018678490906402	0.008018678490906402	mCG	gene	Zm00001d024558	10	78187147	78188241	+	20	0.17622222006320953	0.0
agri_aa_oil__Oil_C16_1	methwin__mCG__cis__Zm00001d024558	2	0.008018276654741068	0.008018276654741068	mCG	cis	Zm00001d024558	10	78187147	78188241	+	121	0.17622222006320953	0.0
agri_aa_oil__Oil_C16_1	methwin__mCG__gene__Zm00001d049530	2	-0.007156283600033188	0.007156283600033188	mCG	gene	Zm00001d049530	4	33409847	33410188	-	382	0.131540447473526	0.0
agri_aa_oil__Oil_C16_1	methwin__mCG__gene__Zm00001d049531	2	-0.007140081212838472	0.007140081212838472	mCG	gene	Zm00001d049531	4	33410133	33414086	+	383	0.131540447473526	0.0
agri_aa_oil__Oil_C16_1	methwin__mCG__promoter__Zm00001d009840	2	-0.00671668460796165	0.00671668460796165	mCG	promoter	Zm00001d009840	8	84651735	84665315	+	362	0.14234291017055511	0.0
agri_aa_oil__Oil_C16_1	methwin__mCG__promoter__Zm00001d013974	2	0.0037750240643085638	0.0037750240643085638	mCG	promoter	Zm00001d013974	5	26879914	26881252	-	184	0.15636354684829712	0.0
agri_aa_oil__Oil_C16_1	methwin__mCG__cis__Zm00001d013974	2	0.0037741009348510653	0.0037741009348510653	mCG	cis	Zm00001d013974	5	26879914	26881252	-	496	0.15636354684829712	0.0
agri_aa_oil__Oil_C16_1	methwin__mCHH__cis__Zm00001d008859	2	-0.0013383572121576227	0.0013383572121576227	mCHH	cis	Zm00001d008859	8	22870098	22873800	-	499	0.022259419783949852	0.0
agri_aa_oil__Oil_C16_1	methwin__mCHH__cis__Zm00001d008858	2	-0.0013356529605688741	0.0013356529605688741	mCHH	cis	Zm00001d008858	8	22865173	22869630	+	498	0.022259419783949852	0.0
agri_aa_oil__Oil_C16_1	methwin__mCG__gene__Zm00001d038646	1	0.14232602080097437	0.14232602080097437	mCG	gene	Zm00001d038646	6	161644067	161647957	-	369	0.13249267637729645	0.0
agri_aa_oil__Oil_C16_1	methwin__mCG__gene__Zm00001d025878	1	-0.0844734508062657	0.0844734508062657	mCG	gene	Zm00001d025878	10	132464677	132466272	-	433	0.1275738626718521	0.0
agri_aa_oil__Oil_C16_1	methwin__mCG__promoter__Zm00001d049999	1	-0.07914737905587112	0.07914737905587112	mCG	promoter	Zm00001d049999	4	58832562	58834551	+	230	0.15191079676151276	0.0
agri_aa_oil__Oil_C16_1	methwin__mCHH__gene__Zm00001d038587	1	0.07893803452427532	0.07893803452427532	mCHH	gene	Zm00001d038587	6	160544943	160563220	-	447	0.0032902660313993692	0.0
agri_aa_oil__Oil_C16_1	methwin__mCHG__promoter__Zm00001d042640	1	0.07383589540637185	0.07383589540637185	mCHG	promoter	Zm00001d042640	3	174982548	174991140	+	347	0.10869619250297546	0.0
agri_aa_oil__Oil_C16_1	methwin__mCG__gene__Zm00001d051959	1	0.07161671839598982	0.07161671839598982	mCG	gene	Zm00001d051959	4	175347420	175358199	+	139	0.15376363694667816	0.0
agri_aa_oil__Oil_C16_1	methwin__mCHH__gene__Zm00001d022146	1	0.06130676846570195	0.06130676846570195	mCHH	gene	Zm00001d022146	7	171182749	171183795	-	455	0.003250063629820943	0.0
agri_aa_oil__Oil_C16_1	methwin__mCHH__promoter__Zm00001d010759	1	-0.057632056811589824	0.057632056811589824	mCHH	promoter	Zm00001d010759	8	127187617	127188279	+	207	0.02166721411049366	0.0
agri_aa_oil__Oil_C16_1	methwin__mCHG__cis__Zm00001d033393	1	-0.047024429090049884	0.047024429090049884	mCHG	cis	Zm00001d033393	1	261674974	261681018	-	93	0.14525264501571655	0.0
agri_aa_oil__Oil_C16_1	methwin__mCHG__gene__Zm00001d033393	1	-0.047022167245982766	0.047022167245982766	mCHG	gene	Zm00001d033393	1	261674974	261681018	-	32	0.14525264501571655	0.0
agri_aa_oil__Oil_C16_1	methwin__mCHG__promoter__Zm00001d040906	1	-0.04649291177298735	0.04649291177298735	mCHG	promoter	Zm00001d040906	3	77989126	77989626	+	346	0.10874093323945999	0.0
agri_aa_oil__Oil_C16_1	methwin__mCHG__gene__Zm00001d031467	1	-0.04605316141941022	0.04605316141941022	mCHG	gene	Zm00001d031467	1	191167340	191169614	-	309	0.11007077991962433	0.0
agri_aa_oil__Oil_C16_1	methwin__mCHG__gene__Zm00001d031466	1	-0.04605174674599238	0.04605174674599238	mCHG	gene	Zm00001d031466	1	191167286	191172311	+	308	0.11007077991962433	0.0
agri_aa_oil__Oil_C16_1	methwin__mCHH__gene__Zm00001d033489	1	-0.04506390011786348	0.04506390011786348	mCHH	gene	Zm00001d033489	1	264058393	264060481	+	57	0.016136186197400093	0.0
agri_aa_oil__Oil_C16_1	methwin__mCG__promoter__Zm00001d036151	1	-0.04490194932213735	0.04490194932213735	mCG	promoter	Zm00001d036151	6	74662764	74663198	-	469	0.13514186441898346	0.0
agri_aa_oil__Oil_C16_1	methwin__mCHG__gene__Zm00001d035889	1	-0.044135040061059186	0.044135040061059186	mCHG	gene	Zm00001d035889	6	58509568	58519484	-	198	0.11861858516931534	0.0
agri_aa_oil__Oil_C16_1	methwin__mCHG__cis__Zm00001d042639	1	-0.04352880304820625	0.04352880304820625	mCHG	cis	Zm00001d042639	3	174860172	174893608	-	151	0.13908515870571136	0.0
agri_aa_oil__Oil_C16_1	methwin__mCHG__promoter__Zm00001d042639	1	-0.043525164210424114	0.043525164210424114	mCHG	promoter	Zm00001d042639	3	174860172	174893608	-	41	0.13908515870571136	0.0
agri_aa_oil__Oil_C16_1	methwin__mCHH__promoter__Zm00001d052209	1	0.04345092685462705	0.04345092685462705	mCHH	promoter	Zm00001d052209	4	183315220	183317096	-	140	0.026081524789333344	0.0
agri_aa_oil__Oil_C16_1	methwin__mCG__promoter__Zm00001d022067	1	0.0431865742604859	0.0431865742604859	mCG	promoter	Zm00001d022067	7	169289768	169291428	-	116	0.16341866552829742	0.0
agri_aa_oil__Oil_C16_1	methwin__mCHH__cis__Zm00001d021361	1	0.04194729921076089	0.04194729921076089	mCHH	cis	Zm00001d021361	7	149909966	149910973	-	244	0.03110697492957115	0.0
agri_aa_oil__Oil_C16_1	methwin__mCHH__promoter__Zm00001d021363	1	0.041944777255489896	0.041944777255489896	mCHH	promoter	Zm00001d021363	7	149916057	149920082	-	100	0.03110697492957115	0.0
agri_aa_oil__Oil_C16_1	methwin__mCHH__promoter__Zm00001d035794	1	-0.04110366307020915	0.04110366307020915	mCHH	promoter	Zm00001d035794	6	50312071	50313812	-	288	0.016486242413520813	0.0
agri_aa_oil__Oil_C16_1	methwin__mCHH__promoter__Zm00001d014946	1	-0.040583933578302145	0.040583933578302145	mCHH	promoter	Zm00001d014946	5	69420806	69426955	+	422	0.012261375784873962	0.0
agri_aa_oil__Oil_C16_1	methwin__mCHG__gene__Zm00001d002174	1	0.03968639077389229	0.03968639077389229	mCHG	gene	Zm00001d002174	2	7239862	7249041	+	471	0.10057388991117477	0.0
agri_aa_oil__Oil_C16_1	methwin__mCG__gene__Zm00001d031505	1	0.03911471318995499	0.03911471318995499	mCG	gene	Zm00001d031505	1	192252489	192255152	-	395	0.1310567557811737	0.0
agri_aa_oil__Oil_C16_1	methwin__mCG__cis__Zm00001d032310	1	-0.03876542406230963	0.03876542406230963	mCG	cis	Zm00001d032310	1	221630345	221634888	-	265	0.16556823253631592	0.0
agri_aa_oil__Oil_C16_1	methwin__mCG__gene__Zm00001d032064	1	0.038743259176922264	0.038743259176922264	mCG	gene	Zm00001d032064	1	211140441	211148020	+	205	0.14711131155490875	0.0
agri_aa_oil__Oil_C16_1	methwin__mCHG__gene__Zm00001d005075	1	0.038644899889791605	0.038644899889791605	mCHG	gene	Zm00001d005075	2	157349606	157350700	+	487	0.09946851432323456	0.0
agri_aa_oil__Oil_C16_1	methwin__mCHG__promoter__Zm00001d034336	1	-0.03828865222840451	0.03828865222840451	mCHG	promoter	Zm00001d034336	1	290154656	290159467	+	292	0.11290474981069565	0.0
agri_aa_oil__Oil_C16_1	methwin__mCG__promoter__Zm00001d026108	1	-0.03587873429134322	0.03587873429134322	mCG	promoter	Zm00001d026108	10	138637280	138638487	-	46	0.17612065374851227	0.0
agri_aa_oil__Oil_C16_1	methwin__mCG__cis__Zm00001d026108	1	-0.03587634645892702	0.03587634645892702	mCG	cis	Zm00001d026108	10	138637280	138638487	-	122	0.17612065374851227	0.0
agri_aa_oil__Oil_C16_1	methwin__mCHG__promoter__Zm00001d006173	1	-0.03555915710497541	0.03555915710497541	mCHG	promoter	Zm00001d006173	2	200528093	200529370	-	235	0.11666251718997955	0.0
agri_aa_oil__Oil_C16_1	methwin__mCHG__promoter__Zm00001d040595	1	0.035130022548332675	0.035130022548332675	mCHG	promoter	Zm00001d040595	3	52236536	52237647	+	178	0.12097060680389404	0.0
agri_aa_oil__Oil_C16_1	methwin__mCHG__gene__Zm00001d006462	1	-0.03499396641392935	0.03499396641392935	mCHG	gene	Zm00001d006462	2	208892470	208895849	+	355	0.10692694038152695	0.0
agri_aa_oil__Oil_C16_1	methwin__mCHH__gene__Zm00001d020640	1	0.033345152599117266	0.033345152599117266	mCHH	gene	Zm00001d020640	7	125978833	125998277	+	325	0.005099446512758732	0.0
agri_aa_oil__Oil_C16_1	methwin__mCG__cis__Zm00001d037580	1	-0.03312963675732426	0.03312963675732426	mCG	cis	Zm00001d037580	6	130371261	130381077	-	31	0.19054540991783142	0.0
agri_aa_oil__Oil_C16_1	methwin__mCHG__cis__Zm00001d044016	1	-0.03307462451144617	0.03307462451144617	mCHG	cis	Zm00001d044016	3	216679147	216698259	-	71	0.14838534593582153	0.0
agri_aa_oil__Oil_C16_1	methwin__mCHG__gene__Zm00001d044016	1	-0.03307390167904426	0.03307390167904426	mCHG	gene	Zm00001d044016	3	216679147	216698259	-	23	0.14838534593582153	0.0
agri_aa_oil__Oil_C16_1	methwin__mCHG__gene__Zm00001d031253	1	-0.03286729969966436	0.03286729969966436	mCHG	gene	Zm00001d031253	1	183880314	183892062	-	200	0.11839067190885544	0.0
agri_aa_oil__Oil_C16_1	methwin__mCHH__gene__Zm00001d021142	1	-0.032734936245938845	0.032734936245938845	mCHH	gene	Zm00001d021142	7	143938849	143949787	+	155	0.008623387664556503	0.0
agri_aa_oil__Oil_C16_1	methwin__mCG__gene__Zm00001d009732	1	-0.03266821532164571	0.03266821532164571	mCG	gene	Zm00001d009732	8	78413554	78415125	-	468	0.12533316016197205	0.0
agri_aa_oil__Oil_C16_1	methwin__mCG__cis__Zm00001d049992	1	-0.032597432452381586	0.032597432452381586	mCG	cis	Zm00001d049992	4	58236968	58238266	-	401	0.15923143923282623	0.0
agri_aa_oil__Oil_C16_1	methwin__mCG__promoter__Zm00001d049992	1	-0.03258963508767237	0.03258963508767237	mCG	promoter	Zm00001d049992	4	58236968	58238266	-	153	0.15923143923282623	0.0
agri_aa_oil__Oil_C16_1	methwin__mCG__gene__Zm00001d049992	1	-0.03258851763673657	0.03258851763673657	mCG	gene	Zm00001d049992	4	58236968	58238266	-	101	0.15923143923282623	0.0
agri_aa_oil__Oil_C16_1	methwin__mCHH__gene__Zm00001d022621	1	-0.031280351613350375	0.031280351613350375	mCHH	gene	Zm00001d022621	7	181284971	181293922	-	302	0.005392879247665405	0.0
agri_aa_oil__Oil_C16_1	methwin__mCG__gene__Zm00001d047900	1	0.031035584032505538	0.031035584032505538	mCG	gene	Zm00001d047900	9	144758484	144765002	-	497	0.12335541099309921	0.0
agri_aa_oil__Oil_C16_1	methwin__mCG__gene__Zm00001d050487	1	-0.03097139074725984	0.03097139074725984	mCG	gene	Zm00001d050487	4	92644355	92646442	-	370	0.13249051570892334	0.0
agri_aa_oil__Oil_C16_1	methwin__mCG__promoter__Zm00001d050487	1	-0.030971235072016063	0.030971235072016063	mCG	promoter	Zm00001d050487	4	92644355	92646442	-	490	0.13249051570892334	0.0
agri_aa_oil__Oil_C16_1	methwin__mCHH__gene__Zm00001d009167	1	0.03000439020732706	0.03000439020732706	mCHH	gene	Zm00001d009167	8	40630094	40633047	+	288	0.005581408739089966	0.0
agri_aa_oil__Oil_C16_1	methwin__mCHG__gene__Zm00001d033219	1	0.029430647279947302	0.029430647279947302	mCHG	gene	Zm00001d033219	1	254711019	254712606	-	407	0.10346683859825134	0.0
agri_aa_oil__Oil_C16_1	methwin__mCHG__promoter__Zm00001d033219	1	0.02942886189348237	0.02942886189348237	mCHG	promoter	Zm00001d033219	1	254711019	254712606	-	438	0.10346683859825134	0.0
agri_aa_oil__Oil_C16_1	methwin__mCG__gene__Zm00001d051727	1	0.029026775704291984	0.029026775704291984	mCG	gene	Zm00001d051727	4	168189446	168190057	-	300	0.13838495314121246	0.0
agri_aa_oil__Oil_C16_1	methwin__mCG__promoter__Zm00001d051728	1	0.02902662558655306	0.02902662558655306	mCG	promoter	Zm00001d051728	4	168191065	168193081	+	415	0.13838495314121246	0.0
agri_aa_oil__Oil_C16_1	methwin__mCHH__gene__Zm00001d051998	1	0.028321755740691856	0.028321755740691856	mCHH	gene	Zm00001d051998	4	176207227	176221261	+	261	0.005977352149784565	0.0
agri_aa_oil__Oil_C16_1	methwin__mCHG__gene__Zm00001d004674	1	-0.028013961385943368	0.028013961385943368	mCHG	gene	Zm00001d004674	2	129625308	129627179	+	472	0.10057170689105988	0.0
agri_aa_oil__Oil_C16_1	methwin__mCG__promoter__Zm00001d049641	1	0.027656459299704887	0.027656459299704887	mCG	promoter	Zm00001d049641	4	38551544	38555126	-	53	0.1755785048007965	0.0
agri_aa_oil__Oil_C16_1	methwin__mCHG__gene__Zm00001d048338	1	0.02756553618168685	0.02756553618168685	mCHG	gene	Zm00001d048338	9	154675604	154690065	-	340	0.10785843431949615	0.0
agri_aa_oil__Oil_C16_1	methwin__mCHH__cis__Zm00001d037230	1	-0.027410732585529087	0.027410732585529087	mCHH	cis	Zm00001d037230	6	116986662	116987139	-	391	0.025008242577314377	0.0
agri_aa_oil__Oil_C16_1	methwin__mCHH__promoter__Zm00001d006180	1	0.026494280979779627	0.026494280979779627	mCHH	promoter	Zm00001d006180	2	200830545	200833132	-	217	0.021005943417549133	0.0
agri_aa_oil__Oil_C16_1	methwin__mCG__promoter__Zm00001d030228	1	0.025876463078566156	0.025876463078566156	mCG	promoter	Zm00001d030228	1	114468826	114469290	-	188	0.15618407726287842	0.0
agri_aa_oil__Oil_C16_1	methwin__mCG__gene__Zm00001d030228	1	0.02587589266105221	0.02587589266105221	mCG	gene	Zm00001d030228	1	114468826	114469290	-	120	0.15618407726287842	0.0
agri_aa_oil__Oil_C16_1	methwin__mCG__gene__Zm00001d020187	1	0.025513132230163854	0.025513132230163854	mCG	gene	Zm00001d020187	7	98540988	98545495	+	222	0.14538945257663727	0.0
agri_aa_oil__Oil_C16_1	methwin__mCHH__cis__Zm00001d047540	1	-0.024980051169367808	0.024980051169367808	mCHH	cis	Zm00001d047540	9	134441983	134470690	-	428	0.023976488038897514	0.0
agri_aa_oil__Oil_C16_1	methwin__mCHH__promoter__Zm00001d047540	1	-0.024976538583714892	0.024976538583714892	mCHH	promoter	Zm00001d047540	9	134441983	134470690	-	178	0.023976488038897514	0.0
agri_aa_oil__Oil_C16_1	methwin__mCHG__gene__Zm00001d036799	1	-0.02367445960460594	0.02367445960460594	mCHG	gene	Zm00001d036799	6	101248218	101249481	-	436	0.10224110633134842	0.0
agri_aa_oil__Oil_C16_1	methwin__mCG__promoter__Zm00001d002993	1	-0.023306751051235156	0.023306751051235156	mCG	promoter	Zm00001d002993	2	28976470	28977417	-	327	0.14434505999088287	0.0
agri_aa_oil__Oil_C16_1	methwin__mCG__promoter__Zm00001d002994	1	-0.023306418879017403	0.023306418879017403	mCG	promoter	Zm00001d002994	2	28978912	28980472	+	328	0.14434505999088287	0.0
agri_aa_oil__Oil_C16_1	methwin__mCHH__promoter__Zm00001d049718	1	0.02252088164007931	0.02252088164007931	mCHH	promoter	Zm00001d049718	4	41325126	41329646	-	327	0.015268937684595585	0.0
agri_aa_oil__Oil_C16_1	methwin__mCHG__promoter__Zm00001d042609	1	-0.022427902443943694	0.022427902443943694	mCHG	promoter	Zm00001d042609	3	173458717	173460818	+	304	0.11186502873897552	0.0
agri_aa_oil__Oil_C16_1	methwin__mCG__gene__Zm00001d031404	1	-0.022159940650031854	0.022159940650031854	mCG	gene	Zm00001d031404	1	189203216	189203629	-	214	0.14655742049217224	0.0
agri_aa_oil__Oil_C16_1	methwin__mCG__promoter__Zm00001d031404	1	-0.02215868936484698	0.02215868936484698	mCG	promoter	Zm00001d031404	1	189203216	189203629	-	299	0.14655742049217224	0.0
agri_aa_oil__Oil_C16_1	methwin__mCHG__gene__Zm00001d021085	1	-0.02186710670290859	0.02186710670290859	mCHG	gene	Zm00001d021085	7	142427917	142438706	+	384	0.10464227199554443	0.0
agri_aa_oil__Oil_C16_1	methwin__mCHG__promoter__Zm00001d021082	1	-0.021774408083081988	0.021774408083081988	mCHG	promoter	Zm00001d021082	7	142420831	142427998	-	411	0.10464227199554443	0.0
agri_aa_oil__Oil_C16_1	methwin__mCHG__gene__Zm00001d021084	1	-0.02165265461258516	0.02165265461258516	mCHG	gene	Zm00001d021084	7	142427906	142438706	+	386	0.10464227199554443	0.0
agri_aa_oil__Oil_C16_1	methwin__mCHG__promoter__Zm00001d021085	1	-0.02145400838532547	0.02145400838532547	mCHG	promoter	Zm00001d021085	7	142427917	142438706	+	412	0.10464227199554443	0.0
agri_aa_oil__Oil_C16_1	methwin__mCHG__gene__Zm00001d021082	1	-0.02133563266553995	0.02133563266553995	mCHG	gene	Zm00001d021082	7	142420831	142427998	-	385	0.10464227199554443	0.0
agri_aa_oil__Oil_C16_1	methwin__mCHG__promoter__Zm00001d021084	1	-0.021201010104348647	0.021201010104348647	mCHG	promoter	Zm00001d021084	7	142427906	142438706	+	413	0.10464227199554443	0.0
agri_aa_oil__Oil_C16_1	methwin__mCG__cis__Zm00001d011506	1	-0.02119871214823331	0.02119871214823331	mCG	cis	Zm00001d011506	8	152782371	152788872	+	95	0.17841021716594696	0.0
agri_aa_oil__Oil_C16_1	methwin__mCG__gene__Zm00001d011506	1	-0.02119490001912517	0.02119490001912517	mCG	gene	Zm00001d011506	8	152782371	152788872	+	16	0.17841021716594696	0.0
agri_aa_oil__Oil_C16_1	methwin__mCG__promoter__Zm00001d011506	1	-0.021188030203729263	0.021188030203729263	mCG	promoter	Zm00001d011506	8	152782371	152788872	+	36	0.17841021716594696	0.0
agri_aa_oil__Oil_C16_1	methwin__mCG__promoter__Zm00001d040595	1	0.0199908673245284	0.0199908673245284	mCG	promoter	Zm00001d040595	3	52236536	52237647	+	245	0.15087567269802094	0.0
agri_aa_oil__Oil_C16_1	methwin__mCG__promoter__Zm00001d025312	1	0.019353718628515548	0.019353718628515548	mCG	promoter	Zm00001d025312	10	113976307	113978545	+	66	0.1712704300880432	0.0
agri_aa_oil__Oil_C16_1	methwin__mCG__cis__Zm00001d025312	1	0.019349024975540603	0.019349024975540603	mCG	cis	Zm00001d025312	10	113976307	113978545	+	183	0.1712704300880432	0.0
agri_aa_oil__Oil_C16_1	methwin__mCG__gene__Zm00001d048045	1	-0.01878920412421565	0.01878920412421565	mCG	gene	Zm00001d048045	9	148686754	148689052	+	40	0.17027363181114197	0.0
agri_aa_oil__Oil_C16_1	methwin__mCG__cis__Zm00001d048044	1	-0.018744387853649826	0.018744387853649826	mCG	cis	Zm00001d048044	9	148682940	148684179	-	195	0.17027363181114197	0.0
agri_aa_oil__Oil_C16_1	methwin__mCG__cis__Zm00001d048045	1	-0.018705715080920685	0.018705715080920685	mCG	cis	Zm00001d048045	9	148686754	148689052	+	197	0.17027363181114197	0.0
agri_aa_oil__Oil_C16_1	methwin__mCG__cis__Zm00001d048042	1	-0.01869601021485341	0.01869601021485341	mCG	cis	Zm00001d048042	9	148678495	148680006	+	196	0.17027363181114197	0.0
agri_aa_oil__Oil_C16_1	methwin__mCHH__promoter__Zm00001d050905	1	-0.01866917768341724	0.01866917768341724	mCHH	promoter	Zm00001d050905	4	129476399	129478809	-	166	0.024556146934628487	0.0
agri_aa_oil__Oil_C16_1	methwin__mCHH__cis__Zm00001d050905	1	-0.018668229435013988	0.018668229435013988	mCHH	cis	Zm00001d050905	4	129476399	129478809	-	409	0.024556146934628487	0.0
agri_aa_oil__Oil_C16_1	methwin__mCHH__cis__Zm00001d050904	1	-0.018668113150768394	0.018668113150768394	mCHH	cis	Zm00001d050904	4	129475394	129476203	+	408	0.024556146934628487	0.0
agri_aa_oil__Oil_C16_1	methwin__mCHG__gene__Zm00001d004117	1	-0.017743898553768057	0.017743898553768057	mCHG	gene	Zm00001d004117	2	83616578	83623667	+	231	0.11590122431516647	0.0
agri_aa_oil__Oil_C16_1	methwin__mCHG__promoter__Zm00001d004117	1	-0.01774380248773684	0.01774380248773684	mCHG	promoter	Zm00001d004117	2	83616578	83623667	+	249	0.11590122431516647	0.0
agri_aa_oil__Oil_C16_1	methwin__mCG__cis__Zm00001d025056	1	-0.01765947643134168	0.01765947643134168	mCG	cis	Zm00001d025056	10	101921141	101923394	-	498	0.15630142390727997	0.0
agri_aa_oil__Oil_C16_1	methwin__mCG__promoter__Zm00001d025056	1	-0.017659457362606563	0.017659457362606563	mCG	promoter	Zm00001d025056	10	101921141	101923394	-	185	0.15630142390727997	0.0
agri_aa_oil__Oil_C16_1	methwin__mCG__gene__Zm00001d025797	1	-0.017658437617788757	0.017658437617788757	mCG	gene	Zm00001d025797	10	129855497	129872386	+	4	0.1917068362236023	0.0
agri_aa_oil__Oil_C16_1	methwin__mCG__cis__Zm00001d025797	1	-0.017656276610189703	0.017656276610189703	mCG	cis	Zm00001d025797	10	129855497	129872386	+	25	0.1917068362236023	0.0
agri_aa_oil__Oil_C16_1	methwin__mCG__promoter__Zm00001d015758	1	-0.01761915776349497	0.01761915776349497	mCG	promoter	Zm00001d015758	5	116966419	116976384	+	256	0.15006861090660095	0.0
agri_aa_oil__Oil_C16_1	methwin__mCG__promoter__Zm00001d015004	1	0.016760172262419867	0.016760172262419867	mCG	promoter	Zm00001d015004	5	71947713	71951327	+	233	0.15159131586551666	0.0
agri_aa_oil__Oil_C16_1	methwin__mCG__promoter__Zm00001d015002	1	0.016760058349493373	0.016760058349493373	mCG	promoter	Zm00001d015002	5	71944722	71945969	-	234	0.15159131586551666	0.0
agri_aa_oil__Oil_C16_1	methwin__mCHG__cis__Zm00001d045266	1	-0.016708308844253044	0.016708308844253044	mCHG	cis	Zm00001d045266	9	17449196	17449840	+	15	0.1635645478963852	0.0
agri_aa_oil__Oil_C16_1	methwin__mCHG__cis__Zm00001d052551	1	0.016518575963794562	0.016518575963794562	mCHG	cis	Zm00001d052551	4	192868787	192870527	+	482	0.12527120113372803	0.0
agri_aa_oil__Oil_C16_1	methwin__mCHG__promoter__Zm00001d052549	1	0.016515789127006894	0.016515789127006894	mCHG	promoter	Zm00001d052549	4	192864628	192865239	-	132	0.12527120113372803	0.0
agri_aa_oil__Oil_C16_1	methwin__mCHG__gene__Zm00001d052549	1	0.016515158704970178	0.016515158704970178	mCHG	gene	Zm00001d052549	4	192864628	192865239	-	143	0.12527120113372803	0.0
agri_aa_oil__Oil_C16_1	methwin__mCHG__cis__Zm00001d052549	1	0.016511786262793586	0.016511786262793586	mCHG	cis	Zm00001d052549	4	192864628	192865239	-	483	0.12527120113372803	0.0
agri_aa_oil__Oil_C16_1	methwin__mCHG__promoter__Zm00001d045268	1	-0.016410911784256212	0.016410911784256212	mCHG	promoter	Zm00001d045268	9	17495380	17496111	+	270	0.11459244042634964	0.0
agri_aa_oil__Oil_C16_1	methwin__mCHH__promoter__Zm00001d002787	1	0.0164090050290387	0.0164090050290387	mCHH	promoter	Zm00001d002787	2	22588333	22591980	-	374	0.013574427925050259	0.0
agri_aa_oil__Oil_C16_1	methwin__mCHG__promoter__Zm00001d004877	1	-0.01622800859216143	0.01622800859216143	mCHG	promoter	Zm00001d004877	2	145962314	145989846	-	67	0.13491444289684296	0.0
agri_aa_oil__Oil_C16_1	methwin__mCHG__gene__Zm00001d035550	1	-0.015365650264862907	0.015365650264862907	mCHG	gene	Zm00001d035550	6	32801225	32801554	-	137	0.12584154307842255	0.0
agri_aa_oil__Oil_C16_1	methwin__mCHG__promoter__Zm00001d035550	1	-0.01533845606183256	0.01533845606183256	mCHG	promoter	Zm00001d035550	6	32801225	32801554	-	129	0.12584154307842255	0.0
agri_aa_oil__Oil_C16_1	methwin__mCHG__cis__Zm00001d035550	1	-0.015332194565749746	0.015332194565749746	mCHG	cis	Zm00001d035550	6	32801225	32801554	-	468	0.12584154307842255	0.0
agri_aa_oil__Oil_C16_1	methwin__mCHG__promoter__Zm00001d032478	1	0.014930968919231785	0.014930968919231785	mCHG	promoter	Zm00001d032478	1	228035780	228036940	+	25	0.1482032686471939	0.0
agri_aa_oil__Oil_C16_1	methwin__mCG__gene__Zm00001d011773	1	-0.013796490114626941	0.013796490114626941	mCG	gene	Zm00001d011773	8	161292877	161297384	+	324	0.13625161349773407	0.0
agri_aa_oil__Oil_C16_1	methwin__mCHG__gene__Zm00001d009636	1	-0.013442676914526589	0.013442676914526589	mCHG	gene	Zm00001d009636	8	73979708	73980561	+	373	0.10520899295806885	0.0
agri_aa_oil__Oil_C16_1	methwin__mCHG__promoter__Zm00001d009636	1	-0.013436692588374382	0.013436692588374382	mCHG	promoter	Zm00001d009636	8	73979708	73980561	+	399	0.10520899295806885	0.0
agri_aa_oil__Oil_C16_1	methwin__mCG__gene__Zm00001d049436	1	-0.012812171630079371	0.012812171630079371	mCG	gene	Zm00001d049436	4	30236260	30237345	+	498	0.12332835793495178	0.0
agri_aa_oil__Oil_C16_1	methwin__mCG__promoter__Zm00001d035550	1	-0.012495414718369145	0.012495414718369145	mCG	promoter	Zm00001d035550	6	32801225	32801554	-	55	0.17427001893520355	0.0
agri_aa_oil__Oil_C16_1	methwin__mCG__cis__Zm00001d035550	1	-0.012491574688250198	0.012491574688250198	mCG	cis	Zm00001d035550	6	32801225	32801554	-	148	0.17427001893520355	0.0
agri_aa_oil__Oil_C16_1	methwin__mCG__gene__Zm00001d035550	1	-0.012456238804021656	0.012456238804021656	mCG	gene	Zm00001d035550	6	32801225	32801554	-	28	0.17427001893520355	0.0
agri_aa_oil__Oil_C16_1	methwin__mCHG__cis__Zm00001d042632	1	-0.012272051331867288	0.012272051331867288	mCHG	cis	Zm00001d042632	3	174667819	174671278	-	455	0.12641170620918274	0.0
agri_aa_oil__Oil_C16_1	methwin__mCHG__gene__Zm00001d040673	1	0.012158338374985587	0.012158338374985587	mCHG	gene	Zm00001d040673	3	57203920	57204860	-	296	0.11105302721261978	0.0
agri_aa_oil__Oil_C16_1	methwin__mCHG__promoter__Zm00001d005351	1	-0.012130096204092932	0.012130096204092932	mCHG	promoter	Zm00001d005351	2	170643478	170644746	-	296	0.1122937723994255	0.0
agri_aa_oil__Oil_C16_1	methwin__mCG__promoter__Zm00001d040673	1	0.01183045706637815	0.01183045706637815	mCG	promoter	Zm00001d040673	3	57203920	57204860	-	321	0.14457584917545319	0.0
agri_aa_oil__Oil_C16_1	methwin__mCG__promoter__Zm00001d040674	1	0.01182335537192117	0.01182335537192117	mCG	promoter	Zm00001d040674	3	57206032	57206889	-	322	0.14457584917545319	0.0
agri_aa_oil__Oil_C16_1	methwin__mCG__gene__Zm00001d040674	1	0.01180260884252094	0.01180260884252094	mCG	gene	Zm00001d040674	3	57206032	57206889	-	231	0.14457584917545319	0.0
agri_aa_oil__Oil_C16_1	methwin__mCHH__cis__Zm00001d021087	1	-0.010456325655147687	0.010456325655147687	mCHH	cis	Zm00001d021087	7	142484402	142493269	-	51	0.049977220594882965	0.0
agri_aa_oil__Oil_C16_1	methwin__mCHH__promoter__Zm00001d021087	1	-0.01045311768652044	0.01045311768652044	mCHH	promoter	Zm00001d021087	7	142484402	142493269	-	22	0.049977220594882965	0.0
agri_aa_oil__Oil_C16_1	methwin__mCHH__cis__Zm00001d021088	1	-0.010451763355694685	0.010451763355694685	mCHH	cis	Zm00001d021088	7	142495054	142496439	-	50	0.049977220594882965	0.0
agri_aa_oil__Oil_C16_1	methwin__mCG__cis__Zm00001d011178	1	0.01004064228713851	0.01004064228713851	mCG	cis	Zm00001d011178	8	142037367	142043523	-	292	0.1639036238193512	0.0
agri_aa_oil__Oil_C16_1	methwin__mCG__promoter__Zm00001d011178	1	0.010035899931716002	0.010035899931716002	mCG	promoter	Zm00001d011178	8	142037367	142043523	-	110	0.1639036238193512	0.0
agri_aa_oil__Oil_C16_1	methwin__mCHG__promoter__Zm00001d041591	1	-0.009266995275621663	0.009266995275621663	mCHG	promoter	Zm00001d041591	3	128764784	128765575	-	56	0.1375633180141449	0.0
agri_aa_oil__Oil_C16_1	methwin__mCHG__promoter__Zm00001d041592	1	-0.009265258870529086	0.009265258870529086	mCHG	promoter	Zm00001d041592	3	128767268	128773473	+	57	0.1375633180141449	0.0
agri_aa_oil__Oil_C16_1	methwin__mCHG__gene__Zm00001d041591	1	-0.009264849551050185	0.009264849551050185	mCHG	gene	Zm00001d041591	3	128764784	128765575	-	65	0.1375633180141449	0.0
agri_aa_oil__Oil_C16_1	methwin__mCHH__cis__Zm00001d052701	1	0.009243060872349959	0.009243060872349959	mCHH	cis	Zm00001d052701	4	198079781	198083069	-	58	0.049180757254362106	0.0
agri_aa_oil__Oil_C16_1	methwin__mCHH__cis__Zm00001d018009	1	-0.008835300011377658	0.008835300011377658	mCHH	cis	Zm00001d018009	5	211938923	211947803	-	377	0.02559417299926281	0.0
agri_aa_oil__Oil_C16_1	methwin__mCG__promoter__Zm00001d045268	1	-0.008499651207728267	0.008499651207728267	mCG	promoter	Zm00001d045268	9	17495380	17496111	+	221	0.152587890625	0.0
agri_aa_oil__Oil_C16_1	methwin__mCHG__promoter__Zm00001d029071	1	-0.008376963462996415	0.008376963462996415	mCHG	promoter	Zm00001d029071	1	57045275	57045843	+	290	0.11298662424087524	0.0
agri_aa_oil__Oil_C16_1	methwin__mCHH__gene__Zm00001d012485	1	-0.008309033535467348	0.008309033535467348	mCHH	gene	Zm00001d012485	8	175357855	175362943	+	14	0.030414804816246033	0.0
agri_aa_oil__Oil_C16_1	methwin__mCHH__cis__Zm00001d012486	1	-0.008308941559624406	0.008308941559624406	mCHH	cis	Zm00001d012486	8	175364810	175370570	+	256	0.030414804816246033	0.0
agri_aa_oil__Oil_C16_1	methwin__mCHH__cis__Zm00001d012484	1	-0.008308373105462738	0.008308373105462738	mCHH	cis	Zm00001d012484	8	175353033	175354813	-	257	0.030414804816246033	0.0
agri_aa_oil__Oil_C16_1	methwin__mCHH__cis__Zm00001d012485	1	-0.008307288489823353	0.008307288489823353	mCHH	cis	Zm00001d012485	8	175357855	175362943	+	258	0.030414804816246033	0.0
agri_aa_oil__Oil_C16_1	methwin__mCHH__promoter__Zm00001d019754	1	0.008288169601676987	0.008288169601676987	mCHH	promoter	Zm00001d019754	7	56516523	56522809	-	233	0.019488882273435593	0.0
agri_aa_oil__Oil_C16_1	methwin__mCHH__gene__Zm00001d003964	1	0.008246924142137728	0.008246924142137728	mCHH	gene	Zm00001d003964	2	72580663	72582175	-	340	0.004857032094150782	0.0
agri_aa_oil__Oil_C16_1	methwin__mCHH__cis__Zm00001d038170	1	0.0078439054392118	0.0078439054392118	mCHH	cis	Zm00001d038170	6	150418144	150422431	-	109	0.04043547809123993	0.0
agri_aa_oil__Oil_C16_1	methwin__mCHH__promoter__Zm00001d038170	1	0.007843820231844037	0.007843820231844037	mCHH	promoter	Zm00001d038170	6	150418144	150422431	-	46	0.04043547809123993	0.0
agri_aa_oil__Oil_C16_1	methwin__mCHH__cis__Zm00001d050250	1	-0.007544233231179928	0.007544233231179928	mCHH	cis	Zm00001d050250	4	76349533	76351893	-	145	0.03700418770313263	0.0
agri_aa_oil__Oil_C16_1	methwin__mCHH__promoter__Zm00001d050250	1	-0.00753657006520312	0.00753657006520312	mCHH	promoter	Zm00001d050250	4	76349533	76351893	-	60	0.03700418770313263	0.0
agri_aa_oil__Oil_C16_1	methwin__mCHG__promoter__Zm00001d004582	1	-0.006878188934038266	0.006878188934038266	mCHG	promoter	Zm00001d004582	2	119579094	119579480	+	173	0.12173232436180115	0.0
agri_aa_oil__Oil_C16_1	methwin__mCHG__gene__Zm00001d004582	1	-0.006875575613330435	0.006875575613330435	mCHG	gene	Zm00001d004582	2	119579094	119579480	+	169	0.12173232436180115	0.0
agri_aa_oil__Oil_C16_1	methwin__mCHG__gene__Zm00001d040209	1	0.006738052851887755	0.006738052851887755	mCHG	gene	Zm00001d040209	3	32076843	32079601	+	258	0.11385263502597809	0.0
agri_aa_oil__Oil_C16_1	methwin__mCHH__cis__Zm00001d028842	1	-0.00647520596676655	0.00647520596676655	mCHH	cis	Zm00001d028842	1	48424617	48430126	-	286	0.029164958745241165	0.0
agri_aa_oil__Oil_C16_1	methwin__mCHH__gene__Zm00001d028842	1	-0.006472360888991192	0.006472360888991192	mCHH	gene	Zm00001d028842	1	48424617	48430126	-	17	0.029164958745241165	0.0
agri_aa_oil__Oil_C16_1	methwin__mCHH__promoter__Zm00001d032629	1	0.006296910475987935	0.006296910475987935	mCHH	promoter	Zm00001d032629	1	232489216	232489650	+	465	0.011288043111562729	0.0
agri_aa_oil__Oil_C16_1	methwin__mCHH__promoter__Zm00001d023719	1	-0.0061894758017763795	0.0061894758017763795	mCHH	promoter	Zm00001d023719	10	16738052	16738510	+	229	0.020153077319264412	0.0
agri_aa_oil__Oil_C16_1	methwin__mCG__promoter__Zm00001d009483	1	-0.006013150820487175	0.006013150820487175	mCG	promoter	Zm00001d009483	8	66880016	66880399	-	281	0.14819325506687164	0.0
agri_aa_oil__Oil_C16_1	methwin__mCG__gene__Zm00001d009483	1	-0.006010803741852333	0.006010803741852333	mCG	gene	Zm00001d009483	8	66880016	66880399	-	188	0.14819325506687164	0.0
agri_aa_oil__Oil_C16_1	methwin__mCHH__promoter__Zm00001d002232	1	0.005904301203063118	0.005904301203063118	mCHH	promoter	Zm00001d002232	2	8449826	8451193	+	418	0.012318267486989498	0.0
agri_aa_oil__Oil_C16_1	methwin__mCHG__gene__Zm00001d024558	1	0.005386138364472486	0.005386138364472486	mCHG	gene	Zm00001d024558	10	78187147	78188241	+	127	0.12738613784313202	0.0
agri_aa_oil__Oil_C16_1	methwin__mCHG__cis__Zm00001d024558	1	0.005385793361809734	0.005385793361809734	mCHG	cis	Zm00001d024558	10	78187147	78188241	+	421	0.12738613784313202	0.0
agri_aa_oil__Oil_C16_1	methwin__mCHG__cis__Zm00001d048044	1	-0.005333322958207007	0.005333322958207007	mCHG	cis	Zm00001d048044	9	148682940	148684179	-	52	0.15051482617855072	0.0
agri_aa_oil__Oil_C16_1	methwin__mCHG__cis__Zm00001d048045	1	-0.0053140368409302415	0.0053140368409302415	mCHG	cis	Zm00001d048045	9	148686754	148689052	+	54	0.15051482617855072	0.0
agri_aa_oil__Oil_C16_1	methwin__mCHG__cis__Zm00001d048042	1	-0.0052689527242971036	0.0052689527242971036	mCHG	cis	Zm00001d048042	9	148678495	148680006	+	53	0.15051482617855072	0.0
agri_aa_oil__Oil_C16_1	methwin__mCHG__gene__Zm00001d048045	1	-0.0052242653818382065	0.0052242653818382065	mCHG	gene	Zm00001d048045	9	148686754	148689052	+	19	0.15051482617855072	0.0
agri_aa_oil__Oil_C16_1	methwin__mCHG__cis__Zm00001d024918	1	-0.0051833455532143665	0.0051833455532143665	mCHG	cis	Zm00001d024918	10	94913396	94916114	+	283	0.1319819837808609	0.0
agri_aa_oil__Oil_C16_1	methwin__mCG__promoter__Zm00001d052679	1	-0.0046437830609750855	0.0046437830609750855	mCG	promoter	Zm00001d052679	4	197090974	197093276	-	312	0.1452159881591797	0.0
agri_aa_oil__Oil_C16_1	methwin__mCHG__cis__Zm00001d013188	1	-0.004585630108471282	0.004585630108471282	mCHG	cis	Zm00001d013188	5	6146998	6150936	+	460	0.12622568011283875	0.0
agri_aa_oil__Oil_C16_1	methwin__mCHG__cis__Zm00001d013192	1	-0.00457383779602449	0.00457383779602449	mCHG	cis	Zm00001d013192	5	6165249	6168071	-	459	0.12622568011283875	0.0
agri_aa_oil__Oil_C16_1	methwin__mCHG__promoter__Zm00001d013190	1	-0.004527667141389443	0.004527667141389443	mCHG	promoter	Zm00001d013190	5	6157620	6159908	+	126	0.12622568011283875	0.0
agri_aa_oil__Oil_C16_1	methwin__mCHG__cis__Zm00001d013190	1	-0.00451274513834408	0.00451274513834408	mCHG	cis	Zm00001d013190	5	6157620	6159908	+	462	0.12622568011283875	0.0
agri_aa_oil__Oil_C16_1	methwin__mCHG__cis__Zm00001d013191	1	-0.004477033207990114	0.004477033207990114	mCHG	cis	Zm00001d013191	5	6160424	6160777	-	461	0.12622568011283875	0.0
agri_aa_oil__Oil_C16_1	methwin__mCHH__promoter__Zm00001d018009	1	-0.004356162887099584	0.004356162887099584	mCHH	promoter	Zm00001d018009	5	211938923	211947803	-	99	0.03137311711907387	0.0
agri_aa_oil__Oil_C16_1	methwin__mCHG__gene__Zm00001d004912	1	-0.004234640442691754	0.004234640442691754	mCHG	gene	Zm00001d004912	2	148091273	148143354	+	347	0.10721833258867264	0.0
agri_aa_oil__Oil_C16_1	methwin__mCG__promoter__Zm00001d032478	1	0.0041492355534972465	0.0041492355534972465	mCG	promoter	Zm00001d032478	1	228035780	228036940	+	13	0.18718492984771729	0.0
agri_aa_oil__Oil_C16_1	methwin__mCG__cis__Zm00001d021049	1	-0.004130268080851065	0.004130268080851065	mCG	cis	Zm00001d021049	7	141234727	141235338	+	203	0.1697496622800827	0.0
agri_aa_oil__Oil_C16_1	methwin__mCG__promoter__Zm00001d021049	1	-0.004128254511548412	0.004128254511548412	mCG	promoter	Zm00001d021049	7	141234727	141235338	+	74	0.1697496622800827	0.0
agri_aa_oil__Oil_C16_1	methwin__mCG__gene__Zm00001d021049	1	-0.004126235809486365	0.004126235809486365	mCG	gene	Zm00001d021049	7	141234727	141235338	+	43	0.1697496622800827	0.0
agri_aa_oil__Oil_C16_1	methwin__mCHG__promoter__Zm00001d002994	1	-0.003953173087756492	0.003953173087756492	mCHG	promoter	Zm00001d002994	2	28978912	28980472	+	434	0.10351677238941193	0.0
agri_aa_oil__Oil_C16_1	methwin__mCHG__promoter__Zm00001d002993	1	-0.003953146621768471	0.003953146621768471	mCHG	promoter	Zm00001d002993	2	28976470	28977417	-	435	0.10351677238941193	0.0
agri_aa_oil__Oil_C16_1	methwin__mCG__cis__Zm00001d004582	1	-0.003068445008929976	0.003068445008929976	mCG	cis	Zm00001d004582	2	119579094	119579480	+	199	0.17012028396129608	0.0
agri_aa_oil__Oil_C16_1	methwin__mCG__gene__Zm00001d004582	1	-0.003052681488887707	0.003052681488887707	mCG	gene	Zm00001d004582	2	119579094	119579480	+	41	0.17012028396129608	0.0
agri_aa_oil__Oil_C16_1	methwin__mCG__promoter__Zm00001d004582	1	-0.003048435173216013	0.003048435173216013	mCG	promoter	Zm00001d004582	2	119579094	119579480	+	71	0.17012028396129608	0.0
agri_aa_oil__Oil_C16_1	methwin__mCG__gene__Zm00001d047224	1	-0.0027424135576814856	0.0027424135576814856	mCG	gene	Zm00001d047224	9	122891336	122920999	-	415	0.1293814480304718	0.0
agri_aa_oil__Oil_C16_1	methwin__mCG__gene__Zm00001d007604	1	0.0026023337044490343	0.0026023337044490343	mCG	gene	Zm00001d007604	2	236077352	236079447	-	487	0.1238604411482811	0.0
agri_aa_oil__Oil_C16_1	methwin__mCHH__gene__Zm00001d024127	1	0.0022276608265845714	0.0022276608265845714	mCHH	gene	Zm00001d024127	10	48093267	48096507	+	48	0.018478769809007645	0.0
agri_aa_oil__Oil_C16_1	methwin__mCHH__promoter__Zm00001d024126	1	0.002227356281534532	0.002227356281534532	mCHH	promoter	Zm00001d024126	10	48089572	48093645	-	250	0.018478769809007645	0.0
agri_aa_oil__Oil_C16_1	methwin__mCHG__promoter__Zm00001d021049	1	0.0022075560034407167	0.0022075560034407167	mCHG	promoter	Zm00001d021049	7	141234727	141235338	+	224	0.11723844707012177	0.0
agri_aa_oil__Oil_C16_1	methwin__mCHG__gene__Zm00001d021049	1	0.0022062426732011604	0.0022062426732011604	mCHG	gene	Zm00001d021049	7	141234727	141235338	+	216	0.11723844707012177	0.0
agri_aa_oil__Oil_C16_1	methwin__mCHH__promoter__Zm00001d012430	1	-0.0018104714378621896	0.0018104714378621896	mCHH	promoter	Zm00001d012430	8	174360496	174361131	+	170	0.024251142516732216	0.0
agri_aa_oil__Oil_C16_1	methwin__mCHH__cis__Zm00001d012430	1	-0.0018012272292594587	0.0018012272292594587	mCHH	cis	Zm00001d012430	8	174360496	174361131	+	417	0.024251142516732216	0.0
agri_aa_oil__Oil_C16_1	methwin__mCHH__cis__Zm00001d012431	1	-0.001776045491516933	0.001776045491516933	mCHH	cis	Zm00001d012431	8	174365005	174365895	-	416	0.024251142516732216	0.0
agri_aa_oil__Oil_C16_1	methwin__mCHH__cis__Zm00001d012429	1	-0.0017698631400531793	0.0017698631400531793	mCHH	cis	Zm00001d012429	8	174355901	174357929	-	415	0.024251142516732216	0.0
agri_aa_oil__Oil_C16_1	methwin__mCHH__promoter__Zm00001d012429	1	-0.0017592636234621255	0.0017592636234621255	mCHH	promoter	Zm00001d012429	8	174355901	174357929	-	169	0.024251142516732216	0.0
agri_aa_oil__Oil_C16_1	methwin__mCG__gene__Zm00001d031467	1	-0.0015993817483860862	0.0015993817483860862	mCG	gene	Zm00001d031467	1	191167340	191169614	-	425	0.12836258113384247	0.0
agri_aa_oil__Oil_C16_1	methwin__mCG__gene__Zm00001d031466	1	-0.0015981741653662636	0.0015981741653662636	mCG	gene	Zm00001d031466	1	191167286	191172311	+	424	0.12836258113384247	0.0
agri_aa_oil__Oil_C16_1	methwin__mCHG__gene__Zm00001d025594	1	0.0015064775657357512	0.0015064775657357512	mCHG	gene	Zm00001d025594	10	123460360	123461574	+	469	0.10069315880537033	0.0
agri_aa_oil__Oil_C16_1	methwin__mCHG__promoter__Zm00001d025594	1	0.00150394733494138	0.00150394733494138	mCHG	promoter	Zm00001d025594	10	123460360	123461574	+	483	0.10069315880537033	0.0
agri_aa_oil__Oil_C16_1	methwin__mCG__cis__Zm00001d049765	1	-0.0013351389034678073	0.0013351389034678073	mCG	cis	Zm00001d049765	4	43843113	43845756	+	341	0.16189789772033691	0.0
agri_aa_oil__Oil_C16_1	methwin__mCG__gene__Zm00001d049765	1	-0.0013343551557605286	0.0013343551557605286	mCG	gene	Zm00001d049765	4	43843113	43845756	+	78	0.16189789772033691	0.0
agri_aa_oil__Oil_C16_1	methwin__mCG__cis__Zm00001d049766	1	-0.0013311460935940328	0.0013311460935940328	mCG	cis	Zm00001d049766	4	43845346	43848071	-	340	0.16189789772033691	0.0
agri_aa_oil__Oil_C16_1	methwin__mCG__promoter__Zm00001d049765	1	-0.0013263148988448346	0.0013263148988448346	mCG	promoter	Zm00001d049765	4	43843113	43845756	+	131	0.16189789772033691	0.0
agri_aa_oil__Oil_C16_1	methwin__mCG__promoter__Zm00001d025594	1	0.0011057280544064041	0.0011057280544064041	mCG	promoter	Zm00001d025594	10	123460360	123461574	+	258	0.1499519646167755	0.0
agri_aa_oil__Oil_C16_1	methwin__mCG__gene__Zm00001d025594	1	0.0011030162604950826	0.0011030162604950826	mCG	gene	Zm00001d025594	10	123460360	123461574	+	168	0.1499519646167755	0.0
agri_aa_oil__Oil_C16_1	methwin__mCHH__cis__Zm00001d005369	1	0.001072768874918732	0.001072768874918732	mCHH	cis	Zm00001d005369	2	171122914	171123806	+	62	0.04795041307806969	0.0
agri_aa_oil__Oil_C16_1	methwin__mCHH__gene__Zm00001d005368	1	0.0010682334337102813	0.0010682334337102813	mCHH	gene	Zm00001d005368	2	171115942	171122381	+	8	0.04795041307806969	0.0
agri_aa_oil__Oil_C16_1	methwin__mCHH__promoter__Zm00001d005368	1	0.001067288124108493	0.001067288124108493	mCHH	promoter	Zm00001d005368	2	171115942	171122381	+	28	0.04795041307806969	0.0
agri_aa_oil__Oil_C16_1	methwin__mCHH__cis__Zm00001d005370	1	0.00105683277408952	0.00105683277408952	mCHH	cis	Zm00001d005370	2	171125479	171128890	+	63	0.04795041307806969	0.0
agri_aa_oil__Oil_C16_1	methwin__mCHH__cis__Zm00001d005368	1	0.0010490051921781174	0.0010490051921781174	mCHH	cis	Zm00001d005368	2	171115942	171122381	+	64	0.04795041307806969	0.0
agri_aa_oil__Oil_C16_1	methwin__mCHH__cis__Zm00001d005367	1	0.0010477650463090072	0.0010477650463090072	mCHH	cis	Zm00001d005367	2	171114902	171115709	+	65	0.04795041307806969	0.0
agri_aa_oil__Oil_C16_1	methwin__mCHH__cis__Zm00001d039180	1	0.000942928930877734	0.000942928930877734	mCHH	cis	Zm00001d039180	6	171890678	171895329	-	25	0.06174381449818611	0.0
agri_aa_oil__Oil_C16_1	methwin__mCHH__cis__Zm00001d039179	1	0.0009314626901658712	0.0009314626901658712	mCHH	cis	Zm00001d039179	6	171880132	171881868	-	26	0.06174381449818611	0.0
agri_aa_oil__Oil_C16_1	methwin__mCHH__promoter__Zm00001d039179	1	0.0009275581773247183	0.0009275581773247183	mCHH	promoter	Zm00001d039179	6	171880132	171881868	-	12	0.06174381449818611	0.0
agri_aa_oil__Oil_C16_1	methwin__mCG__cis__Zm00001d012545	1	-0.0007553200047583685	0.0007553200047583685	mCG	cis	Zm00001d012545	8	176434645	176435040	-	431	0.15841634571552277	0.0
agri_aa_oil__Oil_C16_1	methwin__mCG__promoter__Zm00001d012546	1	-0.0007536609963585481	0.0007536609963585481	mCG	promoter	Zm00001d012546	8	176436045	176440104	-	166	0.15841634571552277	0.0
agri_aa_oil__Oil_C16_1	methwin__mCHG__cis__Zm00001d002418	1	-0.0001573655477812863	0.0001573655477812863	mCHG	cis	Zm00001d002418	2	12281370	12292546	+	79	0.1473100483417511	0.0
agri_aa_oil__Oil_C16_1	methwin__mCHG__gene__Zm00001d005429	1	-0.00011671686229010962	0.00011671686229010962	mCHG	gene	Zm00001d005429	2	173709958	173717006	+	217	0.11711838096380234	0.0
agri_aa_oil__Oil_C16_1	methwin__mCHH__cis__Zm00001d039022	1	-5.097617123980822e-05	5.097617123980822e-05	mCHH	cis	Zm00001d039022	6	168834757	168838473	-	214	0.03317497670650482	0.0
agri_aa_oil__Oil_C16_1	methwin__mCHH__cis__Zm00001d039021	1	-5.013412641922578e-05	5.013412641922578e-05	mCHH	cis	Zm00001d039021	6	168832409	168834314	+	212	0.03317497670650482	0.0
agri_aa_oil__Oil_C16_1	methwin__mCHH__promoter__Zm00001d039021	1	-4.885638378194352e-05	4.885638378194352e-05	mCHH	promoter	Zm00001d039021	6	168832409	168834314	+	86	0.03317497670650482	0.0
agri_aa_oil__Oil_C16_1	methwin__mCHH__cis__Zm00001d039019	1	-4.871430214522601e-05	4.871430214522601e-05	mCHH	cis	Zm00001d039019	6	168819645	168820517	-	213	0.03317497670650482	0.0
agri_aa_oil__Oil_C16_1	methwin__mCHH__cis__Zm00001d039020	1	-4.8108661450991514e-05	4.8108661450991514e-05	mCHH	cis	Zm00001d039020	6	168822275	168828891	+	211	0.03317497670650482	0.0
agri_aa_oil__Oil_C180_C200	methwin__mCHH__gene__Zm00001d026211	5	0.08524794065435483	0.08524794065435483	mCHH	gene	Zm00001d026211	10	140995440	141000793	-	449	0.003286797320470214	0.0
agri_aa_oil__Oil_C180_C200	methwin__mCG__gene__Zm00001d023352	5	0.07281247938075144	0.07281247938075144	mCG	gene	Zm00001d023352	10	3992378	3993316	-	486	0.12386972457170486	0.0
agri_aa_oil__Oil_C180_C200	methwin__mCHH__cis__Zm00001d038191	5	0.0505892704264592	0.0505892704264592	mCHH	cis	Zm00001d038191	6	151070539	151071477	-	105	0.04132027179002762	0.0
agri_aa_oil__Oil_C180_C200	methwin__mCG__promoter__Zm00001d051654	5	-0.03450577044730589	0.03450577044730589	mCG	promoter	Zm00001d051654	4	165890213	165890530	+	251	0.15029986202716827	0.0
agri_aa_oil__Oil_C180_C200	methwin__mCG__cis__Zm00001d049202	5	-0.028436780569768276	0.028436780569768276	mCG	cis	Zm00001d049202	4	20466913	20467525	-	470	0.1574651002883911	0.0
agri_aa_oil__Oil_C180_C200	methwin__mCHG__gene__Zm00001d019215	5	-0.02441766493023392	0.02441766493023392	mCHG	gene	Zm00001d019215	7	22120424	22126437	+	343	0.10764122009277344	0.0
agri_aa_oil__Oil_C180_C200	methwin__mCHG__gene__Zm00001d006162	4	0.05701520250855857	0.05701520250855857	mCHG	gene	Zm00001d006162	2	200196709	200220177	+	499	0.09879492223262787	0.0
agri_aa_oil__Oil_C180_C200	methwin__mCG__gene__Zm00001d002902	4	0.04715743884327031	0.04715743884327031	mCG	gene	Zm00001d002902	2	26197358	26201770	-	42	0.16994670033454895	0.0
agri_aa_oil__Oil_C180_C200	methwin__mCG__cis__Zm00001d002902	4	0.04715724987239444	0.04715724987239444	mCG	cis	Zm00001d002902	2	26197358	26201770	-	202	0.16994670033454895	0.0
agri_aa_oil__Oil_C180_C200	methwin__mCHG__promoter__Zm00001d011482	4	0.043635564225492	0.043635564225492	mCHG	promoter	Zm00001d011482	8	151853169	151853642	+	428	0.10382824391126633	0.0
agri_aa_oil__Oil_C180_C200	methwin__mCG__promoter__Zm00001d046354	4	-0.03884715118900285	0.039252974408736124	mCG	promoter	Zm00001d046354	9	83394090	83396208	+	305	0.14595553278923035	0.0
agri_aa_oil__Oil_C180_C200	methwin__mCHG__gene__Zm00001d043360	4	-0.032943874570896495	0.032943874570896495	mCHG	gene	Zm00001d043360	3	197670387	197686901	-	352	0.10704267770051956	0.0
agri_aa_oil__Oil_C180_C200	methwin__mCHH__promoter__Zm00001d010264	4	-0.028295621723737674	0.028295621723737674	mCHH	promoter	Zm00001d010264	8	106551052	106551980	+	406	0.012726781889796257	0.0
agri_aa_oil__Oil_C180_C200	methwin__mCHH__promoter__Zm00001d049389	4	-0.027216396378826533	0.027216396378826533	mCHH	promoter	Zm00001d049389	4	28690939	28693515	+	125	0.027400508522987366	0.0
agri_aa_oil__Oil_C180_C200	methwin__mCHH__cis__Zm00001d049389	4	-0.02721629712149136	0.02721629712149136	mCHH	cis	Zm00001d049389	4	28690939	28693515	+	313	0.027400508522987366	0.0
agri_aa_oil__Oil_C180_C200	methwin__mCHG__cis__Zm00001d049202	4	-0.0261023500587017	0.0261023500587017	mCHG	cis	Zm00001d049202	4	20466913	20467525	-	465	0.12590602040290833	0.0
agri_aa_oil__Oil_C180_C200	methwin__mCHH__cis__Zm00001d045826	4	0.024528415961341962	0.024528415961341962	mCHH	cis	Zm00001d045826	9	42168801	42169346	-	476	0.02286762185394764	0.0
agri_aa_oil__Oil_C180_C200	methwin__mCHH__promoter__Zm00001d045826	4	0.02452644876210039	0.02452644876210039	mCHH	promoter	Zm00001d045826	9	42168801	42169346	-	189	0.02286762185394764	0.0
agri_aa_oil__Oil_C180_C200	methwin__mCHG__gene__Zm00001d014188	4	-0.022237594317016857	0.022237594317016857	mCHG	gene	Zm00001d014188	5	35584466	35633987	+	42	0.1428682804107666	0.0
agri_aa_oil__Oil_C180_C200	methwin__mCHG__cis__Zm00001d014188	4	-0.022235486000302927	0.022235486000302927	mCHG	cis	Zm00001d014188	5	35584466	35633987	+	113	0.1428682804107666	0.0
agri_aa_oil__Oil_C180_C200	methwin__mCHH__gene__Zm00001d043502	4	0.022049557792619932	0.022049557792619932	mCHH	gene	Zm00001d043502	3	202070388	202101427	+	475	0.0029661860316991806	0.0
agri_aa_oil__Oil_C180_C200	methwin__mCG__promoter__Zm00001d021812	4	-0.01612457282017903	0.01612457282017903	mCG	promoter	Zm00001d021812	7	163523848	163526875	-	117	0.16317076981067657	0.0
agri_aa_oil__Oil_C180_C200	methwin__mCG__gene__Zm00001d038426	4	0.015733735441588702	0.015733735441588702	mCG	gene	Zm00001d038426	6	157076901	157083997	-	163	0.1504097431898117	0.0
agri_aa_oil__Oil_C180_C200	methwin__mCHH__cis__Zm00001d012031	3	0.04481041311282454	0.04481041311282454	mCHH	cis	Zm00001d012031	8	166790119	166792274	-	454	0.023240812122821808	0.0
agri_aa_oil__Oil_C180_C200	methwin__mCHH__cis__Zm00001d012030	3	0.04481038545679594	0.04481038545679594	mCHH	cis	Zm00001d012030	8	166780698	166784066	+	455	0.023240812122821808	0.0
agri_aa_oil__Oil_C180_C200	methwin__mCG__promoter__Zm00001d002905	3	0.03979904119501703	0.03979904119501703	mCG	promoter	Zm00001d002905	2	26329482	26339000	+	405	0.13923417031764984	0.0
agri_aa_oil__Oil_C180_C200	methwin__mCG__promoter__Zm00001d010550	3	-0.03846243100730792	0.03846243100730792	mCG	promoter	Zm00001d010550	8	120189368	120190078	-	451	0.13597626984119415	0.0
agri_aa_oil__Oil_C180_C200	methwin__mCG__gene__Zm00001d010552	3	-0.0384617453470384	0.0384617453470384	mCG	gene	Zm00001d010552	8	120190138	120191057	+	326	0.13597626984119415	0.0
agri_aa_oil__Oil_C180_C200	methwin__mCG__promoter__Zm00001d044523	3	-0.034948396638843165	0.034948396638843165	mCG	promoter	Zm00001d044523	3	230846614	230854667	-	374	0.1418094038963318	0.0
agri_aa_oil__Oil_C180_C200	methwin__mCHH__promoter__Zm00001d009088	3	0.034308984138057975	0.034308984138057975	mCHH	promoter	Zm00001d009088	8	35616440	35617907	-	215	0.021098822355270386	0.0
agri_aa_oil__Oil_C180_C200	methwin__mCHH__promoter__Zm00001d009089	3	0.03430872398211839	0.03430872398211839	mCHH	promoter	Zm00001d009089	8	35618856	35620630	+	216	0.021098822355270386	0.0
agri_aa_oil__Oil_C180_C200	methwin__mCHG__gene__Zm00001d038426	3	0.0343076995723527	0.0343076995723527	mCHG	gene	Zm00001d038426	6	157076901	157083997	-	348	0.10717957466840744	0.0
agri_aa_oil__Oil_C180_C200	methwin__mCG__gene__Zm00001d016439	3	-0.018259376492240537	0.025899360738659477	mCG	gene	Zm00001d016439	5	162354770	162359026	+	126	0.15546898543834686	0.0
agri_aa_oil__Oil_C180_C200	methwin__mCHH__gene__Zm00001d032106	3	0.024739967685577447	0.024739967685577447	mCHH	gene	Zm00001d032106	1	213138788	213140938	-	372	0.00446008937433362	0.0
agri_aa_oil__Oil_C180_C200	methwin__mCG__gene__Zm00001d005538	3	0.020409334681249825	0.020409334681249825	mCG	gene	Zm00001d005538	2	177986492	178020096	+	445	0.12650983035564423	0.0
agri_aa_oil__Oil_C180_C200	methwin__mCHH__cis__Zm00001d039020	3	0.019826861282522076	0.019826861282522076	mCHH	cis	Zm00001d039020	6	168822275	168828891	+	211	0.03317497670650482	0.0
agri_aa_oil__Oil_C180_C200	methwin__mCHH__cis__Zm00001d039022	3	0.019824634749402895	0.019824634749402895	mCHH	cis	Zm00001d039022	6	168834757	168838473	-	214	0.03317497670650482	0.0
agri_aa_oil__Oil_C180_C200	methwin__mCHH__promoter__Zm00001d039021	3	0.019822723079950606	0.019822723079950606	mCHH	promoter	Zm00001d039021	6	168832409	168834314	+	86	0.03317497670650482	0.0
agri_aa_oil__Oil_C180_C200	methwin__mCHH__cis__Zm00001d039021	3	0.019799454839722584	0.019799454839722584	mCHH	cis	Zm00001d039021	6	168832409	168834314	+	212	0.03317497670650482	0.0
agri_aa_oil__Oil_C180_C200	methwin__mCHH__cis__Zm00001d039019	3	0.019794649645955394	0.019794649645955394	mCHH	cis	Zm00001d039019	6	168819645	168820517	-	213	0.03317497670650482	0.0
agri_aa_oil__Oil_C180_C200	methwin__mCHG__gene__Zm00001d012763	3	0.018837469883792615	0.018837469883792615	mCHG	gene	Zm00001d012763	8	180226489	180258297	-	446	0.10172628611326218	0.0
agri_aa_oil__Oil_C180_C200	methwin__mCHG__promoter__Zm00001d002905	3	0.016507546786898326	0.016507546786898326	mCHG	promoter	Zm00001d002905	2	26329482	26339000	+	229	0.11686213314533234	0.0
agri_aa_oil__Oil_C180_C200	methwin__mCHG__promoter__Zm00001d034551	3	-0.01600898968364593	0.01600898968364593	mCHG	promoter	Zm00001d034551	1	296036999	296045917	-	473	0.10142667591571808	0.0
agri_aa_oil__Oil_C180_C200	methwin__mCHG__gene__Zm00001d034551	3	-0.016008122691506064	0.016008122691506064	mCHG	gene	Zm00001d034551	1	296036999	296045917	-	455	0.10142667591571808	0.0
agri_aa_oil__Oil_C180_C200	methwin__mCG__promoter__Zm00001d006173	3	-0.014666596588293725	0.014666596588293725	mCG	promoter	Zm00001d006173	2	200528093	200529370	-	119	0.16296428442001343	0.0
agri_aa_oil__Oil_C180_C200	methwin__mCG__cis__Zm00001d006172	3	-0.014665400211252346	0.014665400211252346	mCG	cis	Zm00001d006172	2	200515460	200522859	-	312	0.16296428442001343	0.0
agri_aa_oil__Oil_C180_C200	methwin__mCG__cis__Zm00001d006173	3	-0.014664352047088637	0.014664352047088637	mCG	cis	Zm00001d006173	2	200528093	200529370	-	311	0.16296428442001343	0.0
agri_aa_oil__Oil_C180_C200	methwin__mCHG__promoter__Zm00001d021812	3	-0.007059322819147686	0.007059322819147686	mCHG	promoter	Zm00001d021812	7	163523848	163526875	-	64	0.13512253761291504	0.0
agri_aa_oil__Oil_C180_C200	methwin__mCHG__cis__Zm00001d021812	3	-0.007057082653030808	0.007057082653030808	mCHG	cis	Zm00001d021812	7	163523848	163526875	-	222	0.13512253761291504	0.0
agri_aa_oil__Oil_C180_C200	methwin__mCHG__cis__Zm00001d021813	3	-0.0070557334346189075	0.0070557334346189075	mCHG	cis	Zm00001d021813	7	163533511	163533846	-	221	0.13512253761291504	0.0
agri_aa_oil__Oil_C180_C200	methwin__mCG__gene__Zm00001d034551	3	-0.006732944980022579	0.006732944980022579	mCG	gene	Zm00001d034551	1	296036999	296045917	-	457	0.12607216835021973	0.0
agri_aa_oil__Oil_C180_C200	methwin__mCHG__promoter__Zm00001d050907	3	0.005806413747420751	0.005806413747420751	mCHG	promoter	Zm00001d050907	4	129650946	129657013	+	135	0.12499397248029709	0.0
agri_aa_oil__Oil_C180_C200	methwin__mCHG__cis__Zm00001d050907	3	0.005804638364177317	0.005804638364177317	mCHG	cis	Zm00001d050907	4	129650946	129657013	+	496	0.12499397248029709	0.0
agri_aa_oil__Oil_C180_C200	methwin__mCG__gene__Zm00001d040674	3	0.004062610017551881	0.004062610017551881	mCG	gene	Zm00001d040674	3	57206032	57206889	-	231	0.14457584917545319	0.0
agri_aa_oil__Oil_C180_C200	methwin__mCG__promoter__Zm00001d040674	3	0.003990760031384176	0.003990760031384176	mCG	promoter	Zm00001d040674	3	57206032	57206889	-	322	0.14457584917545319	0.0
agri_aa_oil__Oil_C180_C200	methwin__mCG__promoter__Zm00001d040673	3	0.0039821864574468985	0.0039821864574468985	mCG	promoter	Zm00001d040673	3	57203920	57204860	-	321	0.14457584917545319	0.0
agri_aa_oil__Oil_C180_C200	methwin__mCHH__gene__Zm00001d014505	2	-0.0651709154216211	0.0651709154216211	mCHH	gene	Zm00001d014505	5	50712597	50712986	-	363	0.004561745561659336	0.0
agri_aa_oil__Oil_C180_C200	methwin__mCHG__promoter__Zm00001d036216	2	0.06515535105292176	0.06515535105292176	mCHG	promoter	Zm00001d036216	6	77518951	77521071	+	462	0.10193254053592682	0.0
agri_aa_oil__Oil_C180_C200	methwin__mCHG__gene__Zm00001d035487	2	0.05694778415108909	0.05694778415108909	mCHG	gene	Zm00001d035487	6	28937404	28984699	-	152	0.12427502125501633	0.0
agri_aa_oil__Oil_C180_C200	methwin__mCG__cis__Zm00001d049173	2	0.04968457410595032	0.04968457410595032	mCG	cis	Zm00001d049173	4	19025176	19028095	-	432	0.15840522944927216	0.0
agri_aa_oil__Oil_C180_C200	methwin__mCHH__cis__Zm00001d017066	2	-0.0493895332698081	0.0493895332698081	mCHH	cis	Zm00001d017066	5	184300283	184307663	-	459	0.02322203852236271	0.0
agri_aa_oil__Oil_C180_C200	methwin__mCHH__cis__Zm00001d017065	2	-0.04938911918133394	0.04938911918133394	mCHH	cis	Zm00001d017065	5	184297682	184298933	-	460	0.02322203852236271	0.0
agri_aa_oil__Oil_C180_C200	methwin__mCG__promoter__Zm00001d045800	2	0.042287052144721046	0.042287052144721046	mCG	promoter	Zm00001d045800	9	39937307	39947203	+	355	0.14292804896831512	0.0
agri_aa_oil__Oil_C180_C200	methwin__mCHH__gene__Zm00001d020185	2	-0.03867678217307206	0.03867678217307206	mCHH	gene	Zm00001d020185	7	98428631	98451742	-	452	0.0032625931780785322	0.0
agri_aa_oil__Oil_C180_C200	methwin__mCG__gene__Zm00001d036655	2	-0.03795463723159451	0.03795463723159451	mCG	gene	Zm00001d036655	6	96564582	96572729	+	447	0.12645463645458221	0.0
agri_aa_oil__Oil_C180_C200	methwin__mCHH__gene__Zm00001d028464	2	0.03765643260374797	0.03765643260374797	mCHH	gene	Zm00001d028464	1	35718861	35785612	+	466	0.003140411339700222	0.0
agri_aa_oil__Oil_C180_C200	methwin__mCG__gene__Zm00001d023351	2	-0.034032485784766364	0.034032485784766364	mCG	gene	Zm00001d023351	10	3949445	3952239	-	171	0.14946483075618744	0.0
agri_aa_oil__Oil_C180_C200	methwin__mCHG__cis__Zm00001d013977	2	0.03196119342930897	0.03196119342930897	mCHG	cis	Zm00001d013977	5	26989614	26990723	-	301	0.1312401294708252	0.0
agri_aa_oil__Oil_C180_C200	methwin__mCG__cis__Zm00001d045928	2	0.03164953470669456	0.03164953470669456	mCG	cis	Zm00001d045928	9	47542843	47543763	+	374	0.16047385334968567	0.0
agri_aa_oil__Oil_C180_C200	methwin__mCG__cis__Zm00001d050389	2	-0.031136045392477447	0.031136045392477447	mCG	cis	Zm00001d050389	4	85370757	85371581	+	36	0.1892920881509781	0.0
agri_aa_oil__Oil_C180_C200	methwin__mCHG__promoter__Zm00001d037249	2	-0.02816923780667631	0.02816923780667631	mCHG	promoter	Zm00001d037249	6	117988295	117990111	-	139	0.12442655116319656	0.0
agri_aa_oil__Oil_C180_C200	methwin__mCHG__gene__Zm00001d040673	2	0.0275450017225289	0.0275450017225289	mCHG	gene	Zm00001d040673	3	57203920	57204860	-	296	0.11105302721261978	0.0
agri_aa_oil__Oil_C180_C200	methwin__mCHH__promoter__Zm00001d014198	2	0.027520812880093372	0.027520812880093372	mCHH	promoter	Zm00001d014198	5	36107594	36109905	+	467	0.011213105171918869	0.0
agri_aa_oil__Oil_C180_C200	methwin__mCG__gene__Zm00001d035392	2	-0.02680770069237031	0.02680770069237031	mCG	gene	Zm00001d035392	6	24057841	24071799	-	130	0.155049666762352	0.0
agri_aa_oil__Oil_C180_C200	methwin__mCG__promoter__Zm00001d035392	2	-0.026802434550677292	0.026802434550677292	mCG	promoter	Zm00001d035392	6	24057841	24071799	-	201	0.155049666762352	0.0
agri_aa_oil__Oil_C180_C200	methwin__mCG__cis__Zm00001d013977	2	0.026551081952871692	0.026551081952871692	mCG	cis	Zm00001d013977	5	26989614	26990723	-	293	0.16386212408542633	0.0
agri_aa_oil__Oil_C180_C200	methwin__mCHH__promoter__Zm00001d038267	2	0.025891972215556586	0.025891972215556586	mCHH	promoter	Zm00001d038267	6	152765549	152768497	+	454	0.011505375616252422	0.0
agri_aa_oil__Oil_C180_C200	methwin__mCG__promoter__Zm00001d042639	2	-0.02337429300188005	0.02337429300188005	mCG	promoter	Zm00001d042639	3	174860172	174893608	-	337	0.14391417801380157	0.0
agri_aa_oil__Oil_C180_C200	methwin__mCHH__gene__Zm00001d041938	2	-0.01964089688963428	0.022504535937730122	mCHH	gene	Zm00001d041938	3	144476750	144493274	-	326	0.005097081419080496	0.0
agri_aa_oil__Oil_C180_C200	methwin__mCHH__gene__Zm00001d009167	2	0.020894255614965	0.020894255614965	mCHH	gene	Zm00001d009167	8	40630094	40633047	+	288	0.005581408739089966	0.0
agri_aa_oil__Oil_C180_C200	methwin__mCHH__gene__Zm00001d011891	2	0.020398759567560383	0.020398759567560383	mCHH	gene	Zm00001d011891	8	164106171	164115399	-	1	0.07217215746641159	0.0
agri_aa_oil__Oil_C180_C200	methwin__mCHH__cis__Zm00001d011891	2	0.020397669028615353	0.020397669028615353	mCHH	cis	Zm00001d011891	8	164106171	164115399	-	8	0.07217215746641159	0.0
agri_aa_oil__Oil_C180_C200	methwin__mCHH__cis__Zm00001d011892	2	0.020397240166545583	0.020397240166545583	mCHH	cis	Zm00001d011892	8	164115327	164117277	+	9	0.07217215746641159	0.0
agri_aa_oil__Oil_C180_C200	methwin__mCG__gene__Zm00001d002166	2	0.01978819762203923	0.01978819762203923	mCG	gene	Zm00001d002166	2	7053614	7066223	+	247	0.14311735332012177	0.0
agri_aa_oil__Oil_C180_C200	methwin__mCHH__gene__Zm00001d009148	2	-0.019356897742192763	0.019356897742192763	mCHH	gene	Zm00001d009148	8	39615377	39627678	-	404	0.003915713168680668	0.0
agri_aa_oil__Oil_C180_C200	methwin__mCHG__cis__Zm00001d007474	2	-0.019231993455610333	0.019231993455610333	mCHG	cis	Zm00001d007474	2	232516766	232520492	-	298	0.1313115507364273	0.0
agri_aa_oil__Oil_C180_C200	methwin__mCHG__gene__Zm00001d034043	2	0.01621403092846208	0.01621403092846208	mCHG	gene	Zm00001d034043	1	282043067	282045983	-	400	0.10394235700368881	0.0
agri_aa_oil__Oil_C180_C200	methwin__mCHH__gene__Zm00001d036895	2	0.015232720860671397	0.015702395401967065	mCHH	gene	Zm00001d036895	6	105843761	105848177	-	99	0.01186850480735302	0.0
agri_aa_oil__Oil_C180_C200	methwin__mCHG__gene__Zm00001d038427	2	0.015309317448635297	0.015309317448635297	mCHG	gene	Zm00001d038427	6	157100732	157101846	+	495	0.09901004284620285	0.0
agri_aa_oil__Oil_C180_C200	methwin__mCG__promoter__Zm00001d032547	2	0.014950021574682466	0.014950021574682466	mCG	promoter	Zm00001d032547	1	230141385	230144429	-	162	0.15848031640052795	0.0
agri_aa_oil__Oil_C180_C200	methwin__mCG__cis__Zm00001d032546	2	0.014949933755244168	0.014949933755244168	mCG	cis	Zm00001d032546	1	230134398	230139442	-	427	0.15848031640052795	0.0
agri_aa_oil__Oil_C180_C200	methwin__mCG__cis__Zm00001d032547	2	0.014949212392855085	0.014949212392855085	mCG	cis	Zm00001d032547	1	230141385	230144429	-	426	0.15848031640052795	0.0
agri_aa_oil__Oil_C180_C200	methwin__mCHG__cis__Zm00001d030573	2	-0.01233207745631229	0.01233207745631229	mCHG	cis	Zm00001d030573	1	144856407	144878212	+	169	0.13808996975421906	0.0
agri_aa_oil__Oil_C180_C200	methwin__mCHG__gene__Zm00001d030573	2	-0.012331543309562787	0.012331543309562787	mCHG	gene	Zm00001d030573	1	144856407	144878212	+	61	0.13808996975421906	0.0
agri_aa_oil__Oil_C180_C200	methwin__mCHG__promoter__Zm00001d046432	2	0.011663958460166097	0.011663958460166097	mCHG	promoter	Zm00001d046432	9	89572426	89572791	-	251	0.11543091386556625	0.0
agri_aa_oil__Oil_C180_C200	methwin__mCHG__gene__Zm00001d046432	2	0.011663288301549937	0.011663288301549937	mCHG	gene	Zm00001d046432	9	89572426	89572791	-	234	0.11543091386556625	0.0
agri_aa_oil__Oil_C180_C200	methwin__mCHG__promoter__Zm00001d004366	2	0.011388887243695427	0.011388887243695427	mCHG	promoter	Zm00001d004366	2	106628660	106630400	-	221	0.11756130307912827	0.0
agri_aa_oil__Oil_C180_C200	methwin__mCG__cis__Zm00001d008990	2	-0.011388362805894864	0.011388362805894864	mCG	cis	Zm00001d008990	8	29048926	29050926	+	451	0.15795880556106567	0.0
agri_aa_oil__Oil_C180_C200	methwin__mCG__cis__Zm00001d008992	2	-0.011386782346734781	0.011386782346734781	mCG	cis	Zm00001d008992	8	29059061	29062663	-	449	0.15795880556106567	0.0
agri_aa_oil__Oil_C180_C200	methwin__mCG__cis__Zm00001d008991	2	-0.011386479983871345	0.011386479983871345	mCG	cis	Zm00001d008991	8	29058300	29058836	-	450	0.15795880556106567	0.0
agri_aa_oil__Oil_C180_C200	methwin__mCHG__cis__Zm00001d014418	2	-0.01048537721313125	0.01048537721313125	mCHG	cis	Zm00001d014418	5	45731508	45735197	+	281	0.13206838071346283	0.0
agri_aa_oil__Oil_C180_C200	methwin__mCG__gene__Zm00001d011181	2	-0.01017365490611361	0.01017365490611361	mCG	gene	Zm00001d011181	8	142208078	142209329	+	104	0.1589677780866623	0.0
agri_aa_oil__Oil_C180_C200	methwin__mCG__promoter__Zm00001d011181	2	-0.010172708346344747	0.010172708346344747	mCG	promoter	Zm00001d011181	8	142208078	142209329	+	159	0.1589677780866623	0.0
agri_aa_oil__Oil_C180_C200	methwin__mCHH__cis__Zm00001d046627	2	0.010142062955842092	0.010142062955842092	mCHH	cis	Zm00001d046627	9	99606470	99609464	+	27	0.06164690479636192	0.0
agri_aa_oil__Oil_C180_C200	methwin__mCHH__cis__Zm00001d046626	2	0.01014076475030294	0.01014076475030294	mCHH	cis	Zm00001d046626	9	99598556	99602330	+	28	0.06164690479636192	0.0
agri_aa_oil__Oil_C180_C200	methwin__mCHH__promoter__Zm00001d046626	2	0.010140483238241548	0.010140483238241548	mCHH	promoter	Zm00001d046626	9	99598556	99602330	+	13	0.06164690479636192	0.0
agri_aa_oil__Oil_C180_C200	methwin__mCHG__gene__Zm00001d045962	2	0.009381400224344196	0.009381400224344196	mCHG	gene	Zm00001d045962	9	50243771	50262642	+	430	0.1025424674153328	0.0
agri_aa_oil__Oil_C180_C200	methwin__mCHG__promoter__Zm00001d040673	2	0.006753703925883266	0.006753703925883266	mCHG	promoter	Zm00001d040673	3	57203920	57204860	-	405	0.10490470379590988	0.0
agri_aa_oil__Oil_C180_C200	methwin__mCHG__promoter__Zm00001d040674	2	0.006673421690961181	0.006673421690961181	mCHG	promoter	Zm00001d040674	3	57206032	57206889	-	404	0.10490470379590988	0.0
agri_aa_oil__Oil_C180_C200	methwin__mCHG__gene__Zm00001d040674	2	0.006583972634725089	0.006583972634725089	mCHG	gene	Zm00001d040674	3	57206032	57206889	-	376	0.10490470379590988	0.0
agri_aa_oil__Oil_C180_C200	methwin__mCHG__cis__Zm00001d044522	2	-0.006366797816062901	0.006366797816062901	mCHG	cis	Zm00001d044522	3	230844221	230846082	-	493	0.12500892579555511	0.0
agri_aa_oil__Oil_C180_C200	methwin__mCHG__cis__Zm00001d044524	2	-0.006363859349029737	0.006363859349029737	mCHG	cis	Zm00001d044524	3	230864963	230866287	-	494	0.12500892579555511	0.0
agri_aa_oil__Oil_C180_C200	methwin__mCHG__promoter__Zm00001d044523	2	-0.006362827306019412	0.006362827306019412	mCHG	promoter	Zm00001d044523	3	230846614	230854667	-	134	0.12500892579555511	0.0
agri_aa_oil__Oil_C180_C200	methwin__mCHG__cis__Zm00001d044523	2	-0.006358078373274718	0.006358078373274718	mCHG	cis	Zm00001d044523	3	230846614	230854667	-	495	0.12500892579555511	0.0
agri_aa_oil__Oil_C180_C200	methwin__mCG__cis__Zm00001d004855	2	-0.004806002659758838	0.004806002659758838	mCG	cis	Zm00001d004855	2	144882980	144890090	-	180	0.1715976893901825	0.0
agri_aa_oil__Oil_C180_C200	methwin__mCG__gene__Zm00001d004855	2	-0.004805554143112531	0.004805554143112531	mCG	gene	Zm00001d004855	2	144882980	144890090	-	37	0.1715976893901825	0.0
agri_aa_oil__Oil_C180_C200	methwin__mCG__gene__Zm00001d002174	2	-0.004110595844347823	0.004110595844347823	mCG	gene	Zm00001d002174	2	7239862	7249041	+	85	0.16132770478725433	0.0
agri_aa_oil__Oil_C180_C200	methwin__mCG__cis__Zm00001d002174	2	-0.004107227067105239	0.004107227067105239	mCG	cis	Zm00001d002174	2	7239862	7249041	+	359	0.16132770478725433	0.0
agri_aa_oil__Oil_C180_C200	methwin__mCG__cis__Zm00001d027957	2	-0.0034869422059825737	0.0034869422059825737	mCG	cis	Zm00001d027957	1	18299864	18321135	-	219	0.16903212666511536	0.0
agri_aa_oil__Oil_C180_C200	methwin__mCG__promoter__Zm00001d027957	2	-0.003486644445742778	0.003486644445742778	mCG	promoter	Zm00001d027957	1	18299864	18321135	-	82	0.16903212666511536	0.0
agri_aa_oil__Oil_C180_C200	methwin__mCG__cis__Zm00001d027958	2	-0.003485862733935121	0.003485862733935121	mCG	cis	Zm00001d027958	1	18324501	18326246	+	218	0.16903212666511536	0.0
agri_aa_oil__Oil_C180_C200	methwin__mCG__cis__Zm00001d029797	2	-0.0028351020172262074	0.0028351020172262074	mCG	cis	Zm00001d029797	1	87442443	87443667	-	403	0.15922844409942627	0.0
agri_aa_oil__Oil_C180_C200	methwin__mCG__cis__Zm00001d029798	2	-0.0028345507563182705	0.0028345507563182705	mCG	cis	Zm00001d029798	1	87447246	87448133	+	402	0.15922844409942627	0.0
agri_aa_oil__Oil_C180_C200	methwin__mCG__gene__Zm00001d029798	2	-0.0028321498761179984	0.0028321498761179984	mCG	gene	Zm00001d029798	1	87447246	87448133	+	102	0.15922844409942627	0.0
agri_aa_oil__Oil_C180_C200	methwin__mCHH__gene__Zm00001d010504	1	0.13439737203260738	0.13439737203260738	mCHH	gene	Zm00001d010504	8	118250736	118254293	+	209	0.00711464136838913	0.0
agri_aa_oil__Oil_C180_C200	methwin__mCHH__gene__Zm00001d016506	1	0.13160437959924737	0.13160437959924737	mCHH	gene	Zm00001d016506	5	165302124	165316460	-	215	0.006966035813093185	0.0
agri_aa_oil__Oil_C180_C200	methwin__mCHH__promoter__Zm00001d010120	1	-0.09938249567093907	0.09938249567093907	mCHH	promoter	Zm00001d010120	8	100001051	100003421	-	376	0.013528149574995041	0.0
agri_aa_oil__Oil_C180_C200	methwin__mCHH__cis__Zm00001d025088	1	0.09819124812499029	0.09819124812499029	mCHH	cis	Zm00001d025088	10	103260097	103261072	+	306	0.027756383642554283	0.0
agri_aa_oil__Oil_C180_C200	methwin__mCHH__gene__Zm00001d040850	1	0.09710032896651302	0.09710032896651302	mCHH	gene	Zm00001d040850	3	71571869	71601459	+	258	0.00605480931699276	0.0
agri_aa_oil__Oil_C180_C200	methwin__mCG__gene__Zm00001d041174	1	-0.08904657580719091	0.08904657580719091	mCG	gene	Zm00001d041174	3	102147008	102147454	+	500	0.12321597337722778	0.0
agri_aa_oil__Oil_C180_C200	methwin__mCHG__gene__Zm00001d009324	1	0.08751907387150032	0.08751907387150032	mCHG	gene	Zm00001d009324	8	55907938	55939303	-	161	0.12255170941352844	0.0
agri_aa_oil__Oil_C180_C200	methwin__mCG__gene__Zm00001d038427	1	0.07891154289583296	0.07891154289583296	mCG	gene	Zm00001d038427	6	157100732	157101846	+	131	0.15452049672603607	0.0
agri_aa_oil__Oil_C180_C200	methwin__mCG__promoter__Zm00001d038427	1	0.07890820233676746	0.07890820233676746	mCG	promoter	Zm00001d038427	6	157100732	157101846	+	205	0.15452049672603607	0.0
agri_aa_oil__Oil_C180_C200	methwin__mCG__gene__Zm00001d019215	1	-0.07521365480910383	0.07521365480910383	mCG	gene	Zm00001d019215	7	22120424	22126437	+	443	0.12673668563365936	0.0
agri_aa_oil__Oil_C180_C200	methwin__mCG__cis__Zm00001d037656	1	-0.07359334867753191	0.07359334867753191	mCG	cis	Zm00001d037656	6	133140745	133141716	+	42	0.1868700534105301	0.0
agri_aa_oil__Oil_C180_C200	methwin__mCHG__gene__Zm00001d036799	1	-0.07341301972938001	0.07341301972938001	mCHG	gene	Zm00001d036799	6	101248218	101249481	-	436	0.10224110633134842	0.0
agri_aa_oil__Oil_C180_C200	methwin__mCHH__promoter__Zm00001d049718	1	0.07113659320456613	0.07113659320456613	mCHH	promoter	Zm00001d049718	4	41325126	41329646	-	327	0.015268937684595585	0.0
agri_aa_oil__Oil_C180_C200	methwin__mCG__gene__Zm00001d004293	1	-0.07029308575341485	0.07029308575341485	mCG	gene	Zm00001d004293	2	100974371	100988003	+	444	0.12670354545116425	0.0
agri_aa_oil__Oil_C180_C200	methwin__mCHG__promoter__Zm00001d006173	1	-0.06998089107104638	0.06998089107104638	mCHG	promoter	Zm00001d006173	2	200528093	200529370	-	235	0.11666251718997955	0.0
agri_aa_oil__Oil_C180_C200	methwin__mCHG__promoter__Zm00001d003835	1	0.06977080910493376	0.06977080910493376	mCHG	promoter	Zm00001d003835	2	61464112	61464516	+	326	0.11023972928524017	0.0
agri_aa_oil__Oil_C180_C200	methwin__mCHG__promoter__Zm00001d034754	1	-0.06969655690689558	0.06969655690689558	mCHG	promoter	Zm00001d034754	1	301379862	301384541	+	44	0.13869354128837585	0.0
agri_aa_oil__Oil_C180_C200	methwin__mCHH__promoter__Zm00001d015670	1	-0.06536719601114911	0.06536719601114911	mCHH	promoter	Zm00001d015670	5	105053495	105053926	-	319	0.015522551722824574	0.0
agri_aa_oil__Oil_C180_C200	methwin__mCHG__gene__Zm00001d003835	1	0.06426547783855703	0.06426547783855703	mCHG	gene	Zm00001d003835	2	61464112	61464516	+	72	0.1361483782529831	0.0
agri_aa_oil__Oil_C180_C200	methwin__mCHH__promoter__Zm00001d026211	1	0.06287889403712799	0.06287889403712799	mCHH	promoter	Zm00001d026211	10	140995440	141000793	-	296	0.016277814283967018	0.0
agri_aa_oil__Oil_C180_C200	methwin__mCHH__gene__Zm00001d033237	1	-0.05996848877625703	0.05996848877625703	mCHH	gene	Zm00001d033237	1	255361226	255391452	-	91	0.012452226132154465	0.0
agri_aa_oil__Oil_C180_C200	methwin__mCHH__gene__Zm00001d017823	1	0.05909228279093412	0.05909228279093412	mCHH	gene	Zm00001d017823	5	207755678	207763540	-	38	0.020126646384596825	0.0
agri_aa_oil__Oil_C180_C200	methwin__mCHH__promoter__Zm00001d006472	1	-0.0587930388452133	0.0587930388452133	mCHH	promoter	Zm00001d006472	2	209323328	209330933	+	473	0.01109862606972456	0.0
agri_aa_oil__Oil_C180_C200	methwin__mCHH__promoter__Zm00001d017468	1	-0.05571894525020228	0.05571894525020228	mCHH	promoter	Zm00001d017468	5	196756823	196759479	+	416	0.0124429352581501	0.0
agri_aa_oil__Oil_C180_C200	methwin__mCHG__gene__Zm00001d030860	1	0.053936240692288466	0.053936240692288466	mCHG	gene	Zm00001d030860	1	164016950	164031018	+	275	0.1126909926533699	0.0
agri_aa_oil__Oil_C180_C200	methwin__mCHG__promoter__Zm00001d002232	1	0.052183055795696945	0.052183055795696945	mCHG	promoter	Zm00001d002232	2	8449826	8451193	+	115	0.1274976283311844	0.0
agri_aa_oil__Oil_C180_C200	methwin__mCG__promoter__Zm00001d011805	1	-0.05177974711051443	0.05177974711051443	mCG	promoter	Zm00001d011805	8	161834426	161839733	-	394	0.1404527723789215	0.0
agri_aa_oil__Oil_C180_C200	methwin__mCG__promoter__Zm00001d024816	1	-0.04992424109606756	0.04992424109606756	mCG	promoter	Zm00001d024816	10	89407915	89426926	-	269	0.1490771621465683	0.0
agri_aa_oil__Oil_C180_C200	methwin__mCHH__gene__Zm00001d023672	1	0.04856010306650879	0.04856010306650879	mCHH	gene	Zm00001d023672	10	14661174	14675235	+	82	0.012907315976917744	0.0
agri_aa_oil__Oil_C180_C200	methwin__mCHG__promoter__Zm00001d050643	1	0.047714197519800085	0.047714197519800085	mCHG	promoter	Zm00001d050643	4	109043904	109048540	+	342	0.1089494451880455	0.0
agri_aa_oil__Oil_C180_C200	methwin__mCHH__gene__Zm00001d033382	1	0.04694084332143881	0.04694084332143881	mCHH	gene	Zm00001d033382	1	261124981	261127284	+	416	0.003841949626803398	0.0
agri_aa_oil__Oil_C180_C200	methwin__mCHG__gene__Zm00001d053553	1	0.04622152546651203	0.04622152546651203	mCHG	gene	Zm00001d053553	4	233807693	233818548	-	172	0.12100652605295181	0.0
agri_aa_oil__Oil_C180_C200	methwin__mCHH__promoter__Zm00001d019613	1	0.045257342421330005	0.045257342421330005	mCHH	promoter	Zm00001d019613	7	46353759	46366865	-	292	0.016432559117674828	0.0
agri_aa_oil__Oil_C180_C200	methwin__mCHH__cis__Zm00001d053853	1	0.044698413117808054	0.044698413117808054	mCHH	cis	Zm00001d053853	4	242214223	242216703	+	479	0.022743936628103256	0.0
agri_aa_oil__Oil_C180_C200	methwin__mCHG__promoter__Zm00001d049701	1	0.04339864264220142	0.04339864264220142	mCHG	promoter	Zm00001d049701	4	40571992	40573652	-	248	0.11593183875083923	0.0
agri_aa_oil__Oil_C180_C200	methwin__mCHG__gene__Zm00001d015789	1	-0.042872707893356676	0.042872707893356676	mCHG	gene	Zm00001d015789	5	119747395	119786599	+	485	0.09972600638866425	0.0
agri_aa_oil__Oil_C180_C200	methwin__mCG__gene__Zm00001d015825	1	-0.04282693474858236	0.04282693474858236	mCG	gene	Zm00001d015825	5	124310981	124316460	-	390	0.1313352733850479	0.0
agri_aa_oil__Oil_C180_C200	methwin__mCG__promoter__Zm00001d030429	1	-0.04231405467402112	0.04231405467402112	mCG	promoter	Zm00001d030429	1	132386406	132390900	-	381	0.14114858210086823	0.0
agri_aa_oil__Oil_C180_C200	methwin__mCHG__promoter__Zm00001d032547	1	0.04138508516989478	0.04138508516989478	mCHG	promoter	Zm00001d032547	1	230141385	230144429	-	162	0.12242375314235687	0.0
agri_aa_oil__Oil_C180_C200	methwin__mCHG__cis__Zm00001d037158	1	0.04032897773834982	0.04032897773834982	mCHG	cis	Zm00001d037158	6	114233341	114234231	+	95	0.1450468897819519	0.0
agri_aa_oil__Oil_C180_C200	methwin__mCG__gene__Zm00001d049134	1	0.0400929257138034	0.0400929257138034	mCG	gene	Zm00001d049134	4	17164717	17175994	+	288	0.13940398395061493	0.0
agri_aa_oil__Oil_C180_C200	methwin__mCHH__gene__Zm00001d044566	1	0.039286298974060704	0.039286298974060704	mCHH	gene	Zm00001d044566	3	231819259	231877498	+	494	0.002608824521303177	0.0
agri_aa_oil__Oil_C180_C200	methwin__mCHG__promoter__Zm00001d054031	1	-0.039033754330706036	0.039033754330706036	mCHG	promoter	Zm00001d054031	4	245306140	245316755	+	325	0.11032242327928543	0.0
agri_aa_oil__Oil_C180_C200	methwin__mCHG__gene__Zm00001d004117	1	-0.03900657942312739	0.03900657942312739	mCHG	gene	Zm00001d004117	2	83616578	83623667	+	231	0.11590122431516647	0.0
agri_aa_oil__Oil_C180_C200	methwin__mCHG__promoter__Zm00001d004117	1	-0.03900553418544876	0.03900553418544876	mCHG	promoter	Zm00001d004117	2	83616578	83623667	+	249	0.11590122431516647	0.0
agri_aa_oil__Oil_C180_C200	methwin__mCHG__gene__Zm00001d027271	1	-0.03844336142360378	0.03844336142360378	mCHG	gene	Zm00001d027271	1	1067813	1073269	-	43	0.1425500214099884	0.0
agri_aa_oil__Oil_C180_C200	methwin__mCG__cis__Zm00001d041565	1	-0.038180676591083804	0.038180676591083804	mCG	cis	Zm00001d041565	3	127284443	127285976	+	392	0.15978552401065826	0.0
agri_aa_oil__Oil_C180_C200	methwin__mCG__promoter__Zm00001d050487	1	-0.03758755806589054	0.03758755806589054	mCG	promoter	Zm00001d050487	4	92644355	92646442	-	490	0.13249051570892334	0.0
agri_aa_oil__Oil_C180_C200	methwin__mCG__gene__Zm00001d050487	1	-0.037584932292723666	0.037584932292723666	mCG	gene	Zm00001d050487	4	92644355	92646442	-	370	0.13249051570892334	0.0
agri_aa_oil__Oil_C180_C200	methwin__mCHH__gene__Zm00001d043882	1	0.036911183973485556	0.036911183973485556	mCHH	gene	Zm00001d043882	3	212853189	212853896	+	461	0.003204717766493559	0.0
agri_aa_oil__Oil_C180_C200	methwin__mCHH__cis__Zm00001d003088	1	-0.03580167268859658	0.03580167268859658	mCHH	cis	Zm00001d003088	2	31840048	31841648	+	52	0.04977414011955261	0.0
agri_aa_oil__Oil_C180_C200	methwin__mCHH__cis__Zm00001d003089	1	-0.03580124194983795	0.03580124194983795	mCHH	cis	Zm00001d003089	2	31848132	31854253	+	53	0.04977414011955261	0.0
agri_aa_oil__Oil_C180_C200	methwin__mCG__gene__Zm00001d025877	1	-0.035042326004630524	0.035042326004630524	mCG	gene	Zm00001d025877	10	132437730	132438584	-	494	0.12353526800870895	0.0
agri_aa_oil__Oil_C180_C200	methwin__mCG__promoter__Zm00001d019519	1	0.03459771217801724	0.03459771217801724	mCG	promoter	Zm00001d019519	7	39543890	39545175	+	232	0.15180087089538574	0.0
agri_aa_oil__Oil_C180_C200	methwin__mCG__promoter__Zm00001d027329	1	0.03440737717897775	0.03440737717897775	mCG	promoter	Zm00001d027329	1	3031993	3036913	+	301	0.14633557200431824	0.0
agri_aa_oil__Oil_C180_C200	methwin__mCHG__promoter__Zm00001d051964	1	-0.03420874291745752	0.03420874291745752	mCHG	promoter	Zm00001d051964	4	175484595	175495683	+	439	0.10336743295192719	0.0
agri_aa_oil__Oil_C180_C200	methwin__mCG__cis__Zm00001d017065	1	-0.034208006514291574	0.034208006514291574	mCG	cis	Zm00001d017065	5	184297682	184298933	-	287	0.16410104930400848	0.0
agri_aa_oil__Oil_C180_C200	methwin__mCHG__gene__Zm00001d036601	1	0.03379059630865535	0.03379059630865535	mCHG	gene	Zm00001d036601	6	94185722	94186524	-	337	0.10806693136692047	0.0
agri_aa_oil__Oil_C180_C200	methwin__mCHG__promoter__Zm00001d036601	1	0.03378992948647688	0.03378992948647688	mCHG	promoter	Zm00001d036601	6	94185722	94186524	-	353	0.10806693136692047	0.0
agri_aa_oil__Oil_C180_C200	methwin__mCHH__gene__Zm00001d008304	1	0.032676312329816874	0.032676312329816874	mCHH	gene	Zm00001d008304	8	4693297	4696140	+	282	0.0056239645928144455	0.0
agri_aa_oil__Oil_C180_C200	methwin__mCHG__gene__Zm00001d023329	1	0.03189914491321867	0.03189914491321867	mCHG	gene	Zm00001d023329	10	3504673	3508509	-	349	0.10717520117759705	0.0
agri_aa_oil__Oil_C180_C200	methwin__mCHG__gene__Zm00001d052318	1	-0.03188390935684857	0.03188390935684857	mCHG	gene	Zm00001d052318	4	187010485	187013768	+	479	0.10007571429014206	0.0
agri_aa_oil__Oil_C180_C200	methwin__mCG__gene__Zm00001d037575	1	0.03176147377178543	0.03176147377178543	mCG	gene	Zm00001d037575	6	130072061	130073002	-	52	0.1689290702342987	0.0
agri_aa_oil__Oil_C180_C200	methwin__mCHH__promoter__Zm00001d033657	1	-0.031669314003046206	0.031669314003046206	mCHH	promoter	Zm00001d033657	1	269826656	269833553	-	26	0.04887308552861214	0.0
agri_aa_oil__Oil_C180_C200	methwin__mCHH__cis__Zm00001d033658	1	-0.03166930160894269	0.03166930160894269	mCHH	cis	Zm00001d033658	1	269838023	269841800	+	60	0.04887308552861214	0.0
agri_aa_oil__Oil_C180_C200	methwin__mCHH__cis__Zm00001d033657	1	-0.031668815478150945	0.031668815478150945	mCHH	cis	Zm00001d033657	1	269826656	269833553	-	59	0.04887308552861214	0.0
agri_aa_oil__Oil_C180_C200	methwin__mCHG__promoter__Zm00001d010681	1	-0.03152344675155352	0.03152344675155352	mCHG	promoter	Zm00001d010681	8	124135102	124137466	-	244	0.11617574840784073	0.0
agri_aa_oil__Oil_C180_C200	methwin__mCG__gene__Zm00001d008304	1	0.03003259955760137	0.03003259955760137	mCG	gene	Zm00001d008304	8	4693297	4696140	+	166	0.1501072496175766	0.0
agri_aa_oil__Oil_C180_C200	methwin__mCG__promoter__Zm00001d008304	1	0.030032587590091586	0.030032587590091586	mCG	promoter	Zm00001d008304	8	4693297	4696140	+	255	0.1501072496175766	0.0
agri_aa_oil__Oil_C180_C200	methwin__mCHG__gene__Zm00001d037593	1	-0.02930909316516158	0.02930909316516158	mCHG	gene	Zm00001d037593	6	130757943	130781728	-	5	0.16423280537128448	0.0
agri_aa_oil__Oil_C180_C200	methwin__mCHG__gene__Zm00001d020516	1	0.029301042583966107	0.029301042583966107	mCHG	gene	Zm00001d020516	7	119982387	119992486	-	151	0.12449929863214493	0.0
agri_aa_oil__Oil_C180_C200	methwin__mCHG__promoter__Zm00001d021897	1	-0.02925404041053816	0.02925404041053816	mCHG	promoter	Zm00001d021897	7	165575276	165577321	-	402	0.10495977103710175	0.0
agri_aa_oil__Oil_C180_C200	methwin__mCG__gene__Zm00001d037579	1	0.028885702325404487	0.028885702325404487	mCG	gene	Zm00001d037579	6	130321257	130351643	-	440	0.12681052088737488	0.0
agri_aa_oil__Oil_C180_C200	methwin__mCHG__cis__Zm00001d013760	1	0.028843616124110284	0.028843616124110284	mCHG	cis	Zm00001d013760	5	19610801	19612276	-	472	0.12549664080142975	0.0
agri_aa_oil__Oil_C180_C200	methwin__mCHG__cis__Zm00001d013759	1	0.02882898973247702	0.02882898973247702	mCHG	cis	Zm00001d013759	5	19607076	19608662	-	473	0.12549664080142975	0.0
agri_aa_oil__Oil_C180_C200	methwin__mCHG__cis__Zm00001d013758	1	0.02878607336272427	0.02878607336272427	mCHG	cis	Zm00001d013758	5	19597622	19600577	+	474	0.12549664080142975	0.0
agri_aa_oil__Oil_C180_C200	methwin__mCHH__cis__Zm00001d046135	1	0.02844337758883208	0.02844337758883208	mCHH	cis	Zm00001d046135	9	65831648	65845159	-	125	0.0390368290245533	0.0
agri_aa_oil__Oil_C180_C200	methwin__mCHH__promoter__Zm00001d046135	1	0.02844260544214966	0.02844260544214966	mCHH	promoter	Zm00001d046135	9	65831648	65845159	-	51	0.0390368290245533	0.0
agri_aa_oil__Oil_C180_C200	methwin__mCHH__promoter__Zm00001d010402	1	-0.02792445130872301	0.02792445130872301	mCHH	promoter	Zm00001d010402	8	113056986	113057636	+	66	0.03562040254473686	0.0
agri_aa_oil__Oil_C180_C200	methwin__mCHH__cis__Zm00001d010403	1	-0.027910880663887926	0.027910880663887926	mCHH	cis	Zm00001d010403	8	113059177	113063728	-	169	0.03562040254473686	0.0
agri_aa_oil__Oil_C180_C200	methwin__mCHH__cis__Zm00001d010402	1	-0.027906080219686387	0.027906080219686387	mCHH	cis	Zm00001d010402	8	113056986	113057636	+	168	0.03562040254473686	0.0
agri_aa_oil__Oil_C180_C200	methwin__mCG__gene__Zm00001d025683	1	-0.027727549363792164	0.027727549363792164	mCG	gene	Zm00001d025683	10	126173574	126174168	-	283	0.1400296837091446	0.0
agri_aa_oil__Oil_C180_C200	methwin__mCG__gene__Zm00001d034164	1	-0.027641085621456854	0.027641085621456854	mCG	gene	Zm00001d034164	1	285585484	285591541	+	208	0.14682157337665558	0.0
agri_aa_oil__Oil_C180_C200	methwin__mCHG__promoter__Zm00001d005351	1	-0.027056095868447688	0.027056095868447688	mCHG	promoter	Zm00001d005351	2	170643478	170644746	-	296	0.1122937723994255	0.0
agri_aa_oil__Oil_C180_C200	methwin__mCG__cis__Zm00001d013758	1	0.027047926350074213	0.027047926350074213	mCG	cis	Zm00001d013758	5	19597622	19600577	+	475	0.15699847042560577	0.0
agri_aa_oil__Oil_C180_C200	methwin__mCG__cis__Zm00001d013760	1	0.027002761423594875	0.027002761423594875	mCG	cis	Zm00001d013760	5	19610801	19612276	-	476	0.15699847042560577	0.0
agri_aa_oil__Oil_C180_C200	methwin__mCG__cis__Zm00001d013759	1	0.026996710270150326	0.026996710270150326	mCG	cis	Zm00001d013759	5	19607076	19608662	-	474	0.15699847042560577	0.0
agri_aa_oil__Oil_C180_C200	methwin__mCHG__promoter__Zm00001d005540	1	0.02685361780368697	0.02685361780368697	mCHG	promoter	Zm00001d005540	2	178070483	178072538	+	429	0.10364454239606857	0.0
agri_aa_oil__Oil_C180_C200	methwin__mCHG__cis__Zm00001d016655	1	0.02661881686169504	0.02661881686169504	mCHG	cis	Zm00001d016655	5	171545327	171545746	-	343	0.12964363396167755	0.0
agri_aa_oil__Oil_C180_C200	methwin__mCG__promoter__Zm00001d032478	1	-0.025988786627249235	0.025988786627249235	mCG	promoter	Zm00001d032478	1	228035780	228036940	+	13	0.18718492984771729	0.0
agri_aa_oil__Oil_C180_C200	methwin__mCHH__promoter__Zm00001d023248	1	0.025845089970267483	0.025845089970267483	mCHH	promoter	Zm00001d023248	10	1456929	1458449	+	472	0.011119210161268711	0.0
agri_aa_oil__Oil_C180_C200	methwin__mCG__cis__Zm00001d009667	1	-0.025281509408065492	0.025281509408065492	mCG	cis	Zm00001d009667	8	75122095	75124917	-	143	0.1746228039264679	0.0
agri_aa_oil__Oil_C180_C200	methwin__mCG__promoter__Zm00001d009667	1	-0.02528113005103104	0.02528113005103104	mCG	promoter	Zm00001d009667	8	75122095	75124917	-	54	0.1746228039264679	0.0
agri_aa_oil__Oil_C180_C200	methwin__mCG__cis__Zm00001d009666	1	-0.02528047494183538	0.02528047494183538	mCG	cis	Zm00001d009666	8	75117321	75122209	+	142	0.1746228039264679	0.0
agri_aa_oil__Oil_C180_C200	methwin__mCHG__gene__Zm00001d010619	1	-0.02456786621865431	0.02456786621865431	mCHG	gene	Zm00001d010619	8	122046356	122048785	+	187	0.11973222345113754	0.0
agri_aa_oil__Oil_C180_C200	methwin__mCHG__gene__Zm00001d010618	1	-0.0245671171216229	0.0245671171216229	mCHG	gene	Zm00001d010618	8	122041622	122047006	-	188	0.11973222345113754	0.0
agri_aa_oil__Oil_C180_C200	methwin__mCHG__promoter__Zm00001d010619	1	-0.024546336110697665	0.024546336110697665	mCHG	promoter	Zm00001d010619	8	122046356	122048785	+	200	0.11973222345113754	0.0
agri_aa_oil__Oil_C180_C200	methwin__mCHG__promoter__Zm00001d010618	1	-0.024538737048279427	0.024538737048279427	mCHG	promoter	Zm00001d010618	8	122041622	122047006	-	199	0.11973222345113754	0.0
agri_aa_oil__Oil_C180_C200	methwin__mCHH__gene__Zm00001d002418	1	-0.024451303504942963	0.024451303504942963	mCHH	gene	Zm00001d002418	2	12281370	12292546	+	482	0.002820158377289772	0.0
agri_aa_oil__Oil_C180_C200	methwin__mCG__gene__Zm00001d004323	1	-0.02365899617299159	0.02365899617299159	mCG	gene	Zm00001d004323	2	103087361	103088798	+	27	0.17461878061294556	0.0
agri_aa_oil__Oil_C180_C200	methwin__mCG__cis__Zm00001d004323	1	-0.023658654626328515	0.023658654626328515	mCG	cis	Zm00001d004323	2	103087361	103088798	+	144	0.17461878061294556	0.0
agri_aa_oil__Oil_C180_C200	methwin__mCG__cis__Zm00001d011482	1	0.02347828307558278	0.02347828307558278	mCG	cis	Zm00001d011482	8	151853169	151853642	+	201	0.1700461208820343	0.0
agri_aa_oil__Oil_C180_C200	methwin__mCG__promoter__Zm00001d011482	1	0.023478065055937147	0.023478065055937147	mCG	promoter	Zm00001d011482	8	151853169	151853642	+	73	0.1700461208820343	0.0
agri_aa_oil__Oil_C180_C200	methwin__mCHH__cis__Zm00001d008858	1	-0.022753320548261152	0.022753320548261152	mCHH	cis	Zm00001d008858	8	22865173	22869630	+	498	0.022259419783949852	0.0
agri_aa_oil__Oil_C180_C200	methwin__mCHH__cis__Zm00001d008859	1	-0.022750164325704734	0.022750164325704734	mCHH	cis	Zm00001d008859	8	22870098	22873800	-	499	0.022259419783949852	0.0
agri_aa_oil__Oil_C180_C200	methwin__mCHH__promoter__Zm00001d009230	1	0.02270224408888426	0.02270224408888426	mCHH	promoter	Zm00001d009230	8	45227427	45230530	+	391	0.013183820992708206	0.0
agri_aa_oil__Oil_C180_C200	methwin__mCG__cis__Zm00001d013310	1	-0.02214119432249789	0.02214119432249789	mCG	cis	Zm00001d013310	5	8294262	8298162	-	11	0.19730675220489502	0.0
agri_aa_oil__Oil_C180_C200	methwin__mCG__cis__Zm00001d013309	1	-0.022140849780893708	0.022140849780893708	mCG	cis	Zm00001d013309	5	8293227	8293556	+	10	0.19730675220489502	0.0
agri_aa_oil__Oil_C180_C200	methwin__mCG__cis__Zm00001d016655	1	0.021845878823733296	0.021845878823733296	mCG	cis	Zm00001d016655	5	171545327	171545746	-	343	0.1617341786623001	0.0
agri_aa_oil__Oil_C180_C200	methwin__mCHH__promoter__Zm00001d037249	1	-0.02156890185145786	0.02156890185145786	mCHH	promoter	Zm00001d037249	6	117988295	117990111	-	275	0.017133159562945366	0.0
agri_aa_oil__Oil_C180_C200	methwin__mCHG__gene__Zm00001d015613	1	0.021069985219264942	0.021069985219264942	mCHG	gene	Zm00001d015613	5	101139084	101148261	+	46	0.14167797565460205	0.0
agri_aa_oil__Oil_C180_C200	methwin__mCHG__cis__Zm00001d015614	1	0.021069582538208165	0.021069582538208165	mCHG	cis	Zm00001d015614	5	101152012	101152926	+	120	0.14167797565460205	0.0
agri_aa_oil__Oil_C180_C200	methwin__mCHG__cis__Zm00001d015613	1	0.02106943482137274	0.02106943482137274	mCHG	cis	Zm00001d015613	5	101139084	101148261	+	121	0.14167797565460205	0.0
agri_aa_oil__Oil_C180_C200	methwin__mCHG__cis__Zm00001d002452	1	-0.02082509583649066	0.02082509583649066	mCHG	cis	Zm00001d002452	2	13068292	13071803	-	253	0.13376270234584808	0.0
agri_aa_oil__Oil_C180_C200	methwin__mCG__cis__Zm00001d014202	1	-0.019786492442765494	0.019786492442765494	mCG	cis	Zm00001d014202	5	36415442	36416245	+	280	0.16431832313537598	0.0
agri_aa_oil__Oil_C180_C200	methwin__mCG__gene__Zm00001d014202	1	-0.019785875612866214	0.019785875612866214	mCG	gene	Zm00001d014202	5	36415442	36416245	+	67	0.16431832313537598	0.0
agri_aa_oil__Oil_C180_C200	methwin__mCHH__cis__Zm00001d026368	1	0.018926286612439985	0.018926286612439985	mCHH	cis	Zm00001d026368	10	144424159	144426437	-	178	0.034990184009075165	0.0
agri_aa_oil__Oil_C180_C200	methwin__mCHH__cis__Zm00001d026366	1	0.018919065081762092	0.018919065081762092	mCHH	cis	Zm00001d026366	10	144415204	144421773	-	176	0.034990184009075165	0.0
agri_aa_oil__Oil_C180_C200	methwin__mCHH__promoter__Zm00001d026367	1	0.018915352510480845	0.018915352510480845	mCHH	promoter	Zm00001d026367	10	144422318	144422683	-	71	0.034990184009075165	0.0
agri_aa_oil__Oil_C180_C200	methwin__mCHH__promoter__Zm00001d026366	1	0.018908951763953737	0.018908951763953737	mCHH	promoter	Zm00001d026366	10	144415204	144421773	-	70	0.034990184009075165	0.0
agri_aa_oil__Oil_C180_C200	methwin__mCHH__cis__Zm00001d026367	1	0.01890719659167788	0.01890719659167788	mCHH	cis	Zm00001d026367	10	144422318	144422683	-	177	0.034990184009075165	0.0
agri_aa_oil__Oil_C180_C200	methwin__mCG__promoter__Zm00001d029071	1	-0.01875737452873025	0.01875737452873025	mCG	promoter	Zm00001d029071	1	57045275	57045843	+	414	0.13839122653007507	0.0
agri_aa_oil__Oil_C180_C200	methwin__mCG__gene__Zm00001d002433	1	-0.01843021688190128	0.01843021688190128	mCG	gene	Zm00001d002433	2	12559556	12564353	+	484	0.12401892244815826	0.0
agri_aa_oil__Oil_C180_C200	methwin__mCHH__gene__Zm00001d006456	1	-0.018429915538049475	0.018429915538049475	mCHH	gene	Zm00001d006456	2	208770104	208775751	-	74	0.01345212385058403	0.0
agri_aa_oil__Oil_C180_C200	methwin__mCG__promoter__Zm00001d050256	1	-0.018419856288390445	0.018419856288390445	mCG	promoter	Zm00001d050256	4	76976633	76985641	+	152	0.15928839147090912	0.0
agri_aa_oil__Oil_C180_C200	methwin__mCG__cis__Zm00001d050256	1	-0.01841951914076005	0.01841951914076005	mCG	cis	Zm00001d050256	4	76976633	76985641	+	399	0.15928839147090912	0.0
agri_aa_oil__Oil_C180_C200	methwin__mCG__gene__Zm00001d012763	1	0.018417059512042273	0.018417059512042273	mCG	gene	Zm00001d012763	8	180226489	180258297	-	315	0.13751408457756042	0.0
agri_aa_oil__Oil_C180_C200	methwin__mCG__cis__Zm00001d007474	1	-0.018141696075497267	0.018141696075497267	mCG	cis	Zm00001d007474	2	232516766	232520492	-	74	0.18060164153575897	0.0
agri_aa_oil__Oil_C180_C200	methwin__mCHH__cis__Zm00001d014083	1	0.017721521262585364	0.017721521262585364	mCHH	cis	Zm00001d014083	5	31745001	31747554	-	331	0.02707488462328911	0.0
agri_aa_oil__Oil_C180_C200	methwin__mCHH__cis__Zm00001d014082	1	0.01771989365952965	0.01771989365952965	mCHH	cis	Zm00001d014082	5	31741154	31742727	+	332	0.02707488462328911	0.0
agri_aa_oil__Oil_C180_C200	methwin__mCHH__promoter__Zm00001d014083	1	0.017719080551501128	0.017719080551501128	mCHH	promoter	Zm00001d014083	5	31745001	31747554	-	133	0.02707488462328911	0.0
agri_aa_oil__Oil_C180_C200	methwin__mCG__gene__Zm00001d035989	1	-0.017688848263580286	0.017688848263580286	mCG	gene	Zm00001d035989	6	64968486	64975065	+	348	0.1342121809720993	0.0
agri_aa_oil__Oil_C180_C200	methwin__mCHG__promoter__Zm00001d050698	1	-0.01766590782690762	0.01766590782690762	mCHG	promoter	Zm00001d050698	4	116657649	116658845	+	497	0.09990490227937698	0.0
agri_aa_oil__Oil_C180_C200	methwin__mCG__gene__Zm00001d015482	1	0.01754446870969399	0.01754446870969399	mCG	gene	Zm00001d015482	5	92848176	92848523	+	410	0.12973350286483765	0.0
agri_aa_oil__Oil_C180_C200	methwin__mCHG__promoter__Zm00001d027329	1	0.017398102497437222	0.017398102497437222	mCHG	promoter	Zm00001d027329	1	3031993	3036913	+	316	0.11108033359050751	0.0
agri_aa_oil__Oil_C180_C200	methwin__mCHG__promoter__Zm00001d010234	1	-0.01737378043230324	0.01737378043230324	mCHG	promoter	Zm00001d010234	8	105238117	105240069	-	334	0.10955400764942169	0.0
agri_aa_oil__Oil_C180_C200	methwin__mCG__cis__Zm00001d037580	1	-0.01662863925891656	0.01662863925891656	mCG	cis	Zm00001d037580	6	130371261	130381077	-	31	0.19054540991783142	0.0
agri_aa_oil__Oil_C180_C200	methwin__mCHG__cis__Zm00001d031104	1	0.016383539534621985	0.016383539534621985	mCHG	cis	Zm00001d031104	1	177428041	177432794	-	36	0.1544034779071808	0.0
agri_aa_oil__Oil_C180_C200	methwin__mCHG__gene__Zm00001d031104	1	0.0163829697347689	0.0163829697347689	mCHG	gene	Zm00001d031104	1	177428041	177432794	-	12	0.1544034779071808	0.0
agri_aa_oil__Oil_C180_C200	methwin__mCHG__cis__Zm00001d031103	1	0.016382689534423286	0.016382689534423286	mCHG	cis	Zm00001d031103	1	177422604	177422932	-	37	0.1544034779071808	0.0
agri_aa_oil__Oil_C180_C200	methwin__mCHH__gene__Zm00001d041142	1	0.015958776312983692	0.015958776312983692	mCHH	gene	Zm00001d041142	3	100232730	100240533	+	142	0.009223509579896927	0.0
agri_aa_oil__Oil_C180_C200	methwin__mCHH__gene__Zm00001d025129	1	-0.01577300947460547	0.01577300947460547	mCHH	gene	Zm00001d025129	10	105652923	105676382	+	37	0.020631536841392517	0.0
agri_aa_oil__Oil_C180_C200	methwin__mCHH__promoter__Zm00001d020272	1	0.015754214575208408	0.015754214575208408	mCHH	promoter	Zm00001d020272	7	103496049	103498536	-	34	0.045969102531671524	0.0
agri_aa_oil__Oil_C180_C200	methwin__mCHH__cis__Zm00001d020272	1	0.015751295409429288	0.015751295409429288	mCHH	cis	Zm00001d020272	7	103496049	103498536	-	76	0.045969102531671524	0.0
agri_aa_oil__Oil_C180_C200	methwin__mCHH__cis__Zm00001d004407	1	0.015472844365224562	0.015472844365224562	mCHH	cis	Zm00001d004407	2	110120314	110125179	+	222	0.032627515494823456	0.0
agri_aa_oil__Oil_C180_C200	methwin__mCHH__promoter__Zm00001d004407	1	0.015471213409277361	0.015471213409277361	mCHH	promoter	Zm00001d004407	2	110120314	110125179	+	89	0.032627515494823456	0.0
agri_aa_oil__Oil_C180_C200	methwin__mCHG__promoter__Zm00001d017706	1	-0.0142032454014033	0.0142032454014033	mCHG	promoter	Zm00001d017706	5	204700264	204702470	-	92	0.13106615841388702	0.0
agri_aa_oil__Oil_C180_C200	methwin__mCHG__cis__Zm00001d017706	1	-0.01419950117384194	0.01419950117384194	mCHG	cis	Zm00001d017706	5	204700264	204702470	-	309	0.13106615841388702	0.0
agri_aa_oil__Oil_C180_C200	methwin__mCHH__cis__Zm00001d027317	1	-0.01370014806684518	0.01370014806684518	mCHH	cis	Zm00001d027317	1	2818955	2826611	+	400	0.024888476356863976	0.0
agri_aa_oil__Oil_C180_C200	methwin__mCHH__cis__Zm00001d027318	1	-0.01369778442888951	0.01369778442888951	mCHH	cis	Zm00001d027318	1	2827035	2829836	-	401	0.024888476356863976	0.0
agri_aa_oil__Oil_C180_C200	methwin__mCHH__promoter__Zm00001d027318	1	-0.013696540053279768	0.013696540053279768	mCHH	promoter	Zm00001d027318	1	2827035	2829836	-	162	0.024888476356863976	0.0
agri_aa_oil__Oil_C180_C200	methwin__mCHG__gene__Zm00001d015482	1	0.013436492056954089	0.013436492056954089	mCHG	gene	Zm00001d015482	5	92848176	92848523	+	390	0.10433824360370636	0.0
agri_aa_oil__Oil_C180_C200	methwin__mCHG__promoter__Zm00001d015482	1	0.013420513340977486	0.013420513340977486	mCHG	promoter	Zm00001d015482	5	92848176	92848523	+	417	0.10433824360370636	0.0
agri_aa_oil__Oil_C180_C200	methwin__mCG__promoter__Zm00001d049640	1	-0.013397276591887195	0.013397276591887195	mCG	promoter	Zm00001d049640	4	38547753	38551529	+	274	0.1486034095287323	0.0
agri_aa_oil__Oil_C180_C200	methwin__mCHH__promoter__Zm00001d025952	1	0.013266897276150975	0.013266897276150975	mCHH	promoter	Zm00001d025952	10	134584596	134585561	+	364	0.013840599916875362	0.0
agri_aa_oil__Oil_C180_C200	methwin__mCHH__gene__Zm00001d030661	1	-0.013007561893022584	0.013007561893022584	mCHH	gene	Zm00001d030661	1	151627586	151634045	+	133	0.009644027799367905	0.0
agri_aa_oil__Oil_C180_C200	methwin__mCG__gene__Zm00001d008488	1	-0.012718590709518975	0.012718590709518975	mCG	gene	Zm00001d008488	8	9999360	10008150	-	359	0.13341058790683746	0.0
agri_aa_oil__Oil_C180_C200	methwin__mCHG__promoter__Zm00001d011181	1	-0.012690649779621819	0.012690649779621819	mCHG	promoter	Zm00001d011181	8	142208078	142209329	+	164	0.12217927724123001	0.0
agri_aa_oil__Oil_C180_C200	methwin__mCHG__gene__Zm00001d011181	1	-0.012690588407335635	0.012690588407335635	mCHG	gene	Zm00001d011181	8	142208078	142209329	+	165	0.12217927724123001	0.0
agri_aa_oil__Oil_C180_C200	methwin__mCHG__cis__Zm00001d005764	1	0.012605251091843975	0.012605251091843975	mCHG	cis	Zm00001d005764	2	187147474	187151967	+	445	0.12667706608772278	0.0
agri_aa_oil__Oil_C180_C200	methwin__mCG__promoter__Zm00001d044713	1	0.012485082601981863	0.012485082601981863	mCG	promoter	Zm00001d044713	3	235584805	235589368	-	334	0.14399152994155884	0.0
agri_aa_oil__Oil_C180_C200	methwin__mCG__promoter__Zm00001d031738	1	0.012359102219375846	0.012359102219375846	mCG	promoter	Zm00001d031738	1	200303755	200305654	+	444	0.13634411990642548	0.0
agri_aa_oil__Oil_C180_C200	methwin__mCHG__gene__Zm00001d005380	1	0.01233393388458059	0.01233393388458059	mCHG	gene	Zm00001d005380	2	171672859	171673083	-	63	0.13776664435863495	0.0
agri_aa_oil__Oil_C180_C200	methwin__mCHG__promoter__Zm00001d005380	1	0.012294930086415874	0.012294930086415874	mCHG	promoter	Zm00001d005380	2	171672859	171673083	-	53	0.13776664435863495	0.0
agri_aa_oil__Oil_C180_C200	methwin__mCHG__cis__Zm00001d005380	1	0.012286639660848276	0.012286639660848276	mCHG	cis	Zm00001d005380	2	171672859	171673083	-	184	0.13776664435863495	0.0
agri_aa_oil__Oil_C180_C200	methwin__mCHG__promoter__Zm00001d005379	1	0.012220407510237194	0.012220407510237194	mCHG	promoter	Zm00001d005379	2	171672039	171672263	-	54	0.13776664435863495	0.0
agri_aa_oil__Oil_C180_C200	methwin__mCHG__cis__Zm00001d005379	1	0.012206774131282737	0.012206774131282737	mCHG	cis	Zm00001d005379	2	171672039	171672263	-	185	0.13776664435863495	0.0
agri_aa_oil__Oil_C180_C200	methwin__mCHG__promoter__Zm00001d028710	1	-0.012080456289350035	0.012080456289350035	mCHG	promoter	Zm00001d028710	1	43905140	43907073	+	38	0.13966329395771027	0.0
agri_aa_oil__Oil_C180_C200	methwin__mCHH__promoter__Zm00001d010060	1	-0.012074950926048716	0.012074950926048716	mCHH	promoter	Zm00001d010060	8	97570198	97574373	-	469	0.011140632443130016	0.0
agri_aa_oil__Oil_C180_C200	methwin__mCG__gene__Zm00001d052318	1	-0.011984892398108078	0.011984892398108078	mCG	gene	Zm00001d052318	4	187010485	187013768	+	190	0.14793197810649872	0.0
agri_aa_oil__Oil_C180_C200	methwin__mCHH__promoter__Zm00001d033899	1	-0.011722228469132942	0.011722228469132942	mCHH	promoter	Zm00001d033899	1	278051515	278051762	-	491	0.010792459361255169	0.0
agri_aa_oil__Oil_C180_C200	methwin__mCHG__gene__Zm00001d042706	1	-0.010795579085494215	0.010795579085494215	mCHG	gene	Zm00001d042706	3	177609579	177634652	+	302	0.11057570576667786	0.0
agri_aa_oil__Oil_C180_C200	methwin__mCG__cis__Zm00001d020964	1	0.010736095668445036	0.010736095668445036	mCG	cis	Zm00001d020964	7	138114949	138117085	-	303	0.16348984837532043	0.0
agri_aa_oil__Oil_C180_C200	methwin__mCG__gene__Zm00001d011488	1	-0.010729452624063673	0.010729452624063673	mCG	gene	Zm00001d011488	8	152107228	152107913	+	147	0.15268437564373016	0.0
agri_aa_oil__Oil_C180_C200	methwin__mCG__gene__Zm00001d020964	1	0.010728881830055749	0.010728881830055749	mCG	gene	Zm00001d020964	7	138114949	138117085	-	73	0.16348984837532043	0.0
agri_aa_oil__Oil_C180_C200	methwin__mCG__cis__Zm00001d020965	1	0.010722676775622112	0.010722676775622112	mCG	cis	Zm00001d020965	7	138116641	138122918	+	302	0.16348984837532043	0.0
agri_aa_oil__Oil_C180_C200	methwin__mCG__promoter__Zm00001d020965	1	0.010704419182915982	0.010704419182915982	mCG	promoter	Zm00001d020965	7	138116641	138122918	+	115	0.16348984837532043	0.0
agri_aa_oil__Oil_C180_C200	methwin__mCHH__gene__Zm00001d034929	1	0.01066654015741024	0.01066654015741024	mCHH	gene	Zm00001d034929	1	305907516	305922174	+	312	0.005277605727314949	0.0
agri_aa_oil__Oil_C180_C200	methwin__mCHG__promoter__Zm00001d014914	1	0.010489807264808047	0.010489807264808047	mCHG	promoter	Zm00001d014914	5	68025894	68027081	+	245	0.11614302545785904	0.0
agri_aa_oil__Oil_C180_C200	methwin__mCHG__promoter__Zm00001d009667	1	-0.010353719386594445	0.010353719386594445	mCHG	promoter	Zm00001d009667	8	75122095	75124917	-	396	0.10525823384523392	0.0
agri_aa_oil__Oil_C180_C200	methwin__mCHG__gene__Zm00001d002770	1	0.009937383610021455	0.009937383610021455	mCHG	gene	Zm00001d002770	2	22115028	22130846	+	199	0.11841601878404617	0.0
agri_aa_oil__Oil_C180_C200	methwin__mCHH__cis__Zm00001d040595	1	0.009280695414597123	0.009280695414597123	mCHH	cis	Zm00001d040595	3	52236536	52237647	+	67	0.04717601090669632	0.0
agri_aa_oil__Oil_C180_C200	methwin__mCHH__promoter__Zm00001d040595	1	0.009280588012241194	0.009280588012241194	mCHH	promoter	Zm00001d040595	3	52236536	52237647	+	30	0.04717601090669632	0.0
agri_aa_oil__Oil_C180_C200	methwin__mCHG__cis__Zm00001d034732	1	0.00841904307209363	0.00841904307209363	mCHG	cis	Zm00001d034732	1	300946909	300949101	-	398	0.12776830792427063	0.0
agri_aa_oil__Oil_C180_C200	methwin__mCHG__promoter__Zm00001d034732	1	0.008352361721577209	0.008352361721577209	mCHG	promoter	Zm00001d034732	1	300946909	300949101	-	111	0.12776830792427063	0.0
agri_aa_oil__Oil_C180_C200	methwin__mCHG__cis__Zm00001d034731	1	0.008290307378488593	0.008290307378488593	mCHG	cis	Zm00001d034731	1	300940580	300942400	-	399	0.12776830792427063	0.0
agri_aa_oil__Oil_C180_C200	methwin__mCHG__cis__Zm00001d047959	1	0.008034996521447669	0.008034996521447669	mCHG	cis	Zm00001d047959	9	146177824	146180454	+	234	0.13468800485134125	0.0
agri_aa_oil__Oil_C180_C200	methwin__mCHG__cis__Zm00001d047958	1	0.008034340950210888	0.008034340950210888	mCHG	cis	Zm00001d047958	9	146174889	146177189	-	233	0.13468800485134125	0.0
agri_aa_oil__Oil_C180_C200	methwin__mCHG__gene__Zm00001d047959	1	0.008032664375137336	0.008032664375137336	mCHG	gene	Zm00001d047959	9	146177824	146180454	+	81	0.13468800485134125	0.0
agri_aa_oil__Oil_C180_C200	methwin__mCHG__promoter__Zm00001d047958	1	0.008032534831680834	0.008032534831680834	mCHG	promoter	Zm00001d047958	9	146174889	146177189	-	70	0.13468800485134125	0.0
agri_aa_oil__Oil_C180_C200	methwin__mCHG__gene__Zm00001d036864	1	-0.007758852435224821	0.007758852435224821	mCHG	gene	Zm00001d036864	6	104417769	104426263	-	460	0.1012236475944519	0.0
agri_aa_oil__Oil_C180_C200	methwin__mCHH__gene__Zm00001d005077	1	0.007661247871549379	0.007661247871549379	mCHH	gene	Zm00001d005077	2	157581551	157582657	+	481	0.002874000696465373	0.0
agri_aa_oil__Oil_C180_C200	methwin__mCHG__gene__Zm00001d002246	1	0.0075549329227410054	0.0075549329227410054	mCHG	gene	Zm00001d002246	2	8903282	8911060	+	194	0.11884091049432755	0.0
agri_aa_oil__Oil_C180_C200	methwin__mCHH__cis__Zm00001d015590	1	-0.007471935076354979	0.007471935076354979	mCHH	cis	Zm00001d015590	5	100034690	100036363	-	161	0.035972535610198975	0.0
agri_aa_oil__Oil_C180_C200	methwin__mCHH__cis__Zm00001d015589	1	-0.007466833419058869	0.007466833419058869	mCHH	cis	Zm00001d015589	5	100023067	100024804	+	160	0.035972535610198975	0.0
agri_aa_oil__Oil_C180_C200	methwin__mCG__cis__Zm00001d013497	1	-0.007393351749843283	0.007393351749843283	mCG	cis	Zm00001d013497	5	12787522	12789765	-	125	0.17593668401241302	0.0
agri_aa_oil__Oil_C180_C200	methwin__mCG__gene__Zm00001d013497	1	-0.007393332643447704	0.007393332643447704	mCG	gene	Zm00001d013497	5	12787522	12789765	-	22	0.17593668401241302	0.0
agri_aa_oil__Oil_C180_C200	methwin__mCG__cis__Zm00001d013496	1	-0.00739242972336375	0.00739242972336375	mCG	cis	Zm00001d013496	5	12780039	12785325	+	126	0.17593668401241302	0.0
agri_aa_oil__Oil_C180_C200	methwin__mCG__cis__Zm00001d023904	1	-0.00694375891316951	0.00694375891316951	mCG	cis	Zm00001d023904	10	27313349	27316275	-	457	0.1577954888343811	0.0
agri_aa_oil__Oil_C180_C200	methwin__mCG__gene__Zm00001d046432	1	0.006640133898413678	0.006640133898413678	mCG	gene	Zm00001d046432	9	89572426	89572791	-	435	0.1273062825202942	0.0
agri_aa_oil__Oil_C180_C200	methwin__mCHH__gene__Zm00001d012386	1	0.00638388993794104	0.00638388993794104	mCHH	gene	Zm00001d012386	8	173297691	173298439	-	334	0.004941035062074661	0.0
agri_aa_oil__Oil_C180_C200	methwin__mCHH__gene__Zm00001d012385	1	0.006378553049418653	0.006378553049418653	mCHH	gene	Zm00001d012385	8	173294790	173300056	+	333	0.004941035062074661	0.0
agri_aa_oil__Oil_C180_C200	methwin__mCHH__cis__Zm00001d045859	1	0.006367680872245444	0.006367680872245444	mCHH	cis	Zm00001d045859	9	44202947	44204954	+	197	0.03413306549191475	0.0
agri_aa_oil__Oil_C180_C200	methwin__mCHH__cis__Zm00001d045858	1	0.006367454630620661	0.006367454630620661	mCHH	cis	Zm00001d045858	9	44196118	44198630	+	198	0.03413306549191475	0.0
agri_aa_oil__Oil_C180_C200	methwin__mCHH__promoter__Zm00001d045859	1	0.006365162703005385	0.006365162703005385	mCHH	promoter	Zm00001d045859	9	44202947	44204954	+	80	0.03413306549191475	0.0
agri_aa_oil__Oil_C180_C200	methwin__mCG__promoter__Zm00001d018017	1	-0.006231618302169256	0.006231618302169256	mCG	promoter	Zm00001d018017	5	212204911	212205450	-	474	0.13472238183021545	0.0
agri_aa_oil__Oil_C180_C200	methwin__mCG__promoter__Zm00001d050463	1	0.006153155964602814	0.006153155964602814	mCG	promoter	Zm00001d050463	4	90402428	90420961	-	412	0.1385597288608551	0.0
agri_aa_oil__Oil_C180_C200	methwin__mCG__gene__Zm00001d050463	1	0.006152766384462448	0.006152766384462448	mCG	gene	Zm00001d050463	4	90402428	90420961	-	298	0.1385597288608551	0.0
agri_aa_oil__Oil_C180_C200	methwin__mCHG__gene__Zm00001d028343	1	0.006021981486670989	0.006021981486670989	mCHG	gene	Zm00001d028343	1	31343115	31344669	+	339	0.10790606588125229	0.0
agri_aa_oil__Oil_C180_C200	methwin__mCHG__gene__Zm00001d031159	1	0.0059165485584719716	0.0059165485584719716	mCHG	gene	Zm00001d031159	1	180196546	180218147	+	85	0.13386854529380798	0.0
agri_aa_oil__Oil_C180_C200	methwin__mCHG__cis__Zm00001d031159	1	0.005916480576121531	0.005916480576121531	mCHG	cis	Zm00001d031159	1	180196546	180218147	+	251	0.13386854529380798	0.0
agri_aa_oil__Oil_C180_C200	methwin__mCG__promoter__Zm00001d047165	1	-0.005467521345081188	0.005467521345081188	mCG	promoter	Zm00001d047165	9	120510617	120518989	+	121	0.16294139623641968	0.0
agri_aa_oil__Oil_C180_C200	methwin__mCG__cis__Zm00001d047163	1	-0.005465502259333987	0.005465502259333987	mCG	cis	Zm00001d047163	9	120505580	120508298	-	314	0.16294139623641968	0.0
agri_aa_oil__Oil_C180_C200	methwin__mCG__cis__Zm00001d047165	1	-0.005459511396461636	0.005459511396461636	mCG	cis	Zm00001d047165	9	120510617	120518989	+	313	0.16294139623641968	0.0
agri_aa_oil__Oil_C180_C200	methwin__mCG__promoter__Zm00001d047163	1	-0.005457336544404999	0.005457336544404999	mCG	promoter	Zm00001d047163	9	120505580	120508298	-	120	0.16294139623641968	0.0
agri_aa_oil__Oil_C180_C200	methwin__mCHG__promoter__Zm00001d051654	1	-0.0053190312729294465	0.0053190312729294465	mCHG	promoter	Zm00001d051654	4	165890213	165890530	+	339	0.10901504755020142	0.0
agri_aa_oil__Oil_C180_C200	methwin__mCG__cis__Zm00001d036825	1	0.005251543739875062	0.005251543739875062	mCG	cis	Zm00001d036825	6	102823171	102829865	+	160	0.17363809049129486	0.0
agri_aa_oil__Oil_C180_C200	methwin__mCG__gene__Zm00001d036825	1	0.005250001082619042	0.005250001082619042	mCG	gene	Zm00001d036825	6	102823171	102829865	+	30	0.17363809049129486	0.0
agri_aa_oil__Oil_C180_C200	methwin__mCG__cis__Zm00001d034731	1	0.004984596730674682	0.004984596730674682	mCG	cis	Zm00001d034731	1	300940580	300942400	-	468	0.15751491487026215	0.0
agri_aa_oil__Oil_C180_C200	methwin__mCG__promoter__Zm00001d034732	1	0.00490474410497328	0.00490474410497328	mCG	promoter	Zm00001d034732	1	300946909	300949101	-	175	0.15751491487026215	0.0
agri_aa_oil__Oil_C180_C200	methwin__mCG__cis__Zm00001d045962	1	0.004879332619494049	0.004879332619494049	mCG	cis	Zm00001d045962	9	50243771	50262642	+	53	0.18396729230880737	0.0
agri_aa_oil__Oil_C180_C200	methwin__mCG__gene__Zm00001d045962	1	0.004878356421849885	0.004878356421849885	mCG	gene	Zm00001d045962	9	50243771	50262642	+	9	0.18396729230880737	0.0
agri_aa_oil__Oil_C180_C200	methwin__mCG__cis__Zm00001d034732	1	0.004839703275454214	0.004839703275454214	mCG	cis	Zm00001d034732	1	300946909	300949101	-	467	0.15751491487026215	0.0
agri_aa_oil__Oil_C180_C200	methwin__mCG__promoter__Zm00001d026157	1	0.004697725607900257	0.004697725607900257	mCG	promoter	Zm00001d026157	10	139995748	139996017	+	487	0.1336957961320877	0.0
agri_aa_oil__Oil_C180_C200	methwin__mCHH__gene__Zm00001d038197	1	0.0036825487873347108	0.0036825487873347108	mCHH	gene	Zm00001d038197	6	151277845	151283466	-	345	0.004809906240552664	0.0
agri_aa_oil__Oil_C180_C200	methwin__mCHH__cis__Zm00001d011347	1	-0.0036136959924208383	0.0036136959924208383	mCHH	cis	Zm00001d011347	8	147387271	147396132	-	282	0.029452994465827942	0.0
agri_aa_oil__Oil_C180_C200	methwin__mCHH__promoter__Zm00001d011347	1	-0.003613102694843047	0.003613102694843047	mCHH	promoter	Zm00001d011347	8	147387271	147396132	-	113	0.029452994465827942	0.0
agri_aa_oil__Oil_C180_C200	methwin__mCG__gene__Zm00001d046153	1	-0.003359635100860626	0.003359635100860626	mCG	gene	Zm00001d046153	9	67752786	67764920	+	39	0.17054437100887299	0.0
agri_aa_oil__Oil_C180_C200	methwin__mCG__promoter__Zm00001d046153	1	-0.003359009074583344	0.003359009074583344	mCG	promoter	Zm00001d046153	9	67752786	67764920	+	69	0.17054437100887299	0.0
agri_aa_oil__Oil_C180_C200	methwin__mCG__cis__Zm00001d046153	1	-0.003358673105883491	0.003358673105883491	mCG	cis	Zm00001d046153	9	67752786	67764920	+	192	0.17054437100887299	0.0
agri_aa_oil__Oil_C180_C200	methwin__mCHH__promoter__Zm00001d020763	1	0.0030640710291621118	0.0030640710291621118	mCHH	promoter	Zm00001d020763	7	131556875	131558045	+	186	0.023182881996035576	0.0
agri_aa_oil__Oil_C180_C200	methwin__mCHH__cis__Zm00001d020764	1	0.003047669565250028	0.003047669565250028	mCHH	cis	Zm00001d020764	7	131557949	131561931	-	465	0.023182881996035576	0.0
agri_aa_oil__Oil_C180_C200	methwin__mCHH__cis__Zm00001d020763	1	0.0030457310076212165	0.0030457310076212165	mCHH	cis	Zm00001d020763	7	131556875	131558045	+	462	0.023182881996035576	0.0
agri_aa_oil__Oil_C180_C200	methwin__mCHH__cis__Zm00001d020761	1	0.0030058097819730756	0.0030058097819730756	mCHH	cis	Zm00001d020761	7	131547993	131548851	-	466	0.023182881996035576	0.0
agri_aa_oil__Oil_C180_C200	methwin__mCHH__cis__Zm00001d020760	1	0.003005506719662094	0.003005506719662094	mCHH	cis	Zm00001d020760	7	131540493	131548810	+	464	0.023182881996035576	0.0
agri_aa_oil__Oil_C180_C200	methwin__mCHH__cis__Zm00001d020762	1	0.0029703113638639197	0.0029703113638639197	mCHH	cis	Zm00001d020762	7	131549688	131551010	+	461	0.023182881996035576	0.0
agri_aa_oil__Oil_C180_C200	methwin__mCHH__cis__Zm00001d020765	1	0.002963947281258567	0.002963947281258567	mCHH	cis	Zm00001d020765	7	131564225	131568019	+	463	0.023182881996035576	0.0
agri_aa_oil__Oil_C180_C200	methwin__mCHH__promoter__Zm00001d049350	1	-0.0025771676618541457	0.0025771676618541457	mCHH	promoter	Zm00001d049350	4	27571462	27571875	-	455	0.011500502936542034	0.0
agri_aa_oil__Oil_C180_C200	methwin__mCHG__promoter__Zm00001d009089	1	-0.0024878006433214704	0.0024878006433214704	mCHG	promoter	Zm00001d009089	8	35618856	35620630	+	455	0.10227334499359131	0.0
agri_aa_oil__Oil_C180_C200	methwin__mCHG__promoter__Zm00001d009088	1	-0.002477998071700736	0.002477998071700736	mCHG	promoter	Zm00001d009088	8	35616440	35617907	-	454	0.10227334499359131	0.0
agri_aa_oil__Oil_C180_C200	methwin__mCG__promoter__Zm00001d031967	1	-0.0019079465874005893	0.0019079465874005893	mCG	promoter	Zm00001d031967	1	208218165	208223089	-	477	0.1345134973526001	0.0
agri_aa_oil__Oil_C180_C200	methwin__mCHH__gene__Zm00001d037422	1	-0.0018463055077373412	0.0018463055077373412	mCHH	gene	Zm00001d037422	6	125049232	125057616	+	242	0.006451871246099472	0.0
agri_aa_oil__Oil_C180_C200	methwin__mCHG__cis__Zm00001d029548	1	-0.0017350966385542965	0.0017350966385542965	mCHG	cis	Zm00001d029548	1	75699185	75711640	-	439	0.12692788243293762	0.0
agri_aa_oil__Oil_C180_C200	methwin__mCHG__gene__Zm00001d029548	1	-0.0017325114359301769	0.0017325114359301769	mCHG	gene	Zm00001d029548	1	75699185	75711640	-	132	0.12692788243293762	0.0
agri_aa_oil__Oil_C180_C200	methwin__mCHG__promoter__Zm00001d041801	1	-0.0016031613637126404	0.0016031613637126404	mCHG	promoter	Zm00001d041801	3	138805652	138811523	+	143	0.12408708781003952	0.0
agri_aa_oil__Oil_C180_C200	methwin__mCHG__gene__Zm00001d041801	1	-0.0016025481583768373	0.0016025481583768373	mCHG	gene	Zm00001d041801	3	138805652	138811523	+	154	0.12408708781003952	0.0
agri_aa_oil__Oil_C180_C200	methwin__mCG__gene__Zm00001d043882	1	0.0012966972760936845	0.0012966972760936845	mCG	gene	Zm00001d043882	3	212853189	212853896	+	294	0.13898684084415436	0.0
agri_aa_oil__Oil_C180_C200	methwin__mCG__promoter__Zm00001d043882	1	0.0012931429510118218	0.0012931429510118218	mCG	promoter	Zm00001d043882	3	212853189	212853896	+	408	0.13898684084415436	0.0
agri_aa_oil__Oil_C180_C200	methwin__mCHG__promoter__Zm00001d020965	1	0.0012547221043370097	0.0012547221043370097	mCHG	promoter	Zm00001d020965	7	138116641	138122918	+	124	0.12658312916755676	0.0
agri_aa_oil__Oil_C180_C200	methwin__mCHG__gene__Zm00001d020964	1	0.0012469519579809268	0.0012469519579809268	mCHG	gene	Zm00001d020964	7	138114949	138117085	-	134	0.12658312916755676	0.0
agri_aa_oil__Oil_C180_C200	methwin__mCHG__cis__Zm00001d020965	1	0.0012418159867937245	0.0012418159867937245	mCHG	cis	Zm00001d020965	7	138116641	138122918	+	449	0.12658312916755676	0.0
agri_aa_oil__Oil_C180_C200	methwin__mCHG__cis__Zm00001d020964	1	0.0012386471923579345	0.0012386471923579345	mCHG	cis	Zm00001d020964	7	138114949	138117085	-	450	0.12658312916755676	0.0
agri_aa_oil__Oil_C180_C200	methwin__mCHG__cis__Zm00001d009983	1	0.0011571706384373814	0.0011571706384373814	mCHG	cis	Zm00001d009983	8	93324376	93339948	-	55	0.15038037300109863	0.0
agri_aa_oil__Oil_C180_C200	methwin__mCHG__gene__Zm00001d009983	1	0.0011570477453785705	0.0011570477453785705	mCHG	gene	Zm00001d009983	8	93324376	93339948	-	20	0.15038037300109863	0.0
agri_aa_oil__Oil_C180_C200	methwin__mCHG__promoter__Zm00001d042969	1	0.00041257153289186494	0.00041257153289186494	mCHG	promoter	Zm00001d042969	3	185340413	185343562	-	470	0.10155074298381805	0.0
agri_aa_oil__Oil_C180_C200	methwin__mCHG__promoter__Zm00001d038949	1	-0.0003811612225975284	0.0003811612225975284	mCHG	promoter	Zm00001d038949	6	167539996	167542087	+	60	0.13637423515319824	0.0
agri_aa_oil__Oil_C180_C200	methwin__mCHG__gene__Zm00001d038949	1	-0.00038113907917867166	0.00038113907917867166	mCHG	gene	Zm00001d038949	6	167539996	167542087	+	70	0.13637423515319824	0.0
agri_aa_oil__Oil_C180_C200	methwin__mCHG__cis__Zm00001d038949	1	-0.00037991888940230525	0.00037991888940230525	mCHG	cis	Zm00001d038949	6	167539996	167542087	+	208	0.13637423515319824	0.0
agri_aa_oil__Oil_C180_C200	methwin__mCG__gene__Zm00001d027271	1	-0.0002584021920797733	0.0002584021920797733	mCG	gene	Zm00001d027271	1	1067813	1073269	-	105	0.15894339978694916	0.0
agri_aa_oil__Oil_C180_C200	methwin__mCG__gene__Zm00001d028710	1	-0.00012886494895195133	0.00012886494895195133	mCG	gene	Zm00001d028710	1	43905140	43907073	+	45	0.16960863769054413	0.0
agri_aa_oil__Oil_C180_C200	methwin__mCG__cis__Zm00001d028711	1	-0.00012806468597815866	0.00012806468597815866	mCG	cis	Zm00001d028711	1	43908553	43911257	-	205	0.16960863769054413	0.0
agri_aa_oil__Oil_C180_C200	methwin__mCG__promoter__Zm00001d028710	1	-0.00012752494321851917	0.00012752494321851917	mCG	promoter	Zm00001d028710	1	43905140	43907073	+	75	0.16960863769054413	0.0
agri_aa_oil__Oil_C18_0	methwin__mCG__promoter__Zm00001d009840	5	-0.047679233380243886	0.047679233380243886	mCG	promoter	Zm00001d009840	8	84651735	84665315	+	362	0.14234291017055511	0.0
agri_aa_oil__Oil_C18_0	methwin__mCHG__gene__Zm00001d039327	5	0.0438129984015568	0.0438129984015568	mCHG	gene	Zm00001d039327	3	1953626	1957132	-	490	0.09923573583364487	0.0
agri_aa_oil__Oil_C18_0	methwin__mCG__gene__Zm00001d045237	5	-0.04104389155523697	0.04104389155523697	mCG	gene	Zm00001d045237	9	16757900	16773147	-	124	0.1556665152311325	0.0
agri_aa_oil__Oil_C18_0	methwin__mCHG__cis__Zm00001d037158	5	0.03896819936411366	0.03896819936411366	mCHG	cis	Zm00001d037158	6	114233341	114234231	+	95	0.1450468897819519	0.0
agri_aa_oil__Oil_C18_0	methwin__mCG__cis__Zm00001d049202	5	-0.03425047636633776	0.03425047636633776	mCG	cis	Zm00001d049202	4	20466913	20467525	-	470	0.1574651002883911	0.0
agri_aa_oil__Oil_C18_0	methwin__mCHG__gene__Zm00001d033259	4	-0.04211316233759485	0.04211316233759485	mCHG	gene	Zm00001d033259	1	256315063	256326369	-	313	0.10996866971254349	0.0
agri_aa_oil__Oil_C18_0	methwin__mCG__cis__Zm00001d041565	4	-0.04064159375293464	0.04064159375293464	mCG	cis	Zm00001d041565	3	127284443	127285976	+	392	0.15978552401065826	0.0
agri_aa_oil__Oil_C18_0	methwin__mCG__gene__Zm00001d002086	4	0.03731832280912935	0.03731832280912935	mCG	gene	Zm00001d002086	2	5771336	5775212	+	301	0.1382223218679428	0.0
agri_aa_oil__Oil_C18_0	methwin__mCHH__promoter__Zm00001d008825	4	0.037010371985842117	0.037010371985842117	mCHH	promoter	Zm00001d008825	8	21749186	21749614	-	303	0.016078395769000053	0.0
agri_aa_oil__Oil_C18_0	methwin__mCHG__cis__Zm00001d049202	4	-0.03242758455353691	0.03242758455353691	mCHG	cis	Zm00001d049202	4	20466913	20467525	-	465	0.12590602040290833	0.0
agri_aa_oil__Oil_C18_0	methwin__mCHG__gene__Zm00001d011300	4	-0.03113606831423344	0.03113606831423344	mCHG	gene	Zm00001d011300	8	146136810	146145088	-	281	0.11232269555330276	0.0
agri_aa_oil__Oil_C18_0	methwin__mCHG__gene__Zm00001d032944	4	0.028936373644822697	0.028936373644822697	mCHG	gene	Zm00001d032944	1	244267423	244291732	+	171	0.12114031612873077	0.0
agri_aa_oil__Oil_C18_0	methwin__mCHG__gene__Zm00001d011488	4	-0.025907592482681454	0.025907592482681454	mCHG	gene	Zm00001d011488	8	152107228	152107913	+	57	0.13854750990867615	0.0
agri_aa_oil__Oil_C18_0	methwin__mCHG__gene__Zm00001d036864	4	-0.01944032600980195	0.01944032600980195	mCHG	gene	Zm00001d036864	6	104417769	104426263	-	460	0.1012236475944519	0.0
agri_aa_oil__Oil_C18_0	methwin__mCG__promoter__Zm00001d037768	4	0.01871260738144658	0.01871260738144658	mCG	promoter	Zm00001d037768	6	136796927	136798665	-	300	0.14650744199752808	0.0
agri_aa_oil__Oil_C18_0	methwin__mCHG__gene__Zm00001d036236	4	-0.01789906897406281	0.01789906897406281	mCHG	gene	Zm00001d036236	6	78457883	78459959	+	350	0.10714170336723328	0.0
agri_aa_oil__Oil_C18_0	methwin__mCG__promoter__Zm00001d042171	4	-0.01769876659701231	0.01769876659701231	mCG	promoter	Zm00001d042171	3	154796683	154797198	-	229	0.1520165055990219	0.0
agri_aa_oil__Oil_C18_0	methwin__mCG__gene__Zm00001d042171	4	-0.017698558586292237	0.017698558586292237	mCG	gene	Zm00001d042171	3	154796683	154797198	-	152	0.1520165055990219	0.0
agri_aa_oil__Oil_C18_0	methwin__mCG__gene__Zm00001d005795	4	-0.016297845242115704	0.016297845242115704	mCG	gene	Zm00001d005795	2	188910705	188919424	-	11	0.1806531399488449	0.0
agri_aa_oil__Oil_C18_0	methwin__mCG__cis__Zm00001d005795	4	-0.016291692888012417	0.016291692888012417	mCG	cis	Zm00001d005795	2	188910705	188919424	-	73	0.1806531399488449	0.0
agri_aa_oil__Oil_C18_0	methwin__mCHH__cis__Zm00001d036564	4	-0.016056699024346262	0.016056699024346262	mCHH	cis	Zm00001d036564	6	92506962	92508996	-	85	0.04469054192304611	0.0
agri_aa_oil__Oil_C18_0	methwin__mCHH__promoter__Zm00001d036564	4	-0.016055580607687355	0.016055580607687355	mCHH	promoter	Zm00001d036564	6	92506962	92508996	-	38	0.04469054192304611	0.0
agri_aa_oil__Oil_C18_0	methwin__mCHH__cis__Zm00001d023745	4	0.0049709380145216055	0.0049709380145216055	mCHH	cis	Zm00001d023745	10	18417389	18419565	+	366	0.025737496092915535	0.0
agri_aa_oil__Oil_C18_0	methwin__mCHH__promoter__Zm00001d023746	4	0.004968132261853607	0.004968132261853607	mCHH	promoter	Zm00001d023746	10	18419962	18420342	-	147	0.025737496092915535	0.0
agri_aa_oil__Oil_C18_0	methwin__mCHH__cis__Zm00001d023746	4	0.004967258637904191	0.004967258637904191	mCHH	cis	Zm00001d023746	10	18419962	18420342	-	365	0.025737496092915535	0.0
agri_aa_oil__Oil_C18_0	methwin__mCHH__cis__Zm00001d023743	4	0.004964469192598436	0.004964469192598436	mCHH	cis	Zm00001d023743	10	18413886	18414789	-	367	0.025737496092915535	0.0
agri_aa_oil__Oil_C18_0	methwin__mCG__gene__Zm00001d036655	3	-0.06362135801871245	0.06362135801871245	mCG	gene	Zm00001d036655	6	96564582	96572729	+	447	0.12645463645458221	0.0
agri_aa_oil__Oil_C18_0	methwin__mCG__gene__Zm00001d031002	3	-0.04384832910968151	0.04384832910968151	mCG	gene	Zm00001d031002	1	172832218	172839410	-	295	0.13877259194850922	0.0
agri_aa_oil__Oil_C18_0	methwin__mCG__gene__Zm00001d009013	3	-0.03849720681308882	0.03849720681308882	mCG	gene	Zm00001d009013	8	30167000	30168835	-	461	0.12575295567512512	0.0
agri_aa_oil__Oil_C18_0	methwin__mCG__cis__Zm00001d049173	3	0.036010424206566936	0.036010424206566936	mCG	cis	Zm00001d049173	4	19025176	19028095	-	432	0.15840522944927216	0.0
agri_aa_oil__Oil_C18_0	methwin__mCHH__promoter__Zm00001d020323	3	0.028397196540545743	0.028397196540545743	mCHH	promoter	Zm00001d020323	7	106545162	106546385	+	231	0.01993299461901188	0.0
agri_aa_oil__Oil_C18_0	methwin__mCHG__cis__Zm00001d027359	3	0.025690761862589007	0.025690761862589007	mCHG	cis	Zm00001d027359	1	3651033	3661251	-	310	0.13105201721191406	0.0
agri_aa_oil__Oil_C18_0	methwin__mCG__gene__Zm00001d011300	3	-0.02503382053863537	0.02503382053863537	mCG	gene	Zm00001d011300	8	146136810	146145088	-	162	0.15042057633399963	0.0
agri_aa_oil__Oil_C18_0	methwin__mCHG__promoter__Zm00001d028747	3	0.02408682468764495	0.02408682468764495	mCHG	promoter	Zm00001d028747	1	45260598	45261005	-	338	0.10914230346679688	0.0
agri_aa_oil__Oil_C18_0	methwin__mCHG__promoter__Zm00001d009840	3	-0.023194453745290406	0.023194453745290406	mCHG	promoter	Zm00001d009840	8	84651735	84665315	+	148	0.1237182691693306	0.0
agri_aa_oil__Oil_C18_0	methwin__mCG__gene__Zm00001d035392	3	-0.02090370918979863	0.02090370918979863	mCG	gene	Zm00001d035392	6	24057841	24071799	-	130	0.155049666762352	0.0
agri_aa_oil__Oil_C18_0	methwin__mCG__promoter__Zm00001d035392	3	-0.0209016210967525	0.0209016210967525	mCG	promoter	Zm00001d035392	6	24057841	24071799	-	201	0.155049666762352	0.0
agri_aa_oil__Oil_C18_0	methwin__mCHH__promoter__Zm00001d029807	3	0.019458750029931565	0.019458750029931565	mCHH	promoter	Zm00001d029807	1	87791009	87793139	+	297	0.016268404200673103	0.0
agri_aa_oil__Oil_C18_0	methwin__mCG__cis__Zm00001d016877	3	-0.015628204145511186	0.015628204145511186	mCG	cis	Zm00001d016877	5	179230689	179233975	+	209	0.16957569122314453	0.0
agri_aa_oil__Oil_C18_0	methwin__mCG__gene__Zm00001d016877	3	-0.01562669745690088	0.01562669745690088	mCG	gene	Zm00001d016877	5	179230689	179233975	+	48	0.16957569122314453	0.0
agri_aa_oil__Oil_C18_0	methwin__mCHG__cis__Zm00001d013977	3	0.013771888268597786	0.013771888268597786	mCHG	cis	Zm00001d013977	5	26989614	26990723	-	301	0.1312401294708252	0.0
agri_aa_oil__Oil_C18_0	methwin__mCHG__cis__Zm00001d037580	3	-0.010493568227368235	0.010493568227368235	mCHG	cis	Zm00001d037580	6	130371261	130381077	-	8	0.1664404571056366	0.0
agri_aa_oil__Oil_C18_0	methwin__mCG__gene__Zm00001d011773	3	-0.009783118473844771	0.009783118473844771	mCG	gene	Zm00001d011773	8	161292877	161297384	+	324	0.13625161349773407	0.0
agri_aa_oil__Oil_C18_0	methwin__mCG__cis__Zm00001d011178	3	-0.008921223444263115	0.008921223444263115	mCG	cis	Zm00001d011178	8	142037367	142043523	-	292	0.1639036238193512	0.0
agri_aa_oil__Oil_C18_0	methwin__mCG__promoter__Zm00001d011178	3	-0.008919412446764573	0.008919412446764573	mCG	promoter	Zm00001d011178	8	142037367	142043523	-	110	0.1639036238193512	0.0
agri_aa_oil__Oil_C18_0	methwin__mCHG__gene__Zm00001d005795	3	-0.00773960480806106	0.00773960480806106	mCHG	gene	Zm00001d005795	2	188910705	188919424	-	278	0.11240191012620926	0.0
agri_aa_oil__Oil_C18_0	methwin__mCHG__gene__Zm00001d002770	2	0.06620889218126316	0.06620889218126316	mCHG	gene	Zm00001d002770	2	22115028	22130846	+	199	0.11841601878404617	0.0
agri_aa_oil__Oil_C18_0	methwin__mCG__promoter__Zm00001d050365	2	-0.0581692803703005	0.0581692803703005	mCG	promoter	Zm00001d050365	4	83772143	83775016	-	467	0.13527832925319672	0.0
agri_aa_oil__Oil_C18_0	methwin__mCG__promoter__Zm00001d014013	2	-0.0507629186167025	0.0507629186167025	mCG	promoter	Zm00001d014013	5	28634910	28639671	-	476	0.13454504311084747	0.0
agri_aa_oil__Oil_C18_0	methwin__mCHG__promoter__Zm00001d052197	2	-0.04813230851871221	0.04813230851871221	mCHG	promoter	Zm00001d052197	4	183014106	183034189	-	320	0.1106984093785286	0.0
agri_aa_oil__Oil_C18_0	methwin__mCG__gene__Zm00001d009732	2	-0.04385657431982022	0.04385657431982022	mCG	gene	Zm00001d009732	8	78413554	78415125	-	468	0.12533316016197205	0.0
agri_aa_oil__Oil_C18_0	methwin__mCG__cis__Zm00001d038244	2	-0.04336252617425922	0.04336252617425922	mCG	cis	Zm00001d038244	6	152227791	152238834	+	13	0.19523349404335022	0.0
agri_aa_oil__Oil_C18_0	methwin__mCHH__promoter__Zm00001d005793	2	-0.03656195278862943	0.03656195278862943	mCHH	promoter	Zm00001d005793	2	188849023	188849574	+	230	0.02010631002485752	0.0
agri_aa_oil__Oil_C18_0	methwin__mCHH__cis__Zm00001d018009	2	-0.03483585565068005	0.03483585565068005	mCHH	cis	Zm00001d018009	5	211938923	211947803	-	377	0.02559417299926281	0.0
agri_aa_oil__Oil_C18_0	methwin__mCG__gene__Zm00001d037705	2	-0.03427752376475685	0.03427752376475685	mCG	gene	Zm00001d037705	6	134515505	134515831	+	122	0.15579107403755188	0.0
agri_aa_oil__Oil_C18_0	methwin__mCG__cis__Zm00001d023904	2	-0.034121066827690616	0.034121066827690616	mCG	cis	Zm00001d023904	10	27313349	27316275	-	457	0.1577954888343811	0.0
agri_aa_oil__Oil_C18_0	methwin__mCG__gene__Zm00001d016439	2	-0.03330777676211729	0.03330777676211729	mCG	gene	Zm00001d016439	5	162354770	162359026	+	126	0.15546898543834686	0.0
agri_aa_oil__Oil_C18_0	methwin__mCHH__gene__Zm00001d040560	2	0.029643583269051428	0.029643583269051428	mCHH	gene	Zm00001d040560	3	49802802	49805909	-	240	0.006483405362814665	0.0
agri_aa_oil__Oil_C18_0	methwin__mCHG__gene__Zm00001d019215	2	-0.027460802490908202	0.027460802490908202	mCHG	gene	Zm00001d019215	7	22120424	22126437	+	343	0.10764122009277344	0.0
agri_aa_oil__Oil_C18_0	methwin__mCG__promoter__Zm00001d011805	2	-0.02702797180279804	0.02702797180279804	mCG	promoter	Zm00001d011805	8	161834426	161839733	-	394	0.1404527723789215	0.0
agri_aa_oil__Oil_C18_0	methwin__mCHH__promoter__Zm00001d018009	2	-0.0267666660851857	0.0267666660851857	mCHH	promoter	Zm00001d018009	5	211938923	211947803	-	99	0.03137311711907387	0.0
agri_aa_oil__Oil_C18_0	methwin__mCHH__promoter__Zm00001d049718	2	0.025799553172395587	0.025799553172395587	mCHH	promoter	Zm00001d049718	4	41325126	41329646	-	327	0.015268937684595585	0.0
agri_aa_oil__Oil_C18_0	methwin__mCHH__cis__Zm00001d014764	2	0.02556294845868133	0.02556294845868133	mCHH	cis	Zm00001d014764	5	62108780	62114128	-	300	0.02798258699476719	0.0
agri_aa_oil__Oil_C18_0	methwin__mCHH__promoter__Zm00001d014764	2	0.02556005593617211	0.02556005593617211	mCHH	promoter	Zm00001d014764	5	62108780	62114128	-	119	0.02798258699476719	0.0
agri_aa_oil__Oil_C18_0	methwin__mCHH__promoter__Zm00001d009150	2	-0.025469511164221317	0.025469511164221317	mCHH	promoter	Zm00001d009150	8	39632049	39636351	+	164	0.024762479588389397	0.0
agri_aa_oil__Oil_C18_0	methwin__mCHG__promoter__Zm00001d010234	2	-0.025368164678480284	0.025368164678480284	mCHG	promoter	Zm00001d010234	8	105238117	105240069	-	334	0.10955400764942169	0.0
agri_aa_oil__Oil_C18_0	methwin__mCHG__gene__Zm00001d032064	2	0.02422991332791867	0.02422991332791867	mCHG	gene	Zm00001d032064	1	211140441	211148020	+	328	0.10895366966724396	0.0
agri_aa_oil__Oil_C18_0	methwin__mCHG__promoter__Zm00001d032547	2	0.022281730977284135	0.022281730977284135	mCHG	promoter	Zm00001d032547	1	230141385	230144429	-	162	0.12242375314235687	0.0
agri_aa_oil__Oil_C18_0	methwin__mCHH__gene__Zm00001d046020	2	0.02034208482367879	0.02034208482367879	mCHH	gene	Zm00001d046020	9	55668151	55690229	-	473	0.0029738699086010456	0.0
agri_aa_oil__Oil_C18_0	methwin__mCHG__cis__Zm00001d030856	2	-0.019911515805774403	0.019911515805774403	mCHG	cis	Zm00001d030856	1	163637977	163639965	-	243	0.13434764742851257	0.0
agri_aa_oil__Oil_C18_0	methwin__mCHH__cis__Zm00001d036462	2	0.01919643499491706	0.01919643499491706	mCHH	cis	Zm00001d036462	6	89295382	89304942	+	316	0.027350205928087234	0.0
agri_aa_oil__Oil_C18_0	methwin__mCHH__promoter__Zm00001d036462	2	0.01919470550673434	0.01919470550673434	mCHH	promoter	Zm00001d036462	6	89295382	89304942	+	127	0.027350205928087234	0.0
agri_aa_oil__Oil_C18_0	methwin__mCG__promoter__Zm00001d032478	2	-0.016177001878177496	0.016177001878177496	mCG	promoter	Zm00001d032478	1	228035780	228036940	+	13	0.18718492984771729	0.0
agri_aa_oil__Oil_C18_0	methwin__mCHG__gene__Zm00001d049531	2	-0.016046224837988635	0.016046224837988635	mCHG	gene	Zm00001d049531	4	33410133	33414086	+	459	0.10132785886526108	0.0
agri_aa_oil__Oil_C18_0	methwin__mCHG__promoter__Zm00001d049530	2	-0.01604240436874372	0.01604240436874372	mCHG	promoter	Zm00001d049530	4	33409847	33410188	-	474	0.10132785886526108	0.0
agri_aa_oil__Oil_C18_0	methwin__mCHG__promoter__Zm00001d049531	2	-0.016004124296795878	0.016004124296795878	mCHG	promoter	Zm00001d049531	4	33410133	33414086	+	475	0.10132785886526108	0.0
agri_aa_oil__Oil_C18_0	methwin__mCHG__gene__Zm00001d049530	2	-0.01598740966458928	0.01598740966458928	mCHG	gene	Zm00001d049530	4	33409847	33410188	-	458	0.10132785886526108	0.0
agri_aa_oil__Oil_C18_0	methwin__mCG__cis__Zm00001d027743	2	-0.015704750064862043	0.015704750064862043	mCG	cis	Zm00001d027743	1	12502776	12510591	+	264	0.1656871736049652	0.0
agri_aa_oil__Oil_C18_0	methwin__mCG__cis__Zm00001d027744	2	-0.015703947733700385	0.015703947733700385	mCG	cis	Zm00001d027744	1	12510999	12511508	+	263	0.1656871736049652	0.0
agri_aa_oil__Oil_C18_0	methwin__mCHH__promoter__Zm00001d022146	2	0.015642889872829774	0.015642889872829774	mCHH	promoter	Zm00001d022146	7	171182749	171183795	-	158	0.02524673566222191	0.0
agri_aa_oil__Oil_C18_0	methwin__mCHH__gene__Zm00001d002571	2	-0.014968667671853722	0.014968667671853722	mCHH	gene	Zm00001d002571	2	15662382	15663170	+	329	0.005022483877837658	0.0
agri_aa_oil__Oil_C18_0	methwin__mCHH__promoter__Zm00001d021689	2	-0.014453123023754023	0.014453123023754023	mCHH	promoter	Zm00001d021689	7	160134485	160142314	-	484	0.010945094749331474	0.0
agri_aa_oil__Oil_C18_0	methwin__mCHH__promoter__Zm00001d010234	2	-0.013841662511824613	0.013841662511824613	mCHH	promoter	Zm00001d010234	8	105238117	105240069	-	211	0.02125684916973114	0.0
agri_aa_oil__Oil_C18_0	methwin__mCHG__promoter__Zm00001d053301	2	0.01323446522198894	0.01323446522198894	mCHG	promoter	Zm00001d053301	4	225026663	225038512	-	403	0.10495517402887344	0.0
agri_aa_oil__Oil_C18_0	methwin__mCHG__cis__Zm00001d032148	2	0.012402563154037687	0.012402563154037687	mCHG	cis	Zm00001d032148	1	214491081	214496190	+	272	0.13270936906337738	0.0
agri_aa_oil__Oil_C18_0	methwin__mCHH__cis__Zm00001d006328	2	0.011834200231836477	0.011834200231836477	mCHH	cis	Zm00001d006328	2	204816152	204820265	+	381	0.025267330929636955	0.0
agri_aa_oil__Oil_C18_0	methwin__mCHH__promoter__Zm00001d006328	2	0.011831502056513822	0.011831502056513822	mCHH	promoter	Zm00001d006328	2	204816152	204820265	+	156	0.025267330929636955	0.0
agri_aa_oil__Oil_C18_0	methwin__mCG__cis__Zm00001d013977	2	0.011801173179049813	0.011801173179049813	mCG	cis	Zm00001d013977	5	26989614	26990723	-	293	0.16386212408542633	0.0
agri_aa_oil__Oil_C18_0	methwin__mCHG__cis__Zm00001d011366	2	0.011448292955244044	0.011448292955244044	mCHG	cis	Zm00001d011366	8	148702797	148711327	-	440	0.1269049346446991	0.0
agri_aa_oil__Oil_C18_0	methwin__mCHG__promoter__Zm00001d011365	2	0.011447483149362968	0.011447483149362968	mCHG	promoter	Zm00001d011365	8	148696781	148699784	+	120	0.1269049346446991	0.0
agri_aa_oil__Oil_C18_0	methwin__mCHG__cis__Zm00001d011365	2	0.011446443852318265	0.011446443852318265	mCHG	cis	Zm00001d011365	8	148696781	148699784	+	441	0.1269049346446991	0.0
agri_aa_oil__Oil_C18_0	methwin__mCHG__gene__Zm00001d031467	2	-0.010970666264914495	0.010970666264914495	mCHG	gene	Zm00001d031467	1	191167340	191169614	-	309	0.11007077991962433	0.0
agri_aa_oil__Oil_C18_0	methwin__mCHG__gene__Zm00001d031466	2	-0.010969883996582866	0.010969883996582866	mCHG	gene	Zm00001d031466	1	191167286	191172311	+	308	0.11007077991962433	0.0
agri_aa_oil__Oil_C18_0	methwin__mCG__gene__Zm00001d007604	2	-0.010734909755047636	0.010734909755047636	mCG	gene	Zm00001d007604	2	236077352	236079447	-	487	0.1238604411482811	0.0
agri_aa_oil__Oil_C18_0	methwin__mCG__cis__Zm00001d002418	2	-0.010349524015408961	0.010349524015408961	mCG	cis	Zm00001d002418	2	12281370	12292546	+	138	0.1748839169740677	0.0
agri_aa_oil__Oil_C18_0	methwin__mCHG__promoter__Zm00001d041591	2	-0.010242472898058422	0.010242472898058422	mCHG	promoter	Zm00001d041591	3	128764784	128765575	-	56	0.1375633180141449	0.0
agri_aa_oil__Oil_C18_0	methwin__mCHG__promoter__Zm00001d041592	2	-0.010240509017992953	0.010240509017992953	mCHG	promoter	Zm00001d041592	3	128767268	128773473	+	57	0.1375633180141449	0.0
agri_aa_oil__Oil_C18_0	methwin__mCHG__gene__Zm00001d041591	2	-0.010236136596790027	0.010236136596790027	mCHG	gene	Zm00001d041591	3	128764784	128765575	-	65	0.1375633180141449	0.0
agri_aa_oil__Oil_C18_0	methwin__mCHH__promoter__Zm00001d038170	2	0.010222018048836008	0.010222018048836008	mCHH	promoter	Zm00001d038170	6	150418144	150422431	-	46	0.04043547809123993	0.0
agri_aa_oil__Oil_C18_0	methwin__mCHH__cis__Zm00001d038170	2	0.01022063715025652	0.01022063715025652	mCHH	cis	Zm00001d038170	6	150418144	150422431	-	109	0.04043547809123993	0.0
agri_aa_oil__Oil_C18_0	methwin__mCG__gene__Zm00001d020187	2	0.009910220627014351	0.009910220627014351	mCG	gene	Zm00001d020187	7	98540988	98545495	+	222	0.14538945257663727	0.0
agri_aa_oil__Oil_C18_0	methwin__mCHH__gene__Zm00001d028464	2	0.009387469737533745	0.009387469737533745	mCHH	gene	Zm00001d028464	1	35718861	35785612	+	466	0.003140411339700222	0.0
agri_aa_oil__Oil_C18_0	methwin__mCHH__cis__Zm00001d025381	2	-0.008512944214299953	0.008512944214299953	mCHH	cis	Zm00001d025381	10	116549727	116550765	+	234	0.031820084899663925	0.0
agri_aa_oil__Oil_C18_0	methwin__mCHH__promoter__Zm00001d025381	2	-0.008499168582564843	0.008499168582564843	mCHH	promoter	Zm00001d025381	10	116549727	116550765	+	95	0.031820084899663925	0.0
agri_aa_oil__Oil_C18_0	methwin__mCHH__promoter__Zm00001d025382	2	-0.008490400844288773	0.008490400844288773	mCHH	promoter	Zm00001d025382	10	116549873	116550361	+	94	0.031820084899663925	0.0
agri_aa_oil__Oil_C18_0	methwin__mCHH__cis__Zm00001d025382	2	-0.00844431877626611	0.00844431877626611	mCHH	cis	Zm00001d025382	10	116549873	116550361	+	233	0.031820084899663925	0.0
agri_aa_oil__Oil_C18_0	methwin__mCHH__promoter__Zm00001d026367	2	0.008406376226594223	0.008406376226594223	mCHH	promoter	Zm00001d026367	10	144422318	144422683	-	71	0.034990184009075165	0.0
agri_aa_oil__Oil_C18_0	methwin__mCHH__cis__Zm00001d026366	2	0.00839694691395972	0.00839694691395972	mCHH	cis	Zm00001d026366	10	144415204	144421773	-	176	0.034990184009075165	0.0
agri_aa_oil__Oil_C18_0	methwin__mCHH__cis__Zm00001d026368	2	0.008376232485142215	0.008376232485142215	mCHH	cis	Zm00001d026368	10	144424159	144426437	-	178	0.034990184009075165	0.0
agri_aa_oil__Oil_C18_0	methwin__mCHH__cis__Zm00001d026367	2	0.008355148957781963	0.008355148957781963	mCHH	cis	Zm00001d026367	10	144422318	144422683	-	177	0.034990184009075165	0.0
agri_aa_oil__Oil_C18_0	methwin__mCHH__promoter__Zm00001d026366	2	0.008343257859231696	0.008343257859231696	mCHH	promoter	Zm00001d026366	10	144415204	144421773	-	70	0.034990184009075165	0.0
agri_aa_oil__Oil_C18_0	methwin__mCHH__promoter__Zm00001d014467	2	0.008021469044713693	0.008021469044713693	mCHH	promoter	Zm00001d014467	5	49119308	49122774	+	87	0.03282822668552399	0.0
agri_aa_oil__Oil_C18_0	methwin__mCHH__cis__Zm00001d014467	2	0.008016961753586297	0.008016961753586297	mCHH	cis	Zm00001d014467	5	49119308	49122774	+	217	0.03282822668552399	0.0
agri_aa_oil__Oil_C18_0	methwin__mCHH__promoter__Zm00001d003107	2	-0.007384102568531304	0.007384102568531304	mCHH	promoter	Zm00001d003107	2	32462211	32463192	+	370	0.013608529232442379	0.0
agri_aa_oil__Oil_C18_0	methwin__mCG__cis__Zm00001d013974	2	-0.006122335221618253	0.006122335221618253	mCG	cis	Zm00001d013974	5	26879914	26881252	-	496	0.15636354684829712	0.0
agri_aa_oil__Oil_C18_0	methwin__mCG__promoter__Zm00001d013974	2	-0.0061213789777060405	0.0061213789777060405	mCG	promoter	Zm00001d013974	5	26879914	26881252	-	184	0.15636354684829712	0.0
agri_aa_oil__Oil_C18_0	methwin__mCG__cis__Zm00001d037580	2	-0.0049519121101552765	0.0049519121101552765	mCG	cis	Zm00001d037580	6	130371261	130381077	-	31	0.19054540991783142	0.0
agri_aa_oil__Oil_C18_0	methwin__mCG__gene__Zm00001d049531	2	-0.004668576963482816	0.004668576963482816	mCG	gene	Zm00001d049531	4	33410133	33414086	+	383	0.131540447473526	0.0
agri_aa_oil__Oil_C18_0	methwin__mCG__gene__Zm00001d049530	2	-0.0046463256158818175	0.0046463256158818175	mCG	gene	Zm00001d049530	4	33409847	33410188	-	382	0.131540447473526	0.0
agri_aa_oil__Oil_C18_0	methwin__mCHH__cis__Zm00001d009182	2	0.004321272603898247	0.004321272603898247	mCHH	cis	Zm00001d009182	8	41433035	41440080	-	384	0.025186283513903618	0.0
agri_aa_oil__Oil_C18_0	methwin__mCHG__promoter__Zm00001d004366	2	0.002998821731539433	0.002998821731539433	mCHG	promoter	Zm00001d004366	2	106628660	106630400	-	221	0.11756130307912827	0.0
agri_aa_oil__Oil_C18_0	methwin__mCG__cis__Zm00001d025318	2	-0.002203585898646308	0.0029353946397455964	mCG	cis	Zm00001d025318	10	114029385	114032662	+	57	0.1826505959033966	0.0
agri_aa_oil__Oil_C18_0	methwin__mCG__cis__Zm00001d025314	2	-0.002193317486115628	0.0029322340587758615	mCG	cis	Zm00001d025314	10	114014799	114015284	-	58	0.1826505959033966	0.0
agri_aa_oil__Oil_C18_0	methwin__mCG__cis__Zm00001d025316	2	-0.0021830660576444188	0.002917688911709757	mCG	cis	Zm00001d025316	10	114024329	114025411	+	60	0.1826505959033966	0.0
agri_aa_oil__Oil_C18_0	methwin__mCG__cis__Zm00001d025317	2	-0.0021801779499017867	0.002911633467089999	mCG	cis	Zm00001d025317	10	114026048	114027155	+	59	0.1826505959033966	0.0
agri_aa_oil__Oil_C18_0	methwin__mCHH__gene__Zm00001d040850	1	0.1501853546225146	0.1501853546225146	mCHH	gene	Zm00001d040850	3	71571869	71601459	+	258	0.00605480931699276	0.0
agri_aa_oil__Oil_C18_0	methwin__mCHG__gene__Zm00001d050488	1	-0.08491710484872211	0.08491710484872211	mCHG	gene	Zm00001d050488	4	92816855	92826876	+	15	0.15210922062397003	0.0
agri_aa_oil__Oil_C18_0	methwin__mCHH__cis__Zm00001d049242	1	-0.08187000733316795	0.08187000733316795	mCHH	cis	Zm00001d049242	4	22485112	22485966	+	107	0.04085427522659302	0.0
agri_aa_oil__Oil_C18_0	methwin__mCHH__promoter__Zm00001d050081	1	0.08051607002052363	0.08051607002052363	mCHH	promoter	Zm00001d050081	4	64819264	64825467	-	284	0.016519900411367416	0.0
agri_aa_oil__Oil_C18_0	methwin__mCHH__gene__Zm00001d025797	1	0.08048521820318336	0.08048521820318336	mCHH	gene	Zm00001d025797	10	129855497	129872386	+	174	0.007984234020113945	0.0
agri_aa_oil__Oil_C18_0	methwin__mCHH__gene__Zm00001d004394	1	0.07854353677496557	0.07854353677496557	mCHH	gene	Zm00001d004394	2	108539540	108542092	+	388	0.004135291092097759	0.0
agri_aa_oil__Oil_C18_0	methwin__mCHH__promoter__Zm00001d042144	1	0.07829689764998816	0.07829689764998816	mCHH	promoter	Zm00001d042144	3	153387707	153388655	-	278	0.016907213255763054	0.0
agri_aa_oil__Oil_C18_0	methwin__mCHH__promoter__Zm00001d049350	1	0.06864033781076215	0.06864033781076215	mCHH	promoter	Zm00001d049350	4	27571462	27571875	-	455	0.011500502936542034	0.0
agri_aa_oil__Oil_C18_0	methwin__mCHG__gene__Zm00001d039189	1	0.0646924496553184	0.0646924496553184	mCHG	gene	Zm00001d039189	6	172192573	172210474	+	405	0.10355351120233536	0.0
agri_aa_oil__Oil_C18_0	methwin__mCHH__promoter__Zm00001d037988	1	0.0615179599135898	0.0615179599135898	mCHH	promoter	Zm00001d037988	6	144427562	144428509	-	210	0.021414870396256447	0.0
agri_aa_oil__Oil_C18_0	methwin__mCHH__gene__Zm00001d030554	1	0.05853059502658153	0.05853059502658153	mCHH	gene	Zm00001d030554	1	143495759	143510908	-	169	0.008125745691359043	0.0
agri_aa_oil__Oil_C18_0	methwin__mCHG__gene__Zm00001d046912	1	-0.05827590545603023	0.05827590545603023	mCHG	gene	Zm00001d046912	9	110202169	110204205	+	260	0.11372020840644836	0.0
agri_aa_oil__Oil_C18_0	methwin__mCG__gene__Zm00001d028295	1	-0.05755407809113712	0.05755407809113712	mCG	gene	Zm00001d028295	1	29497242	29504081	+	121	0.15597084164619446	0.0
agri_aa_oil__Oil_C18_0	methwin__mCHH__gene__Zm00001d011370	1	0.057236396028921326	0.057236396028921326	mCHH	gene	Zm00001d011370	8	148833239	148839951	+	216	0.006961649749428034	0.0
agri_aa_oil__Oil_C18_0	methwin__mCHH__promoter__Zm00001d015670	1	-0.054601864735026186	0.054601864735026186	mCHH	promoter	Zm00001d015670	5	105053495	105053926	-	319	0.015522551722824574	0.0
agri_aa_oil__Oil_C18_0	methwin__mCHH__cis__Zm00001d032027	1	-0.05328507213845102	0.05328507213845102	mCHH	cis	Zm00001d032027	1	209851567	209853560	-	468	0.023106060922145844	0.0
agri_aa_oil__Oil_C18_0	methwin__mCHG__gene__Zm00001d026647	1	0.05174470308525746	0.05174470308525746	mCHG	gene	Zm00001d026647	10	149345776	149364298	-	382	0.10467100888490677	0.0
agri_aa_oil__Oil_C18_0	methwin__mCG__promoter__Zm00001d046354	1	-0.04935686240071574	0.04935686240071574	mCG	promoter	Zm00001d046354	9	83394090	83396208	+	305	0.14595553278923035	0.0
agri_aa_oil__Oil_C18_0	methwin__mCHG__cis__Zm00001d048686	1	-0.04838759383773354	0.04838759383773354	mCHG	cis	Zm00001d048686	4	3251055	3252592	-	261	0.13342438638210297	0.0
agri_aa_oil__Oil_C18_0	methwin__mCHG__gene__Zm00001d048684	1	-0.04838488717056662	0.04838488717056662	mCHG	gene	Zm00001d048684	4	3237296	3249838	+	87	0.13342438638210297	0.0
agri_aa_oil__Oil_C18_0	methwin__mCG__promoter__Zm00001d018613	1	-0.04762552225500885	0.04762552225500885	mCG	promoter	Zm00001d018613	7	871207	880116	-	393	0.1404688060283661	0.0
agri_aa_oil__Oil_C18_0	methwin__mCHG__gene__Zm00001d037705	1	-0.04691918726687684	0.04691918726687684	mCHG	gene	Zm00001d037705	6	134515505	134515831	+	74	0.1358199417591095	0.0
agri_aa_oil__Oil_C18_0	methwin__mCG__promoter__Zm00001d015002	1	0.04647303758908813	0.04647303758908813	mCG	promoter	Zm00001d015002	5	71944722	71945969	-	234	0.15159131586551666	0.0
agri_aa_oil__Oil_C18_0	methwin__mCG__promoter__Zm00001d015004	1	0.04647034367605077	0.04647034367605077	mCG	promoter	Zm00001d015004	5	71947713	71951327	+	233	0.15159131586551666	0.0
agri_aa_oil__Oil_C18_0	methwin__mCHG__gene__Zm00001d033629	1	-0.046451342039744103	0.046451342039744103	mCHG	gene	Zm00001d033629	1	269167771	269173673	+	156	0.12398723512887955	0.0
agri_aa_oil__Oil_C18_0	methwin__mCHG__gene__Zm00001d041138	1	-0.04441253427098487	0.04441253427098487	mCHG	gene	Zm00001d041138	3	99796959	99830105	-	110	0.12910565733909607	0.0
agri_aa_oil__Oil_C18_0	methwin__mCHH__gene__Zm00001d001882	1	0.04247404579082834	0.04247404579082834	mCHH	gene	Zm00001d001882	2	2322242	2329784	-	167	0.008210008032619953	0.0
agri_aa_oil__Oil_C18_0	methwin__mCHH__promoter__Zm00001d023719	1	0.04246181016179184	0.04246181016179184	mCHH	promoter	Zm00001d023719	10	16738052	16738510	+	229	0.020153077319264412	0.0
agri_aa_oil__Oil_C18_0	methwin__mCG__promoter__Zm00001d016278	1	-0.04106788405003051	0.04106788405003051	mCG	promoter	Zm00001d016278	5	155422718	155424151	-	370	0.14204883575439453	0.0
agri_aa_oil__Oil_C18_0	methwin__mCG__gene__Zm00001d011388	1	-0.04074717651617997	0.04074717651617997	mCG	gene	Zm00001d011388	8	149328151	149329765	+	217	0.14614354074001312	0.0
agri_aa_oil__Oil_C18_0	methwin__mCG__promoter__Zm00001d011388	1	-0.04074425961070178	0.04074425961070178	mCG	promoter	Zm00001d011388	8	149328151	149329765	+	304	0.14614354074001312	0.0
agri_aa_oil__Oil_C18_0	methwin__mCHH__gene__Zm00001d051998	1	0.04026471312140067	0.04026471312140067	mCHH	gene	Zm00001d051998	4	176207227	176221261	+	261	0.005977352149784565	0.0
agri_aa_oil__Oil_C18_0	methwin__mCG__gene__Zm00001d053896	1	-0.0397049960197508	0.0397049960197508	mCG	gene	Zm00001d053896	4	243263176	243265641	-	355	0.13379420340061188	0.0
agri_aa_oil__Oil_C18_0	methwin__mCHH__gene__Zm00001d006848	1	0.03953706055061403	0.03953706055061403	mCHH	gene	Zm00001d006848	2	217790789	217797756	-	283	0.005604600068181753	0.0
agri_aa_oil__Oil_C18_0	methwin__mCG__gene__Zm00001d024417	1	-0.03890217255793979	0.03890217255793979	mCG	gene	Zm00001d024417	10	70110101	70110779	+	463	0.12574255466461182	0.0
agri_aa_oil__Oil_C18_0	methwin__mCHG__gene__Zm00001d012763	1	0.03750019934843446	0.03750019934843446	mCHG	gene	Zm00001d012763	8	180226489	180258297	-	446	0.10172628611326218	0.0
agri_aa_oil__Oil_C18_0	methwin__mCHG__promoter__Zm00001d051964	1	-0.03746730058756978	0.03746730058756978	mCHG	promoter	Zm00001d051964	4	175484595	175495683	+	439	0.10336743295192719	0.0
agri_aa_oil__Oil_C18_0	methwin__mCHH__promoter__Zm00001d009658	1	0.03739797773210087	0.03739797773210087	mCHH	promoter	Zm00001d009658	8	74913546	74918903	-	261	0.01782749779522419	0.0
agri_aa_oil__Oil_C18_0	methwin__mCHH__promoter__Zm00001d050463	1	0.03696876650577935	0.03696876650577935	mCHH	promoter	Zm00001d050463	4	90402428	90420961	-	387	0.013287235982716084	0.0
agri_aa_oil__Oil_C18_0	methwin__mCHH__gene__Zm00001d053354	1	0.036861358706108134	0.036861358706108134	mCHH	gene	Zm00001d053354	4	227321023	227336942	-	313	0.005245545879006386	0.0
agri_aa_oil__Oil_C18_0	methwin__mCG__gene__Zm00001d031505	1	0.03610607138225749	0.03610607138225749	mCG	gene	Zm00001d031505	1	192252489	192255152	-	395	0.1310567557811737	0.0
agri_aa_oil__Oil_C18_0	methwin__mCHH__cis__Zm00001d045826	1	0.03558404626727649	0.03558404626727649	mCHH	cis	Zm00001d045826	9	42168801	42169346	-	476	0.02286762185394764	0.0
agri_aa_oil__Oil_C18_0	methwin__mCHH__promoter__Zm00001d045826	1	0.035581334381814815	0.035581334381814815	mCHH	promoter	Zm00001d045826	9	42168801	42169346	-	189	0.02286762185394764	0.0
agri_aa_oil__Oil_C18_0	methwin__mCHG__gene__Zm00001d044447	1	-0.03455160549968473	0.03455160549968473	mCHG	gene	Zm00001d044447	3	228319605	228351943	-	498	0.09882133454084396	0.0
agri_aa_oil__Oil_C18_0	methwin__mCG__gene__Zm00001d043469	1	0.034092244163637236	0.034092244163637236	mCG	gene	Zm00001d043469	3	201083349	201088576	-	356	0.13378237187862396	0.0
agri_aa_oil__Oil_C18_0	methwin__mCG__promoter__Zm00001d052230	1	0.03406605903785078	0.03406605903785078	mCG	promoter	Zm00001d052230	4	184114356	184118862	+	446	0.13628001511096954	0.0
agri_aa_oil__Oil_C18_0	methwin__mCHH__promoter__Zm00001d009314	1	-0.03320671654834348	0.03320671654834348	mCHH	promoter	Zm00001d009314	8	54503538	54504800	+	276	0.017039187252521515	0.0
agri_aa_oil__Oil_C18_0	methwin__mCHG__promoter__Zm00001d040595	1	0.03312022625134674	0.03312022625134674	mCHG	promoter	Zm00001d040595	3	52236536	52237647	+	178	0.12097060680389404	0.0
agri_aa_oil__Oil_C18_0	methwin__mCHH__cis__Zm00001d041556	1	-0.03283275060709838	0.03283275060709838	mCHH	cis	Zm00001d041556	3	127112005	127118515	-	255	0.03042175993323326	0.0
agri_aa_oil__Oil_C18_0	methwin__mCHH__gene__Zm00001d030533	1	-0.03262642130798272	0.03262642130798272	mCHH	gene	Zm00001d030533	1	142260864	142278394	-	376	0.0044015240855515	0.0
agri_aa_oil__Oil_C18_0	methwin__mCHH__cis__Zm00001d021088	1	-0.03193899205394496	0.03193899205394496	mCHH	cis	Zm00001d021088	7	142495054	142496439	-	50	0.049977220594882965	0.0
agri_aa_oil__Oil_C18_0	methwin__mCHH__promoter__Zm00001d021087	1	-0.03193808703141774	0.03193808703141774	mCHH	promoter	Zm00001d021087	7	142484402	142493269	-	22	0.049977220594882965	0.0
agri_aa_oil__Oil_C18_0	methwin__mCHH__cis__Zm00001d021087	1	-0.03193669506188931	0.03193669506188931	mCHH	cis	Zm00001d021087	7	142484402	142493269	-	51	0.049977220594882965	0.0
agri_aa_oil__Oil_C18_0	methwin__mCG__cis__Zm00001d045600	1	-0.03152760487891089	0.03152760487891089	mCG	cis	Zm00001d045600	9	28126449	28127152	+	273	0.1646333783864975	0.0
agri_aa_oil__Oil_C18_0	methwin__mCHH__cis__Zm00001d025088	1	0.031471668955110485	0.031471668955110485	mCHH	cis	Zm00001d025088	10	103260097	103261072	+	306	0.027756383642554283	0.0
agri_aa_oil__Oil_C18_0	methwin__mCHG__gene__Zm00001d002246	1	0.031356713250104466	0.031356713250104466	mCHG	gene	Zm00001d002246	2	8903282	8911060	+	194	0.11884091049432755	0.0
agri_aa_oil__Oil_C18_0	methwin__mCG__promoter__Zm00001d052135	1	-0.03107518688825121	0.03107518688825121	mCG	promoter	Zm00001d052135	4	180603733	180604032	+	358	0.14282909035682678	0.0
agri_aa_oil__Oil_C18_0	methwin__mCG__promoter__Zm00001d040635	1	-0.030451198219251904	0.030451198219251904	mCG	promoter	Zm00001d040635	3	55322134	55323375	+	343	0.1435745507478714	0.0
agri_aa_oil__Oil_C18_0	methwin__mCHH__gene__Zm00001d033382	1	0.027909064613597368	0.027909064613597368	mCHH	gene	Zm00001d033382	1	261124981	261127284	+	416	0.003841949626803398	0.0
agri_aa_oil__Oil_C18_0	methwin__mCG__gene__Zm00001d046912	1	-0.02779253047246743	0.02779253047246743	mCG	gene	Zm00001d046912	9	110202169	110204205	+	475	0.12489675730466843	0.0
agri_aa_oil__Oil_C18_0	methwin__mCHH__promoter__Zm00001d043378	1	0.026169018940895863	0.026169018940895863	mCHH	promoter	Zm00001d043378	3	198206233	198229237	+	366	0.013767054304480553	0.0
agri_aa_oil__Oil_C18_0	methwin__mCHG__gene__Zm00001d002390	1	0.025696118467546367	0.025696118467546367	mCHG	gene	Zm00001d002390	2	11665354	11689105	-	488	0.09945905208587646	0.0
agri_aa_oil__Oil_C18_0	methwin__mCG__gene__Zm00001d032064	1	0.025581758019049262	0.025581758019049262	mCG	gene	Zm00001d032064	1	211140441	211148020	+	205	0.14711131155490875	0.0
agri_aa_oil__Oil_C18_0	methwin__mCG__promoter__Zm00001d004877	1	-0.025057197002282938	0.025057197002282938	mCG	promoter	Zm00001d004877	2	145962314	145989846	-	183	0.15637525916099548	0.0
agri_aa_oil__Oil_C18_0	methwin__mCG__promoter__Zm00001d048973	1	-0.024945268005199236	0.024945268005199236	mCG	promoter	Zm00001d048973	4	11183972	11185206	-	268	0.14927947521209717	0.0
agri_aa_oil__Oil_C18_0	methwin__mCG__gene__Zm00001d048973	1	-0.02494179422781808	0.02494179422781808	mCG	gene	Zm00001d048973	4	11183972	11185206	-	179	0.14927947521209717	0.0
agri_aa_oil__Oil_C18_0	methwin__mCHH__cis__Zm00001d030686	1	0.024612027118869183	0.024612027118869183	mCHH	cis	Zm00001d030686	1	152962388	152962935	+	317	0.027350034564733505	0.0
agri_aa_oil__Oil_C18_0	methwin__mCHH__cis__Zm00001d030685	1	0.024611573964021846	0.024611573964021846	mCHH	cis	Zm00001d030685	1	152957707	152961952	-	318	0.027350034564733505	0.0
agri_aa_oil__Oil_C18_0	methwin__mCHH__cis__Zm00001d030687	1	0.024611090772111852	0.024611090772111852	mCHH	cis	Zm00001d030687	1	152965275	152966705	+	319	0.027350034564733505	0.0
agri_aa_oil__Oil_C18_0	methwin__mCHG__promoter__Zm00001d049701	1	0.023980031289974526	0.023980031289974526	mCHG	promoter	Zm00001d049701	4	40571992	40573652	-	248	0.11593183875083923	0.0
agri_aa_oil__Oil_C18_0	methwin__mCG__gene__Zm00001d029741	1	0.023515150269322712	0.023515150269322712	mCG	gene	Zm00001d029741	1	84866141	84867131	-	279	0.14035852253437042	0.0
agri_aa_oil__Oil_C18_0	methwin__mCG__promoter__Zm00001d029741	1	0.023511919376496486	0.023511919376496486	mCG	promoter	Zm00001d029741	1	84866141	84867131	-	395	0.14035852253437042	0.0
agri_aa_oil__Oil_C18_0	methwin__mCG__promoter__Zm00001d029071	1	-0.023224210552220077	0.023224210552220077	mCG	promoter	Zm00001d029071	1	57045275	57045843	+	414	0.13839122653007507	0.0
agri_aa_oil__Oil_C18_0	methwin__mCHH__promoter__Zm00001d033843	1	0.022257702359903667	0.022257702359903667	mCHH	promoter	Zm00001d033843	1	275587872	275609679	+	20	0.05177515745162964	0.0
agri_aa_oil__Oil_C18_0	methwin__mCHH__gene__Zm00001d013997	1	0.02203308570841901	0.02203308570841901	mCHH	gene	Zm00001d013997	5	27905856	27909377	-	210	0.007094806991517544	0.0
agri_aa_oil__Oil_C18_0	methwin__mCHG__gene__Zm00001d039723	1	0.021511190148769697	0.021511190148769697	mCHG	gene	Zm00001d039723	3	12989962	12990863	-	421	0.10294855386018753	0.0
agri_aa_oil__Oil_C18_0	methwin__mCHG__gene__Zm00001d015440	1	0.021344601946248227	0.021344601946248227	mCHG	gene	Zm00001d015440	5	90267647	90277773	-	201	0.11818850785493851	0.0
agri_aa_oil__Oil_C18_0	methwin__mCHG__promoter__Zm00001d015440	1	0.02134198018856278	0.02134198018856278	mCHG	promoter	Zm00001d015440	5	90267647	90277773	-	215	0.11818850785493851	0.0
agri_aa_oil__Oil_C18_0	methwin__mCG__gene__Zm00001d031467	1	-0.02129498155378556	0.02129498155378556	mCG	gene	Zm00001d031467	1	191167340	191169614	-	425	0.12836258113384247	0.0
agri_aa_oil__Oil_C18_0	methwin__mCG__gene__Zm00001d031466	1	-0.021289964080055325	0.021289964080055325	mCG	gene	Zm00001d031466	1	191167286	191172311	+	424	0.12836258113384247	0.0
agri_aa_oil__Oil_C18_0	methwin__mCHH__promoter__Zm00001d024238	1	-0.02115731557801456	0.02115731557801456	mCHH	promoter	Zm00001d024238	10	58940661	58959893	+	495	0.010614178143441677	0.0
agri_aa_oil__Oil_C18_0	methwin__mCG__promoter__Zm00001d042575	1	-0.02091720360507089	0.02091720360507089	mCG	promoter	Zm00001d042575	3	172362061	172366732	+	210	0.1539825201034546	0.0
agri_aa_oil__Oil_C18_0	methwin__mCG__cis__Zm00001d024515	1	-0.02088042603797472	0.02088042603797472	mCG	cis	Zm00001d024515	10	75531512	75533071	-	250	0.1667657494544983	0.0
agri_aa_oil__Oil_C18_0	methwin__mCHH__cis__Zm00001d025589	1	0.020844921759595975	0.020844921759595975	mCHH	cis	Zm00001d025589	10	123303091	123307977	-	20	0.06703244894742966	0.0
agri_aa_oil__Oil_C18_0	methwin__mCHH__cis__Zm00001d025588	1	0.020844473361991772	0.020844473361991772	mCHH	cis	Zm00001d025588	10	123299914	123302351	-	19	0.06703244894742966	0.0
agri_aa_oil__Oil_C18_0	methwin__mCHH__promoter__Zm00001d025589	1	0.02083592432404589	0.02083592432404589	mCHH	promoter	Zm00001d025589	10	123303091	123307977	-	9	0.06703244894742966	0.0
agri_aa_oil__Oil_C18_0	methwin__mCHH__cis__Zm00001d025587	1	0.020833434230775074	0.020833434230775074	mCHH	cis	Zm00001d025587	10	123297388	123299277	-	21	0.06703244894742966	0.0
agri_aa_oil__Oil_C18_0	methwin__mCG__promoter__Zm00001d002231	1	0.02079159766282163	0.02079159766282163	mCG	promoter	Zm00001d002231	2	8444493	8445857	+	433	0.13727734982967377	0.0
agri_aa_oil__Oil_C18_0	methwin__mCG__cis__Zm00001d013594	1	-0.020649089749654865	0.020649089749654865	mCG	cis	Zm00001d013594	5	15048810	15050811	+	325	0.162626251578331	0.0
agri_aa_oil__Oil_C18_0	methwin__mCG__gene__Zm00001d013594	1	-0.020647147275773207	0.020647147275773207	mCG	gene	Zm00001d013594	5	15048810	15050811	+	77	0.162626251578331	0.0
agri_aa_oil__Oil_C18_0	methwin__mCHG__promoter__Zm00001d021642	1	-0.020039928069335095	0.020039928069335095	mCHG	promoter	Zm00001d021642	7	158942190	158945366	+	252	0.11537820845842361	0.0
agri_aa_oil__Oil_C18_0	methwin__mCG__gene__Zm00001d052703	1	0.01982713739603719	0.01982713739603719	mCG	gene	Zm00001d052703	4	198199216	198204394	+	181	0.14886458218097687	0.0
agri_aa_oil__Oil_C18_0	methwin__mCHG__promoter__Zm00001d004877	1	-0.019814750812934337	0.019814750812934337	mCHG	promoter	Zm00001d004877	2	145962314	145989846	-	67	0.13491444289684296	0.0
agri_aa_oil__Oil_C18_0	methwin__mCHG__promoter__Zm00001d044907	1	-0.01947391602259028	0.01947391602259028	mCHG	promoter	Zm00001d044907	9	6897020	6904501	-	69	0.13482554256916046	0.0
agri_aa_oil__Oil_C18_0	methwin__mCHG__cis__Zm00001d044907	1	-0.019468859686059593	0.019468859686059593	mCHG	cis	Zm00001d044907	9	6897020	6904501	-	231	0.13482554256916046	0.0
agri_aa_oil__Oil_C18_0	methwin__mCG__gene__Zm00001d030581	1	0.019408020546094924	0.019408020546094924	mCG	gene	Zm00001d030581	1	146069754	146080187	-	250	0.14256551861763	0.0
agri_aa_oil__Oil_C18_0	methwin__mCHH__promoter__Zm00001d024505	1	-0.01908374130624453	0.01908374130624453	mCHH	promoter	Zm00001d024505	10	74756584	74774103	+	293	0.016416169703006744	0.0
agri_aa_oil__Oil_C18_0	methwin__mCG__promoter__Zm00001d039049	1	0.018815137580276427	0.018815137580276427	mCG	promoter	Zm00001d039049	6	169245888	169247273	+	262	0.14948950707912445	0.0
agri_aa_oil__Oil_C18_0	methwin__mCHG__promoter__Zm00001d045160	1	0.018163251428984478	0.018163251428984478	mCHG	promoter	Zm00001d045160	9	14630323	14638218	-	362	0.10731229931116104	0.0
agri_aa_oil__Oil_C18_0	methwin__mCHH__promoter__Zm00001d023732	1	0.01785255658486856	0.01785255658486856	mCHH	promoter	Zm00001d023732	10	17744759	17761320	+	203	0.021851273253560066	0.0
agri_aa_oil__Oil_C18_0	methwin__mCHG__promoter__Zm00001d029071	1	-0.017563856783893595	0.017563856783893595	mCHG	promoter	Zm00001d029071	1	57045275	57045843	+	290	0.11298662424087524	0.0
agri_aa_oil__Oil_C18_0	methwin__mCHH__promoter__Zm00001d023248	1	0.017180483900013022	0.017180483900013022	mCHH	promoter	Zm00001d023248	10	1456929	1458449	+	472	0.011119210161268711	0.0
agri_aa_oil__Oil_C18_0	methwin__mCHH__cis__Zm00001d051742	1	-0.016477783817584902	0.016477783817584902	mCHH	cis	Zm00001d051742	4	168615582	168622676	-	135	0.03808150067925453	0.0
agri_aa_oil__Oil_C18_0	methwin__mCHH__cis__Zm00001d051743	1	-0.016472071218535906	0.016472071218535906	mCHH	cis	Zm00001d051743	4	168623425	168624647	-	134	0.03808150067925453	0.0
agri_aa_oil__Oil_C18_0	methwin__mCHH__promoter__Zm00001d051742	1	-0.01640756236302509	0.01640756236302509	mCHH	promoter	Zm00001d051742	4	168615582	168622676	-	56	0.03808150067925453	0.0
agri_aa_oil__Oil_C18_0	methwin__mCHH__cis__Zm00001d051744	1	-0.016398510724374614	0.016398510724374614	mCHH	cis	Zm00001d051744	4	168626712	168628426	-	136	0.03808150067925453	0.0
agri_aa_oil__Oil_C18_0	methwin__mCHH__promoter__Zm00001d010402	1	-0.01576636536716363	0.01576636536716363	mCHH	promoter	Zm00001d010402	8	113056986	113057636	+	66	0.03562040254473686	0.0
agri_aa_oil__Oil_C18_0	methwin__mCHH__cis__Zm00001d010402	1	-0.01576389102783728	0.01576389102783728	mCHH	cis	Zm00001d010402	8	113056986	113057636	+	168	0.03562040254473686	0.0
agri_aa_oil__Oil_C18_0	methwin__mCHH__cis__Zm00001d010403	1	-0.01575755966963273	0.01575755966963273	mCHH	cis	Zm00001d010403	8	113059177	113063728	-	169	0.03562040254473686	0.0
agri_aa_oil__Oil_C18_0	methwin__mCG__cis__Zm00001d020309	1	-0.015715471695278333	0.015715471695278333	mCG	cis	Zm00001d020309	7	105199934	105204143	-	348	0.16148357093334198	0.0
agri_aa_oil__Oil_C18_0	methwin__mCG__promoter__Zm00001d025050	1	-0.015709491664719497	0.015709491664719497	mCG	promoter	Zm00001d025050	10	101678128	101682933	-	148	0.15985636413097382	0.0
agri_aa_oil__Oil_C18_0	methwin__mCHH__promoter__Zm00001d028347	1	0.015673681350397844	0.015673681350397844	mCHH	promoter	Zm00001d028347	1	31513628	31515158	+	415	0.012501775287091732	0.0
agri_aa_oil__Oil_C18_0	methwin__mCHG__promoter__Zm00001d036151	1	-0.015598528596266406	0.015598528596266406	mCHG	promoter	Zm00001d036151	6	74662764	74663198	-	76	0.13329464197158813	0.0
agri_aa_oil__Oil_C18_0	methwin__mCHG__cis__Zm00001d036151	1	-0.015596589682001779	0.015596589682001779	mCHG	cis	Zm00001d036151	6	74662764	74663198	-	265	0.13329464197158813	0.0
agri_aa_oil__Oil_C18_0	methwin__mCHG__promoter__Zm00001d025050	1	-0.01555747856198065	0.01555747856198065	mCHG	promoter	Zm00001d025050	10	101678128	101682933	-	11	0.15639975666999817	0.0
agri_aa_oil__Oil_C18_0	methwin__mCHG__cis__Zm00001d025050	1	-0.015554545911340699	0.015554545911340699	mCHG	cis	Zm00001d025050	10	101678128	101682933	-	25	0.15639975666999817	0.0
agri_aa_oil__Oil_C18_0	methwin__mCG__gene__Zm00001d002640	1	-0.015530754449550472	0.015530754449550472	mCG	gene	Zm00001d002640	2	17710877	17738889	+	437	0.12695667147636414	0.0
agri_aa_oil__Oil_C18_0	methwin__mCG__promoter__Zm00001d051852	1	0.015359311299053378	0.015359311299053378	mCG	promoter	Zm00001d051852	4	172404001	172404660	-	273	0.14868208765983582	0.0
agri_aa_oil__Oil_C18_0	methwin__mCG__gene__Zm00001d051852	1	0.015357045946617867	0.015357045946617867	mCG	gene	Zm00001d051852	4	172404001	172404660	-	183	0.14868208765983582	0.0
agri_aa_oil__Oil_C18_0	methwin__mCHH__cis__Zm00001d012060	1	-0.014561262489451105	0.014561262489451105	mCHH	cis	Zm00001d012060	8	167470863	167476562	+	103	0.041335929185152054	0.0
agri_aa_oil__Oil_C18_0	methwin__mCG__gene__Zm00001d036993	1	-0.013762080591810581	0.013762080591810581	mCG	gene	Zm00001d036993	6	108514117	108515979	+	349	0.13408350944519043	0.0
agri_aa_oil__Oil_C18_0	methwin__mCHG__promoter__Zm00001d011977	1	0.01371822620592525	0.01371822620592525	mCHG	promoter	Zm00001d011977	8	165539946	165542030	-	278	0.11373426765203476	0.0
agri_aa_oil__Oil_C18_0	methwin__mCHG__promoter__Zm00001d032478	1	-0.01365849417627984	0.01365849417627984	mCHG	promoter	Zm00001d032478	1	228035780	228036940	+	25	0.1482032686471939	0.0
agri_aa_oil__Oil_C18_0	methwin__mCHG__promoter__Zm00001d005304	1	-0.013496751295682266	0.013496751295682266	mCHG	promoter	Zm00001d005304	2	168856039	168857476	-	379	0.10652659088373184	0.0
agri_aa_oil__Oil_C18_0	methwin__mCHG__promoter__Zm00001d005305	1	-0.01348553439865965	0.01348553439865965	mCHG	promoter	Zm00001d005305	2	168860926	168876281	+	378	0.10652659088373184	0.0
agri_aa_oil__Oil_C18_0	methwin__mCHG__cis__Zm00001d040152	1	-0.012421269716801794	0.012421269716801794	mCHG	cis	Zm00001d040152	3	29271520	29275778	-	428	0.1271587610244751	0.0
agri_aa_oil__Oil_C18_0	methwin__mCHH__gene__Zm00001d025556	1	-0.012372841743379086	0.012372841743379086	mCHH	gene	Zm00001d025556	10	122310872	122313235	-	191	0.007567467167973518	0.0
agri_aa_oil__Oil_C18_0	methwin__mCG__cis__Zm00001d009676	1	-0.01227144519419585	0.01227144519419585	mCG	cis	Zm00001d009676	8	75406721	75412753	+	161	0.17344748973846436	0.0
agri_aa_oil__Oil_C18_0	methwin__mCG__promoter__Zm00001d009676	1	-0.012261528844511928	0.012261528844511928	mCG	promoter	Zm00001d009676	8	75406721	75412753	+	58	0.17344748973846436	0.0
agri_aa_oil__Oil_C18_0	methwin__mCG__gene__Zm00001d009676	1	-0.012257616627903579	0.012257616627903579	mCG	gene	Zm00001d009676	8	75406721	75412753	+	31	0.17344748973846436	0.0
agri_aa_oil__Oil_C18_0	methwin__mCG__cis__Zm00001d007474	1	-0.011898588607699228	0.011898588607699228	mCG	cis	Zm00001d007474	2	232516766	232520492	-	74	0.18060164153575897	0.0
agri_aa_oil__Oil_C18_0	methwin__mCG__promoter__Zm00001d028656	1	-0.011617118560165238	0.011617118560165238	mCG	promoter	Zm00001d028656	1	42051353	42054601	-	147	0.15986384451389313	0.0
agri_aa_oil__Oil_C18_0	methwin__mCG__cis__Zm00001d028657	1	-0.01161515325305171	0.01161515325305171	mCG	cis	Zm00001d028657	1	42055800	42056585	+	388	0.15986384451389313	0.0
agri_aa_oil__Oil_C18_0	methwin__mCG__cis__Zm00001d028656	1	-0.011612216200014227	0.011612216200014227	mCG	cis	Zm00001d028656	1	42051353	42054601	-	389	0.15986384451389313	0.0
agri_aa_oil__Oil_C18_0	methwin__mCG__promoter__Zm00001d028657	1	-0.011611470936742169	0.011611470936742169	mCG	promoter	Zm00001d028657	1	42055800	42056585	+	146	0.15986384451389313	0.0
agri_aa_oil__Oil_C18_0	methwin__mCHG__promoter__Zm00001d027957	1	-0.011250509999922328	0.011250509999922328	mCHG	promoter	Zm00001d027957	1	18299864	18321135	-	30	0.14293824136257172	0.0
agri_aa_oil__Oil_C18_0	methwin__mCHG__cis__Zm00001d027958	1	-0.011248350386155542	0.011248350386155542	mCHG	cis	Zm00001d027958	1	18324501	18326246	+	106	0.14293824136257172	0.0
agri_aa_oil__Oil_C18_0	methwin__mCHH__cis__Zm00001d040595	1	0.010962838264440895	0.010962838264440895	mCHH	cis	Zm00001d040595	3	52236536	52237647	+	67	0.04717601090669632	0.0
agri_aa_oil__Oil_C18_0	methwin__mCHH__promoter__Zm00001d040595	1	0.010959042448937396	0.010959042448937396	mCHH	promoter	Zm00001d040595	3	52236536	52237647	+	30	0.04717601090669632	0.0
agri_aa_oil__Oil_C18_0	methwin__mCHG__promoter__Zm00001d040673	1	0.010686891909575086	0.010686891909575086	mCHG	promoter	Zm00001d040673	3	57203920	57204860	-	405	0.10490470379590988	0.0
agri_aa_oil__Oil_C18_0	methwin__mCG__cis__Zm00001d032148	1	0.010686618245658835	0.010686618245658835	mCG	cis	Zm00001d032148	1	214491081	214496190	+	71	0.18085977435112	0.0
agri_aa_oil__Oil_C18_0	methwin__mCHG__gene__Zm00001d040674	1	0.010686405864016934	0.010686405864016934	mCHG	gene	Zm00001d040674	3	57206032	57206889	-	376	0.10490470379590988	0.0
agri_aa_oil__Oil_C18_0	methwin__mCHG__promoter__Zm00001d040674	1	0.010682574649594627	0.010682574649594627	mCHG	promoter	Zm00001d040674	3	57206032	57206889	-	404	0.10490470379590988	0.0
agri_aa_oil__Oil_C18_0	methwin__mCHH__promoter__Zm00001d006180	1	0.010581039571890568	0.010581039571890568	mCHH	promoter	Zm00001d006180	2	200830545	200833132	-	217	0.021005943417549133	0.0
agri_aa_oil__Oil_C18_0	methwin__mCHG__promoter__Zm00001d021689	1	-0.01051540005506989	0.01051540005506989	mCHG	promoter	Zm00001d021689	7	160134485	160142314	-	361	0.10735384374856949	0.0
agri_aa_oil__Oil_C18_0	methwin__mCG__cis__Zm00001d044314	1	-0.009875585875610316	0.009875585875610316	mCG	cis	Zm00001d044314	3	225020099	225035548	+	91	0.1790086179971695	0.0
agri_aa_oil__Oil_C18_0	methwin__mCG__gene__Zm00001d044315	1	-0.009870999666461143	0.009870999666461143	mCG	gene	Zm00001d044315	3	225036651	225051676	-	14	0.1790086179971695	0.0
agri_aa_oil__Oil_C18_0	methwin__mCHG__promoter__Zm00001d052271	1	0.009803223926081845	0.009803223926081845	mCHG	promoter	Zm00001d052271	4	185511457	185520217	+	209	0.11892271041870117	0.0
agri_aa_oil__Oil_C18_0	methwin__mCHH__gene__Zm00001d009167	1	0.009636686251842707	0.009636686251842707	mCHH	gene	Zm00001d009167	8	40630094	40633047	+	288	0.005581408739089966	0.0
agri_aa_oil__Oil_C18_0	methwin__mCHH__gene__Zm00001d004707	1	0.009451826837827977	0.009451826837827977	mCHH	gene	Zm00001d004707	2	132433054	132465319	-	59	0.01565706916153431	0.0
agri_aa_oil__Oil_C18_0	methwin__mCHH__gene__Zm00001d009148	1	-0.008956672388102943	0.008956672388102943	mCHH	gene	Zm00001d009148	8	39615377	39627678	-	404	0.003915713168680668	0.0
agri_aa_oil__Oil_C18_0	methwin__mCHH__promoter__Zm00001d033717	1	-0.00875606437375753	0.00875606437375753	mCHH	promoter	Zm00001d033717	1	272123492	272125627	-	459	0.011396927759051323	0.0
agri_aa_oil__Oil_C18_0	methwin__mCG__cis__Zm00001d043017	1	0.008455090984452024	0.008455090984452024	mCG	cis	Zm00001d043017	3	186595437	186595841	-	43	0.18656866252422333	0.0
agri_aa_oil__Oil_C18_0	methwin__mCG__cis__Zm00001d043018	1	0.008441497884726224	0.008441497884726224	mCG	cis	Zm00001d043018	3	186599557	186600219	+	45	0.18656866252422333	0.0
agri_aa_oil__Oil_C18_0	methwin__mCG__cis__Zm00001d043019	1	0.008308962560432752	0.008308962560432752	mCG	cis	Zm00001d043019	3	186606093	186608615	-	44	0.18656866252422333	0.0
agri_aa_oil__Oil_C18_0	methwin__mCG__promoter__Zm00001d043018	1	0.008291836632145777	0.008291836632145777	mCG	promoter	Zm00001d043018	3	186599557	186600219	+	18	0.18656866252422333	0.0
agri_aa_oil__Oil_C18_0	methwin__mCG__promoter__Zm00001d043017	1	0.008227468616744086	0.008227468616744086	mCG	promoter	Zm00001d043017	3	186595437	186595841	-	17	0.18656866252422333	0.0
agri_aa_oil__Oil_C18_0	methwin__mCHH__cis__Zm00001d045859	1	0.007973905871478289	0.007973905871478289	mCHH	cis	Zm00001d045859	9	44202947	44204954	+	197	0.03413306549191475	0.0
agri_aa_oil__Oil_C18_0	methwin__mCHH__cis__Zm00001d045858	1	0.007971695884160484	0.007971695884160484	mCHH	cis	Zm00001d045858	9	44196118	44198630	+	198	0.03413306549191475	0.0
agri_aa_oil__Oil_C18_0	methwin__mCHH__promoter__Zm00001d045859	1	0.007970236529452402	0.007970236529452402	mCHH	promoter	Zm00001d045859	9	44202947	44204954	+	80	0.03413306549191475	0.0
agri_aa_oil__Oil_C18_0	methwin__mCHG__promoter__Zm00001d052135	1	-0.0077880388986788385	0.0077880388986788385	mCHG	promoter	Zm00001d052135	4	180603733	180604032	+	345	0.10874772816896439	0.0
agri_aa_oil__Oil_C18_0	methwin__mCG__cis__Zm00001d030261	1	-0.0076932057741899386	0.0076932057741899386	mCG	cis	Zm00001d030261	1	117216448	117216960	+	1	0.20386846363544464	0.0
agri_aa_oil__Oil_C18_0	methwin__mCG__promoter__Zm00001d040595	1	0.007433783709373088	0.007433783709373088	mCG	promoter	Zm00001d040595	3	52236536	52237647	+	245	0.15087567269802094	0.0
agri_aa_oil__Oil_C18_0	methwin__mCG__gene__Zm00001d050254	1	-0.007108065843308691	0.007108065843308691	mCG	gene	Zm00001d050254	4	76616970	76627079	+	401	0.13043105602264404	0.0
agri_aa_oil__Oil_C18_0	methwin__mCG__cis__Zm00001d044219	1	0.007014666292031599	0.007014666292031599	mCG	cis	Zm00001d044219	3	222119675	222122409	+	238	0.16763456165790558	0.0
agri_aa_oil__Oil_C18_0	methwin__mCG__promoter__Zm00001d044219	1	0.00698736291168701	0.00698736291168701	mCG	promoter	Zm00001d044219	3	222119675	222122409	+	92	0.16763456165790558	0.0
agri_aa_oil__Oil_C18_0	methwin__mCHG__cis__Zm00001d052551	1	0.006798872358727209	0.006798872358727209	mCHG	cis	Zm00001d052551	4	192868787	192870527	+	482	0.12527120113372803	0.0
agri_aa_oil__Oil_C18_0	methwin__mCHG__gene__Zm00001d052549	1	0.006792306338671104	0.006792306338671104	mCHG	gene	Zm00001d052549	4	192864628	192865239	-	143	0.12527120113372803	0.0
agri_aa_oil__Oil_C18_0	methwin__mCHG__cis__Zm00001d052549	1	0.006787846747026218	0.006787846747026218	mCHG	cis	Zm00001d052549	4	192864628	192865239	-	483	0.12527120113372803	0.0
agri_aa_oil__Oil_C18_0	methwin__mCHG__promoter__Zm00001d052549	1	0.006775706269920733	0.006775706269920733	mCHG	promoter	Zm00001d052549	4	192864628	192865239	-	132	0.12527120113372803	0.0
agri_aa_oil__Oil_C18_0	methwin__mCG__promoter__Zm00001d032547	1	0.006733707560867453	0.006733707560867453	mCG	promoter	Zm00001d032547	1	230141385	230144429	-	162	0.15848031640052795	0.0
agri_aa_oil__Oil_C18_0	methwin__mCG__cis__Zm00001d032547	1	0.006728795168062194	0.006728795168062194	mCG	cis	Zm00001d032547	1	230141385	230144429	-	426	0.15848031640052795	0.0
agri_aa_oil__Oil_C18_0	methwin__mCG__cis__Zm00001d032546	1	0.006706058216568099	0.006706058216568099	mCG	cis	Zm00001d032546	1	230134398	230139442	-	427	0.15848031640052795	0.0
agri_aa_oil__Oil_C18_0	methwin__mCHG__gene__Zm00001d008233	1	0.006668100938842109	0.006668100938842109	mCHG	gene	Zm00001d008233	8	2062566	2071530	+	500	0.09869850426912308	0.0
agri_aa_oil__Oil_C18_0	methwin__mCHH__promoter__Zm00001d023384	1	0.006612211916333717	0.006612211916333717	mCHH	promoter	Zm00001d023384	10	4335098	4336256	-	305	0.016019288450479507	0.0
agri_aa_oil__Oil_C18_0	methwin__mCHG__promoter__Zm00001d044219	1	0.00572337065089027	0.00572337065089027	mCHG	promoter	Zm00001d044219	3	222119675	222122409	+	247	0.11598948389291763	0.0
agri_aa_oil__Oil_C18_0	methwin__mCG__promoter__Zm00001d025381	1	-0.005419145931536467	0.005419145931536467	mCG	promoter	Zm00001d025381	10	116549727	116550765	+	6	0.1945035308599472	0.0
agri_aa_oil__Oil_C18_0	methwin__mCG__cis__Zm00001d025382	1	-0.005337048756484068	0.005337048756484068	mCG	cis	Zm00001d025382	10	116549873	116550361	+	15	0.1945035308599472	0.0
agri_aa_oil__Oil_C18_0	methwin__mCG__cis__Zm00001d025381	1	-0.00531538054106315	0.00531538054106315	mCG	cis	Zm00001d025381	10	116549727	116550765	+	14	0.1945035308599472	0.0
agri_aa_oil__Oil_C18_0	methwin__mCG__promoter__Zm00001d025382	1	-0.0052906875439122	0.0052906875439122	mCG	promoter	Zm00001d025382	10	116549873	116550361	+	5	0.1945035308599472	0.0
agri_aa_oil__Oil_C18_0	methwin__mCG__promoter__Zm00001d036462	1	0.0052717928262299195	0.0052717928262299195	mCG	promoter	Zm00001d036462	6	89295382	89304942	+	161	0.1586129069328308	0.0
agri_aa_oil__Oil_C18_0	methwin__mCG__cis__Zm00001d036462	1	0.0052676082069657276	0.0052676082069657276	mCG	cis	Zm00001d036462	6	89295382	89304942	+	425	0.1586129069328308	0.0
agri_aa_oil__Oil_C18_0	methwin__mCG__gene__Zm00001d010551	1	-0.005058110196333543	0.005058110196333543	mCG	gene	Zm00001d010551	8	120189587	120190021	+	56	0.16839031875133514	0.0
agri_aa_oil__Oil_C18_0	methwin__mCHG__cis__Zm00001d032664	1	-0.0050395864680859714	0.0050395864680859714	mCHG	cis	Zm00001d032664	1	233548082	233551762	-	308	0.1311594843864441	0.0
agri_aa_oil__Oil_C18_0	methwin__mCG__promoter__Zm00001d010551	1	-0.004989476591657918	0.004989476591657918	mCG	promoter	Zm00001d010551	8	120189587	120190021	+	89	0.16839031875133514	0.0
agri_aa_oil__Oil_C18_0	methwin__mCG__gene__Zm00001d010550	1	-0.004913959197584165	0.004913959197584165	mCG	gene	Zm00001d010550	8	120189368	120190078	-	57	0.16839031875133514	0.0
agri_aa_oil__Oil_C18_0	methwin__mCHG__promoter__Zm00001d052520	1	0.00489616847166564	0.00489616847166564	mCHG	promoter	Zm00001d052520	4	191984692	191985651	+	225	0.11719036102294922	0.0
agri_aa_oil__Oil_C18_0	methwin__mCG__promoter__Zm00001d010552	1	-0.004888529497898417	0.004888529497898417	mCG	promoter	Zm00001d010552	8	120190138	120191057	+	90	0.16839031875133514	0.0
agri_aa_oil__Oil_C18_0	methwin__mCG__gene__Zm00001d011488	1	-0.004281985728584898	0.004281985728584898	mCG	gene	Zm00001d011488	8	152107228	152107913	+	147	0.15268437564373016	0.0
agri_aa_oil__Oil_C18_0	methwin__mCHH__cis__Zm00001d008858	1	-0.004121825853304751	0.004121825853304751	mCHH	cis	Zm00001d008858	8	22865173	22869630	+	498	0.022259419783949852	0.0
agri_aa_oil__Oil_C18_0	methwin__mCHH__cis__Zm00001d008859	1	-0.00411942592139733	0.00411942592139733	mCHH	cis	Zm00001d008859	8	22870098	22873800	-	499	0.022259419783949852	0.0
agri_aa_oil__Oil_C18_0	methwin__mCHG__promoter__Zm00001d004117	1	-0.003827258531926889	0.003827258531926889	mCHG	promoter	Zm00001d004117	2	83616578	83623667	+	249	0.11590122431516647	0.0
agri_aa_oil__Oil_C18_0	methwin__mCHG__gene__Zm00001d004117	1	-0.0038242551815408587	0.0038242551815408587	mCHG	gene	Zm00001d004117	2	83616578	83623667	+	231	0.11590122431516647	0.0
agri_aa_oil__Oil_C18_0	methwin__mCG__cis__Zm00001d029797	1	-0.0038205748515802045	0.0038205748515802045	mCG	cis	Zm00001d029797	1	87442443	87443667	-	403	0.15922844409942627	0.0
agri_aa_oil__Oil_C18_0	methwin__mCG__cis__Zm00001d029798	1	-0.003813130269376851	0.003813130269376851	mCG	cis	Zm00001d029798	1	87447246	87448133	+	402	0.15922844409942627	0.0
agri_aa_oil__Oil_C18_0	methwin__mCG__gene__Zm00001d029798	1	-0.003812089269535252	0.003812089269535252	mCG	gene	Zm00001d029798	1	87447246	87448133	+	102	0.15922844409942627	0.0
agri_aa_oil__Oil_C18_0	methwin__mCHH__gene__Zm00001d020640	1	0.003261353867511218	0.003261353867511218	mCHH	gene	Zm00001d020640	7	125978833	125998277	+	325	0.005099446512758732	0.0
agri_aa_oil__Oil_C18_0	methwin__mCHG__promoter__Zm00001d038949	1	-0.0030913583751944894	0.0030913583751944894	mCHG	promoter	Zm00001d038949	6	167539996	167542087	+	60	0.13637423515319824	0.0
agri_aa_oil__Oil_C18_0	methwin__mCHG__gene__Zm00001d038949	1	-0.003090146540035062	0.003090146540035062	mCHG	gene	Zm00001d038949	6	167539996	167542087	+	70	0.13637423515319824	0.0
agri_aa_oil__Oil_C18_0	methwin__mCHG__cis__Zm00001d038949	1	-0.0030768316102772492	0.0030768316102772492	mCHG	cis	Zm00001d038949	6	167539996	167542087	+	208	0.13637423515319824	0.0
agri_aa_oil__Oil_C18_0	methwin__mCG__promoter__Zm00001d008954	1	-0.002965343646445323	0.002965343646445323	mCG	promoter	Zm00001d008954	8	26894967	26904334	-	442	0.13665330410003662	0.0
agri_aa_oil__Oil_C18_0	methwin__mCG__promoter__Zm00001d011506	1	-0.0027868862526799123	0.0027868862526799123	mCG	promoter	Zm00001d011506	8	152782371	152788872	+	36	0.17841021716594696	0.0
agri_aa_oil__Oil_C18_0	methwin__mCG__gene__Zm00001d011506	1	-0.0027835388974115846	0.0027835388974115846	mCG	gene	Zm00001d011506	8	152782371	152788872	+	16	0.17841021716594696	0.0
agri_aa_oil__Oil_C18_0	methwin__mCG__cis__Zm00001d011506	1	-0.0027823196717561044	0.0027823196717561044	mCG	cis	Zm00001d011506	8	152782371	152788872	+	95	0.17841021716594696	0.0
agri_aa_oil__Oil_C18_0	methwin__mCG__cis__Zm00001d040152	1	-0.002749409816750408	0.002749409816750408	mCG	cis	Zm00001d040152	3	29271520	29275778	-	237	0.16767656803131104	0.0
agri_aa_oil__Oil_C18_0	methwin__mCG__cis__Zm00001d038949	1	-0.0024689086442978665	0.0024689086442978665	mCG	cis	Zm00001d038949	6	167539996	167542087	+	171	0.1722574383020401	0.0
agri_aa_oil__Oil_C18_0	methwin__mCG__gene__Zm00001d038949	1	-0.002464374195585749	0.002464374195585749	mCG	gene	Zm00001d038949	6	167539996	167542087	+	34	0.1722574383020401	0.0
agri_aa_oil__Oil_C18_0	methwin__mCG__promoter__Zm00001d038949	1	-0.0024583710171115995	0.0024583710171115995	mCG	promoter	Zm00001d038949	6	167539996	167542087	+	61	0.1722574383020401	0.0
agri_aa_oil__Oil_C18_0	methwin__mCG__gene__Zm00001d018265	1	0.002457820258237444	0.002457820258237444	mCG	gene	Zm00001d018265	5	217638865	217640700	+	75	0.16296465694904327	0.0
agri_aa_oil__Oil_C18_0	methwin__mCG__promoter__Zm00001d018265	1	0.0024556104234639033	0.0024556104234639033	mCG	promoter	Zm00001d018265	5	217638865	217640700	+	118	0.16296465694904327	0.0
agri_aa_oil__Oil_C18_0	methwin__mCG__cis__Zm00001d047777	1	-0.0020416995457014733	0.0020416995457014733	mCG	cis	Zm00001d047777	9	141491226	141495952	-	372	0.16050924360752106	0.0
agri_aa_oil__Oil_C18_0	methwin__mCG__cis__Zm00001d047778	1	-0.0020415618743443156	0.0020415618743443156	mCG	cis	Zm00001d047778	9	141498351	141502117	-	371	0.16050924360752106	0.0
agri_aa_oil__Oil_C18_0	methwin__mCHH__promoter__Zm00001d039179	1	-0.0019159876673225877	0.0019159876673225877	mCHH	promoter	Zm00001d039179	6	171880132	171881868	-	12	0.06174381449818611	0.0
agri_aa_oil__Oil_C18_0	methwin__mCHH__cis__Zm00001d039180	1	-0.0018944755453715937	0.0018944755453715937	mCHH	cis	Zm00001d039180	6	171890678	171895329	-	25	0.06174381449818611	0.0
agri_aa_oil__Oil_C18_0	methwin__mCHH__cis__Zm00001d039179	1	-0.0018848849489024938	0.0018848849489024938	mCHH	cis	Zm00001d039179	6	171880132	171881868	-	26	0.06174381449818611	0.0
agri_aa_oil__Oil_C18_0	methwin__mCHG__cis__Zm00001d029999	1	-0.0018519180250699558	0.0018519180250699558	mCHG	cis	Zm00001d029999	1	98390539	98392128	-	177	0.1379004865884781	0.0
agri_aa_oil__Oil_C18_0	methwin__mCHG__promoter__Zm00001d030001	1	-0.0018485421878035877	0.0018485421878035877	mCHG	promoter	Zm00001d030001	1	98395850	98397572	+	51	0.1379004865884781	0.0
agri_aa_oil__Oil_C18_0	methwin__mCHG__cis__Zm00001d029997	1	-0.0018431903640981624	0.0018431903640981624	mCHG	cis	Zm00001d029997	1	98382117	98384521	+	178	0.1379004865884781	0.0
agri_aa_oil__Oil_C18_0	methwin__mCHG__cis__Zm00001d030001	1	-0.0018379507739036233	0.0018379507739036233	mCHG	cis	Zm00001d030001	1	98395850	98397572	+	179	0.1379004865884781	0.0
agri_aa_oil__Oil_C18_0	methwin__mCHG__promoter__Zm00001d029999	1	-0.0018334298722808993	0.0018334298722808993	mCHG	promoter	Zm00001d029999	1	98390539	98392128	-	52	0.1379004865884781	0.0
agri_aa_oil__Oil_C18_0	methwin__mCHG__gene__Zm00001d010551	1	-0.0017637628080433038	0.0017637628080433038	mCHG	gene	Zm00001d010551	8	120189587	120190021	+	222	0.11683251708745956	0.0
agri_aa_oil__Oil_C18_0	methwin__mCHG__promoter__Zm00001d010551	1	-0.0017543177487751376	0.0017543177487751376	mCHG	promoter	Zm00001d010551	8	120189587	120190021	+	231	0.11683251708745956	0.0
agri_aa_oil__Oil_C18_0	methwin__mCHG__promoter__Zm00001d010552	1	-0.0016914249486365066	0.0016914249486365066	mCHG	promoter	Zm00001d010552	8	120190138	120191057	+	230	0.11683251708745956	0.0
agri_aa_oil__Oil_C18_0	methwin__mCHG__gene__Zm00001d010550	1	-0.00162427963043188	0.00162427963043188	mCHG	gene	Zm00001d010550	8	120189368	120190078	-	223	0.11683251708745956	0.0
agri_aa_oil__Oil_C18_0	methwin__mCG__gene__Zm00001d003801	1	-0.0015483636693279144	0.0015483636693279144	mCG	gene	Zm00001d003801	2	59830814	59835635	+	441	0.12678037583827972	0.0
agri_aa_oil__Oil_C18_0	methwin__mCG__gene__Zm00001d003800	1	-0.001547651874390788	0.001547651874390788	mCG	gene	Zm00001d003800	2	59826668	59845512	-	442	0.12678037583827972	0.0
agri_aa_oil__Oil_C18_0	methwin__mCHG__promoter__Zm00001d019185	1	-0.001060008424014952	0.001060008424014952	mCHG	promoter	Zm00001d019185	7	20695401	20704885	+	279	0.11371459066867828	0.0
agri_aa_oil__Oil_C18_0	methwin__mCHG__cis__Zm00001d042632	1	-0.0005524452389021532	0.0005524452389021532	mCHG	cis	Zm00001d042632	3	174667819	174671278	-	455	0.12641170620918274	0.0
agri_aa_oil__Oil_C18_0	methwin__mCHH__gene__Zm00001d006030	1	0.00042486659636171623	0.00042486659636171623	mCHH	gene	Zm00001d006030	2	195706441	195714239	+	172	0.00801548920571804	0.0
agri_aa_oil__Oil_C18_0	methwin__mCG__gene__Zm00001d012763	1	0.00027861042704927056	0.00027861042704927056	mCG	gene	Zm00001d012763	8	180226489	180258297	-	315	0.13751408457756042	0.0
agri_aa_oil__Oil_C18_0	methwin__mCHG__gene__Zm00001d010369	1	4.767345682949814e-05	4.767345682949814e-05	mCHG	gene	Zm00001d010369	8	111492779	111493761	-	415	0.1031317189335823	0.0
agri_aa_oil__Oil_C18_0	methwin__mCHH__promoter__Zm00001d044635	1	5.952260536935131e-06	5.952260536935131e-06	mCHH	promoter	Zm00001d044635	3	233750694	233751206	-	462	0.011361577548086643	0.0
agri_aa_oil__Oil_C200_C220	methwin__mCHH__cis__Zm00001d032664	5	0.03897979081254661	0.03897979081254661	mCHH	cis	Zm00001d032664	1	233548082	233551762	-	203	0.033618126064538956	0.0
agri_aa_oil__Oil_C200_C220	methwin__mCHG__promoter__Zm00001d009840	5	-0.038347772640831765	0.038347772640831765	mCHG	promoter	Zm00001d009840	8	84651735	84665315	+	148	0.1237182691693306	0.0
agri_aa_oil__Oil_C200_C220	methwin__mCHH__promoter__Zm00001d023732	5	0.0383211440579477	0.0383211440579477	mCHH	promoter	Zm00001d023732	10	17744759	17761320	+	203	0.021851273253560066	0.0
agri_aa_oil__Oil_C200_C220	methwin__mCG__gene__Zm00001d011773	5	-0.03429467260557178	0.03429467260557178	mCG	gene	Zm00001d011773	8	161292877	161297384	+	324	0.13625161349773407	0.0
agri_aa_oil__Oil_C200_C220	methwin__mCHG__gene__Zm00001d011488	5	-0.010226034739634658	0.010226034739634658	mCHG	gene	Zm00001d011488	8	152107228	152107913	+	57	0.13854750990867615	0.0
agri_aa_oil__Oil_C200_C220	methwin__mCG__gene__Zm00001d038949	5	-0.00810847614883312	0.00810847614883312	mCG	gene	Zm00001d038949	6	167539996	167542087	+	34	0.1722574383020401	0.0
agri_aa_oil__Oil_C200_C220	methwin__mCG__promoter__Zm00001d038949	5	-0.008101836636342764	0.008101836636342764	mCG	promoter	Zm00001d038949	6	167539996	167542087	+	61	0.1722574383020401	0.0
agri_aa_oil__Oil_C200_C220	methwin__mCG__cis__Zm00001d038949	5	-0.00808254251941261	0.00808254251941261	mCG	cis	Zm00001d038949	6	167539996	167542087	+	171	0.1722574383020401	0.0
agri_aa_oil__Oil_C200_C220	methwin__mCHG__gene__Zm00001d036864	4	-0.051596627908475225	0.051596627908475225	mCHG	gene	Zm00001d036864	6	104417769	104426263	-	460	0.1012236475944519	0.0
agri_aa_oil__Oil_C200_C220	methwin__mCG__gene__Zm00001d032064	4	0.042955941686811466	0.042955941686811466	mCG	gene	Zm00001d032064	1	211140441	211148020	+	205	0.14711131155490875	0.0
agri_aa_oil__Oil_C200_C220	methwin__mCHG__promoter__Zm00001d040595	4	0.04046389551814679	0.04046389551814679	mCHG	promoter	Zm00001d040595	3	52236536	52237647	+	178	0.12097060680389404	0.0
agri_aa_oil__Oil_C200_C220	methwin__mCHH__promoter__Zm00001d021689	4	-0.039619297655589934	0.039619297655589934	mCHH	promoter	Zm00001d021689	7	160134485	160142314	-	484	0.010945094749331474	0.0
agri_aa_oil__Oil_C200_C220	methwin__mCG__promoter__Zm00001d009840	4	-0.034966523406310325	0.034966523406310325	mCG	promoter	Zm00001d009840	8	84651735	84665315	+	362	0.14234291017055511	0.0
agri_aa_oil__Oil_C200_C220	methwin__mCHH__gene__Zm00001d024953	4	0.03493741183459894	0.03493741183459894	mCHH	gene	Zm00001d024953	10	96630696	96658868	-	360	0.004607917740941048	0.0
agri_aa_oil__Oil_C200_C220	methwin__mCHH__cis__Zm00001d036564	4	-0.034245955043438095	0.034245955043438095	mCHH	cis	Zm00001d036564	6	92506962	92508996	-	85	0.04469054192304611	0.0
agri_aa_oil__Oil_C200_C220	methwin__mCHH__promoter__Zm00001d036564	4	-0.03424375829812026	0.03424375829812026	mCHH	promoter	Zm00001d036564	6	92506962	92508996	-	38	0.04469054192304611	0.0
agri_aa_oil__Oil_C200_C220	methwin__mCG__cis__Zm00001d049202	4	-0.03367693053408247	0.03367693053408247	mCG	cis	Zm00001d049202	4	20466913	20467525	-	470	0.1574651002883911	0.0
agri_aa_oil__Oil_C200_C220	methwin__mCG__gene__Zm00001d009013	4	-0.03211630927582132	0.03211630927582132	mCG	gene	Zm00001d009013	8	30167000	30168835	-	461	0.12575295567512512	0.0
agri_aa_oil__Oil_C200_C220	methwin__mCHH__promoter__Zm00001d008825	4	0.030754711538080987	0.030754711538080987	mCHH	promoter	Zm00001d008825	8	21749186	21749614	-	303	0.016078395769000053	0.0
agri_aa_oil__Oil_C200_C220	methwin__mCHG__gene__Zm00001d026647	4	0.025321360243087596	0.025321360243087596	mCHG	gene	Zm00001d026647	10	149345776	149364298	-	382	0.10467100888490677	0.0
agri_aa_oil__Oil_C200_C220	methwin__mCG__cis__Zm00001d030261	4	-0.017922765505484654	0.017922765505484654	mCG	cis	Zm00001d030261	1	117216448	117216960	+	1	0.20386846363544464	0.0
agri_aa_oil__Oil_C200_C220	methwin__mCG__gene__Zm00001d042071	4	0.017684963917603505	0.017684963917603505	mCG	gene	Zm00001d042071	3	149678383	149678999	+	7	0.18598885834217072	0.0
agri_aa_oil__Oil_C200_C220	methwin__mCG__cis__Zm00001d042071	4	0.017682788817413825	0.017682788817413825	mCG	cis	Zm00001d042071	3	149678383	149678999	+	48	0.18598885834217072	0.0
agri_aa_oil__Oil_C200_C220	methwin__mCG__cis__Zm00001d042072	4	0.017680387130064222	0.017680387130064222	mCG	cis	Zm00001d042072	3	149678843	149680300	-	49	0.18598885834217072	0.0
agri_aa_oil__Oil_C200_C220	methwin__mCHG__promoter__Zm00001d005304	4	-0.0033935229756815724	0.009679204025517238	mCHG	promoter	Zm00001d005304	2	168856039	168857476	-	379	0.10652659088373184	0.0
agri_aa_oil__Oil_C200_C220	methwin__mCHG__promoter__Zm00001d005305	4	-0.0033960490932509204	0.009677042494410933	mCHG	promoter	Zm00001d005305	2	168860926	168876281	+	378	0.10652659088373184	0.0
agri_aa_oil__Oil_C200_C220	methwin__mCHG__promoter__Zm00001d052197	3	-0.06324571522154747	0.06324571522154747	mCHG	promoter	Zm00001d052197	4	183014106	183034189	-	320	0.1106984093785286	0.0
agri_aa_oil__Oil_C200_C220	methwin__mCG__gene__Zm00001d045237	3	-0.04185182758148798	0.04185182758148798	mCG	gene	Zm00001d045237	9	16757900	16773147	-	124	0.1556665152311325	0.0
agri_aa_oil__Oil_C200_C220	methwin__mCHH__promoter__Zm00001d009150	3	-0.040962860880952745	0.040962860880952745	mCHH	promoter	Zm00001d009150	8	39632049	39636351	+	164	0.024762479588389397	0.0
agri_aa_oil__Oil_C200_C220	methwin__mCG__promoter__Zm00001d003929	3	-0.04091487036337156	0.04091487036337156	mCG	promoter	Zm00001d003929	2	69607220	69609968	-	485	0.13385502994060516	0.0
agri_aa_oil__Oil_C200_C220	methwin__mCHG__cis__Zm00001d037158	3	0.0376159152319318	0.0376159152319318	mCHG	cis	Zm00001d037158	6	114233341	114234231	+	95	0.1450468897819519	0.0
agri_aa_oil__Oil_C200_C220	methwin__mCHG__gene__Zm00001d048684	3	-0.03691384464624063	0.03691384464624063	mCHG	gene	Zm00001d048684	4	3237296	3249838	+	87	0.13342438638210297	0.0
agri_aa_oil__Oil_C200_C220	methwin__mCHG__cis__Zm00001d048686	3	-0.03691307263128271	0.03691307263128271	mCHG	cis	Zm00001d048686	4	3251055	3252592	-	261	0.13342438638210297	0.0
agri_aa_oil__Oil_C200_C220	methwin__mCG__gene__Zm00001d037705	3	-0.03599681839117778	0.03599681839117778	mCG	gene	Zm00001d037705	6	134515505	134515831	+	122	0.15579107403755188	0.0
agri_aa_oil__Oil_C200_C220	methwin__mCG__promoter__Zm00001d002231	3	0.03588924472180186	0.03588924472180186	mCG	promoter	Zm00001d002231	2	8444493	8445857	+	433	0.13727734982967377	0.0
agri_aa_oil__Oil_C200_C220	methwin__mCHG__promoter__Zm00001d004117	3	-0.034001230009525325	0.034001230009525325	mCHG	promoter	Zm00001d004117	2	83616578	83623667	+	249	0.11590122431516647	0.0
agri_aa_oil__Oil_C200_C220	methwin__mCHG__gene__Zm00001d004117	3	-0.03400019420357447	0.03400019420357447	mCHG	gene	Zm00001d004117	2	83616578	83623667	+	231	0.11590122431516647	0.0
agri_aa_oil__Oil_C200_C220	methwin__mCHH__gene__Zm00001d043072	3	-0.033167210318410356	0.033167210318410356	mCHH	gene	Zm00001d043072	3	188334468	188334866	+	84	0.012879840098321438	0.0
agri_aa_oil__Oil_C200_C220	methwin__mCHH__promoter__Zm00001d043072	3	-0.03316716842581307	0.03316716842581307	mCHH	promoter	Zm00001d043072	3	188334468	188334866	+	399	0.012879840098321438	0.0
agri_aa_oil__Oil_C200_C220	methwin__mCHH__promoter__Zm00001d033717	3	-0.03302185649194539	0.03302185649194539	mCHH	promoter	Zm00001d033717	1	272123492	272125627	-	459	0.011396927759051323	0.0
agri_aa_oil__Oil_C200_C220	methwin__mCHG__gene__Zm00001d033219	3	0.031064491701819446	0.031064491701819446	mCHG	gene	Zm00001d033219	1	254711019	254712606	-	407	0.10346683859825134	0.0
agri_aa_oil__Oil_C200_C220	methwin__mCHG__promoter__Zm00001d033219	3	0.031062972441781828	0.031062972441781828	mCHG	promoter	Zm00001d033219	1	254711019	254712606	-	438	0.10346683859825134	0.0
agri_aa_oil__Oil_C200_C220	methwin__mCHG__gene__Zm00001d037705	3	-0.030550168908260764	0.030550168908260764	mCHG	gene	Zm00001d037705	6	134515505	134515831	+	74	0.1358199417591095	0.0
agri_aa_oil__Oil_C200_C220	methwin__mCG__promoter__Zm00001d011805	3	-0.022742141866191345	0.022742141866191345	mCG	promoter	Zm00001d011805	8	161834426	161839733	-	394	0.1404527723789215	0.0
agri_aa_oil__Oil_C200_C220	methwin__mCG__promoter__Zm00001d032478	3	-0.022648992842883634	0.022648992842883634	mCG	promoter	Zm00001d032478	1	228035780	228036940	+	13	0.18718492984771729	0.0
agri_aa_oil__Oil_C200_C220	methwin__mCHH__cis__Zm00001d040595	3	0.02194020457593349	0.02194020457593349	mCHH	cis	Zm00001d040595	3	52236536	52237647	+	67	0.04717601090669632	0.0
agri_aa_oil__Oil_C200_C220	methwin__mCHH__promoter__Zm00001d040595	3	0.02193576318538436	0.02193576318538436	mCHH	promoter	Zm00001d040595	3	52236536	52237647	+	30	0.04717601090669632	0.0
agri_aa_oil__Oil_C200_C220	methwin__mCG__promoter__Zm00001d052135	3	-0.01825186129347354	0.01825186129347354	mCG	promoter	Zm00001d052135	4	180603733	180604032	+	358	0.14282909035682678	0.0
agri_aa_oil__Oil_C200_C220	methwin__mCHG__cis__Zm00001d042632	3	-0.017914587070818402	0.017914587070818402	mCHG	cis	Zm00001d042632	3	174667819	174671278	-	455	0.12641170620918274	0.0
agri_aa_oil__Oil_C200_C220	methwin__mCHG__gene__Zm00001d039327	3	0.01778635679603753	0.01778635679603753	mCHG	gene	Zm00001d039327	3	1953626	1957132	-	490	0.09923573583364487	0.0
agri_aa_oil__Oil_C200_C220	methwin__mCHG__cis__Zm00001d049202	3	-0.01759728745981637	0.01759728745981637	mCHG	cis	Zm00001d049202	4	20466913	20467525	-	465	0.12590602040290833	0.0
agri_aa_oil__Oil_C200_C220	methwin__mCHG__promoter__Zm00001d015440	3	0.01631831164396066	0.01631831164396066	mCHG	promoter	Zm00001d015440	5	90267647	90277773	-	215	0.11818850785493851	0.0
agri_aa_oil__Oil_C200_C220	methwin__mCHG__gene__Zm00001d015440	3	0.016316808501067606	0.016316808501067606	mCHG	gene	Zm00001d015440	5	90267647	90277773	-	201	0.11818850785493851	0.0
agri_aa_oil__Oil_C200_C220	methwin__mCG__promoter__Zm00001d042171	3	-0.016174563059474695	0.016174563059474695	mCG	promoter	Zm00001d042171	3	154796683	154797198	-	229	0.1520165055990219	0.0
agri_aa_oil__Oil_C200_C220	methwin__mCG__gene__Zm00001d042171	3	-0.016174489316841813	0.016174489316841813	mCG	gene	Zm00001d042171	3	154796683	154797198	-	152	0.1520165055990219	0.0
agri_aa_oil__Oil_C200_C220	methwin__mCHH__gene__Zm00001d025556	3	-0.015808641222594757	0.015808641222594757	mCHH	gene	Zm00001d025556	10	122310872	122313235	-	191	0.007567467167973518	0.0
agri_aa_oil__Oil_C200_C220	methwin__mCG__cis__Zm00001d013977	3	0.015144620196511466	0.015144620196511466	mCG	cis	Zm00001d013977	5	26989614	26990723	-	293	0.16386212408542633	0.0
agri_aa_oil__Oil_C200_C220	methwin__mCHG__cis__Zm00001d013977	3	0.013740257651278884	0.013740257651278884	mCHG	cis	Zm00001d013977	5	26989614	26990723	-	301	0.1312401294708252	0.0
agri_aa_oil__Oil_C200_C220	methwin__mCG__cis__Zm00001d005795	3	-0.01287723351813041	0.01287723351813041	mCG	cis	Zm00001d005795	2	188910705	188919424	-	73	0.1806531399488449	0.0
agri_aa_oil__Oil_C200_C220	methwin__mCG__gene__Zm00001d005795	3	-0.012872497313725762	0.012872497313725762	mCG	gene	Zm00001d005795	2	188910705	188919424	-	11	0.1806531399488449	0.0
agri_aa_oil__Oil_C200_C220	methwin__mCHH__cis__Zm00001d036462	3	0.01264733954479276	0.01264733954479276	mCHH	cis	Zm00001d036462	6	89295382	89304942	+	316	0.027350205928087234	0.0
agri_aa_oil__Oil_C200_C220	methwin__mCHH__promoter__Zm00001d036462	3	0.012645617500707106	0.012645617500707106	mCHH	promoter	Zm00001d036462	6	89295382	89304942	+	127	0.027350205928087234	0.0
agri_aa_oil__Oil_C200_C220	methwin__mCHG__promoter__Zm00001d040674	3	0.010892814123651619	0.010892814123651619	mCHG	promoter	Zm00001d040674	3	57206032	57206889	-	404	0.10490470379590988	0.0
agri_aa_oil__Oil_C200_C220	methwin__mCHG__gene__Zm00001d040674	3	0.010888829010771171	0.010888829010771171	mCHG	gene	Zm00001d040674	3	57206032	57206889	-	376	0.10490470379590988	0.0
agri_aa_oil__Oil_C200_C220	methwin__mCHG__promoter__Zm00001d040673	3	0.01088484365146169	0.01088484365146169	mCHG	promoter	Zm00001d040673	3	57203920	57204860	-	405	0.10490470379590988	0.0
agri_aa_oil__Oil_C200_C220	methwin__mCHH__promoter__Zm00001d036727	3	0.003919264784042027	0.003919264784042027	mCHH	promoter	Zm00001d036727	6	99181767	99186018	+	159	0.025130119174718857	0.0
agri_aa_oil__Oil_C200_C220	methwin__mCHH__cis__Zm00001d036726	3	0.003918167569432945	0.003918167569432945	mCHH	cis	Zm00001d036726	6	99175591	99177057	+	388	0.025130119174718857	0.0
agri_aa_oil__Oil_C200_C220	methwin__mCHH__cis__Zm00001d036727	3	0.00391814962234165	0.00391814962234165	mCHH	cis	Zm00001d036727	6	99181767	99186018	+	387	0.025130119174718857	0.0
agri_aa_oil__Oil_C200_C220	methwin__mCG__promoter__Zm00001d012380	2	-0.0727205070731159	0.0727205070731159	mCG	promoter	Zm00001d012380	8	173245748	173250090	-	466	0.13536666333675385	0.0
agri_aa_oil__Oil_C200_C220	methwin__mCHG__cis__Zm00001d016602	2	0.06966806288340421	0.06966806288340421	mCHG	cis	Zm00001d016602	5	169615711	169625655	-	360	0.12920011579990387	0.0
agri_aa_oil__Oil_C200_C220	methwin__mCHH__gene__Zm00001d009148	2	-0.048930620856641065	0.048930620856641065	mCHH	gene	Zm00001d009148	8	39615377	39627678	-	404	0.003915713168680668	0.0
agri_aa_oil__Oil_C200_C220	methwin__mCHG__promoter__Zm00001d032547	2	0.04347477009359839	0.04347477009359839	mCHG	promoter	Zm00001d032547	1	230141385	230144429	-	162	0.12242375314235687	0.0
agri_aa_oil__Oil_C200_C220	methwin__mCHG__gene__Zm00001d002770	2	0.042937426484933816	0.042937426484933816	mCHG	gene	Zm00001d002770	2	22115028	22130846	+	199	0.11841601878404617	0.0
agri_aa_oil__Oil_C200_C220	methwin__mCHG__promoter__Zm00001d053149	2	-0.0401247336157218	0.0401247336157218	mCHG	promoter	Zm00001d053149	4	216214682	216218840	+	147	0.12374144047498703	0.0
agri_aa_oil__Oil_C200_C220	methwin__mCG__cis__Zm00001d002418	2	-0.03940244720294272	0.03940244720294272	mCG	cis	Zm00001d002418	2	12281370	12292546	+	138	0.1748839169740677	0.0
agri_aa_oil__Oil_C200_C220	methwin__mCG__gene__Zm00001d046912	2	-0.03873485665242189	0.03873485665242189	mCG	gene	Zm00001d046912	9	110202169	110204205	+	475	0.12489675730466843	0.0
agri_aa_oil__Oil_C200_C220	methwin__mCG__gene__Zm00001d028295	2	-0.03756932745136263	0.03756932745136263	mCG	gene	Zm00001d028295	1	29497242	29504081	+	121	0.15597084164619446	0.0
agri_aa_oil__Oil_C200_C220	methwin__mCHG__cis__Zm00001d027359	2	0.03681560669527631	0.03681560669527631	mCHG	cis	Zm00001d027359	1	3651033	3661251	-	310	0.13105201721191406	0.0
agri_aa_oil__Oil_C200_C220	methwin__mCG__promoter__Zm00001d050365	2	-0.03664613461155156	0.03664613461155156	mCG	promoter	Zm00001d050365	4	83772143	83775016	-	467	0.13527832925319672	0.0
agri_aa_oil__Oil_C200_C220	methwin__mCG__promoter__Zm00001d018613	2	-0.03253850314669455	0.03253850314669455	mCG	promoter	Zm00001d018613	7	871207	880116	-	393	0.1404688060283661	0.0
agri_aa_oil__Oil_C200_C220	methwin__mCHG__gene__Zm00001d046912	2	-0.03230104441865919	0.03230104441865919	mCHG	gene	Zm00001d046912	9	110202169	110204205	+	260	0.11372020840644836	0.0
agri_aa_oil__Oil_C200_C220	methwin__mCHH__promoter__Zm00001d049718	2	0.028197676107057486	0.028197676107057486	mCHH	promoter	Zm00001d049718	4	41325126	41329646	-	327	0.015268937684595585	0.0
agri_aa_oil__Oil_C200_C220	methwin__mCHH__promoter__Zm00001d050463	2	0.02808596816512221	0.02808596816512221	mCHH	promoter	Zm00001d050463	4	90402428	90420961	-	387	0.013287235982716084	0.0
agri_aa_oil__Oil_C200_C220	methwin__mCG__gene__Zm00001d013265	2	0.027329332147727686	0.027329332147727686	mCG	gene	Zm00001d013265	5	7397790	7408662	-	289	0.139395609498024	0.0
agri_aa_oil__Oil_C200_C220	methwin__mCG__gene__Zm00001d051852	2	0.026651164366392227	0.026651164366392227	mCG	gene	Zm00001d051852	4	172404001	172404660	-	183	0.14868208765983582	0.0
agri_aa_oil__Oil_C200_C220	methwin__mCG__promoter__Zm00001d051852	2	0.02665095384321875	0.02665095384321875	mCG	promoter	Zm00001d051852	4	172404001	172404660	-	273	0.14868208765983582	0.0
agri_aa_oil__Oil_C200_C220	methwin__mCHH__promoter__Zm00001d020323	2	0.024760318657999006	0.024760318657999006	mCHH	promoter	Zm00001d020323	7	106545162	106546385	+	231	0.01993299461901188	0.0
agri_aa_oil__Oil_C200_C220	methwin__mCHG__promoter__Zm00001d045160	2	0.024282436779107696	0.024282436779107696	mCHG	promoter	Zm00001d045160	9	14630323	14638218	-	362	0.10731229931116104	0.0
agri_aa_oil__Oil_C200_C220	methwin__mCG__gene__Zm00001d047835	2	-0.023843104811902445	0.023843104811902445	mCG	gene	Zm00001d047835	9	142826331	142832989	-	211	0.1467372328042984	0.0
agri_aa_oil__Oil_C200_C220	methwin__mCHH__gene__Zm00001d051776	2	-0.02374495504570271	0.02374495504570271	mCHH	gene	Zm00001d051776	4	169254420	169260633	-	432	0.0035803529899567366	0.0
agri_aa_oil__Oil_C200_C220	methwin__mCHH__promoter__Zm00001d024505	2	0.02241061743278147	0.02241061743278147	mCHH	promoter	Zm00001d024505	10	74756584	74774103	+	293	0.016416169703006744	0.0
agri_aa_oil__Oil_C200_C220	methwin__mCG__promoter__Zm00001d033555	2	-0.022333536303739666	0.022333536303739666	mCG	promoter	Zm00001d033555	1	267028868	267032375	-	195	0.15565134584903717	0.0
agri_aa_oil__Oil_C200_C220	methwin__mCHG__gene__Zm00001d039723	2	0.021798049617553883	0.021798049617553883	mCHG	gene	Zm00001d039723	3	12989962	12990863	-	421	0.10294855386018753	0.0
agri_aa_oil__Oil_C200_C220	methwin__mCHG__promoter__Zm00001d011107	2	-0.021527335156047926	0.021527335156047926	mCHG	promoter	Zm00001d011107	8	139097487	139098598	+	185	0.12065449357032776	0.0
agri_aa_oil__Oil_C200_C220	methwin__mCHG__gene__Zm00001d011105	2	-0.0215270062904282	0.0215270062904282	mCHG	gene	Zm00001d011105	8	139096722	139098059	-	176	0.12065449357032776	0.0
agri_aa_oil__Oil_C200_C220	methwin__mCHH__gene__Zm00001d049712	2	0.02054272021769617	0.02054272021769617	mCHH	gene	Zm00001d049712	4	41056501	41060505	+	95	0.012106649577617645	0.0
agri_aa_oil__Oil_C200_C220	methwin__mCHG__cis__Zm00001d044907	2	-0.020421123678997607	0.020421123678997607	mCHG	cis	Zm00001d044907	9	6897020	6904501	-	231	0.13482554256916046	0.0
agri_aa_oil__Oil_C200_C220	methwin__mCHG__promoter__Zm00001d044907	2	-0.02042071912197009	0.02042071912197009	mCHG	promoter	Zm00001d044907	9	6897020	6904501	-	69	0.13482554256916046	0.0
agri_aa_oil__Oil_C200_C220	methwin__mCHG__promoter__Zm00001d021642	2	-0.017043808879458597	0.017043808879458597	mCHG	promoter	Zm00001d021642	7	158942190	158945366	+	252	0.11537820845842361	0.0
agri_aa_oil__Oil_C200_C220	methwin__mCG__promoter__Zm00001d050487	2	-0.016973993146285324	0.016973993146285324	mCG	promoter	Zm00001d050487	4	92644355	92646442	-	490	0.13249051570892334	0.0
agri_aa_oil__Oil_C200_C220	methwin__mCG__gene__Zm00001d050487	2	-0.01697157973601683	0.01697157973601683	mCG	gene	Zm00001d050487	4	92644355	92646442	-	370	0.13249051570892334	0.0
agri_aa_oil__Oil_C200_C220	methwin__mCHG__promoter__Zm00001d008878	2	-0.01498215594159503	0.01498215594159503	mCHG	promoter	Zm00001d008878	8	23569227	23569865	-	303	0.11193183064460754	0.0
agri_aa_oil__Oil_C200_C220	methwin__mCHH__promoter__Zm00001d038170	2	0.014159921591716269	0.014159921591716269	mCHH	promoter	Zm00001d038170	6	150418144	150422431	-	46	0.04043547809123993	0.0
agri_aa_oil__Oil_C200_C220	methwin__mCHH__cis__Zm00001d038170	2	0.014158057196524292	0.014158057196524292	mCHH	cis	Zm00001d038170	6	150418144	150422431	-	109	0.04043547809123993	0.0
agri_aa_oil__Oil_C200_C220	methwin__mCG__cis__Zm00001d041565	2	-0.014043735508705059	0.014043735508705059	mCG	cis	Zm00001d041565	3	127284443	127285976	+	392	0.15978552401065826	0.0
agri_aa_oil__Oil_C200_C220	methwin__mCHH__gene__Zm00001d039385	2	0.013544578935842008	0.013544578935842008	mCHH	gene	Zm00001d039385	3	3092385	3107653	-	123	0.010057642124593258	0.0
agri_aa_oil__Oil_C200_C220	methwin__mCG__gene__Zm00001d048684	2	-0.012179662563219814	0.012179662563219814	mCG	gene	Zm00001d048684	4	3237296	3249838	+	219	0.14583072066307068	0.0
agri_aa_oil__Oil_C200_C220	methwin__mCHG__gene__Zm00001d034043	2	0.010925753160438936	0.010925753160438936	mCHG	gene	Zm00001d034043	1	282043067	282045983	-	400	0.10394235700368881	0.0
agri_aa_oil__Oil_C200_C220	methwin__mCG__gene__Zm00001d011300	2	-0.001224117750975695	0.010380883123703314	mCG	gene	Zm00001d011300	8	146136810	146145088	-	162	0.15042057633399963	0.0
agri_aa_oil__Oil_C200_C220	methwin__mCG__gene__Zm00001d040674	2	0.010323884505002632	0.010323884505002632	mCG	gene	Zm00001d040674	3	57206032	57206889	-	231	0.14457584917545319	0.0
agri_aa_oil__Oil_C200_C220	methwin__mCG__promoter__Zm00001d040673	2	0.01032350301713425	0.01032350301713425	mCG	promoter	Zm00001d040673	3	57203920	57204860	-	321	0.14457584917545319	0.0
agri_aa_oil__Oil_C200_C220	methwin__mCG__promoter__Zm00001d027957	2	-0.010317172017176345	0.010317172017176345	mCG	promoter	Zm00001d027957	1	18299864	18321135	-	82	0.16903212666511536	0.0
agri_aa_oil__Oil_C200_C220	methwin__mCG__promoter__Zm00001d040674	2	0.010316460960273681	0.010316460960273681	mCG	promoter	Zm00001d040674	3	57206032	57206889	-	322	0.14457584917545319	0.0
agri_aa_oil__Oil_C200_C220	methwin__mCG__cis__Zm00001d027958	2	-0.010311287797022473	0.010311287797022473	mCG	cis	Zm00001d027958	1	18324501	18326246	+	218	0.16903212666511536	0.0
agri_aa_oil__Oil_C200_C220	methwin__mCG__cis__Zm00001d027957	2	-0.010290634667978143	0.010290634667978143	mCG	cis	Zm00001d027957	1	18299864	18321135	-	219	0.16903212666511536	0.0
agri_aa_oil__Oil_C200_C220	methwin__mCHG__cis__Zm00001d024558	2	0.010278531011385643	0.010278531011385643	mCHG	cis	Zm00001d024558	10	78187147	78188241	+	421	0.12738613784313202	0.0
agri_aa_oil__Oil_C200_C220	methwin__mCHG__gene__Zm00001d024558	2	0.010278092037638476	0.010278092037638476	mCHG	gene	Zm00001d024558	10	78187147	78188241	+	127	0.12738613784313202	0.0
agri_aa_oil__Oil_C200_C220	methwin__mCHH__cis__Zm00001d014764	2	0.008390162918318483	0.008390162918318483	mCHH	cis	Zm00001d014764	5	62108780	62114128	-	300	0.02798258699476719	0.0
agri_aa_oil__Oil_C200_C220	methwin__mCHH__promoter__Zm00001d014764	2	0.008387868660557003	0.008387868660557003	mCHH	promoter	Zm00001d014764	5	62108780	62114128	-	119	0.02798258699476719	0.0
agri_aa_oil__Oil_C200_C220	methwin__mCHG__promoter__Zm00001d049531	2	-0.008159542318577736	0.008159542318577736	mCHG	promoter	Zm00001d049531	4	33410133	33414086	+	475	0.10132785886526108	0.0
agri_aa_oil__Oil_C200_C220	methwin__mCHG__promoter__Zm00001d049530	2	-0.008159160807010747	0.008159160807010747	mCHG	promoter	Zm00001d049530	4	33409847	33410188	-	474	0.10132785886526108	0.0
agri_aa_oil__Oil_C200_C220	methwin__mCHG__gene__Zm00001d049531	2	-0.008155987803915639	0.008155987803915639	mCHG	gene	Zm00001d049531	4	33410133	33414086	+	459	0.10132785886526108	0.0
agri_aa_oil__Oil_C200_C220	methwin__mCHG__gene__Zm00001d049530	2	-0.008155112262155248	0.008155112262155248	mCHG	gene	Zm00001d049530	4	33409847	33410188	-	458	0.10132785886526108	0.0
agri_aa_oil__Oil_C200_C220	methwin__mCG__gene__Zm00001d043360	2	-0.008032175016679011	0.008032175016679011	mCG	gene	Zm00001d043360	3	197670387	197686901	-	451	0.12631641328334808	0.0
agri_aa_oil__Oil_C200_C220	methwin__mCHG__cis__Zm00001d038949	2	-0.006896965672550785	0.006896965672550785	mCHG	cis	Zm00001d038949	6	167539996	167542087	+	208	0.13637423515319824	0.0
agri_aa_oil__Oil_C200_C220	methwin__mCHG__promoter__Zm00001d038949	2	-0.006891756691796136	0.006891756691796136	mCHG	promoter	Zm00001d038949	6	167539996	167542087	+	60	0.13637423515319824	0.0
agri_aa_oil__Oil_C200_C220	methwin__mCHG__gene__Zm00001d038949	2	-0.006857448928844716	0.006857448928844716	mCHG	gene	Zm00001d038949	6	167539996	167542087	+	70	0.13637423515319824	0.0
agri_aa_oil__Oil_C200_C220	methwin__mCHG__gene__Zm00001d011300	2	-0.0057336456945242965	0.0057336456945242965	mCHG	gene	Zm00001d011300	8	146136810	146145088	-	281	0.11232269555330276	0.0
agri_aa_oil__Oil_C200_C220	methwin__mCG__cis__Zm00001d044314	2	-0.004843826130735236	0.004843826130735236	mCG	cis	Zm00001d044314	3	225020099	225035548	+	91	0.1790086179971695	0.0
agri_aa_oil__Oil_C200_C220	methwin__mCG__gene__Zm00001d044315	2	-0.004842927810581506	0.004842927810581506	mCG	gene	Zm00001d044315	3	225036651	225051676	-	14	0.1790086179971695	0.0
agri_aa_oil__Oil_C200_C220	methwin__mCHH__cis__Zm00001d026368	2	0.0032849391429121983	0.0032849391429121983	mCHH	cis	Zm00001d026368	10	144424159	144426437	-	178	0.034990184009075165	0.0
agri_aa_oil__Oil_C200_C220	methwin__mCHH__promoter__Zm00001d026366	2	0.0032778590420179305	0.0032778590420179305	mCHH	promoter	Zm00001d026366	10	144415204	144421773	-	70	0.034990184009075165	0.0
agri_aa_oil__Oil_C200_C220	methwin__mCHH__cis__Zm00001d026366	2	0.003262068974915899	0.003262068974915899	mCHH	cis	Zm00001d026366	10	144415204	144421773	-	176	0.034990184009075165	0.0
agri_aa_oil__Oil_C200_C220	methwin__mCHH__promoter__Zm00001d026367	2	0.0032577446959388442	0.0032577446959388442	mCHH	promoter	Zm00001d026367	10	144422318	144422683	-	71	0.034990184009075165	0.0
agri_aa_oil__Oil_C200_C220	methwin__mCHH__cis__Zm00001d026367	2	0.0032457724114324663	0.0032457724114324663	mCHH	cis	Zm00001d026367	10	144422318	144422683	-	177	0.034990184009075165	0.0
agri_aa_oil__Oil_C200_C220	methwin__mCG__gene__Zm00001d002086	2	0.002294987010488773	0.002294987010488773	mCG	gene	Zm00001d002086	2	5771336	5775212	+	301	0.1382223218679428	0.0
agri_aa_oil__Oil_C200_C220	methwin__mCHH__gene__Zm00001d023906	2	-0.0016409020355196682	0.0016409020355196682	mCHH	gene	Zm00001d023906	10	27456859	27465326	-	11	0.03575637564063072	0.0
agri_aa_oil__Oil_C200_C220	methwin__mCHH__cis__Zm00001d023906	2	-0.0016401050497028289	0.0016401050497028289	mCHH	cis	Zm00001d023906	10	27456859	27465326	-	166	0.03575637564063072	0.0
agri_aa_oil__Oil_C200_C220	methwin__mCHH__cis__Zm00001d023907	2	-0.0016363340640115247	0.0016363340640115247	mCHH	cis	Zm00001d023907	10	27464895	27466265	-	167	0.03575637564063072	0.0
agri_aa_oil__Oil_C200_C220	methwin__mCHG__cis__Zm00001d027958	2	-0.0016333942118991456	0.0016333942118991456	mCHG	cis	Zm00001d027958	1	18324501	18326246	+	106	0.14293824136257172	0.0
agri_aa_oil__Oil_C200_C220	methwin__mCHG__promoter__Zm00001d027957	2	-0.0016123176553449474	0.0016123176553449474	mCHG	promoter	Zm00001d027957	1	18299864	18321135	-	30	0.14293824136257172	0.0
agri_aa_oil__Oil_C200_C220	methwin__mCHH__promoter__Zm00001d005793	1	-0.08257993370587449	0.08257993370587449	mCHH	promoter	Zm00001d005793	2	188849023	188849574	+	230	0.02010631002485752	0.0
agri_aa_oil__Oil_C200_C220	methwin__mCHH__gene__Zm00001d006030	1	0.07581236268243405	0.07581236268243405	mCHH	gene	Zm00001d006030	2	195706441	195714239	+	172	0.00801548920571804	0.0
agri_aa_oil__Oil_C200_C220	methwin__mCHH__promoter__Zm00001d037988	1	0.07551297949531993	0.07551297949531993	mCHH	promoter	Zm00001d037988	6	144427562	144428509	-	210	0.021414870396256447	0.0
agri_aa_oil__Oil_C200_C220	methwin__mCHH__promoter__Zm00001d049816	1	0.0659585487870884	0.0659585487870884	mCHH	promoter	Zm00001d049816	4	45963658	45970011	+	390	0.013184456154704094	0.0
agri_aa_oil__Oil_C200_C220	methwin__mCHG__promoter__Zm00001d034754	1	-0.06460310845576626	0.06460310845576626	mCHG	promoter	Zm00001d034754	1	301379862	301384541	+	44	0.13869354128837585	0.0
agri_aa_oil__Oil_C200_C220	methwin__mCHH__promoter__Zm00001d025107	1	0.06384586008963665	0.06384586008963665	mCHH	promoter	Zm00001d025107	10	104574417	104575544	-	375	0.013554227538406849	0.0
agri_aa_oil__Oil_C200_C220	methwin__mCG__gene__Zm00001d036655	1	-0.06200778851706507	0.06200778851706507	mCG	gene	Zm00001d036655	6	96564582	96572729	+	447	0.12645463645458221	0.0
agri_aa_oil__Oil_C200_C220	methwin__mCHH__promoter__Zm00001d052651	1	0.060212172382135894	0.060212172382135894	mCHH	promoter	Zm00001d052651	4	195816208	195818206	-	265	0.017666390165686607	0.0
agri_aa_oil__Oil_C200_C220	methwin__mCHG__promoter__Zm00001d040460	1	-0.06013451120809277	0.06013451120809277	mCHG	promoter	Zm00001d040460	3	44588751	44589602	+	267	0.11480843275785446	0.0
agri_aa_oil__Oil_C200_C220	methwin__mCHH__promoter__Zm00001d053182	1	0.057114463749274716	0.057114463749274716	mCHH	promoter	Zm00001d053182	4	218560577	218598417	+	428	0.012123370543122292	0.0
agri_aa_oil__Oil_C200_C220	methwin__mCG__cis__Zm00001d049173	1	0.05695489545125009	0.05695489545125009	mCG	cis	Zm00001d049173	4	19025176	19028095	-	432	0.15840522944927216	0.0
agri_aa_oil__Oil_C200_C220	methwin__mCHH__promoter__Zm00001d042692	1	0.05595136730211569	0.05595136730211569	mCHH	promoter	Zm00001d042692	3	177204037	177208754	-	306	0.016007106751203537	0.0
agri_aa_oil__Oil_C200_C220	methwin__mCHG__cis__Zm00001d014418	1	-0.05575987305840597	0.05575987305840597	mCHG	cis	Zm00001d014418	5	45731508	45735197	+	281	0.13206838071346283	0.0
agri_aa_oil__Oil_C200_C220	methwin__mCHH__gene__Zm00001d025797	1	0.0496230952446048	0.0496230952446048	mCHH	gene	Zm00001d025797	10	129855497	129872386	+	174	0.007984234020113945	0.0
agri_aa_oil__Oil_C200_C220	methwin__mCHH__promoter__Zm00001d023248	1	0.04953662245933014	0.04953662245933014	mCHH	promoter	Zm00001d023248	10	1456929	1458449	+	472	0.011119210161268711	0.0
agri_aa_oil__Oil_C200_C220	methwin__mCG__gene__Zm00001d031505	1	0.04727247341298309	0.04727247341298309	mCG	gene	Zm00001d031505	1	192252489	192255152	-	395	0.1310567557811737	0.0
agri_aa_oil__Oil_C200_C220	methwin__mCHG__gene__Zm00001d036799	1	-0.047132474233661584	0.047132474233661584	mCHG	gene	Zm00001d036799	6	101248218	101249481	-	436	0.10224110633134842	0.0
agri_aa_oil__Oil_C200_C220	methwin__mCHG__gene__Zm00001d019215	1	-0.045349721639379004	0.045349721639379004	mCHG	gene	Zm00001d019215	7	22120424	22126437	+	343	0.10764122009277344	0.0
agri_aa_oil__Oil_C200_C220	methwin__mCHG__promoter__Zm00001d033555	1	-0.04367433940903898	0.04367433940903898	mCHG	promoter	Zm00001d033555	1	267028868	267032375	-	351	0.10834189504384995	0.0
agri_aa_oil__Oil_C200_C220	methwin__mCHH__promoter__Zm00001d023719	1	0.04324836909084441	0.04324836909084441	mCHH	promoter	Zm00001d023719	10	16738052	16738510	+	229	0.020153077319264412	0.0
agri_aa_oil__Oil_C200_C220	methwin__mCHH__gene__Zm00001d037422	1	-0.04146442999952265	0.04146442999952265	mCHH	gene	Zm00001d037422	6	125049232	125057616	+	242	0.006451871246099472	0.0
agri_aa_oil__Oil_C200_C220	methwin__mCG__promoter__Zm00001d016278	1	-0.04120338855293157	0.04120338855293157	mCG	promoter	Zm00001d016278	5	155422718	155424151	-	370	0.14204883575439453	0.0
agri_aa_oil__Oil_C200_C220	methwin__mCHH__gene__Zm00001d015890	1	0.040229384921124836	0.040229384921124836	mCHH	gene	Zm00001d015890	5	129466482	129557572	-	359	0.00461615901440382	0.0
agri_aa_oil__Oil_C200_C220	methwin__mCHG__promoter__Zm00001d027329	1	-0.03965619831666009	0.03965619831666009	mCHG	promoter	Zm00001d027329	1	3031993	3036913	+	316	0.11108033359050751	0.0
agri_aa_oil__Oil_C200_C220	methwin__mCHG__gene__Zm00001d039189	1	0.03962692051771265	0.03962692051771265	mCHG	gene	Zm00001d039189	6	172192573	172210474	+	405	0.10355351120233536	0.0
agri_aa_oil__Oil_C200_C220	methwin__mCHH__gene__Zm00001d009167	1	0.03842978674332078	0.03842978674332078	mCHH	gene	Zm00001d009167	8	40630094	40633047	+	288	0.005581408739089966	0.0
agri_aa_oil__Oil_C200_C220	methwin__mCHH__gene__Zm00001d041649	1	0.03771512293236991	0.03771512293236991	mCHH	gene	Zm00001d041649	3	131635306	131638817	-	265	0.0058675711043179035	0.0
agri_aa_oil__Oil_C200_C220	methwin__mCHG__promoter__Zm00001d032479	1	-0.0373840861668799	0.0373840861668799	mCHG	promoter	Zm00001d032479	1	228038295	228039122	-	66	0.1351134181022644	0.0
agri_aa_oil__Oil_C200_C220	methwin__mCG__cis__Zm00001d023904	1	-0.03641642602227493	0.03641642602227493	mCG	cis	Zm00001d023904	10	27313349	27316275	-	457	0.1577954888343811	0.0
agri_aa_oil__Oil_C200_C220	methwin__mCHH__cis__Zm00001d032027	1	-0.03630075289055855	0.03630075289055855	mCHH	cis	Zm00001d032027	1	209851567	209853560	-	468	0.023106060922145844	0.0
agri_aa_oil__Oil_C200_C220	methwin__mCHG__gene__Zm00001d002390	1	0.035803964216496884	0.035803964216496884	mCHG	gene	Zm00001d002390	2	11665354	11689105	-	488	0.09945905208587646	0.0
agri_aa_oil__Oil_C200_C220	methwin__mCHG__cis__Zm00001d032664	1	-0.03564135849910412	0.03564135849910412	mCHG	cis	Zm00001d032664	1	233548082	233551762	-	308	0.1311594843864441	0.0
agri_aa_oil__Oil_C200_C220	methwin__mCG__gene__Zm00001d002640	1	-0.035582930087822394	0.035582930087822394	mCG	gene	Zm00001d002640	2	17710877	17738889	+	437	0.12695667147636414	0.0
agri_aa_oil__Oil_C200_C220	methwin__mCG__promoter__Zm00001d045160	1	0.03542013555756877	0.03542013555756877	mCG	promoter	Zm00001d045160	9	14630323	14638218	-	182	0.15640220046043396	0.0
agri_aa_oil__Oil_C200_C220	methwin__mCHG__promoter__Zm00001d051964	1	-0.03509102215777819	0.03509102215777819	mCHG	promoter	Zm00001d051964	4	175484595	175495683	+	439	0.10336743295192719	0.0
agri_aa_oil__Oil_C200_C220	methwin__mCHH__promoter__Zm00001d010234	1	-0.034956930729877926	0.034956930729877926	mCHH	promoter	Zm00001d010234	8	105238117	105240069	-	211	0.02125684916973114	0.0
agri_aa_oil__Oil_C200_C220	methwin__mCHH__promoter__Zm00001d014467	1	0.033001476820212886	0.033001476820212886	mCHH	promoter	Zm00001d014467	5	49119308	49122774	+	87	0.03282822668552399	0.0
agri_aa_oil__Oil_C200_C220	methwin__mCHH__cis__Zm00001d014467	1	0.032996549808843194	0.032996549808843194	mCHH	cis	Zm00001d014467	5	49119308	49122774	+	217	0.03282822668552399	0.0
agri_aa_oil__Oil_C200_C220	methwin__mCHH__gene__Zm00001d018951	1	0.032482489589538345	0.032482489589538345	mCHH	gene	Zm00001d018951	7	10360131	10360683	+	90	0.01250906940549612	0.0
agri_aa_oil__Oil_C200_C220	methwin__mCHG__promoter__Zm00001d002905	1	0.03228852298750692	0.03228852298750692	mCHG	promoter	Zm00001d002905	2	26329482	26339000	+	229	0.11686213314533234	0.0
agri_aa_oil__Oil_C200_C220	methwin__mCG__promoter__Zm00001d040595	1	0.03218040535070931	0.03218040535070931	mCG	promoter	Zm00001d040595	3	52236536	52237647	+	245	0.15087567269802094	0.0
agri_aa_oil__Oil_C200_C220	methwin__mCG__gene__Zm00001d036114	1	0.03169201111737025	0.03169201111737025	mCG	gene	Zm00001d036114	6	72799401	72804989	-	240	0.14399877190589905	0.0
agri_aa_oil__Oil_C200_C220	methwin__mCHG__gene__Zm00001d047565	1	0.030111824532342926	0.030111824532342926	mCHG	gene	Zm00001d047565	9	135716503	135717048	-	451	0.10156015306711197	0.0
agri_aa_oil__Oil_C200_C220	methwin__mCHG__gene__Zm00001d009983	1	0.029912103989147797	0.029912103989147797	mCHG	gene	Zm00001d009983	8	93324376	93339948	-	20	0.15038037300109863	0.0
agri_aa_oil__Oil_C200_C220	methwin__mCHG__cis__Zm00001d009983	1	0.0299114658791168	0.0299114658791168	mCHG	cis	Zm00001d009983	8	93324376	93339948	-	55	0.15038037300109863	0.0
agri_aa_oil__Oil_C200_C220	methwin__mCG__promoter__Zm00001d015004	1	0.029808426093831355	0.029808426093831355	mCG	promoter	Zm00001d015004	5	71947713	71951327	+	233	0.15159131586551666	0.0
agri_aa_oil__Oil_C200_C220	methwin__mCG__promoter__Zm00001d015002	1	0.029794131347725166	0.029794131347725166	mCG	promoter	Zm00001d015002	5	71944722	71945969	-	234	0.15159131586551666	0.0
agri_aa_oil__Oil_C200_C220	methwin__mCG__cis__Zm00001d038244	1	-0.029040726687359807	0.029040726687359807	mCG	cis	Zm00001d038244	6	152227791	152238834	+	13	0.19523349404335022	0.0
agri_aa_oil__Oil_C200_C220	methwin__mCG__gene__Zm00001d043469	1	0.02832342774263465	0.02832342774263465	mCG	gene	Zm00001d043469	3	201083349	201088576	-	356	0.13378237187862396	0.0
agri_aa_oil__Oil_C200_C220	methwin__mCHG__gene__Zm00001d002246	1	0.028240032307646646	0.028240032307646646	mCHG	gene	Zm00001d002246	2	8903282	8911060	+	194	0.11884091049432755	0.0
agri_aa_oil__Oil_C200_C220	methwin__mCHH__gene__Zm00001d013997	1	0.027023104585076823	0.027023104585076823	mCHH	gene	Zm00001d013997	5	27905856	27909377	-	210	0.007094806991517544	0.0
agri_aa_oil__Oil_C200_C220	methwin__mCG__cis__Zm00001d028657	1	-0.02639683687856183	0.02639683687856183	mCG	cis	Zm00001d028657	1	42055800	42056585	+	388	0.15986384451389313	0.0
agri_aa_oil__Oil_C200_C220	methwin__mCG__promoter__Zm00001d028657	1	-0.026396315722941453	0.026396315722941453	mCG	promoter	Zm00001d028657	1	42055800	42056585	+	146	0.15986384451389313	0.0
agri_aa_oil__Oil_C200_C220	methwin__mCG__promoter__Zm00001d028656	1	-0.02639226292613654	0.02639226292613654	mCG	promoter	Zm00001d028656	1	42051353	42054601	-	147	0.15986384451389313	0.0
agri_aa_oil__Oil_C200_C220	methwin__mCG__cis__Zm00001d028656	1	-0.02639114508837731	0.02639114508837731	mCG	cis	Zm00001d028656	1	42051353	42054601	-	389	0.15986384451389313	0.0
agri_aa_oil__Oil_C200_C220	methwin__mCHH__cis__Zm00001d002737	1	-0.026334405528745424	0.026334405528745424	mCHH	cis	Zm00001d002737	2	20918928	20924673	+	352	0.026093533262610435	0.0
agri_aa_oil__Oil_C200_C220	methwin__mCHH__promoter__Zm00001d002737	1	-0.02633295197758159	0.02633295197758159	mCHH	promoter	Zm00001d002737	2	20918928	20924673	+	139	0.026093533262610435	0.0
agri_aa_oil__Oil_C200_C220	methwin__mCHG__gene__Zm00001d005795	1	-0.026158049212725593	0.026158049212725593	mCHG	gene	Zm00001d005795	2	188910705	188919424	-	278	0.11240191012620926	0.0
agri_aa_oil__Oil_C200_C220	methwin__mCHH__gene__Zm00001d002127	1	0.02564703638887542	0.02564703638887542	mCHH	gene	Zm00001d002127	2	6316912	6319518	-	5	0.05144497752189636	0.0
agri_aa_oil__Oil_C200_C220	methwin__mCHH__cis__Zm00001d002127	1	0.02564560210121042	0.02564560210121042	mCHH	cis	Zm00001d002127	2	6316912	6319518	-	45	0.05144497752189636	0.0
agri_aa_oil__Oil_C200_C220	methwin__mCHH__cis__Zm00001d002126	1	0.025645098191931778	0.025645098191931778	mCHH	cis	Zm00001d002126	2	6309156	6311132	-	46	0.05144497752189636	0.0
agri_aa_oil__Oil_C200_C220	methwin__mCHG__promoter__Zm00001d015004	1	0.025543564499192775	0.025543564499192775	mCHG	promoter	Zm00001d015004	5	71947713	71951327	+	281	0.11359560489654541	0.0
agri_aa_oil__Oil_C200_C220	methwin__mCHG__promoter__Zm00001d015002	1	0.025528406410251482	0.025528406410251482	mCHG	promoter	Zm00001d015002	5	71944722	71945969	-	282	0.11359560489654541	0.0
agri_aa_oil__Oil_C200_C220	methwin__mCHH__promoter__Zm00001d029807	1	0.02531920291823017	0.02531920291823017	mCHH	promoter	Zm00001d029807	1	87791009	87793139	+	297	0.016268404200673103	0.0
agri_aa_oil__Oil_C200_C220	methwin__mCG__gene__Zm00001d002902	1	0.02472248229684293	0.02472248229684293	mCG	gene	Zm00001d002902	2	26197358	26201770	-	42	0.16994670033454895	0.0
agri_aa_oil__Oil_C200_C220	methwin__mCG__cis__Zm00001d002902	1	0.02471571305590593	0.02471571305590593	mCG	cis	Zm00001d002902	2	26197358	26201770	-	202	0.16994670033454895	0.0
agri_aa_oil__Oil_C200_C220	methwin__mCHH__gene__Zm00001d038197	1	0.024087350311182216	0.024087350311182216	mCHH	gene	Zm00001d038197	6	151277845	151283466	-	345	0.004809906240552664	0.0
agri_aa_oil__Oil_C200_C220	methwin__mCG__gene__Zm00001d053896	1	-0.021023908502292337	0.021023908502292337	mCG	gene	Zm00001d053896	4	243263176	243265641	-	355	0.13379420340061188	0.0
agri_aa_oil__Oil_C200_C220	methwin__mCG__gene__Zm00001d035392	1	-0.02054773433057341	0.02054773433057341	mCG	gene	Zm00001d035392	6	24057841	24071799	-	130	0.155049666762352	0.0
agri_aa_oil__Oil_C200_C220	methwin__mCG__promoter__Zm00001d035392	1	-0.02053392632348897	0.02053392632348897	mCG	promoter	Zm00001d035392	6	24057841	24071799	-	201	0.155049666762352	0.0
agri_aa_oil__Oil_C200_C220	methwin__mCHG__promoter__Zm00001d052135	1	-0.020134616269299063	0.020134616269299063	mCHG	promoter	Zm00001d052135	4	180603733	180604032	+	345	0.10874772816896439	0.0
agri_aa_oil__Oil_C200_C220	methwin__mCG__gene__Zm00001d024417	1	-0.01914571220177796	0.01914571220177796	mCG	gene	Zm00001d024417	10	70110101	70110779	+	463	0.12574255466461182	0.0
agri_aa_oil__Oil_C200_C220	methwin__mCHH__cis__Zm00001d046626	1	0.01826435175719077	0.01826435175719077	mCHH	cis	Zm00001d046626	9	99598556	99602330	+	28	0.06164690479636192	0.0
agri_aa_oil__Oil_C200_C220	methwin__mCHH__cis__Zm00001d046627	1	0.018261254526148005	0.018261254526148005	mCHH	cis	Zm00001d046627	9	99606470	99609464	+	27	0.06164690479636192	0.0
agri_aa_oil__Oil_C200_C220	methwin__mCHH__promoter__Zm00001d046626	1	0.018257618978672046	0.018257618978672046	mCHH	promoter	Zm00001d046626	9	99598556	99602330	+	13	0.06164690479636192	0.0
agri_aa_oil__Oil_C200_C220	methwin__mCG__gene__Zm00001d011488	1	-0.017910690155787362	0.017910690155787362	mCG	gene	Zm00001d011488	8	152107228	152107913	+	147	0.15268437564373016	0.0
agri_aa_oil__Oil_C200_C220	methwin__mCG__gene__Zm00001d042064	1	0.017451828182097118	0.017451828182097118	mCG	gene	Zm00001d042064	3	149398826	149402844	-	399	0.13074089586734772	0.0
agri_aa_oil__Oil_C200_C220	methwin__mCHG__cis__Zm00001d013112	1	-0.016592919010515565	0.016592919010515565	mCHG	cis	Zm00001d013112	5	4870603	4876553	+	224	0.13512171804904938	0.0
agri_aa_oil__Oil_C200_C220	methwin__mCHG__promoter__Zm00001d013112	1	-0.016549825830281258	0.016549825830281258	mCHG	promoter	Zm00001d013112	5	4870603	4876553	+	65	0.13512171804904938	0.0
agri_aa_oil__Oil_C200_C220	methwin__mCHG__cis__Zm00001d013114	1	-0.01647942648227354	0.01647942648227354	mCHG	cis	Zm00001d013114	5	4879308	4880263	-	225	0.13512171804904938	0.0
agri_aa_oil__Oil_C200_C220	methwin__mCHG__cis__Zm00001d013113	1	-0.01642146330193541	0.01642146330193541	mCHG	cis	Zm00001d013113	5	4876757	4878827	+	223	0.13512171804904938	0.0
agri_aa_oil__Oil_C200_C220	methwin__mCHG__promoter__Zm00001d021689	1	-0.016341981869988323	0.016341981869988323	mCHG	promoter	Zm00001d021689	7	160134485	160142314	-	361	0.10735384374856949	0.0
agri_aa_oil__Oil_C200_C220	methwin__mCG__promoter__Zm00001d014013	1	-0.01615641940672294	0.01615641940672294	mCG	promoter	Zm00001d014013	5	28634910	28639671	-	476	0.13454504311084747	0.0
agri_aa_oil__Oil_C200_C220	methwin__mCHH__promoter__Zm00001d025684	1	-0.01614508873697251	0.01614508873697251	mCHH	promoter	Zm00001d025684	10	126186003	126189175	-	420	0.012298686429858208	0.0
agri_aa_oil__Oil_C200_C220	methwin__mCHG__gene__Zm00001d044315	1	-0.015388460400240491	0.015388460400240491	mCHG	gene	Zm00001d044315	3	225036651	225051676	-	247	0.11482899636030197	0.0
agri_aa_oil__Oil_C200_C220	methwin__mCHG__cis__Zm00001d028295	1	-0.015072025888764363	0.015072025888764363	mCHG	cis	Zm00001d028295	1	29497242	29504081	+	425	0.12729477882385254	0.0
agri_aa_oil__Oil_C200_C220	methwin__mCHG__gene__Zm00001d028295	1	-0.015068476516611102	0.015068476516611102	mCHG	gene	Zm00001d028295	1	29497242	29504081	+	129	0.12729477882385254	0.0
agri_aa_oil__Oil_C200_C220	methwin__mCHG__promoter__Zm00001d050487	1	-0.014952722290497116	0.014952722290497116	mCHG	promoter	Zm00001d050487	4	92644355	92646442	-	142	0.12415744364261627	0.0
agri_aa_oil__Oil_C200_C220	methwin__mCHG__gene__Zm00001d050487	1	-0.014951852661570966	0.014951852661570966	mCHG	gene	Zm00001d050487	4	92644355	92646442	-	153	0.12415744364261627	0.0
agri_aa_oil__Oil_C200_C220	methwin__mCG__cis__Zm00001d032546	1	0.014707655803450107	0.014707655803450107	mCG	cis	Zm00001d032546	1	230134398	230139442	-	427	0.15848031640052795	0.0
agri_aa_oil__Oil_C200_C220	methwin__mCG__cis__Zm00001d032547	1	0.014706732716059278	0.014706732716059278	mCG	cis	Zm00001d032547	1	230141385	230144429	-	426	0.15848031640052795	0.0
agri_aa_oil__Oil_C200_C220	methwin__mCG__promoter__Zm00001d032547	1	0.014706194190621674	0.014706194190621674	mCG	promoter	Zm00001d032547	1	230141385	230144429	-	162	0.15848031640052795	0.0
agri_aa_oil__Oil_C200_C220	methwin__mCG__promoter__Zm00001d008878	1	-0.014657109058006497	0.014657109058006497	mCG	promoter	Zm00001d008878	8	23569227	23569865	-	198	0.15549150109291077	0.0
agri_aa_oil__Oil_C200_C220	methwin__mCG__gene__Zm00001d008462	1	-0.014273372722036983	0.014273372722036983	mCG	gene	Zm00001d008462	8	9350134	9352749	-	429	0.12824682891368866	0.0
agri_aa_oil__Oil_C200_C220	methwin__mCG__cis__Zm00001d037580	1	-0.014194526102481387	0.014194526102481387	mCG	cis	Zm00001d037580	6	130371261	130381077	-	31	0.19054540991783142	0.0
agri_aa_oil__Oil_C200_C220	methwin__mCHG__promoter__Zm00001d054031	1	-0.014141078154652898	0.014141078154652898	mCHG	promoter	Zm00001d054031	4	245306140	245316755	+	325	0.11032242327928543	0.0
agri_aa_oil__Oil_C200_C220	methwin__mCHG__promoter__Zm00001d052520	1	0.013104074790306546	0.013104074790306546	mCHG	promoter	Zm00001d052520	4	191984692	191985651	+	225	0.11719036102294922	0.0
agri_aa_oil__Oil_C200_C220	methwin__mCHH__promoter__Zm00001d047771	1	0.012908427424086068	0.012908427424086068	mCHH	promoter	Zm00001d047771	9	141378956	141379948	+	445	0.0116884121671319	0.0
agri_aa_oil__Oil_C200_C220	methwin__mCG__promoter__Zm00001d007062	1	-0.011455834547292642	0.011455834547292642	mCG	promoter	Zm00001d007062	2	221062823	221071242	-	133	0.16142238676548004	0.0
agri_aa_oil__Oil_C200_C220	methwin__mCG__gene__Zm00001d007063	1	-0.011439081171324198	0.011439081171324198	mCG	gene	Zm00001d007063	2	221072232	221073664	+	82	0.16142238676548004	0.0
agri_aa_oil__Oil_C200_C220	methwin__mCG__promoter__Zm00001d007063	1	-0.011400340190543307	0.011400340190543307	mCG	promoter	Zm00001d007063	2	221072232	221073664	+	134	0.16142238676548004	0.0
agri_aa_oil__Oil_C200_C220	methwin__mCG__cis__Zm00001d007062	1	-0.011375809232164668	0.011375809232164668	mCG	cis	Zm00001d007062	2	221062823	221071242	-	351	0.16142238676548004	0.0
agri_aa_oil__Oil_C200_C220	methwin__mCG__cis__Zm00001d007063	1	-0.011345861425777357	0.011345861425777357	mCG	cis	Zm00001d007063	2	221072232	221073664	+	350	0.16142238676548004	0.0
agri_aa_oil__Oil_C200_C220	methwin__mCHG__gene__Zm00001d031466	1	-0.011128372360814251	0.011128372360814251	mCHG	gene	Zm00001d031466	1	191167286	191172311	+	308	0.11007077991962433	0.0
agri_aa_oil__Oil_C200_C220	methwin__mCHG__gene__Zm00001d031467	1	-0.011125406615633474	0.011125406615633474	mCHG	gene	Zm00001d031467	1	191167340	191169614	-	309	0.11007077991962433	0.0
agri_aa_oil__Oil_C200_C220	methwin__mCG__promoter__Zm00001d011178	1	-0.010918085521944013	0.010918085521944013	mCG	promoter	Zm00001d011178	8	142037367	142043523	-	110	0.1639036238193512	0.0
agri_aa_oil__Oil_C200_C220	methwin__mCG__cis__Zm00001d011178	1	-0.010916918253478061	0.010916918253478061	mCG	cis	Zm00001d011178	8	142037367	142043523	-	292	0.1639036238193512	0.0
agri_aa_oil__Oil_C200_C220	methwin__mCG__promoter__Zm00001d004582	1	-0.010845289602401404	0.010845289602401404	mCG	promoter	Zm00001d004582	2	119579094	119579480	+	71	0.17012028396129608	0.0
agri_aa_oil__Oil_C200_C220	methwin__mCG__cis__Zm00001d004582	1	-0.010786860978032586	0.010786860978032586	mCG	cis	Zm00001d004582	2	119579094	119579480	+	199	0.17012028396129608	0.0
agri_aa_oil__Oil_C200_C220	methwin__mCG__gene__Zm00001d004582	1	-0.010718444912380576	0.010718444912380576	mCG	gene	Zm00001d004582	2	119579094	119579480	+	41	0.17012028396129608	0.0
agri_aa_oil__Oil_C200_C220	methwin__mCHG__gene__Zm00001d036236	1	-0.010507309716004803	0.010507309716004803	mCHG	gene	Zm00001d036236	6	78457883	78459959	+	350	0.10714170336723328	0.0
agri_aa_oil__Oil_C200_C220	methwin__mCHH__gene__Zm00001d051998	1	0.010407665130199056	0.010407665130199056	mCHH	gene	Zm00001d051998	4	176207227	176221261	+	261	0.005977352149784565	0.0
agri_aa_oil__Oil_C200_C220	methwin__mCHG__cis__Zm00001d002418	1	-0.009922424439735796	0.009922424439735796	mCHG	cis	Zm00001d002418	2	12281370	12292546	+	79	0.1473100483417511	0.0
agri_aa_oil__Oil_C200_C220	methwin__mCHH__promoter__Zm00001d025952	1	0.009783889449718485	0.009783889449718485	mCHH	promoter	Zm00001d025952	10	134584596	134585561	+	364	0.013840599916875362	0.0
agri_aa_oil__Oil_C200_C220	methwin__mCHH__promoter__Zm00001d019754	1	0.009644682148982975	0.009644682148982975	mCHH	promoter	Zm00001d019754	7	56516523	56522809	-	233	0.019488882273435593	0.0
agri_aa_oil__Oil_C200_C220	methwin__mCHH__cis__Zm00001d008859	1	-0.009545113537910497	0.009545113537910497	mCHH	cis	Zm00001d008859	8	22870098	22873800	-	499	0.022259419783949852	0.0
agri_aa_oil__Oil_C200_C220	methwin__mCHH__cis__Zm00001d008858	1	-0.00954141945021005	0.00954141945021005	mCHH	cis	Zm00001d008858	8	22865173	22869630	+	498	0.022259419783949852	0.0
agri_aa_oil__Oil_C200_C220	methwin__mCHG__cis__Zm00001d034731	1	-0.009489329087918868	0.009489329087918868	mCHG	cis	Zm00001d034731	1	300940580	300942400	-	399	0.12776830792427063	0.0
agri_aa_oil__Oil_C200_C220	methwin__mCHG__promoter__Zm00001d034732	1	-0.009488411707386965	0.009488411707386965	mCHG	promoter	Zm00001d034732	1	300946909	300949101	-	111	0.12776830792427063	0.0
agri_aa_oil__Oil_C200_C220	methwin__mCHG__cis__Zm00001d034732	1	-0.009487319128798065	0.009487319128798065	mCHG	cis	Zm00001d034732	1	300946909	300949101	-	398	0.12776830792427063	0.0
agri_aa_oil__Oil_C200_C220	methwin__mCG__gene__Zm00001d002166	1	0.009273484444234809	0.009273484444234809	mCG	gene	Zm00001d002166	2	7053614	7066223	+	247	0.14311735332012177	0.0
agri_aa_oil__Oil_C200_C220	methwin__mCG__cis__Zm00001d032664	1	-0.009061903643587374	0.009061903643587374	mCG	cis	Zm00001d032664	1	233548082	233551762	-	69	0.18146756291389465	0.0
agri_aa_oil__Oil_C200_C220	methwin__mCHG__promoter__Zm00001d032478	1	-0.008527059498843989	0.008527059498843989	mCHG	promoter	Zm00001d032478	1	228035780	228036940	+	25	0.1482032686471939	0.0
agri_aa_oil__Oil_C200_C220	methwin__mCG__gene__Zm00001d016439	1	-0.008410899801153872	0.008410899801153872	mCG	gene	Zm00001d016439	5	162354770	162359026	+	126	0.15546898543834686	0.0
agri_aa_oil__Oil_C200_C220	methwin__mCHH__cis__Zm00001d028186	1	-0.00834768222944459	0.00834768222944459	mCHH	cis	Zm00001d028186	1	25742203	25745382	+	12	0.06854739785194397	0.0
agri_aa_oil__Oil_C200_C220	methwin__mCHH__cis__Zm00001d028184	1	-0.008331630342244394	0.008331630342244394	mCHH	cis	Zm00001d028184	1	25734022	25737544	+	11	0.06854739785194397	0.0
agri_aa_oil__Oil_C200_C220	methwin__mCHH__cis__Zm00001d028183	1	-0.008128238927724546	0.008128238927724546	mCHH	cis	Zm00001d028183	1	25725534	25732327	-	13	0.06854739785194397	0.0
agri_aa_oil__Oil_C200_C220	methwin__mCHH__promoter__Zm00001d028183	1	-0.007986908353167892	0.007986908353167892	mCHH	promoter	Zm00001d028183	1	25725534	25732327	-	6	0.06854739785194397	0.0
agri_aa_oil__Oil_C200_C220	methwin__mCHG__cis__Zm00001d025317	1	-0.007959954064009515	0.007959954064009515	mCHG	cis	Zm00001d025317	10	114026048	114027155	+	175	0.13805338740348816	0.0
agri_aa_oil__Oil_C200_C220	methwin__mCHG__cis__Zm00001d025314	1	-0.00795961594274925	0.00795961594274925	mCHG	cis	Zm00001d025314	10	114014799	114015284	-	172	0.13805338740348816	0.0
agri_aa_oil__Oil_C200_C220	methwin__mCHG__cis__Zm00001d025318	1	-0.00795677107232454	0.00795677107232454	mCHG	cis	Zm00001d025318	10	114029385	114032662	+	174	0.13805338740348816	0.0
agri_aa_oil__Oil_C200_C220	methwin__mCHG__cis__Zm00001d025316	1	-0.007956567038023988	0.007956567038023988	mCHG	cis	Zm00001d025316	10	114024329	114025411	+	173	0.13805338740348816	0.0
agri_aa_oil__Oil_C200_C220	methwin__mCHG__gene__Zm00001d028710	1	0.007910257011440856	0.007910257011440856	mCHG	gene	Zm00001d028710	1	43905140	43907073	+	418	0.10304223746061325	0.0
agri_aa_oil__Oil_C200_C220	methwin__mCG__gene__Zm00001d003090	1	0.007886577242668152	0.007886577242668152	mCG	gene	Zm00001d003090	2	31857827	31860685	-	123	0.1557711958885193	0.0
agri_aa_oil__Oil_C200_C220	methwin__mCHH__promoter__Zm00001d028184	1	-0.007874946365327755	0.007874946365327755	mCHH	promoter	Zm00001d028184	1	25734022	25737544	+	7	0.06854739785194397	0.0
agri_aa_oil__Oil_C200_C220	methwin__mCHH__cis__Zm00001d028185	1	-0.007811660355944902	0.007811660355944902	mCHH	cis	Zm00001d028185	1	25738664	25741208	-	14	0.06854739785194397	0.0
agri_aa_oil__Oil_C200_C220	methwin__mCHH__promoter__Zm00001d033063	1	0.0077736799945407956	0.0077736799945407956	mCHH	promoter	Zm00001d033063	1	249199939	249210506	-	430	0.012097851373255253	0.0
agri_aa_oil__Oil_C200_C220	methwin__mCG__gene__Zm00001d028710	1	-0.007758599744530352	0.007758599744530352	mCG	gene	Zm00001d028710	1	43905140	43907073	+	45	0.16960863769054413	0.0
agri_aa_oil__Oil_C200_C220	methwin__mCG__cis__Zm00001d028711	1	-0.0077577098552675545	0.0077577098552675545	mCG	cis	Zm00001d028711	1	43908553	43911257	-	205	0.16960863769054413	0.0
agri_aa_oil__Oil_C200_C220	methwin__mCG__promoter__Zm00001d028710	1	-0.00775683735040411	0.00775683735040411	mCG	promoter	Zm00001d028710	1	43905140	43907073	+	75	0.16960863769054413	0.0
agri_aa_oil__Oil_C200_C220	methwin__mCG__promoter__Zm00001d050256	1	-0.00772378370050035	0.00772378370050035	mCG	promoter	Zm00001d050256	4	76976633	76985641	+	152	0.15928839147090912	0.0
agri_aa_oil__Oil_C200_C220	methwin__mCG__cis__Zm00001d050256	1	-0.007723520089220806	0.007723520089220806	mCG	cis	Zm00001d050256	4	76976633	76985641	+	399	0.15928839147090912	0.0
agri_aa_oil__Oil_C200_C220	methwin__mCHG__gene__Zm00001d032064	1	0.007706482747398828	0.007706482747398828	mCHG	gene	Zm00001d032064	1	211140441	211148020	+	328	0.10895366966724396	0.0
agri_aa_oil__Oil_C200_C220	methwin__mCHH__promoter__Zm00001d002787	1	0.007458039184187536	0.007458039184187536	mCHH	promoter	Zm00001d002787	2	22588333	22591980	-	374	0.013574427925050259	0.0
agri_aa_oil__Oil_C200_C220	methwin__mCHG__promoter__Zm00001d042609	1	-0.007326586701074436	0.007326586701074436	mCHG	promoter	Zm00001d042609	3	173458717	173460818	+	304	0.11186502873897552	0.0
agri_aa_oil__Oil_C200_C220	methwin__mCG__promoter__Zm00001d011388	1	-0.006859138268463496	0.006859138268463496	mCG	promoter	Zm00001d011388	8	149328151	149329765	+	304	0.14614354074001312	0.0
agri_aa_oil__Oil_C200_C220	methwin__mCG__gene__Zm00001d011388	1	-0.006857609905362236	0.006857609905362236	mCG	gene	Zm00001d011388	8	149328151	149329765	+	217	0.14614354074001312	0.0
agri_aa_oil__Oil_C200_C220	methwin__mCG__cis__Zm00001d036998	1	-0.0068291115699687195	0.0068291115699687195	mCG	cis	Zm00001d036998	6	108627029	108628138	+	102	0.17732174694538116	0.0
agri_aa_oil__Oil_C200_C220	methwin__mCG__promoter__Zm00001d036997	1	-0.006828049374729499	0.006828049374729499	mCG	promoter	Zm00001d036997	6	108622832	108624892	+	38	0.17732174694538116	0.0
agri_aa_oil__Oil_C200_C220	methwin__mCG__cis__Zm00001d036997	1	-0.0068266632165805904	0.0068266632165805904	mCG	cis	Zm00001d036997	6	108622832	108624892	+	101	0.17732174694538116	0.0
agri_aa_oil__Oil_C200_C220	methwin__mCHH__promoter__Zm00001d021087	1	-0.00664887998426323	0.00664887998426323	mCHH	promoter	Zm00001d021087	7	142484402	142493269	-	22	0.049977220594882965	0.0
agri_aa_oil__Oil_C200_C220	methwin__mCHH__cis__Zm00001d021088	1	-0.006644581234519837	0.006644581234519837	mCHH	cis	Zm00001d021088	7	142495054	142496439	-	50	0.049977220594882965	0.0
agri_aa_oil__Oil_C200_C220	methwin__mCHH__cis__Zm00001d021087	1	-0.006641477185515952	0.006641477185515952	mCHH	cis	Zm00001d021087	7	142484402	142493269	-	51	0.049977220594882965	0.0
agri_aa_oil__Oil_C200_C220	methwin__mCG__gene__Zm00001d034425	1	-0.006412380918970271	0.006412380918970271	mCG	gene	Zm00001d034425	1	292634306	292635846	-	3	0.19202920794487	0.0
agri_aa_oil__Oil_C200_C220	methwin__mCG__promoter__Zm00001d034425	1	-0.006411980925732085	0.006411980925732085	mCG	promoter	Zm00001d034425	1	292634306	292635846	-	10	0.19202920794487	0.0
agri_aa_oil__Oil_C200_C220	methwin__mCG__cis__Zm00001d034424	1	-0.006411639416491858	0.006411639416491858	mCG	cis	Zm00001d034424	1	292625000	292631329	-	24	0.19202920794487	0.0
agri_aa_oil__Oil_C200_C220	methwin__mCG__cis__Zm00001d034425	1	-0.006411581911455674	0.006411581911455674	mCG	cis	Zm00001d034425	1	292634306	292635846	-	23	0.19202920794487	0.0
agri_aa_oil__Oil_C200_C220	methwin__mCHH__cis__Zm00001d029059	1	0.0057714245297526175	0.0057714245297526175	mCHH	cis	Zm00001d029059	1	56743156	56747187	+	493	0.022457098588347435	0.0
agri_aa_oil__Oil_C200_C220	methwin__mCHH__promoter__Zm00001d029059	1	0.005767926911259522	0.005767926911259522	mCHH	promoter	Zm00001d029059	1	56743156	56747187	+	196	0.022457098588347435	0.0
agri_aa_oil__Oil_C200_C220	methwin__mCG__gene__Zm00001d013845	1	-0.005579602869685657	0.005579602869685657	mCG	gene	Zm00001d013845	5	22389218	22414978	-	253	0.1423976868391037	0.0
agri_aa_oil__Oil_C200_C220	methwin__mCHG__gene__Zm00001d043360	1	-0.005569796554616059	0.005569796554616059	mCHG	gene	Zm00001d043360	3	197670387	197686901	-	352	0.10704267770051956	0.0
agri_aa_oil__Oil_C200_C220	methwin__mCG__gene__Zm00001d031466	1	-0.005508950301549447	0.005508950301549447	mCG	gene	Zm00001d031466	1	191167286	191172311	+	424	0.12836258113384247	0.0
agri_aa_oil__Oil_C200_C220	methwin__mCG__gene__Zm00001d031467	1	-0.005502482853734527	0.005502482853734527	mCG	gene	Zm00001d031467	1	191167340	191169614	-	425	0.12836258113384247	0.0
agri_aa_oil__Oil_C200_C220	methwin__mCHH__promoter__Zm00001d001923	1	-0.005454015956456206	0.005454015956456206	mCHH	promoter	Zm00001d001923	2	2987346	3010796	+	144	0.02591714635491371	0.0
agri_aa_oil__Oil_C200_C220	methwin__mCHH__cis__Zm00001d010403	1	-0.005211097544768314	0.005211097544768314	mCHH	cis	Zm00001d010403	8	113059177	113063728	-	169	0.03562040254473686	0.0
agri_aa_oil__Oil_C200_C220	methwin__mCHH__promoter__Zm00001d010402	1	-0.005208838867671969	0.005208838867671969	mCHH	promoter	Zm00001d010402	8	113056986	113057636	+	66	0.03562040254473686	0.0
agri_aa_oil__Oil_C200_C220	methwin__mCHH__cis__Zm00001d010402	1	-0.005207973965262732	0.005207973965262732	mCHH	cis	Zm00001d010402	8	113056986	113057636	+	168	0.03562040254473686	0.0
agri_aa_oil__Oil_C200_C220	methwin__mCHH__cis__Zm00001d049242	1	-0.0049195803941553306	0.0049195803941553306	mCHH	cis	Zm00001d049242	4	22485112	22485966	+	107	0.04085427522659302	0.0
agri_aa_oil__Oil_C200_C220	methwin__mCHG__promoter__Zm00001d004366	1	0.004711382491545623	0.004711382491545623	mCHG	promoter	Zm00001d004366	2	106628660	106630400	-	221	0.11756130307912827	0.0
agri_aa_oil__Oil_C200_C220	methwin__mCHH__gene__Zm00001d005077	1	0.004608157997797524	0.004608157997797524	mCHH	gene	Zm00001d005077	2	157581551	157582657	+	481	0.002874000696465373	0.0
agri_aa_oil__Oil_C200_C220	methwin__mCHH__cis__Zm00001d002783	1	0.004309366213924709	0.004309366213924709	mCHH	cis	Zm00001d002783	2	22579624	22583090	+	182	0.034600116312503815	0.0
agri_aa_oil__Oil_C200_C220	methwin__mCHG__gene__Zm00001d004582	1	-0.004141847526847771	0.004141847526847771	mCHG	gene	Zm00001d004582	2	119579094	119579480	+	169	0.12173232436180115	0.0
agri_aa_oil__Oil_C200_C220	methwin__mCHG__cis__Zm00001d052551	1	0.004082215915596767	0.004082215915596767	mCHG	cis	Zm00001d052551	4	192868787	192870527	+	482	0.12527120113372803	0.0
agri_aa_oil__Oil_C200_C220	methwin__mCHG__gene__Zm00001d052549	1	0.004081633636059366	0.004081633636059366	mCHG	gene	Zm00001d052549	4	192864628	192865239	-	143	0.12527120113372803	0.0
agri_aa_oil__Oil_C200_C220	methwin__mCHG__promoter__Zm00001d052549	1	0.004078870562633535	0.004078870562633535	mCHG	promoter	Zm00001d052549	4	192864628	192865239	-	132	0.12527120113372803	0.0
agri_aa_oil__Oil_C200_C220	methwin__mCHG__promoter__Zm00001d004582	1	-0.004073384064176486	0.004073384064176486	mCHG	promoter	Zm00001d004582	2	119579094	119579480	+	173	0.12173232436180115	0.0
agri_aa_oil__Oil_C200_C220	methwin__mCHG__cis__Zm00001d052549	1	0.004072748216793617	0.004072748216793617	mCHG	cis	Zm00001d052549	4	192864628	192865239	-	483	0.12527120113372803	0.0
agri_aa_oil__Oil_C200_C220	methwin__mCG__promoter__Zm00001d008954	1	-0.003773982469742746	0.003773982469742746	mCG	promoter	Zm00001d008954	8	26894967	26904334	-	442	0.13665330410003662	0.0
agri_aa_oil__Oil_C200_C220	methwin__mCHH__gene__Zm00001d041142	1	0.003728102924546327	0.003728102924546327	mCHH	gene	Zm00001d041142	3	100232730	100240533	+	142	0.009223509579896927	0.0
agri_aa_oil__Oil_C200_C220	methwin__mCG__cis__Zm00001d013114	1	-0.003609713771765107	0.003609713771765107	mCG	cis	Zm00001d013114	5	4879308	4880263	-	32	0.18964484333992004	0.0
agri_aa_oil__Oil_C200_C220	methwin__mCG__cis__Zm00001d013112	1	-0.003543842868257937	0.003543842868257937	mCG	cis	Zm00001d013112	5	4870603	4876553	+	34	0.18964484333992004	0.0
agri_aa_oil__Oil_C200_C220	methwin__mCG__cis__Zm00001d013113	1	-0.003471774764041827	0.003471774764041827	mCG	cis	Zm00001d013113	5	4876757	4878827	+	33	0.18964484333992004	0.0
agri_aa_oil__Oil_C200_C220	methwin__mCG__promoter__Zm00001d013112	1	-0.003433929682613912	0.003433929682613912	mCG	promoter	Zm00001d013112	5	4870603	4876553	+	12	0.18964484333992004	0.0
agri_aa_oil__Oil_C200_C220	methwin__mCG__promoter__Zm00001d036874	1	-0.0030922354206043804	0.0030922354206043804	mCG	promoter	Zm00001d036874	6	105396418	105396678	-	498	0.13199681043624878	0.0
agri_aa_oil__Oil_C200_C220	methwin__mCG__gene__Zm00001d036874	1	-0.003090987577033112	0.003090987577033112	mCG	gene	Zm00001d036874	6	105396418	105396678	-	374	0.13199681043624878	0.0
agri_aa_oil__Oil_C200_C220	methwin__mCHH__gene__Zm00001d004707	1	0.002677522580533929	0.002677522580533929	mCHH	gene	Zm00001d004707	2	132433054	132465319	-	59	0.01565706916153431	0.0
agri_aa_oil__Oil_C200_C220	methwin__mCG__promoter__Zm00001d042575	1	-0.0019494340435592767	0.0019494340435592767	mCG	promoter	Zm00001d042575	3	172362061	172366732	+	210	0.1539825201034546	0.0
agri_aa_oil__Oil_C200_C220	methwin__mCG__promoter__Zm00001d011107	1	-0.0019223862194715808	0.0019223862194715808	mCG	promoter	Zm00001d011107	8	139097487	139098598	+	366	0.14214889705181122	0.0
agri_aa_oil__Oil_C200_C220	methwin__mCG__gene__Zm00001d011105	1	-0.0019198469781306412	0.0019198469781306412	mCG	gene	Zm00001d011105	8	139096722	139098059	-	259	0.14214889705181122	0.0
agri_aa_oil__Oil_C200_C220	methwin__mCHG__promoter__Zm00001d033135	1	-0.0016388995447403363	0.0016388995447403363	mCHG	promoter	Zm00001d033135	1	251738064	251740860	+	467	0.10169361531734467	0.0
agri_aa_oil__Oil_C200_C220	methwin__mCHG__gene__Zm00001d009636	1	-0.0013291420401767072	0.0013291420401767072	mCHG	gene	Zm00001d009636	8	73979708	73980561	+	373	0.10520899295806885	0.0
agri_aa_oil__Oil_C200_C220	methwin__mCHG__promoter__Zm00001d009636	1	-0.0013283164786814308	0.0013283164786814308	mCHG	promoter	Zm00001d009636	8	73979708	73980561	+	399	0.10520899295806885	0.0
agri_aa_oil__Oil_C200_C220	methwin__mCG__promoter__Zm00001d025050	1	-0.0011144474610573563	0.0011144474610573563	mCG	promoter	Zm00001d025050	10	101678128	101682933	-	148	0.15985636413097382	0.0
agri_aa_oil__Oil_C200_C220	methwin__mCHG__promoter__Zm00001d007063	1	-0.0010610208145370138	0.0010610208145370138	mCHG	promoter	Zm00001d007063	2	221072232	221073664	+	179	0.1209324449300766	0.0
agri_aa_oil__Oil_C200_C220	methwin__mCHG__promoter__Zm00001d007062	1	-0.0010589968706926323	0.0010589968706926323	mCHG	promoter	Zm00001d007062	2	221062823	221071242	-	180	0.1209324449300766	0.0
agri_aa_oil__Oil_C200_C220	methwin__mCHG__gene__Zm00001d007063	1	-0.0010588859404574867	0.0010588859404574867	mCHG	gene	Zm00001d007063	2	221072232	221073664	+	174	0.1209324449300766	0.0
agri_aa_oil__Oil_C200_C220	methwin__mCG__promoter__Zm00001d046354	1	-0.001038807878064147	0.001038807878064147	mCG	promoter	Zm00001d046354	9	83394090	83396208	+	305	0.14595553278923035	0.0
agri_aa_oil__Oil_C200_C220	methwin__mCHH__cis__Zm00001d007354	1	0.0006286075480935911	0.0006286075480935911	mCHH	cis	Zm00001d007354	2	229497316	229501283	+	340	0.02689029462635517	0.0
agri_aa_oil__Oil_C200_C220	methwin__mCHH__cis__Zm00001d023745	1	0.0006206292673217862	0.0006206292673217862	mCHH	cis	Zm00001d023745	10	18417389	18419565	+	366	0.025737496092915535	0.0
agri_aa_oil__Oil_C200_C220	methwin__mCG__gene__Zm00001d024558	1	0.0006190804696649322	0.0006190804696649322	mCG	gene	Zm00001d024558	10	78187147	78188241	+	20	0.17622222006320953	0.0
agri_aa_oil__Oil_C200_C220	methwin__mCG__cis__Zm00001d024558	1	0.0006184427123884363	0.0006184427123884363	mCG	cis	Zm00001d024558	10	78187147	78188241	+	121	0.17622222006320953	0.0
agri_aa_oil__Oil_C200_C220	methwin__mCHH__cis__Zm00001d023743	1	0.0006178916517367441	0.0006178916517367441	mCHH	cis	Zm00001d023743	10	18413886	18414789	-	367	0.025737496092915535	0.0
agri_aa_oil__Oil_C200_C220	methwin__mCHH__promoter__Zm00001d023746	1	0.0006130206517318093	0.0006130206517318093	mCHH	promoter	Zm00001d023746	10	18419962	18420342	-	147	0.025737496092915535	0.0
agri_aa_oil__Oil_C200_C220	methwin__mCHH__cis__Zm00001d023746	1	0.0006128086158067301	0.0006128086158067301	mCHH	cis	Zm00001d023746	10	18419962	18420342	-	365	0.025737496092915535	0.0
agri_aa_oil__Oil_C200_C220	methwin__mCG__gene__Zm00001d015440	1	0.00044791960291472896	0.00044791960291472896	mCG	gene	Zm00001d015440	5	90267647	90277773	-	49	0.16953438520431519	0.0
agri_aa_oil__Oil_C200_C220	methwin__mCG__cis__Zm00001d015440	1	0.00044342556120641343	0.00044342556120641343	mCG	cis	Zm00001d015440	5	90267647	90277773	-	210	0.16953438520431519	0.0
agri_aa_oil__Oil_C200_C220	methwin__mCG__promoter__Zm00001d015440	1	0.00043741054721821416	0.00043741054721821416	mCG	promoter	Zm00001d015440	5	90267647	90277773	-	77	0.16953438520431519	0.0
agri_aa_oil__Oil_C200_C220	methwin__mCHG__gene__Zm00001d020524	1	0.00021208645069204914	0.00021208645069204914	mCHG	gene	Zm00001d020524	7	120895372	120913683	-	238	0.1153230145573616	0.0
agri_aa_oil__Oil_C20_1P	methwin__mCG__gene__Zm00001d023352	5	-0.10393445470994858	0.10393445470994858	mCG	gene	Zm00001d023352	10	3992378	3993316	-	486	0.12386972457170486	0.0
agri_aa_oil__Oil_C20_1P	methwin__mCHG__promoter__Zm00001d011482	5	-0.08296885503463189	0.08296885503463189	mCHG	promoter	Zm00001d011482	8	151853169	151853642	+	428	0.10382824391126633	0.0
agri_aa_oil__Oil_C20_1P	methwin__mCHH__gene__Zm00001d051776	5	-0.07247182614137573	0.07247182614137573	mCHH	gene	Zm00001d051776	4	169254420	169260633	-	432	0.0035803529899567366	0.0
agri_aa_oil__Oil_C20_1P	methwin__mCHH__gene__Zm00001d029563	5	-0.06567900487248898	0.06567900487248898	mCHH	gene	Zm00001d029563	1	76518613	76526416	+	120	0.010116983205080032	0.0
agri_aa_oil__Oil_C20_1P	methwin__mCHH__gene__Zm00001d026211	5	-0.05977649827223017	0.05977649827223017	mCHH	gene	Zm00001d026211	10	140995440	141000793	-	449	0.003286797320470214	0.0
agri_aa_oil__Oil_C20_1P	methwin__mCG__promoter__Zm00001d018017	5	0.05875690626570673	0.05875690626570673	mCG	promoter	Zm00001d018017	5	212204911	212205450	-	474	0.13472238183021545	0.0
agri_aa_oil__Oil_C20_1P	methwin__mCG__gene__Zm00001d052318	5	0.042471351842769636	0.042471351842769636	mCG	gene	Zm00001d052318	4	187010485	187013768	+	190	0.14793197810649872	0.0
agri_aa_oil__Oil_C20_1P	methwin__mCHH__gene__Zm00001d046750	5	-0.0348342681076879	0.0348342681076879	mCHH	gene	Zm00001d046750	9	104350274	104351649	+	379	0.004336654208600521	0.0
agri_aa_oil__Oil_C20_1P	methwin__mCHH__promoter__Zm00001d025141	4	-0.07716218665652198	0.07716218665652198	mCHH	promoter	Zm00001d025141	10	106318787	106321238	-	122	0.027659419924020767	0.0
agri_aa_oil__Oil_C20_1P	methwin__mCHG__gene__Zm00001d015212	4	0.07166003264730211	0.07166003264730211	mCHG	gene	Zm00001d015212	5	79554503	79570576	-	325	0.10900799930095673	0.0
agri_aa_oil__Oil_C20_1P	methwin__mCHG__gene__Zm00001d048338	4	0.025702564757583493	0.025702564757583493	mCHG	gene	Zm00001d048338	9	154675604	154690065	-	340	0.10785843431949615	0.0
agri_aa_oil__Oil_C20_1P	methwin__mCHG__gene__Zm00001d040673	4	-0.02535948884556996	0.02535948884556996	mCHG	gene	Zm00001d040673	3	57203920	57204860	-	296	0.11105302721261978	0.0
agri_aa_oil__Oil_C20_1P	methwin__mCG__cis__Zm00001d013758	4	-0.02525130298094783	0.02525130298094783	mCG	cis	Zm00001d013758	5	19597622	19600577	+	475	0.15699847042560577	0.0
agri_aa_oil__Oil_C20_1P	methwin__mCG__cis__Zm00001d013760	4	-0.025123973336182624	0.025123973336182624	mCG	cis	Zm00001d013760	5	19610801	19612276	-	476	0.15699847042560577	0.0
agri_aa_oil__Oil_C20_1P	methwin__mCG__cis__Zm00001d013759	4	-0.024257070731397153	0.024257070731397153	mCG	cis	Zm00001d013759	5	19607076	19608662	-	474	0.15699847042560577	0.0
agri_aa_oil__Oil_C20_1P	methwin__mCHG__cis__Zm00001d013760	4	-0.020325535902164918	0.020325535902164918	mCHG	cis	Zm00001d013760	5	19610801	19612276	-	472	0.12549664080142975	0.0
agri_aa_oil__Oil_C20_1P	methwin__mCHG__cis__Zm00001d013759	4	-0.01962773190954091	0.01962773190954091	mCHG	cis	Zm00001d013759	5	19607076	19608662	-	473	0.12549664080142975	0.0
agri_aa_oil__Oil_C20_1P	methwin__mCHG__cis__Zm00001d013758	4	-0.018465475399331785	0.018465475399331785	mCHG	cis	Zm00001d013758	5	19597622	19600577	+	474	0.12549664080142975	0.0
agri_aa_oil__Oil_C20_1P	methwin__mCG__cis__Zm00001d012478	4	-0.016700211966487688	0.016700211966487688	mCG	cis	Zm00001d012478	8	175274675	175275082	-	81	0.18016542494297028	0.0
agri_aa_oil__Oil_C20_1P	methwin__mCG__cis__Zm00001d012476	4	-0.01670009215319753	0.01670009215319753	mCG	cis	Zm00001d012476	8	175266420	175268144	+	83	0.18016542494297028	0.0
agri_aa_oil__Oil_C20_1P	methwin__mCG__cis__Zm00001d012479	4	-0.016699681536046004	0.016699681536046004	mCG	cis	Zm00001d012479	8	175279648	175291084	+	82	0.18016542494297028	0.0
agri_aa_oil__Oil_C20_1P	methwin__mCG__gene__Zm00001d012478	4	-0.016693437446017135	0.016693437446017135	mCG	gene	Zm00001d012478	8	175274675	175275082	-	13	0.18016542494297028	0.0
agri_aa_oil__Oil_C20_1P	methwin__mCG__promoter__Zm00001d012478	4	-0.016693163092438013	0.016693163092438013	mCG	promoter	Zm00001d012478	8	175274675	175275082	-	30	0.18016542494297028	0.0
agri_aa_oil__Oil_C20_1P	methwin__mCG__cis__Zm00001d012477	4	-0.016688805714694457	0.016688805714694457	mCG	cis	Zm00001d012477	8	175268593	175271215	-	84	0.18016542494297028	0.0
agri_aa_oil__Oil_C20_1P	methwin__mCHH__promoter__Zm00001d038267	4	-0.013701105547137752	0.013701105547137752	mCHH	promoter	Zm00001d038267	6	152765549	152768497	+	454	0.011505375616252422	0.0
agri_aa_oil__Oil_C20_1P	methwin__mCHH__cis__Zm00001d046627	4	-0.012240688982791138	0.012240688982791138	mCHH	cis	Zm00001d046627	9	99606470	99609464	+	27	0.06164690479636192	0.0
agri_aa_oil__Oil_C20_1P	methwin__mCHH__promoter__Zm00001d046626	4	-0.012215728762469935	0.012215728762469935	mCHH	promoter	Zm00001d046626	9	99598556	99602330	+	13	0.06164690479636192	0.0
agri_aa_oil__Oil_C20_1P	methwin__mCHH__cis__Zm00001d046626	4	-0.012186914519526401	0.012186914519526401	mCHH	cis	Zm00001d046626	9	99598556	99602330	+	28	0.06164690479636192	0.0
agri_aa_oil__Oil_C20_1P	methwin__mCG__promoter__Zm00001d040673	4	-0.00812148658348431	0.00812148658348431	mCG	promoter	Zm00001d040673	3	57203920	57204860	-	321	0.14457584917545319	0.0
agri_aa_oil__Oil_C20_1P	methwin__mCG__gene__Zm00001d040674	4	-0.008113652051322988	0.008113652051322988	mCG	gene	Zm00001d040674	3	57206032	57206889	-	231	0.14457584917545319	0.0
agri_aa_oil__Oil_C20_1P	methwin__mCG__promoter__Zm00001d040674	4	-0.008107907459896575	0.008107907459896575	mCG	promoter	Zm00001d040674	3	57206032	57206889	-	322	0.14457584917545319	0.0
agri_aa_oil__Oil_C20_1P	methwin__mCG__cis__Zm00001d028183	4	0.005141370974007499	0.005141370974007499	mCG	cis	Zm00001d028183	1	25725534	25732327	-	353	0.16141174733638763	0.0
agri_aa_oil__Oil_C20_1P	methwin__mCG__cis__Zm00001d028186	4	0.005137106297113133	0.005137106297113133	mCG	cis	Zm00001d028186	1	25742203	25745382	+	354	0.16141174733638763	0.0
agri_aa_oil__Oil_C20_1P	methwin__mCG__cis__Zm00001d028185	4	0.005135868638428214	0.005135868638428214	mCG	cis	Zm00001d028185	1	25738664	25741208	-	355	0.16141174733638763	0.0
agri_aa_oil__Oil_C20_1P	methwin__mCG__gene__Zm00001d028184	4	0.005105012569306722	0.005105012569306722	mCG	gene	Zm00001d028184	1	25734022	25737544	+	83	0.16141174733638763	0.0
agri_aa_oil__Oil_C20_1P	methwin__mCG__promoter__Zm00001d028183	4	0.005093308944514736	0.005093308944514736	mCG	promoter	Zm00001d028183	1	25725534	25732327	-	135	0.16141174733638763	0.0
agri_aa_oil__Oil_C20_1P	methwin__mCG__promoter__Zm00001d028184	4	0.0050905117712443364	0.0050905117712443364	mCG	promoter	Zm00001d028184	1	25734022	25737544	+	136	0.16141174733638763	0.0
agri_aa_oil__Oil_C20_1P	methwin__mCG__cis__Zm00001d028184	4	0.005083898820859059	0.005083898820859059	mCG	cis	Zm00001d028184	1	25734022	25737544	+	352	0.16141174733638763	0.0
agri_aa_oil__Oil_C20_1P	methwin__mCHH__gene__Zm00001d047565	3	-0.1022499256815882	0.1022499256815882	mCHH	gene	Zm00001d047565	9	135716503	135717048	-	190	0.007685718592256308	0.0
agri_aa_oil__Oil_C20_1P	methwin__mCG__gene__Zm00001d025683	3	0.08419779220484558	0.08419779220484558	mCG	gene	Zm00001d025683	10	126173574	126174168	-	283	0.1400296837091446	0.0
agri_aa_oil__Oil_C20_1P	methwin__mCG__gene__Zm00001d040709	3	-0.07577508716832478	0.07577508716832478	mCG	gene	Zm00001d040709	3	59527201	59529333	-	213	0.14667800068855286	0.0
agri_aa_oil__Oil_C20_1P	methwin__mCG__gene__Zm00001d051890	3	-0.07379289794852684	0.07379289794852684	mCG	gene	Zm00001d051890	4	173809755	173817043	+	490	0.12373869866132736	0.0
agri_aa_oil__Oil_C20_1P	methwin__mCG__gene__Zm00001d011300	3	-0.04873415382472581	0.04873415382472581	mCG	gene	Zm00001d011300	8	146136810	146145088	-	162	0.15042057633399963	0.0
agri_aa_oil__Oil_C20_1P	methwin__mCHH__gene__Zm00001d020185	3	0.04078049948123278	0.04078049948123278	mCHH	gene	Zm00001d020185	7	98428631	98451742	-	452	0.0032625931780785322	0.0
agri_aa_oil__Oil_C20_1P	methwin__mCHH__promoter__Zm00001d005343	3	-0.039376941155021335	0.039376941155021335	mCHH	promoter	Zm00001d005343	2	170142297	170146226	+	53	0.03876056522130966	0.0
agri_aa_oil__Oil_C20_1P	methwin__mCG__gene__Zm00001d023331	3	0.03914048033918938	0.03914048033918938	mCG	gene	Zm00001d023331	10	3594888	3597482	+	414	0.12949347496032715	0.0
agri_aa_oil__Oil_C20_1P	methwin__mCG__cis__Zm00001d050903	3	-0.035351157403089355	0.035351157403089355	mCG	cis	Zm00001d050903	4	129344494	129346979	+	304	0.1634671539068222	0.0
agri_aa_oil__Oil_C20_1P	methwin__mCHH__gene__Zm00001d042126	3	0.03187769201334373	0.03187769201334373	mCHH	gene	Zm00001d042126	3	152189235	152191916	-	67	0.013939101248979568	0.0
agri_aa_oil__Oil_C20_1P	methwin__mCHG__promoter__Zm00001d006384	3	0.027965881352241335	0.027965881352241335	mCHG	promoter	Zm00001d006384	2	206326049	206332270	-	45	0.13862086832523346	0.0
agri_aa_oil__Oil_C20_1P	methwin__mCHG__promoter__Zm00001d048032	3	-0.026352683764718682	0.026352683764718682	mCHG	promoter	Zm00001d048032	9	148430534	148431775	-	453	0.10231746733188629	0.0
agri_aa_oil__Oil_C20_1P	methwin__mCG__cis__Zm00001d053250	3	-0.026217635607190926	0.026217635607190926	mCG	cis	Zm00001d053250	4	222238222	222241030	+	417	0.15881329774856567	0.0
agri_aa_oil__Oil_C20_1P	methwin__mCHH__cis__Zm00001d048061	3	-0.025030056049197325	0.025030056049197325	mCHH	cis	Zm00001d048061	9	149108412	149109896	+	264	0.03011501207947731	0.0
agri_aa_oil__Oil_C20_1P	methwin__mCHH__cis__Zm00001d048060	3	-0.023983694211874757	0.023983694211874757	mCHH	cis	Zm00001d048060	9	149093185	149097158	-	265	0.03011501207947731	0.0
agri_aa_oil__Oil_C20_1P	methwin__mCHH__cis__Zm00001d048059	3	-0.021348470815360034	0.021348470815360034	mCHH	cis	Zm00001d048059	9	149085887	149093085	+	263	0.03011501207947731	0.0
agri_aa_oil__Oil_C20_1P	methwin__mCG__gene__Zm00001d053896	3	-0.02097200394524094	0.02097200394524094	mCG	gene	Zm00001d053896	4	243263176	243265641	-	355	0.13379420340061188	0.0
agri_aa_oil__Oil_C20_1P	methwin__mCHH__cis__Zm00001d031584	3	-0.01785302678333583	0.01785302678333583	mCHH	cis	Zm00001d031584	1	195511708	195521787	+	362	0.025803368538618088	0.0
agri_aa_oil__Oil_C20_1P	methwin__mCG__gene__Zm00001d041801	3	0.016141154406271636	0.016141154406271636	mCG	gene	Zm00001d041801	3	138805652	138811523	+	310	0.13779300451278687	0.0
agri_aa_oil__Oil_C20_1P	methwin__mCG__promoter__Zm00001d041801	3	0.01576888265300341	0.01576888265300341	mCG	promoter	Zm00001d041801	3	138805652	138811523	+	426	0.13779300451278687	0.0
agri_aa_oil__Oil_C20_1P	methwin__mCHG__promoter__Zm00001d028183	3	0.013260925058998368	0.013260925058998368	mCHG	promoter	Zm00001d028183	1	25725534	25732327	-	193	0.12023238092660904	0.0
agri_aa_oil__Oil_C20_1P	methwin__mCHG__gene__Zm00001d039234	3	-0.012523912929782914	0.012523912929782914	mCHG	gene	Zm00001d039234	3	229993	230427	-	94	0.1323135644197464	0.0
agri_aa_oil__Oil_C20_1P	methwin__mCHG__gene__Zm00001d028184	3	0.012341604760343912	0.012341604760343912	mCHG	gene	Zm00001d028184	1	25734022	25737544	+	183	0.12023238092660904	0.0
agri_aa_oil__Oil_C20_1P	methwin__mCHG__cis__Zm00001d039234	3	-0.01217296551258705	0.01217296551258705	mCHG	cis	Zm00001d039234	3	229993	230427	-	276	0.1323135644197464	0.0
agri_aa_oil__Oil_C20_1P	methwin__mCHG__gene__Zm00001d040674	3	-0.011117192815599426	0.011117192815599426	mCHG	gene	Zm00001d040674	3	57206032	57206889	-	376	0.10490470379590988	0.0
agri_aa_oil__Oil_C20_1P	methwin__mCHG__promoter__Zm00001d040674	3	-0.011092667464174385	0.011092667464174385	mCHG	promoter	Zm00001d040674	3	57206032	57206889	-	404	0.10490470379590988	0.0
agri_aa_oil__Oil_C20_1P	methwin__mCHG__promoter__Zm00001d040673	3	-0.01107112634778105	0.01107112634778105	mCHG	promoter	Zm00001d040673	3	57203920	57204860	-	405	0.10490470379590988	0.0
agri_aa_oil__Oil_C20_1P	methwin__mCHH__cis__Zm00001d017138	3	-0.009747729215913107	0.009747729215913107	mCHH	cis	Zm00001d017138	5	186660341	186666947	+	328	0.027142249047756195	0.0
agri_aa_oil__Oil_C20_1P	methwin__mCHH__cis__Zm00001d017137	3	-0.009747557256735066	0.009747557256735066	mCHH	cis	Zm00001d017137	5	186650137	186653888	+	327	0.027142249047756195	0.0
agri_aa_oil__Oil_C20_1P	methwin__mCHH__cis__Zm00001d017136	3	-0.009746837211208776	0.009746837211208776	mCHH	cis	Zm00001d017136	5	186649141	186649984	-	326	0.027142249047756195	0.0
agri_aa_oil__Oil_C20_1P	methwin__mCHG__promoter__Zm00001d028184	3	0.009743841314694931	0.009743841314694931	mCHG	promoter	Zm00001d028184	1	25734022	25737544	+	194	0.12023238092660904	0.0
agri_aa_oil__Oil_C20_1P	methwin__mCHH__promoter__Zm00001d028038	3	-0.005452177395877794	0.007697348098746413	mCHH	promoter	Zm00001d028038	1	21187278	21200544	+	39	0.04334191232919693	0.0
agri_aa_oil__Oil_C20_1P	methwin__mCHH__cis__Zm00001d028038	3	-0.00554155288238693	0.0076046244065145095	mCHH	cis	Zm00001d028038	1	21187278	21200544	+	89	0.04334191232919693	0.0
agri_aa_oil__Oil_C20_1P	methwin__mCHG__promoter__Zm00001d020640	3	-0.0072469977383163775	0.0072469977383163775	mCHG	promoter	Zm00001d020640	7	125978833	125998277	+	448	0.10260885208845139	0.0
agri_aa_oil__Oil_C20_1P	methwin__mCHG__promoter__Zm00001d034701	2	0.07461170807195637	0.07461170807195637	mCHG	promoter	Zm00001d034701	1	300239123	300249012	+	1	0.17660492658615112	0.0
agri_aa_oil__Oil_C20_1P	methwin__mCG__gene__Zm00001d045500	2	0.06757549139085915	0.06757549139085915	mCG	gene	Zm00001d045500	9	24646435	24651266	-	278	0.14040540158748627	0.0
agri_aa_oil__Oil_C20_1P	methwin__mCHH__gene__Zm00001d021115	2	-0.061943531108579086	0.061943531108579086	mCHH	gene	Zm00001d021115	7	143002308	143011725	-	365	0.00454730773344636	0.0
agri_aa_oil__Oil_C20_1P	methwin__mCHH__cis__Zm00001d025757	2	-0.048706824899122134	0.048706824899122134	mCHH	cis	Zm00001d025757	10	128605358	128610245	+	200	0.03391072526574135	0.0
agri_aa_oil__Oil_C20_1P	methwin__mCHG__gene__Zm00001d003239	2	0.0441331112190686	0.0441331112190686	mCHG	gene	Zm00001d003239	2	37358483	37359061	+	398	0.10405577719211578	0.0
agri_aa_oil__Oil_C20_1P	methwin__mCHH__gene__Zm00001d049025	2	-0.040597979314725766	0.040597979314725766	mCHH	gene	Zm00001d049025	4	12955053	12957007	+	64	0.015095314010977745	0.0
agri_aa_oil__Oil_C20_1P	methwin__mCHG__promoter__Zm00001d006173	2	0.029434115395633384	0.029434115395633384	mCHG	promoter	Zm00001d006173	2	200528093	200529370	-	235	0.11666251718997955	0.0
agri_aa_oil__Oil_C20_1P	methwin__mCG__promoter__Zm00001d045800	2	-0.028922466431095296	0.028922466431095296	mCG	promoter	Zm00001d045800	9	39937307	39947203	+	355	0.14292804896831512	0.0
agri_aa_oil__Oil_C20_1P	methwin__mCG__promoter__Zm00001d051654	2	0.028240907017638546	0.028240907017638546	mCG	promoter	Zm00001d051654	4	165890213	165890530	+	251	0.15029986202716827	0.0
agri_aa_oil__Oil_C20_1P	methwin__mCHG__gene__Zm00001d040639	2	0.0267005561188269	0.0267005561188269	mCHG	gene	Zm00001d040639	3	55591117	55592820	+	299	0.1108563020825386	0.0
agri_aa_oil__Oil_C20_1P	methwin__mCHH__cis__Zm00001d038189	2	-0.024412353278816464	0.024412353278816464	mCHH	cis	Zm00001d038189	6	150913450	150943935	-	267	0.029980959370732307	0.0
agri_aa_oil__Oil_C20_1P	methwin__mCHH__promoter__Zm00001d009230	2	-0.02424761581029301	0.02424761581029301	mCHH	promoter	Zm00001d009230	8	45227427	45230530	+	391	0.013183820992708206	0.0
agri_aa_oil__Oil_C20_1P	methwin__mCHH__promoter__Zm00001d038189	2	-0.023432281854244487	0.023432281854244487	mCHH	promoter	Zm00001d038189	6	150913450	150943935	-	108	0.029980959370732307	0.0
agri_aa_oil__Oil_C20_1P	methwin__mCHG__gene__Zm00001d049038	2	0.02285599185983992	0.02285599185983992	mCHG	gene	Zm00001d049038	4	13492669	13522505	+	409	0.10340926796197891	0.0
agri_aa_oil__Oil_C20_1P	methwin__mCHH__gene__Zm00001d051413	2	0.021886855417029102	0.021886855417029102	mCHH	gene	Zm00001d051413	4	157575562	157576829	+	33	0.021539434790611267	0.0
agri_aa_oil__Oil_C20_1P	methwin__mCHH__promoter__Zm00001d023544	2	-0.021379864496552825	0.021379864496552825	mCHH	promoter	Zm00001d023544	10	9592423	9599740	-	271	0.017491916194558144	0.0
agri_aa_oil__Oil_C20_1P	methwin__mCG__cis__Zm00001d025312	2	0.017524275291377005	0.017524275291377005	mCG	cis	Zm00001d025312	10	113976307	113978545	+	183	0.1712704300880432	0.0
agri_aa_oil__Oil_C20_1P	methwin__mCG__promoter__Zm00001d025312	2	0.017523360310041695	0.017523360310041695	mCG	promoter	Zm00001d025312	10	113976307	113978545	+	66	0.1712704300880432	0.0
agri_aa_oil__Oil_C20_1P	methwin__mCHG__promoter__Zm00001d023327	2	-0.01715606433890236	0.01715606433890236	mCHG	promoter	Zm00001d023327	10	3460713	3479462	-	23	0.14866769313812256	0.0
agri_aa_oil__Oil_C20_1P	methwin__mCHG__cis__Zm00001d023327	2	-0.017155898063790864	0.017155898063790864	mCHG	cis	Zm00001d023327	10	3460713	3479462	-	68	0.14866769313812256	0.0
agri_aa_oil__Oil_C20_1P	methwin__mCHG__gene__Zm00001d007086	2	0.017089743046444374	0.017089743046444374	mCHG	gene	Zm00001d007086	2	221921965	221922516	+	239	0.11530300974845886	0.0
agri_aa_oil__Oil_C20_1P	methwin__mCHG__cis__Zm00001d007474	2	0.016337169854230196	0.016337169854230196	mCHG	cis	Zm00001d007474	2	232516766	232520492	-	298	0.1313115507364273	0.0
agri_aa_oil__Oil_C20_1P	methwin__mCG__gene__Zm00001d022000	2	0.015487842721938571	0.015487842721938571	mCG	gene	Zm00001d022000	7	167788870	167813313	+	136	0.15389961004257202	0.0
agri_aa_oil__Oil_C20_1P	methwin__mCHG__promoter__Zm00001d020267	2	-0.015052719528928709	0.015052719528928709	mCHG	promoter	Zm00001d020267	7	103377384	103378274	+	432	0.10353577882051468	0.0
agri_aa_oil__Oil_C20_1P	methwin__mCHG__gene__Zm00001d005374	2	-0.014711373974766318	0.014711373974766318	mCHG	gene	Zm00001d005374	2	171332454	171332684	-	287	0.1120162159204483	0.0
agri_aa_oil__Oil_C20_1P	methwin__mCHG__promoter__Zm00001d005374	2	-0.014710559858547936	0.014710559858547936	mCHG	promoter	Zm00001d005374	2	171332454	171332684	-	300	0.1120162159204483	0.0
agri_aa_oil__Oil_C20_1P	methwin__mCHH__promoter__Zm00001d014770	2	-0.0135587713772344	0.0135587713772344	mCHH	promoter	Zm00001d014770	5	62508458	62512284	-	499	0.01058262400329113	0.0
agri_aa_oil__Oil_C20_1P	methwin__mCHH__cis__Zm00001d038191	2	-0.012981355876526943	0.012981355876526943	mCHH	cis	Zm00001d038191	6	151070539	151071477	-	105	0.04132027179002762	0.0
agri_aa_oil__Oil_C20_1P	methwin__mCHH__gene__Zm00001d005742	2	-0.012760961652512249	0.012760961652512249	mCHH	gene	Zm00001d005742	2	185588363	185590379	+	93	0.012317919172346592	0.0
agri_aa_oil__Oil_C20_1P	methwin__mCG__promoter__Zm00001d053189	2	-0.011578303332431962	0.011578303332431962	mCG	promoter	Zm00001d053189	4	218977061	218981425	-	396	0.14034207165241241	0.0
agri_aa_oil__Oil_C20_1P	methwin__mCHG__cis__Zm00001d014188	2	0.009933991271954018	0.009933991271954018	mCHG	cis	Zm00001d014188	5	35584466	35633987	+	113	0.1428682804107666	0.0
agri_aa_oil__Oil_C20_1P	methwin__mCHG__gene__Zm00001d014188	2	0.00993377959179103	0.00993377959179103	mCHG	gene	Zm00001d014188	5	35584466	35633987	+	42	0.1428682804107666	0.0
agri_aa_oil__Oil_C20_1P	methwin__mCG__cis__Zm00001d036825	2	0.009713283361075256	0.009713283361075256	mCG	cis	Zm00001d036825	6	102823171	102829865	+	160	0.17363809049129486	0.0
agri_aa_oil__Oil_C20_1P	methwin__mCG__gene__Zm00001d036825	2	0.00971235647921891	0.00971235647921891	mCG	gene	Zm00001d036825	6	102823171	102829865	+	30	0.17363809049129486	0.0
agri_aa_oil__Oil_C20_1P	methwin__mCHG__promoter__Zm00001d036553	2	-0.008732251350061379	0.008732251350061379	mCHG	promoter	Zm00001d036553	6	91850658	91851481	+	374	0.10672324150800705	0.0
agri_aa_oil__Oil_C20_1P	methwin__mCHG__gene__Zm00001d036552	2	-0.008732166067042683	0.008732166067042683	mCHG	gene	Zm00001d036552	6	91845982	91849911	-	356	0.10672324150800705	0.0
agri_aa_oil__Oil_C20_1P	methwin__mCHG__promoter__Zm00001d036552	2	-0.008731564428932567	0.008731564428932567	mCHG	promoter	Zm00001d036552	6	91845982	91849911	-	373	0.10672324150800705	0.0
agri_aa_oil__Oil_C20_1P	methwin__mCHG__cis__Zm00001d042402	2	-0.008076310431102162	0.008076310431102162	mCHG	cis	Zm00001d042402	3	164920887	164923786	-	424	0.12731225788593292	0.0
agri_aa_oil__Oil_C20_1P	methwin__mCHG__promoter__Zm00001d042403	2	-0.008074233925463258	0.008074233925463258	mCHG	promoter	Zm00001d042403	3	164923755	164924027	+	116	0.12731225788593292	0.0
agri_aa_oil__Oil_C20_1P	methwin__mCHG__cis__Zm00001d042403	2	-0.008074173703074273	0.008074173703074273	mCHG	cis	Zm00001d042403	3	164923755	164924027	+	423	0.12731225788593292	0.0
agri_aa_oil__Oil_C20_1P	methwin__mCHG__gene__Zm00001d042402	2	-0.00807299788114907	0.00807299788114907	mCHG	gene	Zm00001d042402	3	164920887	164923786	-	128	0.12731225788593292	0.0
agri_aa_oil__Oil_C20_1P	methwin__mCG__cis__Zm00001d045962	2	-0.007979265321542726	0.007979265321542726	mCG	cis	Zm00001d045962	9	50243771	50262642	+	53	0.18396729230880737	0.0
agri_aa_oil__Oil_C20_1P	methwin__mCG__gene__Zm00001d045962	2	-0.007756564546744017	0.007756564546744017	mCG	gene	Zm00001d045962	9	50243771	50262642	+	9	0.18396729230880737	0.0
agri_aa_oil__Oil_C20_1P	methwin__mCHG__gene__Zm00001d028343	2	-0.004720455608843579	0.004720455608843579	mCHG	gene	Zm00001d028343	1	31343115	31344669	+	339	0.10790606588125229	0.0
agri_aa_oil__Oil_C20_1P	methwin__mCG__gene__Zm00001d034137	2	-0.0032888902083586793	0.0032888902083586793	mCG	gene	Zm00001d034137	1	284854743	284866468	+	70	0.16360031068325043	0.0
agri_aa_oil__Oil_C20_1P	methwin__mCG__cis__Zm00001d034139	2	-0.0030071683287168647	0.0030071683287168647	mCG	cis	Zm00001d034139	1	284867580	284872240	-	298	0.16360031068325043	0.0
agri_aa_oil__Oil_C20_1P	methwin__mCG__cis__Zm00001d034137	2	-0.0023825406084208964	0.0023825406084208964	mCG	cis	Zm00001d034137	1	284854743	284866468	+	299	0.16360031068325043	0.0
agri_aa_oil__Oil_C20_1P	methwin__mCHG__promoter__Zm00001d007085	2	0.002368360959365712	0.002368360959365712	mCHG	promoter	Zm00001d007085	2	221916956	221920555	-	314	0.11125171184539795	0.0
agri_aa_oil__Oil_C20_1P	methwin__mCHG__cis__Zm00001d029325	1	0.11837419308731625	0.11837419308731625	mCHG	cis	Zm00001d029325	1	65991013	65992879	-	189	0.13759176433086395	0.0
agri_aa_oil__Oil_C20_1P	methwin__mCHG__gene__Zm00001d007945	1	-0.10366726478631756	0.10366726478631756	mCHG	gene	Zm00001d007945	2	243752222	243771474	+	33	0.144996777176857	0.0
agri_aa_oil__Oil_C20_1P	methwin__mCHG__gene__Zm00001d012029	1	-0.09794746839174252	0.09794746839174252	mCHG	gene	Zm00001d012029	8	166757788	166769178	-	450	0.10157366842031479	0.0
agri_aa_oil__Oil_C20_1P	methwin__mCHH__gene__Zm00001d032106	1	-0.09024540991871206	0.09024540991871206	mCHH	gene	Zm00001d032106	1	213138788	213140938	-	372	0.00446008937433362	0.0
agri_aa_oil__Oil_C20_1P	methwin__mCHG__promoter__Zm00001d054105	1	-0.08776532036969564	0.08776532036969564	mCHG	promoter	Zm00001d054105	4	246607951	246614423	-	400	0.10514326393604279	0.0
agri_aa_oil__Oil_C20_1P	methwin__mCHG__promoter__Zm00001d003894	1	-0.08668642800814834	0.08668642800814834	mCHG	promoter	Zm00001d003894	2	65545285	65551844	+	486	0.10058287531137466	0.0
agri_aa_oil__Oil_C20_1P	methwin__mCHH__cis__Zm00001d008543	1	-0.07825286199035711	0.07825286199035711	mCHH	cis	Zm00001d008543	8	12496738	12498216	-	305	0.027813538908958435	0.0
agri_aa_oil__Oil_C20_1P	methwin__mCG__promoter__Zm00001d034166	1	-0.07799748886778259	0.07799748886778259	mCG	promoter	Zm00001d034166	1	285629981	285647284	+	481	0.13411350548267365	0.0
agri_aa_oil__Oil_C20_1P	methwin__mCHH__cis__Zm00001d003088	1	0.06703152721945713	0.06703152721945713	mCHH	cis	Zm00001d003088	2	31840048	31841648	+	52	0.04977414011955261	0.0
agri_aa_oil__Oil_C20_1P	methwin__mCG__promoter__Zm00001d050472	1	0.06569038474070203	0.06569038474070203	mCG	promoter	Zm00001d050472	4	91160933	91162727	-	489	0.13311856985092163	0.0
agri_aa_oil__Oil_C20_1P	methwin__mCHH__cis__Zm00001d015907	1	-0.06478131863977052	0.06478131863977052	mCHH	cis	Zm00001d015907	5	130258775	130259760	+	436	0.02374422363936901	0.0
agri_aa_oil__Oil_C20_1P	methwin__mCHG__gene__Zm00001d025683	1	0.06132701921332562	0.06132701921332562	mCHG	gene	Zm00001d025683	10	126173574	126174168	-	252	0.11426044255495071	0.0
agri_aa_oil__Oil_C20_1P	methwin__mCHH__cis__Zm00001d003089	1	0.06111833617919728	0.06111833617919728	mCHH	cis	Zm00001d003089	2	31848132	31854253	+	53	0.04977414011955261	0.0
agri_aa_oil__Oil_C20_1P	methwin__mCHG__cis__Zm00001d045503	1	-0.058733123919196065	0.058733123919196065	mCHG	cis	Zm00001d045503	9	24756980	24761831	-	92	0.14528515934944153	0.0
agri_aa_oil__Oil_C20_1P	methwin__mCHG__gene__Zm00001d006162	1	-0.054789939255089445	0.054789939255089445	mCHG	gene	Zm00001d006162	2	200196709	200220177	+	499	0.09879492223262787	0.0
agri_aa_oil__Oil_C20_1P	methwin__mCHH__gene__Zm00001d010618	1	-0.05424088133301815	0.05424088133301815	mCHH	gene	Zm00001d010618	8	122041622	122047006	-	25	0.02351216971874237	0.0
agri_aa_oil__Oil_C20_1P	methwin__mCG__promoter__Zm00001d036216	1	-0.051728508044604674	0.051728508044604674	mCG	promoter	Zm00001d036216	6	77518951	77521071	+	211	0.1539771854877472	0.0
agri_aa_oil__Oil_C20_1P	methwin__mCHH__promoter__Zm00001d010619	1	-0.04950828486608127	0.04950828486608127	mCHH	promoter	Zm00001d010619	8	122046356	122048785	+	181	0.02351216971874237	0.0
agri_aa_oil__Oil_C20_1P	methwin__mCHH__gene__Zm00001d034929	1	-0.04917011175722527	0.04917011175722527	mCHH	gene	Zm00001d034929	1	305907516	305922174	+	312	0.005277605727314949	0.0
agri_aa_oil__Oil_C20_1P	methwin__mCHH__gene__Zm00001d018009	1	0.048586122028439975	0.048586122028439975	mCHH	gene	Zm00001d018009	5	211938923	211947803	-	27	0.022759689018130302	0.0
agri_aa_oil__Oil_C20_1P	methwin__mCHH__gene__Zm00001d016506	1	-0.048299566242233034	0.048299566242233034	mCHH	gene	Zm00001d016506	5	165302124	165316460	-	215	0.006966035813093185	0.0
agri_aa_oil__Oil_C20_1P	methwin__mCHG__gene__Zm00001d044668	1	0.04776149939046178	0.04776149939046178	mCHG	gene	Zm00001d044668	3	234434422	234439340	+	491	0.09913165867328644	0.0
agri_aa_oil__Oil_C20_1P	methwin__mCHG__promoter__Zm00001d053189	1	-0.04760442357889386	0.04760442357889386	mCHG	promoter	Zm00001d053189	4	218977061	218981425	-	398	0.10524089634418488	0.0
agri_aa_oil__Oil_C20_1P	methwin__mCHG__gene__Zm00001d052318	1	0.04700832864460388	0.04700832864460388	mCHG	gene	Zm00001d052318	4	187010485	187013768	+	479	0.10007571429014206	0.0
agri_aa_oil__Oil_C20_1P	methwin__mCG__gene__Zm00001d017937	1	-0.04428332078622193	0.04428332078622193	mCG	gene	Zm00001d017937	5	210385310	210401948	-	368	0.13274607062339783	0.0
agri_aa_oil__Oil_C20_1P	methwin__mCG__cis__Zm00001d038923	1	-0.04131668580952732	0.04131668580952732	mCG	cis	Zm00001d038923	6	167106090	167108422	+	157	0.17383064329624176	0.0
agri_aa_oil__Oil_C20_1P	methwin__mCG__cis__Zm00001d038924	1	-0.041315179217163454	0.041315179217163454	mCG	cis	Zm00001d038924	6	167109322	167110362	+	156	0.17383064329624176	0.0
agri_aa_oil__Oil_C20_1P	methwin__mCHH__gene__Zm00001d002793	1	0.03997938259214332	0.03997938259214332	mCHH	gene	Zm00001d002793	2	22802030	22802463	-	207	0.0072486563585698605	0.0
agri_aa_oil__Oil_C20_1P	methwin__mCHH__gene__Zm00001d021142	1	0.03949707293860922	0.03949707293860922	mCHH	gene	Zm00001d021142	7	143938849	143949787	+	155	0.008623387664556503	0.0
agri_aa_oil__Oil_C20_1P	methwin__mCHG__gene__Zm00001d051615	1	-0.03699745643973416	0.03699745643973416	mCHG	gene	Zm00001d051615	4	164594515	164602165	-	473	0.10053355246782303	0.0
agri_aa_oil__Oil_C20_1P	methwin__mCHG__gene__Zm00001d014017	1	0.036964398879406946	0.036964398879406946	mCHG	gene	Zm00001d014017	5	28892601	28900562	-	285	0.11208973824977875	0.0
agri_aa_oil__Oil_C20_1P	methwin__mCG__gene__Zm00001d025877	1	0.03579529162845727	0.03579529162845727	mCG	gene	Zm00001d025877	10	132437730	132438584	-	494	0.12353526800870895	0.0
agri_aa_oil__Oil_C20_1P	methwin__mCHH__gene__Zm00001d009167	1	-0.035735948962457575	0.035735948962457575	mCHH	gene	Zm00001d009167	8	40630094	40633047	+	288	0.005581408739089966	0.0
agri_aa_oil__Oil_C20_1P	methwin__mCHH__promoter__Zm00001d038820	1	-0.033279859194595716	0.033279859194595716	mCHH	promoter	Zm00001d038820	6	165215562	165222835	+	486	0.010885079391300678	0.0
agri_aa_oil__Oil_C20_1P	methwin__mCG__gene__Zm00001d042485	1	-0.03233068199005991	0.03233068199005991	mCG	gene	Zm00001d042485	3	169167019	169170703	-	325	0.13603192567825317	0.0
agri_aa_oil__Oil_C20_1P	methwin__mCHG__gene__Zm00001d015789	1	0.03200475887151834	0.03200475887151834	mCHG	gene	Zm00001d015789	5	119747395	119786599	+	485	0.09972600638866425	0.0
agri_aa_oil__Oil_C20_1P	methwin__mCHH__cis__Zm00001d011876	1	0.031616784045010914	0.031616784045010914	mCHH	cis	Zm00001d011876	8	163614240	163618286	+	351	0.0262357946485281	0.0
agri_aa_oil__Oil_C20_1P	methwin__mCG__cis__Zm00001d030236	1	-0.030632920581877932	0.030632920581877932	mCG	cis	Zm00001d030236	1	115306970	115307682	+	261	0.1660434901714325	0.0
agri_aa_oil__Oil_C20_1P	methwin__mCHG__gene__Zm00001d045962	1	-0.03049779612408564	0.03049779612408564	mCHG	gene	Zm00001d045962	9	50243771	50262642	+	430	0.1025424674153328	0.0
agri_aa_oil__Oil_C20_1P	methwin__mCHH__cis__Zm00001d004877	1	0.030479800976009434	0.030479800976009434	mCHH	cis	Zm00001d004877	2	145962314	145989846	-	385	0.02516130730509758	0.0
agri_aa_oil__Oil_C20_1P	methwin__mCHH__gene__Zm00001d004877	1	0.0304792543440272	0.0304792543440272	mCHH	gene	Zm00001d004877	2	145962314	145989846	-	22	0.02516130730509758	0.0
agri_aa_oil__Oil_C20_1P	methwin__mCHH__promoter__Zm00001d025952	1	-0.02990705398410682	0.02990705398410682	mCHH	promoter	Zm00001d025952	10	134584596	134585561	+	364	0.013840599916875362	0.0
agri_aa_oil__Oil_C20_1P	methwin__mCHH__gene__Zm00001d029852	1	-0.029714953504249565	0.029714953504249565	mCHH	gene	Zm00001d029852	1	90292761	90297408	+	196	0.007477157283574343	0.0
agri_aa_oil__Oil_C20_1P	methwin__mCHG__cis__Zm00001d017706	1	0.029696600108097077	0.029696600108097077	mCHG	cis	Zm00001d017706	5	204700264	204702470	-	309	0.13106615841388702	0.0
agri_aa_oil__Oil_C20_1P	methwin__mCHG__promoter__Zm00001d017706	1	0.029695123054198334	0.029695123054198334	mCHG	promoter	Zm00001d017706	5	204700264	204702470	-	92	0.13106615841388702	0.0
agri_aa_oil__Oil_C20_1P	methwin__mCHG__cis__Zm00001d035787	1	-0.029471605894087496	0.029471605894087496	mCHG	cis	Zm00001d035787	6	48971439	48972583	+	294	0.13143502175807953	0.0
agri_aa_oil__Oil_C20_1P	methwin__mCHH__gene__Zm00001d011876	1	0.028800873429531016	0.028800873429531016	mCHH	gene	Zm00001d011876	8	163614240	163618286	+	20	0.0262357946485281	0.0
agri_aa_oil__Oil_C20_1P	methwin__mCHH__gene__Zm00001d010679	1	-0.028484639342724622	0.028484639342724622	mCHH	gene	Zm00001d010679	8	124099236	124101535	+	309	0.005286073312163353	0.0
agri_aa_oil__Oil_C20_1P	methwin__mCHH__promoter__Zm00001d053634	1	0.028445596466824537	0.028445596466824537	mCHH	promoter	Zm00001d053634	4	237749322	237752017	-	444	0.011714807711541653	0.0
agri_aa_oil__Oil_C20_1P	methwin__mCG__promoter__Zm00001d038463	1	0.028072601798639546	0.028072601798639546	mCG	promoter	Zm00001d038463	6	157760437	157795769	+	223	0.15249495208263397	0.0
agri_aa_oil__Oil_C20_1P	methwin__mCHH__gene__Zm00001d047170	1	-0.027620908553759073	0.027620908553759073	mCHH	gene	Zm00001d047170	9	120882486	120886311	+	195	0.007498298306018114	0.0
agri_aa_oil__Oil_C20_1P	methwin__mCHH__cis__Zm00001d002691	1	-0.027618836400664388	0.027618836400664388	mCHH	cis	Zm00001d002691	2	19358715	19364357	-	147	0.03657000884413719	0.0
agri_aa_oil__Oil_C20_1P	methwin__mCHG__gene__Zm00001d031253	1	-0.027347495873956938	0.027347495873956938	mCHG	gene	Zm00001d031253	1	183880314	183892062	-	200	0.11839067190885544	0.0
agri_aa_oil__Oil_C20_1P	methwin__mCHG__promoter__Zm00001d051654	1	0.026861914340643275	0.026861914340643275	mCHG	promoter	Zm00001d051654	4	165890213	165890530	+	339	0.10901504755020142	0.0
agri_aa_oil__Oil_C20_1P	methwin__mCHG__cis__Zm00001d016581	1	-0.02671738386090001	0.02671738386090001	mCHG	cis	Zm00001d016581	5	168223687	168255407	+	176	0.1380237340927124	0.0
agri_aa_oil__Oil_C20_1P	methwin__mCHG__promoter__Zm00001d016581	1	-0.026717202385060354	0.026717202385060354	mCHG	promoter	Zm00001d016581	5	168223687	168255407	+	50	0.1380237340927124	0.0
agri_aa_oil__Oil_C20_1P	methwin__mCHG__promoter__Zm00001d049765	1	-0.026449550897173598	0.026449550897173598	mCHG	promoter	Zm00001d049765	4	43843113	43845756	+	213	0.11867623776197433	0.0
agri_aa_oil__Oil_C20_1P	methwin__mCHG__gene__Zm00001d014132	1	-0.02615576191238264	0.02615576191238264	mCHG	gene	Zm00001d014132	5	33578544	33584855	+	248	0.11469757556915283	0.0
agri_aa_oil__Oil_C20_1P	methwin__mCG__gene__Zm00001d046432	1	-0.02597720842556588	0.02597720842556588	mCG	gene	Zm00001d046432	9	89572426	89572791	-	435	0.1273062825202942	0.0
agri_aa_oil__Oil_C20_1P	methwin__mCG__gene__Zm00001d011868	1	-0.0257782049599222	0.0257782049599222	mCG	gene	Zm00001d011868	8	163308269	163314465	+	312	0.1377592831850052	0.0
agri_aa_oil__Oil_C20_1P	methwin__mCG__promoter__Zm00001d052230	1	0.025735247654734218	0.025735247654734218	mCG	promoter	Zm00001d052230	4	184114356	184118862	+	446	0.13628001511096954	0.0
agri_aa_oil__Oil_C20_1P	methwin__mCHH__gene__Zm00001d005121	1	-0.025381190096317716	0.025381190096317716	mCHH	gene	Zm00001d005121	2	159304300	159307785	+	182	0.0077835735864937305	0.0
agri_aa_oil__Oil_C20_1P	methwin__mCG__promoter__Zm00001d025618	1	-0.025114146818090755	0.025114146818090755	mCG	promoter	Zm00001d025618	10	124150806	124152123	+	42	0.17694225907325745	0.0
agri_aa_oil__Oil_C20_1P	methwin__mCHH__cis__Zm00001d011892	1	-0.02504289122920385	0.02504289122920385	mCHH	cis	Zm00001d011892	8	164115327	164117277	+	9	0.07217215746641159	0.0
agri_aa_oil__Oil_C20_1P	methwin__mCHH__gene__Zm00001d011891	1	-0.025042168419302752	0.025042168419302752	mCHH	gene	Zm00001d011891	8	164106171	164115399	-	1	0.07217215746641159	0.0
agri_aa_oil__Oil_C20_1P	methwin__mCHH__cis__Zm00001d011891	1	-0.025040810296829898	0.025040810296829898	mCHH	cis	Zm00001d011891	8	164106171	164115399	-	8	0.07217215746641159	0.0
agri_aa_oil__Oil_C20_1P	methwin__mCG__gene__Zm00001d014017	1	0.024474549326974335	0.024474549326974335	mCG	gene	Zm00001d014017	5	28892601	28900562	-	209	0.14679120481014252	0.0
agri_aa_oil__Oil_C20_1P	methwin__mCHG__gene__Zm00001d049765	1	-0.02405146590966998	0.02405146590966998	mCHG	gene	Zm00001d049765	4	43843113	43845756	+	197	0.11867623776197433	0.0
agri_aa_oil__Oil_C20_1P	methwin__mCHH__gene__Zm00001d009385	1	-0.023597425199027057	0.023597425199027057	mCHH	gene	Zm00001d009385	8	61599657	61604192	+	35	0.020862288773059845	0.0
agri_aa_oil__Oil_C20_1P	methwin__mCG__promoter__Zm00001d036552	1	-0.022586306510212168	0.022586306510212168	mCG	promoter	Zm00001d036552	6	91845982	91849911	-	386	0.14083944261074066	0.0
agri_aa_oil__Oil_C20_1P	methwin__mCG__gene__Zm00001d036552	1	-0.02258590105978402	0.02258590105978402	mCG	gene	Zm00001d036552	6	91845982	91849911	-	274	0.14083944261074066	0.0
agri_aa_oil__Oil_C20_1P	methwin__mCG__promoter__Zm00001d036553	1	-0.02258379874749087	0.02258379874749087	mCG	promoter	Zm00001d036553	6	91850658	91851481	+	387	0.14083944261074066	0.0
agri_aa_oil__Oil_C20_1P	methwin__mCHH__gene__Zm00001d041746	1	0.02148947373533923	0.02148947373533923	mCHH	gene	Zm00001d041746	3	135772967	135790864	+	159	0.008475893177092075	0.0
agri_aa_oil__Oil_C20_1P	methwin__mCG__cis__Zm00001d006759	1	-0.02131877371952988	0.02131877371952988	mCG	cis	Zm00001d006759	2	216115940	216121521	-	242	0.16716331243515015	0.0
agri_aa_oil__Oil_C20_1P	methwin__mCG__gene__Zm00001d027569	1	0.020869755913525155	0.020869755913525155	mCG	gene	Zm00001d027569	1	8246625	8247566	+	66	0.164408877491951	0.0
agri_aa_oil__Oil_C20_1P	methwin__mCHG__gene__Zm00001d011598	1	0.020590080781087147	0.020590080781087147	mCHG	gene	Zm00001d011598	8	155464778	155473339	-	274	0.11274062097072601	0.0
agri_aa_oil__Oil_C20_1P	methwin__mCHH__gene__Zm00001d008304	1	-0.020399404737893066	0.020399404737893066	mCHH	gene	Zm00001d008304	8	4693297	4696140	+	282	0.0056239645928144455	0.0
agri_aa_oil__Oil_C20_1P	methwin__mCHH__cis__Zm00001d036343	1	0.020306583711234068	0.020306583711234068	mCHH	cis	Zm00001d036343	6	85011739	85018649	+	378	0.025475889444351196	0.0
agri_aa_oil__Oil_C20_1P	methwin__mCHH__gene__Zm00001d012485	1	0.020285512211997266	0.020285512211997266	mCHH	gene	Zm00001d012485	8	175357855	175362943	+	14	0.030414804816246033	0.0
agri_aa_oil__Oil_C20_1P	methwin__mCHH__cis__Zm00001d012486	1	0.020285434871167636	0.020285434871167636	mCHH	cis	Zm00001d012486	8	175364810	175370570	+	256	0.030414804816246033	0.0
agri_aa_oil__Oil_C20_1P	methwin__mCHH__cis__Zm00001d012484	1	0.020285356210655296	0.020285356210655296	mCHH	cis	Zm00001d012484	8	175353033	175354813	-	257	0.030414804816246033	0.0
agri_aa_oil__Oil_C20_1P	methwin__mCHH__cis__Zm00001d012485	1	0.02028530150037958	0.02028530150037958	mCHH	cis	Zm00001d012485	8	175357855	175362943	+	258	0.030414804816246033	0.0
agri_aa_oil__Oil_C20_1P	methwin__mCHG__cis__Zm00001d009513	1	-0.019328477475587934	0.019328477475587934	mCHG	cis	Zm00001d009513	8	68444741	68451485	-	218	0.13562646508216858	0.0
agri_aa_oil__Oil_C20_1P	methwin__mCHG__cis__Zm00001d009512	1	-0.019326998341491538	0.019326998341491538	mCHG	cis	Zm00001d009512	8	68438316	68444733	-	217	0.13562646508216858	0.0
agri_aa_oil__Oil_C20_1P	methwin__mCG__promoter__Zm00001d021812	1	0.018320547109398316	0.018320547109398316	mCG	promoter	Zm00001d021812	7	163523848	163526875	-	117	0.16317076981067657	0.0
agri_aa_oil__Oil_C20_1P	methwin__mCHG__gene__Zm00001d023321	1	-0.018254941288647124	0.018254941288647124	mCHG	gene	Zm00001d023321	10	3232065	3239970	-	254	0.11411745101213455	0.0
agri_aa_oil__Oil_C20_1P	methwin__mCHG__gene__Zm00001d039327	1	0.017800749147885	0.017800749147885	mCHG	gene	Zm00001d039327	3	1953626	1957132	-	490	0.09923573583364487	0.0
agri_aa_oil__Oil_C20_1P	methwin__mCHH__cis__Zm00001d039179	1	-0.01654942132875444	0.01654942132875444	mCHH	cis	Zm00001d039179	6	171880132	171881868	-	26	0.06174381449818611	0.0
agri_aa_oil__Oil_C20_1P	methwin__mCHH__cis__Zm00001d039180	1	-0.01654913126295648	0.01654913126295648	mCHH	cis	Zm00001d039180	6	171890678	171895329	-	25	0.06174381449818611	0.0
agri_aa_oil__Oil_C20_1P	methwin__mCHH__promoter__Zm00001d039179	1	-0.01654827568084514	0.01654827568084514	mCHH	promoter	Zm00001d039179	6	171880132	171881868	-	12	0.06174381449818611	0.0
agri_aa_oil__Oil_C20_1P	methwin__mCG__cis__Zm00001d052791	1	-0.016221335431852973	0.016221335431852973	mCG	cis	Zm00001d052791	4	201054861	201057784	+	440	0.15810340642929077	0.0
agri_aa_oil__Oil_C20_1P	methwin__mCHH__promoter__Zm00001d017925	1	-0.0161157425204441	0.0161157425204441	mCHH	promoter	Zm00001d017925	5	210190144	210195309	+	298	0.016238966956734657	0.0
agri_aa_oil__Oil_C20_1P	methwin__mCHH__promoter__Zm00001d033237	1	0.0156495117285509	0.0156495117285509	mCHH	promoter	Zm00001d033237	1	255361226	255391452	-	385	0.01337731909006834	0.0
agri_aa_oil__Oil_C20_1P	methwin__mCG__cis__Zm00001d049173	1	-0.015477118762756611	0.015477118762756611	mCG	cis	Zm00001d049173	4	19025176	19028095	-	432	0.15840522944927216	0.0
agri_aa_oil__Oil_C20_1P	methwin__mCHH__cis__Zm00001d017459	1	-0.015462825337060216	0.015462825337060216	mCHH	cis	Zm00001d017459	5	196472362	196475461	+	243	0.03126118704676628	0.0
agri_aa_oil__Oil_C20_1P	methwin__mCHH__cis__Zm00001d017460	1	-0.015462500055934253	0.015462500055934253	mCHH	cis	Zm00001d017460	5	196476868	196485851	+	242	0.03126118704676628	0.0
agri_aa_oil__Oil_C20_1P	methwin__mCHG__promoter__Zm00001d036216	1	-0.014870668671716275	0.014870668671716275	mCHG	promoter	Zm00001d036216	6	77518951	77521071	+	462	0.10193254053592682	0.0
agri_aa_oil__Oil_C20_1P	methwin__mCG__cis__Zm00001d044142	1	0.014812560741953126	0.014812560741953126	mCG	cis	Zm00001d044142	3	220335813	220336259	+	395	0.1595831662416458	0.0
agri_aa_oil__Oil_C20_1P	methwin__mCG__cis__Zm00001d044143	1	0.014812197090512973	0.014812197090512973	mCG	cis	Zm00001d044143	3	220337194	220344160	-	396	0.1595831662416458	0.0
agri_aa_oil__Oil_C20_1P	methwin__mCG__promoter__Zm00001d044142	1	0.014811303963443653	0.014811303963443653	mCG	promoter	Zm00001d044142	3	220335813	220336259	+	149	0.1595831662416458	0.0
agri_aa_oil__Oil_C20_1P	methwin__mCHH__gene__Zm00001d009386	1	0.01478095027212542	0.01478095027212542	mCHH	gene	Zm00001d009386	8	61623590	61624351	+	189	0.007704361341893673	0.0
agri_aa_oil__Oil_C20_1P	methwin__mCHG__cis__Zm00001d040984	1	0.014564819432905328	0.014564819432905328	mCHG	cis	Zm00001d040984	3	88118750	88119678	+	166	0.13826289772987366	0.0
agri_aa_oil__Oil_C20_1P	methwin__mCHH__gene__Zm00001d014867	1	-0.014334261555014187	0.014334261555014187	mCHH	gene	Zm00001d014867	5	66241452	66267159	-	105	0.011098460294306278	0.0
agri_aa_oil__Oil_C20_1P	methwin__mCG__cis__Zm00001d005077	1	-0.01428704435946185	0.01428704435946185	mCG	cis	Zm00001d005077	2	157581551	157582657	+	270	0.16492173075675964	0.0
agri_aa_oil__Oil_C20_1P	methwin__mCG__gene__Zm00001d005077	1	-0.014286296728817618	0.014286296728817618	mCG	gene	Zm00001d005077	2	157581551	157582657	+	63	0.16492173075675964	0.0
agri_aa_oil__Oil_C20_1P	methwin__mCHH__cis__Zm00001d008859	1	0.013604127309866248	0.013604127309866248	mCHH	cis	Zm00001d008859	8	22870098	22873800	-	499	0.022259419783949852	0.0
agri_aa_oil__Oil_C20_1P	methwin__mCHH__promoter__Zm00001d003107	1	-0.013580638176767475	0.013580638176767475	mCHH	promoter	Zm00001d003107	2	32462211	32463192	+	370	0.013608529232442379	0.0
agri_aa_oil__Oil_C20_1P	methwin__mCHH__gene__Zm00001d009148	1	0.013305970124529214	0.013305970124529214	mCHH	gene	Zm00001d009148	8	39615377	39627678	-	404	0.003915713168680668	0.0
agri_aa_oil__Oil_C20_1P	methwin__mCHH__cis__Zm00001d008858	1	0.012412303861006538	0.012412303861006538	mCHH	cis	Zm00001d008858	8	22865173	22869630	+	498	0.022259419783949852	0.0
agri_aa_oil__Oil_C20_1P	methwin__mCG__promoter__Zm00001d037768	1	-0.01238416173481575	0.01238416173481575	mCG	promoter	Zm00001d037768	6	136796927	136798665	-	300	0.14650744199752808	0.0
agri_aa_oil__Oil_C20_1P	methwin__mCHG__gene__Zm00001d023732	1	0.012160512534612736	0.012160512534612736	mCHG	gene	Zm00001d023732	10	17744759	17761320	+	335	0.10819672793149948	0.0
agri_aa_oil__Oil_C20_1P	methwin__mCHG__promoter__Zm00001d024373	1	-0.012083360725368978	0.012083360725368978	mCHG	promoter	Zm00001d024373	10	67656528	67659072	+	367	0.10699988901615143	0.0
agri_aa_oil__Oil_C20_1P	methwin__mCHG__gene__Zm00001d036229	1	-0.011884391374879266	0.011884391374879266	mCHG	gene	Zm00001d036229	6	78015273	78015737	+	24	0.14781083166599274	0.0
agri_aa_oil__Oil_C20_1P	methwin__mCHG__promoter__Zm00001d036229	1	-0.011883565542676116	0.011883565542676116	mCHG	promoter	Zm00001d036229	6	78015273	78015737	+	26	0.14781083166599274	0.0
agri_aa_oil__Oil_C20_1P	methwin__mCHG__cis__Zm00001d036229	1	-0.01188303237718511	0.01188303237718511	mCHG	cis	Zm00001d036229	6	78015273	78015737	+	75	0.14781083166599274	0.0
agri_aa_oil__Oil_C20_1P	methwin__mCG__cis__Zm00001d005795	1	-0.01176625286325312	0.01176625286325312	mCG	cis	Zm00001d005795	2	188910705	188919424	-	73	0.1806531399488449	0.0
agri_aa_oil__Oil_C20_1P	methwin__mCG__gene__Zm00001d011598	1	0.011711539968486078	0.011711539968486078	mCG	gene	Zm00001d011598	8	155464778	155473339	-	207	0.14687290787696838	0.0
agri_aa_oil__Oil_C20_1P	methwin__mCHG__gene__Zm00001d019858	1	-0.011543370568087715	0.011543370568087715	mCHG	gene	Zm00001d019858	7	70648008	70648850	+	167	0.12190866470336914	0.0
agri_aa_oil__Oil_C20_1P	methwin__mCHG__promoter__Zm00001d019857	1	-0.011542493497288368	0.011542493497288368	mCHG	promoter	Zm00001d019857	7	70645589	70647916	-	167	0.12190866470336914	0.0
agri_aa_oil__Oil_C20_1P	methwin__mCG__cis__Zm00001d006172	1	0.011205752923915952	0.011205752923915952	mCG	cis	Zm00001d006172	2	200515460	200522859	-	312	0.16296428442001343	0.0
agri_aa_oil__Oil_C20_1P	methwin__mCG__cis__Zm00001d006173	1	0.011205241797933321	0.011205241797933321	mCG	cis	Zm00001d006173	2	200528093	200529370	-	311	0.16296428442001343	0.0
agri_aa_oil__Oil_C20_1P	methwin__mCG__promoter__Zm00001d006173	1	0.011203041908152774	0.011203041908152774	mCG	promoter	Zm00001d006173	2	200528093	200529370	-	119	0.16296428442001343	0.0
agri_aa_oil__Oil_C20_1P	methwin__mCG__promoter__Zm00001d052520	1	-0.011193760395487248	0.011193760395487248	mCG	promoter	Zm00001d052520	4	191984692	191985651	+	496	0.13215361535549164	0.0
agri_aa_oil__Oil_C20_1P	methwin__mCG__gene__Zm00001d042166	1	0.011136142866645549	0.011136142866645549	mCG	gene	Zm00001d042166	3	154391249	154402436	-	407	0.12995053827762604	0.0
agri_aa_oil__Oil_C20_1P	methwin__mCG__gene__Zm00001d038456	1	-0.010712685620264015	0.010712685620264015	mCG	gene	Zm00001d038456	6	157648981	157650905	+	88	0.16100943088531494	0.0
agri_aa_oil__Oil_C20_1P	methwin__mCG__gene__Zm00001d005795	1	-0.01070703206919732	0.01070703206919732	mCG	gene	Zm00001d005795	2	188910705	188919424	-	11	0.1806531399488449	0.0
agri_aa_oil__Oil_C20_1P	methwin__mCHG__cis__Zm00001d025050	1	0.010698180848343066	0.010698180848343066	mCHG	cis	Zm00001d025050	10	101678128	101682933	-	25	0.15639975666999817	0.0
agri_aa_oil__Oil_C20_1P	methwin__mCHG__promoter__Zm00001d025050	1	0.010695070706781128	0.010695070706781128	mCHG	promoter	Zm00001d025050	10	101678128	101682933	-	11	0.15639975666999817	0.0
agri_aa_oil__Oil_C20_1P	methwin__mCHG__cis__Zm00001d024918	1	-0.010673578579232202	0.010673578579232202	mCHG	cis	Zm00001d024918	10	94913396	94916114	+	283	0.1319819837808609	0.0
agri_aa_oil__Oil_C20_1P	methwin__mCHH__cis__Zm00001d036564	1	-0.010525612250366065	0.010525612250366065	mCHH	cis	Zm00001d036564	6	92506962	92508996	-	85	0.04469054192304611	0.0
agri_aa_oil__Oil_C20_1P	methwin__mCHH__promoter__Zm00001d036564	1	-0.010524590485645018	0.010524590485645018	mCHH	promoter	Zm00001d036564	6	92506962	92508996	-	38	0.04469054192304611	0.0
agri_aa_oil__Oil_C20_1P	methwin__mCHG__promoter__Zm00001d024224	1	-0.01020059447940098	0.01020059447940098	mCHG	promoter	Zm00001d024224	10	58144857	58147909	+	285	0.11322934180498123	0.0
agri_aa_oil__Oil_C20_1P	methwin__mCHG__gene__Zm00001d024223	1	-0.010199965473776386	0.010199965473776386	mCHG	gene	Zm00001d024223	10	58143098	58144926	-	269	0.11322934180498123	0.0
agri_aa_oil__Oil_C20_1P	methwin__mCHH__cis__Zm00001d039022	1	-0.009386632370019622	0.009386632370019622	mCHH	cis	Zm00001d039022	6	168834757	168838473	-	214	0.03317497670650482	0.0
agri_aa_oil__Oil_C20_1P	methwin__mCHH__cis__Zm00001d039020	1	-0.009385700481254146	0.009385700481254146	mCHH	cis	Zm00001d039020	6	168822275	168828891	+	211	0.03317497670650482	0.0
agri_aa_oil__Oil_C20_1P	methwin__mCHH__promoter__Zm00001d039021	1	-0.009384803326363565	0.009384803326363565	mCHH	promoter	Zm00001d039021	6	168832409	168834314	+	86	0.03317497670650482	0.0
agri_aa_oil__Oil_C20_1P	methwin__mCHH__cis__Zm00001d039019	1	-0.009384251317806692	0.009384251317806692	mCHH	cis	Zm00001d039019	6	168819645	168820517	-	213	0.03317497670650482	0.0
agri_aa_oil__Oil_C20_1P	methwin__mCHH__cis__Zm00001d039021	1	-0.009384245207311868	0.009384245207311868	mCHH	cis	Zm00001d039021	6	168832409	168834314	+	212	0.03317497670650482	0.0
agri_aa_oil__Oil_C20_1P	methwin__mCG__cis__Zm00001d006386	1	0.008969388559652772	0.008969388559652772	mCG	cis	Zm00001d006386	2	206340126	206342990	+	66	0.18189647793769836	0.0
agri_aa_oil__Oil_C20_1P	methwin__mCG__promoter__Zm00001d006384	1	0.008968598818050568	0.008968598818050568	mCG	promoter	Zm00001d006384	2	206326049	206332270	-	26	0.18189647793769836	0.0
agri_aa_oil__Oil_C20_1P	methwin__mCG__cis__Zm00001d006384	1	0.008968429806200594	0.008968429806200594	mCG	cis	Zm00001d006384	2	206326049	206332270	-	65	0.18189647793769836	0.0
agri_aa_oil__Oil_C20_1P	methwin__mCHH__promoter__Zm00001d026211	1	-0.00862393889191254	0.00862393889191254	mCHH	promoter	Zm00001d026211	10	140995440	141000793	-	296	0.016277814283967018	0.0
agri_aa_oil__Oil_C20_1P	methwin__mCHG__cis__Zm00001d029658	1	-0.008406097583854659	0.008406097583854659	mCHG	cis	Zm00001d029658	1	81677345	81678423	-	2	0.17534185945987701	0.0
agri_aa_oil__Oil_C20_1P	methwin__mCHG__cis__Zm00001d029656	1	-0.008405344390360477	0.008405344390360477	mCHG	cis	Zm00001d029656	1	81672414	81676391	-	1	0.17534185945987701	0.0
agri_aa_oil__Oil_C20_1P	methwin__mCHG__cis__Zm00001d029659	1	-0.00840379147925098	0.00840379147925098	mCHG	cis	Zm00001d029659	1	81679220	81679765	-	3	0.17534185945987701	0.0
agri_aa_oil__Oil_C20_1P	methwin__mCG__gene__Zm00001d051733	1	-0.008306650546775533	0.008306650546775533	mCG	gene	Zm00001d051733	4	168461546	168477601	+	239	0.14402073621749878	0.0
agri_aa_oil__Oil_C20_1P	methwin__mCHG__gene__Zm00001d023329	1	-0.00798365686560183	0.00798365686560183	mCHG	gene	Zm00001d023329	10	3504673	3508509	-	349	0.10717520117759705	0.0
agri_aa_oil__Oil_C20_1P	methwin__mCG__gene__Zm00001d016054	1	0.007661967002254709	0.007661967002254709	mCG	gene	Zm00001d016054	5	141752732	141753952	-	351	0.13405576348304749	0.0
agri_aa_oil__Oil_C20_1P	methwin__mCG__cis__Zm00001d007474	1	0.007526913033122967	0.007526913033122967	mCG	cis	Zm00001d007474	2	232516766	232520492	-	74	0.18060164153575897	0.0
agri_aa_oil__Oil_C20_1P	methwin__mCHG__promoter__Zm00001d043804	1	0.007313868899695817	0.007313868899695817	mCHG	promoter	Zm00001d043804	3	210576077	210578478	+	431	0.10356792062520981	0.0
agri_aa_oil__Oil_C20_1P	methwin__mCHH__promoter__Zm00001d053182	1	-0.00714170202696824	0.00714170202696824	mCHH	promoter	Zm00001d053182	4	218560577	218598417	+	428	0.012123370543122292	0.0
agri_aa_oil__Oil_C20_1P	methwin__mCHH__promoter__Zm00001d050905	1	-0.006625461970809996	0.006625461970809996	mCHH	promoter	Zm00001d050905	4	129476399	129478809	-	166	0.024556146934628487	0.0
agri_aa_oil__Oil_C20_1P	methwin__mCHH__cis__Zm00001d050904	1	-0.0066236407727031325	0.0066236407727031325	mCHH	cis	Zm00001d050904	4	129475394	129476203	+	408	0.024556146934628487	0.0
agri_aa_oil__Oil_C20_1P	methwin__mCHH__cis__Zm00001d050905	1	-0.006622475178766849	0.006622475178766849	mCHH	cis	Zm00001d050905	4	129476399	129478809	-	409	0.024556146934628487	0.0
agri_aa_oil__Oil_C20_1P	methwin__mCG__gene__Zm00001d039234	1	-0.006615494044333384	0.006615494044333384	mCG	gene	Zm00001d039234	3	229993	230427	-	112	0.15762104094028473	0.0
agri_aa_oil__Oil_C20_1P	methwin__mCG__cis__Zm00001d039234	1	-0.006614730831427735	0.006614730831427735	mCG	cis	Zm00001d039234	3	229993	230427	-	462	0.15762104094028473	0.0
agri_aa_oil__Oil_C20_1P	methwin__mCG__promoter__Zm00001d051310	1	-0.006540232360833716	0.006540232360833716	mCG	promoter	Zm00001d051310	4	152962064	152969869	+	208	0.15426528453826904	0.0
agri_aa_oil__Oil_C20_1P	methwin__mCG__gene__Zm00001d051310	1	-0.006538747911285304	0.006538747911285304	mCG	gene	Zm00001d051310	4	152962064	152969869	+	134	0.15426528453826904	0.0
agri_aa_oil__Oil_C20_1P	methwin__mCG__promoter__Zm00001d051182	1	-0.006147526264867963	0.006147526264867963	mCG	promoter	Zm00001d051182	4	147593570	147596013	+	437	0.13698522746562958	0.0
agri_aa_oil__Oil_C20_1P	methwin__mCG__gene__Zm00001d051182	1	-0.00614731219238589	0.00614731219238589	mCG	gene	Zm00001d051182	4	147593570	147596013	+	318	0.13698522746562958	0.0
agri_aa_oil__Oil_C20_1P	methwin__mCG__promoter__Zm00001d050717	1	0.005526383969070104	0.005526383969070104	mCG	promoter	Zm00001d050717	4	118682648	118683708	-	194	0.1557263731956482	0.0
agri_aa_oil__Oil_C20_1P	methwin__mCG__promoter__Zm00001d050718	1	0.0055262969123832375	0.0055262969123832375	mCG	promoter	Zm00001d050718	4	118685784	118686770	+	193	0.1557263731956482	0.0
agri_aa_oil__Oil_C20_1P	methwin__mCG__promoter__Zm00001d050776	1	0.005415852636878926	0.005415852636878926	mCG	promoter	Zm00001d050776	4	122118221	122118583	-	52	0.17561212182044983	0.0
agri_aa_oil__Oil_C20_1P	methwin__mCG__cis__Zm00001d050776	1	0.005415368940096474	0.005415368940096474	mCG	cis	Zm00001d050776	4	122118221	122118583	-	132	0.17561212182044983	0.0
agri_aa_oil__Oil_C20_1P	methwin__mCG__promoter__Zm00001d050775	1	0.005414845250861498	0.005414845250861498	mCG	promoter	Zm00001d050775	4	122097911	122117487	-	51	0.17561212182044983	0.0
agri_aa_oil__Oil_C20_1P	methwin__mCHG__gene__Zm00001d041801	1	0.004836070413449517	0.004836070413449517	mCHG	gene	Zm00001d041801	3	138805652	138811523	+	154	0.12408708781003952	0.0
agri_aa_oil__Oil_C20_1P	methwin__mCHG__promoter__Zm00001d041801	1	0.004835726200315058	0.004835726200315058	mCHG	promoter	Zm00001d041801	3	138805652	138811523	+	143	0.12408708781003952	0.0
agri_aa_oil__Oil_C20_1P	methwin__mCHH__promoter__Zm00001d009088	1	-0.004713125373833148	0.004713125373833148	mCHH	promoter	Zm00001d009088	8	35616440	35617907	-	215	0.021098822355270386	0.0
agri_aa_oil__Oil_C20_1P	methwin__mCHH__promoter__Zm00001d009089	1	-0.004711984354301607	0.004711984354301607	mCHH	promoter	Zm00001d009089	8	35618856	35620630	+	216	0.021098822355270386	0.0
agri_aa_oil__Oil_C20_1P	methwin__mCHH__cis__Zm00001d014083	1	-0.004677637803577446	0.004677637803577446	mCHH	cis	Zm00001d014083	5	31745001	31747554	-	331	0.02707488462328911	0.0
agri_aa_oil__Oil_C20_1P	methwin__mCHH__cis__Zm00001d014082	1	-0.004675262748504811	0.004675262748504811	mCHH	cis	Zm00001d014082	5	31741154	31742727	+	332	0.02707488462328911	0.0
agri_aa_oil__Oil_C20_1P	methwin__mCHH__promoter__Zm00001d014083	1	-0.0046746612950445	0.0046746612950445	mCHH	promoter	Zm00001d014083	5	31745001	31747554	-	133	0.02707488462328911	0.0
agri_aa_oil__Oil_C20_1P	methwin__mCHH__cis__Zm00001d045826	1	-0.003673514560891526	0.003673514560891526	mCHH	cis	Zm00001d045826	9	42168801	42169346	-	476	0.02286762185394764	0.0
agri_aa_oil__Oil_C20_1P	methwin__mCHH__promoter__Zm00001d045826	1	-0.0036709777912416514	0.0036709777912416514	mCHH	promoter	Zm00001d045826	9	42168801	42169346	-	189	0.02286762185394764	0.0
agri_aa_oil__Oil_C20_1P	methwin__mCHH__cis__Zm00001d053448	1	-0.0035770804326595903	0.0035770804326595903	mCHH	cis	Zm00001d053448	4	231999507	232004462	+	149	0.036498915404081345	0.0
agri_aa_oil__Oil_C20_1P	methwin__mCHH__cis__Zm00001d031101	1	-0.0034680144847848053	0.0034680144847848053	mCHH	cis	Zm00001d031101	1	177235739	177243001	-	438	0.023622864857316017	0.0
agri_aa_oil__Oil_C20_1P	methwin__mCHH__cis__Zm00001d031099	1	-0.003467995720990044	0.003467995720990044	mCHH	cis	Zm00001d031099	1	177231869	177233915	+	440	0.023622864857316017	0.0
agri_aa_oil__Oil_C20_1P	methwin__mCHH__promoter__Zm00001d031100	1	-0.00346798758646243	0.00346798758646243	mCHH	promoter	Zm00001d031100	1	177235181	177235636	+	180	0.023622864857316017	0.0
agri_aa_oil__Oil_C20_1P	methwin__mCHH__cis__Zm00001d031100	1	-0.0034679721406977834	0.0034679721406977834	mCHH	cis	Zm00001d031100	1	177235181	177235636	+	439	0.023622864857316017	0.0
agri_aa_oil__Oil_C20_1P	methwin__mCG__cis__Zm00001d036229	1	-0.00330434951430145	0.00330434951430145	mCG	cis	Zm00001d036229	6	78015273	78015737	+	213	0.16935370862483978	0.0
agri_aa_oil__Oil_C20_1P	methwin__mCG__gene__Zm00001d036229	1	-0.003303754105905506	0.003303754105905506	mCG	gene	Zm00001d036229	6	78015273	78015737	+	50	0.16935370862483978	0.0
agri_aa_oil__Oil_C20_1P	methwin__mCG__promoter__Zm00001d036229	1	-0.0033033338269654582	0.0033033338269654582	mCG	promoter	Zm00001d036229	6	78015273	78015737	+	79	0.16935370862483978	0.0
agri_aa_oil__Oil_C20_1P	methwin__mCHH__promoter__Zm00001d050463	1	0.003241136748680196	0.003241136748680196	mCHH	promoter	Zm00001d050463	4	90402428	90420961	-	387	0.013287235982716084	0.0
agri_aa_oil__Oil_C20_1P	methwin__mCHH__promoter__Zm00001d024238	1	-0.003059564134386838	0.003059564134386838	mCHH	promoter	Zm00001d024238	10	58940661	58959893	+	495	0.010614178143441677	0.0
agri_aa_oil__Oil_C20_1P	methwin__mCHH__promoter__Zm00001d041407	1	-0.0029523436788968164	0.0029523436788968164	mCHH	promoter	Zm00001d041407	3	117384058	117395212	+	93	0.03183219954371452	0.0
agri_aa_oil__Oil_C20_1P	methwin__mCHH__cis__Zm00001d041406	1	-0.00295186323255368	0.00295186323255368	mCHH	cis	Zm00001d041406	3	117381964	117383316	+	231	0.03183219954371452	0.0
agri_aa_oil__Oil_C20_1P	methwin__mCHH__cis__Zm00001d041407	1	-0.0029513948839568448	0.0029513948839568448	mCHH	cis	Zm00001d041407	3	117384058	117395212	+	232	0.03183219954371452	0.0
agri_aa_oil__Oil_C20_1P	methwin__mCHH__gene__Zm00001d015289	1	-0.002894640251557713	0.002894640251557713	mCHH	gene	Zm00001d015289	5	82829898	82835405	+	109	0.010723751038312912	0.0
agri_aa_oil__Oil_C20_1P	methwin__mCG__promoter__Zm00001d042640	1	-0.002631058521093082	0.002631058521093082	mCG	promoter	Zm00001d042640	3	174982548	174991140	+	492	0.13237760961055756	0.0
agri_aa_oil__Oil_C20_1P	methwin__mCG__gene__Zm00001d002902	1	-0.0019116989917411448	0.0019116989917411448	mCG	gene	Zm00001d002902	2	26197358	26201770	-	42	0.16994670033454895	0.0
agri_aa_oil__Oil_C20_1P	methwin__mCG__cis__Zm00001d002902	1	-0.0019112948519115376	0.0019112948519115376	mCG	cis	Zm00001d002902	2	26197358	26201770	-	202	0.16994670033454895	0.0
agri_aa_oil__Oil_C20_1P	methwin__mCHG__gene__Zm00001d051310	1	-0.0016337859217737435	0.0016337859217737435	mCHG	gene	Zm00001d051310	4	152962064	152969869	+	114	0.12880167365074158	0.0
agri_aa_oil__Oil_C20_1P	methwin__mCHG__cis__Zm00001d051310	1	-0.001630420563575819	0.001630420563575819	mCHG	cis	Zm00001d051310	4	152962064	152969869	+	372	0.12880167365074158	0.0
agri_aa_oil__Oil_C20_1P	methwin__mCHG__promoter__Zm00001d051310	1	-0.0016260452870628134	0.0016260452870628134	mCHG	promoter	Zm00001d051310	4	152962064	152969869	+	106	0.12880167365074158	0.0
agri_aa_oil__Oil_C20_1P	methwin__mCHG__cis__Zm00001d030236	1	-0.0016055330743675268	0.0016055330743675268	mCHG	cis	Zm00001d030236	1	115306970	115307682	+	434	0.1269964575767517	0.0
agri_aa_oil__Oil_C20_1P	methwin__mCHG__gene__Zm00001d002246	1	-0.0014915567172671528	0.0014915567172671528	mCHG	gene	Zm00001d002246	2	8903282	8911060	+	194	0.11884091049432755	0.0
agri_aa_oil__Oil_C20_1P	methwin__mCHG__gene__Zm00001d038427	1	-0.001317248257561638	0.001317248257561638	mCHG	gene	Zm00001d038427	6	157100732	157101846	+	495	0.09901004284620285	0.0
agri_aa_oil__Oil_C20_1P	methwin__mCHG__gene__Zm00001d046432	1	-0.0011157235316710014	0.0011157235316710014	mCHG	gene	Zm00001d046432	9	89572426	89572791	-	234	0.11543091386556625	0.0
agri_aa_oil__Oil_C20_1P	methwin__mCHG__promoter__Zm00001d046432	1	-0.0011152719828104501	0.0011152719828104501	mCHG	promoter	Zm00001d046432	9	89572426	89572791	-	251	0.11543091386556625	0.0
agri_aa_oil__Oil_C20_1P	methwin__mCG__gene__Zm00001d041679	1	0.0007809604952717016	0.0007809604952717016	mCG	gene	Zm00001d041679	3	133009146	133013325	-	150	0.15208449959754944	0.0
agri_aa_oil__Oil_C20_1P	methwin__mCHH__promoter__Zm00001d033707	1	-0.0005931413939417864	0.0005931413939417864	mCHH	promoter	Zm00001d033707	1	271815374	271818063	-	236	0.0193259809166193	0.0
agri_aa_oil__Oil_C20_1P	methwin__mCHH__cis__Zm00001d005370	1	-0.0004944200433101455	0.0004944200433101455	mCHH	cis	Zm00001d005370	2	171125479	171128890	+	63	0.04795041307806969	0.0
agri_aa_oil__Oil_C20_1P	methwin__mCHH__promoter__Zm00001d005368	1	-0.0004940877575979871	0.0004940877575979871	mCHH	promoter	Zm00001d005368	2	171115942	171122381	+	28	0.04795041307806969	0.0
agri_aa_oil__Oil_C20_1P	methwin__mCHH__cis__Zm00001d005369	1	-0.0004936137759152012	0.0004936137759152012	mCHH	cis	Zm00001d005369	2	171122914	171123806	+	62	0.04795041307806969	0.0
agri_aa_oil__Oil_C20_1P	methwin__mCG__promoter__Zm00001d020640	1	-0.00042575648109967535	0.00042575648109967535	mCG	promoter	Zm00001d020640	7	125978833	125998277	+	390	0.14071078598499298	0.0
agri_aa_oil__Plantheight	methwin__mCHG__cis__Zm00001d031120	5	0.046464964999198125	0.046464964999198125	mCHG	cis	Zm00001d031120	1	178020480	178025593	-	395	0.12807011604309082	0.0
agri_aa_oil__Plantheight	methwin__mCG__cis__Zm00001d041265	5	-0.03860132592729949	0.03860132592729949	mCG	cis	Zm00001d041265	3	109138059	109141587	-	221	0.16899098455905914	0.0
agri_aa_oil__Plantheight	methwin__mCG__cis__Zm00001d041266	5	-0.03859781692172536	0.03859781692172536	mCG	cis	Zm00001d041266	3	109152384	109154435	+	220	0.16899098455905914	0.0
agri_aa_oil__Plantheight	methwin__mCHG__promoter__Zm00001d053189	5	0.01956305357951282	0.01956305357951282	mCHG	promoter	Zm00001d053189	4	218977061	218981425	-	398	0.10524089634418488	0.0
agri_aa_oil__Plantheight	methwin__mCHH__gene__Zm00001d033237	4	-0.055147855817011704	0.055147855817011704	mCHH	gene	Zm00001d033237	1	255361226	255391452	-	91	0.012452226132154465	0.0
agri_aa_oil__Plantheight	methwin__mCG__gene__Zm00001d042126	4	0.05475796455795502	0.05475796455795502	mCG	gene	Zm00001d042126	3	152189235	152191916	-	290	0.1393638551235199	0.0
agri_aa_oil__Plantheight	methwin__mCHG__promoter__Zm00001d040555	4	-0.039315228802400445	0.039315228802400445	mCHG	promoter	Zm00001d040555	3	49418717	49420159	-	104	0.1289333701133728	0.0
agri_aa_oil__Plantheight	methwin__mCHG__cis__Zm00001d040555	4	-0.039314611558999304	0.039314611558999304	mCHG	cis	Zm00001d040555	3	49418717	49420159	-	369	0.1289333701133728	0.0
agri_aa_oil__Plantheight	methwin__mCG__promoter__Zm00001d036151	4	0.037097205239522646	0.037097205239522646	mCG	promoter	Zm00001d036151	6	74662764	74663198	-	469	0.13514186441898346	0.0
agri_aa_oil__Plantheight	methwin__mCHH__gene__Zm00001d042410	4	-0.03343413413412888	0.03343413413412888	mCHH	gene	Zm00001d042410	3	166271437	166276507	-	350	0.004761735908687115	0.0
agri_aa_oil__Plantheight	methwin__mCHH__cis__Zm00001d052133	4	-0.0331735582125269	0.0331735582125269	mCHH	cis	Zm00001d052133	4	180558735	180563266	-	84	0.04482823982834816	0.0
agri_aa_oil__Plantheight	methwin__mCG__promoter__Zm00001d053189	4	0.033145735654531994	0.033145735654531994	mCG	promoter	Zm00001d053189	4	218977061	218981425	-	396	0.14034207165241241	0.0
agri_aa_oil__Plantheight	methwin__mCG__promoter__Zm00001d042498	4	0.004712870989751725	0.004712870989751725	mCG	promoter	Zm00001d042498	3	169638108	169641981	+	47	0.17587770521640778	0.0
agri_aa_oil__Plantheight	methwin__mCG__cis__Zm00001d042499	4	0.004702917930128302	0.004702917930128302	mCG	cis	Zm00001d042499	3	169644940	169648747	+	128	0.17587770521640778	0.0
agri_aa_oil__Plantheight	methwin__mCG__cis__Zm00001d042498	4	0.00470247333803207	0.00470247333803207	mCG	cis	Zm00001d042498	3	169638108	169641981	+	127	0.17587770521640778	0.0
agri_aa_oil__Plantheight	methwin__mCG__gene__Zm00001d041746	3	-0.08990894506497699	0.08990894506497699	mCG	gene	Zm00001d041746	3	135772967	135790864	+	462	0.12574946880340576	0.0
agri_aa_oil__Plantheight	methwin__mCG__promoter__Zm00001d005350	3	0.04959603710560476	0.04959603710560476	mCG	promoter	Zm00001d005350	2	170606178	170612205	+	341	0.14364176988601685	0.0
agri_aa_oil__Plantheight	methwin__mCHH__promoter__Zm00001d021013	3	-0.04150298316103317	0.04150298316103317	mCHH	promoter	Zm00001d021013	7	140467717	140468819	-	272	0.01732250675559044	0.0
agri_aa_oil__Plantheight	methwin__mCHH__cis__Zm00001d022474	3	-0.03822579172794811	0.03822579172794811	mCHH	cis	Zm00001d022474	7	178334240	178335780	-	42	0.05516708269715309	0.0
agri_aa_oil__Plantheight	methwin__mCHG__cis__Zm00001d038123	3	0.031186490341469766	0.031186490341469766	mCHG	cis	Zm00001d038123	6	148737498	148748541	+	324	0.1303229182958603	0.0
agri_aa_oil__Plantheight	methwin__mCHG__promoter__Zm00001d045160	3	0.030261675022220755	0.030261675022220755	mCHG	promoter	Zm00001d045160	9	14630323	14638218	-	362	0.10731229931116104	0.0
agri_aa_oil__Plantheight	methwin__mCHH__promoter__Zm00001d052640	3	-0.02867476022974307	0.02867476022974307	mCHH	promoter	Zm00001d052640	4	195562366	195563256	+	273	0.017288917675614357	0.0
agri_aa_oil__Plantheight	methwin__mCHG__gene__Zm00001d007529	3	-0.028466299102507073	0.028466299102507073	mCHG	gene	Zm00001d007529	2	233991675	234008690	+	225	0.1166643276810646	0.0
agri_aa_oil__Plantheight	methwin__mCHH__gene__Zm00001d047882	3	-0.026472853720364675	0.026472853720364675	mCHH	gene	Zm00001d047882	9	144129671	144139999	-	419	0.0038344422355294228	0.0
agri_aa_oil__Plantheight	methwin__mCHH__gene__Zm00001d026018	3	-0.025799539943552333	0.025799539943552333	mCHH	gene	Zm00001d026018	10	136174872	136179753	+	80	0.012973840348422527	0.0
agri_aa_oil__Plantheight	methwin__mCHH__promoter__Zm00001d015962	3	0.02396290650816213	0.02396290650816213	mCHH	promoter	Zm00001d015962	5	134444332	134453675	+	490	0.010817925445735455	0.0
agri_aa_oil__Plantheight	methwin__mCHH__promoter__Zm00001d015961	3	0.02396220721786843	0.02396220721786843	mCHH	promoter	Zm00001d015961	5	134439009	134443657	-	489	0.010817925445735455	0.0
agri_aa_oil__Plantheight	methwin__mCHG__cis__Zm00001d030725	3	0.02173916214925824	0.02173916214925824	mCHG	cis	Zm00001d030725	1	155959518	155963384	+	351	0.12944470345973969	0.0
agri_aa_oil__Plantheight	methwin__mCHG__cis__Zm00001d042639	3	-0.021377600678007463	0.021377600678007463	mCHG	cis	Zm00001d042639	3	174860172	174893608	-	151	0.13908515870571136	0.0
agri_aa_oil__Plantheight	methwin__mCHG__promoter__Zm00001d042639	3	-0.021375642327458613	0.021375642327458613	mCHG	promoter	Zm00001d042639	3	174860172	174893608	-	41	0.13908515870571136	0.0
agri_aa_oil__Plantheight	methwin__mCG__cis__Zm00001d003847	3	-0.019886164645278814	0.019886164645278814	mCG	cis	Zm00001d003847	2	61984604	61991864	-	230	0.16844423115253448	0.0
agri_aa_oil__Plantheight	methwin__mCG__gene__Zm00001d003847	3	-0.019884971138710933	0.019884971138710933	mCG	gene	Zm00001d003847	2	61984604	61991864	-	55	0.16844423115253448	0.0
agri_aa_oil__Plantheight	methwin__mCHG__promoter__Zm00001d030359	3	0.019472591956821075	0.019472591956821075	mCHG	promoter	Zm00001d030359	1	125680310	125683149	+	266	0.11483193188905716	0.0
agri_aa_oil__Plantheight	methwin__mCHG__promoter__Zm00001d030357	3	0.01947208155391117	0.01947208155391117	mCHG	promoter	Zm00001d030357	1	125658990	125678568	-	265	0.11483193188905716	0.0
agri_aa_oil__Plantheight	methwin__mCG__gene__Zm00001d007529	3	-0.018457968687046553	0.018457968687046553	mCG	gene	Zm00001d007529	2	233991675	234008690	+	307	0.13802064955234528	0.0
agri_aa_oil__Plantheight	methwin__mCHG__cis__Zm00001d036151	3	0.016655608495463367	0.016655608495463367	mCHG	cis	Zm00001d036151	6	74662764	74663198	-	265	0.13329464197158813	0.0
agri_aa_oil__Plantheight	methwin__mCHG__promoter__Zm00001d036151	3	0.01665496550801467	0.01665496550801467	mCHG	promoter	Zm00001d036151	6	74662764	74663198	-	76	0.13329464197158813	0.0
agri_aa_oil__Plantheight	methwin__mCHG__gene__Zm00001d047369	3	-0.013140712204089503	0.013140712204089503	mCHG	gene	Zm00001d047369	9	127900095	127901122	+	118	0.1285257786512375	0.0
agri_aa_oil__Plantheight	methwin__mCHG__cis__Zm00001d047369	3	-0.013136816686131593	0.013136816686131593	mCHG	cis	Zm00001d047369	9	127900095	127901122	+	382	0.1285257786512375	0.0
agri_aa_oil__Plantheight	methwin__mCHG__cis__Zm00001d047368	3	-0.013133332663868789	0.013133332663868789	mCHG	cis	Zm00001d047368	9	127884177	127897835	+	383	0.1285257786512375	0.0
agri_aa_oil__Plantheight	methwin__mCG__gene__Zm00001d005739	3	0.009173020589844892	0.01257825077839029	mCG	gene	Zm00001d005739	2	185515384	185517853	+	311	0.13779175281524658	0.0
agri_aa_oil__Plantheight	methwin__mCHH__gene__Zm00001d051183	3	-0.012150632476507175	0.012150632476507175	mCHH	gene	Zm00001d051183	4	147599308	147617964	-	188	0.0077109443955123425	0.0
agri_aa_oil__Plantheight	methwin__mCG__cis__Zm00001d031104	3	0.01148051159770394	0.01148051159770394	mCG	cis	Zm00001d031104	1	177428041	177432794	-	8	0.1977633386850357	0.0
agri_aa_oil__Plantheight	methwin__mCG__gene__Zm00001d031104	3	0.011479013972532487	0.011479013972532487	mCG	gene	Zm00001d031104	1	177428041	177432794	-	2	0.1977633386850357	0.0
agri_aa_oil__Plantheight	methwin__mCG__cis__Zm00001d031103	3	0.011474734642356613	0.011474734642356613	mCG	cis	Zm00001d031103	1	177422604	177422932	-	7	0.1977633386850357	0.0
agri_aa_oil__Plantheight	methwin__mCG__gene__Zm00001d031404	3	0.011340102243884993	0.011340102243884993	mCG	gene	Zm00001d031404	1	189203216	189203629	-	214	0.14655742049217224	0.0
agri_aa_oil__Plantheight	methwin__mCG__promoter__Zm00001d031404	3	0.0113390318521226	0.0113390318521226	mCG	promoter	Zm00001d031404	1	189203216	189203629	-	299	0.14655742049217224	0.0
agri_aa_oil__Plantheight	methwin__mCHG__gene__Zm00001d053553	2	0.103811398270653	0.103811398270653	mCHG	gene	Zm00001d053553	4	233807693	233818548	-	172	0.12100652605295181	0.0
agri_aa_oil__Plantheight	methwin__mCHH__cis__Zm00001d051980	2	-0.07238596261275627	0.07238596261275627	mCHH	cis	Zm00001d051980	4	175828750	175835185	+	312	0.02742941863834858	0.0
agri_aa_oil__Plantheight	methwin__mCHH__gene__Zm00001d026211	2	0.06262765187575778	0.06262765187575778	mCHH	gene	Zm00001d026211	10	140995440	141000793	-	449	0.003286797320470214	0.0
agri_aa_oil__Plantheight	methwin__mCG__gene__Zm00001d004162	2	0.061400250713063244	0.061400250713063244	mCG	gene	Zm00001d004162	2	88161616	88162456	-	418	0.12903685867786407	0.0
agri_aa_oil__Plantheight	methwin__mCHG__gene__Zm00001d045466	2	0.059454541293220586	0.059454541293220586	mCHG	gene	Zm00001d045466	9	23231201	23233426	-	489	0.09937477111816406	0.0
agri_aa_oil__Plantheight	methwin__mCHG__cis__Zm00001d004564	2	0.058985013280795466	0.058985013280795466	mCHG	cis	Zm00001d004564	2	118175342	118183006	-	379	0.12865518033504486	0.0
agri_aa_oil__Plantheight	methwin__mCHG__gene__Zm00001d011598	2	-0.056653391826787386	0.056653391826787386	mCHG	gene	Zm00001d011598	8	155464778	155473339	-	274	0.11274062097072601	0.0
agri_aa_oil__Plantheight	methwin__mCG__promoter__Zm00001d012991	2	0.05659843724090398	0.05659843724090398	mCG	promoter	Zm00001d012991	5	2857770	2867371	-	191	0.1559121012687683	0.0
agri_aa_oil__Plantheight	methwin__mCHH__gene__Zm00001d051057	2	-0.05546319121798712	0.05546319121798712	mCHH	gene	Zm00001d051057	4	139249914	139270422	-	214	0.00696655735373497	0.0
agri_aa_oil__Plantheight	methwin__mCG__promoter__Zm00001d015758	2	0.05497533102283468	0.05497533102283468	mCG	promoter	Zm00001d015758	5	116966419	116976384	+	256	0.15006861090660095	0.0
agri_aa_oil__Plantheight	methwin__mCHG__cis__Zm00001d002452	2	0.04862646410670544	0.04862646410670544	mCHG	cis	Zm00001d002452	2	13068292	13071803	-	253	0.13376270234584808	0.0
agri_aa_oil__Plantheight	methwin__mCHH__gene__Zm00001d010195	2	-0.04562166112650566	0.04562166112650566	mCHH	gene	Zm00001d010195	8	103505231	103510959	+	401	0.0039559220895171165	0.0
agri_aa_oil__Plantheight	methwin__mCHH__gene__Zm00001d033107	2	0.04489547252429868	0.04489547252429868	mCHH	gene	Zm00001d033107	1	250328690	250338437	-	406	0.0039004471618682146	0.0
agri_aa_oil__Plantheight	methwin__mCHH__gene__Zm00001d021488	2	-0.04447181833988316	0.04447181833988316	mCHH	gene	Zm00001d021488	7	153824987	153861598	+	267	0.005826747976243496	0.0
agri_aa_oil__Plantheight	methwin__mCHG__gene__Zm00001d006386	2	-0.04411279675734985	0.04411279675734985	mCHG	gene	Zm00001d006386	2	206340126	206342990	+	413	0.10333852469921112	0.0
agri_aa_oil__Plantheight	methwin__mCHG__promoter__Zm00001d042524	2	-0.043143421071602794	0.043143421071602794	mCHG	promoter	Zm00001d042524	3	170605990	170606606	-	246	0.11613687127828598	0.0
agri_aa_oil__Plantheight	methwin__mCHH__promoter__Zm00001d050038	2	-0.04076395062854923	0.04076395062854923	mCHH	promoter	Zm00001d050038	4	61665652	61668992	+	393	0.013098059222102165	0.0
agri_aa_oil__Plantheight	methwin__mCHH__promoter__Zm00001d014946	2	0.03941140323623508	0.03941140323623508	mCHH	promoter	Zm00001d014946	5	69420806	69426955	+	422	0.012261375784873962	0.0
agri_aa_oil__Plantheight	methwin__mCHH__promoter__Zm00001d034733	2	-0.039245022832644985	0.039245022832644985	mCHH	promoter	Zm00001d034733	1	300954125	300961062	-	308	0.01594262570142746	0.0
agri_aa_oil__Plantheight	methwin__mCHH__gene__Zm00001d005356	2	0.038448127482962016	0.038448127482962016	mCHH	gene	Zm00001d005356	2	170856998	170871299	+	439	0.003495388198643923	0.0
agri_aa_oil__Plantheight	methwin__mCHH__gene__Zm00001d019703	2	-0.038093454506968785	0.038093454506968785	mCHH	gene	Zm00001d019703	7	52140538	52181214	-	250	0.0062326653860509396	0.0
agri_aa_oil__Plantheight	methwin__mCHH__promoter__Zm00001d048252	2	-0.03797648087977716	0.03797648087977716	mCHH	promoter	Zm00001d048252	9	153250495	153253737	+	11	0.06281368434429169	0.0
agri_aa_oil__Plantheight	methwin__mCHH__gene__Zm00001d016156	2	0.035906342578006116	0.035906342578006116	mCHH	gene	Zm00001d016156	5	147526533	147553591	-	381	0.004237641580402851	0.0
agri_aa_oil__Plantheight	methwin__mCHH__gene__Zm00001d027969	2	-0.034634134517098875	0.034634134517098875	mCHH	gene	Zm00001d027969	1	18597035	18617718	+	194	0.007536955177783966	0.0
agri_aa_oil__Plantheight	methwin__mCHH__cis__Zm00001d040595	2	0.03442076418496208	0.03442076418496208	mCHH	cis	Zm00001d040595	3	52236536	52237647	+	67	0.04717601090669632	0.0
agri_aa_oil__Plantheight	methwin__mCHH__promoter__Zm00001d040595	2	0.03441888388912663	0.03441888388912663	mCHH	promoter	Zm00001d040595	3	52236536	52237647	+	30	0.04717601090669632	0.0
agri_aa_oil__Plantheight	methwin__mCHH__gene__Zm00001d041142	2	-0.034110820737467365	0.034110820737467365	mCHH	gene	Zm00001d041142	3	100232730	100240533	+	142	0.009223509579896927	0.0
agri_aa_oil__Plantheight	methwin__mCG__gene__Zm00001d042485	2	0.034066536495443146	0.034066536495443146	mCG	gene	Zm00001d042485	3	169167019	169170703	-	325	0.13603192567825317	0.0
agri_aa_oil__Plantheight	methwin__mCHH__promoter__Zm00001d032427	2	-0.0339513618522229	0.0339513618522229	mCHH	promoter	Zm00001d032427	1	226006096	226012494	-	359	0.014073599129915237	0.0
agri_aa_oil__Plantheight	methwin__mCG__gene__Zm00001d010436	2	0.032444730420536645	0.032444730420536645	mCG	gene	Zm00001d010436	8	115029092	115038370	+	316	0.1371196061372757	0.0
agri_aa_oil__Plantheight	methwin__mCHH__cis__Zm00001d032724	2	-0.032025846211821855	0.032025846211821855	mCHH	cis	Zm00001d032724	1	236119585	236129935	-	199	0.03412539139389992	0.0
agri_aa_oil__Plantheight	methwin__mCHH__gene__Zm00001d021142	2	-0.028184365068818187	0.028184365068818187	mCHH	gene	Zm00001d021142	7	143938849	143949787	+	155	0.008623387664556503	0.0
agri_aa_oil__Plantheight	methwin__mCG__promoter__Zm00001d024954	2	0.027372408069287847	0.027372408069287847	mCG	promoter	Zm00001d024954	10	96732967	96733493	+	378	0.14152200520038605	0.0
agri_aa_oil__Plantheight	methwin__mCG__gene__Zm00001d024954	2	0.02737045578121592	0.02737045578121592	mCG	gene	Zm00001d024954	10	96732967	96733493	+	266	0.14152200520038605	0.0
agri_aa_oil__Plantheight	methwin__mCHG__cis__Zm00001d046460	2	0.026566948524374995	0.026566948524374995	mCHG	cis	Zm00001d046460	9	90925903	90927321	+	490	0.12510254979133606	0.0
agri_aa_oil__Plantheight	methwin__mCG__cis__Zm00001d009352	2	0.026327142629174318	0.026327142629174318	mCG	cis	Zm00001d009352	8	58140699	58156859	-	9	0.19741235673427582	0.0
agri_aa_oil__Plantheight	methwin__mCG__promoter__Zm00001d009352	2	0.026324827351140646	0.026324827351140646	mCG	promoter	Zm00001d009352	8	58140699	58156859	-	2	0.19741235673427582	0.0
agri_aa_oil__Plantheight	methwin__mCHH__promoter__Zm00001d042683	2	-0.026283027371671493	0.026283027371671493	mCHH	promoter	Zm00001d042683	3	176794763	176800634	-	437	0.011949111707508564	0.0
agri_aa_oil__Plantheight	methwin__mCG__gene__Zm00001d046912	2	-0.02525422692574584	0.02525422692574584	mCG	gene	Zm00001d046912	9	110202169	110204205	+	475	0.12489675730466843	0.0
agri_aa_oil__Plantheight	methwin__mCG__promoter__Zm00001d049703	2	0.024050243079729222	0.024050243079729222	mCG	promoter	Zm00001d049703	4	40644794	40648173	+	310	0.1455710232257843	0.0
agri_aa_oil__Plantheight	methwin__mCHH__promoter__Zm00001d033843	2	-0.023061419338753036	0.023061419338753036	mCHH	promoter	Zm00001d033843	1	275587872	275609679	+	20	0.05177515745162964	0.0
agri_aa_oil__Plantheight	methwin__mCHH__gene__Zm00001d004702	2	-0.02298633376653391	0.02298633376653391	mCHH	gene	Zm00001d004702	2	132209575	132244262	-	50	0.018147675320506096	0.0
agri_aa_oil__Plantheight	methwin__mCHH__cis__Zm00001d020881	2	0.02281657469330999	0.02281657469330999	mCHH	cis	Zm00001d020881	7	135317302	135321287	-	229	0.03202029690146446	0.0
agri_aa_oil__Plantheight	methwin__mCHH__gene__Zm00001d010702	2	-0.022013953486838427	0.022013953486838427	mCHH	gene	Zm00001d010702	8	124974034	124976815	-	79	0.013017900288105011	0.0
agri_aa_oil__Plantheight	methwin__mCHG__promoter__Zm00001d045931	2	-0.021517320118631132	0.021517320118631132	mCHG	promoter	Zm00001d045931	9	47612876	47613364	-	71	0.1343037486076355	0.0
agri_aa_oil__Plantheight	methwin__mCHG__cis__Zm00001d045931	2	-0.021517247496821372	0.021517247496821372	mCHG	cis	Zm00001d045931	9	47612876	47613364	-	246	0.1343037486076355	0.0
agri_aa_oil__Plantheight	methwin__mCHG__promoter__Zm00001d047001	2	0.02142411929922681	0.02142411929922681	mCHG	promoter	Zm00001d047001	9	114888913	114889317	-	377	0.10660751163959503	0.0
agri_aa_oil__Plantheight	methwin__mCG__cis__Zm00001d012237	2	0.020021762121090428	0.020021762121090428	mCG	cis	Zm00001d012237	8	170724735	170730425	+	146	0.1743597537279129	0.0
agri_aa_oil__Plantheight	methwin__mCG__cis__Zm00001d012238	2	0.019995102438472447	0.019995102438472447	mCG	cis	Zm00001d012238	8	170738666	170744400	-	147	0.1743597537279129	0.0
agri_aa_oil__Plantheight	methwin__mCHG__cis__Zm00001d015252	2	0.019691770461835248	0.019691770461835248	mCHG	cis	Zm00001d015252	5	81412435	81417336	+	344	0.12961024045944214	0.0
agri_aa_oil__Plantheight	methwin__mCHG__promoter__Zm00001d015252	2	0.01968767698189887	0.01968767698189887	mCHG	promoter	Zm00001d015252	5	81412435	81417336	+	99	0.12961024045944214	0.0
agri_aa_oil__Plantheight	methwin__mCG__gene__Zm00001d031254	2	0.019670264825962857	0.019670264825962857	mCG	gene	Zm00001d031254	1	183895158	183901422	+	280	0.1403534710407257	0.0
agri_aa_oil__Plantheight	methwin__mCHH__promoter__Zm00001d052977	2	0.0186393992519959	0.0186393992519959	mCHH	promoter	Zm00001d052977	4	206919670	206923445	-	44	0.0414065346121788	0.0
agri_aa_oil__Plantheight	methwin__mCHH__cis__Zm00001d052977	2	0.018638377382724176	0.018638377382724176	mCHH	cis	Zm00001d052977	4	206919670	206923445	-	102	0.0414065346121788	0.0
agri_aa_oil__Plantheight	methwin__mCHH__cis__Zm00001d044186	2	0.01830843627897937	0.01830843627897937	mCHH	cis	Zm00001d044186	3	221397672	221415050	+	3	0.07614997029304504	0.0
agri_aa_oil__Plantheight	methwin__mCHH__promoter__Zm00001d044186	2	0.01830837396245652	0.01830837396245652	mCHH	promoter	Zm00001d044186	3	221397672	221415050	+	3	0.07614997029304504	0.0
agri_aa_oil__Plantheight	methwin__mCG__gene__Zm00001d044610	2	0.017809109009780857	0.017809109009780857	mCG	gene	Zm00001d044610	3	233336898	233337804	+	391	0.13127873837947845	0.0
agri_aa_oil__Plantheight	methwin__mCHG__cis__Zm00001d047342	2	0.01694113708110942	0.01694113708110942	mCHG	cis	Zm00001d047342	9	127001575	127002543	+	83	0.14675785601139069	0.0
agri_aa_oil__Plantheight	methwin__mCHG__gene__Zm00001d019299	2	0.016888168774401118	0.016888168774401118	mCHG	gene	Zm00001d019299	7	26619326	26630241	-	193	0.119113989174366	0.0
agri_aa_oil__Plantheight	methwin__mCG__gene__Zm00001d032064	2	0.016662959675047304	0.016662959675047304	mCG	gene	Zm00001d032064	1	211140441	211148020	+	205	0.14711131155490875	0.0
agri_aa_oil__Plantheight	methwin__mCG__promoter__Zm00001d004944	2	0.01609884654677872	0.01609884654677872	mCG	promoter	Zm00001d004944	2	149878708	149880338	+	249	0.15073388814926147	0.0
agri_aa_oil__Plantheight	methwin__mCG__gene__Zm00001d004944	2	0.016095973838209217	0.016095973838209217	mCG	gene	Zm00001d004944	2	149878708	149880338	+	158	0.15073388814926147	0.0
agri_aa_oil__Plantheight	methwin__mCHH__promoter__Zm00001d052911	2	0.015705957402471472	0.015705957402471472	mCHH	promoter	Zm00001d052911	4	204480764	204485845	-	425	0.012184849008917809	0.0
agri_aa_oil__Plantheight	methwin__mCHG__cis__Zm00001d012238	2	0.014296267678502683	0.014296267678502683	mCHG	cis	Zm00001d012238	8	170738666	170744400	-	333	0.12987802922725677	0.0
agri_aa_oil__Plantheight	methwin__mCHG__cis__Zm00001d012237	2	0.014261339121759442	0.014261339121759442	mCHG	cis	Zm00001d012237	8	170724735	170730425	+	332	0.12987802922725677	0.0
agri_aa_oil__Plantheight	methwin__mCHH__promoter__Zm00001d029108	2	0.014023077864443212	0.014023077864443212	mCHH	promoter	Zm00001d029108	1	58286021	58287044	+	286	0.016514969989657402	0.0
agri_aa_oil__Plantheight	methwin__mCG__cis__Zm00001d048574	2	-0.01344957587599454	0.01344957587599454	mCG	cis	Zm00001d048574	9	159326202	159349212	-	439	0.15811733901500702	0.0
agri_aa_oil__Plantheight	methwin__mCHG__promoter__Zm00001d006850	2	0.012827455661630602	0.012827455661630602	mCHG	promoter	Zm00001d006850	2	217814347	217814970	-	442	0.10306188464164734	0.0
agri_aa_oil__Plantheight	methwin__mCHG__gene__Zm00001d006850	2	0.012826168962597643	0.012826168962597643	mCHG	gene	Zm00001d006850	2	217814347	217814970	-	417	0.10306188464164734	0.0
agri_aa_oil__Plantheight	methwin__mCHG__cis__Zm00001d040984	2	-0.0007238271999492531	0.012546197872501531	mCHG	cis	Zm00001d040984	3	88118750	88119678	+	166	0.13826289772987366	0.0
agri_aa_oil__Plantheight	methwin__mCG__promoter__Zm00001d025423	2	0.011596315158932915	0.011596315158932915	mCG	promoter	Zm00001d025423	10	118183614	118183895	-	209	0.15401631593704224	0.0
agri_aa_oil__Plantheight	methwin__mCG__gene__Zm00001d025423	2	0.01159263397153457	0.01159263397153457	mCG	gene	Zm00001d025423	10	118183614	118183895	-	135	0.15401631593704224	0.0
agri_aa_oil__Plantheight	methwin__mCHG__promoter__Zm00001d034701	2	-0.01115676322484109	0.01115676322484109	mCHG	promoter	Zm00001d034701	1	300239123	300249012	+	1	0.17660492658615112	0.0
agri_aa_oil__Plantheight	methwin__mCG__cis__Zm00001d038949	2	0.010734058305305303	0.010734058305305303	mCG	cis	Zm00001d038949	6	167539996	167542087	+	171	0.1722574383020401	0.0
agri_aa_oil__Plantheight	methwin__mCG__promoter__Zm00001d038949	2	0.0107297306306614	0.0107297306306614	mCG	promoter	Zm00001d038949	6	167539996	167542087	+	61	0.1722574383020401	0.0
agri_aa_oil__Plantheight	methwin__mCG__gene__Zm00001d038949	2	0.01072598408253532	0.01072598408253532	mCG	gene	Zm00001d038949	6	167539996	167542087	+	34	0.1722574383020401	0.0
agri_aa_oil__Plantheight	methwin__mCHG__cis__Zm00001d007536	2	-0.009541866084687343	0.009541866084687343	mCHG	cis	Zm00001d007536	2	234252951	234257011	+	118	0.14191687107086182	0.0
agri_aa_oil__Plantheight	methwin__mCHG__cis__Zm00001d007537	2	-0.009529699414600322	0.009529699414600322	mCHG	cis	Zm00001d007537	2	234257646	234269276	-	117	0.14191687107086182	0.0
agri_aa_oil__Plantheight	methwin__mCHG__promoter__Zm00001d007535	2	-0.009525588362399633	0.009525588362399633	mCHG	promoter	Zm00001d007535	2	234248940	234252794	-	31	0.14191687107086182	0.0
agri_aa_oil__Plantheight	methwin__mCHG__gene__Zm00001d007536	2	-0.009498256007117574	0.009498256007117574	mCHG	gene	Zm00001d007536	2	234252951	234257011	+	45	0.14191687107086182	0.0
agri_aa_oil__Plantheight	methwin__mCHG__cis__Zm00001d007535	2	-0.009497774333861685	0.009497774333861685	mCHG	cis	Zm00001d007535	2	234248940	234252794	-	119	0.14191687107086182	0.0
agri_aa_oil__Plantheight	methwin__mCHH__promoter__Zm00001d039138	2	-0.008445289077239043	0.008445289077239043	mCHH	promoter	Zm00001d039138	6	170946769	170955570	+	341	0.014798012562096119	0.0
agri_aa_oil__Plantheight	methwin__mCHH__cis__Zm00001d045321	2	0.007805352840899622	0.007805352840899622	mCHH	cis	Zm00001d045321	9	18926278	18927731	-	92	0.042690832167863846	0.0
agri_aa_oil__Plantheight	methwin__mCHH__cis__Zm00001d045322	2	0.007799528369448717	0.007799528369448717	mCHH	cis	Zm00001d045322	9	18928371	18933635	-	91	0.042690832167863846	0.0
agri_aa_oil__Plantheight	methwin__mCHH__cis__Zm00001d045323	2	0.007783837215550959	0.007783837215550959	mCHH	cis	Zm00001d045323	9	18935792	18946869	-	93	0.042690832167863846	0.0
agri_aa_oil__Plantheight	methwin__mCHH__promoter__Zm00001d045322	2	0.007780599135247099	0.007780599135247099	mCHH	promoter	Zm00001d045322	9	18928371	18933635	-	40	0.042690832167863846	0.0
agri_aa_oil__Plantheight	methwin__mCHH__cis__Zm00001d044142	2	0.0073924342003782	0.0073924342003782	mCHH	cis	Zm00001d044142	3	220335813	220336259	+	55	0.04944935813546181	0.0
agri_aa_oil__Plantheight	methwin__mCHH__promoter__Zm00001d044142	2	0.007362142594301272	0.007362142594301272	mCHH	promoter	Zm00001d044142	3	220335813	220336259	+	24	0.04944935813546181	0.0
agri_aa_oil__Plantheight	methwin__mCHH__cis__Zm00001d044143	2	0.007336500454453357	0.007336500454453357	mCHH	cis	Zm00001d044143	3	220337194	220344160	-	56	0.04944935813546181	0.0
agri_aa_oil__Plantheight	methwin__mCG__promoter__Zm00001d013380	2	-0.0056317055406374045	0.007189447389948505	mCG	promoter	Zm00001d013380	5	10041244	10059831	+	50	0.1758076399564743	0.0
agri_aa_oil__Plantheight	methwin__mCHG__promoter__Zm00001d050851	2	0.007171460803027755	0.007171460803027755	mCHG	promoter	Zm00001d050851	4	126959985	126984791	-	112	0.12770673632621765	0.0
agri_aa_oil__Plantheight	methwin__mCHG__cis__Zm00001d050851	2	0.007170400358590153	0.007170400358590153	mCHG	cis	Zm00001d050851	4	126959985	126984791	-	401	0.12770673632621765	0.0
agri_aa_oil__Plantheight	methwin__mCHG__cis__Zm00001d050852	2	0.007169997015219998	0.007169997015219998	mCHG	cis	Zm00001d050852	4	126980289	126983404	+	400	0.12770673632621765	0.0
agri_aa_oil__Plantheight	methwin__mCG__cis__Zm00001d044142	2	0.006192694466746779	0.006192694466746779	mCG	cis	Zm00001d044142	3	220335813	220336259	+	395	0.1595831662416458	0.0
agri_aa_oil__Plantheight	methwin__mCG__promoter__Zm00001d044142	2	0.006170251557574004	0.006170251557574004	mCG	promoter	Zm00001d044142	3	220335813	220336259	+	149	0.1595831662416458	0.0
agri_aa_oil__Plantheight	methwin__mCG__cis__Zm00001d044143	2	0.006138968576071184	0.006138968576071184	mCG	cis	Zm00001d044143	3	220337194	220344160	-	396	0.1595831662416458	0.0
agri_aa_oil__Plantheight	methwin__mCHH__gene__Zm00001d006456	2	-0.002677409690432503	0.002677409690432503	mCHH	gene	Zm00001d006456	2	208770104	208775751	-	74	0.01345212385058403	0.0
agri_aa_oil__Plantheight	methwin__mCHH__gene__Zm00001d006030	2	-0.0026219180528358112	0.0026219180528358112	mCHH	gene	Zm00001d006030	2	195706441	195714239	+	172	0.00801548920571804	0.0
agri_aa_oil__Plantheight	methwin__mCHG__promoter__Zm00001d049999	1	0.10371025384367144	0.10371025384367144	mCHG	promoter	Zm00001d049999	4	58832562	58834551	+	477	0.10116664320230484	0.0
agri_aa_oil__Plantheight	methwin__mCG__gene__Zm00001d007281	1	0.08451116221089579	0.08451116221089579	mCG	gene	Zm00001d007281	2	226783207	226786719	-	94	0.16048941016197205	0.0
agri_aa_oil__Plantheight	methwin__mCG__cis__Zm00001d025651	1	-0.08389944302655926	0.08389944302655926	mCG	cis	Zm00001d025651	10	125013169	125020527	-	456	0.15788133442401886	0.0
agri_aa_oil__Plantheight	methwin__mCG__cis__Zm00001d049888	1	-0.0834261831036744	0.0834261831036744	mCG	cis	Zm00001d049888	4	50687439	50693090	-	472	0.15728545188903809	0.0
agri_aa_oil__Plantheight	methwin__mCHG__promoter__Zm00001d009707	1	0.08247155872099403	0.08247155872099403	mCHG	promoter	Zm00001d009707	8	77010835	77013364	+	382	0.10625723749399185	0.0
agri_aa_oil__Plantheight	methwin__mCG__promoter__Zm00001d042639	1	-0.07965997593114114	0.07965997593114114	mCG	promoter	Zm00001d042639	3	174860172	174893608	-	337	0.14391417801380157	0.0
agri_aa_oil__Plantheight	methwin__mCHH__gene__Zm00001d033843	1	-0.07574451196306681	0.07574451196306681	mCHH	gene	Zm00001d033843	1	275587872	275609679	+	332	0.004947105888277292	0.0
agri_aa_oil__Plantheight	methwin__mCHH__promoter__Zm00001d035016	1	-0.07284357385530933	0.07284357385530933	mCHH	promoter	Zm00001d035016	6	1849044	1850408	-	389	0.013204354792833328	0.0
agri_aa_oil__Plantheight	methwin__mCHG__promoter__Zm00001d031291	1	-0.06946219928086103	0.06946219928086103	mCHG	promoter	Zm00001d031291	1	185472894	185477491	+	73	0.1340131163597107	0.0
agri_aa_oil__Plantheight	methwin__mCHH__promoter__Zm00001d040555	1	0.06700881325315318	0.06700881325315318	mCHH	promoter	Zm00001d040555	3	49418717	49420159	-	424	0.012204013764858246	0.0
agri_aa_oil__Plantheight	methwin__mCG__gene__Zm00001d011598	1	-0.0657106873587536	0.0657106873587536	mCG	gene	Zm00001d011598	8	155464778	155473339	-	207	0.14687290787696838	0.0
agri_aa_oil__Plantheight	methwin__mCHH__promoter__Zm00001d009506	1	-0.06398870879138528	0.06398870879138528	mCHH	promoter	Zm00001d009506	8	67915226	67917651	+	494	0.010617335326969624	0.0
agri_aa_oil__Plantheight	methwin__mCHG__promoter__Zm00001d053301	1	0.06301703705993374	0.06301703705993374	mCHG	promoter	Zm00001d053301	4	225026663	225038512	-	403	0.10495517402887344	0.0
agri_aa_oil__Plantheight	methwin__mCG__promoter__Zm00001d003929	1	-0.057794041968798615	0.057794041968798615	mCG	promoter	Zm00001d003929	2	69607220	69609968	-	485	0.13385502994060516	0.0
agri_aa_oil__Plantheight	methwin__mCG__promoter__Zm00001d025756	1	0.056897558725596716	0.056897558725596716	mCG	promoter	Zm00001d025756	10	128574603	128578751	-	296	0.1471487134695053	0.0
agri_aa_oil__Plantheight	methwin__mCHG__promoter__Zm00001d020267	1	0.05616231488405173	0.05616231488405173	mCHG	promoter	Zm00001d020267	7	103377384	103378274	+	432	0.10353577882051468	0.0
agri_aa_oil__Plantheight	methwin__mCG__promoter__Zm00001d003835	1	0.055482737162837255	0.055482737162837255	mCG	promoter	Zm00001d003835	2	61464112	61464516	+	416	0.13835912942886353	0.0
agri_aa_oil__Plantheight	methwin__mCHG__promoter__Zm00001d023327	1	0.05509740824086304	0.05509740824086304	mCHG	promoter	Zm00001d023327	10	3460713	3479462	-	23	0.14866769313812256	0.0
agri_aa_oil__Plantheight	methwin__mCHG__cis__Zm00001d023327	1	0.055089937595096394	0.055089937595096394	mCHG	cis	Zm00001d023327	10	3460713	3479462	-	68	0.14866769313812256	0.0
agri_aa_oil__Plantheight	methwin__mCHG__gene__Zm00001d033502	1	-0.054206222126273115	0.054206222126273115	mCHG	gene	Zm00001d033502	1	264617690	264642218	+	346	0.10748876631259918	0.0
agri_aa_oil__Plantheight	methwin__mCG__cis__Zm00001d038797	1	-0.05413354866652899	0.05413354866652899	mCG	cis	Zm00001d038797	6	164581424	164588542	+	364	0.1611386388540268	0.0
agri_aa_oil__Plantheight	methwin__mCG__promoter__Zm00001d038797	1	-0.05413221248920469	0.05413221248920469	mCG	promoter	Zm00001d038797	6	164581424	164588542	+	137	0.1611386388540268	0.0
agri_aa_oil__Plantheight	methwin__mCHG__gene__Zm00001d009910	1	-0.05354166150669494	0.05354166150669494	mCHG	gene	Zm00001d009910	8	89031988	89036730	-	210	0.11779198050498962	0.0
agri_aa_oil__Plantheight	methwin__mCHH__gene__Zm00001d029487	1	0.05215157665196439	0.05215157665196439	mCHH	gene	Zm00001d029487	1	72828318	72836027	+	320	0.005157921463251114	0.0
agri_aa_oil__Plantheight	methwin__mCHG__gene__Zm00001d042706	1	-0.05210747934604944	0.05210747934604944	mCHG	gene	Zm00001d042706	3	177609579	177634652	+	302	0.11057570576667786	0.0
agri_aa_oil__Plantheight	methwin__mCHG__gene__Zm00001d014132	1	0.051837942325856076	0.051837942325856076	mCHG	gene	Zm00001d014132	5	33578544	33584855	+	248	0.11469757556915283	0.0
agri_aa_oil__Plantheight	methwin__mCG__gene__Zm00001d015656	1	0.051643164403355986	0.051643164403355986	mCG	gene	Zm00001d015656	5	103458929	103463990	-	268	0.14138974249362946	0.0
agri_aa_oil__Plantheight	methwin__mCHH__promoter__Zm00001d009230	1	0.05071479486110673	0.05071479486110673	mCHH	promoter	Zm00001d009230	8	45227427	45230530	+	391	0.013183820992708206	0.0
agri_aa_oil__Plantheight	methwin__mCHH__promoter__Zm00001d027715	1	0.049244404587774335	0.049244404587774335	mCHH	promoter	Zm00001d027715	1	11952380	11984542	+	136	0.026613082736730576	0.0
agri_aa_oil__Plantheight	methwin__mCHH__gene__Zm00001d002208	1	-0.04912418665055735	0.04912418665055735	mCHH	gene	Zm00001d002208	2	8254579	8257472	+	130	0.00980810821056366	0.0
agri_aa_oil__Plantheight	methwin__mCHG__gene__Zm00001d033629	1	-0.04905229015722716	0.04905229015722716	mCHG	gene	Zm00001d033629	1	269167771	269173673	+	156	0.12398723512887955	0.0
agri_aa_oil__Plantheight	methwin__mCG__promoter__Zm00001d053157	1	0.047214832568396446	0.047214832568396446	mCG	promoter	Zm00001d053157	4	217060747	217062010	-	189	0.15606439113616943	0.0
agri_aa_oil__Plantheight	methwin__mCHH__promoter__Zm00001d017284	1	-0.047103310364978127	0.047103310364978127	mCHH	promoter	Zm00001d017284	5	191690481	191693464	+	394	0.013071547262370586	0.0
agri_aa_oil__Plantheight	methwin__mCHH__gene__Zm00001d033126	1	0.046824911408329395	0.046824911408329395	mCHH	gene	Zm00001d033126	1	251441007	251442437	-	314	0.005239307414740324	0.0
agri_aa_oil__Plantheight	methwin__mCHH__promoter__Zm00001d002716	1	-0.04673779099338891	0.04673779099338891	mCHH	promoter	Zm00001d002716	2	20247253	20251280	-	294	0.016402849927544594	0.0
agri_aa_oil__Plantheight	methwin__mCHH__promoter__Zm00001d037249	1	-0.045807328765650975	0.045807328765650975	mCHH	promoter	Zm00001d037249	6	117988295	117990111	-	275	0.017133159562945366	0.0
agri_aa_oil__Plantheight	methwin__mCG__promoter__Zm00001d010881	1	-0.04384226670080224	0.04384226670080224	mCG	promoter	Zm00001d010881	8	132069171	132070822	-	316	0.14480316638946533	0.0
agri_aa_oil__Plantheight	methwin__mCG__promoter__Zm00001d010882	1	-0.043840637707929515	0.043840637707929515	mCG	promoter	Zm00001d010882	8	132072009	132074855	+	317	0.14480316638946533	0.0
agri_aa_oil__Plantheight	methwin__mCHG__gene__Zm00001d046912	1	-0.04330517867425295	0.04330517867425295	mCHG	gene	Zm00001d046912	9	110202169	110204205	+	260	0.11372020840644836	0.0
agri_aa_oil__Plantheight	methwin__mCHH__gene__Zm00001d043560	1	-0.0427521234177093	0.0427521234177093	mCHH	gene	Zm00001d043560	3	203821009	203833894	-	489	0.002771975239738822	0.0
agri_aa_oil__Plantheight	methwin__mCHH__promoter__Zm00001d021513	1	-0.042347029910109815	0.042347029910109815	mCHH	promoter	Zm00001d021513	7	154682758	154684482	+	371	0.013593962416052818	0.0
agri_aa_oil__Plantheight	methwin__mCHH__gene__Zm00001d010489	1	-0.04210296820701669	0.04210296820701669	mCHH	gene	Zm00001d010489	8	117531416	117535036	+	331	0.004987228661775589	0.0
agri_aa_oil__Plantheight	methwin__mCHH__gene__Zm00001d037982	1	-0.0418796253249563	0.0418796253249563	mCHH	gene	Zm00001d037982	6	144216057	144258410	-	338	0.004877559840679169	0.0
agri_aa_oil__Plantheight	methwin__mCHH__gene__Zm00001d038197	1	-0.040795030919337595	0.040795030919337595	mCHH	gene	Zm00001d038197	6	151277845	151283466	-	345	0.004809906240552664	0.0
agri_aa_oil__Plantheight	methwin__mCHH__cis__Zm00001d049295	1	-0.038280647793613155	0.038280647793613155	mCHH	cis	Zm00001d049295	4	24981833	24987633	-	427	0.02404126152396202	0.0
agri_aa_oil__Plantheight	methwin__mCG__promoter__Zm00001d037561	1	-0.037909641712957645	0.037909641712957645	mCG	promoter	Zm00001d037561	6	129539187	129540972	-	347	0.14339517056941986	0.0
agri_aa_oil__Plantheight	methwin__mCHG__gene__Zm00001d019598	1	0.03641411439634085	0.03641411439634085	mCHG	gene	Zm00001d019598	7	45816670	45821314	+	345	0.1075698584318161	0.0
agri_aa_oil__Plantheight	methwin__mCHG__promoter__Zm00001d041189	1	0.036060458303882666	0.036060458303882666	mCHG	promoter	Zm00001d041189	3	104290096	104292116	+	397	0.10525286197662354	0.0
agri_aa_oil__Plantheight	methwin__mCHG__promoter__Zm00001d045021	1	0.035628010753333446	0.035628010753333446	mCHG	promoter	Zm00001d045021	9	10449711	10457896	-	456	0.10227194428443909	0.0
agri_aa_oil__Plantheight	methwin__mCHH__promoter__Zm00001d031981	1	-0.035605887850287656	0.035605887850287656	mCHH	promoter	Zm00001d031981	1	208507191	208517368	+	254	0.018227407708764076	0.0
agri_aa_oil__Plantheight	methwin__mCHG__promoter__Zm00001d033210	1	0.03531105905881027	0.03531105905881027	mCHG	promoter	Zm00001d033210	1	254194092	254197449	-	387	0.10592363774776459	0.0
agri_aa_oil__Plantheight	methwin__mCHG__gene__Zm00001d045353	1	0.03502669476891458	0.03502669476891458	mCHG	gene	Zm00001d045353	9	19416880	19434986	+	465	0.1008184403181076	0.0
agri_aa_oil__Plantheight	methwin__mCHG__gene__Zm00001d034043	1	0.034800493587924995	0.034800493587924995	mCHG	gene	Zm00001d034043	1	282043067	282045983	-	400	0.10394235700368881	0.0
agri_aa_oil__Plantheight	methwin__mCG__promoter__Zm00001d042605	1	-0.03435832692043292	0.03435832692043292	mCG	promoter	Zm00001d042605	3	173345540	173347055	+	376	0.14161986112594604	0.0
agri_aa_oil__Plantheight	methwin__mCG__cis__Zm00001d014117	1	0.034295306815616024	0.034295306815616024	mCG	cis	Zm00001d014117	5	33025257	33030501	-	278	0.16439953446388245	0.0
agri_aa_oil__Plantheight	methwin__mCG__promoter__Zm00001d016389	1	0.03370624240101147	0.03370624240101147	mCG	promoter	Zm00001d016389	5	160556110	160559708	+	461	0.13545052707195282	0.0
agri_aa_oil__Plantheight	methwin__mCG__gene__Zm00001d002917	1	-0.03332931581390948	0.03332931581390948	mCG	gene	Zm00001d002917	2	26418750	26428989	+	19	0.17717497050762177	0.0
agri_aa_oil__Plantheight	methwin__mCG__cis__Zm00001d002917	1	-0.03331502119489965	0.03331502119489965	mCG	cis	Zm00001d002917	2	26418750	26428989	+	107	0.17717497050762177	0.0
agri_aa_oil__Plantheight	methwin__mCG__promoter__Zm00001d002917	1	-0.03331459004753521	0.03331459004753521	mCG	promoter	Zm00001d002917	2	26418750	26428989	+	39	0.17717497050762177	0.0
agri_aa_oil__Plantheight	methwin__mCHG__promoter__Zm00001d004589	1	0.03187451825438836	0.03187451825438836	mCHG	promoter	Zm00001d004589	2	120540375	120540912	+	317	0.11097817867994308	0.0
agri_aa_oil__Plantheight	methwin__mCHG__gene__Zm00001d050301	1	0.03174392742241573	0.03174392742241573	mCHG	gene	Zm00001d050301	4	79816753	79817505	-	333	0.10849348455667496	0.0
agri_aa_oil__Plantheight	methwin__mCHH__gene__Zm00001d003994	1	-0.03156074602409923	0.03156074602409923	mCHH	gene	Zm00001d003994	2	74388931	74393436	+	42	0.01947580836713314	0.0
agri_aa_oil__Plantheight	methwin__mCHH__gene__Zm00001d030920	1	-0.030503675337018976	0.030503675337018976	mCHH	gene	Zm00001d030920	1	167480539	167521571	+	141	0.009348194114863873	0.0
agri_aa_oil__Plantheight	methwin__mCHH__gene__Zm00001d009167	1	0.029500905678767154	0.029500905678767154	mCHH	gene	Zm00001d009167	8	40630094	40633047	+	288	0.005581408739089966	0.0
agri_aa_oil__Plantheight	methwin__mCHH__cis__Zm00001d034164	1	0.028445934964483683	0.028445934964483683	mCHH	cis	Zm00001d034164	1	285585484	285591541	+	122	0.03949514776468277	0.0
agri_aa_oil__Plantheight	methwin__mCHH__promoter__Zm00001d034164	1	0.02844508667223351	0.02844508667223351	mCHH	promoter	Zm00001d034164	1	285585484	285591541	+	50	0.03949514776468277	0.0
agri_aa_oil__Plantheight	methwin__mCHH__cis__Zm00001d034165	1	0.028441567245916195	0.028441567245916195	mCHH	cis	Zm00001d034165	1	285594394	285595774	-	123	0.03949514776468277	0.0
agri_aa_oil__Plantheight	methwin__mCHH__promoter__Zm00001d039182	1	0.028430867540335292	0.028430867540335292	mCHH	promoter	Zm00001d039182	6	172040849	172046215	-	48	0.03977923467755318	0.0
agri_aa_oil__Plantheight	methwin__mCHH__cis__Zm00001d039182	1	0.028425964175225103	0.028425964175225103	mCHH	cis	Zm00001d039182	6	172040849	172046215	-	117	0.03977923467755318	0.0
agri_aa_oil__Plantheight	methwin__mCHH__cis__Zm00001d039181	1	0.02841469583435259	0.02841469583435259	mCHH	cis	Zm00001d039181	6	172035940	172039648	-	116	0.03977923467755318	0.0
agri_aa_oil__Plantheight	methwin__mCHG__promoter__Zm00001d030693	1	0.02758912033267511	0.02758912033267511	mCHG	promoter	Zm00001d030693	1	153699766	153703568	+	444	0.10285887122154236	0.0
agri_aa_oil__Plantheight	methwin__mCHG__gene__Zm00001d030693	1	0.02758906135738953	0.02758906135738953	mCHG	gene	Zm00001d030693	1	153699766	153703568	+	423	0.10285887122154236	0.0
agri_aa_oil__Plantheight	methwin__mCHG__cis__Zm00001d037158	1	0.027317601117324522	0.027317601117324522	mCHG	cis	Zm00001d037158	6	114233341	114234231	+	95	0.1450468897819519	0.0
agri_aa_oil__Plantheight	methwin__mCHG__cis__Zm00001d015341	1	0.02695214968240597	0.02695214968240597	mCHG	cis	Zm00001d015341	5	85339893	85340369	+	126	0.14133788645267487	0.0
agri_aa_oil__Plantheight	methwin__mCG__cis__Zm00001d047342	1	0.026636310421364433	0.026636310421364433	mCG	cis	Zm00001d047342	9	127001575	127002543	+	169	0.17241574823856354	0.0
agri_aa_oil__Plantheight	methwin__mCG__gene__Zm00001d002433	1	-0.025909524995891837	0.025909524995891837	mCG	gene	Zm00001d002433	2	12559556	12564353	+	484	0.12401892244815826	0.0
agri_aa_oil__Plantheight	methwin__mCG__gene__Zm00001d039723	1	0.025907190591877852	0.025907190591877852	mCG	gene	Zm00001d039723	3	12989962	12990863	-	305	0.13811075687408447	0.0
agri_aa_oil__Plantheight	methwin__mCHG__cis__Zm00001d019670	1	0.025666263631303657	0.025666263631303657	mCHG	cis	Zm00001d019670	7	49531543	49544334	-	257	0.13347013294696808	0.0
agri_aa_oil__Plantheight	methwin__mCHG__promoter__Zm00001d019670	1	0.025663968471102465	0.025663968471102465	mCHG	promoter	Zm00001d019670	7	49531543	49544334	-	75	0.13347013294696808	0.0
agri_aa_oil__Plantheight	methwin__mCHH__cis__Zm00001d019671	1	0.02548285274619038	0.02548285274619038	mCHH	cis	Zm00001d019671	7	49649330	49652592	+	80	0.045695673674345016	0.0
agri_aa_oil__Plantheight	methwin__mCHH__cis__Zm00001d019672	1	0.02548254696282945	0.02548254696282945	mCHH	cis	Zm00001d019672	7	49652839	49657753	-	81	0.045695673674345016	0.0
agri_aa_oil__Plantheight	methwin__mCG__promoter__Zm00001d020580	1	0.025447187377145814	0.025447187377145814	mCG	promoter	Zm00001d020580	7	123664001	123664456	+	277	0.14854474365711212	0.0
agri_aa_oil__Plantheight	methwin__mCHG__promoter__Zm00001d032468	1	0.02520958871954156	0.02520958871954156	mCHG	promoter	Zm00001d032468	1	227650951	227651577	+	214	0.11826460808515549	0.0
agri_aa_oil__Plantheight	methwin__mCHG__gene__Zm00001d039385	1	0.025181781935255443	0.025181781935255443	mCHG	gene	Zm00001d039385	3	3092385	3107653	-	230	0.11590839177370071	0.0
agri_aa_oil__Plantheight	methwin__mCG__promoter__Zm00001d046354	1	0.025108794967011315	0.025108794967011315	mCG	promoter	Zm00001d046354	9	83394090	83396208	+	305	0.14595553278923035	0.0
agri_aa_oil__Plantheight	methwin__mCHH__promoter__Zm00001d005238	1	0.02498677378165344	0.02498677378165344	mCHH	promoter	Zm00001d005238	2	165152617	165157842	+	335	0.015086055733263493	0.0
agri_aa_oil__Plantheight	methwin__mCHH__gene__Zm00001d008304	1	-0.024471477231464506	0.024471477231464506	mCHH	gene	Zm00001d008304	8	4693297	4696140	+	282	0.0056239645928144455	0.0
agri_aa_oil__Plantheight	methwin__mCHG__gene__Zm00001d005075	1	0.024100985340364527	0.024100985340364527	mCHG	gene	Zm00001d005075	2	157349606	157350700	+	487	0.09946851432323456	0.0
agri_aa_oil__Plantheight	methwin__mCG__promoter__Zm00001d002039	1	0.023799164066147536	0.023799164066147536	mCG	promoter	Zm00001d002039	2	4866662	4870005	-	206	0.1543566882610321	0.0
agri_aa_oil__Plantheight	methwin__mCHG__promoter__Zm00001d049765	1	0.023289494303159835	0.023289494303159835	mCHG	promoter	Zm00001d049765	4	43843113	43845756	+	213	0.11867623776197433	0.0
agri_aa_oil__Plantheight	methwin__mCHG__gene__Zm00001d049765	1	0.023275167012541585	0.023275167012541585	mCHG	gene	Zm00001d049765	4	43843113	43845756	+	197	0.11867623776197433	0.0
agri_aa_oil__Plantheight	methwin__mCG__cis__Zm00001d035230	1	0.022599151072242786	0.022599151072242786	mCG	cis	Zm00001d035230	6	15651139	15656858	+	262	0.165799081325531	0.0
agri_aa_oil__Plantheight	methwin__mCHG__cis__Zm00001d007474	1	-0.022584991341453843	0.022584991341453843	mCHG	cis	Zm00001d007474	2	232516766	232520492	-	298	0.1313115507364273	0.0
agri_aa_oil__Plantheight	methwin__mCHH__cis__Zm00001d040059	1	-0.02239182413851318	0.02239182413851318	mCHH	cis	Zm00001d040059	3	25411899	25415727	+	293	0.02857952192425728	0.0
agri_aa_oil__Plantheight	methwin__mCHH__gene__Zm00001d014807	1	0.021889087707876145	0.021889087707876145	mCHH	gene	Zm00001d014807	5	63871255	63871940	+	284	0.00559580372646451	0.0
agri_aa_oil__Plantheight	methwin__mCG__cis__Zm00001d014878	1	0.021883974791600178	0.021883974791600178	mCG	cis	Zm00001d014878	5	66786563	66788845	+	46	0.18640676140785217	0.0
agri_aa_oil__Plantheight	methwin__mCG__promoter__Zm00001d014877	1	0.02188359798408883	0.02188359798408883	mCG	promoter	Zm00001d014877	5	66781548	66786336	+	19	0.18640676140785217	0.0
agri_aa_oil__Plantheight	methwin__mCG__promoter__Zm00001d014876	1	0.021882841567466053	0.021882841567466053	mCG	promoter	Zm00001d014876	5	66769630	66779962	-	20	0.18640676140785217	0.0
agri_aa_oil__Plantheight	methwin__mCG__promoter__Zm00001d013767	1	0.021628771238443187	0.021628771238443187	mCG	promoter	Zm00001d013767	5	19727228	19732921	+	379	0.14149677753448486	0.0
agri_aa_oil__Plantheight	methwin__mCHH__gene__Zm00001d029117	1	0.021571311356405984	0.021571311356405984	mCHH	gene	Zm00001d029117	1	58531960	58532976	+	175	0.007974660024046898	0.0
agri_aa_oil__Plantheight	methwin__mCHH__gene__Zm00001d051551	1	0.021173907136206333	0.021173907136206333	mCHH	gene	Zm00001d051551	4	162409039	162410028	+	153	0.008718427270650864	0.0
agri_aa_oil__Plantheight	methwin__mCHH__cis__Zm00001d032267	1	0.021042504671423132	0.021042504671423132	mCHH	cis	Zm00001d032267	1	219821587	219829798	+	38	0.056586854159832	0.0
agri_aa_oil__Plantheight	methwin__mCHG__promoter__Zm00001d005374	1	0.02055716926720186	0.02055716926720186	mCHG	promoter	Zm00001d005374	2	171332454	171332684	-	300	0.1120162159204483	0.0
agri_aa_oil__Plantheight	methwin__mCHG__gene__Zm00001d005374	1	0.020555657050649014	0.020555657050649014	mCHG	gene	Zm00001d005374	2	171332454	171332684	-	287	0.1120162159204483	0.0
agri_aa_oil__Plantheight	methwin__mCHH__cis__Zm00001d037181	1	-0.020298162240113268	0.020298162240113268	mCHH	cis	Zm00001d037181	6	114889409	114890914	+	390	0.025096170604228973	0.0
agri_aa_oil__Plantheight	methwin__mCHH__cis__Zm00001d037180	1	-0.02029593592440229	0.02029593592440229	mCHH	cis	Zm00001d037180	6	114877169	114878146	-	389	0.025096170604228973	0.0
agri_aa_oil__Plantheight	methwin__mCHG__gene__Zm00001d028552	1	0.01978298640892488	0.01978298640892488	mCHG	gene	Zm00001d028552	1	38985184	38986051	+	375	0.10496055334806442	0.0
agri_aa_oil__Plantheight	methwin__mCHG__gene__Zm00001d026593	1	0.019739129170107207	0.019739129170107207	mCHG	gene	Zm00001d026593	10	148637522	148656835	-	316	0.1098039448261261	0.0
agri_aa_oil__Plantheight	methwin__mCHH__cis__Zm00001d047078	1	0.018395068815377596	0.018395068815377596	mCHH	cis	Zm00001d047078	9	117546061	117551091	-	357	0.02597021497786045	0.0
agri_aa_oil__Plantheight	methwin__mCHH__promoter__Zm00001d047078	1	0.01839478862108992	0.01839478862108992	mCHH	promoter	Zm00001d047078	9	117546061	117551091	-	142	0.02597021497786045	0.0
agri_aa_oil__Plantheight	methwin__mCHH__cis__Zm00001d010402	1	-0.018319292614517098	0.018319292614517098	mCHH	cis	Zm00001d010402	8	113056986	113057636	+	168	0.03562040254473686	0.0
agri_aa_oil__Plantheight	methwin__mCHH__cis__Zm00001d010403	1	-0.01831907933591101	0.01831907933591101	mCHH	cis	Zm00001d010403	8	113059177	113063728	-	169	0.03562040254473686	0.0
agri_aa_oil__Plantheight	methwin__mCHH__promoter__Zm00001d010402	1	-0.01831891545441217	0.01831891545441217	mCHH	promoter	Zm00001d010402	8	113056986	113057636	+	66	0.03562040254473686	0.0
agri_aa_oil__Plantheight	methwin__mCG__gene__Zm00001d052319	1	0.017999692070529504	0.017999692070529504	mCG	gene	Zm00001d052319	4	187031142	187035246	+	99	0.15964962542057037	0.0
agri_aa_oil__Plantheight	methwin__mCG__cis__Zm00001d052320	1	0.01799821612776562	0.01799821612776562	mCG	cis	Zm00001d052320	4	187038296	187044482	+	394	0.15964962542057037	0.0
agri_aa_oil__Plantheight	methwin__mCG__cis__Zm00001d052319	1	0.01799737666919941	0.01799737666919941	mCG	cis	Zm00001d052319	4	187031142	187035246	+	393	0.15964962542057037	0.0
agri_aa_oil__Plantheight	methwin__mCG__cis__Zm00001d051509	1	0.017711086836436973	0.017711086836436973	mCG	cis	Zm00001d051509	4	160961176	160963697	+	27	0.19102166593074799	0.0
agri_aa_oil__Plantheight	methwin__mCG__cis__Zm00001d051510	1	0.01771086613775011	0.01771086613775011	mCG	cis	Zm00001d051510	4	160975159	160976049	-	26	0.19102166593074799	0.0
agri_aa_oil__Plantheight	methwin__mCHH__gene__Zm00001d016311	1	-0.01769682241335462	0.01769682241335462	mCHH	gene	Zm00001d016311	5	156652377	156668073	-	129	0.009872903116047382	0.0
agri_aa_oil__Plantheight	methwin__mCG__promoter__Zm00001d033400	1	0.017505895805636922	0.017505895805636922	mCG	promoter	Zm00001d033400	1	261836342	261838185	+	325	0.1444244533777237	0.0
agri_aa_oil__Plantheight	methwin__mCG__gene__Zm00001d033400	1	0.017505466498600374	0.017505466498600374	mCG	gene	Zm00001d033400	1	261836342	261838185	+	234	0.1444244533777237	0.0
agri_aa_oil__Plantheight	methwin__mCHG__gene__Zm00001d009671	1	0.017406741111574673	0.017406741111574673	mCHG	gene	Zm00001d009671	8	75375953	75379692	+	332	0.10856102406978607	0.0
agri_aa_oil__Plantheight	methwin__mCG__promoter__Zm00001d045160	1	0.01688869712539074	0.01688869712539074	mCG	promoter	Zm00001d045160	9	14630323	14638218	-	182	0.15640220046043396	0.0
agri_aa_oil__Plantheight	methwin__mCHG__cis__Zm00001d014360	1	-0.016756349840974245	0.016756349840974245	mCHG	cis	Zm00001d014360	5	42665588	42669804	+	129	0.1410810500383377	0.0
agri_aa_oil__Plantheight	methwin__mCHG__gene__Zm00001d039855	1	0.016556518865353816	0.016556518865353816	mCHG	gene	Zm00001d039855	3	16740174	16743851	+	117	0.12871478497982025	0.0
agri_aa_oil__Plantheight	methwin__mCG__gene__Zm00001d047800	1	0.01654265904209209	0.01654265904209209	mCG	gene	Zm00001d047800	9	142110332	142111936	-	426	0.1283225566148758	0.0
agri_aa_oil__Plantheight	methwin__mCHG__promoter__Zm00001d032968	1	0.016496220124415616	0.016496220124415616	mCHG	promoter	Zm00001d032968	1	244998348	245014854	+	491	0.10030612349510193	0.0
agri_aa_oil__Plantheight	methwin__mCHG__promoter__Zm00001d032967	1	0.016494947866369732	0.016494947866369732	mCHG	promoter	Zm00001d032967	1	244981884	244997475	-	490	0.10030612349510193	0.0
agri_aa_oil__Plantheight	methwin__mCHG__gene__Zm00001d032967	1	0.016493541694938434	0.016493541694938434	mCHG	gene	Zm00001d032967	1	244981884	244997475	-	476	0.10030612349510193	0.0
agri_aa_oil__Plantheight	methwin__mCG__cis__Zm00001d028568	1	0.016319513892608422	0.016319513892608422	mCG	cis	Zm00001d028568	1	39393998	39401889	+	386	0.15990450978279114	0.0
agri_aa_oil__Plantheight	methwin__mCG__gene__Zm00001d028567	1	0.016317611641250982	0.016317611641250982	mCG	gene	Zm00001d028567	1	39386655	39389622	-	97	0.15990450978279114	0.0
agri_aa_oil__Plantheight	methwin__mCG__cis__Zm00001d028567	1	0.016315282957521784	0.016315282957521784	mCG	cis	Zm00001d028567	1	39386655	39389622	-	387	0.15990450978279114	0.0
agri_aa_oil__Plantheight	methwin__mCHG__gene__Zm00001d052863	1	0.016162243666429328	0.016162243666429328	mCHG	gene	Zm00001d052863	4	202865538	202866071	+	363	0.10595312714576721	0.0
agri_aa_oil__Plantheight	methwin__mCHG__cis__Zm00001d036229	1	0.01602723039360285	0.01602723039360285	mCHG	cis	Zm00001d036229	6	78015273	78015737	+	75	0.14781083166599274	0.0
agri_aa_oil__Plantheight	methwin__mCHG__gene__Zm00001d036229	1	0.016026997843105812	0.016026997843105812	mCHG	gene	Zm00001d036229	6	78015273	78015737	+	24	0.14781083166599274	0.0
agri_aa_oil__Plantheight	methwin__mCHG__promoter__Zm00001d036229	1	0.01596115281639574	0.01596115281639574	mCHG	promoter	Zm00001d036229	6	78015273	78015737	+	26	0.14781083166599274	0.0
agri_aa_oil__Plantheight	methwin__mCHG__gene__Zm00001d054104	1	0.015847024985029986	0.015847024985029986	mCHG	gene	Zm00001d054104	4	246521633	246556919	+	477	0.10016225278377533	0.0
agri_aa_oil__Plantheight	methwin__mCG__cis__Zm00001d005077	1	0.015827587131693063	0.015827587131693063	mCG	cis	Zm00001d005077	2	157581551	157582657	+	270	0.16492173075675964	0.0
agri_aa_oil__Plantheight	methwin__mCG__gene__Zm00001d005077	1	0.015817904454119503	0.015817904454119503	mCG	gene	Zm00001d005077	2	157581551	157582657	+	63	0.16492173075675964	0.0
agri_aa_oil__Plantheight	methwin__mCHH__promoter__Zm00001d031556	1	0.015573474350555594	0.015573474350555594	mCHH	promoter	Zm00001d031556	1	194157336	194158112	+	433	0.01196950301527977	0.0
agri_aa_oil__Plantheight	methwin__mCHH__promoter__Zm00001d053068	1	0.015163177407040726	0.015163177407040726	mCHH	promoter	Zm00001d053068	4	212048116	212048751	-	350	0.014237657189369202	0.0
agri_aa_oil__Plantheight	methwin__mCHH__promoter__Zm00001d042096	1	-0.015129083072848246	0.015129083072848246	mCHH	promoter	Zm00001d042096	3	150586826	150587533	-	277	0.016986854374408722	0.0
agri_aa_oil__Plantheight	methwin__mCG__promoter__Zm00001d045938	1	0.014788895580571818	0.014788895580571818	mCG	promoter	Zm00001d045938	9	47945117	47971768	-	102	0.16460853815078735	0.0
agri_aa_oil__Plantheight	methwin__mCG__cis__Zm00001d045938	1	0.01477708302666256	0.01477708302666256	mCG	cis	Zm00001d045938	9	47945117	47971768	-	274	0.16460853815078735	0.0
agri_aa_oil__Plantheight	methwin__mCHH__promoter__Zm00001d025589	1	0.01436094475141118	0.01436094475141118	mCHH	promoter	Zm00001d025589	10	123303091	123307977	-	9	0.06703244894742966	0.0
agri_aa_oil__Plantheight	methwin__mCHH__cis__Zm00001d025588	1	0.014357845022351325	0.014357845022351325	mCHH	cis	Zm00001d025588	10	123299914	123302351	-	19	0.06703244894742966	0.0
agri_aa_oil__Plantheight	methwin__mCHH__cis__Zm00001d025589	1	0.014352412909677344	0.014352412909677344	mCHH	cis	Zm00001d025589	10	123303091	123307977	-	20	0.06703244894742966	0.0
agri_aa_oil__Plantheight	methwin__mCHH__cis__Zm00001d025587	1	0.014348629611595602	0.014348629611595602	mCHH	cis	Zm00001d025587	10	123297388	123299277	-	21	0.06703244894742966	0.0
agri_aa_oil__Plantheight	methwin__mCHG__gene__Zm00001d041623	1	0.014189615919010428	0.014189615919010428	mCHG	gene	Zm00001d041623	3	129812156	129815014	-	236	0.11538942903280258	0.0
agri_aa_oil__Plantheight	methwin__mCHG__gene__Zm00001d012886	1	-0.014055536082471775	0.014055536082471775	mCHG	gene	Zm00001d012886	5	1605087	1607673	-	303	0.11036011576652527	0.0
agri_aa_oil__Plantheight	methwin__mCHH__cis__Zm00001d038691	1	-0.013872904489624876	0.013872904489624876	mCHH	cis	Zm00001d038691	6	162624149	162628635	+	290	0.028717176988720894	0.0
agri_aa_oil__Plantheight	methwin__mCHH__cis__Zm00001d038692	1	-0.013872685060707567	0.013872685060707567	mCHH	cis	Zm00001d038692	6	162628784	162630681	-	291	0.028717176988720894	0.0
agri_aa_oil__Plantheight	methwin__mCHG__gene__Zm00001d040982	1	0.01315580111186257	0.01315580111186257	mCHG	gene	Zm00001d040982	3	88101133	88101809	+	228	0.11610543727874756	0.0
agri_aa_oil__Plantheight	methwin__mCHH__gene__Zm00001d031232	1	-0.012898512254840544	0.012898512254840544	mCHH	gene	Zm00001d031232	1	182925112	182945175	-	295	0.005468566901981831	0.0
agri_aa_oil__Plantheight	methwin__mCHH__promoter__Zm00001d022587	1	0.012871104203964673	0.012871104203964673	mCHH	promoter	Zm00001d022587	7	180399277	180400797	-	365	0.013826409354805946	0.0
agri_aa_oil__Plantheight	methwin__mCHH__cis__Zm00001d025120	1	0.012867408820271627	0.012867408820271627	mCHH	cis	Zm00001d025120	10	105222089	105222574	-	132	0.038137391209602356	0.0
agri_aa_oil__Plantheight	methwin__mCHH__cis__Zm00001d025121	1	0.01286703524592851	0.01286703524592851	mCHH	cis	Zm00001d025121	10	105224193	105224695	+	133	0.038137391209602356	0.0
agri_aa_oil__Plantheight	methwin__mCHG__promoter__Zm00001d002127	1	0.012745041481352732	0.012745041481352732	mCHG	promoter	Zm00001d002127	2	6316912	6319518	-	222	0.1174079105257988	0.0
agri_aa_oil__Plantheight	methwin__mCHG__gene__Zm00001d002127	1	0.012742979244959297	0.012742979244959297	mCHG	gene	Zm00001d002127	2	6316912	6319518	-	214	0.1174079105257988	0.0
agri_aa_oil__Plantheight	methwin__mCHH__gene__Zm00001d005077	1	0.012528510637985595	0.012528510637985595	mCHH	gene	Zm00001d005077	2	157581551	157582657	+	481	0.002874000696465373	0.0
agri_aa_oil__Plantheight	methwin__mCG__cis__Zm00001d036998	1	-0.012485416929085228	0.012485416929085228	mCG	cis	Zm00001d036998	6	108627029	108628138	+	102	0.17732174694538116	0.0
agri_aa_oil__Plantheight	methwin__mCG__promoter__Zm00001d036997	1	-0.0124839554285498	0.0124839554285498	mCG	promoter	Zm00001d036997	6	108622832	108624892	+	38	0.17732174694538116	0.0
agri_aa_oil__Plantheight	methwin__mCG__cis__Zm00001d036997	1	-0.012483753723898301	0.012483753723898301	mCG	cis	Zm00001d036997	6	108622832	108624892	+	101	0.17732174694538116	0.0
agri_aa_oil__Plantheight	methwin__mCHG__cis__Zm00001d009352	1	0.012143954187152316	0.012143954187152316	mCHG	cis	Zm00001d009352	8	58140699	58156859	-	4	0.17523957788944244	0.0
agri_aa_oil__Plantheight	methwin__mCHG__promoter__Zm00001d009352	1	0.012141016075588287	0.012141016075588287	mCHG	promoter	Zm00001d009352	8	58140699	58156859	-	2	0.17523957788944244	0.0
agri_aa_oil__Plantheight	methwin__mCG__promoter__Zm00001d036229	1	0.011823783753681089	0.011823783753681089	mCG	promoter	Zm00001d036229	6	78015273	78015737	+	79	0.16935370862483978	0.0
agri_aa_oil__Plantheight	methwin__mCG__cis__Zm00001d036229	1	0.011746632488956415	0.011746632488956415	mCG	cis	Zm00001d036229	6	78015273	78015737	+	213	0.16935370862483978	0.0
agri_aa_oil__Plantheight	methwin__mCG__gene__Zm00001d021854	1	-0.011743035832865468	0.011743035832865468	mCG	gene	Zm00001d021854	7	164539814	164540449	+	381	0.1315627545118332	0.0
agri_aa_oil__Plantheight	methwin__mCG__gene__Zm00001d036229	1	0.011732106739499933	0.011732106739499933	mCG	gene	Zm00001d036229	6	78015273	78015737	+	50	0.16935370862483978	0.0
agri_aa_oil__Plantheight	methwin__mCHH__cis__Zm00001d048214	1	-0.010939837208528968	0.010939837208528968	mCHH	cis	Zm00001d048214	9	152581965	152582732	-	345	0.026654982939362526	0.0
agri_aa_oil__Plantheight	methwin__mCHH__cis__Zm00001d048212	1	-0.010939642698521258	0.010939642698521258	mCHH	cis	Zm00001d048212	9	152568647	152571790	-	347	0.026654982939362526	0.0
agri_aa_oil__Plantheight	methwin__mCHH__cis__Zm00001d048211	1	-0.01093961431899589	0.01093961431899589	mCHH	cis	Zm00001d048211	9	152568397	152569067	+	346	0.026654982939362526	0.0
agri_aa_oil__Plantheight	methwin__mCHG__gene__Zm00001d004912	1	0.010020068128921977	0.010020068128921977	mCHG	gene	Zm00001d004912	2	148091273	148143354	+	347	0.10721833258867264	0.0
agri_aa_oil__Plantheight	methwin__mCHH__gene__Zm00001d007202	1	-0.009900796947564927	0.009900796947564927	mCHH	gene	Zm00001d007202	2	224615447	224646665	+	373	0.004437130875885487	0.0
agri_aa_oil__Plantheight	methwin__mCHG__gene__Zm00001d015212	1	-0.009846092656160372	0.009846092656160372	mCHG	gene	Zm00001d015212	5	79554503	79570576	-	325	0.10900799930095673	0.0
agri_aa_oil__Plantheight	methwin__mCG__gene__Zm00001d024647	1	0.009699265772249216	0.009699265772249216	mCG	gene	Zm00001d024647	10	82038496	82042897	+	329	0.1357332319021225	0.0
agri_aa_oil__Plantheight	methwin__mCG__gene__Zm00001d031269	1	-0.009492045345107836	0.009492045345107836	mCG	gene	Zm00001d031269	1	184545305	184548977	-	322	0.13640567660331726	0.0
agri_aa_oil__Plantheight	methwin__mCG__promoter__Zm00001d018006	1	0.009279866842278762	0.009279866842278762	mCG	promoter	Zm00001d018006	5	211895819	211898527	+	103	0.16436859965324402	0.0
agri_aa_oil__Plantheight	methwin__mCG__cis__Zm00001d018006	1	0.009279139138933482	0.009279139138933482	mCG	cis	Zm00001d018006	5	211895819	211898527	+	279	0.16436859965324402	0.0
agri_aa_oil__Plantheight	methwin__mCHH__promoter__Zm00001d007277	1	-0.00837276213196404	0.00837276213196404	mCHH	promoter	Zm00001d007277	2	226571959	226574550	-	194	0.022508125752210617	0.0
agri_aa_oil__Plantheight	methwin__mCHH__cis__Zm00001d007277	1	-0.00837260545127735	0.00837260545127735	mCHH	cis	Zm00001d007277	2	226571959	226574550	-	489	0.022508125752210617	0.0
agri_aa_oil__Plantheight	methwin__mCHH__cis__Zm00001d040398	1	0.008142172522123594	0.008142172522123594	mCHH	cis	Zm00001d040398	3	41307697	41310069	-	2	0.08180461823940277	0.0
agri_aa_oil__Plantheight	methwin__mCG__promoter__Zm00001d052209	1	-0.007881133933342912	0.007881133933342912	mCG	promoter	Zm00001d052209	4	183315220	183317096	-	448	0.13609105348587036	0.0
agri_aa_oil__Plantheight	methwin__mCHG__gene__Zm00001d018046	1	-0.007463442127252939	0.007463442127252939	mCHG	gene	Zm00001d018046	5	212798586	212804962	+	372	0.10529785603284836	0.0
agri_aa_oil__Plantheight	methwin__mCHG__promoter__Zm00001d018046	1	-0.007463064913312666	0.007463064913312666	mCHG	promoter	Zm00001d018046	5	212798586	212804962	+	395	0.10529785603284836	0.0
agri_aa_oil__Plantheight	methwin__mCHG__cis__Zm00001d042071	1	0.007417809981897317	0.007417809981897317	mCHG	cis	Zm00001d042071	3	149678383	149678999	+	484	0.12525393068790436	0.0
agri_aa_oil__Plantheight	methwin__mCHG__gene__Zm00001d042071	1	0.007403688281548215	0.007403688281548215	mCHG	gene	Zm00001d042071	3	149678383	149678999	+	144	0.12525393068790436	0.0
agri_aa_oil__Plantheight	methwin__mCHG__cis__Zm00001d042072	1	0.0073838025904270806	0.0073838025904270806	mCHG	cis	Zm00001d042072	3	149678843	149680300	-	485	0.12525393068790436	0.0
agri_aa_oil__Plantheight	methwin__mCHH__promoter__Zm00001d017210	1	0.00735790432708356	0.00735790432708356	mCHH	promoter	Zm00001d017210	5	188995985	188997697	-	266	0.017627136781811714	0.0
agri_aa_oil__Plantheight	methwin__mCG__promoter__Zm00001d049765	1	0.007206307978986769	0.007206307978986769	mCG	promoter	Zm00001d049765	4	43843113	43845756	+	131	0.16189789772033691	0.0
agri_aa_oil__Plantheight	methwin__mCG__cis__Zm00001d049766	1	0.007203598410467592	0.007203598410467592	mCG	cis	Zm00001d049766	4	43845346	43848071	-	340	0.16189789772033691	0.0
agri_aa_oil__Plantheight	methwin__mCG__gene__Zm00001d049765	1	0.007143951060795726	0.007143951060795726	mCG	gene	Zm00001d049765	4	43843113	43845756	+	78	0.16189789772033691	0.0
agri_aa_oil__Plantheight	methwin__mCG__cis__Zm00001d049765	1	0.007136348000862614	0.007136348000862614	mCG	cis	Zm00001d049765	4	43843113	43845756	+	341	0.16189789772033691	0.0
agri_aa_oil__Plantheight	methwin__mCHH__gene__Zm00001d010622	1	0.007122197714118992	0.007122197714118992	mCHH	gene	Zm00001d010622	8	122164068	122168126	-	137	0.009502585977315903	0.0
agri_aa_oil__Plantheight	methwin__mCHG__promoter__Zm00001d034551	1	-0.006922870093731207	0.006922870093731207	mCHG	promoter	Zm00001d034551	1	296036999	296045917	-	473	0.10142667591571808	0.0
agri_aa_oil__Plantheight	methwin__mCHG__gene__Zm00001d034551	1	-0.006922444988553456	0.006922444988553456	mCHG	gene	Zm00001d034551	1	296036999	296045917	-	455	0.10142667591571808	0.0
agri_aa_oil__Plantheight	methwin__mCHH__cis__Zm00001d018541	1	-0.006669281210133591	0.006669281210133591	mCHH	cis	Zm00001d018541	5	222662281	222667195	+	210	0.03334254398941994	0.0
agri_aa_oil__Plantheight	methwin__mCHH__promoter__Zm00001d018541	1	-0.006655440456731763	0.006655440456731763	mCHH	promoter	Zm00001d018541	5	222662281	222667195	+	85	0.03334254398941994	0.0
agri_aa_oil__Plantheight	methwin__mCHH__cis__Zm00001d018542	1	-0.006645296464979295	0.006645296464979295	mCHH	cis	Zm00001d018542	5	222667426	222670507	+	209	0.03334254398941994	0.0
agri_aa_oil__Plantheight	methwin__mCHH__gene__Zm00001d021115	1	0.00635439765762971	0.00635439765762971	mCHH	gene	Zm00001d021115	7	143002308	143011725	-	365	0.00454730773344636	0.0
agri_aa_oil__Plantheight	methwin__mCG__promoter__Zm00001d007388	1	0.006258854965911734	0.006258854965911734	mCG	promoter	Zm00001d007388	2	230458500	230469941	+	122	0.162924125790596	0.0
agri_aa_oil__Plantheight	methwin__mCHG__gene__Zm00001d020933	1	0.005951045034608382	0.005951045034608382	mCHG	gene	Zm00001d020933	7	136990480	136992305	-	265	0.11332482844591141	0.0
agri_aa_oil__Plantheight	methwin__mCHG__gene__Zm00001d035898	1	0.005580603814167472	0.005580603814167472	mCHG	gene	Zm00001d035898	6	58726248	58736714	+	330	0.10867033898830414	0.0
agri_aa_oil__Plantheight	methwin__mCHH__gene__Zm00001d025239	1	-0.004208402785774749	0.004208402785774749	mCHH	gene	Zm00001d025239	10	110579973	110588202	-	54	0.017069390043616295	0.0
agri_aa_oil__Plantheight	methwin__mCHG__cis__Zm00001d050853	1	0.004089848398582041	0.004089848398582041	mCHG	cis	Zm00001d050853	4	126985662	126989709	-	402	0.12770673632621765	0.0
agri_aa_oil__Plantheight	methwin__mCG__cis__Zm00001d040433	1	-0.0036367306774710635	0.0036367306774710635	mCG	cis	Zm00001d040433	3	43315099	43316172	+	381	0.16018275916576385	0.0
agri_aa_oil__Plantheight	methwin__mCG__cis__Zm00001d040434	1	-0.0036363664328102206	0.0036363664328102206	mCG	cis	Zm00001d040434	3	43316706	43318537	+	380	0.16018275916576385	0.0
agri_aa_oil__Plantheight	methwin__mCHH__cis__Zm00001d008543	1	-0.003456802204477565	0.003456802204477565	mCHH	cis	Zm00001d008543	8	12496738	12498216	-	305	0.027813538908958435	0.0
agri_aa_oil__Plantheight	methwin__mCHG__gene__Zm00001d007281	1	0.0034354641366068175	0.0034354641366068175	mCHG	gene	Zm00001d007281	2	226783207	226786719	-	60	0.13825702667236328	0.0
agri_aa_oil__Plantheight	methwin__mCHG__cis__Zm00001d006798	1	0.0032704318481696156	0.0032704318481696156	mCHG	cis	Zm00001d006798	2	216935090	216965652	-	391	0.12840358912944794	0.0
agri_aa_oil__Plantheight	methwin__mCHG__gene__Zm00001d006798	1	0.0032696575885471685	0.0032696575885471685	mCHG	gene	Zm00001d006798	2	216935090	216965652	-	120	0.12840358912944794	0.0
agri_aa_oil__Plantheight	methwin__mCG__gene__Zm00001d026056	1	0.003008282862486085	0.003008282862486085	mCG	gene	Zm00001d026056	10	137257366	137260572	-	33	0.17246952652931213	0.0
agri_aa_oil__Plantheight	methwin__mCG__cis__Zm00001d026056	1	0.003007856338522267	0.003007856338522267	mCG	cis	Zm00001d026056	10	137257366	137260572	-	167	0.17246952652931213	0.0
agri_aa_oil__Plantheight	methwin__mCG__cis__Zm00001d026057	1	0.0030076963632993045	0.0030076963632993045	mCG	cis	Zm00001d026057	10	137266163	137268745	-	168	0.17246952652931213	0.0
agri_aa_oil__Plantheight	methwin__mCG__promoter__Zm00001d015252	1	0.002794819273129991	0.002794819273129991	mCG	promoter	Zm00001d015252	5	81412435	81417336	+	100	0.16581028699874878	0.0
agri_aa_oil__Plantheight	methwin__mCHG__promoter__Zm00001d022104	1	-0.002688579337898627	0.002688579337898627	mCHG	promoter	Zm00001d022104	7	170386654	170389910	-	170	0.12185213714838028	0.0
agri_aa_oil__Plantheight	methwin__mCG__promoter__Zm00001d009347	1	0.002601170854140141	0.002601170854140141	mCG	promoter	Zm00001d009347	8	57644930	57646526	+	105	0.1642916053533554	0.0
agri_aa_oil__Plantheight	methwin__mCG__cis__Zm00001d009346	1	0.0025994756171007845	0.0025994756171007845	mCG	cis	Zm00001d009346	8	57636335	57637000	+	281	0.1642916053533554	0.0
agri_aa_oil__Plantheight	methwin__mCG__cis__Zm00001d009347	1	0.0025991843359824303	0.0025991843359824303	mCG	cis	Zm00001d009347	8	57644930	57646526	+	282	0.1642916053533554	0.0
agri_aa_oil__Plantheight	methwin__mCHH__gene__Zm00001d032099	1	-0.0016021709127718776	0.0016021709127718776	mCHH	gene	Zm00001d032099	1	212671142	212697676	-	486	0.0028040739707648754	0.0
agri_aa_oil__Plantheight	methwin__mCG__gene__Zm00001d039854	1	0.0014487645906130432	0.0014487645906130432	mCG	gene	Zm00001d039854	3	16734903	16736516	-	291	0.13924852013587952	0.0
agri_aa_oil__Plantheight	methwin__mCHH__gene__Zm00001d051776	1	0.0014071425011352307	0.0014071425011352307	mCHH	gene	Zm00001d051776	4	169254420	169260633	-	432	0.0035803529899567366	0.0
agri_aa_oil__Plantheight	methwin__mCHG__gene__Zm00001d015302	1	0.0011449485532616641	0.0011449485532616641	mCHG	gene	Zm00001d015302	5	83443887	83444318	-	212	0.11755320429801941	0.0
agri_aa_oil__Plantheight	methwin__mCHH__gene__Zm00001d025044	1	-0.0009758821430478148	0.0009758821430478148	mCHH	gene	Zm00001d025044	10	101378979	101442082	+	233	0.006739121861755848	0.0
agri_aa_oil__Plantheight	methwin__mCHG__gene__Zm00001d020964	1	0.0007656742631373754	0.0007656742631373754	mCHG	gene	Zm00001d020964	7	138114949	138117085	-	134	0.12658312916755676	0.0
agri_aa_oil__Plantheight	methwin__mCHG__promoter__Zm00001d020965	1	0.0007332378898319252	0.0007332378898319252	mCHG	promoter	Zm00001d020965	7	138116641	138122918	+	124	0.12658312916755676	0.0
agri_aa_oil__Plantheight	methwin__mCHG__cis__Zm00001d020964	1	0.0007051913415917754	0.0007051913415917754	mCHG	cis	Zm00001d020964	7	138114949	138117085	-	450	0.12658312916755676	0.0
agri_aa_oil__Plantheight	methwin__mCHG__cis__Zm00001d020965	1	0.0006713815737837003	0.0006713815737837003	mCHG	cis	Zm00001d020965	7	138116641	138122918	+	449	0.12658312916755676	0.0
agri_aa_oil__Plantheight	methwin__mCHG__cis__Zm00001d038672	1	-3.448474850524655e-05	3.448474850524655e-05	mCHG	cis	Zm00001d038672	6	162349398	162358421	+	230	0.13483741879463196	0.0
agri_aa_oil__Plantheight	methwin__mCHG__gene__Zm00001d038672	1	-3.441481002758546e-05	3.441481002758546e-05	mCHG	gene	Zm00001d038672	6	162349398	162358421	+	79	0.13483741879463196	0.0
agri_aa_oil__Plantheight	methwin__mCHG__promoter__Zm00001d038672	1	-3.3881063388503935e-05	3.3881063388503935e-05	mCHG	promoter	Zm00001d038672	6	162349398	162358421	+	68	0.13483741879463196	0.0
agri_aa_oil__Plantheight	methwin__mCHH__cis__Zm00001d017261	1	-2.8585903987968356e-05	2.8585903987968356e-05	mCHH	cis	Zm00001d017261	5	190811612	190819034	+	309	0.027643365785479546	0.0
agri_aa_oil__Plantheight	methwin__mCHH__promoter__Zm00001d017261	1	-2.2539115009095846e-05	2.2539115009095846e-05	mCHH	promoter	Zm00001d017261	5	190811612	190819034	+	124	0.027643365785479546	0.0
metabolite__Norcinnamolaurine_E1	methwin__mCHH__gene__Zm00001d025117	5	-0.03259710579810378	0.03259710579810378	mCHH	gene	Zm00001d025117	10	105056013	105060537	+	36	0.020743444561958313	0.0
metabolite__Norcinnamolaurine_E1	methwin__mCHH__promoter__Zm00001d025116	5	-0.03259541370553913	0.03259541370553913	mCHH	promoter	Zm00001d025116	10	105050722	105054454	-	222	0.020743444561958313	0.0
metabolite__Norcinnamolaurine_E1	methwin__mCG__gene__Zm00001d001986	4	-0.06182464601643849	0.06182464601643849	mCG	gene	Zm00001d001986	2	3957234	3958169	-	470	0.12530367076396942	0.0
metabolite__Norcinnamolaurine_E1	methwin__mCHH__gene__Zm00001d009167	4	0.04867707215043339	0.04867707215043339	mCHH	gene	Zm00001d009167	8	40630094	40633047	+	288	0.005581408739089966	0.0
metabolite__Norcinnamolaurine_E1	methwin__mCHH__cis__Zm00001d052133	4	0.03402982072892578	0.03402982072892578	mCHH	cis	Zm00001d052133	4	180558735	180563266	-	84	0.04482823982834816	0.0
metabolite__Norcinnamolaurine_E1	methwin__mCG__gene__Zm00001d045962	4	-0.028685867000867872	0.028685867000867872	mCG	gene	Zm00001d045962	9	50243771	50262642	+	9	0.18396729230880737	0.0
metabolite__Norcinnamolaurine_E1	methwin__mCG__cis__Zm00001d045962	4	-0.028683718664179098	0.028683718664179098	mCG	cis	Zm00001d045962	9	50243771	50262642	+	53	0.18396729230880737	0.0
metabolite__Norcinnamolaurine_E1	methwin__mCHG__gene__Zm00001d045962	4	-0.024704222317924233	0.024704222317924233	mCHG	gene	Zm00001d045962	9	50243771	50262642	+	430	0.1025424674153328	0.0
metabolite__Norcinnamolaurine_E1	methwin__mCHG__cis__Zm00001d037158	4	0.023034378951123716	0.023034378951123716	mCHG	cis	Zm00001d037158	6	114233341	114234231	+	95	0.1450468897819519	0.0
metabolite__Norcinnamolaurine_E1	methwin__mCG__promoter__Zm00001d028494	4	0.021811311454465063	0.021811311454465063	mCG	promoter	Zm00001d028494	1	37048271	37048578	+	420	0.13812309503555298	0.0
metabolite__Norcinnamolaurine_E1	methwin__mCG__gene__Zm00001d028494	4	0.021810687728766598	0.021810687728766598	mCG	gene	Zm00001d028494	1	37048271	37048578	+	304	0.13812309503555298	0.0
metabolite__Norcinnamolaurine_E1	methwin__mCG__promoter__Zm00001d011363	3	-0.052877926508111926	0.052877926508111926	mCG	promoter	Zm00001d011363	8	148506457	148509460	-	65	0.17170573770999908	0.0
metabolite__Norcinnamolaurine_E1	methwin__mCHG__promoter__Zm00001d010462	3	0.043344002639760654	0.043344002639760654	mCHG	promoter	Zm00001d010462	8	116428681	116443993	+	189	0.12055722624063492	0.0
metabolite__Norcinnamolaurine_E1	methwin__mCHH__cis__Zm00001d050082	3	0.04333405123452996	0.04333405123452996	mCHH	cis	Zm00001d050082	4	64847021	64848362	+	86	0.044647011905908585	0.0
metabolite__Norcinnamolaurine_E1	methwin__mCHG__cis__Zm00001d046722	3	-0.037451124042713384	0.037451124042713384	mCHG	cis	Zm00001d046722	9	103539957	103559119	+	277	0.13224413990974426	0.0
metabolite__Norcinnamolaurine_E1	methwin__mCHG__promoter__Zm00001d042164	3	0.036093750798979744	0.036093750798979744	mCHG	promoter	Zm00001d042164	3	154317876	154325586	+	243	0.11622117459774017	0.0
metabolite__Norcinnamolaurine_E1	methwin__mCHG__gene__Zm00001d039754	3	0.032006302676550566	0.032006302676550566	mCHG	gene	Zm00001d039754	3	13966411	13969623	+	369	0.10547011345624924	0.0
metabolite__Norcinnamolaurine_E1	methwin__mCG__promoter__Zm00001d050907	3	-0.02951027365789401	0.02951027365789401	mCG	promoter	Zm00001d050907	4	129650946	129657013	+	407	0.13906048238277435	0.0
metabolite__Norcinnamolaurine_E1	methwin__mCHG__promoter__Zm00001d020430	3	0.027361623323254345	0.027361623323254345	mCHG	promoter	Zm00001d020430	7	113572410	113572937	+	336	0.10939536988735199	0.0
metabolite__Norcinnamolaurine_E1	methwin__mCG__gene__Zm00001d052549	3	-0.0246653814220283	0.0246653814220283	mCG	gene	Zm00001d052549	4	192864628	192865239	-	35	0.1717473417520523	0.0
metabolite__Norcinnamolaurine_E1	methwin__mCG__promoter__Zm00001d052549	3	-0.02466535993021506	0.02466535993021506	mCG	promoter	Zm00001d052549	4	192864628	192865239	-	64	0.1717473417520523	0.0
metabolite__Norcinnamolaurine_E1	methwin__mCG__cis__Zm00001d052549	3	-0.024656169487648285	0.024656169487648285	mCG	cis	Zm00001d052549	4	192864628	192865239	-	179	0.1717473417520523	0.0
metabolite__Norcinnamolaurine_E1	methwin__mCG__cis__Zm00001d052551	3	-0.02465593011267514	0.02465593011267514	mCG	cis	Zm00001d052551	4	192868787	192870527	+	178	0.1717473417520523	0.0
metabolite__Norcinnamolaurine_E1	methwin__mCG__promoter__Zm00001d042164	3	0.024318172564229523	0.024318172564229523	mCG	promoter	Zm00001d042164	3	154317876	154325586	+	345	0.14341522753238678	0.0
metabolite__Norcinnamolaurine_E1	methwin__mCG__gene__Zm00001d006404	3	-0.02184442839063566	0.02184442839063566	mCG	gene	Zm00001d006404	2	206800179	206801074	+	360	0.13336938619613647	0.0
metabolite__Norcinnamolaurine_E1	methwin__mCHH__gene__Zm00001d004948	3	0.02136356196658941	0.02136356196658941	mCHH	gene	Zm00001d004948	2	150119148	150135017	+	344	0.004812084604054689	0.0
metabolite__Norcinnamolaurine_E1	methwin__mCHG__cis__Zm00001d050907	3	-0.020276585366110735	0.020276585366110735	mCHG	cis	Zm00001d050907	4	129650946	129657013	+	496	0.12499397248029709	0.0
metabolite__Norcinnamolaurine_E1	methwin__mCHG__promoter__Zm00001d050907	3	-0.020276395838374348	0.020276395838374348	mCHG	promoter	Zm00001d050907	4	129650946	129657013	+	135	0.12499397248029709	0.0
metabolite__Norcinnamolaurine_E1	methwin__mCHH__cis__Zm00001d033807	3	0.020011850858279237	0.020011850858279237	mCHH	cis	Zm00001d033807	1	274294735	274295775	-	423	0.02411956898868084	0.0
metabolite__Norcinnamolaurine_E1	methwin__mCHH__promoter__Zm00001d033806	3	0.020008939395583496	0.020008939395583496	mCHH	promoter	Zm00001d033806	1	274286604	274287932	+	176	0.02411956898868084	0.0
metabolite__Norcinnamolaurine_E1	methwin__mCHH__cis__Zm00001d033806	3	0.020005870427698927	0.020005870427698927	mCHH	cis	Zm00001d033806	1	274286604	274287932	+	424	0.02411956898868084	0.0
metabolite__Norcinnamolaurine_E1	methwin__mCG__gene__Zm00001d007708	3	0.017971866970137803	0.017971866970137803	mCG	gene	Zm00001d007708	2	237896411	237899603	-	333	0.13562268018722534	0.0
metabolite__Norcinnamolaurine_E1	methwin__mCHG__gene__Zm00001d018046	3	-0.01644339420359334	0.01644339420359334	mCHG	gene	Zm00001d018046	5	212798586	212804962	+	372	0.10529785603284836	0.0
metabolite__Norcinnamolaurine_E1	methwin__mCHG__promoter__Zm00001d018046	3	-0.016438119263887482	0.016438119263887482	mCHG	promoter	Zm00001d018046	5	212798586	212804962	+	395	0.10529785603284836	0.0
metabolite__Norcinnamolaurine_E1	methwin__mCG__gene__Zm00001d033571	3	0.013639346381732857	0.013639346381732857	mCG	gene	Zm00001d033571	1	267355684	267359637	+	90	0.16084106266498566	0.0
metabolite__Norcinnamolaurine_E1	methwin__mCHH__promoter__Zm00001d002782	3	0.013155238502472388	0.013155238502472388	mCHH	promoter	Zm00001d002782	2	22573347	22574486	+	10	0.06518257409334183	0.0
metabolite__Norcinnamolaurine_E1	methwin__mCHH__gene__Zm00001d002781	3	0.013140972245733967	0.013140972245733967	mCHH	gene	Zm00001d002781	2	22563741	22576668	+	2	0.06518257409334183	0.0
metabolite__Norcinnamolaurine_E1	methwin__mCHH__cis__Zm00001d002782	3	0.01314065248540977	0.01314065248540977	mCHH	cis	Zm00001d002782	2	22573347	22574486	+	23	0.06518257409334183	0.0
metabolite__Norcinnamolaurine_E1	methwin__mCHH__cis__Zm00001d002781	3	0.01313958383140664	0.01313958383140664	mCHH	cis	Zm00001d002781	2	22563741	22576668	+	22	0.06518257409334183	0.0
metabolite__Norcinnamolaurine_E1	methwin__mCHH__promoter__Zm00001d048248	3	-0.00763012072426178	0.00763012072426178	mCHH	promoter	Zm00001d048248	9	153142163	153142732	+	104	0.030438827350735664	0.0
metabolite__Norcinnamolaurine_E1	methwin__mCHH__cis__Zm00001d048248	3	-0.007624928503679577	0.007624928503679577	mCHH	cis	Zm00001d048248	9	153142163	153142732	+	254	0.030438827350735664	0.0
metabolite__Norcinnamolaurine_E1	methwin__mCHH__promoter__Zm00001d048247	3	-0.007598796616445733	0.007598796616445733	mCHH	promoter	Zm00001d048247	9	153133300	153141644	-	105	0.030438827350735664	0.0
metabolite__Norcinnamolaurine_E1	methwin__mCHH__cis__Zm00001d048249	3	-0.00759724314387245	0.00759724314387245	mCHH	cis	Zm00001d048249	9	153145764	153146595	-	252	0.030438827350735664	0.0
metabolite__Norcinnamolaurine_E1	methwin__mCHH__cis__Zm00001d048247	3	-0.007592493856519582	0.007592493856519582	mCHH	cis	Zm00001d048247	9	153133300	153141644	-	253	0.030438827350735664	0.0
metabolite__Norcinnamolaurine_E1	methwin__mCHH__gene__Zm00001d024953	3	0.007001313975320747	0.007001313975320747	mCHH	gene	Zm00001d024953	10	96630696	96658868	-	360	0.004607917740941048	0.0
metabolite__Norcinnamolaurine_E1	methwin__mCHH__cis__Zm00001d002783	3	0.006637990311226908	0.006637990311226908	mCHH	cis	Zm00001d002783	2	22579624	22583090	+	182	0.034600116312503815	0.0
metabolite__Norcinnamolaurine_E1	methwin__mCHH__gene__Zm00001d035041	2	-0.10197138155244176	0.10197138155244176	mCHH	gene	Zm00001d035041	6	2930352	2945593	-	31	0.021956486627459526	0.0
metabolite__Norcinnamolaurine_E1	methwin__mCHG__gene__Zm00001d021871	2	0.08394047792030533	0.08394047792030533	mCHG	gene	Zm00001d021871	7	165006869	165021222	-	478	0.10008484125137329	0.0
metabolite__Norcinnamolaurine_E1	methwin__mCHH__gene__Zm00001d033201	2	0.06319730727624505	0.06319730727624505	mCHH	gene	Zm00001d033201	1	253760332	253761288	-	392	0.004098681267350912	0.0
metabolite__Norcinnamolaurine_E1	methwin__mCHH__gene__Zm00001d014241	2	-0.059132808895193414	0.059132808895193414	mCHH	gene	Zm00001d014241	5	37751580	37770093	+	411	0.003892298322170973	0.0
metabolite__Norcinnamolaurine_E1	methwin__mCG__promoter__Zm00001d024421	2	-0.05611938824294446	0.05611938824294446	mCG	promoter	Zm00001d024421	10	70312679	70316041	-	441	0.13669469952583313	0.0
metabolite__Norcinnamolaurine_E1	methwin__mCG__promoter__Zm00001d046230	2	-0.04691987126248023	0.04691987126248023	mCG	promoter	Zm00001d046230	9	73361517	73365345	+	435	0.13707618415355682	0.0
metabolite__Norcinnamolaurine_E1	methwin__mCG__gene__Zm00001d009671	2	-0.04657804201983167	0.04657804201983167	mCG	gene	Zm00001d009671	8	75375953	75379692	+	281	0.14020778238773346	0.0
metabolite__Norcinnamolaurine_E1	methwin__mCHH__promoter__Zm00001d001766	2	-0.04269420561345394	0.04269420561345394	mCHH	promoter	Zm00001d001766	2	177013	177948	-	431	0.012081651017069817	0.0
metabolite__Norcinnamolaurine_E1	methwin__mCG__cis__Zm00001d044042	2	0.03786158087818835	0.03786158087818835	mCG	cis	Zm00001d044042	3	217573164	217581039	+	373	0.1604791134595871	0.0
metabolite__Norcinnamolaurine_E1	methwin__mCHG__cis__Zm00001d044042	2	0.03686557021740686	0.03686557021740686	mCHG	cis	Zm00001d044042	3	217573164	217581039	+	94	0.1451885849237442	0.0
metabolite__Norcinnamolaurine_E1	methwin__mCG__cis__Zm00001d004824	2	0.03269090488521274	0.03269090488521274	mCG	cis	Zm00001d004824	2	141445186	141446235	+	379	0.16021914780139923	0.0
metabolite__Norcinnamolaurine_E1	methwin__mCHG__gene__Zm00001d001986	2	-0.028808862266855046	0.028808862266855046	mCHG	gene	Zm00001d001986	2	3957234	3958169	-	273	0.11293553560972214	0.0
metabolite__Norcinnamolaurine_E1	methwin__mCHH__cis__Zm00001d007313	2	0.028469846400923707	0.028469846400923707	mCHH	cis	Zm00001d007313	2	227537420	227545046	+	10	0.07113338261842728	0.0
metabolite__Norcinnamolaurine_E1	methwin__mCHG__promoter__Zm00001d050081	2	-0.02271778051868735	0.02271778051868735	mCHG	promoter	Zm00001d050081	4	64819264	64825467	-	108	0.12858359515666962	0.0
metabolite__Norcinnamolaurine_E1	methwin__mCHG__cis__Zm00001d050081	2	-0.02271691278801317	0.02271691278801317	mCHG	cis	Zm00001d050081	4	64819264	64825467	-	381	0.12858359515666962	0.0
metabolite__Norcinnamolaurine_E1	methwin__mCHG__promoter__Zm00001d019568	2	-0.02257728025623204	0.02257728025623204	mCHG	promoter	Zm00001d019568	7	43298735	43322873	-	433	0.10352768003940582	0.0
metabolite__Norcinnamolaurine_E1	methwin__mCG__gene__Zm00001d018046	2	-0.022497606030809816	0.022497606030809816	mCG	gene	Zm00001d018046	5	212798586	212804962	+	226	0.1449478715658188	0.0
metabolite__Norcinnamolaurine_E1	methwin__mCG__promoter__Zm00001d018046	2	-0.022493983158722655	0.022493983158722655	mCG	promoter	Zm00001d018046	5	212798586	212804962	+	314	0.1449478715658188	0.0
metabolite__Norcinnamolaurine_E1	methwin__mCG__promoter__Zm00001d050081	2	-0.02054399642421827	0.02054399642421827	mCG	promoter	Zm00001d050081	4	64819264	64825467	-	308	0.1456400603055954	0.0
metabolite__Norcinnamolaurine_E1	methwin__mCHG__promoter__Zm00001d025618	2	0.020069214621601803	0.020069214621601803	mCHG	promoter	Zm00001d025618	10	124150806	124152123	+	32	0.1415894627571106	0.0
metabolite__Norcinnamolaurine_E1	methwin__mCHG__cis__Zm00001d007853	2	-0.019704717283861174	0.019704717283861174	mCHG	cis	Zm00001d007853	2	240960244	240965099	-	361	0.1291370391845703	0.0
metabolite__Norcinnamolaurine_E1	methwin__mCHG__promoter__Zm00001d042401	2	-0.01898768298955777	0.01898768298955777	mCHG	promoter	Zm00001d042401	3	164891628	164897555	+	258	0.11523289233446121	0.0
metabolite__Norcinnamolaurine_E1	methwin__mCHH__cis__Zm00001d051656	2	-0.015458539279891485	0.015458539279891485	mCHH	cis	Zm00001d051656	4	165895866	165903079	-	382	0.025263043120503426	0.0
metabolite__Norcinnamolaurine_E1	methwin__mCHH__promoter__Zm00001d051656	2	-0.015458248377460576	0.015458248377460576	mCHH	promoter	Zm00001d051656	4	165895866	165903079	-	157	0.025263043120503426	0.0
metabolite__Norcinnamolaurine_E1	methwin__mCHH__cis__Zm00001d051655	2	-0.015454258700471141	0.015454258700471141	mCHH	cis	Zm00001d051655	4	165893103	165894084	+	383	0.025263043120503426	0.0
metabolite__Norcinnamolaurine_E1	methwin__mCHH__gene__Zm00001d049508	2	-0.014174007973913716	0.014174007973913716	mCHH	gene	Zm00001d049508	4	32709924	32711883	+	211	0.007027513813227415	0.0
metabolite__Norcinnamolaurine_E1	methwin__mCHH__promoter__Zm00001d034164	2	-0.013735175239961407	0.013735175239961407	mCHH	promoter	Zm00001d034164	1	285585484	285591541	+	50	0.03949514776468277	0.0
metabolite__Norcinnamolaurine_E1	methwin__mCHH__cis__Zm00001d034164	2	-0.013728311348687737	0.013728311348687737	mCHH	cis	Zm00001d034164	1	285585484	285591541	+	122	0.03949514776468277	0.0
metabolite__Norcinnamolaurine_E1	methwin__mCHH__cis__Zm00001d034165	2	-0.013727772284588035	0.013727772284588035	mCHH	cis	Zm00001d034165	1	285594394	285595774	-	123	0.03949514776468277	0.0
metabolite__Norcinnamolaurine_E1	methwin__mCG__promoter__Zm00001d046354	2	0.013434420351992925	0.013434420351992925	mCG	promoter	Zm00001d046354	9	83394090	83396208	+	305	0.14595553278923035	0.0
metabolite__Norcinnamolaurine_E1	methwin__mCG__cis__Zm00001d013410	2	0.013316045907922965	0.013316045907922965	mCG	cis	Zm00001d013410	5	10551528	10554058	-	284	0.16416430473327637	0.0
metabolite__Norcinnamolaurine_E1	methwin__mCG__promoter__Zm00001d013411	2	0.013308362582433064	0.013308362582433064	mCG	promoter	Zm00001d013411	5	10557948	10560773	-	106	0.16416430473327637	0.0
metabolite__Norcinnamolaurine_E1	methwin__mCG__cis__Zm00001d013411	2	0.013306342090577527	0.013306342090577527	mCG	cis	Zm00001d013411	5	10557948	10560773	-	283	0.16416430473327637	0.0
metabolite__Norcinnamolaurine_E1	methwin__mCHG__cis__Zm00001d044709	2	0.01168975096314288	0.01168975096314288	mCHG	cis	Zm00001d044709	3	235526516	235529298	-	478	0.12546339631080627	0.0
metabolite__Norcinnamolaurine_E1	methwin__mCHG__cis__Zm00001d044707	2	0.011683137048556242	0.011683137048556242	mCHG	cis	Zm00001d044707	3	235518135	235520273	-	479	0.12546339631080627	0.0
metabolite__Norcinnamolaurine_E1	methwin__mCHG__cis__Zm00001d044710	2	0.011680975117841875	0.011680975117841875	mCHG	cis	Zm00001d044710	3	235530022	235535648	-	481	0.12546339631080627	0.0
metabolite__Norcinnamolaurine_E1	methwin__mCHG__gene__Zm00001d044708	2	0.011679943848673362	0.011679943848673362	mCHG	gene	Zm00001d044708	3	235521147	235522705	-	142	0.12546339631080627	0.0
metabolite__Norcinnamolaurine_E1	methwin__mCHG__cis__Zm00001d044708	2	0.011670996870189767	0.011670996870189767	mCHG	cis	Zm00001d044708	3	235521147	235522705	-	480	0.12546339631080627	0.0
metabolite__Norcinnamolaurine_E1	methwin__mCHG__promoter__Zm00001d044707	2	0.01166995446520449	0.01166995446520449	mCHG	promoter	Zm00001d044707	3	235518135	235520273	-	131	0.12546339631080627	0.0
metabolite__Norcinnamolaurine_E1	methwin__mCHG__promoter__Zm00001d005137	2	0.0067353165055362065	0.01108978948785314	mCHG	promoter	Zm00001d005137	2	160527706	160580969	-	478	0.10101000964641571	0.0
metabolite__Norcinnamolaurine_E1	methwin__mCHH__cis__Zm00001d006752	2	-0.01106571674397806	0.01106571674397806	mCHH	cis	Zm00001d006752	2	215862950	215869018	-	127	0.03894549235701561	0.0
metabolite__Norcinnamolaurine_E1	methwin__mCHG__cis__Zm00001d052703	2	0.011065141203514055	0.011065141203514055	mCHG	cis	Zm00001d052703	4	198199216	198204394	+	27	0.15595927834510803	0.0
metabolite__Norcinnamolaurine_E1	methwin__mCHH__promoter__Zm00001d006752	2	-0.011062882811029361	0.011062882811029361	mCHH	promoter	Zm00001d006752	2	215862950	215869018	-	52	0.03894549235701561	0.0
metabolite__Norcinnamolaurine_E1	methwin__mCHH__cis__Zm00001d006751	2	-0.011062829638634893	0.011062829638634893	mCHH	cis	Zm00001d006751	2	215852703	215862377	-	126	0.03894549235701561	0.0
metabolite__Norcinnamolaurine_E1	methwin__mCHG__gene__Zm00001d052703	2	0.011062366972480815	0.011062366972480815	mCHG	gene	Zm00001d052703	4	198199216	198204394	+	10	0.15595927834510803	0.0
metabolite__Norcinnamolaurine_E1	methwin__mCHG__promoter__Zm00001d023475	2	-0.009782816567572237	0.009782816567572237	mCHG	promoter	Zm00001d023475	10	6850875	6864390	-	288	0.11313813179731369	0.0
metabolite__Norcinnamolaurine_E1	methwin__mCG__gene__Zm00001d050463	2	-0.008665950891242903	0.008665950891242903	mCG	gene	Zm00001d050463	4	90402428	90420961	-	298	0.1385597288608551	0.0
metabolite__Norcinnamolaurine_E1	methwin__mCG__promoter__Zm00001d050463	2	-0.008660733173974693	0.008660733173974693	mCG	promoter	Zm00001d050463	4	90402428	90420961	-	412	0.1385597288608551	0.0
metabolite__Norcinnamolaurine_E1	methwin__mCG__promoter__Zm00001d009618	2	-0.008641032302739153	0.008641032302739153	mCG	promoter	Zm00001d009618	8	73467308	73468804	+	27	0.18148501217365265	0.0
metabolite__Norcinnamolaurine_E1	methwin__mCG__cis__Zm00001d019863	2	0.00632877293607517	0.00632877293607517	mCG	cis	Zm00001d019863	7	71046670	71052133	+	124	0.1760011464357376	0.0
metabolite__Norcinnamolaurine_E1	methwin__mCG__cis__Zm00001d019862	2	0.006316671025789854	0.006316671025789854	mCG	cis	Zm00001d019862	7	71039032	71044107	-	123	0.1760011464357376	0.0
metabolite__Norcinnamolaurine_E1	methwin__mCHG__cis__Zm00001d034926	2	-0.006305572591383724	0.006305572591383724	mCHG	cis	Zm00001d034926	1	305709868	305711289	-	90	0.1454855352640152	0.0
metabolite__Norcinnamolaurine_E1	methwin__mCHG__promoter__Zm00001d034925	2	-0.006302914711590184	0.006302914711590184	mCHG	promoter	Zm00001d034925	1	305698918	305700369	-	28	0.1454855352640152	0.0
metabolite__Norcinnamolaurine_E1	methwin__mCHG__cis__Zm00001d034925	2	-0.006292835444928996	0.006292835444928996	mCHG	cis	Zm00001d034925	1	305698918	305700369	-	91	0.1454855352640152	0.0
metabolite__Norcinnamolaurine_E1	methwin__mCHG__cis__Zm00001d009618	2	-0.005756107246198583	0.005756107246198583	mCHG	cis	Zm00001d009618	8	73467308	73468804	+	150	0.13933713734149933	0.0
metabolite__Norcinnamolaurine_E1	methwin__mCHG__promoter__Zm00001d009618	2	-0.005755785897055019	0.005755785897055019	mCHG	promoter	Zm00001d009618	8	73467308	73468804	+	40	0.13933713734149933	0.0
metabolite__Norcinnamolaurine_E1	methwin__mCHG__cis__Zm00001d029325	2	-0.00496301366543409	0.00496301366543409	mCHG	cis	Zm00001d029325	1	65991013	65992879	-	189	0.13759176433086395	0.0
metabolite__Norcinnamolaurine_E1	methwin__mCHH__cis__Zm00001d010464	2	-0.004679133963652335	0.004679133963652335	mCHH	cis	Zm00001d010464	8	116610876	116611305	+	108	0.040598805993795395	0.0
metabolite__Norcinnamolaurine_E1	methwin__mCHG__promoter__Zm00001d045481	2	-0.0027087952079152345	0.0027087952079152345	mCHG	promoter	Zm00001d045481	9	23988206	23995123	-	49	0.13806241750717163	0.0
metabolite__Norcinnamolaurine_E1	methwin__mCHG__cis__Zm00001d045481	2	-0.0026992617845715714	0.0026992617845715714	mCHG	cis	Zm00001d045481	9	23988206	23995123	-	171	0.13806241750717163	0.0
metabolite__Norcinnamolaurine_E1	methwin__mCHG__cis__Zm00001d045480	2	-0.0026926370015672094	0.0026926370015672094	mCHG	cis	Zm00001d045480	9	23973732	23986870	+	170	0.13806241750717163	0.0
metabolite__Norcinnamolaurine_E1	methwin__mCHH__gene__Zm00001d015766	1	-0.14446326613043953	0.14446326613043953	mCHH	gene	Zm00001d015766	5	117655752	117656213	-	351	0.004742600489407778	0.0
metabolite__Norcinnamolaurine_E1	methwin__mCG__gene__Zm00001d047224	1	-0.09312950953003683	0.09312950953003683	mCG	gene	Zm00001d047224	9	122891336	122920999	-	415	0.1293814480304718	0.0
metabolite__Norcinnamolaurine_E1	methwin__mCHH__promoter__Zm00001d017459	1	-0.09079791488366637	0.09079791488366637	mCHH	promoter	Zm00001d017459	5	196472362	196475461	+	1	0.09727942198514938	0.0
metabolite__Norcinnamolaurine_E1	methwin__mCHG__promoter__Zm00001d034701	1	-0.08549121778160126	0.08549121778160126	mCHG	promoter	Zm00001d034701	1	300239123	300249012	+	1	0.17660492658615112	0.0
metabolite__Norcinnamolaurine_E1	methwin__mCG__gene__Zm00001d044342	1	-0.08147385805679276	0.08147385805679276	mCG	gene	Zm00001d044342	3	225515419	225519609	-	357	0.13367043435573578	0.0
metabolite__Norcinnamolaurine_E1	methwin__mCG__promoter__Zm00001d005350	1	-0.08004295865599349	0.08004295865599349	mCG	promoter	Zm00001d005350	2	170606178	170612205	+	341	0.14364176988601685	0.0
metabolite__Norcinnamolaurine_E1	methwin__mCHH__promoter__Zm00001d010759	1	-0.07542176800318846	0.07542176800318846	mCHH	promoter	Zm00001d010759	8	127187617	127188279	+	207	0.02166721411049366	0.0
metabolite__Norcinnamolaurine_E1	methwin__mCHH__promoter__Zm00001d052911	1	-0.07265289301927687	0.07265289301927687	mCHH	promoter	Zm00001d052911	4	204480764	204485845	-	425	0.012184849008917809	0.0
metabolite__Norcinnamolaurine_E1	methwin__mCHG__promoter__Zm00001d025258	1	0.0699187766074201	0.0699187766074201	mCHG	promoter	Zm00001d025258	10	111489726	111495229	+	201	0.11965988576412201	0.0
metabolite__Norcinnamolaurine_E1	methwin__mCHG__promoter__Zm00001d048248	1	0.06648183431295308	0.06648183431295308	mCHG	promoter	Zm00001d048248	9	153142163	153142732	+	445	0.10285051167011261	0.0
metabolite__Norcinnamolaurine_E1	methwin__mCG__cis__Zm00001d029325	1	-0.06540722873979042	0.06540722873979042	mCG	cis	Zm00001d029325	1	65991013	65992879	-	139	0.17475378513336182	0.0
metabolite__Norcinnamolaurine_E1	methwin__mCG__promoter__Zm00001d016061	1	0.060107177426841456	0.060107177426841456	mCG	promoter	Zm00001d016061	5	142159381	142161740	+	460	0.13548710942268372	0.0
metabolite__Norcinnamolaurine_E1	methwin__mCHH__promoter__Zm00001d010604	1	0.05936950865679861	0.05936950865679861	mCHH	promoter	Zm00001d010604	8	121656899	121661464	+	328	0.015251073986291885	0.0
metabolite__Norcinnamolaurine_E1	methwin__mCHH__cis__Zm00001d043043	1	-0.05887347685022276	0.05887347685022276	mCHH	cis	Zm00001d043043	3	187244354	187246345	+	74	0.046065960079431534	0.0
metabolite__Norcinnamolaurine_E1	methwin__mCHH__gene__Zm00001d012284	1	0.05873134226730009	0.05873134226730009	mCHH	gene	Zm00001d012284	8	171862718	171867456	+	56	0.016149654984474182	0.0
metabolite__Norcinnamolaurine_E1	methwin__mCHG__promoter__Zm00001d009636	1	-0.05682925039013985	0.05682925039013985	mCHG	promoter	Zm00001d009636	8	73979708	73980561	+	399	0.10520899295806885	0.0
metabolite__Norcinnamolaurine_E1	methwin__mCHG__gene__Zm00001d009636	1	-0.056827604324121116	0.056827604324121116	mCHG	gene	Zm00001d009636	8	73979708	73980561	+	373	0.10520899295806885	0.0
metabolite__Norcinnamolaurine_E1	methwin__mCHH__promoter__Zm00001d032427	1	0.055219829358773724	0.055219829358773724	mCHH	promoter	Zm00001d032427	1	226006096	226012494	-	359	0.014073599129915237	0.0
metabolite__Norcinnamolaurine_E1	methwin__mCG__promoter__Zm00001d034815	1	0.05395815954396804	0.05395815954396804	mCG	promoter	Zm00001d034815	1	302807392	302811840	+	59	0.17307162284851074	0.0
metabolite__Norcinnamolaurine_E1	methwin__mCG__cis__Zm00001d034815	1	0.05395761289316947	0.05395761289316947	mCG	cis	Zm00001d034815	1	302807392	302811840	+	163	0.17307162284851074	0.0
metabolite__Norcinnamolaurine_E1	methwin__mCHH__gene__Zm00001d016325	1	0.05177470669034338	0.05177470669034338	mCHH	gene	Zm00001d016325	5	157204135	157205082	-	144	0.009156466461718082	0.0
metabolite__Norcinnamolaurine_E1	methwin__mCHG__promoter__Zm00001d002824	1	-0.05128616988939625	0.05128616988939625	mCHG	promoter	Zm00001d002824	2	23887917	23893357	+	217	0.11812890321016312	0.0
metabolite__Norcinnamolaurine_E1	methwin__mCHG__gene__Zm00001d004438	1	-0.05023889275000622	0.05023889275000622	mCHG	gene	Zm00001d004438	2	111723172	111775606	-	464	0.10082043707370758	0.0
metabolite__Norcinnamolaurine_E1	methwin__mCHG__promoter__Zm00001d006437	1	-0.04607225491068803	0.04607225491068803	mCHG	promoter	Zm00001d006437	2	208168131	208169072	+	6	0.16344104707241058	0.0
metabolite__Norcinnamolaurine_E1	methwin__mCHH__gene__Zm00001d042556	1	-0.04543231317782763	0.04543231317782763	mCHH	gene	Zm00001d042556	3	171674280	171676629	-	177	0.00789336021989584	0.0
metabolite__Norcinnamolaurine_E1	methwin__mCHG__gene__Zm00001d015302	1	-0.04542491037718474	0.04542491037718474	mCHG	gene	Zm00001d015302	5	83443887	83444318	-	212	0.11755320429801941	0.0
metabolite__Norcinnamolaurine_E1	methwin__mCHG__cis__Zm00001d007357	1	-0.04523059669496115	0.04523059669496115	mCHG	cis	Zm00001d007357	2	229613617	229626731	+	125	0.14138667285442352	0.0
metabolite__Norcinnamolaurine_E1	methwin__mCHG__gene__Zm00001d007357	1	-0.04522924675375035	0.04522924675375035	mCHG	gene	Zm00001d007357	2	229613617	229626731	+	48	0.14138667285442352	0.0
metabolite__Norcinnamolaurine_E1	methwin__mCHH__gene__Zm00001d026647	1	0.0451911106119797	0.0451911106119797	mCHH	gene	Zm00001d026647	10	149345776	149364298	-	279	0.005662793293595314	0.0
metabolite__Norcinnamolaurine_E1	methwin__mCG__promoter__Zm00001d027570	1	0.04432360749158434	0.04432360749158434	mCG	promoter	Zm00001d027570	1	8280558	8285255	+	48	0.17587070167064667	0.0
metabolite__Norcinnamolaurine_E1	methwin__mCG__promoter__Zm00001d003929	1	-0.04408630220194663	0.04408630220194663	mCG	promoter	Zm00001d003929	2	69607220	69609968	-	485	0.13385502994060516	0.0
metabolite__Norcinnamolaurine_E1	methwin__mCHH__gene__Zm00001d026281	1	0.04231861516710654	0.04231861516710654	mCHH	gene	Zm00001d026281	10	142749949	142756081	-	337	0.004883097484707832	0.0
metabolite__Norcinnamolaurine_E1	methwin__mCG__gene__Zm00001d007281	1	-0.04225760382957548	0.04225760382957548	mCG	gene	Zm00001d007281	2	226783207	226786719	-	94	0.16048941016197205	0.0
metabolite__Norcinnamolaurine_E1	methwin__mCHG__promoter__Zm00001d047163	1	0.04121576512884032	0.04121576512884032	mCHG	promoter	Zm00001d047163	9	120505580	120508298	-	169	0.12188991159200668	0.0
metabolite__Norcinnamolaurine_E1	methwin__mCHG__promoter__Zm00001d047165	1	0.04121521408694457	0.04121521408694457	mCHG	promoter	Zm00001d047165	9	120510617	120518989	+	168	0.12188991159200668	0.0
metabolite__Norcinnamolaurine_E1	methwin__mCHG__gene__Zm00001d050488	1	-0.0402569023968313	0.0402569023968313	mCHG	gene	Zm00001d050488	4	92816855	92826876	+	15	0.15210922062397003	0.0
metabolite__Norcinnamolaurine_E1	methwin__mCHH__gene__Zm00001d028842	1	0.040042817463880456	0.040042817463880456	mCHH	gene	Zm00001d028842	1	48424617	48430126	-	17	0.029164958745241165	0.0
metabolite__Norcinnamolaurine_E1	methwin__mCHH__cis__Zm00001d028842	1	0.03999177780042324	0.03999177780042324	mCHH	cis	Zm00001d028842	1	48424617	48430126	-	286	0.029164958745241165	0.0
metabolite__Norcinnamolaurine_E1	methwin__mCHG__cis__Zm00001d019681	1	0.03949023654072239	0.03949023654072239	mCHG	cis	Zm00001d019681	7	50682569	50688689	+	26	0.15638597309589386	0.0
metabolite__Norcinnamolaurine_E1	methwin__mCHG__gene__Zm00001d019681	1	0.03948663025166923	0.03948663025166923	mCHG	gene	Zm00001d019681	7	50682569	50688689	+	9	0.15638597309589386	0.0
metabolite__Norcinnamolaurine_E1	methwin__mCG__promoter__Zm00001d053189	1	0.039417042541873795	0.039417042541873795	mCG	promoter	Zm00001d053189	4	218977061	218981425	-	396	0.14034207165241241	0.0
metabolite__Norcinnamolaurine_E1	methwin__mCHH__gene__Zm00001d018496	1	0.038265838780920235	0.038265838780920235	mCHH	gene	Zm00001d018496	5	221803945	221816646	+	485	0.002807026728987694	0.0
metabolite__Norcinnamolaurine_E1	methwin__mCHG__gene__Zm00001d052318	1	-0.036979209063231364	0.036979209063231364	mCHG	gene	Zm00001d052318	4	187010485	187013768	+	479	0.10007571429014206	0.0
metabolite__Norcinnamolaurine_E1	methwin__mCG__gene__Zm00001d041591	1	-0.03673314864237841	0.03673314864237841	mCG	gene	Zm00001d041591	3	128764784	128765575	-	54	0.16865041851997375	0.0
metabolite__Norcinnamolaurine_E1	methwin__mCG__promoter__Zm00001d041591	1	-0.03673244558445608	0.03673244558445608	mCG	promoter	Zm00001d041591	3	128764784	128765575	-	87	0.16865041851997375	0.0
metabolite__Norcinnamolaurine_E1	methwin__mCG__promoter__Zm00001d041592	1	-0.0367295116402827	0.0367295116402827	mCG	promoter	Zm00001d041592	3	128767268	128773473	+	88	0.16865041851997375	0.0
metabolite__Norcinnamolaurine_E1	methwin__mCG__promoter__Zm00001d016330	1	-0.03664609397731871	0.03664609397731871	mCG	promoter	Zm00001d016330	5	157541203	157542211	-	80	0.169126495718956	0.0
metabolite__Norcinnamolaurine_E1	methwin__mCG__cis__Zm00001d016330	1	-0.036644321207551935	0.036644321207551935	mCG	cis	Zm00001d016330	5	157541203	157542211	-	214	0.169126495718956	0.0
metabolite__Norcinnamolaurine_E1	methwin__mCHG__promoter__Zm00001d045709	1	-0.03574730720933324	0.03574730720933324	mCHG	promoter	Zm00001d045709	9	34649471	34650594	+	469	0.1016157865524292	0.0
metabolite__Norcinnamolaurine_E1	methwin__mCHG__gene__Zm00001d045709	1	-0.03570185013802445	0.03570185013802445	mCHG	gene	Zm00001d045709	9	34649471	34650594	+	448	0.1016157865524292	0.0
metabolite__Norcinnamolaurine_E1	methwin__mCHG__gene__Zm00001d012070	1	-0.033651657807538184	0.033651657807538184	mCHG	gene	Zm00001d012070	8	167598483	167601000	-	203	0.11816424876451492	0.0
metabolite__Norcinnamolaurine_E1	methwin__mCG__gene__Zm00001d034150	1	0.03292078263246139	0.03292078263246139	mCG	gene	Zm00001d034150	1	285138708	285141599	-	350	0.13407500088214874	0.0
metabolite__Norcinnamolaurine_E1	methwin__mCHG__gene__Zm00001d042018	1	0.032238098387801575	0.032238098387801575	mCHG	gene	Zm00001d042018	3	147533330	147549725	+	119	0.12851469218730927	0.0
metabolite__Norcinnamolaurine_E1	methwin__mCHG__cis__Zm00001d042017	1	0.032237741347042506	0.032237741347042506	mCHG	cis	Zm00001d042017	3	147530941	147533858	-	386	0.12851469218730927	0.0
metabolite__Norcinnamolaurine_E1	methwin__mCHG__promoter__Zm00001d042017	1	0.03223736753117116	0.03223736753117116	mCHG	promoter	Zm00001d042017	3	147530941	147533858	-	109	0.12851469218730927	0.0
metabolite__Norcinnamolaurine_E1	methwin__mCHG__cis__Zm00001d042018	1	0.0322371636097148	0.0322371636097148	mCHG	cis	Zm00001d042018	3	147533330	147549725	+	385	0.12851469218730927	0.0
metabolite__Norcinnamolaurine_E1	methwin__mCHG__gene__Zm00001d026593	1	0.0310780678402258	0.0310780678402258	mCHG	gene	Zm00001d026593	10	148637522	148656835	-	316	0.1098039448261261	0.0
metabolite__Norcinnamolaurine_E1	methwin__mCHH__promoter__Zm00001d002232	1	0.030247285033038605	0.030247285033038605	mCHH	promoter	Zm00001d002232	2	8449826	8451193	+	418	0.012318267486989498	0.0
metabolite__Norcinnamolaurine_E1	methwin__mCHH__promoter__Zm00001d020980	1	0.030099140156089287	0.030099140156089287	mCHH	promoter	Zm00001d020980	7	138698158	138702131	+	397	0.012947754003107548	0.0
metabolite__Norcinnamolaurine_E1	methwin__mCG__gene__Zm00001d040982	1	0.029609525550496944	0.029609525550496944	mCG	gene	Zm00001d040982	3	88101133	88101809	+	65	0.16476595401763916	0.0
metabolite__Norcinnamolaurine_E1	methwin__mCG__cis__Zm00001d040982	1	0.029605733455125936	0.029605733455125936	mCG	cis	Zm00001d040982	3	88101133	88101809	+	271	0.16476595401763916	0.0
metabolite__Norcinnamolaurine_E1	methwin__mCHH__promoter__Zm00001d036547	1	-0.029440347339743468	0.029440347339743468	mCHH	promoter	Zm00001d036547	6	91589807	91591096	+	225	0.02048877812922001	0.0
metabolite__Norcinnamolaurine_E1	methwin__mCHG__promoter__Zm00001d034380	1	-0.02939718762079404	0.02939718762079404	mCHG	promoter	Zm00001d034380	1	291356414	291359823	+	471	0.10154611617326736	0.0
metabolite__Norcinnamolaurine_E1	methwin__mCHG__promoter__Zm00001d007085	1	0.02927587425039909	0.02927587425039909	mCHG	promoter	Zm00001d007085	2	221916956	221920555	-	314	0.11125171184539795	0.0
metabolite__Norcinnamolaurine_E1	methwin__mCHH__gene__Zm00001d053354	1	-0.029151366780692394	0.029151366780692394	mCHH	gene	Zm00001d053354	4	227321023	227336942	-	313	0.005245545879006386	0.0
metabolite__Norcinnamolaurine_E1	methwin__mCHH__gene__Zm00001d025129	1	-0.027393999172625746	0.027393999172625746	mCHH	gene	Zm00001d025129	10	105652923	105676382	+	37	0.020631536841392517	0.0
metabolite__Norcinnamolaurine_E1	methwin__mCG__promoter__Zm00001d042498	1	0.02712536237070681	0.02712536237070681	mCG	promoter	Zm00001d042498	3	169638108	169641981	+	47	0.17587770521640778	0.0
metabolite__Norcinnamolaurine_E1	methwin__mCG__cis__Zm00001d042498	1	0.027123739057158692	0.027123739057158692	mCG	cis	Zm00001d042498	3	169638108	169641981	+	127	0.17587770521640778	0.0
metabolite__Norcinnamolaurine_E1	methwin__mCG__cis__Zm00001d042499	1	0.027122690460377474	0.027122690460377474	mCG	cis	Zm00001d042499	3	169644940	169648747	+	128	0.17587770521640778	0.0
metabolite__Norcinnamolaurine_E1	methwin__mCHG__promoter__Zm00001d036151	1	-0.027062636322112282	0.027062636322112282	mCHG	promoter	Zm00001d036151	6	74662764	74663198	-	76	0.13329464197158813	0.0
metabolite__Norcinnamolaurine_E1	methwin__mCHG__cis__Zm00001d036151	1	-0.027054309536401297	0.027054309536401297	mCHG	cis	Zm00001d036151	6	74662764	74663198	-	265	0.13329464197158813	0.0
metabolite__Norcinnamolaurine_E1	methwin__mCHG__gene__Zm00001d047884	1	-0.02550998256133058	0.02550998256133058	mCHG	gene	Zm00001d047884	9	144197906	144199573	+	178	0.12059223651885986	0.0
metabolite__Norcinnamolaurine_E1	methwin__mCHG__cis__Zm00001d032054	1	-0.02511872764889644	0.02511872764889644	mCHG	cis	Zm00001d032054	1	210842514	210843620	+	157	0.13859400153160095	0.0
metabolite__Norcinnamolaurine_E1	methwin__mCHG__cis__Zm00001d032053	1	-0.025117741928649056	0.025117741928649056	mCHG	cis	Zm00001d032053	1	210838343	210839476	+	156	0.13859400153160095	0.0
metabolite__Norcinnamolaurine_E1	methwin__mCHH__gene__Zm00001d029879	1	-0.025094977441479538	0.025094977441479538	mCHH	gene	Zm00001d029879	1	91814773	91819708	+	65	0.014672640711069107	0.0
metabolite__Norcinnamolaurine_E1	methwin__mCG__cis__Zm00001d045938	1	0.02493969273878549	0.02493969273878549	mCG	cis	Zm00001d045938	9	47945117	47971768	-	274	0.16460853815078735	0.0
metabolite__Norcinnamolaurine_E1	methwin__mCG__promoter__Zm00001d045938	1	0.02493695839185355	0.02493695839185355	mCG	promoter	Zm00001d045938	9	47945117	47971768	-	102	0.16460853815078735	0.0
metabolite__Norcinnamolaurine_E1	methwin__mCHG__promoter__Zm00001d047817	1	-0.024460699583665875	0.024460699583665875	mCHG	promoter	Zm00001d047817	9	142577597	142580582	+	332	0.10974854230880737	0.0
metabolite__Norcinnamolaurine_E1	methwin__mCHG__gene__Zm00001d047817	1	-0.02445096753344956	0.02445096753344956	mCHG	gene	Zm00001d047817	9	142577597	142580582	+	317	0.10974854230880737	0.0
metabolite__Norcinnamolaurine_E1	methwin__mCHG__promoter__Zm00001d011363	1	-0.024363485231867488	0.024363485231867488	mCHG	promoter	Zm00001d011363	8	148506457	148509460	-	489	0.1003737822175026	0.0
metabolite__Norcinnamolaurine_E1	methwin__mCG__gene__Zm00001d045709	1	-0.024314448792938915	0.024314448792938915	mCG	gene	Zm00001d045709	9	34649471	34650594	+	398	0.1307477205991745	0.0
metabolite__Norcinnamolaurine_E1	methwin__mCHH__gene__Zm00001d033625	1	0.024266621810885028	0.024266621810885028	mCHH	gene	Zm00001d033625	1	269113909	269138640	+	446	0.0033072985243052244	0.0
metabolite__Norcinnamolaurine_E1	methwin__mCG__promoter__Zm00001d036220	1	0.02417531033368077	0.02417531033368077	mCG	promoter	Zm00001d036220	6	77712548	77714319	+	238	0.15115724503993988	0.0
metabolite__Norcinnamolaurine_E1	methwin__mCHH__promoter__Zm00001d033730	1	-0.02310680365064484	0.02310680365064484	mCHH	promoter	Zm00001d033730	1	272366742	272367528	+	263	0.017796911299228668	0.0
metabolite__Norcinnamolaurine_E1	methwin__mCHH__promoter__Zm00001d033729	1	-0.023105750435053984	0.023105750435053984	mCHH	promoter	Zm00001d033729	1	272362116	272364398	-	262	0.017796911299228668	0.0
metabolite__Norcinnamolaurine_E1	methwin__mCHG__gene__Zm00001d025797	1	-0.022481914573398952	0.022481914573398952	mCHG	gene	Zm00001d025797	10	129855497	129872386	+	219	0.11697667092084885	0.0
metabolite__Norcinnamolaurine_E1	methwin__mCG__promoter__Zm00001d032968	1	0.022105507531925063	0.022105507531925063	mCG	promoter	Zm00001d032968	1	244998348	245014854	+	385	0.1410256028175354	0.0
metabolite__Norcinnamolaurine_E1	methwin__mCG__gene__Zm00001d032967	1	0.022096513123254374	0.022096513123254374	mCG	gene	Zm00001d032967	1	244981884	244997475	-	272	0.1410256028175354	0.0
metabolite__Norcinnamolaurine_E1	methwin__mCG__promoter__Zm00001d032967	1	0.0220955885956224	0.0220955885956224	mCG	promoter	Zm00001d032967	1	244981884	244997475	-	384	0.1410256028175354	0.0
metabolite__Norcinnamolaurine_E1	methwin__mCHH__cis__Zm00001d017460	1	-0.021442328141153304	0.021442328141153304	mCHH	cis	Zm00001d017460	5	196476868	196485851	+	242	0.03126118704676628	0.0
metabolite__Norcinnamolaurine_E1	methwin__mCHH__cis__Zm00001d017459	1	-0.02143460966267284	0.02143460966267284	mCHH	cis	Zm00001d017459	5	196472362	196475461	+	243	0.03126118704676628	0.0
metabolite__Norcinnamolaurine_E1	methwin__mCHG__gene__Zm00001d025618	1	0.021193577963691482	0.021193577963691482	mCHG	gene	Zm00001d025618	10	124150806	124152123	+	99	0.13128745555877686	0.0
metabolite__Norcinnamolaurine_E1	methwin__mCG__gene__Zm00001d015220	1	-0.021100068373618434	0.021100068373618434	mCG	gene	Zm00001d015220	5	79981188	79994280	+	499	0.1233053058385849	0.0
metabolite__Norcinnamolaurine_E1	methwin__mCG__cis__Zm00001d005795	1	0.02096128704547622	0.02096128704547622	mCG	cis	Zm00001d005795	2	188910705	188919424	-	73	0.1806531399488449	0.0
metabolite__Norcinnamolaurine_E1	methwin__mCG__gene__Zm00001d005795	1	0.020956408787537104	0.020956408787537104	mCG	gene	Zm00001d005795	2	188910705	188919424	-	11	0.1806531399488449	0.0
metabolite__Norcinnamolaurine_E1	methwin__mCHG__gene__Zm00001d004669	1	0.02076576080671841	0.02076576080671841	mCHG	gene	Zm00001d004669	2	128628426	128652133	+	13	0.15430521965026855	0.0
metabolite__Norcinnamolaurine_E1	methwin__mCHG__cis__Zm00001d004669	1	0.02076452620328886	0.02076452620328886	mCHG	cis	Zm00001d004669	2	128628426	128652133	+	38	0.15430521965026855	0.0
metabolite__Norcinnamolaurine_E1	methwin__mCHH__promoter__Zm00001d050017	1	-0.020572278008759555	0.020572278008759555	mCHH	promoter	Zm00001d050017	4	59929429	59934326	+	321	0.015466121956706047	0.0
metabolite__Norcinnamolaurine_E1	methwin__mCG__promoter__Zm00001d013190	1	-0.02052375085875682	0.02052375085875682	mCG	promoter	Zm00001d013190	5	6157620	6159908	+	231	0.15190449357032776	0.0
metabolite__Norcinnamolaurine_E1	methwin__mCHH__gene__Zm00001d047989	1	-0.019984534121423193	0.019984534121423193	mCHH	gene	Zm00001d047989	9	147322757	147334539	+	19	0.026782618835568428	0.0
metabolite__Norcinnamolaurine_E1	methwin__mCHH__gene__Zm00001d002793	1	0.019876675234987443	0.019876675234987443	mCHH	gene	Zm00001d002793	2	22802030	22802463	-	207	0.0072486563585698605	0.0
metabolite__Norcinnamolaurine_E1	methwin__mCG__gene__Zm00001d009649	1	0.019660877754617445	0.019660877754617445	mCG	gene	Zm00001d009649	8	74319439	74349436	-	321	0.13682040572166443	0.0
metabolite__Norcinnamolaurine_E1	methwin__mCHG__gene__Zm00001d045466	1	0.01907478399496517	0.01907478399496517	mCHG	gene	Zm00001d045466	9	23231201	23233426	-	489	0.09937477111816406	0.0
metabolite__Norcinnamolaurine_E1	methwin__mCHG__promoter__Zm00001d052127	1	0.018394957878151513	0.018394957878151513	mCHG	promoter	Zm00001d052127	4	180429078	180431034	+	468	0.10164943337440491	0.0
metabolite__Norcinnamolaurine_E1	methwin__mCHG__cis__Zm00001d031103	1	0.018012157414338707	0.018012157414338707	mCHG	cis	Zm00001d031103	1	177422604	177422932	-	37	0.1544034779071808	0.0
metabolite__Norcinnamolaurine_E1	methwin__mCHG__gene__Zm00001d031104	1	0.01801010046992695	0.01801010046992695	mCHG	gene	Zm00001d031104	1	177428041	177432794	-	12	0.1544034779071808	0.0
metabolite__Norcinnamolaurine_E1	methwin__mCHG__cis__Zm00001d031104	1	0.018008338672281132	0.018008338672281132	mCHG	cis	Zm00001d031104	1	177428041	177432794	-	36	0.1544034779071808	0.0
metabolite__Norcinnamolaurine_E1	methwin__mCHG__gene__Zm00001d020524	1	-0.017393364238224115	0.017393364238224115	mCHG	gene	Zm00001d020524	7	120895372	120913683	-	238	0.1153230145573616	0.0
metabolite__Norcinnamolaurine_E1	methwin__mCHG__gene__Zm00001d024028	1	0.016657350883928106	0.016657350883928106	mCHG	gene	Zm00001d024028	10	37894909	37899157	+	445	0.10179560631513596	0.0
metabolite__Norcinnamolaurine_E1	methwin__mCHH__promoter__Zm00001d019422	1	-0.015300406639988075	0.015300406639988075	mCHH	promoter	Zm00001d019422	7	32997937	33000120	+	258	0.018032336607575417	0.0
metabolite__Norcinnamolaurine_E1	methwin__mCHH__cis__Zm00001d052701	1	0.015272182895551057	0.015272182895551057	mCHH	cis	Zm00001d052701	4	198079781	198083069	-	58	0.049180757254362106	0.0
metabolite__Norcinnamolaurine_E1	methwin__mCG__gene__Zm00001d020524	1	-0.015244416198500714	0.015244416198500714	mCG	gene	Zm00001d020524	7	120895372	120913683	-	116	0.15647150576114655	0.0
metabolite__Norcinnamolaurine_E1	methwin__mCG__cis__Zm00001d020524	1	-0.015241765263996985	0.015241765263996985	mCG	cis	Zm00001d020524	7	120895372	120913683	-	493	0.15647150576114655	0.0
metabolite__Norcinnamolaurine_E1	methwin__mCHH__cis__Zm00001d025589	1	0.015224073362013294	0.015224073362013294	mCHH	cis	Zm00001d025589	10	123303091	123307977	-	20	0.06703244894742966	0.0
metabolite__Norcinnamolaurine_E1	methwin__mCHH__promoter__Zm00001d025589	1	0.015221609706131688	0.015221609706131688	mCHH	promoter	Zm00001d025589	10	123303091	123307977	-	9	0.06703244894742966	0.0
metabolite__Norcinnamolaurine_E1	methwin__mCHH__cis__Zm00001d025587	1	0.015217323583033198	0.015217323583033198	mCHH	cis	Zm00001d025587	10	123297388	123299277	-	21	0.06703244894742966	0.0
metabolite__Norcinnamolaurine_E1	methwin__mCHH__cis__Zm00001d025588	1	0.015216100303281783	0.015216100303281783	mCHH	cis	Zm00001d025588	10	123299914	123302351	-	19	0.06703244894742966	0.0
metabolite__Norcinnamolaurine_E1	methwin__mCHG__promoter__Zm00001d010163	1	-0.01506268798767858	0.01506268798767858	mCHG	promoter	Zm00001d010163	8	102494594	102494962	+	232	0.11676781624555588	0.0
metabolite__Norcinnamolaurine_E1	methwin__mCHG__gene__Zm00001d010163	1	-0.015060394973189508	0.015060394973189508	mCHG	gene	Zm00001d010163	8	102494594	102494962	+	224	0.11676781624555588	0.0
metabolite__Norcinnamolaurine_E1	methwin__mCHG__promoter__Zm00001d010162	1	-0.015053973428279084	0.015053973428279084	mCHG	promoter	Zm00001d010162	8	102489032	102493406	-	233	0.11676781624555588	0.0
metabolite__Norcinnamolaurine_E1	methwin__mCHG__cis__Zm00001d047085	1	-0.014774170539377712	0.014774170539377712	mCHG	cis	Zm00001d047085	9	117779879	117781179	+	127	0.1413038969039917	0.0
metabolite__Norcinnamolaurine_E1	methwin__mCG__gene__Zm00001d022147	1	0.014581757233381759	0.014581757233381759	mCG	gene	Zm00001d022147	7	171239855	171242278	-	336	0.13535553216934204	0.0
metabolite__Norcinnamolaurine_E1	methwin__mCG__cis__Zm00001d024652	1	0.01424523821159015	0.01424523821159015	mCG	cis	Zm00001d024652	10	82136682	82138304	+	492	0.1564818024635315	0.0
metabolite__Norcinnamolaurine_E1	methwin__mCG__gene__Zm00001d024652	1	0.014241536336869198	0.014241536336869198	mCG	gene	Zm00001d024652	10	82136682	82138304	+	115	0.1564818024635315	0.0
metabolite__Norcinnamolaurine_E1	methwin__mCG__cis__Zm00001d024651	1	0.014237075643167004	0.014237075643167004	mCG	cis	Zm00001d024651	10	82129612	82135240	-	491	0.1564818024635315	0.0
metabolite__Norcinnamolaurine_E1	methwin__mCG__promoter__Zm00001d024651	1	0.014235546480925001	0.014235546480925001	mCG	promoter	Zm00001d024651	10	82129612	82135240	-	180	0.1564818024635315	0.0
metabolite__Norcinnamolaurine_E1	methwin__mCHG__cis__Zm00001d018832	1	0.013957106033935157	0.013957106033935157	mCHG	cis	Zm00001d018832	7	6806891	6808735	-	259	0.1334497034549713	0.0
metabolite__Norcinnamolaurine_E1	methwin__mCHG__cis__Zm00001d018831	1	0.013952904472364667	0.013952904472364667	mCHG	cis	Zm00001d018831	7	6794486	6806370	+	260	0.1334497034549713	0.0
metabolite__Norcinnamolaurine_E1	methwin__mCHG__cis__Zm00001d018833	1	0.013941262909387431	0.013941262909387431	mCHG	cis	Zm00001d018833	7	6810811	6812651	-	258	0.1334497034549713	0.0
metabolite__Norcinnamolaurine_E1	methwin__mCHG__gene__Zm00001d023212	1	-0.013816739328436207	0.013816739328436207	mCHG	gene	Zm00001d023212	10	315861	318148	+	388	0.10449577122926712	0.0
metabolite__Norcinnamolaurine_E1	methwin__mCHG__promoter__Zm00001d023212	1	-0.013816246176516049	0.013816246176516049	mCHG	promoter	Zm00001d023212	10	315861	318148	+	416	0.10449577122926712	0.0
metabolite__Norcinnamolaurine_E1	methwin__mCHH__promoter__Zm00001d004053	1	-0.013534660384349452	0.013534660384349452	mCHH	promoter	Zm00001d004053	2	79773043	79793069	+	208	0.02165331318974495	0.0
metabolite__Norcinnamolaurine_E1	methwin__mCHH__gene__Zm00001d051715	1	0.013492556734010452	0.013492556734010452	mCHH	gene	Zm00001d051715	4	167838922	167839828	-	128	0.00988234393298626	0.0
metabolite__Norcinnamolaurine_E1	methwin__mCG__gene__Zm00001d005076	1	0.013392942156182508	0.013392942156182508	mCG	gene	Zm00001d005076	2	157557968	157559489	+	485	0.12399643659591675	0.0
metabolite__Norcinnamolaurine_E1	methwin__mCHH__promoter__Zm00001d024424	1	-0.013048265788066195	0.013048265788066195	mCHH	promoter	Zm00001d024424	10	70414238	70420011	-	220	0.020966224372386932	0.0
metabolite__Norcinnamolaurine_E1	methwin__mCHH__cis__Zm00001d004614	1	-0.012827122814174618	0.012827122814174618	mCHH	cis	Zm00001d004614	2	121848851	121849602	-	150	0.03637586534023285	0.0
metabolite__Norcinnamolaurine_E1	methwin__mCHH__promoter__Zm00001d004614	1	-0.012826914214745544	0.012826914214745544	mCHH	promoter	Zm00001d004614	2	121848851	121849602	-	62	0.03637586534023285	0.0
metabolite__Norcinnamolaurine_E1	methwin__mCG__gene__Zm00001d043309	1	0.012787742572112452	0.012787742572112452	mCG	gene	Zm00001d043309	3	195736199	195749967	-	341	0.13516457378864288	0.0
metabolite__Norcinnamolaurine_E1	methwin__mCHG__gene__Zm00001d009649	1	0.012727450900374877	0.012727450900374877	mCHG	gene	Zm00001d009649	8	74319439	74349436	-	177	0.12060731649398804	0.0
metabolite__Norcinnamolaurine_E1	methwin__mCHH__gene__Zm00001d009676	1	-0.012585501172822986	0.012585501172822986	mCHH	gene	Zm00001d009676	8	75406721	75412753	+	208	0.007211166433990002	0.0
metabolite__Norcinnamolaurine_E1	methwin__mCG__gene__Zm00001d019862	1	0.011999299751012842	0.011999299751012842	mCG	gene	Zm00001d019862	7	71039032	71044107	-	21	0.1760011464357376	0.0
metabolite__Norcinnamolaurine_E1	methwin__mCHH__gene__Zm00001d031375	1	-0.011760362392093155	0.011760362392093155	mCHH	gene	Zm00001d031375	1	187631492	187632082	+	315	0.005229180213063955	0.0
metabolite__Norcinnamolaurine_E1	methwin__mCG__promoter__Zm00001d033021	1	0.011316937127944508	0.011316937127944508	mCG	promoter	Zm00001d033021	1	247431338	247433701	+	33	0.17906634509563446	0.0
metabolite__Norcinnamolaurine_E1	methwin__mCG__cis__Zm00001d033022	1	0.011313578623692042	0.011313578623692042	mCG	cis	Zm00001d033022	1	247438333	247441383	-	90	0.17906634509563446	0.0
metabolite__Norcinnamolaurine_E1	methwin__mCG__cis__Zm00001d033021	1	0.011313334042026094	0.011313334042026094	mCG	cis	Zm00001d033021	1	247431338	247433701	+	89	0.17906634509563446	0.0
metabolite__Norcinnamolaurine_E1	methwin__mCG__promoter__Zm00001d007535	1	0.011045578424874409	0.011045578424874409	mCG	promoter	Zm00001d007535	2	234248940	234252794	-	60	0.17306450009346008	0.0
metabolite__Norcinnamolaurine_E1	methwin__mCG__cis__Zm00001d007537	1	0.011044608124706659	0.011044608124706659	mCG	cis	Zm00001d007537	2	234257646	234269276	-	165	0.17306450009346008	0.0
metabolite__Norcinnamolaurine_E1	methwin__mCG__cis__Zm00001d007536	1	0.01104328348088351	0.01104328348088351	mCG	cis	Zm00001d007536	2	234252951	234257011	+	166	0.17306450009346008	0.0
metabolite__Norcinnamolaurine_E1	methwin__mCG__gene__Zm00001d007536	1	0.011042237452864426	0.011042237452864426	mCG	gene	Zm00001d007536	2	234252951	234257011	+	32	0.17306450009346008	0.0
metabolite__Norcinnamolaurine_E1	methwin__mCG__cis__Zm00001d007535	1	0.011042104072717423	0.011042104072717423	mCG	cis	Zm00001d007535	2	234248940	234252794	-	164	0.17306450009346008	0.0
metabolite__Norcinnamolaurine_E1	methwin__mCG__gene__Zm00001d049530	1	-0.010709190062553775	0.010709190062553775	mCG	gene	Zm00001d049530	4	33409847	33410188	-	382	0.131540447473526	0.0
metabolite__Norcinnamolaurine_E1	methwin__mCG__gene__Zm00001d049531	1	-0.010703945902686508	0.010703945902686508	mCG	gene	Zm00001d049531	4	33410133	33414086	+	383	0.131540447473526	0.0
metabolite__Norcinnamolaurine_E1	methwin__mCHH__cis__Zm00001d029059	1	-0.010655655009557908	0.010655655009557908	mCHH	cis	Zm00001d029059	1	56743156	56747187	+	493	0.022457098588347435	0.0
metabolite__Norcinnamolaurine_E1	methwin__mCHH__promoter__Zm00001d029059	1	-0.010653310588246196	0.010653310588246196	mCHH	promoter	Zm00001d029059	1	56743156	56747187	+	196	0.022457098588347435	0.0
metabolite__Norcinnamolaurine_E1	methwin__mCHH__promoter__Zm00001d050081	1	-0.010369078903478077	0.010369078903478077	mCHH	promoter	Zm00001d050081	4	64819264	64825467	-	284	0.016519900411367416	0.0
metabolite__Norcinnamolaurine_E1	methwin__mCHH__cis__Zm00001d014083	1	-0.009762423785239976	0.009762423785239976	mCHH	cis	Zm00001d014083	5	31745001	31747554	-	331	0.02707488462328911	0.0
metabolite__Norcinnamolaurine_E1	methwin__mCHH__cis__Zm00001d014082	1	-0.009760839627802033	0.009760839627802033	mCHH	cis	Zm00001d014082	5	31741154	31742727	+	332	0.02707488462328911	0.0
metabolite__Norcinnamolaurine_E1	methwin__mCHH__promoter__Zm00001d014083	1	-0.00975099482063859	0.00975099482063859	mCHH	promoter	Zm00001d014083	5	31745001	31747554	-	133	0.02707488462328911	0.0
metabolite__Norcinnamolaurine_E1	methwin__mCHG__promoter__Zm00001d002977	1	0.009709154883699353	0.009709154883699353	mCHG	promoter	Zm00001d002977	2	28578987	28579220	+	494	0.10006112605333328	0.0
metabolite__Norcinnamolaurine_E1	methwin__mCHG__gene__Zm00001d002976	1	0.009707284849520133	0.009707284849520133	mCHG	gene	Zm00001d002976	2	28578457	28578824	-	480	0.10006112605333328	0.0
metabolite__Norcinnamolaurine_E1	methwin__mCHG__gene__Zm00001d018562	1	0.009121076244314717	0.009121076244314717	mCHG	gene	Zm00001d018562	5	223260098	223277123	+	211	0.1177566796541214	0.0
metabolite__Norcinnamolaurine_E1	methwin__mCHH__gene__Zm00001d043072	1	0.008965988697334672	0.008965988697334672	mCHH	gene	Zm00001d043072	3	188334468	188334866	+	84	0.012879840098321438	0.0
metabolite__Norcinnamolaurine_E1	methwin__mCHH__promoter__Zm00001d043072	1	0.008964540483916286	0.008964540483916286	mCHH	promoter	Zm00001d043072	3	188334468	188334866	+	399	0.012879840098321438	0.0
metabolite__Norcinnamolaurine_E1	methwin__mCG__gene__Zm00001d028842	1	0.008952179866665676	0.008952179866665676	mCG	gene	Zm00001d028842	1	48424617	48430126	-	128	0.1551930010318756	0.0
metabolite__Norcinnamolaurine_E1	methwin__mCHG__promoter__Zm00001d004089	1	0.008915959934647447	0.008915959934647447	mCHG	promoter	Zm00001d004089	2	81606678	81607250	+	255	0.11532271653413773	0.0
metabolite__Norcinnamolaurine_E1	methwin__mCHH__promoter__Zm00001d004650	1	-0.008826857956175858	0.008826857956175858	mCHH	promoter	Zm00001d004650	2	125937581	125938516	-	344	0.014491911977529526	0.0
metabolite__Norcinnamolaurine_E1	methwin__mCG__cis__Zm00001d031104	1	0.00833056056941661	0.00833056056941661	mCG	cis	Zm00001d031104	1	177428041	177432794	-	8	0.1977633386850357	0.0
metabolite__Norcinnamolaurine_E1	methwin__mCG__gene__Zm00001d031104	1	0.00832706008112974	0.00832706008112974	mCG	gene	Zm00001d031104	1	177428041	177432794	-	2	0.1977633386850357	0.0
metabolite__Norcinnamolaurine_E1	methwin__mCG__cis__Zm00001d031103	1	0.008325389474962423	0.008325389474962423	mCG	cis	Zm00001d031103	1	177422604	177422932	-	7	0.1977633386850357	0.0
metabolite__Norcinnamolaurine_E1	methwin__mCHH__promoter__Zm00001d043378	1	-0.00830867004129832	0.00830867004129832	mCHH	promoter	Zm00001d043378	3	198206233	198229237	+	366	0.013767054304480553	0.0
metabolite__Norcinnamolaurine_E1	methwin__mCG__cis__Zm00001d034139	1	-0.007928561969072882	0.007928561969072882	mCG	cis	Zm00001d034139	1	284867580	284872240	-	298	0.16360031068325043	0.0
metabolite__Norcinnamolaurine_E1	methwin__mCG__cis__Zm00001d034137	1	-0.00791852289276944	0.00791852289276944	mCG	cis	Zm00001d034137	1	284854743	284866468	+	299	0.16360031068325043	0.0
metabolite__Norcinnamolaurine_E1	methwin__mCG__gene__Zm00001d034137	1	-0.007903909346521586	0.007903909346521586	mCG	gene	Zm00001d034137	1	284854743	284866468	+	70	0.16360031068325043	0.0
metabolite__Norcinnamolaurine_E1	methwin__mCG__gene__Zm00001d010436	1	0.00783282599068193	0.00783282599068193	mCG	gene	Zm00001d010436	8	115029092	115038370	+	316	0.1371196061372757	0.0
metabolite__Norcinnamolaurine_E1	methwin__mCHG__promoter__Zm00001d045938	1	0.007542535409045251	0.007542535409045251	mCHG	promoter	Zm00001d045938	9	47945117	47971768	-	37	0.13972041010856628	0.0
metabolite__Norcinnamolaurine_E1	methwin__mCG__promoter__Zm00001d025467	1	-0.007531526629835584	0.007531526629835584	mCG	promoter	Zm00001d025467	10	119825127	119826659	-	344	0.1434747576713562	0.0
metabolite__Norcinnamolaurine_E1	methwin__mCHG__gene__Zm00001d007086	1	0.007529251691059501	0.007529251691059501	mCHG	gene	Zm00001d007086	2	221921965	221922516	+	239	0.11530300974845886	0.0
metabolite__Norcinnamolaurine_E1	methwin__mCHG__cis__Zm00001d020965	1	-0.007352150908209595	0.007352150908209595	mCHG	cis	Zm00001d020965	7	138116641	138122918	+	449	0.12658312916755676	0.0
metabolite__Norcinnamolaurine_E1	methwin__mCHG__promoter__Zm00001d020965	1	-0.00735073778692192	0.00735073778692192	mCHG	promoter	Zm00001d020965	7	138116641	138122918	+	124	0.12658312916755676	0.0
metabolite__Norcinnamolaurine_E1	methwin__mCHG__gene__Zm00001d020964	1	-0.007323644943044742	0.007323644943044742	mCHG	gene	Zm00001d020964	7	138114949	138117085	-	134	0.12658312916755676	0.0
metabolite__Norcinnamolaurine_E1	methwin__mCHG__cis__Zm00001d020964	1	-0.007319927733735528	0.007319927733735528	mCHG	cis	Zm00001d020964	7	138114949	138117085	-	450	0.12658312916755676	0.0
metabolite__Norcinnamolaurine_E1	methwin__mCHH__cis__Zm00001d024486	1	0.006272390907196604	0.006272390907196604	mCHH	cis	Zm00001d024486	10	73708902	73712703	-	261	0.030276581645011902	0.0
metabolite__Norcinnamolaurine_E1	methwin__mCHG__cis__Zm00001d052549	1	-0.006262474648992558	0.006262474648992558	mCHG	cis	Zm00001d052549	4	192864628	192865239	-	483	0.12527120113372803	0.0
metabolite__Norcinnamolaurine_E1	methwin__mCHG__promoter__Zm00001d052549	1	-0.006252000939207893	0.006252000939207893	mCHG	promoter	Zm00001d052549	4	192864628	192865239	-	132	0.12527120113372803	0.0
metabolite__Norcinnamolaurine_E1	methwin__mCHG__gene__Zm00001d052549	1	-0.006249100445263369	0.006249100445263369	mCHG	gene	Zm00001d052549	4	192864628	192865239	-	143	0.12527120113372803	0.0
metabolite__Norcinnamolaurine_E1	methwin__mCHG__cis__Zm00001d052551	1	-0.006246152434060853	0.006246152434060853	mCHG	cis	Zm00001d052551	4	192868787	192870527	+	482	0.12527120113372803	0.0
metabolite__Norcinnamolaurine_E1	methwin__mCG__gene__Zm00001d021082	1	0.006235643954645778	0.006235643954645778	mCG	gene	Zm00001d021082	7	142420831	142427998	-	197	0.14749634265899658	0.0
metabolite__Norcinnamolaurine_E1	methwin__mCG__promoter__Zm00001d021084	1	0.006228426672005228	0.006228426672005228	mCG	promoter	Zm00001d021084	7	142427906	142438706	+	291	0.14749634265899658	0.0
metabolite__Norcinnamolaurine_E1	methwin__mCG__promoter__Zm00001d021085	1	0.00620751894288015	0.00620751894288015	mCG	promoter	Zm00001d021085	7	142427917	142438706	+	293	0.14749634265899658	0.0
metabolite__Norcinnamolaurine_E1	methwin__mCG__gene__Zm00001d021085	1	0.0061845189926581536	0.0061845189926581536	mCG	gene	Zm00001d021085	7	142427917	142438706	+	196	0.14749634265899658	0.0
metabolite__Norcinnamolaurine_E1	methwin__mCG__gene__Zm00001d021084	1	0.00617261816979181	0.00617261816979181	mCG	gene	Zm00001d021084	7	142427906	142438706	+	195	0.14749634265899658	0.0
metabolite__Norcinnamolaurine_E1	methwin__mCG__promoter__Zm00001d021082	1	0.006170952933133072	0.006170952933133072	mCG	promoter	Zm00001d021082	7	142420831	142427998	-	292	0.14749634265899658	0.0
metabolite__Norcinnamolaurine_E1	methwin__mCHH__promoter__Zm00001d010751	1	-0.00606322981891447	0.00606322981891447	mCHH	promoter	Zm00001d010751	8	126849996	126850937	-	498	0.010594400577247143	0.0
metabolite__Norcinnamolaurine_E1	methwin__mCHH__cis__Zm00001d051375	1	0.006002193524287586	0.006002193524287586	mCHH	cis	Zm00001d051375	4	156366550	156371415	+	486	0.022542810067534447	0.0
metabolite__Norcinnamolaurine_E1	methwin__mCHH__cis__Zm00001d051374	1	0.00597470019213729	0.00597470019213729	mCHH	cis	Zm00001d051374	4	156364789	156365286	-	488	0.022542810067534447	0.0
metabolite__Norcinnamolaurine_E1	methwin__mCHH__gene__Zm00001d051375	1	0.0059355071853124455	0.0059355071853124455	mCHH	gene	Zm00001d051375	4	156366550	156371415	+	28	0.022542810067534447	0.0
metabolite__Norcinnamolaurine_E1	methwin__mCHH__cis__Zm00001d051373	1	0.005839817980795643	0.005839817980795643	mCHH	cis	Zm00001d051373	4	156362348	156364213	-	487	0.022542810067534447	0.0
metabolite__Norcinnamolaurine_E1	methwin__mCHH__promoter__Zm00001d051375	1	0.005814593648152404	0.005814593648152404	mCHH	promoter	Zm00001d051375	4	156366550	156371415	+	192	0.022542810067534447	0.0
metabolite__Norcinnamolaurine_E1	methwin__mCHH__promoter__Zm00001d051374	1	0.005789852067684777	0.005789852067684777	mCHH	promoter	Zm00001d051374	4	156364789	156365286	-	193	0.022542810067534447	0.0
metabolite__Norcinnamolaurine_E1	methwin__mCHG__gene__Zm00001d049531	1	-0.005571316824205002	0.005571316824205002	mCHG	gene	Zm00001d049531	4	33410133	33414086	+	459	0.10132785886526108	0.0
metabolite__Norcinnamolaurine_E1	methwin__mCHG__promoter__Zm00001d049530	1	-0.005565425690458189	0.005565425690458189	mCHG	promoter	Zm00001d049530	4	33409847	33410188	-	474	0.10132785886526108	0.0
metabolite__Norcinnamolaurine_E1	methwin__mCHG__gene__Zm00001d049530	1	-0.005559470555095879	0.005559470555095879	mCHG	gene	Zm00001d049530	4	33409847	33410188	-	458	0.10132785886526108	0.0
metabolite__Norcinnamolaurine_E1	methwin__mCHG__promoter__Zm00001d049531	1	-0.0055576359391975045	0.0055576359391975045	mCHG	promoter	Zm00001d049531	4	33410133	33414086	+	475	0.10132785886526108	0.0
metabolite__Norcinnamolaurine_E1	methwin__mCG__gene__Zm00001d024028	1	0.0050543115655193776	0.0050543115655193776	mCG	gene	Zm00001d024028	10	37894909	37899157	+	380	0.131618469953537	0.0
metabolite__Norcinnamolaurine_E1	methwin__mCHG__promoter__Zm00001d031136	1	0.004925554322952809	0.004925554322952809	mCHG	promoter	Zm00001d031136	1	179010347	179015072	-	47	0.13847851753234863	0.0
metabolite__Norcinnamolaurine_E1	methwin__mCHG__cis__Zm00001d031135	1	0.0049231595711111496	0.0049231595711111496	mCHG	cis	Zm00001d031135	1	179005355	179009556	+	160	0.13847851753234863	0.0
metabolite__Norcinnamolaurine_E1	methwin__mCHG__cis__Zm00001d031136	1	0.004921451053701449	0.004921451053701449	mCHG	cis	Zm00001d031136	1	179010347	179015072	-	161	0.13847851753234863	0.0
metabolite__Norcinnamolaurine_E1	methwin__mCHG__gene__Zm00001d040982	1	0.004861838427320236	0.004861838427320236	mCHG	gene	Zm00001d040982	3	88101133	88101809	+	228	0.11610543727874756	0.0
metabolite__Norcinnamolaurine_E1	methwin__mCHG__promoter__Zm00001d005554	1	-0.004432407058829201	0.004432407058829201	mCHG	promoter	Zm00001d005554	2	178299637	178303185	-	197	0.11993923038244247	0.0
metabolite__Norcinnamolaurine_E1	methwin__mCG__gene__Zm00001d031409	1	0.0041847810441716605	0.0041847810441716605	mCG	gene	Zm00001d031409	1	189265379	189265801	+	92	0.16084009408950806	0.0
metabolite__Norcinnamolaurine_E1	methwin__mCG__promoter__Zm00001d031410	1	0.004172014852734706	0.004172014852734706	mCG	promoter	Zm00001d031410	1	189265574	189265801	+	139	0.16084009408950806	0.0
metabolite__Norcinnamolaurine_E1	methwin__mCG__gene__Zm00001d031410	1	0.0041331526827282595	0.0041331526827282595	mCG	gene	Zm00001d031410	1	189265574	189265801	+	91	0.16084009408950806	0.0
metabolite__Norcinnamolaurine_E1	methwin__mCG__promoter__Zm00001d031408	1	0.004131789389381558	0.004131789389381558	mCG	promoter	Zm00001d031408	1	189263612	189264352	-	140	0.16084009408950806	0.0
metabolite__Norcinnamolaurine_E1	methwin__mCG__promoter__Zm00001d022067	1	0.004119740990009599	0.004119740990009599	mCG	promoter	Zm00001d022067	7	169289768	169291428	-	116	0.16341866552829742	0.0
metabolite__Norcinnamolaurine_E1	methwin__mCHG__cis__Zm00001d048977	1	0.004083604415264563	0.004083604415264563	mCHG	cis	Zm00001d048977	4	11325273	11328846	+	204	0.1366633027791977	0.0
metabolite__Norcinnamolaurine_E1	methwin__mCHG__gene__Zm00001d048977	1	0.0040832220915238224	0.0040832220915238224	mCHG	gene	Zm00001d048977	4	11325273	11328846	+	69	0.1366633027791977	0.0
metabolite__Norcinnamolaurine_E1	methwin__mCHG__cis__Zm00001d048978	1	0.004078990409691775	0.004078990409691775	mCHG	cis	Zm00001d048978	4	11329415	11330662	-	205	0.1366633027791977	0.0
metabolite__Norcinnamolaurine_E1	methwin__mCHH__cis__Zm00001d048551	1	0.0036889208808460194	0.0036889208808460194	mCHH	cis	Zm00001d048551	9	158534769	158536095	-	333	0.027062958106398582	0.0
metabolite__Norcinnamolaurine_E1	methwin__mCHH__cis__Zm00001d048548	1	0.0036847065893549176	0.0036847065893549176	mCHH	cis	Zm00001d048548	9	158521157	158525351	-	334	0.027062958106398582	0.0
metabolite__Norcinnamolaurine_E1	methwin__mCHH__cis__Zm00001d048550	1	0.0036839217729707757	0.0036839217729707757	mCHH	cis	Zm00001d048550	9	158532306	158534244	-	335	0.027062958106398582	0.0
metabolite__Norcinnamolaurine_E1	methwin__mCHH__cis__Zm00001d048547	1	0.003682777484637603	0.003682777484637603	mCHH	cis	Zm00001d048547	9	158517739	158519168	-	336	0.027062958106398582	0.0
metabolite__Norcinnamolaurine_E1	methwin__mCG__gene__Zm00001d007784	1	0.0035791238852630374	0.0035791238852630374	mCG	gene	Zm00001d007784	2	239549775	239550674	+	388	0.13136713206768036	0.0
metabolite__Norcinnamolaurine_E1	methwin__mCG__gene__Zm00001d047817	1	-0.003530786006351608	0.003530786006351608	mCG	gene	Zm00001d047817	9	142577597	142580582	+	335	0.13539284467697144	0.0
metabolite__Norcinnamolaurine_E1	methwin__mCG__promoter__Zm00001d047817	1	-0.003514565631995027	0.003514565631995027	mCG	promoter	Zm00001d047817	9	142577597	142580582	+	464	0.13539284467697144	0.0
metabolite__Norcinnamolaurine_E1	methwin__mCHG__cis__Zm00001d009681	1	-0.00318059481586531	0.00318059481586531	mCHG	cis	Zm00001d009681	8	75576057	75580573	+	403	0.1276751309633255	0.0
metabolite__Norcinnamolaurine_E1	methwin__mCG__cis__Zm00001d021049	1	-0.003071387247239041	0.003071387247239041	mCG	cis	Zm00001d021049	7	141234727	141235338	+	203	0.1697496622800827	0.0
metabolite__Norcinnamolaurine_E1	methwin__mCG__gene__Zm00001d021049	1	-0.003070408374566612	0.003070408374566612	mCG	gene	Zm00001d021049	7	141234727	141235338	+	43	0.1697496622800827	0.0
metabolite__Norcinnamolaurine_E1	methwin__mCG__promoter__Zm00001d021049	1	-0.0030691808513213085	0.0030691808513213085	mCG	promoter	Zm00001d021049	7	141234727	141235338	+	74	0.1697496622800827	0.0
metabolite__Norcinnamolaurine_E1	methwin__mCG__promoter__Zm00001d038286	1	0.002934586485529318	0.002934586485529318	mCG	promoter	Zm00001d038286	6	153399275	153402068	-	468	0.13524088263511658	0.0
metabolite__Norcinnamolaurine_E1	methwin__mCHH__cis__Zm00001d047688	1	-0.002921073594366324	0.002921073594366324	mCHH	cis	Zm00001d047688	9	139359602	139363816	-	342	0.026774214580655098	0.0
metabolite__Norcinnamolaurine_E1	methwin__mCHH__cis__Zm00001d047689	1	-0.0029208071437724133	0.0029208071437724133	mCHH	cis	Zm00001d047689	9	139363842	139370232	+	343	0.026774214580655098	0.0
metabolite__Norcinnamolaurine_E1	methwin__mCHH__cis__Zm00001d047687	1	-0.0029205626989787835	0.0029205626989787835	mCHH	cis	Zm00001d047687	9	139353622	139355151	+	341	0.026774214580655098	0.0
metabolite__Norcinnamolaurine_E1	methwin__mCHH__cis__Zm00001d012485	1	-0.002881302123372169	0.002881302123372169	mCHH	cis	Zm00001d012485	8	175357855	175362943	+	258	0.030414804816246033	0.0
metabolite__Norcinnamolaurine_E1	methwin__mCHH__cis__Zm00001d012484	1	-0.0028801436261334133	0.0028801436261334133	mCHH	cis	Zm00001d012484	8	175353033	175354813	-	257	0.030414804816246033	0.0
metabolite__Norcinnamolaurine_E1	methwin__mCHH__gene__Zm00001d012485	1	-0.002878386606748664	0.002878386606748664	mCHH	gene	Zm00001d012485	8	175357855	175362943	+	14	0.030414804816246033	0.0
metabolite__Norcinnamolaurine_E1	methwin__mCHH__cis__Zm00001d012486	1	-0.002877139634510104	0.002877139634510104	mCHH	cis	Zm00001d012486	8	175364810	175370570	+	256	0.030414804816246033	0.0
metabolite__Norcinnamolaurine_E1	methwin__mCHG__promoter__Zm00001d003328	1	0.002465007717132594	0.002465007717132594	mCHG	promoter	Zm00001d003328	2	40259439	40260926	+	59	0.13729926943778992	0.0
metabolite__Norcinnamolaurine_E1	methwin__mCHG__cis__Zm00001d003329	1	0.002464982321694692	0.002464982321694692	mCHG	cis	Zm00001d003329	2	40262906	40272959	-	198	0.13729926943778992	0.0
metabolite__Norcinnamolaurine_E1	methwin__mCHG__cis__Zm00001d003328	1	0.0024645471088890346	0.0024645471088890346	mCHG	cis	Zm00001d003328	2	40259439	40260926	+	197	0.13729926943778992	0.0
metabolite__Norcinnamolaurine_E1	methwin__mCHH__cis__Zm00001d047540	1	-0.0021851249364219874	0.0021851249364219874	mCHH	cis	Zm00001d047540	9	134441983	134470690	-	428	0.023976488038897514	0.0
metabolite__Norcinnamolaurine_E1	methwin__mCHH__promoter__Zm00001d047540	1	-0.0021848015020846058	0.0021848015020846058	mCHH	promoter	Zm00001d047540	9	134441983	134470690	-	178	0.023976488038897514	0.0
metabolite__Norcinnamolaurine_E1	methwin__mCG__gene__Zm00001d031375	1	-0.0020865104173774934	0.0020865104173774934	mCG	gene	Zm00001d031375	1	187631492	187632082	+	257	0.14226019382476807	0.0
metabolite__Norcinnamolaurine_E1	methwin__mCHH__promoter__Zm00001d021294	1	-0.001920176624036997	0.001920176624036997	mCHH	promoter	Zm00001d021294	7	148128045	148129250	+	45	0.041329044848680496	0.0
metabolite__Norcinnamolaurine_E1	methwin__mCHH__cis__Zm00001d021294	1	-0.001914266572540857	0.001914266572540857	mCHH	cis	Zm00001d021294	7	148128045	148129250	+	104	0.041329044848680496	0.0
metabolite__Norcinnamolaurine_E1	methwin__mCHH__cis__Zm00001d036343	1	-0.0018593820171248691	0.0018593820171248691	mCHH	cis	Zm00001d036343	6	85011739	85018649	+	378	0.025475889444351196	0.0
metabolite__Norcinnamolaurine_E1	methwin__mCHH__gene__Zm00001d019515	1	0.0016831055931185658	0.0016831055931185658	mCHH	gene	Zm00001d019515	7	39145274	39160974	-	317	0.005194139666855335	0.0
metabolite__Norcinnamolaurine_E1	methwin__mCHG__promoter__Zm00001d051847	1	0.001600255000514158	0.001600255000514158	mCHG	promoter	Zm00001d051847	4	172100463	172103469	+	22	0.1499294489622116	0.0
metabolite__Norcinnamolaurine_E1	methwin__mCHG__cis__Zm00001d051847	1	0.0015998797386489617	0.0015998797386489617	mCHG	cis	Zm00001d051847	4	172100463	172103469	+	62	0.1499294489622116	0.0
metabolite__Norcinnamolaurine_E1	methwin__mCHG__cis__Zm00001d051846	1	0.0015995750124331927	0.0015995750124331927	mCHG	cis	Zm00001d051846	4	172092411	172099344	+	61	0.1499294489622116	0.0
metabolite__Norcinnamolaurine_E1	methwin__mCHG__gene__Zm00001d051847	1	0.0015994089568444508	0.0015994089568444508	mCHG	gene	Zm00001d051847	4	172100463	172103469	+	22	0.1499294489622116	0.0
metabolite__Norcinnamolaurine_E1	methwin__mCHH__gene__Zm00001d021084	1	0.0015773856400788093	0.0015773856400788093	mCHH	gene	Zm00001d021084	7	142427906	142438706	+	117	0.010239658877253532	0.0
metabolite__Norcinnamolaurine_E1	methwin__mCG__cis__Zm00001d027957	1	0.001575582259426139	0.001575582259426139	mCG	cis	Zm00001d027957	1	18299864	18321135	-	219	0.16903212666511536	0.0
metabolite__Norcinnamolaurine_E1	methwin__mCG__cis__Zm00001d027958	1	0.0015716752465878751	0.0015716752465878751	mCG	cis	Zm00001d027958	1	18324501	18326246	+	218	0.16903212666511536	0.0
metabolite__Norcinnamolaurine_E1	methwin__mCG__promoter__Zm00001d027957	1	0.0015660728720072845	0.0015660728720072845	mCG	promoter	Zm00001d027957	1	18299864	18321135	-	82	0.16903212666511536	0.0
metabolite__Norcinnamolaurine_E1	methwin__mCHH__gene__Zm00001d021085	1	0.0015622965029857352	0.0015622965029857352	mCHH	gene	Zm00001d021085	7	142427917	142438706	+	118	0.010239658877253532	0.0
metabolite__Norcinnamolaurine_E1	methwin__mCHH__gene__Zm00001d021082	1	0.0015489412590966659	0.0015489412590966659	mCHH	gene	Zm00001d021082	7	142420831	142427998	-	119	0.010239658877253532	0.0
metabolite__Norcinnamolaurine_E1	methwin__mCG__gene__Zm00001d013103	1	0.0013833191624461284	0.0013833191624461284	mCG	gene	Zm00001d013103	5	4714547	4715589	-	427	0.12831337749958038	0.0
metabolite__Norcinnamolaurine_E1	methwin__mCG__cis__Zm00001d034380	1	-0.0011705589366608178	0.0011705589366608178	mCG	cis	Zm00001d034380	1	291356414	291359823	+	487	0.15672914683818817	0.0
metabolite__Norcinnamolaurine_E1	methwin__mCG__cis__Zm00001d034379	1	-0.0011537760119382028	0.0011537760119382028	mCG	cis	Zm00001d034379	1	291348794	291349309	+	488	0.15672914683818817	0.0
metabolite__Norcinnamolaurine_E1	methwin__mCG__promoter__Zm00001d034380	1	-0.0010869870586618661	0.0010869870586618661	mCG	promoter	Zm00001d034380	1	291356414	291359823	+	177	0.15672914683818817	0.0
metabolite__Norcinnamolaurine_E1	methwin__mCHH__promoter__Zm00001d010402	1	-0.0009161656921120162	0.0009161656921120162	mCHH	promoter	Zm00001d010402	8	113056986	113057636	+	66	0.03562040254473686	0.0
metabolite__Norcinnamolaurine_E1	methwin__mCHH__cis__Zm00001d010402	1	-0.0009108998623829215	0.0009108998623829215	mCHH	cis	Zm00001d010402	8	113056986	113057636	+	168	0.03562040254473686	0.0
metabolite__Norcinnamolaurine_E1	methwin__mCHH__cis__Zm00001d010403	1	-0.0009089738200765906	0.0009089738200765906	mCHH	cis	Zm00001d010403	8	113059177	113063728	-	169	0.03562040254473686	0.0
metabolite__Norcinnamolaurine_E1	methwin__mCHH__promoter__Zm00001d041673	1	0.0007846965190725089	0.0007846965190725089	mCHH	promoter	Zm00001d041673	3	132900714	132901533	-	223	0.02055484801530838	0.0
metabolite__Norcinnamolaurine_E1	methwin__mCHH__gene__Zm00001d004707	1	-0.0006107435701389722	0.0006107435701389722	mCHH	gene	Zm00001d004707	2	132433054	132465319	-	59	0.01565706916153431	0.0
metabolite__Norcinnamolaurine_E1	methwin__mCG__cis__Zm00001d023991	1	-0.0005815862236289188	0.0005815862236289188	mCG	cis	Zm00001d023991	10	34955444	34957688	+	342	0.16173532605171204	0.0
metabolite__Norcinnamolaurine_E1	methwin__mCG__promoter__Zm00001d020430	1	0.00045731102014986454	0.00045731102014986454	mCG	promoter	Zm00001d020430	7	113572410	113572937	+	67	0.1710747480392456	0.0
metabolite__Norcinnamolaurine_E1	methwin__mCG__cis__Zm00001d020430	1	0.0004566127700639366	0.0004566127700639366	mCG	cis	Zm00001d020430	7	113572410	113572937	+	186	0.1710747480392456	0.0
metabolite__Norcinnamolaurine_E1	methwin__mCHG__cis__Zm00001d016202	1	-0.0003924215842735853	0.0003924215842735853	mCHG	cis	Zm00001d016202	5	150380818	150382317	+	66	0.1488047093153	0.0
metabolite__Norcinnamolaurine_E1	methwin__mCG__promoter__Zm00001d002202	1	-0.00028448189720385776	0.00028448189720385776	mCG	promoter	Zm00001d002202	2	8232966	8234474	+	104	0.16436752676963806	0.0
metabolite__Pro_Leu_E1	methwin__mCG__promoter__Zm00001d046499	5	0.041210546737639686	0.041210546737639686	mCG	promoter	Zm00001d046499	9	92565565	92566347	-	425	0.13788527250289917	0.0
metabolite__Pro_Leu_E1	methwin__mCHG__cis__Zm00001d047453	5	-0.035555011877028635	0.035555011877028635	mCHG	cis	Zm00001d047453	9	130691554	130708860	-	89	0.14598821103572845	0.0
metabolite__Pro_Leu_E1	methwin__mCHG__gene__Zm00001d047453	5	-0.035554042354581844	0.035554042354581844	mCHG	gene	Zm00001d047453	9	130691554	130708860	-	29	0.14598821103572845	0.0
metabolite__Pro_Leu_E1	methwin__mCG__gene__Zm00001d013265	5	-0.025717790144403747	0.025717790144403747	mCG	gene	Zm00001d013265	5	7397790	7408662	-	289	0.139395609498024	0.0
metabolite__Pro_Leu_E1	methwin__mCHH__cis__Zm00001d021294	5	0.012199694259135469	0.012199694259135469	mCHH	cis	Zm00001d021294	7	148128045	148129250	+	104	0.041329044848680496	0.0
metabolite__Pro_Leu_E1	methwin__mCHH__promoter__Zm00001d021294	5	0.012197959375706184	0.012197959375706184	mCHH	promoter	Zm00001d021294	7	148128045	148129250	+	45	0.041329044848680496	0.0
metabolite__Pro_Leu_E1	methwin__mCHG__promoter__Zm00001d045113	5	0.005895462377391832	0.005895462377391832	mCHG	promoter	Zm00001d045113	9	13149723	13154901	-	88	0.1313147246837616	0.0
metabolite__Pro_Leu_E1	methwin__mCHG__gene__Zm00001d045114	5	0.005893367581989323	0.005893367581989323	mCHG	gene	Zm00001d045114	9	13155113	13156743	+	98	0.1313147246837616	0.0
metabolite__Pro_Leu_E1	methwin__mCHG__promoter__Zm00001d045114	5	0.005890059384298331	0.005890059384298331	mCHG	promoter	Zm00001d045114	9	13155113	13156743	+	89	0.1313147246837616	0.0
metabolite__Pro_Leu_E1	methwin__mCHG__cis__Zm00001d045113	5	0.005888134090796316	0.005888134090796316	mCHG	cis	Zm00001d045113	9	13149723	13154901	-	296	0.1313147246837616	0.0
metabolite__Pro_Leu_E1	methwin__mCHG__cis__Zm00001d045114	5	0.005881150408300357	0.005881150408300357	mCHG	cis	Zm00001d045114	9	13155113	13156743	+	297	0.1313147246837616	0.0
metabolite__Pro_Leu_E1	methwin__mCHH__promoter__Zm00001d014438	4	0.06603228441403194	0.06603228441403194	mCHH	promoter	Zm00001d014438	5	46913470	46918669	-	15	0.05958523601293564	0.0
metabolite__Pro_Leu_E1	methwin__mCG__gene__Zm00001d044494	4	-0.06026440466497183	0.06026440466497183	mCG	gene	Zm00001d044494	3	229640974	229650786	-	157	0.15099617838859558	0.0
metabolite__Pro_Leu_E1	methwin__mCHG__gene__Zm00001d044494	4	-0.058817912482335664	0.058817912482335664	mCHG	gene	Zm00001d044494	3	229640974	229650786	-	139	0.12570533156394958	0.0
metabolite__Pro_Leu_E1	methwin__mCHH__cis__Zm00001d005798	4	0.03500132426282515	0.03500132426282515	mCHH	cis	Zm00001d005798	2	189023745	189025630	+	140	0.03781265392899513	0.0
metabolite__Pro_Leu_E1	methwin__mCHH__gene__Zm00001d045080	4	-0.034355618292241104	0.034355618292241104	mCHH	gene	Zm00001d045080	9	11803157	11825109	-	249	0.006237994413822889	0.0
metabolite__Pro_Leu_E1	methwin__mCHH__promoter__Zm00001d009150	4	-0.0342222470820618	0.0342222470820618	mCHH	promoter	Zm00001d009150	8	39632049	39636351	+	164	0.024762479588389397	0.0
metabolite__Pro_Leu_E1	methwin__mCG__cis__Zm00001d023991	4	0.028377049372882258	0.028377049372882258	mCG	cis	Zm00001d023991	10	34955444	34957688	+	342	0.16173532605171204	0.0
metabolite__Pro_Leu_E1	methwin__mCHH__promoter__Zm00001d032257	4	0.027766841765314118	0.027766841765314118	mCHH	promoter	Zm00001d032257	1	219226773	219232499	-	35	0.04596288874745369	0.0
metabolite__Pro_Leu_E1	methwin__mCG__gene__Zm00001d036825	4	-0.022518614590641636	0.022518614590641636	mCG	gene	Zm00001d036825	6	102823171	102829865	+	30	0.17363809049129486	0.0
metabolite__Pro_Leu_E1	methwin__mCG__cis__Zm00001d036825	4	-0.022517593560823744	0.022517593560823744	mCG	cis	Zm00001d036825	6	102823171	102829865	+	160	0.17363809049129486	0.0
metabolite__Pro_Leu_E1	methwin__mCG__cis__Zm00001d005040	4	-0.020781405384431007	0.020781405384431007	mCG	cis	Zm00001d005040	2	155438279	155441199	-	94	0.17857596278190613	0.0
metabolite__Pro_Leu_E1	methwin__mCG__cis__Zm00001d005039	4	-0.020781283344799263	0.020781283344799263	mCG	cis	Zm00001d005039	2	155435155	155436114	+	93	0.17857596278190613	0.0
metabolite__Pro_Leu_E1	methwin__mCG__gene__Zm00001d005040	4	-0.020778416003135236	0.020778416003135236	mCG	gene	Zm00001d005040	2	155438279	155441199	-	15	0.17857596278190613	0.0
metabolite__Pro_Leu_E1	methwin__mCHG__promoter__Zm00001d015004	4	0.018013733044606593	0.018013733044606593	mCHG	promoter	Zm00001d015004	5	71947713	71951327	+	281	0.11359560489654541	0.0
metabolite__Pro_Leu_E1	methwin__mCHG__promoter__Zm00001d015002	4	0.018013585965549056	0.018013585965549056	mCHG	promoter	Zm00001d015002	5	71944722	71945969	-	282	0.11359560489654541	0.0
metabolite__Pro_Leu_E1	methwin__mCG__promoter__Zm00001d015004	4	0.011620959623859766	0.011620959623859766	mCG	promoter	Zm00001d015004	5	71947713	71951327	+	233	0.15159131586551666	0.0
metabolite__Pro_Leu_E1	methwin__mCG__promoter__Zm00001d015002	4	0.011620187057709501	0.011620187057709501	mCG	promoter	Zm00001d015002	5	71944722	71945969	-	234	0.15159131586551666	0.0
metabolite__Pro_Leu_E1	methwin__mCG__gene__Zm00001d007355	3	-0.05162763877560552	0.05162763877560552	mCG	gene	Zm00001d007355	2	229565191	229566308	+	59	0.16775012016296387	0.0
metabolite__Pro_Leu_E1	methwin__mCG__promoter__Zm00001d007355	3	-0.05162642079640626	0.05162642079640626	mCG	promoter	Zm00001d007355	2	229565191	229566308	+	91	0.16775012016296387	0.0
metabolite__Pro_Leu_E1	methwin__mCHH__cis__Zm00001d052133	3	-0.04865437283529705	0.04865437283529705	mCHH	cis	Zm00001d052133	4	180558735	180563266	-	84	0.04482823982834816	0.0
metabolite__Pro_Leu_E1	methwin__mCHH__promoter__Zm00001d019808	3	-0.045107599195727266	0.045107599195727266	mCHH	promoter	Zm00001d019808	7	63658363	63661214	+	317	0.01561032421886921	0.0
metabolite__Pro_Leu_E1	methwin__mCG__gene__Zm00001d031793	3	-0.040989693893272	0.040989693893272	mCG	gene	Zm00001d031793	1	202076092	202089121	+	200	0.14728951454162598	0.0
metabolite__Pro_Leu_E1	methwin__mCG__gene__Zm00001d016056	3	-0.03861627826303765	0.03861627826303765	mCG	gene	Zm00001d016056	5	141858401	141859443	-	473	0.12511321902275085	0.0
metabolite__Pro_Leu_E1	methwin__mCHH__promoter__Zm00001d035113	3	0.029953335580381574	0.029953335580381574	mCHH	promoter	Zm00001d035113	6	5768605	5775689	-	218	0.02099332958459854	0.0
metabolite__Pro_Leu_E1	methwin__mCG__promoter__Zm00001d046714	3	0.026031127985370415	0.026031127985370415	mCG	promoter	Zm00001d046714	9	103118697	103123559	+	440	0.13676884770393372	0.0
metabolite__Pro_Leu_E1	methwin__mCG__gene__Zm00001d035566	3	0.022133877263198376	0.022133877263198376	mCG	gene	Zm00001d035566	6	33669439	33787325	+	422	0.12856316566467285	0.0
metabolite__Pro_Leu_E1	methwin__mCHG__promoter__Zm00001d018265	3	-0.015541365428836105	0.015541365428836105	mCHG	promoter	Zm00001d018265	5	217638865	217640700	+	72	0.1340423822402954	0.0
metabolite__Pro_Leu_E1	methwin__mCHG__gene__Zm00001d018265	3	-0.01554027457216512	0.01554027457216512	mCHG	gene	Zm00001d018265	5	217638865	217640700	+	83	0.1340423822402954	0.0
metabolite__Pro_Leu_E1	methwin__mCHH__cis__Zm00001d017138	3	0.014777705644643403	0.014777705644643403	mCHH	cis	Zm00001d017138	5	186660341	186666947	+	328	0.027142249047756195	0.0
metabolite__Pro_Leu_E1	methwin__mCHH__cis__Zm00001d017137	3	0.01477749765024238	0.01477749765024238	mCHH	cis	Zm00001d017137	5	186650137	186653888	+	327	0.027142249047756195	0.0
metabolite__Pro_Leu_E1	methwin__mCHH__cis__Zm00001d017136	3	0.01477463551023211	0.01477463551023211	mCHH	cis	Zm00001d017136	5	186649141	186649984	-	326	0.027142249047756195	0.0
metabolite__Pro_Leu_E1	methwin__mCHG__gene__Zm00001d045709	3	0.013876615730687832	0.013876615730687832	mCHG	gene	Zm00001d045709	9	34649471	34650594	+	448	0.1016157865524292	0.0
metabolite__Pro_Leu_E1	methwin__mCHG__promoter__Zm00001d045709	3	0.013874406441024402	0.013874406441024402	mCHG	promoter	Zm00001d045709	9	34649471	34650594	+	469	0.1016157865524292	0.0
metabolite__Pro_Leu_E1	methwin__mCHH__promoter__Zm00001d038963	3	0.01174461408311566	0.01174461408311566	mCHH	promoter	Zm00001d038963	6	167828328	167832943	+	123	0.0276558268815279	0.0
metabolite__Pro_Leu_E1	methwin__mCHH__cis__Zm00001d038963	3	0.011743873315507742	0.011743873315507742	mCHH	cis	Zm00001d038963	6	167828328	167832943	+	308	0.0276558268815279	0.0
metabolite__Pro_Leu_E1	methwin__mCHH__cis__Zm00001d038964	3	0.01174194719587813	0.01174194719587813	mCHH	cis	Zm00001d038964	6	167834181	167838452	-	307	0.0276558268815279	0.0
metabolite__Pro_Leu_E1	methwin__mCG__gene__Zm00001d005076	3	-0.0106226317337555	0.0106226317337555	mCG	gene	Zm00001d005076	2	157557968	157559489	+	485	0.12399643659591675	0.0
metabolite__Pro_Leu_E1	methwin__mCG__gene__Zm00001d018265	3	-0.009679388722551361	0.009679388722551361	mCG	gene	Zm00001d018265	5	217638865	217640700	+	75	0.16296465694904327	0.0
metabolite__Pro_Leu_E1	methwin__mCG__promoter__Zm00001d018265	3	-0.009678134808106198	0.009678134808106198	mCG	promoter	Zm00001d018265	5	217638865	217640700	+	118	0.16296465694904327	0.0
metabolite__Pro_Leu_E1	methwin__mCHH__promoter__Zm00001d051939	3	0.0067753826456136935	0.0067753826456136935	mCHH	promoter	Zm00001d051939	4	174861065	174862681	-	190	0.022708076983690262	0.0
metabolite__Pro_Leu_E1	methwin__mCHH__cis__Zm00001d051937	3	0.006775205299585241	0.006775205299585241	mCHH	cis	Zm00001d051937	4	174852395	174853434	-	483	0.022708076983690262	0.0
metabolite__Pro_Leu_E1	methwin__mCHH__cis__Zm00001d051938	3	0.006774621187218673	0.006774621187218673	mCHH	cis	Zm00001d051938	4	174854965	174856718	-	481	0.022708076983690262	0.0
metabolite__Pro_Leu_E1	methwin__mCHH__cis__Zm00001d051939	3	0.006774473002609481	0.006774473002609481	mCHH	cis	Zm00001d051939	4	174861065	174862681	-	482	0.022708076983690262	0.0
metabolite__Pro_Leu_E1	methwin__mCHH__promoter__Zm00001d025952	2	0.07431913460559667	0.07431913460559667	mCHH	promoter	Zm00001d025952	10	134584596	134585561	+	364	0.013840599916875362	0.0
metabolite__Pro_Leu_E1	methwin__mCG__gene__Zm00001d041038	2	-0.06727039928067924	0.06727039928067924	mCG	gene	Zm00001d041038	3	92328970	92332013	+	340	0.1352163404226303	0.0
metabolite__Pro_Leu_E1	methwin__mCG__cis__Zm00001d005609	2	0.06565296033785241	0.06565296033785241	mCG	cis	Zm00001d005609	2	180648852	180649904	+	236	0.167720764875412	0.0
metabolite__Pro_Leu_E1	methwin__mCHG__promoter__Zm00001d025618	2	0.06422148861829047	0.06422148861829047	mCHG	promoter	Zm00001d025618	10	124150806	124152123	+	32	0.1415894627571106	0.0
metabolite__Pro_Leu_E1	methwin__mCG__cis__Zm00001d045417	2	0.05885895347038725	0.05885895347038725	mCG	cis	Zm00001d045417	9	21411105	21416341	-	368	0.16093172132968903	0.0
metabolite__Pro_Leu_E1	methwin__mCG__promoter__Zm00001d013459	2	0.05821275518850616	0.05821275518850616	mCG	promoter	Zm00001d013459	5	12107718	12111634	+	439	0.13681228458881378	0.0
metabolite__Pro_Leu_E1	methwin__mCG__gene__Zm00001d002433	2	0.057024653321704324	0.057024653321704324	mCG	gene	Zm00001d002433	2	12559556	12564353	+	484	0.12401892244815826	0.0
metabolite__Pro_Leu_E1	methwin__mCG__gene__Zm00001d030282	2	0.05354618986099079	0.05354618986099079	mCG	gene	Zm00001d030282	1	118828597	118879142	-	431	0.12789428234100342	0.0
metabolite__Pro_Leu_E1	methwin__mCHG__gene__Zm00001d041038	2	-0.052372943304110756	0.052372943304110756	mCHG	gene	Zm00001d041038	3	92328970	92332013	+	101	0.13097922503948212	0.0
metabolite__Pro_Leu_E1	methwin__mCG__cis__Zm00001d007355	2	-0.04971061680913834	0.04971061680913834	mCG	cis	Zm00001d007355	2	229565191	229566308	+	235	0.16775012016296387	0.0
metabolite__Pro_Leu_E1	methwin__mCG__cis__Zm00001d014117	2	0.04961534497856696	0.04961534497856696	mCG	cis	Zm00001d014117	5	33025257	33030501	-	278	0.16439953446388245	0.0
metabolite__Pro_Leu_E1	methwin__mCG__cis__Zm00001d037530	2	0.048561580568730625	0.048561580568730625	mCG	cis	Zm00001d037530	6	128240525	128243297	-	441	0.1580979973077774	0.0
metabolite__Pro_Leu_E1	methwin__mCG__cis__Zm00001d037656	2	0.04568019316456223	0.04568019316456223	mCG	cis	Zm00001d037656	6	133140745	133141716	+	42	0.1868700534105301	0.0
metabolite__Pro_Leu_E1	methwin__mCHH__gene__Zm00001d019300	2	0.04025297509823461	0.04025297509823461	mCHH	gene	Zm00001d019300	7	26653033	26653446	+	445	0.0033139672596007586	0.0
metabolite__Pro_Leu_E1	methwin__mCHG__gene__Zm00001d005948	2	0.037973849574889876	0.037973849574889876	mCHG	gene	Zm00001d005948	2	193530287	193553106	-	442	0.1019923985004425	0.0
metabolite__Pro_Leu_E1	methwin__mCHH__gene__Zm00001d033805	2	0.028833691182871803	0.028833691182871803	mCHH	gene	Zm00001d033805	1	274230300	274242798	+	204	0.007276349235326052	0.0
metabolite__Pro_Leu_E1	methwin__mCG__gene__Zm00001d047224	2	-0.02739407671915778	0.02739407671915778	mCG	gene	Zm00001d047224	9	122891336	122920999	-	415	0.1293814480304718	0.0
metabolite__Pro_Leu_E1	methwin__mCG__promoter__Zm00001d012380	2	0.02529271218550167	0.02529271218550167	mCG	promoter	Zm00001d012380	8	173245748	173250090	-	466	0.13536666333675385	0.0
metabolite__Pro_Leu_E1	methwin__mCHG__gene__Zm00001d020524	2	0.024984469865582528	0.024984469865582528	mCHG	gene	Zm00001d020524	7	120895372	120913683	-	238	0.1153230145573616	0.0
metabolite__Pro_Leu_E1	methwin__mCHG__gene__Zm00001d039754	2	-0.024269290558823993	0.024269290558823993	mCHG	gene	Zm00001d039754	3	13966411	13969623	+	369	0.10547011345624924	0.0
metabolite__Pro_Leu_E1	methwin__mCHH__gene__Zm00001d040051	2	0.022167325672464704	0.022167325672464704	mCHH	gene	Zm00001d040051	3	24858774	24877660	-	112	0.010494695045053959	0.0
metabolite__Pro_Leu_E1	methwin__mCG__cis__Zm00001d020309	2	0.021845873913834878	0.021845873913834878	mCG	cis	Zm00001d020309	7	105199934	105204143	-	348	0.16148357093334198	0.0
metabolite__Pro_Leu_E1	methwin__mCHH__cis__Zm00001d051748	2	0.02087491317631314	0.02087491317631314	mCHH	cis	Zm00001d051748	4	168770124	168774583	-	311	0.027512483298778534	0.0
metabolite__Pro_Leu_E1	methwin__mCHH__gene__Zm00001d051715	2	-0.02072070664556633	0.02072070664556633	mCHH	gene	Zm00001d051715	4	167838922	167839828	-	128	0.00988234393298626	0.0
metabolite__Pro_Leu_E1	methwin__mCHG__gene__Zm00001d015302	2	0.02058407745132068	0.02058407745132068	mCHG	gene	Zm00001d015302	5	83443887	83444318	-	212	0.11755320429801941	0.0
metabolite__Pro_Leu_E1	methwin__mCG__promoter__Zm00001d050472	2	-0.0202421732735076	0.0202421732735076	mCG	promoter	Zm00001d050472	4	91160933	91162727	-	489	0.13311856985092163	0.0
metabolite__Pro_Leu_E1	methwin__mCG__promoter__Zm00001d050463	2	0.019941238268775367	0.019941238268775367	mCG	promoter	Zm00001d050463	4	90402428	90420961	-	412	0.1385597288608551	0.0
metabolite__Pro_Leu_E1	methwin__mCG__gene__Zm00001d050463	2	0.01994021356256251	0.01994021356256251	mCG	gene	Zm00001d050463	4	90402428	90420961	-	298	0.1385597288608551	0.0
metabolite__Pro_Leu_E1	methwin__mCG__promoter__Zm00001d028038	2	-0.0192315916753732	0.0192315916753732	mCG	promoter	Zm00001d028038	1	21187278	21200544	+	432	0.13729609549045563	0.0
metabolite__Pro_Leu_E1	methwin__mCHG__promoter__Zm00001d048242	2	0.017594342548913833	0.017594342548913833	mCHG	promoter	Zm00001d048242	9	153098250	153098627	-	155	0.1234874576330185	0.0
metabolite__Pro_Leu_E1	methwin__mCG__promoter__Zm00001d036932	2	-0.01707243651168269	0.01707243651168269	mCG	promoter	Zm00001d036932	6	106773361	106776647	-	429	0.13764381408691406	0.0
metabolite__Pro_Leu_E1	methwin__mCG__promoter__Zm00001d036933	2	-0.017072070881719296	0.017072070881719296	mCG	promoter	Zm00001d036933	6	106777268	106780457	+	430	0.13764381408691406	0.0
metabolite__Pro_Leu_E1	methwin__mCG__gene__Zm00001d036932	2	-0.017070347588724156	0.017070347588724156	mCG	gene	Zm00001d036932	6	106773361	106776647	-	314	0.13764381408691406	0.0
metabolite__Pro_Leu_E1	methwin__mCHH__gene__Zm00001d051712	2	-0.01632153999030786	0.01632153999030786	mCHH	gene	Zm00001d051712	4	167787439	167788051	-	60	0.01558858621865511	0.0
metabolite__Pro_Leu_E1	methwin__mCHG__cis__Zm00001d025050	2	-0.012967794197960026	0.012967794197960026	mCHG	cis	Zm00001d025050	10	101678128	101682933	-	25	0.15639975666999817	0.0
metabolite__Pro_Leu_E1	methwin__mCHG__promoter__Zm00001d025050	2	-0.012965465598959149	0.012965465598959149	mCHG	promoter	Zm00001d025050	10	101678128	101682933	-	11	0.15639975666999817	0.0
metabolite__Pro_Leu_E1	methwin__mCHG__gene__Zm00001d044089	2	-0.012770277531985577	0.012770277531985577	mCHG	gene	Zm00001d044089	3	218788117	218800295	+	147	0.12482792884111404	0.0
metabolite__Pro_Leu_E1	methwin__mCHG__cis__Zm00001d044089	2	-0.012769175590440185	0.012769175590440185	mCHG	cis	Zm00001d044089	3	218788117	218800295	+	498	0.12482792884111404	0.0
metabolite__Pro_Leu_E1	methwin__mCG__cis__Zm00001d043263	2	0.012505542411328115	0.012505542411328115	mCG	cis	Zm00001d043263	3	193696180	193702740	+	480	0.15692462027072906	0.0
metabolite__Pro_Leu_E1	methwin__mCG__cis__Zm00001d043264	2	0.012504310620858416	0.012504310620858416	mCG	cis	Zm00001d043264	3	193717028	193717492	-	479	0.15692462027072906	0.0
metabolite__Pro_Leu_E1	methwin__mCG__promoter__Zm00001d049640	2	-0.01176641722384332	0.01176641722384332	mCG	promoter	Zm00001d049640	4	38547753	38551529	+	274	0.1486034095287323	0.0
metabolite__Pro_Leu_E1	methwin__mCG__gene__Zm00001d044610	2	-0.011519277246323335	0.011519277246323335	mCG	gene	Zm00001d044610	3	233336898	233337804	+	391	0.13127873837947845	0.0
metabolite__Pro_Leu_E1	methwin__mCG__gene__Zm00001d004361	2	-0.011480734330194923	0.011480734330194923	mCG	gene	Zm00001d004361	2	106288124	106297306	+	358	0.1334119588136673	0.0
metabolite__Pro_Leu_E1	methwin__mCG__cis__Zm00001d014385	2	-0.011281672104946943	0.011281672104946943	mCG	cis	Zm00001d014385	5	43923685	43927702	-	398	0.15935823321342468	0.0
metabolite__Pro_Leu_E1	methwin__mCHG__cis__Zm00001d049202	2	-0.010268169504627583	0.010268169504627583	mCHG	cis	Zm00001d049202	4	20466913	20467525	-	465	0.12590602040290833	0.0
metabolite__Pro_Leu_E1	methwin__mCHG__gene__Zm00001d016455	2	0.008270293917046579	0.008270293917046579	mCHG	gene	Zm00001d016455	5	162958976	162962613	+	294	0.11130327731370926	0.0
metabolite__Pro_Leu_E1	methwin__mCG__gene__Zm00001d049134	2	0.00683139757842823	0.00683139757842823	mCG	gene	Zm00001d049134	4	17164717	17175994	+	288	0.13940398395061493	0.0
metabolite__Pro_Leu_E1	methwin__mCHH__cis__Zm00001d025025	2	0.006139878945082578	0.006139878945082578	mCHH	cis	Zm00001d025025	10	100278428	100281818	-	141	0.03763991966843605	0.0
metabolite__Pro_Leu_E1	methwin__mCHH__promoter__Zm00001d025025	2	0.006138869263120232	0.006138869263120232	mCHH	promoter	Zm00001d025025	10	100278428	100281818	-	58	0.03763991966843605	0.0
metabolite__Pro_Leu_E1	methwin__mCHG__cis__Zm00001d049863	2	-0.006087120441919612	0.006087120441919612	mCHG	cis	Zm00001d049863	4	49002700	49006540	+	302	0.1311929076910019	0.0
metabolite__Pro_Leu_E1	methwin__mCHG__cis__Zm00001d049862	2	-0.0060854907579637255	0.0060854907579637255	mCHG	cis	Zm00001d049862	4	49001176	49001974	-	304	0.1311929076910019	0.0
metabolite__Pro_Leu_E1	methwin__mCHG__cis__Zm00001d049861	2	-0.006081742180069238	0.006081742180069238	mCHG	cis	Zm00001d049861	4	49000994	49002035	+	303	0.1311929076910019	0.0
metabolite__Pro_Leu_E1	methwin__mCG__gene__Zm00001d009757	2	0.005803594099183898	0.005803594099183898	mCG	gene	Zm00001d009757	8	79867837	79871463	-	149	0.15216520428657532	0.0
metabolite__Pro_Leu_E1	methwin__mCG__promoter__Zm00001d009757	2	0.0058016400727357465	0.0058016400727357465	mCG	promoter	Zm00001d009757	8	79867837	79871463	-	227	0.15216520428657532	0.0
metabolite__Pro_Leu_E1	methwin__mCG__gene__Zm00001d020524	2	0.005716666267316162	0.005716666267316162	mCG	gene	Zm00001d020524	7	120895372	120913683	-	116	0.15647150576114655	0.0
metabolite__Pro_Leu_E1	methwin__mCG__cis__Zm00001d020524	2	0.005714429447591932	0.005714429447591932	mCG	cis	Zm00001d020524	7	120895372	120913683	-	493	0.15647150576114655	0.0
metabolite__Pro_Leu_E1	methwin__mCG__cis__Zm00001d032664	2	-0.0056582087044771	0.0056582087044771	mCG	cis	Zm00001d032664	1	233548082	233551762	-	69	0.18146756291389465	0.0
metabolite__Pro_Leu_E1	methwin__mCHH__promoter__Zm00001d002193	2	0.005053506332758981	0.005053506332758981	mCHH	promoter	Zm00001d002193	2	7733258	7735211	+	183	0.023239901289343834	0.0
metabolite__Pro_Leu_E1	methwin__mCHH__cis__Zm00001d002192	2	0.0050522251156688725	0.0050522251156688725	mCHH	cis	Zm00001d002192	2	7733220	7735393	+	457	0.023239901289343834	0.0
metabolite__Pro_Leu_E1	methwin__mCHH__cis__Zm00001d002193	2	0.005048033980213662	0.005048033980213662	mCHH	cis	Zm00001d002193	2	7733258	7735211	+	456	0.023239901289343834	0.0
metabolite__Pro_Leu_E1	methwin__mCHH__promoter__Zm00001d002192	2	0.005046635407256541	0.005046635407256541	mCHH	promoter	Zm00001d002192	2	7733220	7735393	+	184	0.023239901289343834	0.0
metabolite__Pro_Leu_E1	methwin__mCG__promoter__Zm00001d045268	2	0.0029610515607881023	0.0029610515607881023	mCG	promoter	Zm00001d045268	9	17495380	17496111	+	221	0.152587890625	0.0
metabolite__Pro_Leu_E1	methwin__mCG__gene__Zm00001d014330	1	0.09374260271570488	0.09374260271570488	mCG	gene	Zm00001d014330	5	41110451	41123892	-	202	0.14725248515605927	0.0
metabolite__Pro_Leu_E1	methwin__mCG__promoter__Zm00001d020580	1	-0.07935971072727378	0.07935971072727378	mCG	promoter	Zm00001d020580	7	123664001	123664456	+	277	0.14854474365711212	0.0
metabolite__Pro_Leu_E1	methwin__mCHH__cis__Zm00001d014497	1	0.07410451585262215	0.07410451585262215	mCHH	cis	Zm00001d014497	5	50324285	50324719	+	406	0.024593327194452286	0.0
metabolite__Pro_Leu_E1	methwin__mCG__gene__Zm00001d032934	1	-0.07306199510956118	0.07306199510956118	mCG	gene	Zm00001d032934	1	243891052	243894369	+	453	0.12626978754997253	0.0
metabolite__Pro_Leu_E1	methwin__mCHH__gene__Zm00001d005948	1	0.06974903312110328	0.06974903312110328	mCHH	gene	Zm00001d005948	2	193530287	193553106	-	307	0.005302309989929199	0.0
metabolite__Pro_Leu_E1	methwin__mCHH__promoter__Zm00001d037945	1	0.06495842904210189	0.06495842904210189	mCHH	promoter	Zm00001d037945	6	143003756	143004352	-	426	0.012169873341917992	0.0
metabolite__Pro_Leu_E1	methwin__mCHH__cis__Zm00001d022474	1	0.06004828621758279	0.06004828621758279	mCHH	cis	Zm00001d022474	7	178334240	178335780	-	42	0.05516708269715309	0.0
metabolite__Pro_Leu_E1	methwin__mCHH__promoter__Zm00001d005920	1	0.05833567424895901	0.05833567424895901	mCHH	promoter	Zm00001d005920	2	192762349	192766625	-	205	0.021806811913847923	0.0
metabolite__Pro_Leu_E1	methwin__mCG__cis__Zm00001d049848	1	0.055280661621629076	0.055280661621629076	mCG	cis	Zm00001d049848	4	47630938	47634078	+	111	0.17689985036849976	0.0
metabolite__Pro_Leu_E1	methwin__mCHH__promoter__Zm00001d014500	1	0.053726783203364596	0.053726783203364596	mCHH	promoter	Zm00001d014500	5	50448862	50468466	-	240	0.019100859761238098	0.0
metabolite__Pro_Leu_E1	methwin__mCHH__promoter__Zm00001d017925	1	-0.053215112613145585	0.053215112613145585	mCHH	promoter	Zm00001d017925	5	210190144	210195309	+	298	0.016238966956734657	0.0
metabolite__Pro_Leu_E1	methwin__mCHG__gene__Zm00001d007945	1	-0.053063524129503624	0.053063524129503624	mCHG	gene	Zm00001d007945	2	243752222	243771474	+	33	0.144996777176857	0.0
metabolite__Pro_Leu_E1	methwin__mCG__gene__Zm00001d001986	1	0.05193938772453285	0.05193938772453285	mCG	gene	Zm00001d001986	2	3957234	3958169	-	470	0.12530367076396942	0.0
metabolite__Pro_Leu_E1	methwin__mCHG__cis__Zm00001d050678	1	0.05188411031544885	0.05188411031544885	mCHG	cis	Zm00001d050678	4	115229324	115229542	+	433	0.1270109862089157	0.0
metabolite__Pro_Leu_E1	methwin__mCHH__gene__Zm00001d033126	1	-0.048076591236143856	0.048076591236143856	mCHH	gene	Zm00001d033126	1	251441007	251442437	-	314	0.005239307414740324	0.0
metabolite__Pro_Leu_E1	methwin__mCHH__gene__Zm00001d030437	1	-0.045943764678493274	0.045943764678493274	mCHH	gene	Zm00001d030437	1	133021981	133023301	-	472	0.002984980121254921	0.0
metabolite__Pro_Leu_E1	methwin__mCHH__gene__Zm00001d014306	1	-0.045689727971686994	0.045689727971686994	mCHH	gene	Zm00001d014306	5	40401950	40415916	+	236	0.006588988471776247	0.0
metabolite__Pro_Leu_E1	methwin__mCG__gene__Zm00001d005653	1	-0.045223727804883915	0.045223727804883915	mCG	gene	Zm00001d005653	2	182137851	182141418	+	438	0.12692733108997345	0.0
metabolite__Pro_Leu_E1	methwin__mCHH__promoter__Zm00001d034152	1	-0.04242866557826262	0.04242866557826262	mCHH	promoter	Zm00001d034152	1	285204560	285214160	-	214	0.02112419717013836	0.0
metabolite__Pro_Leu_E1	methwin__mCG__cis__Zm00001d007840	1	0.040683524886774784	0.040683524886774784	mCG	cis	Zm00001d007840	2	240624534	240627667	+	87	0.17966510355472565	0.0
metabolite__Pro_Leu_E1	methwin__mCHG__gene__Zm00001d023364	1	0.04026550946902585	0.04026550946902585	mCHG	gene	Zm00001d023364	10	4121019	4123387	+	38	0.1441463828086853	0.0
metabolite__Pro_Leu_E1	methwin__mCG__promoter__Zm00001d003695	1	-0.04022725097921678	0.04022725097921678	mCG	promoter	Zm00001d003695	2	54868185	54870188	-	371	0.14188267290592194	0.0
metabolite__Pro_Leu_E1	methwin__mCHH__cis__Zm00001d016873	1	-0.039408424882256265	0.039408424882256265	mCHH	cis	Zm00001d016873	5	178968180	178971530	-	18	0.06732704490423203	0.0
metabolite__Pro_Leu_E1	methwin__mCG__cis__Zm00001d035230	1	0.03810229571300608	0.03810229571300608	mCG	cis	Zm00001d035230	6	15651139	15656858	+	262	0.165799081325531	0.0
metabolite__Pro_Leu_E1	methwin__mCHG__gene__Zm00001d006162	1	-0.03713925188445581	0.03713925188445581	mCHG	gene	Zm00001d006162	2	200196709	200220177	+	499	0.09879492223262787	0.0
metabolite__Pro_Leu_E1	methwin__mCHG__gene__Zm00001d009751	1	-0.03412412630774378	0.03412412630774378	mCHG	gene	Zm00001d009751	8	79664630	79676090	-	3	0.1671198159456253	0.0
metabolite__Pro_Leu_E1	methwin__mCHG__gene__Zm00001d035487	1	0.032755158710297126	0.032755158710297126	mCHG	gene	Zm00001d035487	6	28937404	28984699	-	152	0.12427502125501633	0.0
metabolite__Pro_Leu_E1	methwin__mCHG__gene__Zm00001d011488	1	-0.03237941586536867	0.03237941586536867	mCHG	gene	Zm00001d011488	8	152107228	152107913	+	57	0.13854750990867615	0.0
metabolite__Pro_Leu_E1	methwin__mCHG__promoter__Zm00001d020366	1	-0.03213924447460024	0.03213924447460024	mCHG	promoter	Zm00001d020366	7	109739589	109747840	-	150	0.1237075924873352	0.0
metabolite__Pro_Leu_E1	methwin__mCG__promoter__Zm00001d014013	1	-0.03139710865640366	0.03139710865640366	mCG	promoter	Zm00001d014013	5	28634910	28639671	-	476	0.13454504311084747	0.0
metabolite__Pro_Leu_E1	methwin__mCG__gene__Zm00001d048684	1	0.03131054515793903	0.03131054515793903	mCG	gene	Zm00001d048684	4	3237296	3249838	+	219	0.14583072066307068	0.0
metabolite__Pro_Leu_E1	methwin__mCHH__promoter__Zm00001d032629	1	-0.030847475430512437	0.030847475430512437	mCHH	promoter	Zm00001d032629	1	232489216	232489650	+	465	0.011288043111562729	0.0
metabolite__Pro_Leu_E1	methwin__mCHH__promoter__Zm00001d020323	1	0.030826427455852595	0.030826427455852595	mCHH	promoter	Zm00001d020323	7	106545162	106546385	+	231	0.01993299461901188	0.0
metabolite__Pro_Leu_E1	methwin__mCHG__promoter__Zm00001d032170	1	0.03075820174992094	0.03075820174992094	mCHG	promoter	Zm00001d032170	1	215420258	215425774	-	333	0.10966181010007858	0.0
metabolite__Pro_Leu_E1	methwin__mCHG__cis__Zm00001d053245	1	-0.030362430581299896	0.030362430581299896	mCHG	cis	Zm00001d053245	4	221815416	221833216	-	146	0.1396389603614807	0.0
metabolite__Pro_Leu_E1	methwin__mCG__promoter__Zm00001d050144	1	0.029221077235865592	0.029221077235865592	mCG	promoter	Zm00001d050144	4	69047870	69051734	-	436	0.1370542198419571	0.0
metabolite__Pro_Leu_E1	methwin__mCHH__cis__Zm00001d040960	1	-0.02909327240481921	0.02909327240481921	mCHH	cis	Zm00001d040960	3	83471507	83498515	-	29	0.060377322137355804	0.0
metabolite__Pro_Leu_E1	methwin__mCHH__promoter__Zm00001d040960	1	-0.029091569298935326	0.029091569298935326	mCHH	promoter	Zm00001d040960	3	83471507	83498515	-	14	0.060377322137355804	0.0
metabolite__Pro_Leu_E1	methwin__mCHH__cis__Zm00001d002796	1	-0.028233497111061354	0.028233497111061354	mCHH	cis	Zm00001d002796	2	22828445	22832747	-	450	0.023328881710767746	0.0
metabolite__Pro_Leu_E1	methwin__mCHH__cis__Zm00001d002794	1	-0.028233347162343516	0.028233347162343516	mCHH	cis	Zm00001d002794	2	22815199	22820094	-	449	0.023328881710767746	0.0
metabolite__Pro_Leu_E1	methwin__mCG__cis__Zm00001d033087	1	0.02649121342212877	0.02649121342212877	mCG	cis	Zm00001d033087	1	249987293	249989041	+	411	0.1590449959039688	0.0
metabolite__Pro_Leu_E1	methwin__mCG__promoter__Zm00001d033087	1	0.026490202669095516	0.026490202669095516	mCG	promoter	Zm00001d033087	1	249987293	249989041	+	158	0.1590449959039688	0.0
metabolite__Pro_Leu_E1	methwin__mCHH__promoter__Zm00001d020980	1	-0.026193629512331337	0.026193629512331337	mCHH	promoter	Zm00001d020980	7	138698158	138702131	+	397	0.012947754003107548	0.0
metabolite__Pro_Leu_E1	methwin__mCG__cis__Zm00001d053245	1	-0.02583337385060596	0.02583337385060596	mCG	cis	Zm00001d053245	4	221815416	221833216	-	56	0.1826561540365219	0.0
metabolite__Pro_Leu_E1	methwin__mCHG__cis__Zm00001d026352	1	0.025481846207726064	0.025481846207726064	mCHG	cis	Zm00001d026352	10	144132680	144133357	-	212	0.1358194649219513	0.0
metabolite__Pro_Leu_E1	methwin__mCG__cis__Zm00001d052791	1	0.025212060644962116	0.025212060644962116	mCG	cis	Zm00001d052791	4	201054861	201057784	+	440	0.15810340642929077	0.0
metabolite__Pro_Leu_E1	methwin__mCHH__cis__Zm00001d046135	1	-0.023151119438473557	0.023151119438473557	mCHH	cis	Zm00001d046135	9	65831648	65845159	-	125	0.0390368290245533	0.0
metabolite__Pro_Leu_E1	methwin__mCHH__promoter__Zm00001d046135	1	-0.02314889388244344	0.02314889388244344	mCHH	promoter	Zm00001d046135	9	65831648	65845159	-	51	0.0390368290245533	0.0
metabolite__Pro_Leu_E1	methwin__mCHH__gene__Zm00001d045606	1	-0.02239954265122877	0.02239954265122877	mCHH	gene	Zm00001d045606	9	28548471	28570138	-	374	0.0044296858832240105	0.0
metabolite__Pro_Leu_E1	methwin__mCHG__gene__Zm00001d018544	1	0.02190723417577181	0.02190723417577181	mCHG	gene	Zm00001d018544	5	222689298	222696547	-	16	0.15190523862838745	0.0
metabolite__Pro_Leu_E1	methwin__mCHG__promoter__Zm00001d011181	1	-0.02158674280385121	0.02158674280385121	mCHG	promoter	Zm00001d011181	8	142208078	142209329	+	164	0.12217927724123001	0.0
metabolite__Pro_Leu_E1	methwin__mCHG__gene__Zm00001d011181	1	-0.021586590325059867	0.021586590325059867	mCHG	gene	Zm00001d011181	8	142208078	142209329	+	165	0.12217927724123001	0.0
metabolite__Pro_Leu_E1	methwin__mCG__cis__Zm00001d048042	1	-0.02123516307598054	0.02123516307598054	mCG	cis	Zm00001d048042	9	148678495	148680006	+	196	0.17027363181114197	0.0
metabolite__Pro_Leu_E1	methwin__mCG__gene__Zm00001d048045	1	-0.021205428357288277	0.021205428357288277	mCG	gene	Zm00001d048045	9	148686754	148689052	+	40	0.17027363181114197	0.0
metabolite__Pro_Leu_E1	methwin__mCG__cis__Zm00001d048045	1	-0.02119412727315268	0.02119412727315268	mCG	cis	Zm00001d048045	9	148686754	148689052	+	197	0.17027363181114197	0.0
metabolite__Pro_Leu_E1	methwin__mCG__cis__Zm00001d048044	1	-0.021189215651844992	0.021189215651844992	mCG	cis	Zm00001d048044	9	148682940	148684179	-	195	0.17027363181114197	0.0
metabolite__Pro_Leu_E1	methwin__mCHH__gene__Zm00001d034355	1	-0.01944883183375695	0.01944883183375695	mCHH	gene	Zm00001d034355	1	290469067	290469468	-	220	0.006897025741636753	0.0
metabolite__Pro_Leu_E1	methwin__mCHH__cis__Zm00001d002783	1	-0.01906093255426843	0.01906093255426843	mCHH	cis	Zm00001d002783	2	22579624	22583090	+	182	0.034600116312503815	0.0
metabolite__Pro_Leu_E1	methwin__mCHG__promoter__Zm00001d045268	1	0.019028931012573882	0.019028931012573882	mCHG	promoter	Zm00001d045268	9	17495380	17496111	+	270	0.11459244042634964	0.0
metabolite__Pro_Leu_E1	methwin__mCHG__cis__Zm00001d009618	1	0.01893774433292613	0.01893774433292613	mCHG	cis	Zm00001d009618	8	73467308	73468804	+	150	0.13933713734149933	0.0
metabolite__Pro_Leu_E1	methwin__mCHG__promoter__Zm00001d009618	1	0.01893557582636748	0.01893557582636748	mCHG	promoter	Zm00001d009618	8	73467308	73468804	+	40	0.13933713734149933	0.0
metabolite__Pro_Leu_E1	methwin__mCHG__gene__Zm00001d047369	1	0.018386927812947523	0.018386927812947523	mCHG	gene	Zm00001d047369	9	127900095	127901122	+	118	0.1285257786512375	0.0
metabolite__Pro_Leu_E1	methwin__mCHG__cis__Zm00001d047368	1	0.01838446766675824	0.01838446766675824	mCHG	cis	Zm00001d047368	9	127884177	127897835	+	383	0.1285257786512375	0.0
metabolite__Pro_Leu_E1	methwin__mCHG__cis__Zm00001d047369	1	0.018384088605291293	0.018384088605291293	mCHG	cis	Zm00001d047369	9	127900095	127901122	+	382	0.1285257786512375	0.0
metabolite__Pro_Leu_E1	methwin__mCG__gene__Zm00001d005077	1	-0.01820534654596275	0.01820534654596275	mCG	gene	Zm00001d005077	2	157581551	157582657	+	63	0.16492173075675964	0.0
metabolite__Pro_Leu_E1	methwin__mCG__cis__Zm00001d005077	1	-0.018199675976467832	0.018199675976467832	mCG	cis	Zm00001d005077	2	157581551	157582657	+	270	0.16492173075675964	0.0
metabolite__Pro_Leu_E1	methwin__mCHH__gene__Zm00001d050301	1	0.017700367586664763	0.017700367586664763	mCHH	gene	Zm00001d050301	4	79816753	79817505	-	241	0.006458424497395754	0.0
metabolite__Pro_Leu_E1	methwin__mCHG__cis__Zm00001d015723	1	0.017427574597368725	0.017427574597368725	mCHG	cis	Zm00001d015723	5	113153688	113156112	-	444	0.12669792771339417	0.0
metabolite__Pro_Leu_E1	methwin__mCG__gene__Zm00001d049823	1	0.017037510986982335	0.017037510986982335	mCG	gene	Zm00001d049823	4	46595399	46625911	+	80	0.16172614693641663	0.0
metabolite__Pro_Leu_E1	methwin__mCHG__promoter__Zm00001d011807	1	-0.016993709079349606	0.016993709079349606	mCHG	promoter	Zm00001d011807	8	161914631	161919227	+	223	0.11725561320781708	0.0
metabolite__Pro_Leu_E1	methwin__mCHG__cis__Zm00001d020245	1	-0.016953701392504874	0.016953701392504874	mCHG	cis	Zm00001d020245	7	101950149	101950695	+	46	0.15116392076015472	0.0
metabolite__Pro_Leu_E1	methwin__mCHG__cis__Zm00001d032053	1	0.016516877813379138	0.016516877813379138	mCHG	cis	Zm00001d032053	1	210838343	210839476	+	156	0.13859400153160095	0.0
metabolite__Pro_Leu_E1	methwin__mCHG__cis__Zm00001d032054	1	0.016515253760965465	0.016515253760965465	mCHG	cis	Zm00001d032054	1	210842514	210843620	+	157	0.13859400153160095	0.0
metabolite__Pro_Leu_E1	methwin__mCHG__promoter__Zm00001d020640	1	0.015178748541029468	0.015178748541029468	mCHG	promoter	Zm00001d020640	7	125978833	125998277	+	448	0.10260885208845139	0.0
metabolite__Pro_Leu_E1	methwin__mCG__cis__Zm00001d038797	1	0.014955309004832568	0.014955309004832568	mCG	cis	Zm00001d038797	6	164581424	164588542	+	364	0.1611386388540268	0.0
metabolite__Pro_Leu_E1	methwin__mCG__promoter__Zm00001d038797	1	0.01495185129535496	0.01495185129535496	mCG	promoter	Zm00001d038797	6	164581424	164588542	+	137	0.1611386388540268	0.0
metabolite__Pro_Leu_E1	methwin__mCHG__cis__Zm00001d032664	1	-0.014206023818986998	0.014206023818986998	mCHG	cis	Zm00001d032664	1	233548082	233551762	-	308	0.1311594843864441	0.0
metabolite__Pro_Leu_E1	methwin__mCHH__cis__Zm00001d040803	1	-0.014124925224264579	0.014124925224264579	mCHH	cis	Zm00001d040803	3	66922907	66923248	-	420	0.02420753799378872	0.0
metabolite__Pro_Leu_E1	methwin__mCHH__promoter__Zm00001d040803	1	-0.014124654453301085	0.014124654453301085	mCHH	promoter	Zm00001d040803	3	66922907	66923248	-	173	0.02420753799378872	0.0
metabolite__Pro_Leu_E1	methwin__mCG__promoter__Zm00001d009618	1	0.012417344325300452	0.012417344325300452	mCG	promoter	Zm00001d009618	8	73467308	73468804	+	27	0.18148501217365265	0.0
metabolite__Pro_Leu_E1	methwin__mCHH__promoter__Zm00001d033806	1	-0.012376492697960359	0.012376492697960359	mCHH	promoter	Zm00001d033806	1	274286604	274287932	+	176	0.02411956898868084	0.0
metabolite__Pro_Leu_E1	methwin__mCHH__cis__Zm00001d033807	1	-0.012374281318059148	0.012374281318059148	mCHH	cis	Zm00001d033807	1	274294735	274295775	-	423	0.02411956898868084	0.0
metabolite__Pro_Leu_E1	methwin__mCHH__cis__Zm00001d033806	1	-0.012370972133840698	0.012370972133840698	mCHH	cis	Zm00001d033806	1	274286604	274287932	+	424	0.02411956898868084	0.0
metabolite__Pro_Leu_E1	methwin__mCHG__gene__Zm00001d030266	1	0.012361389924879576	0.012361389924879576	mCHG	gene	Zm00001d030266	1	117619933	117695083	+	86	0.13355973362922668	0.0
metabolite__Pro_Leu_E1	methwin__mCHG__gene__Zm00001d014132	1	0.012331858563908869	0.012331858563908869	mCHG	gene	Zm00001d014132	5	33578544	33584855	+	248	0.11469757556915283	0.0
metabolite__Pro_Leu_E1	methwin__mCG__gene__Zm00001d035989	1	-0.011516228326620375	0.011516228326620375	mCG	gene	Zm00001d035989	6	64968486	64975065	+	348	0.1342121809720993	0.0
metabolite__Pro_Leu_E1	methwin__mCHH__gene__Zm00001d047592	1	0.01144275027468756	0.01144275027468756	mCHH	gene	Zm00001d047592	9	136548859	136577025	-	184	0.007730634417384863	0.0
metabolite__Pro_Leu_E1	methwin__mCG__gene__Zm00001d045114	1	0.011388512651418648	0.011388512651418648	mCG	gene	Zm00001d045114	9	13155113	13156743	+	119	0.15623530745506287	0.0
metabolite__Pro_Leu_E1	methwin__mCG__promoter__Zm00001d045114	1	0.01136923973727747	0.01136923973727747	mCG	promoter	Zm00001d045114	9	13155113	13156743	+	187	0.15623530745506287	0.0
metabolite__Pro_Leu_E1	methwin__mCG__promoter__Zm00001d045113	1	0.011363937542676089	0.011363937542676089	mCG	promoter	Zm00001d045113	9	13149723	13154901	-	186	0.15623530745506287	0.0
metabolite__Pro_Leu_E1	methwin__mCG__gene__Zm00001d045709	1	0.011095704875159039	0.011095704875159039	mCG	gene	Zm00001d045709	9	34649471	34650594	+	398	0.1307477205991745	0.0
metabolite__Pro_Leu_E1	methwin__mCG__gene__Zm00001d053896	1	0.010543996681427253	0.010543996681427253	mCG	gene	Zm00001d053896	4	243263176	243265641	-	355	0.13379420340061188	0.0
metabolite__Pro_Leu_E1	methwin__mCG__promoter__Zm00001d051125	1	0.010533435145828947	0.010533435145828947	mCG	promoter	Zm00001d051125	4	144574444	144581365	+	132	0.16171155869960785	0.0
metabolite__Pro_Leu_E1	methwin__mCG__cis__Zm00001d051125	1	0.010533113558218583	0.010533113558218583	mCG	cis	Zm00001d051125	4	144574444	144581365	+	345	0.16171155869960785	0.0
metabolite__Pro_Leu_E1	methwin__mCHG__promoter__Zm00001d046432	1	0.010451007529352189	0.010451007529352189	mCHG	promoter	Zm00001d046432	9	89572426	89572791	-	251	0.11543091386556625	0.0
metabolite__Pro_Leu_E1	methwin__mCHG__gene__Zm00001d046432	1	0.010450860444053956	0.010450860444053956	mCHG	gene	Zm00001d046432	9	89572426	89572791	-	234	0.11543091386556625	0.0
metabolite__Pro_Leu_E1	methwin__mCG__gene__Zm00001d028710	1	-0.010232064374503353	0.010232064374503353	mCG	gene	Zm00001d028710	1	43905140	43907073	+	45	0.16960863769054413	0.0
metabolite__Pro_Leu_E1	methwin__mCG__cis__Zm00001d028711	1	-0.010231735878144174	0.010231735878144174	mCG	cis	Zm00001d028711	1	43908553	43911257	-	205	0.16960863769054413	0.0
metabolite__Pro_Leu_E1	methwin__mCG__promoter__Zm00001d028710	1	-0.010231527935971945	0.010231527935971945	mCG	promoter	Zm00001d028710	1	43905140	43907073	+	75	0.16960863769054413	0.0
metabolite__Pro_Leu_E1	methwin__mCHG__promoter__Zm00001d005531	1	0.010112311977461298	0.010112311977461298	mCHG	promoter	Zm00001d005531	2	177352851	177355953	+	144	0.12399061024188995	0.0
metabolite__Pro_Leu_E1	methwin__mCHG__gene__Zm00001d005531	1	0.010111574744255114	0.010111574744255114	mCHG	gene	Zm00001d005531	2	177352851	177355953	+	155	0.12399061024188995	0.0
metabolite__Pro_Leu_E1	methwin__mCHG__cis__Zm00001d021441	1	-0.010040360310904071	0.010040360310904071	mCHG	cis	Zm00001d021441	7	152320129	152320914	+	477	0.12546725571155548	0.0
metabolite__Pro_Leu_E1	methwin__mCHG__cis__Zm00001d007474	1	-0.009972769410424203	0.009972769410424203	mCHG	cis	Zm00001d007474	2	232516766	232520492	-	298	0.1313115507364273	0.0
metabolite__Pro_Leu_E1	methwin__mCG__gene__Zm00001d046432	1	0.00873511307505825	0.00873511307505825	mCG	gene	Zm00001d046432	9	89572426	89572791	-	435	0.1273062825202942	0.0
metabolite__Pro_Leu_E1	methwin__mCG__promoter__Zm00001d038286	1	-0.00865212977617136	0.00865212977617136	mCG	promoter	Zm00001d038286	6	153399275	153402068	-	468	0.13524088263511658	0.0
metabolite__Pro_Leu_E1	methwin__mCHG__promoter__Zm00001d047626	1	0.008440977131948676	0.008440977131948676	mCHG	promoter	Zm00001d047626	9	137459683	137460670	-	237	0.11663313210010529	0.0
metabolite__Pro_Leu_E1	methwin__mCG__cis__Zm00001d050678	1	0.008004952253179539	0.008004952253179539	mCG	cis	Zm00001d050678	4	115229324	115229542	+	272	0.1647481471300125	0.0
metabolite__Pro_Leu_E1	methwin__mCHH__gene__Zm00001d049471	1	-0.007918588253015961	0.007918588253015961	mCHH	gene	Zm00001d049471	4	31448746	31454292	+	181	0.007806034758687019	0.0
metabolite__Pro_Leu_E1	methwin__mCHG__promoter__Zm00001d015482	1	0.007606467080237852	0.007606467080237852	mCHG	promoter	Zm00001d015482	5	92848176	92848523	+	417	0.10433824360370636	0.0
metabolite__Pro_Leu_E1	methwin__mCHG__gene__Zm00001d015482	1	0.007600383914621782	0.007600383914621782	mCHG	gene	Zm00001d015482	5	92848176	92848523	+	390	0.10433824360370636	0.0
metabolite__Pro_Leu_E1	methwin__mCG__gene__Zm00001d015482	1	0.007595760054554894	0.007595760054554894	mCG	gene	Zm00001d015482	5	92848176	92848523	+	410	0.12973350286483765	0.0
metabolite__Pro_Leu_E1	methwin__mCHG__promoter__Zm00001d048248	1	-0.007550065085661715	0.007550065085661715	mCHG	promoter	Zm00001d048248	9	153142163	153142732	+	445	0.10285051167011261	0.0
metabolite__Pro_Leu_E1	methwin__mCG__gene__Zm00001d025797	1	0.006593556351957514	0.006593556351957514	mCG	gene	Zm00001d025797	10	129855497	129872386	+	4	0.1917068362236023	0.0
metabolite__Pro_Leu_E1	methwin__mCG__cis__Zm00001d025797	1	0.006592791967353466	0.006592791967353466	mCG	cis	Zm00001d025797	10	129855497	129872386	+	25	0.1917068362236023	0.0
metabolite__Pro_Leu_E1	methwin__mCG__promoter__Zm00001d007063	1	0.0065600272399212005	0.0065600272399212005	mCG	promoter	Zm00001d007063	2	221072232	221073664	+	134	0.16142238676548004	0.0
metabolite__Pro_Leu_E1	methwin__mCG__gene__Zm00001d007063	1	0.006558969701180896	0.006558969701180896	mCG	gene	Zm00001d007063	2	221072232	221073664	+	82	0.16142238676548004	0.0
metabolite__Pro_Leu_E1	methwin__mCG__cis__Zm00001d007063	1	0.006551156713195807	0.006551156713195807	mCG	cis	Zm00001d007063	2	221072232	221073664	+	350	0.16142238676548004	0.0
metabolite__Pro_Leu_E1	methwin__mCG__promoter__Zm00001d007062	1	0.006545974134409652	0.006545974134409652	mCG	promoter	Zm00001d007062	2	221062823	221071242	-	133	0.16142238676548004	0.0
metabolite__Pro_Leu_E1	methwin__mCG__cis__Zm00001d007062	1	0.006543508352854507	0.006543508352854507	mCG	cis	Zm00001d007062	2	221062823	221071242	-	351	0.16142238676548004	0.0
metabolite__Pro_Leu_E1	methwin__mCHH__gene__Zm00001d045434	1	0.005769627627892539	0.005769627627892539	mCHH	gene	Zm00001d045434	9	22058783	22075336	+	437	0.003537241369485855	0.0
metabolite__Pro_Leu_E1	methwin__mCG__gene__Zm00001d049530	1	0.0054166873337401665	0.0054166873337401665	mCG	gene	Zm00001d049530	4	33409847	33410188	-	382	0.131540447473526	0.0
metabolite__Pro_Leu_E1	methwin__mCG__gene__Zm00001d049531	1	0.005416545842266412	0.005416545842266412	mCG	gene	Zm00001d049531	4	33410133	33414086	+	383	0.131540447473526	0.0
metabolite__Pro_Leu_E1	methwin__mCHG__cis__Zm00001d051846	1	-0.005290396890135923	0.005290396890135923	mCHG	cis	Zm00001d051846	4	172092411	172099344	+	61	0.1499294489622116	0.0
metabolite__Pro_Leu_E1	methwin__mCHG__promoter__Zm00001d051847	1	-0.00529000763969726	0.00529000763969726	mCHG	promoter	Zm00001d051847	4	172100463	172103469	+	22	0.1499294489622116	0.0
metabolite__Pro_Leu_E1	methwin__mCHG__cis__Zm00001d051847	1	-0.005287471812444179	0.005287471812444179	mCHG	cis	Zm00001d051847	4	172100463	172103469	+	62	0.1499294489622116	0.0
metabolite__Pro_Leu_E1	methwin__mCHG__gene__Zm00001d051847	1	-0.005287292137288977	0.005287292137288977	mCHG	gene	Zm00001d051847	4	172100463	172103469	+	22	0.1499294489622116	0.0
metabolite__Pro_Leu_E1	methwin__mCG__promoter__Zm00001d021294	1	-0.004663028517431804	0.004663028517431804	mCG	promoter	Zm00001d021294	7	148128045	148129250	+	428	0.13772033154964447	0.0
metabolite__Pro_Leu_E1	methwin__mCHH__promoter__Zm00001d051656	1	0.0045611003825445405	0.0045611003825445405	mCHH	promoter	Zm00001d051656	4	165895866	165903079	-	157	0.025263043120503426	0.0
metabolite__Pro_Leu_E1	methwin__mCHH__cis__Zm00001d051656	1	0.004556797971759958	0.004556797971759958	mCHH	cis	Zm00001d051656	4	165895866	165903079	-	382	0.025263043120503426	0.0
metabolite__Pro_Leu_E1	methwin__mCHH__cis__Zm00001d051655	1	0.0045536463444307	0.0045536463444307	mCHH	cis	Zm00001d051655	4	165893103	165894084	+	383	0.025263043120503426	0.0
metabolite__Pro_Leu_E1	methwin__mCHG__cis__Zm00001d048044	1	-0.004466870424318169	0.004466870424318169	mCHG	cis	Zm00001d048044	9	148682940	148684179	-	52	0.15051482617855072	0.0
metabolite__Pro_Leu_E1	methwin__mCHG__cis__Zm00001d048045	1	-0.004457301741781947	0.004457301741781947	mCHG	cis	Zm00001d048045	9	148686754	148689052	+	54	0.15051482617855072	0.0
metabolite__Pro_Leu_E1	methwin__mCHG__cis__Zm00001d048042	1	-0.004453501145237352	0.004453501145237352	mCHG	cis	Zm00001d048042	9	148678495	148680006	+	53	0.15051482617855072	0.0
metabolite__Pro_Leu_E1	methwin__mCHG__gene__Zm00001d048045	1	-0.0044287414823341534	0.0044287414823341534	mCHG	gene	Zm00001d048045	9	148686754	148689052	+	19	0.15051482617855072	0.0
metabolite__Pro_Leu_E1	methwin__mCHH__cis__Zm00001d047540	1	0.00442374117846824	0.00442374117846824	mCHH	cis	Zm00001d047540	9	134441983	134470690	-	428	0.023976488038897514	0.0
metabolite__Pro_Leu_E1	methwin__mCHH__promoter__Zm00001d047540	1	0.004422948583543077	0.004422948583543077	mCHH	promoter	Zm00001d047540	9	134441983	134470690	-	178	0.023976488038897514	0.0
metabolite__Pro_Leu_E1	methwin__mCHH__promoter__Zm00001d033729	1	0.004390290785989689	0.004390290785989689	mCHH	promoter	Zm00001d033729	1	272362116	272364398	-	262	0.017796911299228668	0.0
metabolite__Pro_Leu_E1	methwin__mCHH__promoter__Zm00001d033730	1	0.004388238070425369	0.004388238070425369	mCHH	promoter	Zm00001d033730	1	272366742	272367528	+	263	0.017796911299228668	0.0
metabolite__Pro_Leu_E1	methwin__mCHG__promoter__Zm00001d051125	1	0.004225886478252554	0.004225886478252554	mCHG	promoter	Zm00001d051125	4	144574444	144581365	+	208	0.11910130083560944	0.0
metabolite__Pro_Leu_E1	methwin__mCHH__promoter__Zm00001d043432	1	-0.004045096789688785	0.004045096789688785	mCHH	promoter	Zm00001d043432	3	199636305	199641922	-	252	0.0183078832924366	0.0
metabolite__Pro_Leu_E1	methwin__mCHH__promoter__Zm00001d008825	1	0.0033827721590716764	0.0033827721590716764	mCHH	promoter	Zm00001d008825	8	21749186	21749614	-	303	0.016078395769000053	0.0
metabolite__Pro_Leu_E1	methwin__mCG__gene__Zm00001d051847	1	-0.002961110836640921	0.002961110836640921	mCG	gene	Zm00001d051847	4	172100463	172103469	+	5	0.1886669546365738	0.0
metabolite__Pro_Leu_E1	methwin__mCG__gene__Zm00001d006404	1	0.0024306746974137356	0.0024306746974137356	mCG	gene	Zm00001d006404	2	206800179	206801074	+	360	0.13336938619613647	0.0
metabolite__Pro_Leu_E1	methwin__mCG__cis__Zm00001d004824	1	-0.002359209853733598	0.002359209853733598	mCG	cis	Zm00001d004824	2	141445186	141446235	+	379	0.16021914780139923	0.0
metabolite__Pro_Leu_E1	methwin__mCG__cis__Zm00001d047165	1	-0.002263581005787006	0.002263581005787006	mCG	cis	Zm00001d047165	9	120510617	120518989	+	313	0.16294139623641968	0.0
metabolite__Pro_Leu_E1	methwin__mCG__cis__Zm00001d047163	1	-0.0022617616472826434	0.0022617616472826434	mCG	cis	Zm00001d047163	9	120505580	120508298	-	314	0.16294139623641968	0.0
metabolite__Pro_Leu_E1	methwin__mCG__promoter__Zm00001d047163	1	-0.002260112062308655	0.002260112062308655	mCG	promoter	Zm00001d047163	9	120505580	120508298	-	120	0.16294139623641968	0.0
metabolite__Pro_Leu_E1	methwin__mCG__promoter__Zm00001d047165	1	-0.00225921900301865	0.00225921900301865	mCG	promoter	Zm00001d047165	9	120510617	120518989	+	121	0.16294139623641968	0.0
metabolite__Pro_Leu_E1	methwin__mCHG__cis__Zm00001d048686	1	0.00176845838039481	0.00176845838039481	mCHG	cis	Zm00001d048686	4	3251055	3252592	-	261	0.13342438638210297	0.0
metabolite__Pro_Leu_E1	methwin__mCHG__gene__Zm00001d048684	1	0.001766676486393854	0.001766676486393854	mCHG	gene	Zm00001d048684	4	3237296	3249838	+	87	0.13342438638210297	0.0
metabolite__Pro_Leu_E1	methwin__mCHG__gene__Zm00001d002917	1	-0.0014934011708975618	0.0014934011708975618	mCHG	gene	Zm00001d002917	2	26418750	26428989	+	484	0.09975532442331314	0.0
metabolite__Pro_Leu_E1	methwin__mCHG__promoter__Zm00001d002917	1	-0.0014930079962999665	0.0014930079962999665	mCHG	promoter	Zm00001d002917	2	26418750	26428989	+	500	0.09975532442331314	0.0
metabolite__Pro_Leu_E1	methwin__mCHG__promoter__Zm00001d014141	1	0.0013290926105635668	0.0013290926105635668	mCHG	promoter	Zm00001d014141	5	34046773	34051266	-	329	0.11005840450525284	0.0
metabolite__Pro_Leu_E1	methwin__mCHG__promoter__Zm00001d014142	1	0.0013222841008878208	0.0013222841008878208	mCHG	promoter	Zm00001d014142	5	34051965	34052565	-	330	0.11005840450525284	0.0
metabolite__Pro_Leu_E1	methwin__mCHG__promoter__Zm00001d014143	1	0.0013109439394200905	0.0013109439394200905	mCHG	promoter	Zm00001d014143	5	34052263	34060949	+	328	0.11005840450525284	0.0
metabolite__Pro_Leu_E1	methwin__mCHG__gene__Zm00001d014142	1	0.0013092109673912091	0.0013092109673912091	mCHG	gene	Zm00001d014142	5	34051965	34052565	-	310	0.11005840450525284	0.0
metabolite__Pro_Leu_E1	methwin__mCHG__gene__Zm00001d014143	1	0.0013059025831698558	0.0013059025831698558	mCHG	gene	Zm00001d014143	5	34052263	34060949	+	311	0.11005840450525284	0.0
metabolite__Pro_Leu_E1	methwin__mCHH__cis__Zm00001d011347	1	0.0008633930430265069	0.0008633930430265069	mCHH	cis	Zm00001d011347	8	147387271	147396132	-	282	0.029452994465827942	0.0
metabolite__Pro_Leu_E1	methwin__mCHH__promoter__Zm00001d011347	1	0.0008625711693279639	0.0008625711693279639	mCHH	promoter	Zm00001d011347	8	147387271	147396132	-	113	0.029452994465827942	0.0
metabolite__Pro_Leu_E1	methwin__mCHG__promoter__Zm00001d021294	1	-0.0008201395007839264	0.0008201395007839264	mCHG	promoter	Zm00001d021294	7	148128045	148129250	+	156	0.12346631288528442	0.0
metabolite__Pro_Leu_E1	methwin__mCG__gene__Zm00001d036655	1	-0.0007226363585423515	0.0007226363585423515	mCG	gene	Zm00001d036655	6	96564582	96572729	+	447	0.12645463645458221	0.0
metabolite__Pro_Leu_E1	methwin__mCG__cis__Zm00001d013410	1	-0.0006150322288260648	0.0006150322288260648	mCG	cis	Zm00001d013410	5	10551528	10554058	-	284	0.16416430473327637	0.0
metabolite__Pro_Leu_E1	methwin__mCG__cis__Zm00001d013411	1	-0.0006145454702850224	0.0006145454702850224	mCG	cis	Zm00001d013411	5	10557948	10560773	-	283	0.16416430473327637	0.0
metabolite__Pro_Leu_E1	methwin__mCG__promoter__Zm00001d013411	1	-0.0006138489795326331	0.0006138489795326331	mCG	promoter	Zm00001d013411	5	10557948	10560773	-	106	0.16416430473327637	0.0
metabolite__Pro_Leu_E1	methwin__mCHG__cis__Zm00001d046975	1	-0.0005164538096319875	0.0005164538096319875	mCHG	cis	Zm00001d046975	9	113789238	113792145	+	124	0.14163406193256378	0.0
metabolite__Pro_Leu_E1	methwin__mCHG__cis__Zm00001d046974	1	-0.0005125523959262636	0.0005125523959262636	mCHG	cis	Zm00001d046974	9	113773320	113784564	-	123	0.14163406193256378	0.0
metabolite__Pro_Leu_E1	methwin__mCHG__gene__Zm00001d046975	1	-0.0005090074173104991	0.0005090074173104991	mCHG	gene	Zm00001d046975	9	113789238	113792145	+	47	0.14163406193256378	0.0
metabolite__Pro_Leu_E1	methwin__mCHG__cis__Zm00001d007853	1	0.0004781806754354899	0.0004781806754354899	mCHG	cis	Zm00001d007853	2	240960244	240965099	-	361	0.1291370391845703	0.0
metabolite__Pro_Leu_E1	methwin__mCG__promoter__Zm00001d020640	1	0.0002370809365668889	0.0002370809365668889	mCG	promoter	Zm00001d020640	7	125978833	125998277	+	390	0.14071078598499298	0.0
metabolite__Pro_Leu_E1	methwin__mCG__cis__Zm00001d049202	1	-0.00019381121460404287	0.00019381121460404287	mCG	cis	Zm00001d049202	4	20466913	20467525	-	470	0.1574651002883911	0.0
