trait	trait_group	model	split	n_eval	r2	pearson	spearman	mae	rmse
metabolite__L_Tyrosine_E1	metabolite	mean_baseline	val	44	-0.06948044449657842			19396.34835752483	29253.090386911423
metabolite__L_Tyrosine_E1	metabolite	mean_baseline	test	38	-0.013363113739977006			22636.928350287482	30785.281270972166
metabolite__L_Tyrosine_E1	metabolite	population_ridge	val	44	-0.023161306934956327	0.30246198694708476	0.10099728709927272	21062.16918136135	28612.603925269454
metabolite__L_Tyrosine_E1	metabolite	population_ridge	test	38	0.1401247830335005	0.37817712837551487	0.2642521063573695	21621.402136770434	28358.176154349356
metabolite__L_Tyrosine_E1	metabolite	genotype_pca_ridge	val	44	-0.05569845601474044	0.152958768299276	0.11946294601065405	19560.18522620345	29063.992467991033
metabolite__L_Tyrosine_E1	metabolite	genotype_pca_ridge	test	38	0.08576931752955541	0.6156300385975347	0.5483094430462851	21705.350239594107	29240.747876677124
metabolite__L_Tyrosine_E1	metabolite	genotype_pca_population_ridge	val	44	-0.034718401706820945	0.23240846528563402	0.234767594785539	19374.187838006284	28773.746658500953
metabolite__L_Tyrosine_E1	metabolite	genotype_pca_population_ridge	test	38	0.09845177047850429	0.5384424190302268	0.4988510777984462	21695.241455410865	29037.221825606055
metabolite__Vanillin_E1	metabolite	mean_baseline	val	44	-2.2188901012132334e-05			225704.54545454544	293991.7809285362
metabolite__Vanillin_E1	metabolite	mean_baseline	test	38	-0.017978991909452624			265270.0132684653	359106.87628231983
metabolite__Vanillin_E1	metabolite	population_ridge	val	44	0.061812276693701595	0.25686472458421944	0.22100070472163494	215826.60959661135	284757.5473977289
metabolite__Vanillin_E1	metabolite	population_ridge	test	38	-0.0018740553313738584	0.11592293409441454	-0.017397964766385818	270931.1597450248	356254.92633739195
metabolite__Vanillin_E1	metabolite	genotype_pca_ridge	val	44	-0.0017860134615208523	0.023780593942024638	0.10303030303030303	226441.95163628666	294250.93591442954
metabolite__Vanillin_E1	metabolite	genotype_pca_ridge	test	38	0.03331328402696454	0.4070376005616485	0.3458802932487143	257185.4101221474	349942.90179551725
metabolite__Vanillin_E1	metabolite	genotype_pca_population_ridge	val	44	0.021520214993213438	0.14954559769950487	0.1503875968992248	221584.09570597103	290807.96662554605
metabolite__Vanillin_E1	metabolite	genotype_pca_population_ridge	test	38	0.031639873014023934	0.2714048569825984	0.18371813108655213	260150.5386965764	350245.66022075777
metabolite__N_Acetyl_L_glutamic_acid_E1	metabolite	mean_baseline	val	44	-0.028121293370041656			42971.333078686024	61299.86732101174
metabolite__N_Acetyl_L_glutamic_acid_E1	metabolite	mean_baseline	test	38	-0.03330063733540567			37106.1919504644	44455.85418751458
metabolite__N_Acetyl_L_glutamic_acid_E1	metabolite	population_ridge	val	44	0.29180437151818206	0.6663595371126046	0.6878083157152924	34078.12002217732	50876.119459203604
metabolite__N_Acetyl_L_glutamic_acid_E1	metabolite	population_ridge	test	38	-0.03701217922713318	0.22425826112788044	0.14673377831272566	35494.22629147336	44535.62374240712
metabolite__N_Acetyl_L_glutamic_acid_E1	metabolite	genotype_pca_ridge	val	44	0.18948662460815402	0.5231923079396763	0.4510218463706836	38492.19483059633	54427.38271783008
metabolite__N_Acetyl_L_glutamic_acid_E1	metabolite	genotype_pca_ridge	test	38	-0.03231974100035573	0.13085820143821075	0.016960280118174857	36903.93090078937	44434.748549645396
metabolite__N_Acetyl_L_glutamic_acid_E1	metabolite	genotype_pca_population_ridge	val	44	0.34880337632168434	0.6843445894838591	0.6594785059901338	33666.36775634423	48785.799619771635
metabolite__N_Acetyl_L_glutamic_acid_E1	metabolite	genotype_pca_population_ridge	test	38	-0.017533313693790964	0.2177449071776241	0.14607725134040922	35413.287793617535	44115.370308061676
metabolite__Lyratyl_acetate_E1	metabolite	mean_baseline	val	44	-0.03192739874886397			141787.3796791444	178955.1260389502
metabolite__Lyratyl_acetate_E1	metabolite	mean_baseline	test	38	-0.01161769424404735			148801.19195046442	210924.56936865766
metabolite__Lyratyl_acetate_E1	metabolite	population_ridge	val	44	-0.033354162080707406	0.05355714528537962	0.07089499647639182	136548.13374287426	179078.79676338003
metabolite__Lyratyl_acetate_E1	metabolite	population_ridge	test	38	0.041754205286284596	0.27120708122473725	0.2719115877010614	140676.64859325523	205285.0976641962
metabolite__Lyratyl_acetate_E1	metabolite	genotype_pca_ridge	val	44	-0.08008719031239209	-0.005967075581987086	-0.07272727272727272	141661.52454538306	183083.40415954377
metabolite__Lyratyl_acetate_E1	metabolite	genotype_pca_ridge	test	38	-0.006054241869068555	0.1092645819973964	0.12660028449502134	147391.04420492836	210343.77355744303
metabolite__Lyratyl_acetate_E1	metabolite	genotype_pca_population_ridge	val	44	-0.08457935666694727	-0.0004069254280196777	-0.05849189570119802	141298.77866853093	183463.73814565013
metabolite__Lyratyl_acetate_E1	metabolite	genotype_pca_population_ridge	test	38	0.0029282345151783185	0.13876195942386663	0.12900755006018164	145631.13870746386	209402.64921723667
metabolite__Ferulic_acid_derivative_E1	metabolite	mean_baseline	val	44	-0.028054562981822517			228742.74255156607	267522.7136700376
metabolite__Ferulic_acid_derivative_E1	metabolite	mean_baseline	test	38	-5.548654439802014e-05			279938.96505970805	375707.44457132864
metabolite__Ferulic_acid_derivative_E1	metabolite	population_ridge	val	44	0.06531724284078333	0.320275069627548	0.30156101361263965	212148.3821008427	255084.86665676732
metabolite__Ferulic_acid_derivative_E1	metabolite	population_ridge	test	38	0.011631529224410464	0.2085804287886178	0.23526837043476428	267270.8960584913	373505.6653633887
metabolite__Ferulic_acid_derivative_E1	metabolite	genotype_pca_ridge	val	44	0.0009017889255565903	0.23656169269660107	0.35025899454424375	223098.3719157132	263728.2599146082
metabolite__Ferulic_acid_derivative_E1	metabolite	genotype_pca_ridge	test	38	0.020536965399054252	0.1906068764883147	0.26864365089178893	278897.77047596255	371819.1701734977
metabolite__Ferulic_acid_derivative_E1	metabolite	genotype_pca_population_ridge	val	44	0.08192156554745844	0.43174205019248807	0.48507699385272224	214424.16847456153	252808.96556725277
metabolite__Ferulic_acid_derivative_E1	metabolite	genotype_pca_population_ridge	test	38	0.049307135653535616	0.2624725232370551	0.3179952951085697	274068.16701233893	366317.6709703131
metabolite__Pyridoxine_E1	metabolite	mean_baseline	val	44	-0.00807106288902526			43631.17838044308	53637.974310190366
metabolite__Pyridoxine_E1	metabolite	mean_baseline	test	38	-0.1914733800392121			45961.70942061034	50847.821228784305
metabolite__Pyridoxine_E1	metabolite	population_ridge	val	44	-0.007808484683729855	0.20833740811378776	0.18675123326286114	44027.73462768284	53630.98815573446
metabolite__Pyridoxine_E1	metabolite	population_ridge	test	38	-0.2844246447728156	0.17185099237991075	0.24753775591424998	45357.213971782265	52793.990718463494
metabolite__Pyridoxine_E1	metabolite	genotype_pca_ridge	val	44	0.0447821668599353	0.2506615328483063	0.2580690627202255	42254.4515763678	52212.922756758075
metabolite__Pyridoxine_E1	metabolite	genotype_pca_ridge	test	38	0.00767987769305345	0.35771437467932776	0.359925587622444	40280.96311240754	46404.07027210911
metabolite__Pyridoxine_E1	metabolite	genotype_pca_population_ridge	val	44	0.08539927383805745	0.31752810589658875	0.3532064834390416	41856.29968928587	51090.78372113889
metabolite__Pyridoxine_E1	metabolite	genotype_pca_population_ridge	test	38	-0.013477635067710159	0.3373671755669731	0.3412125211939131	40193.130425849406	46896.15768927558
metabolite__LPC1_acyl_16_1_1_E1	metabolite	mean_baseline	val	44	-0.02623134759480883			380372.33766233764	765741.1551685579
metabolite__LPC1_acyl_16_1_1_E1	metabolite	mean_baseline	test	38	-0.013991426384323491			506096.8045112784	1561337.4713906352
metabolite__LPC1_acyl_16_1_1_E1	metabolite	population_ridge	val	44	-0.025344144877575303	0.10298063385469178	0.11897378184177074	380223.13709896506	765410.0823888936
metabolite__LPC1_acyl_16_1_1_E1	metabolite	population_ridge	test	38	-0.01385836547411623	0.020061937040345347	0.2505774098449347	505908.1477417373	1561235.0248631225
metabolite__LPC1_acyl_16_1_1_E1	metabolite	genotype_pca_ridge	val	44	-0.02384340101014626	0.12825930800640192	0.20975472438454365	381036.60980083095	764849.7314479233
metabolite__LPC1_acyl_16_1_1_E1	metabolite	genotype_pca_ridge	test	38	-0.013409116915930275	0.004942736625076731	0.22665017579053442	507171.0368125536	1560889.0888221327
metabolite__LPC1_acyl_16_1_1_E1	metabolite	genotype_pca_population_ridge	val	44	-0.0229963445553254	0.14057851925673687	0.14928108408819338	380894.8185952437	764533.2743815472
metabolite__LPC1_acyl_16_1_1_E1	metabolite	genotype_pca_population_ridge	test	38	-0.013315824820169908	0.00888670852782505	0.31950540519430787	506977.08577498933	1560817.2412516908
metabolite__Glutamine_E1	metabolite	mean_baseline	val	44	-1.8564525905429008e-06			2729166.5393430097	4266811.7454930395
metabolite__Glutamine_E1	metabolite	mean_baseline	test	38	-0.0004133159705852485			3033654.79876161	4388393.117943953
metabolite__Glutamine_E1	metabolite	population_ridge	val	44	0.17713338930428846	0.43510017551085267	0.24285563283691428	2709386.0184471514	3870506.481007883
metabolite__Glutamine_E1	metabolite	population_ridge	test	38	0.005038128719154877	0.163529728537003	0.33406280774701824	3038796.581237506	4376420.1856338745
metabolite__Glutamine_E1	metabolite	genotype_pca_ridge	val	44	0.07765445007211158	0.30709993335201363	0.3049437966585398	2890913.6484948206	4097791.9710013145
metabolite__Glutamine_E1	metabolite	genotype_pca_ridge	test	38	0.22275681271442738	0.5482604033262959	0.4666812561549403	2873256.7197669568	3868069.381806342
metabolite__Glutamine_E1	metabolite	genotype_pca_population_ridge	val	44	0.09759123433389238	0.37917046136399124	0.2704816943784321	2660934.5562679754	4053262.506629989
metabolite__Glutamine_E1	metabolite	genotype_pca_population_ridge	test	38	0.10314984341010225	0.4858622698133606	0.4596783017835649	2892380.727598908	4155045.0567788617
metabolite__N1_N10_Dicoumaroylspermidine_E1	metabolite	mean_baseline	val	44	-0.00019486201245655366			1285523.1092436975	1512059.457928323
metabolite__N1_N10_Dicoumaroylspermidine_E1	metabolite	mean_baseline	test	38	-0.11903911716449067			1811603.936311367	2758038.388050472
metabolite__N1_N10_Dicoumaroylspermidine_E1	metabolite	population_ridge	val	44	0.00019412717437861104	0.027808931473897108	0.07315268336759055	1284669.2551156124	1511765.3992405045
metabolite__N1_N10_Dicoumaroylspermidine_E1	metabolite	population_ridge	test	38	-0.11320499910314008	0.46843795038773034	0.09355509355509356	1809544.8475429525	2750839.4669196284
metabolite__N1_N10_Dicoumaroylspermidine_E1	metabolite	genotype_pca_ridge	val	44	-0.0025723142547233735	0.026028498269737473	0.04672469082149569	1285384.2311760245	1513855.4656819135
metabolite__N1_N10_Dicoumaroylspermidine_E1	metabolite	genotype_pca_ridge	test	38	-0.07159217903784021	0.46334900607773516	0.31108436371594267	1783937.673400636	2698935.093030401
metabolite__N1_N10_Dicoumaroylspermidine_E1	metabolite	genotype_pca_population_ridge	val	44	-0.003355497252447881	0.03286623807529276	0.057577786427091986	1284851.3564092258	1514446.6421937605
metabolite__N1_N10_Dicoumaroylspermidine_E1	metabolite	genotype_pca_population_ridge	test	38	-0.05088602991687208	0.5594355263034527	0.29445234708392604	1775547.0114435079	2672732.4223293527
metabolite__N_Coumaroylspermidine_E1	metabolite	mean_baseline	val	44	-0.004897227721743391			54174.757448433906	68399.20592925246
metabolite__N_Coumaroylspermidine_E1	metabolite	mean_baseline	test	38	-0.12522305090497787			55826.31578947369	82581.93842032808
metabolite__N_Coumaroylspermidine_E1	metabolite	population_ridge	val	44	0.00439436977719232	0.11619833647405528	0.10726619238705382	53916.26230034321	68082.2512195526
metabolite__N_Coumaroylspermidine_E1	metabolite	population_ridge	test	38	-0.10298819632719547	0.21889176217633105	0.21041689462742094	55255.052487880086	81761.94138364174
metabolite__N_Coumaroylspermidine_E1	metabolite	genotype_pca_ridge	val	44	-0.09068595531937107	0.023150875633641634	-0.0391852844725374	55177.881617965984	71259.06116018596
metabolite__N_Coumaroylspermidine_E1	metabolite	genotype_pca_ridge	test	38	-0.0661048286091015	0.22849309455180652	0.3174307911150016	54861.29004423254	80383.27894885786
metabolite__N_Coumaroylspermidine_E1	metabolite	genotype_pca_population_ridge	val	44	-0.09315703724150226	0.02489132973226755	-0.03544999656418401	55142.065343272174	71339.73853260465
metabolite__N_Coumaroylspermidine_E1	metabolite	genotype_pca_population_ridge	test	38	-0.05541906533532992	0.24721417555046443	0.31611773717036873	54486.24296151656	79979.41626496555
metabolite__L_Lysine_E1	metabolite	mean_baseline	val	44	-1.7776576208827777e-06			3394746.9442322385	4380690.516715851
metabolite__L_Lysine_E1	metabolite	mean_baseline	test	38	-0.053662107303371176			3197411.543564794	3736242.6199492845
metabolite__L_Lysine_E1	metabolite	population_ridge	val	44	0.18681743122158811	0.45978591559677995	0.4247101549617707	3075879.231258765	3950355.8321804204
metabolite__L_Lysine_E1	metabolite	population_ridge	test	38	0.18526832193632026	0.46913311868788016	0.5391475633172481	2660163.694046282	3285426.006887703
metabolite__L_Lysine_E1	metabolite	genotype_pca_ridge	val	44	0.12022914065820345	0.3676972326104207	0.32018888715421906	3236292.904740658	4108913.256586816
metabolite__L_Lysine_E1	metabolite	genotype_pca_ridge	test	38	0.07305961562334329	0.4453230472103672	0.5245937524950046	2926865.553403893	3504372.7217203286
metabolite__L_Lysine_E1	metabolite	genotype_pca_population_ridge	val	44	0.20030675983326052	0.4708509233308509	0.4080064864045288	3040760.6468798006	3917453.9413770554
metabolite__L_Lysine_E1	metabolite	genotype_pca_population_ridge	test	38	0.0845464796338341	0.47802158498164793	0.5461509008557713	2814387.997533974	3482591.5250095963
metabolite__LPC1_acyl_16_0_1_E1	metabolite	mean_baseline	val	44	-0.1831296377720888			2539136.7456073333	3110924.9448452783
metabolite__LPC1_acyl_16_0_1_E1	metabolite	mean_baseline	test	38	-0.008141965074456081			4382052.631578947	6252513.118515618
metabolite__LPC1_acyl_16_0_1_E1	metabolite	population_ridge	val	44	-0.3552141978265577	0.11219547146765405	0.1314352162625784	2783929.6475680647	3329487.1101213344
metabolite__LPC1_acyl_16_0_1_E1	metabolite	population_ridge	test	38	0.03259062575965688	0.22582677374289975	0.14740643555105867	4390883.263417798	6124898.706563166
metabolite__LPC1_acyl_16_0_1_E1	metabolite	genotype_pca_ridge	val	44	-0.14765811594493705	0.16606670276925276	0.15899080315730663	2481790.7131878436	3063935.598846974
metabolite__LPC1_acyl_16_0_1_E1	metabolite	genotype_pca_ridge	test	38	0.02003280602378288	0.2667387269654203	0.29393740600604573	4260130.939189313	6164523.799997536
metabolite__LPC1_acyl_16_0_1_E1	metabolite	genotype_pca_population_ridge	val	44	-0.14803447418698723	0.1663032017234859	0.17935797607949705	2501205.613180865	3064437.9448315664
metabolite__LPC1_acyl_16_0_1_E1	metabolite	genotype_pca_population_ridge	test	38	0.029173620453814886	0.3185557426191126	0.35532939586806794	4237599.921812245	6135706.108133049
metabolite__Adenosine_E1	metabolite	mean_baseline	val	44	-0.0383878418146415			8721676.852559205	11529170.376320327
metabolite__Adenosine_E1	metabolite	mean_baseline	test	38	-0.06332388778184561			8043803.626713842	9597911.311699241
metabolite__Adenosine_E1	metabolite	population_ridge	val	44	0.043713663439344685	0.32806702554587286	0.33898305105790993	8272424.052614093	11064001.736058572
metabolite__Adenosine_E1	metabolite	population_ridge	test	38	0.004753650738302029	0.28042134035186805	0.17630643192412304	7716760.361324535	9285584.445086088
metabolite__Adenosine_E1	metabolite	genotype_pca_ridge	val	44	-0.1077037907049685	-0.027446771179982198	0.033898305105791	8954562.583047582	11907760.219710803
metabolite__Adenosine_E1	metabolite	genotype_pca_ridge	test	38	-0.09609320542193944	0.12131244352455929	0.09061559629619731	7931377.205766467	9744682.423012525
metabolite__Adenosine_E1	metabolite	genotype_pca_population_ridge	val	44	-0.069952821217385	0.08125598364960751	0.11381655456518183	8742544.72105596	11703090.785718983
metabolite__Adenosine_E1	metabolite	genotype_pca_population_ridge	test	38	-0.07656474614718389	0.1796637719992849	0.13625171182218077	7902205.034621094	9657484.601271987
metabolite__L_Glutamic_acid_E1	metabolite	mean_baseline	val	44	-0.004819841611580555			2604935.064935065	3107130.5493113454
metabolite__L_Glutamic_acid_E1	metabolite	mean_baseline	test	38	-0.003736024527044579			2541842.1052631577	3529606.3252090826
metabolite__L_Glutamic_acid_E1	metabolite	population_ridge	val	44	0.028364189979378507	0.2087267866817323	0.22723428474992236	2586379.1019731546	3055393.540306393
metabolite__L_Glutamic_acid_E1	metabolite	population_ridge	test	38	-0.013844208332970398	-0.010627123558634974	-0.10965800421351415	2571095.9909625407	3547334.3602498486
metabolite__L_Glutamic_acid_E1	metabolite	genotype_pca_ridge	val	44	0.03105438973578123	0.3125032510477294	0.3176628168014578	2544717.9650730556	3051160.824588851
metabolite__L_Glutamic_acid_E1	metabolite	genotype_pca_ridge	test	38	0.06842135869942478	0.40021463633974286	0.36837209798671516	2444873.747975149	3400370.773122202
metabolite__L_Glutamic_acid_E1	metabolite	genotype_pca_population_ridge	val	44	0.03907592224550205	0.3076317996809883	0.31872004827517025	2543030.1478297412	3038504.876189531
metabolite__L_Glutamic_acid_E1	metabolite	genotype_pca_population_ridge	test	38	0.05850273024828023	0.31951575643578245	0.22905609063760987	2477489.1063450966	3418424.9199657487
metabolite__Abscisic_acid_E1	metabolite	mean_baseline	val	44	-0.024362105052385674			80648.10924369749	102325.73200193323
metabolite__Abscisic_acid_E1	metabolite	mean_baseline	test	38	-0.06183843835641012			83903.27288810261	96436.9892247067
metabolite__Abscisic_acid_E1	metabolite	population_ridge	val	44	-0.012790333324651071	0.11556797043545787	0.11367560527160264	77101.43276281927	101746.12589083378
metabolite__Abscisic_acid_E1	metabolite	population_ridge	test	38	-0.12861624150399642	-0.15332415995963306	-0.19706751285698654	83950.61762067174	99423.16168882427
metabolite__Abscisic_acid_E1	metabolite	genotype_pca_ridge	val	44	-0.01864867776505741	0.16775765267863574	0.13982169923053916	80169.60800131065	102039.96971678647
metabolite__Abscisic_acid_E1	metabolite	genotype_pca_ridge	test	38	-0.062292902523029214	-0.0008472143698296138	-0.056570740781267094	83839.12836266067	96457.62441075835
metabolite__Abscisic_acid_E1	metabolite	genotype_pca_population_ridge	val	44	0.005013525107165906	0.17226557887632915	0.10507769836327313	75413.88642270287	100847.86230441538
metabolite__Abscisic_acid_E1	metabolite	genotype_pca_population_ridge	test	38	-0.12140211254092792	-0.09630870365278144	-0.21654447970237445	83384.87877402462	99104.8952436337
metabolite__L_Phenylalanine_E1	metabolite	mean_baseline	val	44	-0.03336145516299349			17790254.010695193	20694705.146091696
metabolite__L_Phenylalanine_E1	metabolite	mean_baseline	test	38	-0.0038243525722403415			22023250.773993805	31071638.33101048
metabolite__L_Phenylalanine_E1	metabolite	population_ridge	val	44	-0.06971683273573692	0.26480722612713464	0.2990944009750041	17046715.66299775	21055595.504961494
metabolite__L_Phenylalanine_E1	metabolite	population_ridge	test	38	0.10978398908203957	0.34637347269067476	0.28812168342080663	20624828.641503558	29260584.011257984
metabolite__L_Phenylalanine_E1	metabolite	genotype_pca_ridge	val	44	-0.00020075225639559768	0.2243526414705434	0.21353817977244638	17684144.666870262	20359949.77837929
metabolite__L_Phenylalanine_E1	metabolite	genotype_pca_ridge	test	38	0.07322547334599683	0.4726136645321033	0.2975324182381972	21422433.39775899	29855361.46075022
metabolite__L_Phenylalanine_E1	metabolite	genotype_pca_population_ridge	val	44	0.007901199920470336	0.2001204365599379	0.2659713169838986	17436104.422451273	20277320.992658313
metabolite__L_Phenylalanine_E1	metabolite	genotype_pca_population_ridge	test	38	0.1081611048751473	0.4967203951388808	0.42435848397489107	20647595.890559457	29287243.22460404
metabolite__O_Acetyl_L_serine_E1	metabolite	mean_baseline	val	44	-0.002238885269979063			3133097.555385791	3788786.0278482134
metabolite__O_Acetyl_L_serine_E1	metabolite	mean_baseline	test	38	-0.03340222870241272			2551383.8124723574	3351927.7786616366
metabolite__O_Acetyl_L_serine_E1	metabolite	population_ridge	val	44	0.01069839753339974	0.1453800733518182	0.17353915944492834	3057674.23398279	3764253.050963772
metabolite__O_Acetyl_L_serine_E1	metabolite	population_ridge	test	38	-0.02004824610493494	0.1550107198944306	0.11273464002179819	2453885.18103199	3330199.9692442594
metabolite__O_Acetyl_L_serine_E1	metabolite	genotype_pca_ridge	val	44	-0.06256954030121298	0.05357963950925065	-0.009515754071919303	3215186.333543368	3901154.37077152
metabolite__O_Acetyl_L_serine_E1	metabolite	genotype_pca_ridge	test	38	0.19393790681257161	0.49128940668032184	0.1684452533917936	2415680.0361948116	2960357.8002656368
metabolite__O_Acetyl_L_serine_E1	metabolite	genotype_pca_population_ridge	val	44	0.00916355187079676	0.11707963179104074	0.10284063104392788	3103778.1962804426	3767171.932478589
metabolite__O_Acetyl_L_serine_E1	metabolite	genotype_pca_population_ridge	test	38	0.06509682230809555	0.4295619770080225	0.10003831163099373	2458925.1163936364	3188183.2348713293
metabolite__LPC1_acyl_18_2_2_E1	metabolite	mean_baseline	val	44	-0.10666249815021689			1471038.9610389615	1865508.2074290528
metabolite__LPC1_acyl_18_2_2_E1	metabolite	mean_baseline	test	38	-0.004080135571248533			1937706.766917293	2557729.875495905
metabolite__LPC1_acyl_18_2_2_E1	metabolite	population_ridge	val	44	-0.10569518136637757	0.10022651088830603	0.2014307372852208	1467607.9283355547	1864692.723076538
metabolite__LPC1_acyl_18_2_2_E1	metabolite	population_ridge	test	38	-0.00044140681601434473	0.321883787817266	0.3632483396641691	1932050.545585806	2553091.1359503414
metabolite__LPC1_acyl_18_2_2_E1	metabolite	genotype_pca_ridge	val	44	-0.09299569088211856	0.06298441612065259	0.16055256106918578	1451664.7612474386	1853953.3089159313
metabolite__LPC1_acyl_18_2_2_E1	metabolite	genotype_pca_ridge	test	38	0.038993248359627475	0.3724385156612297	0.33523038999438076	1868199.6505927765	2502267.3436202332
metabolite__LPC1_acyl_18_2_2_E1	metabolite	genotype_pca_population_ridge	val	44	-0.08941683185384286	0.10946521943442578	0.21686577278748234	1438670.1975031346	1850915.5669215203
metabolite__LPC1_acyl_18_2_2_E1	metabolite	genotype_pca_population_ridge	test	38	0.050752462572459356	0.4274066945026232	0.43088542128889235	1853789.0609373192	2486910.9138439246
metabolite__Np_Npp_Coumaroyl_Feruloylspermidine_E1	metabolite	mean_baseline	val	44	-0.002038625248709458			2200811.115355233	2969931.731440769
metabolite__Np_Npp_Coumaroyl_Feruloylspermidine_E1	metabolite	mean_baseline	test	38	-0.008252165261748434			2211666.961521451	3239911.0502852337
metabolite__Np_Npp_Coumaroyl_Feruloylspermidine_E1	metabolite	population_ridge	val	44	0.05835440988838525	0.24568855661830344	0.17767284560299781	2126845.23434257	2879041.8223453662
metabolite__Np_Npp_Coumaroyl_Feruloylspermidine_E1	metabolite	population_ridge	test	38	-0.028098787258687308	0.0718790373993405	0.14313071094356822	2124122.1334348754	3271643.1600884884
metabolite__Np_Npp_Coumaroyl_Feruloylspermidine_E1	metabolite	genotype_pca_ridge	val	44	-0.03295632718405894	0.0763291334452969	0.10973289194917399	2253121.9492947664	3015401.9778015227
metabolite__Np_Npp_Coumaroyl_Feruloylspermidine_E1	metabolite	genotype_pca_ridge	test	38	-0.045231626011464465	0.061936239547550107	0.11883788385681582	2117525.051913224	3298790.8126849667
metabolite__Np_Npp_Coumaroyl_Feruloylspermidine_E1	metabolite	genotype_pca_population_ridge	val	44	-0.03264641186326522	0.11492105526491997	0.1291845799247501	2223714.797486558	3014949.5920846397
metabolite__Np_Npp_Coumaroyl_Feruloylspermidine_E1	metabolite	genotype_pca_population_ridge	test	38	-0.07714378555327328	0.03672729055414079	0.08743229208250076	2133770.3639804483	3348770.1937604207
metabolite__Choline_E1	metabolite	mean_baseline	val	44	-9.367775475777051e-06			5003972.498090145	6277433.785382765
metabolite__Choline_E1	metabolite	mean_baseline	test	38	-0.0025849448177035494			5127620.521892968	6748324.7464497425
metabolite__Choline_E1	metabolite	population_ridge	val	44	-0.1480994866750971	-0.1622930515237285	-0.14666290825063008	5243945.196470128	6726201.408961778
metabolite__Choline_E1	metabolite	population_ridge	test	38	-0.07990715496654999	-0.007524429603396968	0.03808690033236843	5456251.191248082	7003717.072536731
metabolite__Choline_E1	metabolite	genotype_pca_ridge	val	44	0.0063469187406924865	0.08097936542612791	-0.08978786406117382	5037232.712251923	6257451.58494209
metabolite__Choline_E1	metabolite	genotype_pca_ridge	test	38	0.04338053755510107	0.2941819471587357	0.34179709694823734	5000119.657179886	6591814.699591406
metabolite__Choline_E1	metabolite	genotype_pca_population_ridge	val	44	-0.005794972240591667	0.021489666761107105	0.01226302068025451	5034094.509515073	6295566.800198923
metabolite__Choline_E1	metabolite	genotype_pca_population_ridge	test	38	0.03132830371346118	0.20346331355114286	0.16186932641256585	5095670.778198671	6633209.124666908
metabolite__L_Serine_E1	metabolite	mean_baseline	val	44	-0.002177031670486773			214327.7310924369	295948.2221632324
metabolite__L_Serine_E1	metabolite	mean_baseline	test	38	-0.05727321152300968			186542.4590888987	233720.96917118554
metabolite__L_Serine_E1	metabolite	population_ridge	val	44	7.899924128806912e-05	0.04871376104977587	0.04108671907832879	213910.79973526063	295614.92550406884
metabolite__L_Serine_E1	metabolite	population_ridge	test	38	-0.04316957683410805	0.1504784546031389	0.1542922801455896	185418.30973425455	232156.85973516386
metabolite__L_Serine_E1	metabolite	genotype_pca_ridge	val	44	0.030387430361979106	0.3180443585386538	0.23129779076342213	211404.17549681838	291100.28541028156
metabolite__L_Serine_E1	metabolite	genotype_pca_ridge	test	38	0.02193108373146302	0.46899792017345704	0.4467910495279732	179195.14934956023	224796.11055598888
metabolite__L_Serine_E1	metabolite	genotype_pca_population_ridge	val	44	0.03252442478515705	0.30824673419660387	0.18992917309793497	210434.17993846853	290779.32070486137
metabolite__L_Serine_E1	metabolite	genotype_pca_population_ridge	test	38	0.03004258449636299	0.4459214438126192	0.39831482250350786	178473.72735820347	223862.00961476198
metabolite__L_Valine_E1	metabolite	mean_baseline	val	44	-0.0020893230894205583			4398290.679908327	6235274.76161132
metabolite__L_Valine_E1	metabolite	mean_baseline	test	38	-0.012323439921500423			3950378.1512605045	4963553.145025845
metabolite__L_Valine_E1	metabolite	population_ridge	val	44	0.05166068178464367	0.22981052071503985	0.22668640811327764	4280483.425098312	6065746.505270661
metabolite__L_Valine_E1	metabolite	population_ridge	test	38	0.0806653394315936	0.3054764426890035	0.2711494097508327	3840672.4883987196	4730094.821450655
metabolite__L_Valine_E1	metabolite	genotype_pca_ridge	val	44	-0.013057972563347064	0.07624284271681621	0.21702967990695954	4255304.36173467	6269306.861613085
metabolite__L_Valine_E1	metabolite	genotype_pca_ridge	test	38	0.08622933758222928	0.30096691803355874	0.12747088568254009	3849011.5188138704	4715759.355952172
metabolite__L_Valine_E1	metabolite	genotype_pca_population_ridge	val	44	0.0187527813268501	0.16865225050566934	0.3174737506661078	4172586.040790304	6170091.40267329
metabolite__L_Valine_E1	metabolite	genotype_pca_population_ridge	test	38	0.12027940443550844	0.35206356853089993	0.2062093451376486	3711694.6862003333	4627062.967032359
metabolite__L_Threonine_E1	metabolite	mean_baseline	val	44	-0.01788186542525927			322853.32314744085	405414.07344676665
metabolite__L_Threonine_E1	metabolite	mean_baseline	test	38	-0.2526402888067385			306611.67624944716	343296.51373665116
metabolite__L_Threonine_E1	metabolite	population_ridge	val	44	0.054348212882272096	0.27567173208955253	0.285492794144614	303947.74681524024	390765.0881441423
metabolite__L_Threonine_E1	metabolite	population_ridge	test	38	-0.1296046948994951	0.3011938315976971	0.17541171991019866	284415.960216869	326001.38828219613
metabolite__L_Threonine_E1	metabolite	genotype_pca_ridge	val	44	0.024659585617352597	0.2519421512395872	0.27351210419038435	315784.20253374125	396851.6973468507
metabolite__L_Threonine_E1	metabolite	genotype_pca_ridge	test	38	0.22081274279881746	0.6643737581764417	0.5642063804472764	239929.291983383	270755.3992883197
metabolite__L_Threonine_E1	metabolite	genotype_pca_population_ridge	val	44	0.05453738242281403	0.3019100406997889	0.354135100117671	311553.9049256825	390726.001584814
metabolite__L_Threonine_E1	metabolite	genotype_pca_population_ridge	test	38	0.26282182003250476	0.6913502480326984	0.5946271278802367	232927.68764611863	263355.5293254239
metabolite__Nicotinic_Acid_E1	metabolite	mean_baseline	val	44	-0.016166344650081932			86826.39419404126	107847.00462916335
metabolite__Nicotinic_Acid_E1	metabolite	mean_baseline	test	38	-0.019290012908480092			115846.28482972136	139409.33927764583
metabolite__Nicotinic_Acid_E1	metabolite	population_ridge	val	44	0.001751298059777473	0.19437993836847173	0.311612339639618	81531.35159506403	106891.9650394219
metabolite__Nicotinic_Acid_E1	metabolite	population_ridge	test	38	0.009729618126985584	0.17225917626104909	0.24830378787331267	110753.41771082541	137410.48716671433
metabolite__Nicotinic_Acid_E1	metabolite	genotype_pca_ridge	val	44	0.056904118983583274	0.2780119470719334	0.3388898731027557	81315.70234546968	103897.14361889352
metabolite__Nicotinic_Acid_E1	metabolite	genotype_pca_ridge	test	38	0.051978188937980674	0.23245762713655507	0.25902823530019	105436.02597716605	134447.319802546
metabolite__Nicotinic_Acid_E1	metabolite	genotype_pca_population_ridge	val	44	0.04295702582036853	0.2739273927413532	0.3826607988924419	79405.29761686112	104662.57214474204
metabolite__Nicotinic_Acid_E1	metabolite	genotype_pca_population_ridge	test	38	0.03444512291152779	0.2211024261409508	0.19993434131535576	103973.24882472564	135684.8832585482
metabolite__Pyroglutamic_acid_E1	metabolite	mean_baseline	val	44	-0.08044188209743597			50222.45989304814	63338.70546342853
metabolite__Pyroglutamic_acid_E1	metabolite	mean_baseline	test	38	-0.0275947657459521			95661.76470588236	120153.13521473516
metabolite__Pyroglutamic_acid_E1	metabolite	population_ridge	val	44	-0.01901275075900455	0.4147367690684768	0.45027838578244866	48819.930361811006	61511.77887001004
metabolite__Pyroglutamic_acid_E1	metabolite	population_ridge	test	38	-0.00043802197163755885	0.38663724629334734	0.41656636393478497	93959.89644738189	118554.83222617224
metabolite__Pyroglutamic_acid_E1	metabolite	genotype_pca_ridge	val	44	-0.2738183550888609	0.05990411756547377	0.061667489053003996	54207.985474000314	68773.6744914525
metabolite__Pyroglutamic_acid_E1	metabolite	genotype_pca_ridge	test	38	0.2378962814134904	0.5609334650444179	0.5043221359010833	82876.35376569304	103473.99243047289
metabolite__Pyroglutamic_acid_E1	metabolite	genotype_pca_population_ridge	val	44	-0.049625256324331346	0.263431048187362	0.26027204236885004	49261.918223994784	62428.89006803117
metabolite__Pyroglutamic_acid_E1	metabolite	genotype_pca_population_ridge	test	38	0.08334850398348048	0.5913646073516078	0.5227048911259438	90616.66523492205	113481.819816621
metabolite__L_Pipecolate_E1	metabolite	mean_baseline	val	44	-0.0024898494971472562			4096042.7807486625	5490004.364562243
metabolite__L_Pipecolate_E1	metabolite	mean_baseline	test	38	-0.12172965526868329			3706733.7461300306	4363765.8696205225
metabolite__L_Pipecolate_E1	metabolite	population_ridge	val	44	-0.0037729066980098924	0.011152210433452374	0.04679516546828528	4052255.3177225473	5493516.488514798
metabolite__L_Pipecolate_E1	metabolite	population_ridge	test	38	-0.09836329052660053	0.20414847156730404	0.21033048933120624	3638045.7427603146	4318076.630079054
metabolite__L_Pipecolate_E1	metabolite	genotype_pca_ridge	val	44	0.06695350079992157	0.3070718737874158	0.3583635789250462	3923842.169092175	5296443.473338331
metabolite__L_Pipecolate_E1	metabolite	genotype_pca_ridge	test	38	-0.01427627219896177	0.4506668105999221	0.3958196565613803	3511916.695392096	4149497.1760062156
metabolite__L_Pipecolate_E1	metabolite	genotype_pca_population_ridge	val	44	0.06947253278186638	0.3066402887946704	0.37372705192517597	3868723.496027108	5289288.99187065
metabolite__L_Pipecolate_E1	metabolite	genotype_pca_population_ridge	test	38	0.013538581537576366	0.4754406087191733	0.3840008777644134	3437741.2186399396	4092205.1026439983
metabolite__L_Aspartic_acid_E1	metabolite	mean_baseline	val	44	-0.020883848113586456			1522788.388082506	2892596.3346091327
metabolite__L_Aspartic_acid_E1	metabolite	mean_baseline	test	38	-4.3842328378618234e-05			1001514.8164528969	1326270.298407273
metabolite__L_Aspartic_acid_E1	metabolite	population_ridge	val	44	0.15640408387923865	0.5704447405365682	0.5242273701635662	1390889.0422781652	2629462.0035371906
metabolite__L_Aspartic_acid_E1	metabolite	population_ridge	test	38	0.03896969124273342	0.2598223311051735	0.35793620450795993	968274.6969503874	1300142.8322441832
metabolite__L_Aspartic_acid_E1	metabolite	genotype_pca_ridge	val	44	0.370015524126301	0.8182637120099843	0.2829051712606285	1340484.6593030503	2272294.352187403
metabolite__L_Aspartic_acid_E1	metabolite	genotype_pca_ridge	test	38	0.20085900985113225	0.4769651957292594	0.3689883465609419	909779.197088792	1185589.1807824823
metabolite__L_Aspartic_acid_E1	metabolite	genotype_pca_population_ridge	val	44	0.4013297168936316	0.8333431820154827	0.40525778145207125	1282384.4633355	2215100.9112406615
metabolite__L_Aspartic_acid_E1	metabolite	genotype_pca_population_ridge	test	38	0.25650741206949357	0.5499336714419243	0.4594845988165466	864189.0543862287	1143564.97509657
metabolite__Phenylpyruvic_acid_E1	metabolite	mean_baseline	val	44	-0.1831821555277946			54132.906799083255	68136.56454605045
metabolite__Phenylpyruvic_acid_E1	metabolite	mean_baseline	test	38	-0.005882136589975051			69296.26271561254	100657.70432869527
metabolite__Phenylpyruvic_acid_E1	metabolite	population_ridge	val	44	-0.4761771999389539	0.16226496588634964	-0.006343165274901986	62937.79187450139	76106.83710801072
metabolite__Phenylpyruvic_acid_E1	metabolite	population_ridge	test	38	0.050073561303143665	0.29717866551896904	0.3005033942265829	69121.2485876126	97817.92843237154
metabolite__Phenylpyruvic_acid_E1	metabolite	genotype_pca_ridge	val	44	-0.13984729222602654	0.27919275788044395	0.13990203411867155	54071.94571260621	66877.15089542906
metabolite__Phenylpyruvic_acid_E1	metabolite	genotype_pca_ridge	test	38	0.06704063226434853	0.4515926824826027	0.5248413250949351	66695.95881467318	96940.40692518477
metabolite__Phenylpyruvic_acid_E1	metabolite	genotype_pca_population_ridge	val	44	-0.1293187713089754	0.32497542254885264	0.22370229536154335	53098.332627175936	66567.56952225443
metabolite__Phenylpyruvic_acid_E1	metabolite	genotype_pca_population_ridge	test	38	0.17433606575610172	0.4211339574700579	0.479098273825193	62711.54865854613	91195.86160868019
metabolite__2_6_diformyl_4_methylphenol_E1	metabolite	mean_baseline	val	44	-0.11271932480548474			217080.59587471353	261944.97600094965
metabolite__2_6_diformyl_4_methylphenol_E1	metabolite	mean_baseline	test	38	-0.06131007888442408			347736.84210526315	454428.36689438595
metabolite__2_6_diformyl_4_methylphenol_E1	metabolite	population_ridge	val	44	-0.11003608468634973	0.07592399381724566	0.025229034531360113	217207.50774973215	261628.95493029463
metabolite__2_6_diformyl_4_methylphenol_E1	metabolite	population_ridge	test	38	-0.0602141114960284	0.09115737048910756	0.1383159163858335	346750.5900490828	454193.67237749725
metabolite__2_6_diformyl_4_methylphenol_E1	metabolite	genotype_pca_ridge	val	44	-0.09840799915793519	0.2739715935197907	0.07935165609584215	205323.5526033516	260255.01173089785
metabolite__2_6_diformyl_4_methylphenol_E1	metabolite	genotype_pca_ridge	test	38	-0.09792437055200232	0.03294640020817068	-0.007331618985641492	355003.7625787077	462200.5968129539
metabolite__2_6_diformyl_4_methylphenol_E1	metabolite	genotype_pca_population_ridge	val	44	-0.13029322661258202	0.2640621390619771	0.07484143763213531	209985.23640598886	264005.40634096024
metabolite__2_6_diformyl_4_methylphenol_E1	metabolite	genotype_pca_population_ridge	test	38	-0.1028219631425702	0.04380802282256446	0.03436012479837953	351085.8327006832	463230.3359568308
metabolite__4_Coumaric_acid_E1	metabolite	mean_baseline	val	44	-0.15053060838500865			155479.27807486628	206981.1827936782
metabolite__4_Coumaric_acid_E1	metabolite	mean_baseline	test	38	-0.04780473322998735			213703.560371517	294458.6911063673
metabolite__4_Coumaric_acid_E1	metabolite	population_ridge	val	44	-0.11492089092823377	0.2064500404033336	0.14343106993365132	162367.63136047486	203752.9017531432
metabolite__4_Coumaric_acid_E1	metabolite	population_ridge	test	38	-0.08207444222673455	0.08027222283533422	0.12857690012132464	211495.98401112223	299235.26158258284
metabolite__4_Coumaric_acid_E1	metabolite	genotype_pca_ridge	val	44	-0.21586478645065643	0.06682397813590979	-0.12968706077538988	168508.82882821295	212776.87011246744
metabolite__4_Coumaric_acid_E1	metabolite	genotype_pca_ridge	test	38	-0.11586864972006339	0.10064225098555951	0.20528533159796178	209691.57553485731	303872.03720549465
metabolite__4_Coumaric_acid_E1	metabolite	genotype_pca_population_ridge	val	44	-0.11200363184795292	0.18762339911523337	0.0577953205629455	157212.18259241077	203486.16115379936
metabolite__4_Coumaric_acid_E1	metabolite	genotype_pca_population_ridge	test	38	-0.03999694972345713	0.17312340569452042	0.2748809983870362	206008.17173993183	293359.5508817481
metabolite__L_Arginine_E1	metabolite	mean_baseline	val	44	-0.005082969793385184			3867545.8365164236	4798536.20910731
metabolite__L_Arginine_E1	metabolite	mean_baseline	test	38	-0.009516726864889469			3936614.3299425035	4686989.750755766
metabolite__L_Arginine_E1	metabolite	population_ridge	val	44	0.007319516157534345	0.3196387167922551	0.3953062241123421	3637833.0128623093	4768837.906690043
metabolite__L_Arginine_E1	metabolite	population_ridge	test	38	-0.026801505970949213	0.3219489557612397	0.31733873221433323	3518890.6517807357	4726944.385674526
metabolite__L_Arginine_E1	metabolite	genotype_pca_ridge	val	44	-0.21367517103783618	0.11347608774011292	0.2669673697517476	4207182.145398432	5273015.559071169
metabolite__L_Arginine_E1	metabolite	genotype_pca_ridge	test	38	0.17252026369315387	0.5015886445727835	0.47994747568691914	3482424.720156333	4243419.11027812
metabolite__L_Arginine_E1	metabolite	genotype_pca_population_ridge	val	44	-0.24592849481904389	0.19860483317524497	0.3924871388984906	4049735.6665783296	5342621.140790313
metabolite__L_Arginine_E1	metabolite	genotype_pca_population_ridge	test	38	0.18602233434561966	0.5139110701032815	0.5324725072258432	3376709.3049377976	4208656.5714104995
metabolite__5_Hydroxyindoleacetic_acid_E1	metabolite	mean_baseline	val	44	-0.019513673235766582			3983720.397249809	4910976.876425559
metabolite__5_Hydroxyindoleacetic_acid_E1	metabolite	mean_baseline	test	38	-0.04143821706951645			2662531.18089341	3134083.4317196626
metabolite__5_Hydroxyindoleacetic_acid_E1	metabolite	population_ridge	val	44	0.006994874234001802	0.19328226667972312	0.24848484848484848	3810820.1025033146	4846710.8065837035
metabolite__5_Hydroxyindoleacetic_acid_E1	metabolite	population_ridge	test	38	-0.04151248586038481	0.29755823821327354	0.252653463179779	2756078.740060662	3134195.181237523
metabolite__5_Hydroxyindoleacetic_acid_E1	metabolite	genotype_pca_ridge	val	44	0.14907883626964147	0.4135368433874731	0.5334742776603242	3559675.0616740654	4486586.286570594
metabolite__5_Hydroxyindoleacetic_acid_E1	metabolite	genotype_pca_ridge	test	38	0.2674064871046681	0.5961297351944421	0.5485282853703906	2297060.6066260864	2628605.0174110765
metabolite__5_Hydroxyindoleacetic_acid_E1	metabolite	genotype_pca_population_ridge	val	44	0.18417128987543396	0.44813791659933766	0.5279774489076815	3446449.8323718007	4393097.622957625
metabolite__5_Hydroxyindoleacetic_acid_E1	metabolite	genotype_pca_population_ridge	test	38	0.2884331445344499	0.600658397454373	0.5769777875041032	2267431.1251075324	2590607.708707472
metabolite__3_2_Hydroxyethyl_4_methyl_1_2_3_4_pentanetetrol_E1	metabolite	mean_baseline	val	44	-0.0592639948842939			200984.9188311688	451798.0757349348
metabolite__3_2_Hydroxyethyl_4_methyl_1_2_3_4_pentanetetrol_E1	metabolite	mean_baseline	test	38	-0.08117112628829148			81991.25939849627	114942.88263464003
metabolite__3_2_Hydroxyethyl_4_methyl_1_2_3_4_pentanetetrol_E1	metabolite	population_ridge	val	44	-0.058880671641208915	0.061697624994780535	0.1718171888730113	200817.3252666753	451716.3206789851
metabolite__3_2_Hydroxyethyl_4_methyl_1_2_3_4_pentanetetrol_E1	metabolite	population_ridge	test	38	-0.07623503031911727	0.16834153634310986	0.2303315461210198	81820.3423852431	114680.1961133015
metabolite__3_2_Hydroxyethyl_4_methyl_1_2_3_4_pentanetetrol_E1	metabolite	genotype_pca_ridge	val	44	-0.049008825254514	0.14819174406533606	0.11360513062481309	198378.8865465921	449605.7352608347
metabolite__3_2_Hydroxyethyl_4_methyl_1_2_3_4_pentanetetrol_E1	metabolite	genotype_pca_ridge	test	38	-0.06935861413301425	0.07360448443622651	-0.054601159864317766	81106.43646905904	114313.244465939
metabolite__3_2_Hydroxyethyl_4_methyl_1_2_3_4_pentanetetrol_E1	metabolite	genotype_pca_population_ridge	val	44	-0.0469440206364351	0.16160859594432925	0.17703231273544073	197508.3769673981	449163.0291309716
metabolite__3_2_Hydroxyethyl_4_methyl_1_2_3_4_pentanetetrol_E1	metabolite	genotype_pca_population_ridge	test	38	-0.05885040287583032	0.1174879221241374	-0.025495130758288652	80514.47191819483	113750.19980251876
metabolite__D_Pantothenic_acid_E1	metabolite	mean_baseline	val	44	-0.02636419334930462			328118.9839572193	388663.5059032594
metabolite__D_Pantothenic_acid_E1	metabolite	mean_baseline	test	38	-0.014445485060941232			306137.15170278633	377656.32909640786
metabolite__D_Pantothenic_acid_E1	metabolite	population_ridge	val	44	0.20323863084043559	0.5595567896086636	0.4890220340239017	284657.8962676487	342442.10046695726
metabolite__D_Pantothenic_acid_E1	metabolite	population_ridge	test	38	0.014955221513898942	0.19188306362671137	0.0867042636275714	301420.2630340229	372143.46518215636
metabolite__D_Pantothenic_acid_E1	metabolite	genotype_pca_ridge	val	44	0.0882894956282505	0.36382133808556044	0.37652864020693033	299215.0363109976	366312.29606264364
metabolite__D_Pantothenic_acid_E1	metabolite	genotype_pca_ridge	test	38	-0.01516281949564302	0.16781444832713513	0.18840661326142727	295426.11678833957	377789.829624298
metabolite__D_Pantothenic_acid_E1	metabolite	genotype_pca_population_ridge	val	44	0.15242409152873027	0.4447402161713902	0.4462378923905047	285253.3711938247	353193.1886120996
metabolite__D_Pantothenic_acid_E1	metabolite	genotype_pca_population_ridge	test	38	-0.031699510379241014	0.1774202356639254	0.19464669284068428	299993.6273849585	380854.43986023695
metabolite__Pro_Leu_E1	metabolite	mean_baseline	val	44	-0.007218445142533447			337119.3659281894	400240.38810014905
metabolite__Pro_Leu_E1	metabolite	mean_baseline	test	38	-0.04568731814020466			299390.3140203451	379885.6257794702
metabolite__Pro_Leu_E1	metabolite	population_ridge	val	44	0.18872731484229388	0.45304455430113	0.4975510063344791	303120.74726406246	359205.10711181595
metabolite__Pro_Leu_E1	metabolite	population_ridge	test	38	-0.08139828290909645	0.1449351177898039	0.16502517060949998	306550.51839677565	386317.8525150404
metabolite__Pro_Leu_E1	metabolite	genotype_pca_ridge	val	44	0.1282489164350542	0.3819996498151869	0.3833116038885597	309497.17092194274	372353.3999555056
metabolite__Pro_Leu_E1	metabolite	genotype_pca_ridge	test	38	0.18232559665826764	0.4566338775230896	0.35872182311534545	260327.8125304586	335924.85761178227
metabolite__Pro_Leu_E1	metabolite	genotype_pca_population_ridge	val	44	0.16139184162347942	0.4331575572570395	0.48232848262792843	311719.7438118738	365206.5998922761
metabolite__Pro_Leu_E1	metabolite	genotype_pca_population_ridge	test	38	0.11215100059235361	0.3966186876168395	0.32020135888819423	268829.2076312374	350043.0789357531
metabolite__N_3_Indolylacetyl_L_alanine_E1	metabolite	mean_baseline	val	44	-0.022631058949088123			62126.28915202445	98672.58199153443
metabolite__N_3_Indolylacetyl_L_alanine_E1	metabolite	mean_baseline	test	38	-0.058901735620829454			87350.45333923043	137210.74281001097
metabolite__N_3_Indolylacetyl_L_alanine_E1	metabolite	population_ridge	val	44	-0.002083489686754314	0.15595670245282056	0.17337985084732094	61341.27331424165	97676.24524546384
metabolite__N_3_Indolylacetyl_L_alanine_E1	metabolite	population_ridge	test	38	-0.06527194489186439	0.014330206907880928	0.03162271583324215	87116.57696780871	137622.84456484643
metabolite__N_3_Indolylacetyl_L_alanine_E1	metabolite	genotype_pca_ridge	val	44	-0.02593608735329278	-0.15348788542192018	-0.14173450408697658	62281.16585450857	98831.90270450583
metabolite__N_3_Indolylacetyl_L_alanine_E1	metabolite	genotype_pca_ridge	test	38	-0.05535785116033387	0.18708547433878184	0.1686180107232739	87199.81828359106	136980.9450239894
metabolite__N_3_Indolylacetyl_L_alanine_E1	metabolite	genotype_pca_population_ridge	val	44	-0.02231004566805761	0.021360107902194572	0.04792613763259278	62120.24564360512	98657.09366111916
metabolite__N_3_Indolylacetyl_L_alanine_E1	metabolite	genotype_pca_population_ridge	test	38	-0.0544161424502434	0.18167462520186345	0.1740890688259109	87126.97425024133	136919.81649874098
metabolite__N_Feruloylputrescine_E1	metabolite	mean_baseline	val	44	-0.0025474732245158727			19964243.697478995	24609488.392207183
metabolite__N_Feruloylputrescine_E1	metabolite	mean_baseline	test	38	-0.13207627726505033			17420686.421937194	20067630.77721072
metabolite__N_Feruloylputrescine_E1	metabolite	population_ridge	val	44	0.10073308741916787	0.4369538733093943	0.4192275203760974	18640708.388656605	23307431.63569988
metabolite__N_Feruloylputrescine_E1	metabolite	population_ridge	test	38	0.01791282494517421	0.39715892006015047	0.40256045519203415	16412670.38797494	18691031.81879586
metabolite__N_Feruloylputrescine_E1	metabolite	genotype_pca_ridge	val	44	0.10352616768472933	0.3419772770012529	0.35565266775685733	18333611.542514	23271207.59915728
metabolite__N_Feruloylputrescine_E1	metabolite	genotype_pca_ridge	test	38	0.03345209424771578	0.348469518747851	0.3990589780063465	16018353.749758162	18542570.93339861
metabolite__N_Feruloylputrescine_E1	metabolite	genotype_pca_population_ridge	val	44	0.13613930125728635	0.39822041912642014	0.4155624512672277	17940175.224048592	22843990.452828806
metabolite__N_Feruloylputrescine_E1	metabolite	genotype_pca_population_ridge	test	38	0.06632811536959726	0.3819072443021517	0.4314476419739578	15673014.32917716	18224490.581622317
metabolite__12_Hydroxy_6_epi_albrassitriol_E1	metabolite	mean_baseline	val	44	-8.051709146306152e-05			158125.24828113065	218354.3773099398
metabolite__12_Hydroxy_6_epi_albrassitriol_E1	metabolite	mean_baseline	test	38	-0.05928314206792762			141651.26050420175	189423.36271715618
metabolite__12_Hydroxy_6_epi_albrassitriol_E1	metabolite	population_ridge	val	44	-0.0016042832751812508	-0.1319293676442837	0.018463706835799856	157995.52610090288	218520.6611090605
metabolite__12_Hydroxy_6_epi_albrassitriol_E1	metabolite	population_ridge	test	38	-0.05836874632427258	0.08706651315504005	-0.08622859344306709	141673.46210064783	189341.58792764583
metabolite__12_Hydroxy_6_epi_albrassitriol_E1	metabolite	genotype_pca_ridge	val	44	-0.0037602844412505387	-0.12376681800781977	-0.02621564482029598	158274.11943902544	218755.72277344653
metabolite__12_Hydroxy_6_epi_albrassitriol_E1	metabolite	genotype_pca_ridge	test	38	-0.06366725122408456	-0.12362454790804013	-0.13492367476561132	141908.54172744812	189814.9460343274
metabolite__12_Hydroxy_6_epi_albrassitriol_E1	metabolite	genotype_pca_population_ridge	val	44	-0.005226737872733311	-0.15752273625044466	-0.07329105003523607	158149.62701229376	218915.4611111845
metabolite__12_Hydroxy_6_epi_albrassitriol_E1	metabolite	genotype_pca_population_ridge	test	38	-0.0628447653231099	-0.0729997722702266	-0.1517754557176828	141929.77988686203	189741.54417459978
metabolite__Naringenin_derivative_E1	metabolite	mean_baseline	val	44	-0.03532929596753176			117530.84415584417	385022.00768757955
metabolite__Naringenin_derivative_E1	metabolite	mean_baseline	test	38	-0.4929359510092899			31110.924812030065	36231.85247240568
metabolite__Naringenin_derivative_E1	metabolite	population_ridge	val	44	-0.01976900160093842	0.13681204550248605	0.28208751725437015	109679.1082922522	382117.7447943317
metabolite__Naringenin_derivative_E1	metabolite	population_ridge	test	38	-0.8768245701124697	0.39017199427207927	0.3226407315018774	27591.52846062941	40623.916543786756
metabolite__Naringenin_derivative_E1	metabolite	genotype_pca_ridge	val	44	-0.03975013979116904	-0.05731949378138392	0.20056422476785718	114620.2041992106	385843.15175734035
metabolite__Naringenin_derivative_E1	metabolite	genotype_pca_ridge	test	38	-0.15916868124088301	0.4911696718034789	0.16400265211734386	27090.316073906502	31925.90893590615
metabolite__Naringenin_derivative_E1	metabolite	genotype_pca_population_ridge	val	44	-0.036889857767773204	0.01389788813572906	0.3332864016360383	112098.50447704311	385312.07211118034
metabolite__Naringenin_derivative_E1	metabolite	genotype_pca_population_ridge	test	38	-0.08232439643255529	0.5099639122518095	0.2822422143915303	25971.887993671575	30849.53875783466
metabolite__L_saccharopine_E1	metabolite	mean_baseline	val	44	-0.00017369076597750777			309801.33040488925	520913.4602286257
metabolite__L_saccharopine_E1	metabolite	mean_baseline	test	38	-0.014497751128379255			427943.3034055727	740819.4397202395
metabolite__L_saccharopine_E1	metabolite	population_ridge	val	44	0.0865199441429294	0.30946992129652573	0.3402635853118895	294246.6651540751	497825.8011138835
metabolite__L_saccharopine_E1	metabolite	population_ridge	test	38	0.08668932997366563	0.4218204139970295	0.37761243024400915	401779.45132710953	702904.1241687633
metabolite__L_saccharopine_E1	metabolite	genotype_pca_ridge	val	44	0.02365642224715281	0.2196357711861762	0.34336457904712625	304761.5774579035	514670.4139299633
metabolite__L_saccharopine_E1	metabolite	genotype_pca_ridge	test	38	0.052118397272758576	0.5315338848900307	0.434292592187329	409543.3210917433	716083.839695375
metabolite__L_saccharopine_E1	metabolite	genotype_pca_population_ridge	val	44	0.0528490013923264	0.35145476508673545	0.43315244310830003	296992.96639691986	506917.7250258867
metabolite__L_saccharopine_E1	metabolite	genotype_pca_population_ridge	test	38	0.06961521762448464	0.5411687918703045	0.44107670423459894	399264.33161115675	709444.0078860195
metabolite__Linolenic_acid_E1	metabolite	mean_baseline	val	44	-0.03748540779663778			23324.46524064171	29409.685608333188
metabolite__Linolenic_acid_E1	metabolite	mean_baseline	test	38	-0.014158388258240562			28228.637770897833	35343.301759155926
metabolite__Linolenic_acid_E1	metabolite	population_ridge	val	44	-0.034674353200986774	0.12858620419825503	0.16710716518658453	23321.68553933012	29369.815983603938
metabolite__Linolenic_acid_E1	metabolite	population_ridge	test	38	-0.017760412490655852	-0.22868626619385246	-0.1548394158907867	28282.031502011938	35406.01118922392
metabolite__Linolenic_acid_E1	metabolite	genotype_pca_ridge	val	44	-0.05907252972956689	-0.1395676950848143	-0.1230574063330985	23557.415127071497	29714.076358852053
metabolite__Linolenic_acid_E1	metabolite	genotype_pca_ridge	test	38	-0.004819281124441188	0.14835621850128783	0.13809706208775466	28023.854132157714	35180.19198417924
metabolite__Linolenic_acid_E1	metabolite	genotype_pca_population_ridge	val	44	-0.03839423578586221	-0.02248132379826384	-0.04510695306596967	23369.24681699042	29422.564100092444
metabolite__Linolenic_acid_E1	metabolite	genotype_pca_population_ridge	test	38	-0.015145282929204917	-0.01387423323942097	0.055041855966830894	28236.542848861704	35360.49415981183
metabolite__Linoleic_acid_E1	metabolite	mean_baseline	val	44	-0.05196188888269715			159953.78151260506	209613.6475153333
metabolite__Linoleic_acid_E1	metabolite	mean_baseline	test	38	-0.000203952894371362			163051.96815568334	209793.4474597426
metabolite__Linoleic_acid_E1	metabolite	population_ridge	val	44	-0.0033405584178070047	0.2329430489675151	0.11410649533407015	161061.71540822083	204712.2050372878
metabolite__Linoleic_acid_E1	metabolite	population_ridge	test	38	-0.03345789773339014	0.03293942304341545	0.10176724860666549	166850.05257642939	213252.45060018817
metabolite__Linoleic_acid_E1	metabolite	genotype_pca_ridge	val	44	-0.07747019698598545	0.17597775332095042	0.03270254097282801	174048.44747033785	212139.81477265613
metabolite__Linoleic_acid_E1	metabolite	genotype_pca_ridge	test	38	0.03441024916186419	0.2079989843924419	0.16118619053507338	161077.6922907231	206131.3084394521
metabolite__Linoleic_acid_E1	metabolite	genotype_pca_population_ridge	val	44	-0.06257105329398005	0.2312645663344313	0.059273355513250775	173291.69457390043	210667.98554812197
metabolite__Linoleic_acid_E1	metabolite	genotype_pca_population_ridge	test	38	0.0029148786176728114	0.1761516596782775	0.215899765054786	161891.83813944162	209466.10358311824
metabolite__Norcinnamolaurine_E1	metabolite	mean_baseline	val	44	-0.00018374565324186243			5618056.760886173	7026635.114172326
metabolite__Norcinnamolaurine_E1	metabolite	mean_baseline	test	38	-0.03782840425821954			5492922.069880584	6396876.177315796
metabolite__Norcinnamolaurine_E1	metabolite	population_ridge	val	44	0.028897365543411158	0.23859590276901427	0.24270613107822409	5218077.539545187	6923729.1705260305
metabolite__Norcinnamolaurine_E1	metabolite	population_ridge	test	38	0.06829145368495104	0.3236040236116161	0.3673670409390527	4965562.077308214	6061012.88835816
metabolite__Norcinnamolaurine_E1	metabolite	genotype_pca_ridge	val	44	0.02911230950329824	0.1975736635789987	0.26638477801268495	5665689.763171681	6922962.878647215
metabolite__Norcinnamolaurine_E1	metabolite	genotype_pca_ridge	test	38	0.07568620436369922	0.28671287119043476	0.3249069837795792	4862749.93083923	6036912.559547466
metabolite__Norcinnamolaurine_E1	metabolite	genotype_pca_population_ridge	val	44	0.04021766119754788	0.2600395098599265	0.3547568710359408	5357774.123430584	6883255.374210252
metabolite__Norcinnamolaurine_E1	metabolite	genotype_pca_population_ridge	test	38	0.10938467103086857	0.35339602055249286	0.3775443226808852	4694344.2766788695	5925844.497805092
metabolite__N_coumaroyl_O_hexoside_spermidine_E1	metabolite	mean_baseline	val	44	-0.00670726056605675			15103.729946524063	18236.12376347124
metabolite__N_coumaroyl_O_hexoside_spermidine_E1	metabolite	mean_baseline	test	38	-0.13965487419803524			22080.78947368421	32167.942756289496
metabolite__N_coumaroyl_O_hexoside_spermidine_E1	metabolite	population_ridge	val	44	-0.005051104726356392	0.08459160315642701	0.11134601832276252	15075.58985807681	18221.117268678812
metabolite__N_coumaroyl_O_hexoside_spermidine_E1	metabolite	population_ridge	test	38	-0.13347558109238467	0.37346203818701607	0.103086015062433	22043.14231890515	32080.615738369408
metabolite__N_coumaroyl_O_hexoside_spermidine_E1	metabolite	genotype_pca_ridge	val	44	-0.004437312576192953	0.07738804540846836	0.03988724453840732	15098.035509848793	18215.552533338305
metabolite__N_coumaroyl_O_hexoside_spermidine_E1	metabolite	genotype_pca_ridge	test	38	-0.12890996451811887	0.4723877677708276	0.3342088004253402	21965.132820697036	32015.940511354496
metabolite__N_coumaroyl_O_hexoside_spermidine_E1	metabolite	genotype_pca_population_ridge	val	44	-0.0030040086105640462	0.09400467061421948	0.0773784355179704	15070.71787438889	18202.551351480477
metabolite__N_coumaroyl_O_hexoside_spermidine_E1	metabolite	genotype_pca_population_ridge	test	38	-0.12306697333238037	0.5249960746688095	0.24896038669536635	21929.2129822011	31932.979270233656
metabolite__5_Methylthioadenosine_E1	metabolite	mean_baseline	val	44	-0.0006841325942934517			2921211.229946524	3834860.869898061
metabolite__5_Methylthioadenosine_E1	metabolite	mean_baseline	test	38	-0.11735341556842083			2553181.1145510837	3069954.788981798
metabolite__5_Methylthioadenosine_E1	metabolite	population_ridge	val	44	0.03204094534221236	0.18124119916415418	0.27456922389222815	2799192.676865469	3771634.493028241
metabolite__5_Methylthioadenosine_E1	metabolite	population_ridge	test	38	-0.03187775101695345	0.23747297090307545	0.3625519829106588	2397712.40520199	2950195.6850353475
metabolite__5_Methylthioadenosine_E1	metabolite	genotype_pca_ridge	val	44	0.13732199871766948	0.4196560955745787	0.34920187484239995	2657075.108147811	3560618.6905641486
metabolite__5_Methylthioadenosine_E1	metabolite	genotype_pca_ridge	test	38	-0.041218170087011785	0.11221374717267488	0.013569708989110078	2342227.6721891225	2963517.9929366205
metabolite__5_Methylthioadenosine_E1	metabolite	genotype_pca_population_ridge	val	44	0.14747208389161737	0.424316250734209	0.41410902453560894	2645638.901708654	3539609.9720477513
metabolite__5_Methylthioadenosine_E1	metabolite	genotype_pca_population_ridge	test	38	-0.02608186813400848	0.1592291527243354	0.14696870300302287	2310225.6539813876	2941898.642649882
metabolite__N_Coumaroyltryptamine_E1	metabolite	mean_baseline	val	44	-0.029594023342545128			8169298.409090909	10391340.667791074
metabolite__N_Coumaroyltryptamine_E1	metabolite	mean_baseline	test	38	-0.0013966705741010887			9361147.894736841	11831631.853110576
metabolite__N_Coumaroyltryptamine_E1	metabolite	population_ridge	val	44	-0.052295807572676045	0.11991315788711823	0.13276955602536997	8328240.446423755	10505276.71637091
metabolite__N_Coumaroyltryptamine_E1	metabolite	population_ridge	test	38	-0.03492739725808547	0.1307887893513022	0.349381770434402	8822565.891432319	12028085.82681157
metabolite__N_Coumaroyltryptamine_E1	metabolite	genotype_pca_ridge	val	44	0.018809034329615115	0.23061109243254233	0.23565891472868214	8086316.487994824	10144142.628372578
metabolite__N_Coumaroyltryptamine_E1	metabolite	genotype_pca_ridge	test	38	0.13144892711927525	0.3787820289152201	0.4568333515701936	8159030.88585884	11018925.756979827
metabolite__N_Coumaroyltryptamine_E1	metabolite	genotype_pca_population_ridge	val	44	0.006911324030053678	0.23122207423696192	0.2047921071176885	8199159.972983262	10205460.151922036
metabolite__N_Coumaroyltryptamine_E1	metabolite	genotype_pca_population_ridge	test	38	0.12180163833719637	0.3543900591029916	0.4988510777984462	7961669.4282999365	11079952.221112212
metabolite__Coumaroylserotonin_E1	metabolite	mean_baseline	val	44	-0.40234982108978445			481221.9022154317	513998.7074617626
metabolite__Coumaroylserotonin_E1	metabolite	mean_baseline	test	38	-0.010672805507652816			545380.7076514817	672392.9903364623
metabolite__Coumaroylserotonin_E1	metabolite	population_ridge	val	44	-0.5984413169732634	0.14843027735888698	0.22325581395348837	469069.6022517974	548759.6792354159
metabolite__Coumaroylserotonin_E1	metabolite	population_ridge	test	38	-0.07552932815073143	0.1726883172462642	0.35507167086114455	504462.32561991905	693631.832764015
metabolite__Coumaroylserotonin_E1	metabolite	genotype_pca_ridge	val	44	-0.7431212075380513	0.2345471251845402	0.13093727977448907	474007.64704631566	573056.7580675998
metabolite__Coumaroylserotonin_E1	metabolite	genotype_pca_ridge	test	38	0.3569800904090241	0.5977726638800708	0.5474340737498632	396829.4480762683	536327.5387801115
metabolite__Coumaroylserotonin_E1	metabolite	genotype_pca_population_ridge	val	44	-0.9279113225964843	0.22211923020105775	0.17011980267794222	474126.88281172555	602666.9452152166
metabolite__Coumaroylserotonin_E1	metabolite	genotype_pca_population_ridge	test	38	0.3096967509061118	0.563753439335103	0.5866068497647445	385370.7747599512	555696.7361228587
metabolite__Feruloyltryptamine_E1	metabolite	mean_baseline	val	44	-0.00038358315463904447			14909200.210084034	18577787.015120547
metabolite__Feruloyltryptamine_E1	metabolite	mean_baseline	test	38	-0.00019761881933311187			13686487.417072093	18181976.66831678
metabolite__Feruloyltryptamine_E1	metabolite	population_ridge	val	44	-0.03910839778806263	0.085751421236852	0.09063358962532932	14754820.594920037	18933945.77020801
metabolite__Feruloyltryptamine_E1	metabolite	population_ridge	test	38	0.09157479886476827	0.3126548469088972	0.4794265732362198	11677900.476973621	17327773.995168377
metabolite__Feruloyltryptamine_E1	metabolite	genotype_pca_ridge	val	44	0.05845773135362675	0.2460508359073626	0.28768764607355696	14272059.955657052	18023146.478598375
metabolite__Feruloyltryptamine_E1	metabolite	genotype_pca_ridge	test	38	0.21964296303210573	0.534994640506135	0.5725541728308382	11566198.486886237	16059974.948657729
metabolite__Feruloyltryptamine_E1	metabolite	genotype_pca_population_ridge	val	44	0.05271264829837352	0.24329072620418435	0.2661216441875921	14154707.117168343	18078049.484848015
metabolite__Feruloyltryptamine_E1	metabolite	genotype_pca_population_ridge	test	38	0.246162126038046	0.5456895823955218	0.6001313233570941	11141296.210362421	15784730.254474465
metabolite__Adenylic_acid_E1	metabolite	mean_baseline	val	44	-0.029630213785419635			631074.1023682199	760107.7615985863
metabolite__Adenylic_acid_E1	metabolite	mean_baseline	test	38	-0.0008055992403419587			646368.4210526317	778399.299349594
metabolite__Adenylic_acid_E1	metabolite	population_ridge	val	44	-0.03893974494293406	-0.05930917261355564	-0.12221165096311157	633391.27571479	763536.3340638067
metabolite__Adenylic_acid_E1	metabolite	population_ridge	test	38	0.016948045657138366	0.19830672145567474	0.16491573747249103	640976.8534172309	771464.2555335086
metabolite__Adenylic_acid_E1	metabolite	genotype_pca_ridge	val	44	-0.008896229736838013	0.1540391097427755	0.2282834702823059	620765.9352410341	752415.5763994365
metabolite__Adenylic_acid_E1	metabolite	genotype_pca_ridge	test	38	0.02852563894106619	0.24979680839065005	0.14105931360453944	637878.8896543143	766907.9587184006
metabolite__Adenylic_acid_E1	metabolite	genotype_pca_population_ridge	val	44	-0.015795733574380577	0.10345340654025872	0.1215773344356214	623631.1005880832	754983.9520369752
metabolite__Adenylic_acid_E1	metabolite	genotype_pca_population_ridge	test	38	0.04086103859047974	0.28046030579755926	0.1516743278944078	634004.8737683767	762023.4558754232
metabolite__Feruloylserotonin_E1	metabolite	mean_baseline	val	44	-0.008747988437839638			15401.089572192514	23629.937412416846
metabolite__Feruloylserotonin_E1	metabolite	mean_baseline	test	38	-0.0015871683400645598			16273.30030959752	24169.054614827273
metabolite__Feruloylserotonin_E1	metabolite	population_ridge	val	44	-0.044809763278547576	0.10039097126296233	-0.024964745277011757	14403.948391137177	24048.602370499397
metabolite__Feruloylserotonin_E1	metabolite	population_ridge	test	38	0.10157742399103187	0.32830841651760195	0.5068254682036044	14378.580796885546	22890.517721851968
metabolite__Feruloylserotonin_E1	metabolite	genotype_pca_ridge	val	44	-0.0805584760706819	0.09407892902259	0.03991538369149337	15753.169744955154	24456.559857850247
metabolite__Feruloylserotonin_E1	metabolite	genotype_pca_ridge	test	38	0.16084545582158283	0.41459771176576365	0.38612141445232423	13284.825055342013	22122.604865909063
metabolite__Feruloylserotonin_E1	metabolite	genotype_pca_population_ridge	val	44	-0.12533677242821395	0.07218668790036177	0.01974612620780591	15909.34977889114	24958.155470891474
metabolite__Feruloylserotonin_E1	metabolite	genotype_pca_population_ridge	test	38	0.17688423139681153	0.4284176224842509	0.4749227618987702	13091.243088238578	21910.170032946753
metabolite__Dicoumaroylputrescine_E1	metabolite	mean_baseline	val	44	-0.00016479873488117747			8243258.785332314	11473333.649437586
metabolite__Dicoumaroylputrescine_E1	metabolite	mean_baseline	test	38	-0.019831369038834312			8319094.206103494	11580312.483799955
metabolite__Dicoumaroylputrescine_E1	metabolite	population_ridge	val	44	-0.1640415119955303	-0.17480782321706603	-0.037140138858111967	8730395.750176199	12377646.48591059
metabolite__Dicoumaroylputrescine_E1	metabolite	population_ridge	test	38	0.08331687038544744	0.3109192464601917	0.469687024042423	7674862.816061909	10979074.064014634
metabolite__Dicoumaroylputrescine_E1	metabolite	genotype_pca_ridge	val	44	-0.0720644589652768	0.03605860597002328	0.16547447066194856	8511566.490367351	11878573.516119888
metabolite__Dicoumaroylputrescine_E1	metabolite	genotype_pca_ridge	test	38	-0.015167142728037541	0.16299618765278004	0.29525060365015315	7994147.995669288	11553800.700013302
metabolite__Dicoumaroylputrescine_E1	metabolite	genotype_pca_population_ridge	val	44	-0.21144923309194597	-0.05274262518016529	0.0872476127255078	9109606.832041621	12627182.294058673
metabolite__Dicoumaroylputrescine_E1	metabolite	genotype_pca_population_ridge	test	38	-0.005827866198689913	0.22653057298070794	0.3510615035247188	7866086.228233853	11500531.905201374
metabolite__Glycerol_1_tetradecanoate_3_phosphocholine_E1	metabolite	mean_baseline	val	44	-0.028281867346261036			174246.69595110777	219199.26431978185
metabolite__Glycerol_1_tetradecanoate_3_phosphocholine_E1	metabolite	mean_baseline	test	38	-0.04611543168431109			250004.09111012833	425127.5228673792
metabolite__Glycerol_1_tetradecanoate_3_phosphocholine_E1	metabolite	population_ridge	val	44	0.00043818648411364514	0.19455929393467228	0.004369428100954349	175409.99269143696	216116.45326031325
metabolite__Glycerol_1_tetradecanoate_3_phosphocholine_E1	metabolite	population_ridge	test	38	0.011957906470723922	0.28817652016157297	0.2932647594256596	243644.52546376048	413158.9276282949
metabolite__Glycerol_1_tetradecanoate_3_phosphocholine_E1	metabolite	genotype_pca_ridge	val	44	-0.0097715573848709	0.13128770551584826	0.01303780965607346	171193.5048314796	217217.37958342145
metabolite__Glycerol_1_tetradecanoate_3_phosphocholine_E1	metabolite	genotype_pca_ridge	test	38	-0.02801295067171994	0.18598820256976872	0.3043169014786416	242561.29004648235	421433.1660531624
metabolite__Glycerol_1_tetradecanoate_3_phosphocholine_E1	metabolite	genotype_pca_population_ridge	val	44	0.005072596859279965	0.2133143890520015	0.0024666126376355194	171146.98578515256	215614.8654886484
metabolite__Glycerol_1_tetradecanoate_3_phosphocholine_E1	metabolite	genotype_pca_population_ridge	test	38	-0.01151845163105314	0.27726729601756545	0.37041089949845446	239124.5678389317	418038.5402924514
metabolite__N_caffeoyl_O_hexoside_spermidine_E1	metabolite	mean_baseline	val	44	-0.01395077471002959			490145.0534759359	638357.9232971651
metabolite__N_caffeoyl_O_hexoside_spermidine_E1	metabolite	mean_baseline	test	38	-0.07305980289468783			749827.4458204333	1541799.0638257973
metabolite__N_caffeoyl_O_hexoside_spermidine_E1	metabolite	population_ridge	val	44	0.04924392379093401	0.27044470263723214	0.28592571781489967	433972.4338326342	618145.0165586697
metabolite__N_caffeoyl_O_hexoside_spermidine_E1	metabolite	population_ridge	test	38	0.10829231288513785	0.4263492527748049	0.43254185359448516	672215.6505343369	1405487.7661886404
metabolite__N_caffeoyl_O_hexoside_spermidine_E1	metabolite	genotype_pca_ridge	val	44	0.002714711632993083	0.18667605435261286	0.05905983523019126	469374.5565117109	633090.1022228291
metabolite__N_caffeoyl_O_hexoside_spermidine_E1	metabolite	genotype_pca_ridge	test	38	0.17341443001191703	0.5778669336425432	0.42838384943648106	657448.29868665	1353192.9426300914
metabolite__N_caffeoyl_O_hexoside_spermidine_E1	metabolite	genotype_pca_population_ridge	val	44	0.03758971127757316	0.2519326344914891	0.1327789135724109	452550.6617288398	621922.037552732
metabolite__N_caffeoyl_O_hexoside_spermidine_E1	metabolite	genotype_pca_population_ridge	test	38	0.19158021475149423	0.5600398465032688	0.4544260860050334	646174.6369844744	1338240.846100375
metabolite__Diferuloylputrescine_E1	metabolite	mean_baseline	val	44	-0.024326910645028565			71050.97058823529	137069.19198570607
metabolite__Diferuloylputrescine_E1	metabolite	mean_baseline	test	38	-0.0029800653979381586			61306.96107916851	94748.3206406107
metabolite__Diferuloylputrescine_E1	metabolite	population_ridge	val	44	-0.023325421343952657	0.05796408562497969	0.18097251585623678	69863.00535041624	137002.1689984822
metabolite__Diferuloylputrescine_E1	metabolite	population_ridge	test	38	0.003990434631670592	0.09361413455835191	0.16074848193891567	61490.96546678766	94418.50617836163
metabolite__Diferuloylputrescine_E1	metabolite	genotype_pca_ridge	val	44	-0.02092234376801705	0.09375789565923194	0.11994362226920367	71075.07143554941	136841.21318636902
metabolite__Diferuloylputrescine_E1	metabolite	genotype_pca_ridge	test	38	0.03312946266702699	0.1943944130370018	0.32237238107014676	57482.96337354546	93027.11094251895
metabolite__Diferuloylputrescine_E1	metabolite	genotype_pca_population_ridge	val	44	-0.02889741127577361	0.08139526980890735	0.14615926708949964	70769.93104825179	137374.64991667628
metabolite__Diferuloylputrescine_E1	metabolite	genotype_pca_population_ridge	test	38	0.03287774935061094	0.19811857409508216	0.3344093674644835	57219.93120887657	93039.21940889367
metabolite__N_feruloyl_O_hexoside_spermidine_E1	metabolite	mean_baseline	val	44	-0.0008580535582281001			382454.5836516425	634479.6536754676
metabolite__N_feruloyl_O_hexoside_spermidine_E1	metabolite	mean_baseline	test	38	-0.010703358395609985			427090.5793896506	601697.0716953505
metabolite__N_feruloyl_O_hexoside_spermidine_E1	metabolite	population_ridge	val	44	0.053933160001864655	0.23265547977068066	0.2426442088965455	385363.539289096	616868.1764183695
metabolite__N_feruloyl_O_hexoside_spermidine_E1	metabolite	population_ridge	test	38	0.14313659772815868	0.3895391316267422	0.28810591968486704	393251.49206131947	554015.4044315506
metabolite__N_feruloyl_O_hexoside_spermidine_E1	metabolite	genotype_pca_ridge	val	44	-0.17191734614080412	-0.23373181075516938	-0.09704358862926031	417064.6671837811	686562.2919608171
metabolite__N_feruloyl_O_hexoside_spermidine_E1	metabolite	genotype_pca_ridge	test	38	-0.08930689653121848	0.03467776126898063	0.17912244228033702	449655.498278512	624656.3656989839
metabolite__N_feruloyl_O_hexoside_spermidine_E1	metabolite	genotype_pca_population_ridge	val	44	-0.1750845984199676	-0.1800600918743901	-0.08273723533097428	420864.25591216516	687489.425921358
metabolite__N_feruloyl_O_hexoside_spermidine_E1	metabolite	genotype_pca_population_ridge	test	38	-0.07334550889962288	0.09012443317231993	0.18393697341065762	443524.8783446496	620062.9972147573
metabolite__LPC1_acyl_16_1_2_E1	metabolite	mean_baseline	val	44	-0.010997012504570858			33923.42589763179	75482.16824863043
metabolite__LPC1_acyl_16_1_2_E1	metabolite	mean_baseline	test	38	-0.0020516209340866176			24221.767359575406	50068.90561342477
metabolite__LPC1_acyl_16_1_2_E1	metabolite	population_ridge	val	44	-0.006868304835731198	0.06807310608452471	0.07193485522464947	33816.07129087012	75327.88360338155
metabolite__LPC1_acyl_16_1_2_E1	metabolite	population_ridge	test	38	-0.011666356037385084	0.010734383900332755	0.02998303883680252	24595.582485203002	50308.538981050646
metabolite__LPC1_acyl_16_1_2_E1	metabolite	genotype_pca_ridge	val	44	-0.011762527554235902	-0.0012631029582374255	0.2758913270968909	33717.26240321076	75510.73994622115
metabolite__LPC1_acyl_16_1_2_E1	metabolite	genotype_pca_ridge	test	38	0.03406274219918637	0.2993953984261954	0.3104448218248494	23656.262513011643	49158.3741070208
metabolite__LPC1_acyl_16_1_2_E1	metabolite	genotype_pca_population_ridge	val	44	-0.011837258284599583	0.01792279551809524	0.15776301091915773	33868.83045599357	75513.52857912485
metabolite__LPC1_acyl_16_1_2_E1	metabolite	genotype_pca_population_ridge	test	38	0.027992873302237764	0.19770037375357497	0.21907315237692931	23657.674581328538	49312.58577773294
metabolite__LPC1_acyl_16_0_2_E1	metabolite	mean_baseline	val	44	-0.08165686161865326			9997095.110771583	12004855.996365303
metabolite__LPC1_acyl_16_0_2_E1	metabolite	mean_baseline	test	38	-0.038943748923271126			14990692.17160549	18904162.292772397
metabolite__LPC1_acyl_16_0_2_E1	metabolite	population_ridge	val	44	0.048806875839781494	0.38419374530950196	0.30205433614016675	9117042.133979028	11257619.123505747
metabolite__LPC1_acyl_16_0_2_E1	metabolite	population_ridge	test	38	0.0770154006147673	0.4527884878187897	0.504049029063234	14407161.893868763	17817987.38730517
metabolite__LPC1_acyl_16_0_2_E1	metabolite	genotype_pca_ridge	val	44	-0.029722562795736485	0.18707535777611584	0.1673068114784778	9348246.724984609	11713112.49909953
metabolite__LPC1_acyl_16_0_2_E1	metabolite	genotype_pca_ridge	test	38	0.015449161746772466	0.3138217482022598	0.25727730510804675	14558860.43720498	18402655.36739003
metabolite__LPC1_acyl_16_0_2_E1	metabolite	genotype_pca_population_ridge	val	44	0.037864153420525626	0.32305683181662215	0.31340075427329017	9053416.60038052	11322188.937739963
metabolite__LPC1_acyl_16_0_2_E1	metabolite	genotype_pca_population_ridge	test	38	0.051677101890250765	0.3852997384521042	0.3282994110268567	14286737.729572713	18060906.2554849
metabolite__Np_Npp_Feruloyl_caffeoyl_spermidine_derivative_E1	metabolite	mean_baseline	val	44	-0.020067962335990064			469937.6203208556	787675.8436091006
metabolite__Np_Npp_Feruloyl_caffeoyl_spermidine_derivative_E1	metabolite	mean_baseline	test	38	-0.05665888298248656			529634.8297213622	763777.3654717879
metabolite__Np_Npp_Feruloyl_caffeoyl_spermidine_derivative_E1	metabolite	population_ridge	val	44	-0.16127577814789196	-0.10984488933529533	-0.14672304439746298	504299.30923876766	840428.277940328
metabolite__Np_Npp_Feruloyl_caffeoyl_spermidine_derivative_E1	metabolite	population_ridge	test	38	-0.06408372033858112	0.18496658597567148	0.30542788539198573	477890.4573895159	766456.0897357536
metabolite__Np_Npp_Feruloyl_caffeoyl_spermidine_derivative_E1	metabolite	genotype_pca_ridge	val	44	-0.0588089024096321	0.04656354600092788	0.09725158562367864	458441.93671648874	802493.9463714539
metabolite__Np_Npp_Feruloyl_caffeoyl_spermidine_derivative_E1	metabolite	genotype_pca_ridge	test	38	-0.011742454640556454	0.21521739716015115	0.3590501225263723	489467.9681214872	747367.7729856622
metabolite__Np_Npp_Feruloyl_caffeoyl_spermidine_derivative_E1	metabolite	genotype_pca_population_ridge	val	44	-0.06559463971283108	0.047340060217517556	0.0518675123326286	462302.8885026192	805061.3672184009
metabolite__Np_Npp_Feruloyl_caffeoyl_spermidine_derivative_E1	metabolite	genotype_pca_population_ridge	test	38	-0.006515454441420987	0.23135863742279666	0.350623770976683	486167.2027140992	745434.6969756857
metabolite__2pp_6pp_O_Diacetyloninin_E1	metabolite	mean_baseline	val	44	-0.09734419708277975			3580126.4323911383	5341358.8379425
metabolite__2pp_6pp_O_Diacetyloninin_E1	metabolite	mean_baseline	test	38	-0.002233420823682275			2770391.419725785	3893148.60561834
metabolite__2pp_6pp_O_Diacetyloninin_E1	metabolite	population_ridge	val	44	-0.13800369364479215	-0.0037885513243765545	-0.05765029262326545	3772017.9904998164	5439414.509987127
metabolite__2pp_6pp_O_Diacetyloninin_E1	metabolite	population_ridge	test	38	0.010352208377448657	0.16486334666847705	0.16734158220744638	2753093.6546996296	3868627.111686661
metabolite__2pp_6pp_O_Diacetyloninin_E1	metabolite	genotype_pca_ridge	val	44	0.015354340619021634	0.31917896403993107	0.22517443145639746	3369733.233007817	5059648.011418142
metabolite__2pp_6pp_O_Diacetyloninin_E1	metabolite	genotype_pca_ridge	test	38	0.12998074052252873	0.3672004507469174	0.3426726578754183	2546162.2183015705	3627279.1075581135
metabolite__2pp_6pp_O_Diacetyloninin_E1	metabolite	genotype_pca_population_ridge	val	44	-0.013818422550037734	0.26449111766786626	0.10458806143389478	3453971.010913807	5134053.72453711
metabolite__2pp_6pp_O_Diacetyloninin_E1	metabolite	genotype_pca_population_ridge	test	38	0.11007019886324965	0.3335458410136778	0.33326037790822377	2595420.7828273317	3668549.77739599
metabolite__LPC1_acyl_18_2_1_E1	metabolite	mean_baseline	val	44	-2.231763833071554e-06			11595851.79526356	15494563.598025974
metabolite__LPC1_acyl_18_2_1_E1	metabolite	mean_baseline	test	38	-0.04981033750287844			13187938.965059707	20013321.22151188
metabolite__LPC1_acyl_18_2_1_E1	metabolite	population_ridge	val	44	-0.0011160956087641338	-0.11442036068763817	-0.10395743089422697	11615253.829768214	15503190.594208775
metabolite__LPC1_acyl_18_2_1_E1	metabolite	population_ridge	test	38	-0.049099291537080036	0.08358761613729568	0.07211643728889953	13183808.616666367	20006542.47242852
metabolite__LPC1_acyl_18_2_1_E1	metabolite	genotype_pca_ridge	val	44	0.013312390763633886	0.12360052516691049	0.09232829455690666	11545336.150603995	15391066.034047648
metabolite__LPC1_acyl_18_2_1_E1	metabolite	genotype_pca_ridge	test	38	0.0576955440766308	0.3701767855320445	0.3755745262147241	12661276.830527745	18960918.257442437
metabolite__LPC1_acyl_18_2_1_E1	metabolite	genotype_pca_population_ridge	val	44	0.0011184832472647122	0.03611147861654287	-0.014307361675612253	11689176.09283396	15485878.688391984
metabolite__LPC1_acyl_18_2_1_E1	metabolite	genotype_pca_population_ridge	test	38	-0.016622624134290387	0.3418405177599165	0.36550667760990047	12994613.76256965	19694439.6513275
metabolite__LPC1_acyl_20_4_E1	metabolite	mean_baseline	val	44	-0.0226361234154413			83775.87891520244	119964.16366885044
metabolite__LPC1_acyl_20_4_E1	metabolite	mean_baseline	test	38	-0.0031392489617361186			69922.07032286598	96174.61762624481
metabolite__LPC1_acyl_20_4_E1	metabolite	population_ridge	val	44	0.02345592470337432	0.22821925044067115	0.1663083067669179	83675.37731850368	117229.49404867597
metabolite__LPC1_acyl_20_4_E1	metabolite	population_ridge	test	38	0.11161743789299405	0.3587825932562956	0.45516818192049757	64184.85090957223	90506.52061676404
metabolite__LPC1_acyl_20_4_E1	metabolite	genotype_pca_ridge	val	44	-0.08587433581317794	-0.08397868027944086	0.0046529666157764235	87074.68563654558	123617.72600278599
metabolite__LPC1_acyl_20_4_E1	metabolite	genotype_pca_ridge	test	38	0.09003994851528607	0.31895095925547484	0.4192367345871827	61182.21505297792	91599.06067273841
metabolite__LPC1_acyl_20_4_E1	metabolite	genotype_pca_population_ridge	val	44	-0.014866461721098734	0.10580605197281392	0.06965350024828948	83908.6998120916	119507.57010807733
metabolite__LPC1_acyl_20_4_E1	metabolite	genotype_pca_population_ridge	test	38	0.06831417581362687	0.38804952541658	0.4834313325668244	65571.78614579265	92686.0983157287
metabolite__Apigenin_C_hexosyl_C_pentoside_E1	metabolite	mean_baseline	val	44	-0.004822862111595327			413374.81168831175	982964.5814991755
metabolite__Apigenin_C_hexosyl_C_pentoside_E1	metabolite	mean_baseline	test	38	-1.8572271979554809			212882.65037593982	216931.7720430422
metabolite__Apigenin_C_hexosyl_C_pentoside_E1	metabolite	population_ridge	val	44	0.04887993482258901	0.25122580602445965	0.4198731501057082	388799.115979322	956336.6231435735
metabolite__Apigenin_C_hexosyl_C_pentoside_E1	metabolite	population_ridge	test	38	-7.042555023477037	0.45923127160685717	0.3957763431447642	232227.3917252836	363955.08920806216
metabolite__Apigenin_C_hexosyl_C_pentoside_E1	metabolite	genotype_pca_ridge	val	44	0.014501769554013055	0.16081656781430184	0.2463706835799859	392258.59222139785	973466.5656987724
metabolite__Apigenin_C_hexosyl_C_pentoside_E1	metabolite	genotype_pca_ridge	test	38	-1.5141942378448614	0.21453397750066783	0.2476200897253529	195193.02341927728	203493.33504114512
metabolite__Apigenin_C_hexosyl_C_pentoside_E1	metabolite	genotype_pca_population_ridge	val	44	0.026078512870607806	0.17806737456899369	0.39788583509513736	375321.5308692152	967731.9716473308
metabolite__Apigenin_C_hexosyl_C_pentoside_E1	metabolite	genotype_pca_population_ridge	test	38	-1.5492638754457708	0.46310740129502576	0.4572710362184046	182404.6180076038	204907.6497226161
metabolite__Viscumamide_E1	metabolite	mean_baseline	val	44	-0.00524109793588079			4514545.454545454	5918486.722278485
metabolite__Viscumamide_E1	metabolite	mean_baseline	test	38	-0.10672653690978251			4363126.93498452	5823442.473238536
metabolite__Viscumamide_E1	metabolite	population_ridge	val	44	0.07521316138117384	0.3380129316238904	0.3035877984278255	4346809.835861324	5676705.705253916
metabolite__Viscumamide_E1	metabolite	population_ridge	test	38	-0.12275883794206766	0.06350963012464252	0.13034199902025484	4345252.640944174	5865470.691821837
metabolite__Viscumamide_E1	metabolite	genotype_pca_ridge	val	44	-0.006377491243453548	-0.06333670003988574	-0.068513429317819	4522378.021312601	5921831.108507642
metabolite__Viscumamide_E1	metabolite	genotype_pca_ridge	test	38	-0.10482726634078698	0.043571372689160844	0.019917920925009557	4358690.184536371	5818443.477645821
metabolite__Viscumamide_E1	metabolite	genotype_pca_population_ridge	val	44	0.028737896053812606	0.23453870605343652	0.28039755331922217	4437239.07380887	5817598.989241266
metabolite__Viscumamide_E1	metabolite	genotype_pca_population_ridge	test	38	-0.10484789372214043	0.06609487602635218	0.07934336632215346	4308830.141360749	5818497.793237028
metabolite__Indole_3_carboxyaldehyde_E1	metabolite	mean_baseline	val	44	-0.015721895881701142			64848.7394957983	83153.65040913901
metabolite__Indole_3_carboxyaldehyde_E1	metabolite	mean_baseline	test	38	-0.020625258925654366			77622.71118973906	103846.97492962304
metabolite__Indole_3_carboxyaldehyde_E1	metabolite	population_ridge	val	44	-0.012829101534431286	0.14216100800031503	0.2604313530244923	64743.850703689495	83035.15442845173
metabolite__Indole_3_carboxyaldehyde_E1	metabolite	population_ridge	test	38	-0.018610374930145834	0.1021860175350834	0.20760602194913805	77467.53219548421	103744.41868949318
metabolite__Indole_3_carboxyaldehyde_E1	metabolite	genotype_pca_ridge	val	44	0.13513493240876007	0.41790894804352585	0.32576825809991966	61496.2343434949	76730.51092199424
metabolite__Indole_3_carboxyaldehyde_E1	metabolite	genotype_pca_ridge	test	38	0.1156365046509944	0.42322983436178274	0.3415595121261254	71089.66164610302	96666.52298387428
metabolite__Indole_3_carboxyaldehyde_E1	metabolite	genotype_pca_population_ridge	val	44	0.1430005194307179	0.42762713478212616	0.3320411648439467	61035.73053616895	76380.79798775801
metabolite__Indole_3_carboxyaldehyde_E1	metabolite	genotype_pca_population_ridge	test	38	0.10774611334148065	0.39277520201659466	0.36290014168863566	70669.23378537144	97096.80020508371
metabolite__Tryptamine_E1	metabolite	mean_baseline	val	44	-0.0022985589256414585			2141563.827349122	3645994.5620184788
metabolite__Tryptamine_E1	metabolite	mean_baseline	test	38	-0.0061009131351703605			2281423.772666962	3504061.916497561
metabolite__Tryptamine_E1	metabolite	population_ridge	val	44	0.03574176549000485	0.21449574731850413	0.17209302325581394	2134283.7016712856	3576136.948225988
metabolite__Tryptamine_E1	metabolite	population_ridge	test	38	-0.010998941512593507	0.07330757333859492	0.23417409894437	2191654.91931133	3512581.020497832
metabolite__Tryptamine_E1	metabolite	genotype_pca_ridge	val	44	0.020404259910308142	0.18668846139340048	0.025229034531360113	2094427.2035345696	3604465.786221096
metabolite__Tryptamine_E1	metabolite	genotype_pca_ridge	test	38	0.10360140945037954	0.6557713333979089	0.517480987807442	2156969.5346927936	3307513.172099534
metabolite__Tryptamine_E1	metabolite	genotype_pca_population_ridge	val	44	0.03433954734044753	0.23660134751378273	0.120507399577167	2092768.9152526127	3578736.2013393105
metabolite__Tryptamine_E1	metabolite	genotype_pca_population_ridge	test	38	0.10331678989451265	0.5534237861980783	0.49121847203797997	2129163.2226821147	3308038.2221309417
metabolite__L_Carnitine_E1	metabolite	mean_baseline	val	44	-0.0001653164150121622			79103.705118411	96560.2331720926
metabolite__L_Carnitine_E1	metabolite	mean_baseline	test	38	-0.0001950292584811386			80731.2693498452	100898.13562491299
metabolite__L_Carnitine_E1	metabolite	population_ridge	val	44	0.28398380181419713	0.5446423964525776	0.5494466888193406	63507.93526889093	81700.33446232954
metabolite__L_Carnitine_E1	metabolite	population_ridge	test	38	0.033917760486385395	0.24262518753502296	0.13372729342493966	75753.31829811986	99162.58615489103
metabolite__L_Carnitine_E1	metabolite	genotype_pca_ridge	val	44	0.16374904901974818	0.4119096802661121	0.45210404901696605	71293.90898802572	88293.90463341388
metabolite__L_Carnitine_E1	metabolite	genotype_pca_ridge	test	38	0.002158051951768769	0.14713646246755338	0.15068942966132726	80743.60118210566	100779.37812990972
metabolite__L_Carnitine_E1	metabolite	genotype_pca_population_ridge	val	44	0.22924225851969315	0.5773610872569875	0.5800380759838811	67124.99507051354	84765.93533275017
metabolite__L_Carnitine_E1	metabolite	genotype_pca_population_ridge	test	38	0.04927172678885061	0.22569086037209496	0.10111621859627187	78022.96794357996	98371.43353089746
metabolite__IAA_E1	metabolite	mean_baseline	val	44	-0.03625353041345081			811677.6165011459	973205.2362212978
metabolite__IAA_E1	metabolite	mean_baseline	test	38	-0.0001258625519722223			985217.1605484299	1321408.6964396886
metabolite__IAA_E1	metabolite	population_ridge	val	44	-0.02580188914274073	0.42075669302261254	0.40538445375186166	808048.796327572	968284.9297930348
metabolite__IAA_E1	metabolite	population_ridge	test	38	0.0029631090761064183	0.1732916981034354	0.3100240771463617	984098.2448531777	1319366.4781841016
metabolite__IAA_E1	metabolite	genotype_pca_ridge	val	44	0.0006042859309318693	0.2536799111095313	0.268517866619366	790251.8577410646	955740.8891223796
metabolite__IAA_E1	metabolite	genotype_pca_ridge	test	38	0.05083754069804125	0.40296512887854197	0.2284963900746923	976656.0647544875	1287301.0044913306
metabolite__IAA_E1	metabolite	genotype_pca_population_ridge	val	44	0.03449012510609106	0.37587038785777016	0.42462471033639904	781529.7049735839	939398.3333405205
metabolite__IAA_E1	metabolite	genotype_pca_population_ridge	test	38	0.05949716824897788	0.41039077763103093	0.27741300231769395	975722.6251920527	1281415.2418464723
metabolite__Pyridoxate_2_E1	metabolite	mean_baseline	val	44	-0.005443148628167638			56070.92284186403	76609.02237091551
metabolite__Pyridoxate_2_E1	metabolite	mean_baseline	test	38	-0.05198636237286558			59960.4997788589	84633.83328862334
metabolite__Pyridoxate_2_E1	metabolite	population_ridge	val	44	-0.0019366549225807717	0.16043281492488692	0.1836763480329707	55997.51269612459	76475.31830416877
metabolite__Pyridoxate_2_E1	metabolite	population_ridge	test	38	-0.051303360212082705	0.014820901983236254	0.09038682510656525	59780.84316984641	84606.3545690242
metabolite__Pyridoxate_2_E1	metabolite	genotype_pca_ridge	val	44	0.020927070914045554	0.23428227402381382	0.36361714485882424	54432.12979691192	75597.71730311261
metabolite__Pyridoxate_2_E1	metabolite	genotype_pca_ridge	test	38	-0.030271579064655274	0.1314198207766184	0.005690211750050113	60221.02903108689	83755.7856093339
metabolite__Pyridoxate_2_E1	metabolite	genotype_pca_population_ridge	val	44	0.031059394943513285	0.26348818229684556	0.315125461264548	54133.31293168841	75205.52350964704
metabolite__Pyridoxate_2_E1	metabolite	genotype_pca_population_ridge	test	38	-0.028779751862899827	0.12764725457565623	0.02888876734640826	60393.348708585174	83695.12469914005
metabolite__Diaminopimelic_acid_E1	metabolite	mean_baseline	val	44	-0.005651703895424687			380630.78686019866	578653.9241078238
metabolite__Diaminopimelic_acid_E1	metabolite	mean_baseline	test	38	-0.040589635502635835			310968.06722689077	362033.8913448617
metabolite__Diaminopimelic_acid_E1	metabolite	population_ridge	val	44	0.10271910264046669	0.45126867729415987	0.4480778042881895	361941.8127025529	546587.0232314741
metabolite__Diaminopimelic_acid_E1	metabolite	population_ridge	test	38	-0.11350967245239119	-0.05305171719990533	0.11915964547543496	307817.066010766	374504.01437547937
metabolite__Diaminopimelic_acid_E1	metabolite	genotype_pca_ridge	val	44	0.15134325166255302	0.44917754197326343	0.3331336553743743	359266.8358705875	531570.8290762503
metabolite__Diaminopimelic_acid_E1	metabolite	genotype_pca_ridge	test	38	-0.043008209263106556	0.20103796384308242	0.2874493927125506	287126.8657448231	362454.3728932296
metabolite__Diaminopimelic_acid_E1	metabolite	genotype_pca_population_ridge	val	44	0.2067631568213103	0.5371515770692924	0.4337714509899035	352845.3209717949	513921.2131906568
metabolite__Diaminopimelic_acid_E1	metabolite	genotype_pca_population_ridge	test	38	-0.13102557847555363	0.14525621288741936	0.2970784549731918	292524.7472152385	377438.06214175554
metabolite__Carpacin_E1	metabolite	mean_baseline	val	44	-0.0556467905115432			93625.0	211336.63251026114
metabolite__Carpacin_E1	metabolite	mean_baseline	test	38	-0.0006424916740770392			51935.873507297656	65635.386231297
metabolite__Carpacin_E1	metabolite	population_ridge	val	44	-0.04127520014945674	0.10294683605623628	0.3079254342894086	91580.70349669822	209893.1327631227
metabolite__Carpacin_E1	metabolite	population_ridge	test	38	0.14438069742683313	0.4119135297169816	0.2992996297194844	48915.67548005574	60693.03587256874
metabolite__Carpacin_E1	metabolite	genotype_pca_ridge	val	44	-0.02697695758991614	0.34888826608721357	0.2735313825766067	92116.95627079012	208447.08052785607
metabolite__Carpacin_E1	metabolite	genotype_pca_ridge	test	38	0.05197770515737965	0.32987421204459044	0.217662509510806	50511.97572070294	63886.31671066249
metabolite__Carpacin_E1	metabolite	genotype_pca_population_ridge	val	44	-0.020238298049567893	0.29679410737610523	0.3735419550775613	90710.9272305254	207762.07698476966
metabolite__Carpacin_E1	metabolite	genotype_pca_population_ridge	test	38	0.11865069034560005	0.4583887937411567	0.3878310375597268	49295.63181255255	61598.85066865768
metabolite__Scopoletin_E1	metabolite	mean_baseline	val	44	-0.03010428714574931			125479.54545454547	180928.702915517
metabolite__Scopoletin_E1	metabolite	mean_baseline	test	38	-0.0022823557233948577			115818.57585139321	145185.125023664
metabolite__Scopoletin_E1	metabolite	population_ridge	val	44	0.009333719651301586	0.18973186368979778	0.246308890529604	121404.99102001592	177431.4341571282
metabolite__Scopoletin_E1	metabolite	population_ridge	test	38	0.08411499775130937	0.31772161499605156	0.319400372031951	109405.76880845621	138786.6056112691
metabolite__Scopoletin_E1	metabolite	genotype_pca_ridge	val	44	0.03758507010596823	0.470711681294742	0.41100814007686715	121310.06441353206	174883.1826140855
metabolite__Scopoletin_E1	metabolite	genotype_pca_ridge	test	38	0.03742349308356052	0.30690549047372656	0.15308020571178466	113436.97765781282	142280.27938586377
metabolite__Scopoletin_E1	metabolite	genotype_pca_population_ridge	val	44	0.039233825395058375	0.4342907641898409	0.362662532379211	120721.82103968022	174733.3183710042
metabolite__Scopoletin_E1	metabolite	genotype_pca_population_ridge	test	38	0.053542052423700914	0.36845115129224937	0.2861363387679177	112599.34791949208	141083.99263790582
metabolite__N_Acetyldopamine_E1	metabolite	mean_baseline	val	44	-0.09619449405346137			554026.5217723452	788736.6814457591
metabolite__N_Acetyldopamine_E1	metabolite	mean_baseline	test	38	-1.8477379221178878			499194.63533834566	540092.0706596532
metabolite__N_Acetyldopamine_E1	metabolite	population_ridge	val	44	-0.2755593256779112	0.07758395156036232	0.37499559556738854	580564.4098390978	850821.7075204036
metabolite__N_Acetyldopamine_E1	metabolite	population_ridge	test	38	-2.9826621516318634	0.2778055302829192	0.26118831381989277	554881.6006874196	638711.1906917506
metabolite__N_Acetyldopamine_E1	metabolite	genotype_pca_ridge	val	44	-0.10219435550684741	0.18831554468420536	0.3074808839429649	509955.16567214334	790892.2537890477
metabolite__N_Acetyldopamine_E1	metabolite	genotype_pca_ridge	test	38	-5.301508786763286	0.03648044587556565	0.11478279899332532	663627.7240304981	803415.2389319427
metabolite__N_Acetyldopamine_E1	metabolite	genotype_pca_population_ridge	val	44	-0.22123850020352132	0.1683292349509188	0.4124881076594485	537350.0830658457	832508.1125347079
metabolite__N_Acetyldopamine_E1	metabolite	genotype_pca_population_ridge	test	38	-6.114230430074028	0.1314980073678219	0.2047269942006784	684474.3778297653	853653.7567267392
metabolite__7_Oxo_11_dodecenoic_acid_E1	metabolite	mean_baseline	val	44	-0.025248770974120482			73670.16462948815	93072.77629663752
metabolite__7_Oxo_11_dodecenoic_acid_E1	metabolite	mean_baseline	test	38	-0.004352941176575698			65659.2105263158	85553.54801356094
metabolite__7_Oxo_11_dodecenoic_acid_E1	metabolite	population_ridge	val	44	-0.05629409450348777	0.0220273489246699	0.0870392559776685	70458.77694655208	94471.42494441055
metabolite__7_Oxo_11_dodecenoic_acid_E1	metabolite	population_ridge	test	38	0.07055166333265317	0.279055173745836	0.26862895283947913	60544.03347039225	82301.44766160764
metabolite__7_Oxo_11_dodecenoic_acid_E1	metabolite	genotype_pca_ridge	val	44	-0.05487981352842364	0.04174487472466133	0.06209035183508174	73189.01042158384	94408.15947116591
metabolite__7_Oxo_11_dodecenoic_acid_E1	metabolite	genotype_pca_ridge	test	38	-0.009730711860251429	0.09622044678196598	0.20144435933909616	63864.88381615988	85782.28888079926
metabolite__7_Oxo_11_dodecenoic_acid_E1	metabolite	genotype_pca_population_ridge	val	44	-0.06538748300108255	0.03921237619696155	0.08006202007338577	72987.37768158024	94877.19470869785
metabolite__7_Oxo_11_dodecenoic_acid_E1	metabolite	genotype_pca_population_ridge	test	38	0.007324592815637354	0.14113313374447525	0.25965641755115443	62968.39418779344	85054.7316054366
metabolite__Modiolin_E1	metabolite	mean_baseline	val	44	-0.00012589675823249102			24568.409090909096	40435.14504000583
metabolite__Modiolin_E1	metabolite	mean_baseline	test	38	-0.06355545329620393			21426.240601503763	27309.33864109425
metabolite__Modiolin_E1	metabolite	population_ridge	val	44	-0.02076419641014371	0.05048372432186352	0.01783071397761144	25595.316782434707	40850.21843704676
metabolite__Modiolin_E1	metabolite	population_ridge	test	38	-0.016120903992209	0.2832894820323688	0.010943912596159094	21428.724624186627	26693.39459131663
metabolite__Modiolin_E1	metabolite	genotype_pca_ridge	val	44	-0.0014285192485687936	-0.056894164192500596	-0.05525407019149159	24603.13345251302	40461.46902080372
metabolite__Modiolin_E1	metabolite	genotype_pca_ridge	test	38	-0.05148089690549673	0.31021403045275286	0.03688098544905615	21421.22006744721	27153.874528883578
metabolite__Modiolin_E1	metabolite	genotype_pca_population_ridge	val	44	-0.0076346818365575775	0.029345632950876242	-0.02198886466804257	24853.345471285542	40586.651497162646
metabolite__Modiolin_E1	metabolite	genotype_pca_population_ridge	test	38	0.02053714234007331	0.34211698195314055	0.04683994591156094	21223.63059733325	26207.470119054473
metabolite__Nalidixic_acid_E1	metabolite	mean_baseline	val	44	-0.042236478015996726			40600.897058823524	71634.67361195928
metabolite__Nalidixic_acid_E1	metabolite	mean_baseline	test	38	-0.004057174132076291			38599.08160106148	87484.3936225185
metabolite__Nalidixic_acid_E1	metabolite	population_ridge	val	44	-0.03249943493446383	0.1624897393948001	0.0825962860373951	40514.512753966934	71299.2666839163
metabolite__Nalidixic_acid_E1	metabolite	population_ridge	test	38	-0.005973043876356776	-0.02191445310176933	-0.19881763434252098	39210.875530990634	87567.81956111286
metabolite__Nalidixic_acid_E1	metabolite	genotype_pca_ridge	val	44	-0.02665718976640874	0.12091014428817039	0.10733288706053988	40467.400931177646	71097.26235410494
metabolite__Nalidixic_acid_E1	metabolite	genotype_pca_ridge	test	38	-0.010669653497219933	-0.035315729711392005	-0.02529012859753433	38844.578972593124	87771.99647967667
metabolite__Nalidixic_acid_E1	metabolite	genotype_pca_population_ridge	val	44	-0.01978560733939605	0.16394868618646835	0.17780753385012615	40462.79523905544	70858.93015424695
metabolite__Nalidixic_acid_E1	metabolite	genotype_pca_population_ridge	test	38	-0.011018763576642776	-0.03959301678035024	-0.11583097859823084	39197.90191139866	87787.1544706586
metabolite__2_Amino_1_3_4_hexadecanetriol_E1	metabolite	mean_baseline	val	44	-0.04789341026283145			13951.35886172651	22971.94058176692
metabolite__2_Amino_1_3_4_hexadecanetriol_E1	metabolite	mean_baseline	test	38	-0.003404359652284805			25318.54887218045	94777.09722351593
metabolite__2_Amino_1_3_4_hexadecanetriol_E1	metabolite	population_ridge	val	44	-0.02688507420879027	0.25019546087971256	0.061866949010315364	13988.186706424773	22740.502145696577
metabolite__2_Amino_1_3_4_hexadecanetriol_E1	metabolite	population_ridge	test	38	0.001135722737267919	0.2108518562064711	0.24215657219679018	25307.79282976176	94562.43617097853
metabolite__2_Amino_1_3_4_hexadecanetriol_E1	metabolite	genotype_pca_ridge	val	44	-0.05452511497812784	-0.10127644673998248	-0.0649994527576731	13874.675237621233	23044.516119966163
metabolite__2_Amino_1_3_4_hexadecanetriol_E1	metabolite	genotype_pca_ridge	test	38	-0.009875414997807086	-0.33554408173876427	0.04582534311977562	25435.829329892815	95082.21957548452
metabolite__2_Amino_1_3_4_hexadecanetriol_E1	metabolite	genotype_pca_population_ridge	val	44	-0.03525898402952743	0.11869165161064243	-0.02299542523628523	13923.320135391166	22833.03454132971
metabolite__2_Amino_1_3_4_hexadecanetriol_E1	metabolite	genotype_pca_population_ridge	test	38	-0.005550582636631773	-0.06863619314284224	0.143659690117658	25426.90674492627	94878.40440175816
metabolite__Hydroxylinoleic_acid_E1	metabolite	mean_baseline	val	44	-0.0022339552595025403			22021.419022154318	27534.585952544134
metabolite__Hydroxylinoleic_acid_E1	metabolite	mean_baseline	test	38	-0.005700137767297608			31316.280406899605	41616.97297087998
metabolite__Hydroxylinoleic_acid_E1	metabolite	population_ridge	val	44	-0.020439007375147034	0.018357672300371095	0.07540521494009865	22533.365905786442	27783.536156245893
metabolite__Hydroxylinoleic_acid_E1	metabolite	population_ridge	test	38	0.03949090437341929	0.24573965386987112	0.25287230550388445	31000.322668486886	40671.19888579992
metabolite__Hydroxylinoleic_acid_E1	metabolite	genotype_pca_ridge	val	44	-0.00753412138727283	0.11763470888465696	0.15095137420718815	22046.436294005656	27607.29624379456
metabolite__Hydroxylinoleic_acid_E1	metabolite	genotype_pca_ridge	test	38	0.028251763979731837	0.17403722067944832	0.09946383630594158	31501.78939664463	40908.4584272941
metabolite__Hydroxylinoleic_acid_E1	metabolite	genotype_pca_population_ridge	val	44	-0.04171603361412868	0.07947317130245785	0.11162790697674418	22412.97323708411	28071.697053529108
metabolite__Hydroxylinoleic_acid_E1	metabolite	genotype_pca_population_ridge	test	38	0.04352013934086818	0.21080722136279706	0.1283510230878652	31130.66179315488	40585.80352762576
metabolite__Gibberellin_A4_E1	metabolite	mean_baseline	val	44	-0.01392505223308027			10950.601604278076	13580.104983411975
metabolite__Gibberellin_A4_E1	metabolite	mean_baseline	test	38	-0.10520540673566026			10556.145510835913	12323.78997614987
metabolite__Gibberellin_A4_E1	metabolite	population_ridge	val	44	0.0984245849699028	0.3357162926834376	0.26921315073621954	10214.642873538302	12805.638294807932
metabolite__Gibberellin_A4_E1	metabolite	population_ridge	test	38	-0.18922921977503737	0.08445761787208791	0.07725556722183421	10923.333157560368	12783.67066324155
metabolite__Gibberellin_A4_E1	metabolite	genotype_pca_ridge	val	44	-0.008871971577336435	0.11300413981748395	0.2925402588235726	10930.906886962855	13546.223250176083
metabolite__Gibberellin_A4_E1	metabolite	genotype_pca_ridge	test	38	-0.004722212142952875	0.3997587677404648	0.35881162170027536	10147.248038939772	11750.21436670057
metabolite__Gibberellin_A4_E1	metabolite	genotype_pca_population_ridge	val	44	0.022480622967614217	0.2322939356720549	0.25934670018567746	10756.808721901398	13334.074827710458
metabolite__Gibberellin_A4_E1	metabolite	genotype_pca_population_ridge	test	38	-0.005746105389326628	0.35992044490647696	0.2978606996853155	10172.267280527745	11756.200051806945
metabolite__Sinapoyl_glucose_E1	metabolite	mean_baseline	val	44	-0.011200628253760447			62163.43773873185	110049.10990770819
metabolite__Sinapoyl_glucose_E1	metabolite	mean_baseline	test	38	-0.03972204990971551			56254.546660769556	75131.2266410606
metabolite__Sinapoyl_glucose_E1	metabolite	population_ridge	val	44	0.012679153990200587	0.17037913329045198	0.14573643410852713	62210.871023679014	108741.92635524408
metabolite__Sinapoyl_glucose_E1	metabolite	population_ridge	test	38	-0.02250139627610892	0.18015795973591162	0.20669657511762773	53612.76186303944	74506.4390266859
metabolite__Sinapoyl_glucose_E1	metabolite	genotype_pca_ridge	val	44	0.0488238028407979	0.27715427782030533	0.2834390415785764	60940.457236256516	106732.91132712684
metabolite__Sinapoyl_glucose_E1	metabolite	genotype_pca_ridge	test	38	-0.00387130326189844	0.14014766400494624	0.4189736294999453	47966.08549886235	73824.56083056456
metabolite__Sinapoyl_glucose_E1	metabolite	genotype_pca_population_ridge	val	44	0.04267422396799492	0.253947600380736	0.2606060606060606	60899.2248421924	107077.3821988395
metabolite__Sinapoyl_glucose_E1	metabolite	genotype_pca_population_ridge	test	38	-0.026708742549933495	0.1632199964297792	0.35879199037093773	47930.097761002944	74659.56966476832
metabolite__Benzamidine_E1	metabolite	mean_baseline	val	44	-0.10676123582938946			220724.40794499617	279240.7091723721
metabolite__Benzamidine_E1	metabolite	mean_baseline	test	38	-0.002915813602847761			328357.8062804069	534875.4668035806
metabolite__Benzamidine_E1	metabolite	population_ridge	val	44	-0.2767463791737397	0.23413399980040298	0.2613107822410148	234506.33725550005	299919.0694313572
metabolite__Benzamidine_E1	metabolite	population_ridge	test	38	0.14457658000405194	0.38511673102464367	0.2871368390794518	316897.60288971657	493981.8668615723
metabolite__Benzamidine_E1	metabolite	genotype_pca_ridge	val	44	-0.010908232861214895	0.3294108955878944	0.23016208597603943	227339.06651815577	266874.8382870279
metabolite__Benzamidine_E1	metabolite	genotype_pca_ridge	test	38	0.31718623494537945	0.6432371508364665	0.37314657822444003	287547.42545963655	441338.2541990679
metabolite__Benzamidine_E1	metabolite	genotype_pca_population_ridge	val	44	-0.007676781586863912	0.3571012484066932	0.29809725158562367	225791.9756423018	266447.95319029473
metabolite__Benzamidine_E1	metabolite	genotype_pca_population_ridge	test	38	0.33815485094271003	0.63721070129985	0.4235924939316151	275107.99226262997	434508.8574702276
metabolite__L_Leucine_E1	metabolite	mean_baseline	val	44	-0.016349656714683913			5123584.797555386	7312908.072563131
metabolite__L_Leucine_E1	metabolite	mean_baseline	test	38	-0.006814885859864894			4865891.198584698	6054628.134176739
metabolite__L_Leucine_E1	metabolite	population_ridge	val	44	-0.003154935669616332	0.21466394712374104	0.2797744890768146	5348309.300027931	7265283.219160277
metabolite__L_Leucine_E1	metabolite	population_ridge	test	38	0.18652560082911052	0.43987945841071957	0.48200021884232414	4302193.481556783	5442326.660110009
metabolite__L_Leucine_E1	metabolite	genotype_pca_ridge	val	44	-0.016905309285799586	0.088794702399997	0.1543340380549683	5177605.1516475575	7314906.833970404
metabolite__L_Leucine_E1	metabolite	genotype_pca_ridge	test	38	0.20637463921187027	0.4609854185306575	0.3872414925046504	4446226.35546024	5375519.348179125
metabolite__L_Leucine_E1	metabolite	genotype_pca_population_ridge	val	44	0.0242120783555424	0.20787908396689048	0.3081042988019732	5101073.620607937	7165496.047232541
metabolite__L_Leucine_E1	metabolite	genotype_pca_population_ridge	test	38	0.22772698429947835	0.48364955789445724	0.42925921873290296	4273689.032293113	5302712.614101069
metabolite__L_Isoleucine_E1	metabolite	mean_baseline	val	44	-0.004290536360731734			1556541.4438502674	2278123.579969584
metabolite__L_Isoleucine_E1	metabolite	mean_baseline	test	38	-0.0016329042349090273			1612757.4082264483	2139773.9188674144
metabolite__L_Isoleucine_E1	metabolite	population_ridge	val	44	-0.007435008134200727	0.15474317179644045	0.11529245947850598	1611824.5462386147	2281687.238344242
metabolite__L_Isoleucine_E1	metabolite	population_ridge	test	38	0.1739343304770249	0.42670483896800543	0.478634349898446	1452421.6044267833	1943215.138221208
metabolite__L_Isoleucine_E1	metabolite	genotype_pca_ridge	val	44	-0.02531871076881531	0.03399252093744193	0.1730796335447498	1559783.6705119	2301850.0854120716
metabolite__L_Isoleucine_E1	metabolite	genotype_pca_ridge	test	38	0.1915568341744729	0.4542563473913791	0.32467035119997467	1431432.147807083	1922376.041749374
metabolite__L_Isoleucine_E1	metabolite	genotype_pca_population_ridge	val	44	0.002356991144660703	0.12888370473958433	0.27427766032417195	1561809.783958926	2270571.466449662
metabolite__L_Isoleucine_E1	metabolite	genotype_pca_population_ridge	test	38	0.2257088324357629	0.4879533947471341	0.3820101772966335	1382620.1358582405	1881333.33553215
metabolite__Adenine_E1	metabolite	mean_baseline	val	44	-0.05434268537503062			831466.5775401071	1032364.0451053578
metabolite__Adenine_E1	metabolite	mean_baseline	test	38	-0.08772256826266389			1155317.3374613007	1443772.3997273713
metabolite__Adenine_E1	metabolite	population_ridge	val	44	-0.09332043400710832	0.20139874541538977	0.23495419309372795	843663.6476228635	1051273.4792208485
metabolite__Adenine_E1	metabolite	population_ridge	test	38	-0.09714278036146529	0.12817557252298054	0.2756922469460807	1097769.1630458727	1450010.8112438018
metabolite__Adenine_E1	metabolite	genotype_pca_ridge	val	44	-0.013222662639851501	0.23313860421896326	0.29330514446793515	800444.4422557731	1012032.4160530586
metabolite__Adenine_E1	metabolite	genotype_pca_ridge	test	38	0.024692243957427862	0.269580684647535	0.41687644645399813	1042491.1578812837	1367132.1752614782
metabolite__Adenine_E1	metabolite	genotype_pca_population_ridge	val	44	-0.04795334742263013	0.25163006547640826	0.30613107822410146	825114.8119553332	1029231.218169889
metabolite__Adenine_E1	metabolite	genotype_pca_population_ridge	test	38	-0.04211861621476087	0.20268793957596984	0.3328225974446334	1075590.3825586855	1413182.473414492
metabolite__Trigonelline_E1	metabolite	mean_baseline	val	44	-0.17632822904536938			1821082.5821237585	2507266.016607196
metabolite__Trigonelline_E1	metabolite	mean_baseline	test	38	-0.01494799751174547			2084799.1154356478	2955852.654804352
metabolite__Trigonelline_E1	metabolite	population_ridge	val	44	-0.08359089897205196	0.5061398119827805	0.3924166617681443	1777159.7704491264	2406405.597373441
metabolite__Trigonelline_E1	metabolite	population_ridge	test	38	0.045673026374907555	0.3948568898101983	0.26174974050230515	2067679.2410574297	2866219.7572292425
metabolite__Trigonelline_E1	metabolite	genotype_pca_ridge	val	44	-0.01728223400796325	0.3179849222704963	0.3141870470837621	1752438.5531702063	2331615.236730578
metabolite__Trigonelline_E1	metabolite	genotype_pca_ridge	test	38	0.24543035756210807	0.6546020540227999	0.39732997816215304	1976969.1427637048	2548652.061219598
metabolite__Trigonelline_E1	metabolite	genotype_pca_population_ridge	val	44	0.03622052712989077	0.39396066421206105	0.400592008888314	1722152.1102953278	2269472.8459901134
metabolite__Trigonelline_E1	metabolite	genotype_pca_population_ridge	test	38	0.2578615352120771	0.6577372712142149	0.4129780604747908	1964772.6335961155	2527570.9572445094
metabolite__L_Tryptophan_E1	metabolite	mean_baseline	val	44	-0.02013451848823955			7840888.08250573	10888952.316653728
metabolite__L_Tryptophan_E1	metabolite	mean_baseline	test	38	-0.06192382537439722			7975789.47368421	11811321.652522363
metabolite__L_Tryptophan_E1	metabolite	population_ridge	val	44	-0.030132989162409363	0.09343946285410212	0.22979593974652326	7976167.090877897	10942184.218196655
metabolite__L_Tryptophan_E1	metabolite	population_ridge	test	38	0.07100403722772719	0.4297583658636236	0.4508645244768833	7159447.337049973	11047365.621189693
metabolite__L_Tryptophan_E1	metabolite	genotype_pca_ridge	val	44	-0.04779543072608816	0.14176023119858192	0.3305959992058878	8094730.687639612	11035591.71752736
metabolite__L_Tryptophan_E1	metabolite	genotype_pca_ridge	test	38	-0.08831549646559078	0.12886090375335568	0.17257605706311768	7957178.27992843	11957192.493018216
metabolite__L_Tryptophan_E1	metabolite	genotype_pca_population_ridge	val	44	-0.000605169162637198	0.1389774261107526	0.26123427996951387	7813794.675873226	10784220.162690034
metabolite__L_Tryptophan_E1	metabolite	genotype_pca_population_ridge	test	38	0.008966946176501178	0.3764017582382389	0.3939592932322281	7593680.330914207	11410269.024990518
metabolite__Halaminol_A_E1	metabolite	mean_baseline	val	44	-0.004447935457548402			24272.536287242172	31935.85435784605
metabolite__Halaminol_A_E1	metabolite	mean_baseline	test	38	-0.05408422214953479			22560.194604157456	27675.615767033483
metabolite__Halaminol_A_E1	metabolite	population_ridge	val	44	0.011159393542555351	0.1712674091280846	0.02424327849561768	24438.71675606773	31686.769885782032
metabolite__Halaminol_A_E1	metabolite	population_ridge	test	38	-0.06316389771353048	-0.02134396554249808	-0.07298391508917824	22784.870705167297	27794.55635724635
metabolite__Halaminol_A_E1	metabolite	genotype_pca_ridge	val	44	0.004975847103090403	0.10829381275578691	0.10881285464312121	24196.284578384202	31785.689394030698
metabolite__Halaminol_A_E1	metabolite	genotype_pca_ridge	test	38	0.0003002735798186551	0.3822112568249259	0.4482985009300799	21948.95084387973	26952.212538937547
metabolite__Halaminol_A_E1	metabolite	genotype_pca_population_ridge	val	44	0.016508356340403818	0.16414507767374167	0.052503611858241775	24348.82680570581	31600.951613961945
metabolite__Halaminol_A_E1	metabolite	genotype_pca_population_ridge	test	38	-0.010947604410163292	0.2548020145262775	0.35594704015756645	22166.668514680594	27103.41156130434
metabolite__Austricine_E1	metabolite	mean_baseline	val	44	-0.1365282881108001			9340.58537051184	12563.410616997393
metabolite__Austricine_E1	metabolite	mean_baseline	test	38	-0.02924541155522231			11936.528084918174	15850.563182496935
metabolite__Austricine_E1	metabolite	population_ridge	val	44	-0.2143079330937765	-0.09670505596275478	-0.1337703076862663	9812.0120305396	12986.192776174965
metabolite__Austricine_E1	metabolite	population_ridge	test	38	-0.06865398060851247	-0.06256250226682361	-0.08786519312835103	12197.097830995568	16151.162316952552
metabolite__Austricine_E1	metabolite	genotype_pca_ridge	val	44	-0.13710074590557375	0.0012537562700103806	0.021355323092170017	9199.182771405627	12566.57425005548
metabolite__Austricine_E1	metabolite	genotype_pca_ridge	test	38	-0.08085370064027875	-0.043423485952147525	0.02527628843418317	12459.099111243882	16243.09127597708
metabolite__Austricine_E1	metabolite	genotype_pca_population_ridge	val	44	-0.19235754363093038	-0.05851309742254408	-0.05398738445083245	9481.106606480575	12868.285307998654
metabolite__Austricine_E1	metabolite	genotype_pca_population_ridge	test	38	-0.11265601325017172	-0.06350459023125776	0.037531458584090155	12632.38311513501	16480.32179741659
metabolite__Thiamin_E1	metabolite	mean_baseline	val	44	-0.024851273764761483			460959.8930481283	563589.3351888385
metabolite__Thiamin_E1	metabolite	mean_baseline	test	38	-0.0014310625569531332			406736.84210526315	491762.65697019355
metabolite__Thiamin_E1	metabolite	population_ridge	val	44	0.27373592539880853	0.5768719353988048	0.5087039268395233	382454.9852509491	474438.17283500964
metabolite__Thiamin_E1	metabolite	population_ridge	test	38	0.3754858115933455	0.6661698058298533	0.6308820348566097	314516.3719754624	388343.6178675735
metabolite__Thiamin_E1	metabolite	genotype_pca_ridge	val	44	0.16911060349629348	0.46475445174228847	0.42138276234046956	393488.99019457586	507462.4969812415
metabolite__Thiamin_E1	metabolite	genotype_pca_ridge	test	38	0.02529721151909825	0.19565064596184167	0.22258700067620885	399631.10998605075	485155.68158697005
metabolite__Thiamin_E1	metabolite	genotype_pca_population_ridge	val	44	0.3095694400827267	0.5868740516514647	0.5590245979067745	356260.3360366143	462585.8528356076
metabolite__Thiamin_E1	metabolite	genotype_pca_population_ridge	test	38	0.22723156597952932	0.4775452191883505	0.4831472998945242	351379.92088449997	431986.0319195678
metabolite__Crotonoside_E1	metabolite	mean_baseline	val	44	-0.0010608298421046491			706901.0695187165	1137609.9459960435
metabolite__Crotonoside_E1	metabolite	mean_baseline	test	38	-0.1928853999823088			587349.8452012384	675315.6184781534
metabolite__Crotonoside_E1	metabolite	population_ridge	val	44	0.13712028740541138	0.37704916461008825	0.2553476421218877	723267.748169001	1056180.817139345
metabolite__Crotonoside_E1	metabolite	population_ridge	test	38	-0.073168106538118	0.35453890328699367	0.351846789966515	493365.5598836934	640532.7077315012
metabolite__Crotonoside_E1	metabolite	genotype_pca_ridge	val	44	0.03038735775295265	0.1818272269739336	-0.0966275510210069	755887.9483534815	1119598.4303087753
metabolite__Crotonoside_E1	metabolite	genotype_pca_ridge	test	38	-0.09100365168400915	0.25033199467301553	0.2447058856501174	558075.8955585985	645833.44949629
metabolite__Crotonoside_E1	metabolite	genotype_pca_population_ridge	val	44	0.058388644535843026	0.2580403845839443	0.007470839101551227	766893.7609570217	1103313.6465276927
metabolite__Crotonoside_E1	metabolite	genotype_pca_population_ridge	test	38	-0.14369230900055951	0.2760171425449558	0.20421340904432872	554913.990821627	661244.4391350853
metabolite__N2_N2_Dimethylguanosine_E1	metabolite	mean_baseline	val	44	-0.0030662161818173495			460976.6042780749	623556.9319114764
metabolite__N2_N2_Dimethylguanosine_E1	metabolite	mean_baseline	test	38	-0.19826623115185793			458861.91950464394	541577.9619437442
metabolite__N2_N2_Dimethylguanosine_E1	metabolite	population_ridge	val	44	0.3345287081887801	0.622995746069977	0.5446280703899228	393911.35053685424	507897.379728971
metabolite__N2_N2_Dimethylguanosine_E1	metabolite	population_ridge	test	38	0.05676721299837195	0.39975210592340515	0.42094321041689464	391909.68436734396	480500.4155913382
metabolite__N2_N2_Dimethylguanosine_E1	metabolite	genotype_pca_ridge	val	44	0.10211741858331169	0.32423320623749746	0.1679410832995841	463646.16918800696	589957.98426003
metabolite__N2_N2_Dimethylguanosine_E1	metabolite	genotype_pca_ridge	test	38	-0.15280401262728427	0.15753613545093823	0.22223438012911695	435280.5597199394	531204.8885760233
metabolite__N2_N2_Dimethylguanosine_E1	metabolite	genotype_pca_population_ridge	val	44	0.20998984474712756	0.47369169395065763	0.3487790269616624	447732.81534367544	553385.3361517835
metabolite__N2_N2_Dimethylguanosine_E1	metabolite	genotype_pca_population_ridge	test	38	-0.15190165144496648	0.2112122553009431	0.20888499835868257	439594.45481528755	530996.9466779331
metabolite__Tricin_E1	metabolite	mean_baseline	val	44	-0.020393267333774112			267329.4824293353	572090.4518828264
metabolite__Tricin_E1	metabolite	mean_baseline	test	38	-0.03275663720132371			166231.04688191065	212501.4991424115
metabolite__Tricin_E1	metabolite	population_ridge	val	44	-0.015754553553181783	0.2708294445077485	0.3763213530655391	266208.6301766301	570788.6073737525
metabolite__Tricin_E1	metabolite	population_ridge	test	38	-0.03640964275887737	-0.0607329494231742	0.01422552937512528	167265.66914577948	212876.99124648143
metabolite__Tricin_E1	metabolite	genotype_pca_ridge	val	44	0.006396575214093536	0.2964297111896265	0.01620859760394644	267400.44342313154	564530.5475416764
metabolite__Tricin_E1	metabolite	genotype_pca_ridge	test	38	-0.018345672789523926	0.08800404639001488	0.3101165403777311	164072.44883614837	211013.68025817588
metabolite__Tricin_E1	metabolite	genotype_pca_population_ridge	val	44	0.01987067000541276	0.3635946639628348	0.21437632135306553	262202.9618939977	560689.7283451265
metabolite__Tricin_E1	metabolite	genotype_pca_population_ridge	test	38	-0.033133813171689175	0.04410098697119426	0.18405646468431325	166834.52168453415	212540.29973666498
metabolite__Fructose_1_6_diphosphate_E1	metabolite	mean_baseline	val	44	-0.06275159801110952			48621.161191749416	60016.37635656513
metabolite__Fructose_1_6_diphosphate_E1	metabolite	mean_baseline	test	38	-0.11448352065166256			53073.35249889428	65880.02949573308
metabolite__Fructose_1_6_diphosphate_E1	metabolite	population_ridge	val	44	0.029848107137169344	0.5849665918209354	0.6005356276807395	45989.96738536715	57342.121232988786
metabolite__Fructose_1_6_diphosphate_E1	metabolite	population_ridge	test	38	-0.12544727768124808	-0.009102998374200887	-0.08097609028917467	53395.90904314004	66203.2845797561
metabolite__Fructose_1_6_diphosphate_E1	metabolite	genotype_pca_ridge	val	44	-0.03286167510970195	0.24182425050191783	0.1248149978432801	48634.179384417126	59166.37590125325
metabolite__Fructose_1_6_diphosphate_E1	metabolite	genotype_pca_ridge	test	38	-0.10522555465105521	0.1834850239529373	0.16961208101110914	51558.79378021178	65605.82759648746
metabolite__Fructose_1_6_diphosphate_E1	metabolite	genotype_pca_population_ridge	val	44	0.041215312851508146	0.5105385721695864	0.42117133094943077	46734.347198321055	57005.19446235552
metabolite__Fructose_1_6_diphosphate_E1	metabolite	genotype_pca_population_ridge	test	38	-0.1132864725858942	0.15629589416990178	0.11413251644812052	51957.39822236779	65844.63967265839
metabolite__N_Coumaroyl_spermidine_derivative_E1	metabolite	mean_baseline	val	44	-0.11440394827480094			150886.32161955693	191694.43525246216
metabolite__N_Coumaroyl_spermidine_derivative_E1	metabolite	mean_baseline	test	38	-5.038063139806148e-05			261027.3987173817	669934.3143292347
metabolite__N_Coumaroyl_spermidine_derivative_E1	metabolite	population_ridge	val	44	-0.3047138736085453	0.18695388078194805	0.03551797040169133	154661.21703021054	207417.70516564703
metabolite__N_Coumaroyl_spermidine_derivative_E1	metabolite	population_ridge	test	38	-0.027303863052475563	0.011634891970443682	0.1651255679004927	283372.3882088995	679001.5160986071
metabolite__N_Coumaroyl_spermidine_derivative_E1	metabolite	genotype_pca_ridge	val	44	0.0009443078582580533	0.37873441474025027	0.1558844256518675	140783.38107326435	181502.6766530153
metabolite__N_Coumaroyl_spermidine_derivative_E1	metabolite	genotype_pca_ridge	test	38	0.03347040887144037	0.5055076498385301	0.24216228082424804	250893.87109546104	658610.8193294413
metabolite__N_Coumaroyl_spermidine_derivative_E1	metabolite	genotype_pca_population_ridge	val	44	-0.07534783096915754	0.4969645666982008	0.38322762508809016	148023.24956433897	188305.35321907702
metabolite__N_Coumaroyl_spermidine_derivative_E1	metabolite	genotype_pca_population_ridge	test	38	0.007243599402887102	0.40381478955362926	0.33583192040199605	258774.48414147546	667486.7225445767
metabolite__Acetosyringone_E1	metabolite	mean_baseline	val	44	-0.024544164717638095			603072.5744843392	809040.5046583503
metabolite__Acetosyringone_E1	metabolite	mean_baseline	test	38	-0.22514543655524744			483871.7381689516	560875.7967529513
metabolite__Acetosyringone_E1	metabolite	population_ridge	val	44	-0.02439334048551567	0.038445013276257066	-0.016350118055184014	602965.5163913508	808980.9526116037
metabolite__Acetosyringone_E1	metabolite	population_ridge	test	38	-0.22028353804940748	0.186137132157035	0.24283213102286502	482882.1894513432	559761.7935113152
metabolite__Acetosyringone_E1	metabolite	genotype_pca_ridge	val	44	0.013346869179479248	0.18422287321226558	0.2537087284425105	572145.828871332	793939.0663027983
metabolite__Acetosyringone_E1	metabolite	genotype_pca_ridge	test	38	-0.12302839522174591	0.28570702609861465	0.29098271130680403	446615.2064984385	536992.5305421201
metabolite__Acetosyringone_E1	metabolite	genotype_pca_population_ridge	val	44	0.008183951611374085	0.20487331069166573	0.25490679743793354	591645.1181868882	796013.6016615442
metabolite__Acetosyringone_E1	metabolite	genotype_pca_population_ridge	test	38	-0.13790198281713106	0.31988358900048525	0.32961260867096415	464671.9573711032	540536.8459985259
metabolite__Lincomycin_E1	metabolite	mean_baseline	val	44	-0.024062507956012613			227823.52941176473	318657.44917061325
metabolite__Lincomycin_E1	metabolite	mean_baseline	test	38	-0.012342656613721692			275428.7925696595	374484.05707806256
metabolite__Lincomycin_E1	metabolite	population_ridge	val	44	-0.014375376537365314	0.11915263474325256	0.21188834283605543	238020.60045235354	317146.6959777481
metabolite__Lincomycin_E1	metabolite	population_ridge	test	38	0.07769798360604929	0.41676529725556327	0.48336254795135436	261839.58890169882	357442.46283747
metabolite__Lincomycin_E1	metabolite	genotype_pca_ridge	val	44	-0.02234635771379323	0.05634508103226393	0.14680583353899082	227057.71647318118	318390.33004521154
metabolite__Lincomycin_E1	metabolite	genotype_pca_ridge	test	38	-0.00960039064409468	0.12813491394672694	0.13266200364969236	274543.43107626383	373976.5059681841
metabolite__Lincomycin_E1	metabolite	genotype_pca_population_ridge	val	44	-0.014226702834594818	0.21594938443678796	0.35016223311941813	227204.9349823986	317123.45354573743
metabolite__Lincomycin_E1	metabolite	genotype_pca_population_ridge	test	38	0.003283485019454857	0.3754152785611103	0.45840632944299636	272232.6174226686	371582.6194202785
metabolite__LPC1_acyl_18_3_1_E1	metabolite	mean_baseline	val	44	-0.02622386075911387			322224.21695951105	427322.357618257
metabolite__LPC1_acyl_18_3_1_E1	metabolite	mean_baseline	test	38	-0.007311234954813894			358579.38965059706	484437.06765320606
metabolite__LPC1_acyl_18_3_1_E1	metabolite	population_ridge	val	44	0.02947634687074796	0.24098125568557868	0.25045806906272017	315141.126900519	415563.7186079748
metabolite__LPC1_acyl_18_3_1_E1	metabolite	population_ridge	test	38	0.1252309004007197	0.4694596709844665	0.4830341766551917	333812.03295312816	451442.2943950471
metabolite__LPC1_acyl_18_3_1_E1	metabolite	genotype_pca_ridge	val	44	-0.029990053114858473	0.0405754910165161	0.0668076109936575	314077.7062381104	428105.7657888729
metabolite__LPC1_acyl_18_3_1_E1	metabolite	genotype_pca_ridge	test	38	0.08225957466705591	0.32740654740359854	0.3076839045043608	337765.9284620362	462397.48028826545
metabolite__LPC1_acyl_18_3_1_E1	metabolite	genotype_pca_population_ridge	val	44	0.011782606483041969	0.17754091467281877	0.23763213530655392	308132.92920297896	419334.70645136543
metabolite__LPC1_acyl_18_3_1_E1	metabolite	genotype_pca_population_ridge	test	38	0.12212384627976358	0.39168508604206465	0.41123031989430214	333192.07200143	452243.3128243892
metabolite__LPC1_acyl_18_3_2_E1	metabolite	mean_baseline	val	44	-0.04254447993550703			17873.644003055768	22091.258526463003
metabolite__LPC1_acyl_18_3_2_E1	metabolite	mean_baseline	test	38	-0.041205260567140245			28702.580716497123	48897.128841129714
metabolite__LPC1_acyl_18_3_2_E1	metabolite	population_ridge	val	44	0.02719071504372561	0.32846599986140523	0.31161875320468757	16108.08678804084	21339.636386515886
metabolite__LPC1_acyl_18_3_2_E1	metabolite	population_ridge	test	38	0.08882788469626801	0.42546200470577683	0.4752161067950542	26672.461647208907	45742.02556057659
metabolite__LPC1_acyl_18_3_2_E1	metabolite	genotype_pca_ridge	val	44	0.05476098290148601	0.2675745545936771	0.350535846365092	16441.816572443135	21035.070963603055
metabolite__LPC1_acyl_18_3_2_E1	metabolite	genotype_pca_ridge	test	38	-0.02772556421652972	0.1842341197138523	0.422037422037422	28678.5582324269	48579.580672260665
metabolite__LPC1_acyl_18_3_2_E1	metabolite	genotype_pca_population_ridge	val	44	0.10695099085082815	0.36132937324839276	0.4156091742401885	15474.287863660133	20446.11541568765
metabolite__LPC1_acyl_18_3_2_E1	metabolite	genotype_pca_population_ridge	test	38	0.01636320922269896	0.2771702759810814	0.4918481234270708	27695.399541843595	47526.14230770119
metabolite__N_N_Di_coumaroyl_N_feruloylspermidine_E1	metabolite	mean_baseline	val	44	-0.0020876236113100965			330788.5217723453	425142.72707969166
metabolite__N_N_Di_coumaroyl_N_feruloylspermidine_E1	metabolite	mean_baseline	test	38	-0.006555325666817602			361906.7624944715	544463.3205723101
metabolite__N_N_Di_coumaroyl_N_feruloylspermidine_E1	metabolite	population_ridge	val	44	0.03852085898305713	0.3212723897417285	0.2520351002561056	323169.44592139823	416439.42505790637
metabolite__N_N_Di_coumaroyl_N_feruloylspermidine_E1	metabolite	population_ridge	test	38	0.01866920277192108	0.27394506313281164	0.3025495130758289	350735.75458523154	537597.8414522674
metabolite__N_N_Di_coumaroyl_N_feruloylspermidine_E1	metabolite	genotype_pca_ridge	val	44	0.02804983992996468	0.20014309111627132	0.37770025231333043	322378.32013145456	418700.9079207768
metabolite__N_N_Di_coumaroyl_N_feruloylspermidine_E1	metabolite	genotype_pca_ridge	test	38	0.019617879244320346	0.2318622102778889	0.16336579494474232	356644.80145321816	537337.924131944
metabolite__N_N_Di_coumaroyl_N_feruloylspermidine_E1	metabolite	genotype_pca_population_ridge	val	44	0.05907721729318283	0.2885910234797756	0.39708214620886423	315547.4163470974	411963.64964124607
metabolite__N_N_Di_coumaroyl_N_feruloylspermidine_E1	metabolite	genotype_pca_population_ridge	test	38	0.03892532834822471	0.28568152816234144	0.19553561658824817	347824.4581514375	532020.5011636107
metabolite__Ferulic_acid_E1	metabolite	mean_baseline	val	44	-0.0011403448634215163			269252.1008403361	355897.66953924834
metabolite__Ferulic_acid_E1	metabolite	mean_baseline	test	38	-0.024568949085901126			255134.01149933657	334329.0636559067
metabolite__Ferulic_acid_E1	metabolite	population_ridge	val	44	-0.030098393276761115	-0.002885546378634417	0.14427177019693738	268386.37476184336	361008.15907792805
metabolite__Ferulic_acid_E1	metabolite	population_ridge	test	38	-0.006569428278796918	0.11874531110823555	0.39428759264325497	240407.23276051716	331379.3219421367
metabolite__Ferulic_acid_E1	metabolite	genotype_pca_ridge	val	44	0.001974616754583769	0.05549917693982519	0.03199774483117223	267655.4633289514	355343.5657791933
metabolite__Ferulic_acid_E1	metabolite	genotype_pca_ridge	test	38	0.017452325949540715	0.2917194159139929	0.5331582435076153	242580.44389070428	327401.26495136536
metabolite__Ferulic_acid_E1	metabolite	genotype_pca_population_ridge	val	44	-0.008142137356178525	0.012744977561716504	0.09782570446182173	266369.2685150632	357140.0427001547
metabolite__Ferulic_acid_E1	metabolite	genotype_pca_population_ridge	test	38	0.02655989443582696	0.22703277101638633	0.4741737826597901	237279.83927382156	325880.3354170684
metabolite__Uracil_E1	metabolite	mean_baseline	val	44	-0.0020792283941761802			24977.843773873185	35986.73467635158
metabolite__Uracil_E1	metabolite	mean_baseline	test	38	-0.08352584685042008			24279.425033171163	27591.731849051204
metabolite__Uracil_E1	metabolite	population_ridge	val	44	0.2648191703081981	0.5146419867720814	0.4771838334122887	20995.865834002325	30823.96472195237
metabolite__Uracil_E1	metabolite	population_ridge	test	38	0.11882601657037695	0.4422729332146262	0.4065218586814648	19272.9861506756	24882.279030089023
metabolite__Uracil_E1	metabolite	genotype_pca_ridge	val	44	0.13685373088499186	0.38884232791789985	0.16131646650136294	23280.265647314347	33399.01130423601
metabolite__Uracil_E1	metabolite	genotype_pca_ridge	test	38	0.14315995289515093	0.4182078703464839	0.3135087819979533	20342.394177370723	24536.30723429742
metabolite__Uracil_E1	metabolite	genotype_pca_population_ridge	val	44	0.19978413971939968	0.4477448675715987	0.3158673669109257	22426.475621803056	32158.441208871245
metabolite__Uracil_E1	metabolite	genotype_pca_population_ridge	test	38	0.13156024490151708	0.4146086533554927	0.3135087819979533	19326.778789805383	24701.83241345881
metabolite__Guanosine_E1	metabolite	mean_baseline	val	44	-0.16134488520912393			2642473.6440030565	3529396.2042335426
metabolite__Guanosine_E1	metabolite	mean_baseline	test	38	-0.01366874777097582			3856643.0782839446	7048742.037768202
metabolite__Guanosine_E1	metabolite	population_ridge	val	44	-0.1889593796312674	0.33527679114710995	0.2528541226215645	2721346.3861095863	3571110.7344746157
metabolite__Guanosine_E1	metabolite	population_ridge	test	38	0.09273023038534389	0.31378783494297235	0.4327606959185906	3330631.0387177155	6668556.093763333
metabolite__Guanosine_E1	metabolite	genotype_pca_ridge	val	44	-0.15620554276460608	0.12860588810953646	0.07892882311486962	2668039.858484346	3521578.1615392994
metabolite__Guanosine_E1	metabolite	genotype_pca_ridge	test	38	-0.0115300056293004	0.017647588648268746	0.19619214356056458	3710921.0660081096	7041302.032340981
metabolite__Guanosine_E1	metabolite	genotype_pca_population_ridge	val	44	-0.06875145658298898	0.3145813302495907	0.21522198731501055	2548272.8777046385	3385775.5801224154
metabolite__Guanosine_E1	metabolite	genotype_pca_population_ridge	test	38	0.045146628221672924	0.24618095996141492	0.2887624466571835	3510616.3693424766	6841194.39923263
metabolite__Quercetin_E1	metabolite	mean_baseline	val	44	-0.03813682785403927			803531.4986631017	1806182.1649605292
metabolite__Quercetin_E1	metabolite	mean_baseline	test	38	-0.3467551260799362			315432.1362229103	362071.1863146144
metabolite__Quercetin_E1	metabolite	population_ridge	val	44	0.12038740619675103	0.41687984359849767	0.34207188160676527	802990.9657015533	1662570.1159484063
metabolite__Quercetin_E1	metabolite	population_ridge	test	38	-1.6773767149381564	0.07214697569509888	0.2951088740562425	379691.1108486648	510510.1572491898
metabolite__Quercetin_E1	metabolite	genotype_pca_ridge	val	44	0.520550152066	0.7516891626843392	0.4383368569415081	601935.3484510538	1227455.7458402743
metabolite__Quercetin_E1	metabolite	genotype_pca_ridge	test	38	-1.2826222345551548	0.34937681038711904	0.4633986212933581	348740.3096079323	471375.13305370405
metabolite__Quercetin_E1	metabolite	genotype_pca_population_ridge	val	44	0.5435462854059068	0.7645817594697863	0.44679351656095834	572234.6192977409	1197657.4585402126
metabolite__Quercetin_E1	metabolite	genotype_pca_population_ridge	test	38	-1.4438521382673235	0.33131392508373664	0.5198599409125725	362808.00095230015	487738.5797829516
metabolite__Hesperetin_E1	metabolite	mean_baseline	val	44	-0.024113152484230405			215890.0347593583	534777.9909170179
metabolite__Hesperetin_E1	metabolite	mean_baseline	test	38	-0.18319375774472313			94489.72357363999	113207.8467444451
metabolite__Hesperetin_E1	metabolite	population_ridge	val	44	0.0538202273619105	0.3346986153668285	0.40833010349886284	204451.74333409668	514027.534604089
metabolite__Hesperetin_E1	metabolite	population_ridge	test	38	-0.2847797077226355	0.2693104971563775	0.4718498666580016	91890.63885212652	117967.6503793953
metabolite__Hesperetin_E1	metabolite	genotype_pca_ridge	val	44	0.7154693515222128	0.8931416411368224	0.5349025691329599	164717.89847033488	281879.8815315065
metabolite__Hesperetin_E1	metabolite	genotype_pca_ridge	test	38	-1.492630463361221	0.3102698675525708	0.41429118626326394	110758.86900460519	164315.12606409905
metabolite__Hesperetin_E1	metabolite	genotype_pca_population_ridge	val	44	0.7348964089876961	0.903028852623298	0.585291941587514	154915.5495608848	272086.7284532924
metabolite__Hesperetin_E1	metabolite	genotype_pca_population_ridge	test	38	-1.2892809056071228	0.34797803151035384	0.5243748981969257	108570.91351197	157470.11263071772
metabolite__Feruloylagmatine_derivative_E1	metabolite	mean_baseline	val	44	-0.021688503977046247			19051.51203208556	57728.258884108356
metabolite__Feruloylagmatine_derivative_E1	metabolite	mean_baseline	test	38	-0.004594446445363776			16744.43520566121	34973.64995597731
metabolite__Feruloylagmatine_derivative_E1	metabolite	population_ridge	val	44	-0.01315839718056866	0.12854743957740364	0.007470049330514446	18908.570057002005	57486.766321030605
metabolite__Feruloylagmatine_derivative_E1	metabolite	population_ridge	test	38	0.025873472829335387	0.24345974090688216	0.3526837013540675	16190.339510699963	34439.21609771239
metabolite__Feruloylagmatine_derivative_E1	metabolite	genotype_pca_ridge	val	44	-0.022016699369216797	-0.08269197712312505	0.023960535588442564	19079.683494201567	57737.530118552124
metabolite__Feruloylagmatine_derivative_E1	metabolite	genotype_pca_ridge	test	38	-0.00553822294109696	-0.030209248652287097	0.17530229276115925	16758.03618857184	34990.07427540857
metabolite__Feruloylagmatine_derivative_E1	metabolite	genotype_pca_population_ridge	val	44	-0.0206404091337431	0.05916555236292707	0.020155038759689922	19062.784822583948	57698.64114088315
metabolite__Feruloylagmatine_derivative_E1	metabolite	genotype_pca_population_ridge	test	38	-0.0010271963614654211	0.10451339586611341	0.34699348960401744	16681.64237016723	34911.50014680821
metabolite__Glutathione_E1	metabolite	mean_baseline	val	44	-0.02080672462673605			1183854.8510313218	1508794.4531966047
metabolite__Glutathione_E1	metabolite	mean_baseline	test	38	-0.013563760668662272			934000.0	1084671.1239827955
metabolite__Glutathione_E1	metabolite	population_ridge	val	44	0.19225696278010573	0.48021926535997195	0.6042283298097252	997068.5222615114	1342131.0665251184
metabolite__Glutathione_E1	metabolite	population_ridge	test	38	0.0046857068943240154	0.27373076576192434	0.18801641840201327	896130.6438938152	1074861.8822999503
metabolite__Glutathione_E1	metabolite	genotype_pca_ridge	val	44	0.09206517801386083	0.35884914916603144	0.3293868921775898	1088474.8131123772	1422936.9403414757
metabolite__Glutathione_E1	metabolite	genotype_pca_ridge	test	38	0.03645943207711877	0.28197161835123485	0.2248974038510694	917111.7878747539	1057566.154814759
metabolite__Glutathione_E1	metabolite	genotype_pca_population_ridge	val	44	0.16528070221278668	0.44265448418316355	0.47596899224806194	1009450.9937402044	1364358.6374070917
metabolite__Glutathione_E1	metabolite	genotype_pca_population_ridge	test	38	0.03785689022405603	0.3194779134555103	0.240000003233769	884629.7876673031	1056798.9630940068
metabolite__L_Proline_E1	metabolite	mean_baseline	val	44	-0.021999812715655986			14685359.052711993	17864725.805221032
metabolite__L_Proline_E1	metabolite	mean_baseline	test	38	-0.0024933272436256093			20100484.298982754	24056846.698556274
metabolite__L_Proline_E1	metabolite	population_ridge	val	44	0.1671253037206174	0.6043675135628361	0.5455826932557363	13494276.692922747	16127267.171094153
metabolite__L_Proline_E1	metabolite	population_ridge	test	38	0.11191063859296624	0.5096217613331019	0.3762105383975439	18788014.06221044	22642599.725283165
metabolite__L_Proline_E1	metabolite	genotype_pca_ridge	val	44	-0.027150432189931628	0.1485162062615998	0.08866335462029663	14528373.128583191	17909686.06959792
metabolite__L_Proline_E1	metabolite	genotype_pca_ridge	test	38	0.2157108922502563	0.6043396113887464	0.6225310508852903	17683888.38714761	21278256.860239547
metabolite__L_Proline_E1	metabolite	genotype_pca_population_ridge	val	44	0.08369484063838883	0.35797684517056017	0.2790992720956873	13826944.52092304	16915740.445230447
metabolite__L_Proline_E1	metabolite	genotype_pca_population_ridge	test	38	0.27057366646147496	0.6600080883624035	0.6548120598519207	16895069.728518616	20520534.770311076
metabolite__N_N_caffeoyl_Feruloyl_spermidine_derivative_E1	metabolite	mean_baseline	val	44	-0.005155139986123158			550099.3869365928	1331727.8553278628
metabolite__N_N_caffeoyl_Feruloyl_spermidine_derivative_E1	metabolite	mean_baseline	test	38	-0.03131563220297506			593174.8452012384	910656.7350243098
metabolite__N_N_caffeoyl_Feruloyl_spermidine_derivative_E1	metabolite	population_ridge	val	44	-0.014806852789228442	0.04480352300501514	0.050458069062720226	523079.1425014701	1338106.3466366725
metabolite__N_N_caffeoyl_Feruloyl_spermidine_derivative_E1	metabolite	population_ridge	test	38	-0.048551186126657875	0.11571189780901785	0.14225529375125281	589953.6524273729	918234.7440143474
metabolite__N_N_caffeoyl_Feruloyl_spermidine_derivative_E1	metabolite	genotype_pca_ridge	val	44	-0.0176018796593036	-0.09843585044958075	0.18816067653276955	523488.2809965519	1339947.816013314
metabolite__N_N_caffeoyl_Feruloyl_spermidine_derivative_E1	metabolite	genotype_pca_ridge	test	38	0.02623459779854387	0.3194705641399013	0.30573945441615413	570752.7071216499	884883.4521131389
metabolite__N_N_caffeoyl_Feruloyl_spermidine_derivative_E1	metabolite	genotype_pca_population_ridge	val	44	-0.016725812212210922	-0.049911013291266314	0.1354474982381959	509204.1010419524	1339370.9020708099
metabolite__N_N_caffeoyl_Feruloyl_spermidine_derivative_E1	metabolite	genotype_pca_population_ridge	test	38	0.02631913651576634	0.26245981353158104	0.21480549356439174	571944.8738616039	884845.0401221967
metabolite__Asparagine_E1	metabolite	mean_baseline	val	44	-0.0035670713256277242			2668898.013750955	3686944.3065694673
metabolite__Asparagine_E1	metabolite	mean_baseline	test	38	-0.12428089528222142			3483239.716939408	4293721.616812175
metabolite__Asparagine_E1	metabolite	population_ridge	val	44	0.07604377833956832	0.38705507314552406	0.38972479674641214	2543923.040413315	3537684.2901563547
metabolite__Asparagine_E1	metabolite	population_ridge	test	38	0.010512538400307414	0.5670111509483592	0.4244446876025823	3283932.992633098	4028112.727104554
metabolite__Asparagine_E1	metabolite	genotype_pca_ridge	val	44	0.032035025412076146	0.19757157545262727	0.20155748981821672	2569332.891827189	3620955.5813811896
metabolite__Asparagine_E1	metabolite	genotype_pca_ridge	test	38	-0.012539815948946709	0.35143341148955126	0.22223438012911695	3362323.9649929977	4074764.586681665
metabolite__Asparagine_E1	metabolite	genotype_pca_population_ridge	val	44	0.06188958713193904	0.2569276061383131	0.26900172679585077	2515988.8868916896	3564678.3970846375
metabolite__Asparagine_E1	metabolite	genotype_pca_population_ridge	test	38	0.0427605926106277	0.4479108337571654	0.2765072765072765	3267565.600293079	3961929.586462477
metabolite__DIMBOA_glucoside_E1	metabolite	mean_baseline	val	44	-0.00024286440746235094			310846.17226890754	394299.5866571136
metabolite__DIMBOA_glucoside_E1	metabolite	mean_baseline	test	38	-0.0007437606230942251			382020.3151260504	526977.7133391005
metabolite__DIMBOA_glucoside_E1	metabolite	population_ridge	val	44	0.13984927830751215	0.4476834375314747	0.4765663554016149	287873.8202424599	365646.03628629155
metabolite__DIMBOA_glucoside_E1	metabolite	population_ridge	test	38	0.024278043135029903	0.15799283145951332	0.19312835102308787	383405.3806348582	520347.9431077637
metabolite__DIMBOA_glucoside_E1	metabolite	genotype_pca_ridge	val	44	0.04364990418008863	0.3242966546775424	0.36232292711027836	306647.27722548996	385551.1862898919
metabolite__DIMBOA_glucoside_E1	metabolite	genotype_pca_ridge	test	38	0.12539382348474315	0.6282950541947273	0.41809826020352336	361478.635242002	492648.39600897656
metabolite__DIMBOA_glucoside_E1	metabolite	genotype_pca_population_ridge	val	44	0.09217250579294789	0.44625176664162086	0.40503206810013026	299488.26533617306	375642.96223323233
metabolite__DIMBOA_glucoside_E1	metabolite	genotype_pca_population_ridge	test	38	0.13918877096603455	0.5994274568125647	0.4051865630812999	360814.867116411	488747.74305262347
metabolite__Diosgenin_E1	metabolite	mean_baseline	val	44	-0.013039282510360684			2925207.2192513365	3877712.6957101715
metabolite__Diosgenin_E1	metabolite	mean_baseline	test	38	-0.007102341451252103			2684215.1702786377	4159459.7325778753
metabolite__Diosgenin_E1	metabolite	population_ridge	val	44	-0.05379994143089628	-0.12301526696950082	-0.0849984146836866	2945684.9123001304	3954955.2190721277
metabolite__Diosgenin_E1	metabolite	population_ridge	test	38	-0.05240885188745947	-0.1272638456664062	-0.04825737272638653	2792404.7941782903	4251991.303488034
metabolite__Diosgenin_E1	metabolite	genotype_pca_ridge	val	44	-0.05056860105905603	-0.058719658520256394	-0.09063678381693281	2984729.227909706	3948886.8858344755
metabolite__Diosgenin_E1	metabolite	genotype_pca_ridge	test	38	-0.02454575034343387	0.02650272174775834	0.12606007569341787	2652678.3265607567	4195326.830998025
metabolite__Diosgenin_E1	metabolite	genotype_pca_population_ridge	val	44	-0.08814057032562395	-0.11162657259202642	-0.1411001875594864	3006072.840589212	4018879.51961124
metabolite__Diosgenin_E1	metabolite	genotype_pca_population_ridge	test	38	-0.06367116164316977	-0.04447301745676964	0.12168298973184087	2765574.315253846	4274682.01355647
metabolite__Pyridoxate_1_E1	metabolite	mean_baseline	val	44	-0.011040683773321902			432305.9587471353	523866.2950991828
metabolite__Pyridoxate_1_E1	metabolite	mean_baseline	test	38	-0.021325034807188503			454934.54223794787	634270.4942142142
metabolite__Pyridoxate_1_E1	metabolite	population_ridge	val	44	-0.0786984550757519	0.10519074238852603	0.10241770864073146	434963.5235084092	541110.7598848697
metabolite__Pyridoxate_1_E1	metabolite	population_ridge	test	38	0.14662779754480115	0.4416799587240283	0.44574556004155996	433339.6782194416	579778.0458608553
metabolite__Pyridoxate_1_E1	metabolite	genotype_pca_ridge	val	44	-0.20284675850087508	-0.11444639739421762	-0.09684923033197869	458829.5606988011	571401.3901086918
metabolite__Pyridoxate_1_E1	metabolite	genotype_pca_ridge	test	38	0.03963321703976175	0.25004785389262474	0.11655266914909439	477817.57705297647	615050.938083125
metabolite__Pyridoxate_1_E1	metabolite	genotype_pca_population_ridge	val	44	-0.2706313195863246	-0.06959895895843317	-0.04757877035959652	467378.2841780177	587280.9580049203
metabolite__Pyridoxate_1_E1	metabolite	genotype_pca_population_ridge	test	38	0.10154327511262262	0.35190868208255166	0.2348563643135742	466568.0052970646	594896.0727579247
metabolite__Pyroglutamic_acid_E2	metabolite	mean_baseline	val	44	-0.04003892809017984			304134.7402597403	380940.40990052006
metabolite__Pyroglutamic_acid_E2	metabolite	mean_baseline	test	38	-0.01020373267086927			397568.7969924812	511503.2711938389
metabolite__Pyroglutamic_acid_E2	metabolite	population_ridge	val	44	0.04170094221869802	0.2773113155539424	0.2587920226315779	285311.16180156573	365664.48172208463
metabolite__Pyroglutamic_acid_E2	metabolite	population_ridge	test	38	0.00799152127406666	0.16944432206197418	0.18398731055984735	385016.2900958539	506875.8771319234
metabolite__Pyroglutamic_acid_E2	metabolite	genotype_pca_ridge	val	44	-0.027353560607234817	0.15040946341508038	0.3074212425705182	305736.54098152794	378610.1150302637
metabolite__Pyroglutamic_acid_E2	metabolite	genotype_pca_ridge	test	38	-0.011374610283799491	0.018180772285355522	-0.003283533204518394	391420.3760509992	511799.6145299259
metabolite__Pyroglutamic_acid_E2	metabolite	genotype_pca_population_ridge	val	44	0.01651730363625048	0.2957739837260136	0.37141447692494983	296582.02231206297	370438.0666250645
metabolite__Pyroglutamic_acid_E2	metabolite	genotype_pca_population_ridge	test	38	0.02580516084104334	0.20181726000734296	0.2117878916914364	381232.5024643195	502304.23909195536
metabolite__L_Pipecolate_E2	metabolite	mean_baseline	val	44	-0.009304518914703852			19875013.368983958	27868453.82680058
metabolite__L_Pipecolate_E2	metabolite	mean_baseline	test	38	-0.34799337427927335			15984982.308712954	18172922.55937617
metabolite__L_Pipecolate_E2	metabolite	population_ridge	val	44	-0.0033391694465167987	0.22655055416918624	0.20883109677260644	19814847.152823344	27785975.52931817
metabolite__L_Pipecolate_E2	metabolite	population_ridge	test	38	-0.3569428477496712	-0.17209611131288102	-0.19251395886389677	16067163.026427595	18233148.759614766
metabolite__L_Pipecolate_E2	metabolite	genotype_pca_ridge	val	44	0.0059774086860128195	0.09821888185728506	0.21672481355915116	20231198.102315914	27656670.32239484
metabolite__L_Pipecolate_E2	metabolite	genotype_pca_ridge	test	38	-0.3515881482243377	0.10693422680468957	0.1688738138300129	16064952.15916746	18197137.831695497
metabolite__L_Pipecolate_E2	metabolite	genotype_pca_population_ridge	val	44	0.02168342356483366	0.1735682484587945	0.32646157281495547	20042326.67115794	27437306.2929561
metabolite__L_Pipecolate_E2	metabolite	genotype_pca_population_ridge	test	38	-0.3750495551412647	0.05409899998490285	0.11896684098070254	16235462.74325556	18354394.928196117
metabolite__L_Aspartic_acid_E2	metabolite	mean_baseline	val	44	-0.044996064345283804			5295000.0	8744393.377003014
metabolite__L_Aspartic_acid_E2	metabolite	mean_baseline	test	38	-0.015549425826566043			4707191.508182221	6415037.115542684
metabolite__L_Aspartic_acid_E2	metabolite	population_ridge	val	44	0.014845499172596588	0.20837436098171444	0.211798705233721	5192064.5222683335	8490329.247770842
metabolite__L_Aspartic_acid_E2	metabolite	population_ridge	test	38	0.06541227594037946	0.28661519028935445	0.15705374131307095	4597574.427963812	6154016.793506369
metabolite__L_Aspartic_acid_E2	metabolite	genotype_pca_ridge	val	44	0.1055191720447235	0.4693704447537413	0.17437271106430144	5121479.72769679	8090174.2818210395
metabolite__L_Aspartic_acid_E2	metabolite	genotype_pca_ridge	test	38	0.21563340682313115	0.4859530805603969	0.17784831333361695	4297509.780264142	5637780.785711389
metabolite__L_Aspartic_acid_E2	metabolite	genotype_pca_population_ridge	val	44	0.11298079926577431	0.4704694611539193	0.21814209407599555	5085963.465667639	8056360.0952142235
metabolite__L_Aspartic_acid_E2	metabolite	genotype_pca_population_ridge	test	38	0.22165296444508997	0.48456524273220397	0.18901171515517323	4328736.007053414	5616105.774797802
metabolite__L_Methionine_E2	metabolite	mean_baseline	val	44	-0.029940466299206436			1848377.9602750195	2654641.511498699
metabolite__L_Methionine_E2	metabolite	mean_baseline	test	38	-0.0005319966487260519			1903808.049535604	4589515.916303799
metabolite__L_Methionine_E2	metabolite	population_ridge	val	44	-0.01336066685237225	0.12411365211147539	0.15167747542860818	1799076.5737182996	2633187.8471364942
metabolite__L_Methionine_E2	metabolite	population_ridge	test	38	0.003875689851405073	0.06774449991416585	0.05964758816419769	1877265.3117855336	4579395.562479126
metabolite__L_Methionine_E2	metabolite	genotype_pca_ridge	val	44	-0.05637198165948587	-0.22342752477974132	-0.044051311404684074	1855183.666358161	2688488.9590774095
metabolite__L_Methionine_E2	metabolite	genotype_pca_ridge	test	38	0.0258659310995758	0.37055530793367636	0.15639707061768532	1915791.4494066616	4528566.563509771
metabolite__L_Methionine_E2	metabolite	genotype_pca_population_ridge	val	44	-0.04743627818318097	-0.10769687003069352	0.032985621979827434	1841787.597455576	2677094.034036349
metabolite__L_Methionine_E2	metabolite	genotype_pca_population_ridge	test	38	0.026395213480674973	0.3139207574540352	0.1268468893253305	1909454.2341362932	4527336.129097248
metabolite__Phenylpyruvic_acid_E2	metabolite	mean_baseline	val	44	-0.027627344695387857			289262.987012987	464542.5977659601
metabolite__Phenylpyruvic_acid_E2	metabolite	mean_baseline	test	38	-0.015674210749029527			393868.42105263163	636387.0831518957
metabolite__Phenylpyruvic_acid_E2	metabolite	population_ridge	val	44	0.06840109392591898	0.3047666415655388	0.3073507654401719	272989.2927905879	442305.3607963261
metabolite__Phenylpyruvic_acid_E2	metabolite	population_ridge	test	38	0.07576930918585256	0.32159300114809675	0.47808243457787813	370835.5378660713	607063.8004993676
metabolite__Phenylpyruvic_acid_E2	metabolite	genotype_pca_ridge	val	44	0.10394416260725248	0.422306465700127	0.4433716270085121	267570.89829619817	433785.72369187017
metabolite__Phenylpyruvic_acid_E2	metabolite	genotype_pca_ridge	test	38	0.12996279993718962	0.42725462968330125	0.3522136617380064	363682.9708950868	588996.9616943247
metabolite__Phenylpyruvic_acid_E2	metabolite	genotype_pca_population_ridge	val	44	0.13978277154372254	0.44546177144814464	0.4538022422997631	268700.36856193683	425022.3677248085
metabolite__Phenylpyruvic_acid_E2	metabolite	genotype_pca_population_ridge	test	38	0.1442485360565412	0.4329800472269399	0.4568489198553259	352837.9527790533	584141.375327901
metabolite__2_6_diformyl_4_methylphenol_E2	metabolite	mean_baseline	val	44	-0.00435765927277143			813363.6363636366	1092738.9087361924
metabolite__2_6_diformyl_4_methylphenol_E2	metabolite	mean_baseline	test	38	-0.002600232726506002			1138947.3684210526	1659811.694562327
metabolite__2_6_diformyl_4_methylphenol_E2	metabolite	population_ridge	val	44	-0.020597846398358044	0.10006531054226603	0.1263039200595102	821251.966216967	1101538.1249600176
metabolite__2_6_diformyl_4_methylphenol_E2	metabolite	population_ridge	test	38	0.03990916642617215	0.2187572503408184	0.29708283062586327	1089949.5112360585	1624243.2899360037
metabolite__2_6_diformyl_4_methylphenol_E2	metabolite	genotype_pca_ridge	val	44	-0.04178119960879667	0.0854087387961056	-0.009726529558154243	852207.1910386878	1112911.082106986
metabolite__2_6_diformyl_4_methylphenol_E2	metabolite	genotype_pca_ridge	test	38	0.035996702203644704	0.20872125565156122	0.33440974486441133	1092228.6109419197	1627549.4004593734
metabolite__2_6_diformyl_4_methylphenol_E2	metabolite	genotype_pca_population_ridge	val	44	-0.06473727405240859	0.12632610855023518	0.08697490923740823	859113.1878701258	1125105.9934410385
metabolite__2_6_diformyl_4_methylphenol_E2	metabolite	genotype_pca_population_ridge	test	38	0.0278421835018825	0.20594123703827302	0.3114224956265958	1073387.4923732774	1634418.636993926
metabolite__L_Arginine_E2	metabolite	mean_baseline	val	44	-0.03597492698063598			30137394.957983192	36533451.15216389
metabolite__L_Arginine_E2	metabolite	mean_baseline	test	38	-0.011370044197849039			28939893.852277756	37312031.378514685
metabolite__L_Arginine_E2	metabolite	population_ridge	val	44	0.12529971161508802	0.42539128856952274	0.4083444932264059	27354531.854223426	33569564.918573186
metabolite__L_Arginine_E2	metabolite	population_ridge	test	38	0.07324523552306517	0.28434715708539354	0.3277863420823281	26620974.653513502	35717106.16171224
metabolite__L_Arginine_E2	metabolite	genotype_pca_ridge	val	44	0.07398608090061709	0.2990315898030592	0.33307491801656786	28442893.03090892	34540198.9745939
metabolite__L_Arginine_E2	metabolite	genotype_pca_ridge	test	38	0.057397122068731043	0.28974800588028143	0.2097657419605012	27898430.906659786	36021204.55648914
metabolite__L_Arginine_E2	metabolite	genotype_pca_population_ridge	val	44	0.13993355657214346	0.4009013368289663	0.42864190676613745	27097984.50280616	33287568.982251592
metabolite__L_Arginine_E2	metabolite	genotype_pca_population_ridge	test	38	0.05072728555683792	0.3028210694907821	0.2233413954067967	28035435.385770608	36148422.51717083
metabolite__Gluconolactone_E2	metabolite	mean_baseline	val	44	-0.002322248225097745			159488.92284186397	213737.42796027396
metabolite__Gluconolactone_E2	metabolite	mean_baseline	test	38	-0.04173877500831025			147829.27908005303	218486.21891588025
metabolite__Gluconolactone_E2	metabolite	population_ridge	val	44	0.20965512356714	0.47189796719798766	0.347194815967158	142820.93884394597	189795.19569067055
metabolite__Gluconolactone_E2	metabolite	population_ridge	test	38	0.08066114340483566	0.33811644517215267	0.18365895723939551	150704.3763621398	205249.6580777231
metabolite__Gluconolactone_E2	metabolite	genotype_pca_ridge	val	44	0.007646203539446117	0.16358846161315607	0.041654920064269255	153357.5028412566	212671.9247132706
metabolite__Gluconolactone_E2	metabolite	genotype_pca_ridge	test	38	0.11640953337400683	0.3546546973469617	0.22076288245045333	132248.02520784573	201219.53677704485
metabolite__Gluconolactone_E2	metabolite	genotype_pca_population_ridge	val	44	0.12821518580159064	0.3770452056795005	0.22624753537445735	150571.00149716812	199334.07428463674
metabolite__Gluconolactone_E2	metabolite	genotype_pca_population_ridge	test	38	0.10829258736168157	0.35418448648263395	0.2280961066072111	143157.08517277995	202141.65756226986
metabolite__5_Hydroxyindoleacetic_acid_E2	metabolite	mean_baseline	val	44	-0.059265397775433604			6191363.636363637	8091862.442246889
metabolite__5_Hydroxyindoleacetic_acid_E2	metabolite	mean_baseline	test	38	-0.128452384811248			4150463.732861566	5667161.6983042825
metabolite__5_Hydroxyindoleacetic_acid_E2	metabolite	population_ridge	val	44	-0.05575493666540221	0.2565858326988427	0.205433595391644	6185095.484167905	8078442.886376859
metabolite__5_Hydroxyindoleacetic_acid_E2	metabolite	population_ridge	test	38	-0.12637814651533708	0.16276539633002554	0.05702090538265504	4144469.6660553673	5661950.822432641
metabolite__5_Hydroxyindoleacetic_acid_E2	metabolite	genotype_pca_ridge	val	44	-0.05757356857009688	0.014008061326345876	0.028471757302992857	6162402.587464339	8085397.811218063
metabolite__5_Hydroxyindoleacetic_acid_E2	metabolite	genotype_pca_ridge	test	38	-0.0821184190371933	0.24614084932758196	0.29758127012560276	4043265.1605824106	5549596.143006415
metabolite__5_Hydroxyindoleacetic_acid_E2	metabolite	genotype_pca_population_ridge	val	44	-0.0475153997553992	0.058941712711974556	0.10719193776696072	6155366.337227458	8046857.427630625
metabolite__5_Hydroxyindoleacetic_acid_E2	metabolite	genotype_pca_population_ridge	test	38	-0.07371507673742017	0.29960313219734014	0.33676262161694726	4027560.8573021637	5528006.062654796
metabolite__3_2_Hydroxyethyl_4_methyl_1_2_3_4_pentanetetrol_E2	metabolite	mean_baseline	val	44	-0.029921614211233072			659729.3162719635	1580342.7321900232
metabolite__3_2_Hydroxyethyl_4_methyl_1_2_3_4_pentanetetrol_E2	metabolite	mean_baseline	test	38	-0.46129943087032			299570.27863777085	326892.0651116058
metabolite__3_2_Hydroxyethyl_4_methyl_1_2_3_4_pentanetetrol_E2	metabolite	population_ridge	val	44	-0.05468993421749624	-0.1991382276291339	0.13504846024643927	664106.8734121143	1599232.4662602136
metabolite__3_2_Hydroxyethyl_4_methyl_1_2_3_4_pentanetetrol_E2	metabolite	population_ridge	test	38	-0.4357612346872195	0.08516169481083499	0.19690254116428635	280929.12383295095	324023.0329540075
metabolite__3_2_Hydroxyethyl_4_methyl_1_2_3_4_pentanetetrol_E2	metabolite	genotype_pca_ridge	val	44	-0.027372264740184837	0.02050871147279055	0.4304493458898771	712555.2730255331	1578385.6210475054
metabolite__3_2_Hydroxyethyl_4_methyl_1_2_3_4_pentanetetrol_E2	metabolite	genotype_pca_ridge	test	38	-0.6070342730190816	0.329792757404446	0.2794286757045153	284857.68371108396	342805.15231893526
metabolite__3_2_Hydroxyethyl_4_methyl_1_2_3_4_pentanetetrol_E2	metabolite	genotype_pca_population_ridge	val	44	-0.03575679608045257	-0.0011564191076044762	0.44348899366941336	711778.5629907855	1584813.2484000586
metabolite__3_2_Hydroxyethyl_4_methyl_1_2_3_4_pentanetetrol_E2	metabolite	genotype_pca_population_ridge	test	38	-0.6759598170108823	0.32003899805213376	0.2772396535681697	283085.9478271358	350079.4129552282
metabolite__DL_Indole_3_lactic_acid_3_Indolelactic_acid_E2	metabolite	mean_baseline	val	44	-0.029674971143579087			50613.63636363636	62386.14720942754
metabolite__DL_Indole_3_lactic_acid_3_Indolelactic_acid_E2	metabolite	mean_baseline	test	38	-0.014235578581455854			46650.0	65371.51117791457
metabolite__DL_Indole_3_lactic_acid_3_Indolelactic_acid_E2	metabolite	population_ridge	val	44	-0.030098242858309865	-0.032180137821512814	0.06780855864582497	50596.06938202964	62398.96852638344
metabolite__DL_Indole_3_lactic_acid_3_Indolelactic_acid_E2	metabolite	population_ridge	test	38	-0.011279298235919333	0.30716418209466456	0.39638755852626734	46561.21340848729	65276.16964744199
metabolite__DL_Indole_3_lactic_acid_3_Indolelactic_acid_E2	metabolite	genotype_pca_ridge	val	44	-0.024009001189315482	0.046775009501342016	0.07126242493859568	50182.34690704262	62214.26498588837
metabolite__DL_Indole_3_lactic_acid_3_Indolelactic_acid_E2	metabolite	genotype_pca_ridge	test	38	-0.0018327840672143214	0.13038309529395647	0.2132457785167547	46016.236274310824	64970.57699773943
metabolite__DL_Indole_3_lactic_acid_3_Indolelactic_acid_E2	metabolite	genotype_pca_population_ridge	val	44	-0.025588203652686214	0.03857426313654772	0.07873405406173231	50122.8863975063	62262.21918858492
metabolite__DL_Indole_3_lactic_acid_3_Indolelactic_acid_E2	metabolite	genotype_pca_population_ridge	test	38	0.008373182610325935	0.1912776153860445	0.2551724382559318	45717.840127414405	64638.79260278908
metabolite__D_Pantothenic_acid_E2	metabolite	mean_baseline	val	44	-0.0019053368719721409			770910.4278074867	1035159.6013771166
metabolite__D_Pantothenic_acid_E2	metabolite	mean_baseline	test	38	-0.0018517606755039662			795756.3025210084	962238.8615208424
metabolite__D_Pantothenic_acid_E2	metabolite	population_ridge	val	44	0.003312225420152415	0.3721756352909997	0.3153369075592905	767827.9920732095	1032460.7138171477
metabolite__D_Pantothenic_acid_E2	metabolite	population_ridge	test	38	-0.0029276570070804198	-0.057434028764417444	-0.08561420157260541	795358.4105920229	962755.4007460398
metabolite__D_Pantothenic_acid_E2	metabolite	genotype_pca_ridge	val	44	-0.002465847497646667	-0.015785193442296966	-0.17874260115564608	770882.4883100111	1035449.1181643908
metabolite__D_Pantothenic_acid_E2	metabolite	genotype_pca_ridge	test	38	-0.004440836928822911	-0.046872892263926234	0.018721264026746193	795010.7702703782	963481.4117629705
metabolite__D_Pantothenic_acid_E2	metabolite	genotype_pca_population_ridge	val	44	0.002524612017921868	0.16913285672842399	0.033338032471064906	767896.2751477029	1032868.5743978148
metabolite__D_Pantothenic_acid_E2	metabolite	genotype_pca_population_ridge	test	38	-0.005494953783971468	-0.06445739847651127	0.03185899316832247	794655.9090302233	963986.8450525242
metabolite__Pro_Leu_E2	metabolite	mean_baseline	val	44	-0.006282823098781032			1586772.3453017576	1980494.476088867
metabolite__Pro_Leu_E2	metabolite	mean_baseline	test	38	-0.013407412132559138			1577735.515258735	2224217.8081514495
metabolite__Pro_Leu_E2	metabolite	population_ridge	val	44	-0.0042389958595181465	0.09651380254176518	0.15216012441764074	1588167.9585996352	1978482.1958997243
metabolite__Pro_Leu_E2	metabolite	population_ridge	test	38	0.06777409583094895	0.3164195683857997	0.3415782067164422	1518826.0208209557	2133270.160993573
metabolite__Pro_Leu_E2	metabolite	genotype_pca_ridge	val	44	-0.08728824012161596	-0.005466851541137803	0.009514412596749188	1664397.6858176237	2058666.2802437267
metabolite__Pro_Leu_E2	metabolite	genotype_pca_ridge	test	38	-0.031390086050853805	0.10900685487303963	0.13779140091509157	1603413.4789353523	2243865.140560059
metabolite__Pro_Leu_E2	metabolite	genotype_pca_population_ridge	val	44	-0.08626789702478832	0.03210930095720389	0.04010148716703917	1659850.3163759701	2057700.0971815938
metabolite__Pro_Leu_E2	metabolite	genotype_pca_population_ridge	test	38	0.011966507100869883	0.19850383221391796	0.23081974942806038	1560991.5690195977	2196196.0635271873
metabolite__N_3_Indolylacetyl_L_alanine_E2	metabolite	mean_baseline	val	44	-0.024771711851302225			95144.95798319326	131352.8634981019
metabolite__N_3_Indolylacetyl_L_alanine_E2	metabolite	mean_baseline	test	38	-4.816830147413853e-06			120859.35426802303	173307.86361238547
metabolite__N_3_Indolylacetyl_L_alanine_E2	metabolite	population_ridge	val	44	0.003968169203185323	0.16638881567438152	0.04968637689413465	93349.89966777408	129497.85935868723
metabolite__N_3_Indolylacetyl_L_alanine_E2	metabolite	population_ridge	test	38	-0.07228041561118581	-0.0008994582883157377	-0.11043012194068892	133254.36333183516	179461.5480677636
metabolite__N_3_Indolylacetyl_L_alanine_E2	metabolite	genotype_pca_ridge	val	44	-0.0352496354599261	-0.024302669436361293	-0.0004228627820777417	96062.67773961487	132022.67369479095
metabolite__N_3_Indolylacetyl_L_alanine_E2	metabolite	genotype_pca_ridge	test	38	-0.05237785536313	-0.25808383720865186	-0.30655576962920683	126397.46829937516	177788.2573890387
metabolite__N_3_Indolylacetyl_L_alanine_E2	metabolite	genotype_pca_population_ridge	val	44	-0.03940026785699624	-0.015789918229770956	-0.0341109310876045	95874.24383926747	132287.0685874385
metabolite__N_3_Indolylacetyl_L_alanine_E2	metabolite	genotype_pca_population_ridge	test	38	-0.06455665883168948	-0.2185605256789541	-0.32362920770923403	128792.191826171	178814.0390539285
metabolite__sn_Glycero_3_Phosphocholine_E2	metabolite	mean_baseline	val	44	-3.5712408456678446e-05			19857754.010695186	32617758.33824679
metabolite__sn_Glycero_3_Phosphocholine_E2	metabolite	mean_baseline	test	38	-0.019395566845658463			23470278.637770902	39726344.7961351
metabolite__sn_Glycero_3_Phosphocholine_E2	metabolite	population_ridge	val	44	-0.0022592196004114218	0.009340641019022319	-0.16479800230253613	20047187.016307306	32653999.81948868
metabolite__sn_Glycero_3_Phosphocholine_E2	metabolite	population_ridge	test	38	-0.016731589366582922	0.04104973606078746	-0.1669586411741985	23832328.565402295	39674402.58498188
metabolite__sn_Glycero_3_Phosphocholine_E2	metabolite	genotype_pca_ridge	val	44	-0.001009175427029163	-0.029606295137292682	-0.0868768244915381	19912954.73949769	32633630.00049749
metabolite__sn_Glycero_3_Phosphocholine_E2	metabolite	genotype_pca_ridge	test	38	-0.017714930041958787	0.045508124778479465	0.0333917282348397	23566177.972642154	39693583.66765441
metabolite__sn_Glycero_3_Phosphocholine_E2	metabolite	genotype_pca_population_ridge	val	44	-0.0018431524732915872	-0.026240141493257152	-0.0907552541563389	19960979.284492705	32647221.30055167
metabolite__sn_Glycero_3_Phosphocholine_E2	metabolite	genotype_pca_population_ridge	test	38	-0.017158799867892816	0.040462198817865835	-0.09853296856182207	23644357.40574779	39682736.90916651
metabolite__N_Feruloylputrescine_E2	metabolite	mean_baseline	val	44	-0.021810879980326492			28087954.545454547	31776595.734324023
metabolite__N_Feruloylputrescine_E2	metabolite	mean_baseline	test	38	-4.407677549611577e-07			29005689.960194614	32033489.2023453
metabolite__N_Feruloylputrescine_E2	metabolite	population_ridge	val	44	-0.040307708806592624	0.0874366807074963	0.10747383635411907	26973024.34010388	32062915.899928533
metabolite__N_Feruloylputrescine_E2	metabolite	population_ridge	test	38	0.13129995490581514	0.3901824536866458	0.3661139523038009	26557817.37698258	29856512.189519946
metabolite__N_Feruloylputrescine_E2	metabolite	genotype_pca_ridge	val	44	0.02526264207089557	0.3808438044884209	0.34067444258086005	27407884.93947272	31036012.146040548
metabolite__N_Feruloylputrescine_E2	metabolite	genotype_pca_ridge	test	38	0.042798344124728716	0.331394996492787	0.3908499024445061	28172522.264539324	31340496.407773923
metabolite__N_Feruloylputrescine_E2	metabolite	genotype_pca_population_ridge	val	44	0.015362292976244585	0.19870663340030864	0.15892032851051702	26967254.35675708	31193229.403380223
metabolite__N_Feruloylputrescine_E2	metabolite	genotype_pca_population_ridge	test	38	0.09603819109549072	0.3901344353888637	0.39741696885354294	27354451.133861497	30456443.76346523
metabolite__12_Hydroxy_6_epi_albrassitriol_E2	metabolite	mean_baseline	val	44	-0.0026590640330741433			5466585.179526356	7137466.149275038
metabolite__12_Hydroxy_6_epi_albrassitriol_E2	metabolite	mean_baseline	test	38	-0.0004041338079838752			5430647.943387882	6909731.129217443
metabolite__12_Hydroxy_6_epi_albrassitriol_E2	metabolite	population_ridge	val	44	0.09499641302607575	0.3140970333092359	0.36171412820614185	5083019.544150979	6780981.658984505
metabolite__12_Hydroxy_6_epi_albrassitriol_E2	metabolite	population_ridge	test	38	0.04928709274334153	0.2241916191262442	0.24257021100475792	5248430.124880679	6735938.366197066
metabolite__12_Hydroxy_6_epi_albrassitriol_E2	metabolite	genotype_pca_ridge	val	44	0.0007813084251478974	0.1272590177329438	0.1504792797584008	5442118.815613279	7125210.416942555
metabolite__12_Hydroxy_6_epi_albrassitriol_E2	metabolite	genotype_pca_ridge	test	38	0.0031368681834423873	0.1455647071821806	0.1828033629864376	5420123.020672057	6897491.54509995
metabolite__12_Hydroxy_6_epi_albrassitriol_E2	metabolite	genotype_pca_population_ridge	val	44	0.06330466214489161	0.2804775522162456	0.3278827210473445	5200324.718657293	6898689.505552563
metabolite__12_Hydroxy_6_epi_albrassitriol_E2	metabolite	genotype_pca_population_ridge	test	38	0.054988320464498086	0.2552794060306801	0.2896393403964754	5223557.085851356	6715710.984509594
metabolite__Naringenin_E2	metabolite	mean_baseline	val	44	-0.0021549477369875447			591251.1268143621	2034959.435760331
metabolite__Naringenin_E2	metabolite	mean_baseline	test	38	-0.019719890547909902			1164104.2680229985	5074237.816831888
metabolite__Naringenin_E2	metabolite	population_ridge	val	44	-0.008279704970507229	-0.08177827137395692	0.27239410878841197	584678.6888173585	2041168.3794864954
metabolite__Naringenin_E2	metabolite	population_ridge	test	38	-0.02226188278680641	-0.09665069243829623	0.14654701018690036	1165050.9799644067	5080558.496025171
metabolite__Naringenin_E2	metabolite	genotype_pca_ridge	val	44	-0.0039072334346421655	-0.08439293545030757	0.02628796961916628	585664.4921245672	2036737.7400806858
metabolite__Naringenin_E2	metabolite	genotype_pca_ridge	test	38	-0.019212376062720304	0.18302972516087307	0.19645398303621073	1159499.4756190784	5072974.935857274
metabolite__Naringenin_E2	metabolite	genotype_pca_population_ridge	val	44	-0.005491271344143511	-0.11648997269122503	0.23074212475375439	584911.5046759817	2038343.9632588944
metabolite__Naringenin_E2	metabolite	genotype_pca_population_ridge	test	38	-0.0198605882843792	0.01707209406855678	0.21965634760650415	1159296.8283880393	5074587.868427855
metabolite__Naringenin_derivative_E2	metabolite	mean_baseline	val	44	-0.01509777307261495			332345.7410236822	1003266.0296611958
metabolite__Naringenin_derivative_E2	metabolite	mean_baseline	test	38	-0.13707937510164236			137158.27067669178	208824.46766935659
metabolite__Naringenin_derivative_E2	metabolite	population_ridge	val	44	-0.004697586809933263	0.10898790121568704	0.21290390795134012	306503.3648590422	998113.3155902437
metabolite__Naringenin_derivative_E2	metabolite	population_ridge	test	38	-0.6577170726450066	-0.03656565680008221	0.09139167419242862	151775.03642771245	252139.67983199187
metabolite__Naringenin_derivative_E2	metabolite	genotype_pca_ridge	val	44	-0.03179442057745985	-0.06504531176426818	0.0883047324273516	322118.05162730545	1011483.3946614896
metabolite__Naringenin_derivative_E2	metabolite	genotype_pca_ridge	test	38	-0.028670144066732517	0.16711011796060368	0.10365019815596395	111947.192001044	198620.4948045152
metabolite__Naringenin_derivative_E2	metabolite	genotype_pca_population_ridge	val	44	-0.02923347024913081	-0.008128693756119116	0.23002924712120956	309553.2614424486	1010227.3459669277
metabolite__Naringenin_derivative_E2	metabolite	genotype_pca_population_ridge	test	38	-0.13150955048931312	0.03400736239633219	0.10441635590368493	116819.77288075046	208312.3910613851
metabolite__L_saccharopine_E2	metabolite	mean_baseline	val	44	-0.0049428846675922955			2845445.378151261	5438763.774097651
metabolite__L_saccharopine_E2	metabolite	mean_baseline	test	38	-0.04089223426922928			3435417.0720919943	5151855.827930032
metabolite__L_saccharopine_E2	metabolite	population_ridge	val	44	-0.006858911809176194	-0.11766120952932327	-0.08760924812163569	2842736.044356869	5443946.086846462
metabolite__L_saccharopine_E2	metabolite	population_ridge	test	38	-0.03849031926462376	0.18163197750815926	0.044763052402122666	3436080.1742095654	5145908.302212199
metabolite__L_saccharopine_E2	metabolite	genotype_pca_ridge	val	44	-0.011787983640112465	-0.097015502380033	0.03925852872385445	2857125.3900366463	5457255.220926045
metabolite__L_saccharopine_E2	metabolite	genotype_pca_ridge	test	38	0.028068070020477953	0.5698629926968724	0.21090073833469528	3361637.3305355865	4978273.37620208
metabolite__L_saccharopine_E2	metabolite	genotype_pca_population_ridge	val	44	-0.018269878747651846	-0.14554847761159412	0.03954045711684442	2847875.422201102	5474707.930127688
metabolite__L_saccharopine_E2	metabolite	genotype_pca_population_ridge	test	38	0.03346891638193916	0.5318431938738678	0.14676590041869558	3364261.1136005246	4964422.43441808
metabolite__Glu_Glu_E2	metabolite	mean_baseline	val	44	-0.001015009359176311			2204606.569900688	4205715.856398649
metabolite__Glu_Glu_E2	metabolite	mean_baseline	test	38	-0.012436755529223742			2432938.965059708	4326944.264362791
metabolite__Glu_Glu_E2	metabolite	population_ridge	val	44	0.00019527011842634945	0.08869400657913688	-0.04475455499514178	2205741.4193390883	4203172.622271524
metabolite__Glu_Glu_E2	metabolite	population_ridge	test	38	-0.01169220229421275	0.06819211425717672	-0.027254817581496203	2436248.413313616	4325352.938853133
metabolite__Glu_Glu_E2	metabolite	genotype_pca_ridge	val	44	-0.002902887473877458	-0.11007523953978018	-0.07280544143304167	2214161.51427428	4209679.902288359
metabolite__Glu_Glu_E2	metabolite	genotype_pca_ridge	test	38	0.009190265630691696	0.6769872517148832	0.11449212526202823	2419922.688823564	4280480.093786004
metabolite__Glu_Glu_E2	metabolite	genotype_pca_population_ridge	val	44	-0.0017009768268672065	-0.029080787598669642	-0.11340169919241437	2215175.8544757217	4207156.639078467
metabolite__Glu_Glu_E2	metabolite	genotype_pca_population_ridge	test	38	0.009843829619296973	0.6214574875901805	0.05440017806427154	2422650.100040572	4279068.102646042
metabolite__Linolenic_acid_E2	metabolite	mean_baseline	val	44	-0.00022679469101438698			2655609.2436974794	3441366.8996514603
metabolite__Linolenic_acid_E2	metabolite	mean_baseline	test	38	-0.004073748508197417			2860526.3157894737	3938552.802737714
metabolite__Linolenic_acid_E2	metabolite	population_ridge	val	44	0.09615332316886216	0.3723531100601961	0.379488992675798	2396895.436674996	3271365.864934817
metabolite__Linolenic_acid_E2	metabolite	population_ridge	test	38	0.16338192658075723	0.4162306357460791	0.41863788032770516	2730070.193732664	3595153.907714382
metabolite__Linolenic_acid_E2	metabolite	genotype_pca_ridge	val	44	-0.0427143233924967	0.09252611115622533	0.16500440784807635	2552373.809454473	3513697.782753403
metabolite__Linolenic_acid_E2	metabolite	genotype_pca_ridge	test	38	0.10994573043630906	0.33384838759584357	0.3681560433329178	2724385.3844321677	3708191.122708631
metabolite__Linolenic_acid_E2	metabolite	genotype_pca_population_ridge	val	44	-0.016022039220858764	0.25445240555721743	0.327823793635798	2477705.8665805906	3468432.9171282896
metabolite__Linolenic_acid_E2	metabolite	genotype_pca_population_ridge	test	38	0.13361225682867173	0.39260135248243777	0.4690102122530895	2626162.932472342	3658558.601559547
metabolite__Linoleic_acid_E2	metabolite	mean_baseline	val	44	-0.00137696611019833			2439528.265851795	4000129.6280738325
metabolite__Linoleic_acid_E2	metabolite	mean_baseline	test	38	-0.009283949120618251			2979210.5263157897	4673936.2079932885
metabolite__Linoleic_acid_E2	metabolite	population_ridge	val	44	-0.04698538644107764	-0.015915239472715007	0.004017762830365928	2640496.7319669793	4090209.72092928
metabolite__Linoleic_acid_E2	metabolite	population_ridge	test	38	-0.005596842876959496	0.09358396969039366	0.018062399104345237	2989764.085430035	4665391.007539562
metabolite__Linoleic_acid_E2	metabolite	genotype_pca_ridge	val	44	-0.031123539969153402	-0.19820956736370915	-0.17769789640969308	2510236.7612013756	4059108.1003010455
metabolite__Linoleic_acid_E2	metabolite	genotype_pca_ridge	test	38	0.010296987462832363	0.14031930736185974	-0.0952381043683658	3024268.44790692	4628375.046327776
metabolite__Linoleic_acid_E2	metabolite	genotype_pca_population_ridge	val	44	-0.043751009237280813	-0.11228764391993981	-0.1375202681060338	2576227.887504918	4083887.0376655366
metabolite__Linoleic_acid_E2	metabolite	genotype_pca_population_ridge	test	38	0.008998105686052527	0.11427996997373772	-0.00930487226587482	3017943.3809025846	4631411.179786478
metabolite__Norcinnamolaurine_E2	metabolite	mean_baseline	val	44	-0.0025972028467904362			10967852.922077922	12856035.277475726
metabolite__Norcinnamolaurine_E2	metabolite	mean_baseline	test	38	-0.003370416653381003			11539744.736842105	15413087.953745695
metabolite__Norcinnamolaurine_E2	metabolite	population_ridge	val	44	-0.2084386246691312	-0.05185420885135513	0.09041897183103918	11661380.342485785	14114194.897029424
metabolite__Norcinnamolaurine_E2	metabolite	population_ridge	test	38	0.13839868382822418	0.37401593432739766	0.2510808390388398	10394753.191237565	14282761.607189769
metabolite__Norcinnamolaurine_E2	metabolite	genotype_pca_ridge	val	44	-0.05382219574524583	-0.2656527588618226	-0.12861623039099493	11282925.58151459	13180366.356471704
metabolite__Norcinnamolaurine_E2	metabolite	genotype_pca_ridge	test	38	0.05874711820009981	0.4139439961550495	0.22393696454815445	11115408.391316803	14928362.421068046
metabolite__Norcinnamolaurine_E2	metabolite	genotype_pca_population_ridge	val	44	-0.12623563562657836	-0.13353665606226198	-0.010994044899175458	11613186.807892544	13625688.10449532
metabolite__Norcinnamolaurine_E2	metabolite	genotype_pca_population_ridge	test	38	0.13062077310531783	0.4191192999190163	0.1976686989120073	10708139.818008486	14347083.967075115
metabolite__Sakuranetin_E2	metabolite	mean_baseline	val	44	-0.011434602923921622			18675.503246753247	35367.12896992789
metabolite__Sakuranetin_E2	metabolite	mean_baseline	test	38	-0.006832515812347895			26614.10172490049	79220.90916162575
metabolite__Sakuranetin_E2	metabolite	population_ridge	val	44	0.04256323650301386	0.24103027396473117	0.09556362104667898	18472.933940157094	34410.1013742569
metabolite__Sakuranetin_E2	metabolite	population_ridge	test	38	-0.05977559427526402	-0.08693405254853673	0.28446342661811014	29168.355133940124	81277.09314057839
metabolite__Sakuranetin_E2	metabolite	genotype_pca_ridge	val	44	-0.06604238317300815	-0.2340292816583164	-0.08175059027592006	19687.265828559026	36309.32188763112
metabolite__Sakuranetin_E2	metabolite	genotype_pca_ridge	test	38	-0.014855874984736506	-0.02080416970212975	0.20981777176872538	27511.437126784913	79535.93500912465
metabolite__Sakuranetin_E2	metabolite	genotype_pca_population_ridge	val	44	-0.03292639124660113	0.038530658886662315	0.02678036578004278	19502.471245049233	35740.90863091406
metabolite__Sakuranetin_E2	metabolite	genotype_pca_population_ridge	test	38	-0.03215894535361574	-0.057265991513915385	0.20927051623463894	28091.009563380638	80211.10443468303
metabolite__N_coumaroyl_O_hexoside_spermidine_E2	metabolite	mean_baseline	val	44	-0.007181459534865597			13940278.838808252	18721550.2210334
metabolite__N_coumaroyl_O_hexoside_spermidine_E2	metabolite	mean_baseline	test	38	-0.019860364799404007			18344913.75497567	24129544.700639263
metabolite__N_coumaroyl_O_hexoside_spermidine_E2	metabolite	population_ridge	val	44	-0.007604341215442512	0.04282902028318013	0.028191845666231046	14001050.100930603	18725480.08377028
metabolite__N_coumaroyl_O_hexoside_spermidine_E2	metabolite	population_ridge	test	38	-0.033719692603938256	-0.05831080921056002	-0.08318284118113264	18482629.38376978	24292944.904104624
metabolite__N_coumaroyl_O_hexoside_spermidine_E2	metabolite	genotype_pca_ridge	val	44	-0.0007706790419863552	0.09261853047271497	0.16492229714745163	13920698.881435942	18661873.118371382
metabolite__N_coumaroyl_O_hexoside_spermidine_E2	metabolite	genotype_pca_ridge	test	38	-0.013906602772131071	0.10285187817444662	0.2062058852437551	18405913.448179152	24059009.628484745
metabolite__N_coumaroyl_O_hexoside_spermidine_E2	metabolite	genotype_pca_population_ridge	val	44	-0.0031554570888172595	0.08501484728661751	0.06610987808731181	13998889.018812917	18684094.964463595
metabolite__N_coumaroyl_O_hexoside_spermidine_E2	metabolite	genotype_pca_population_ridge	test	38	-0.028486411278633827	0.02689813752761206	0.006785968622671347	18545198.631781228	24231374.476491995
metabolite__5_Methylthioadenosine_E2	metabolite	mean_baseline	val	44	-0.022957047608915815			5655117.838044309	7705868.303616312
metabolite__5_Methylthioadenosine_E2	metabolite	mean_baseline	test	38	-0.00039612631737484527			6881890.314020344	11932317.02414114
metabolite__5_Methylthioadenosine_E2	metabolite	population_ridge	val	44	-0.013318496747934061	0.24819213178963662	0.2117912405675607	5626819.0859486675	7669479.098223276
metabolite__5_Methylthioadenosine_E2	metabolite	population_ridge	test	38	0.00030382520336957874	0.03766556323504121	-0.004049690952239352	6862190.109394249	11928141.92556455
metabolite__5_Methylthioadenosine_E2	metabolite	genotype_pca_ridge	val	44	0.23145991896415474	0.4988141043937827	0.32942171660990976	5342808.623363549	6679226.083131275
metabolite__5_Methylthioadenosine_E2	metabolite	genotype_pca_ridge	test	38	0.0750673218271587	0.30501457121472897	0.0433426382996428	6312150.68509618	11473445.167276977
metabolite__5_Methylthioadenosine_E2	metabolite	genotype_pca_population_ridge	val	44	0.2294447170138324	0.49014932007553125	0.3588117157169556	5326317.965180863	6687977.2061331
metabolite__5_Methylthioadenosine_E2	metabolite	genotype_pca_population_ridge	test	38	0.07806304920421647	0.29718457613612714	0.024845401247522513	6419932.305886722	11454849.65717233
metabolite__N_Coumaroyltryptamine_E2	metabolite	mean_baseline	val	44	-6.096599655558421e-06			14943215.756302522	20357978.759806696
metabolite__N_Coumaroyltryptamine_E2	metabolite	mean_baseline	test	38	-0.0018840659653907021			14589776.1167625	18128545.53336883
metabolite__N_Coumaroyltryptamine_E2	metabolite	population_ridge	val	44	-0.017184699236526546	0.14017947158509558	0.19839312192480713	14317853.636088856	20532093.93233233
metabolite__N_Coumaroyltryptamine_E2	metabolite	population_ridge	test	38	0.13683109790195513	0.37504980501321716	0.3781328754262441	12521273.50753965	16826822.73500464
metabolite__N_Coumaroyltryptamine_E2	metabolite	genotype_pca_ridge	val	44	0.016518817699671784	0.14933250656321434	0.32179857716116145	14698398.86305778	20189072.16386354
metabolite__N_Coumaroyltryptamine_E2	metabolite	genotype_pca_ridge	test	38	0.056100580377089204	0.4867124607608369	0.34923936482927487	13918580.145717625	17596126.94375818
metabolite__N_Coumaroyltryptamine_E2	metabolite	genotype_pca_population_ridge	val	44	0.00375266728198298	0.0831535104270779	0.2064979919146305	14605976.577216487	20319682.555173088
metabolite__N_Coumaroyltryptamine_E2	metabolite	genotype_pca_population_ridge	test	38	0.12439298675884813	0.5002835465008953	0.3838240214529198	13299948.833733266	16947624.87624082
metabolite__Coumaroylserotonin_E2	metabolite	mean_baseline	val	44	-0.3022517650662264			1461704.411764706	1698313.7955642228
metabolite__Coumaroylserotonin_E2	metabolite	mean_baseline	test	38	-0.006718581878853103			1931385.8292790796	3402909.2308444353
metabolite__Coumaroylserotonin_E2	metabolite	population_ridge	val	44	-0.5517657546310653	0.10302061204141583	0.13686176406537653	1442786.4666602237	1853888.206671391
metabolite__Coumaroylserotonin_E2	metabolite	population_ridge	test	38	0.14415871032485683	0.38580398018625206	0.3965413599990047	1610643.6025449329	3137566.504377275
metabolite__Coumaroylserotonin_E2	metabolite	genotype_pca_ridge	val	44	-0.47232347718601897	-0.05176723725189421	0.09267416052830593	1386079.6866816175	1805810.104001589
metabolite__Coumaroylserotonin_E2	metabolite	genotype_pca_ridge	test	38	0.1061314992569562	0.36648568456460356	0.5357631678705845	1614560.334665178	3206513.9903929536
metabolite__Coumaroylserotonin_E2	metabolite	genotype_pca_population_ridge	val	44	-0.3748626003672666	-0.043888851045162894	0.06744423697763406	1426609.4119483726	1745018.7959189918
metabolite__Coumaroylserotonin_E2	metabolite	genotype_pca_population_ridge	test	38	0.0916176688321566	0.4065378101892837	0.40234226866032047	1715703.4452902246	3232441.4085891373
metabolite__Feruloyltryptamine_E2	metabolite	mean_baseline	val	44	-1.383891706208118e-05			18848849.446142092	23679934.753338933
metabolite__Feruloyltryptamine_E2	metabolite	mean_baseline	test	38	-0.010322640230251645			18664920.743034054	21689937.231788404
metabolite__Feruloyltryptamine_E2	metabolite	population_ridge	val	44	0.0031384367261309	0.18745180755658253	0.22735121054320528	18056750.498447437	23642582.970456894
metabolite__Feruloyltryptamine_E2	metabolite	population_ridge	test	38	0.1305042453490014	0.37441458904752856	0.40048159984442677	16480126.245380653	20121575.639972825
metabolite__Feruloyltryptamine_E2	metabolite	genotype_pca_ridge	val	44	0.04474485821120522	0.23275654711314644	0.3396877975258058	18361979.65180362	23143934.33073669
metabolite__Feruloyltryptamine_E2	metabolite	genotype_pca_ridge	test	38	0.1525166485655326	0.4572333599049186	0.49460955170728743	16249294.710633539	19865241.098209593
metabolite__Feruloyltryptamine_E2	metabolite	genotype_pca_population_ridge	val	44	0.0075928973718591974	0.2063901552370655	0.3506113677781917	18487872.00776404	23589700.568100117
metabolite__Feruloyltryptamine_E2	metabolite	genotype_pca_population_ridge	test	38	0.22879630309479027	0.5156088361974572	0.5368576789387574	15157586.950395452	18950156.634244554
metabolite__Adenylic_acid_E2	metabolite	mean_baseline	val	44	-0.01599192437485142			663315.5080213904	844592.5269896392
metabolite__Adenylic_acid_E2	metabolite	mean_baseline	test	38	-0.02504235158772028			945092.8792569659	1336316.567537803
metabolite__Adenylic_acid_E2	metabolite	population_ridge	val	44	0.04415950683621972	0.24359528824149576	0.3148546304388539	627529.3421604355	819209.1962656445
metabolite__Adenylic_acid_E2	metabolite	population_ridge	test	38	0.0328811579024868	0.2958404300000715	0.34395186658092564	898228.7088185712	1298010.9923612592
metabolite__Adenylic_acid_E2	metabolite	genotype_pca_ridge	val	44	-0.006322822018775209	0.10743627501828507	0.1841762143131241	651462.8028416559	840563.964237617
metabolite__Adenylic_acid_E2	metabolite	genotype_pca_ridge	test	38	-0.021985271877478896	0.0653669064880861	0.17624522762421715	934749.6515838449	1334322.3685920462
metabolite__Adenylic_acid_E2	metabolite	genotype_pca_population_ridge	val	44	0.016464564299283113	0.1892222026863444	0.26283700848589353	638128.6521544929	830992.5156144938
metabolite__Adenylic_acid_E2	metabolite	genotype_pca_population_ridge	test	38	-0.0023132675793164914	0.1981039956404196	0.28790369481471495	918438.6729947772	1321417.9064788534
metabolite__Feruloylserotonin_E2	metabolite	mean_baseline	val	44	-0.02236908072294419			277434.02788388083	341772.3775785344
metabolite__Feruloylserotonin_E2	metabolite	mean_baseline	test	38	-0.10558893730021834			247153.60459973468	347220.1747409734
metabolite__Feruloylserotonin_E2	metabolite	population_ridge	val	44	-0.029779672745841923	0.13461754381703725	0.24024807090569958	268423.18053922936	343008.8012238237
metabolite__Feruloylserotonin_E2	metabolite	population_ridge	test	38	-0.060188709778505434	0.1888017775689765	0.22381526201061333	236726.78322492432	340016.2682623982
metabolite__Feruloylserotonin_E2	metabolite	genotype_pca_ridge	val	44	-0.019212952606603828	0.06208759660126712	0.14186546398743716	278350.2400450886	341244.4316502526
metabolite__Feruloylserotonin_E2	metabolite	genotype_pca_ridge	test	38	-0.09298781255316335	0.24566379806218333	0.32406698817282453	246311.46350717967	345235.7556792271
metabolite__Feruloylserotonin_E2	metabolite	genotype_pca_population_ridge	val	44	-0.038867764127280324	0.10021990718908583	0.21212868683665467	278544.28404882015	344519.05038004735
metabolite__Feruloylserotonin_E2	metabolite	genotype_pca_population_ridge	test	38	-0.028850588506226904	0.265492200176698	0.27722447856864724	240620.33551392812	334953.30261439783
metabolite__Dicoumaroylputrescine_E2	metabolite	mean_baseline	val	44	-0.1149149260111848			16841922.84186402	20537031.049452223
metabolite__Dicoumaroylputrescine_E2	metabolite	mean_baseline	test	38	-0.005402347397272633			14804834.144183988	18355606.893975034
metabolite__Dicoumaroylputrescine_E2	metabolite	population_ridge	val	44	-0.2432129175754445	-0.15389176372507407	-0.054758800555508524	17005660.899134308	21686504.260377865
metabolite__Dicoumaroylputrescine_E2	metabolite	population_ridge	test	38	0.07686390806375176	0.3110478860581376	0.322534756550258	14227032.49758405	17588615.95518813
metabolite__Dicoumaroylputrescine_E2	metabolite	genotype_pca_ridge	val	44	-0.04826176699294371	0.22374533509146866	0.19711758707047283	16016191.942205304	19913686.600456767
metabolite__Dicoumaroylputrescine_E2	metabolite	genotype_pca_ridge	test	38	0.1463089051347498	0.4255347325677943	0.41840867807656473	13690693.445904998	16914111.000536073
metabolite__Dicoumaroylputrescine_E2	metabolite	genotype_pca_population_ridge	val	44	-0.14111491802589415	-0.024570953784902174	-0.0069769900321690415	16612856.611786108	20776935.25306915
metabolite__Dicoumaroylputrescine_E2	metabolite	genotype_pca_population_ridge	test	38	0.08007380009279252	0.38715246670294545	0.3680639247636639	14179996.778090132	17558010.109444078
metabolite__Glycerol_1_tetradecanoate_3_phosphocholine_E2	metabolite	mean_baseline	val	44	-0.00014437330455585595			3261071.4285714296	4380464.829707489
metabolite__Glycerol_1_tetradecanoate_3_phosphocholine_E2	metabolite	mean_baseline	test	38	-0.025181632566661394			4187556.3909774437	6887401.50685647
metabolite__Glycerol_1_tetradecanoate_3_phosphocholine_E2	metabolite	population_ridge	val	44	0.12396943839507168	0.3583583533001414	0.34973217150406777	3086573.942097844	4099666.0219477285
metabolite__Glycerol_1_tetradecanoate_3_phosphocholine_E2	metabolite	population_ridge	test	38	0.0029883971332680392	0.1952475227596898	0.13122469396123493	4345316.894637933	6792116.0745119
metabolite__Glycerol_1_tetradecanoate_3_phosphocholine_E2	metabolite	genotype_pca_ridge	val	44	0.007695922814231926	0.10383575839757153	0.02128559367074334	3251555.0370872077	4363261.456484605
metabolite__Glycerol_1_tetradecanoate_3_phosphocholine_E2	metabolite	genotype_pca_ridge	test	38	-0.0026784406513606918	0.2657349088613601	0.1489548027366478	4176295.946046139	6811391.317871621
metabolite__Glycerol_1_tetradecanoate_3_phosphocholine_E2	metabolite	genotype_pca_population_ridge	val	44	0.0548566902198544	0.27238981310338295	0.22279391256033015	3203774.9519834016	4258313.997074727
metabolite__Glycerol_1_tetradecanoate_3_phosphocholine_E2	metabolite	genotype_pca_population_ridge	test	38	0.02151972650985745	0.2956444886077085	0.20345847045365784	4151962.409025422	6728697.9019254455
metabolite__N_caffeoyl_O_hexoside_spermidine_E2	metabolite	mean_baseline	val	44	-5.18946229277617e-06			9298752.673796792	11633428.62506463
metabolite__N_caffeoyl_O_hexoside_spermidine_E2	metabolite	mean_baseline	test	38	-0.035397267310113945			9729241.486068113	13931296.369742965
metabolite__N_caffeoyl_O_hexoside_spermidine_E2	metabolite	population_ridge	val	44	-0.023472535398110672	0.07921246098229862	-0.12755911068915116	9471064.196801068	11769139.193153994
metabolite__N_caffeoyl_O_hexoside_spermidine_E2	metabolite	population_ridge	test	38	0.06624550197004953	0.32414704502499864	0.3202539385473606	9329278.558601394	13229833.47091738
metabolite__N_caffeoyl_O_hexoside_spermidine_E2	metabolite	genotype_pca_ridge	val	44	0.002594502175547908	0.11928791404436785	0.1919024632080434	9295261.759267436	11618297.199370584
metabolite__N_caffeoyl_O_hexoside_spermidine_E2	metabolite	genotype_pca_ridge	test	38	-0.02228799020986405	0.42497736168558675	0.18037542403487708	9707860.622469261	13842822.606531398
metabolite__N_caffeoyl_O_hexoside_spermidine_E2	metabolite	genotype_pca_population_ridge	val	44	0.018056337766745312	0.14308218394320604	0.06913562850058413	9299131.034573426	11527891.717974538
metabolite__N_caffeoyl_O_hexoside_spermidine_E2	metabolite	genotype_pca_population_ridge	test	38	0.04890078138105558	0.46712707993862407	0.31215455664288194	9503940.53648384	13352141.82063626
metabolite__Diferuloylputrescine_E2	metabolite	mean_baseline	val	44	-0.003659854474121982			168860.6193659282	312401.400278425
metabolite__Diferuloylputrescine_E2	metabolite	mean_baseline	test	38	-0.12224806089855278			119435.88456435205	139742.27957591077
metabolite__Diferuloylputrescine_E2	metabolite	population_ridge	val	44	-0.03736408532017754	-0.05260811716696845	0.06843088203268827	169260.4819020463	317603.5143830329
metabolite__Diferuloylputrescine_E2	metabolite	population_ridge	test	38	-0.16887399502211187	0.03651051736246823	0.17675386217464087	117437.10607634489	142615.66783535323
metabolite__Diferuloylputrescine_E2	metabolite	genotype_pca_ridge	val	44	-0.01516346529766155	0.0637960901098219	0.1354522711295848	162017.59765340856	314186.61921338603
metabolite__Diferuloylputrescine_E2	metabolite	genotype_pca_ridge	test	38	-0.07132363117930973	0.29776204919234117	0.2594943697932343	105717.65849232451	136534.91804928146
metabolite__Diferuloylputrescine_E2	metabolite	genotype_pca_population_ridge	val	44	-0.05274702918748386	0.016682068375314482	0.1431340076296497	166045.30393311215	319949.7002053014
metabolite__Diferuloylputrescine_E2	metabolite	genotype_pca_population_ridge	test	38	-0.1610884926750944	0.2540445909574949	0.28641786830404653	107103.34801738459	142139.91522981494
metabolite__Methylchrysoeriol_C_hexoside_E2	metabolite	mean_baseline	val	44	-0.016688429925663995			91514.83919022154	426553.20430461864
metabolite__Methylchrysoeriol_C_hexoside_E2	metabolite	mean_baseline	test	38	-0.021575358160378366			52809.67271118974	91897.4671200717
metabolite__Methylchrysoeriol_C_hexoside_E2	metabolite	population_ridge	val	44	-0.014189290546873012	0.06564252800982637	0.35695408598925443	91701.21002306699	426028.62283843366
metabolite__Methylchrysoeriol_C_hexoside_E2	metabolite	population_ridge	test	38	-0.008600526895221394	0.1027332061506819	0.21912111584819413	52222.04638222785	91312.0162672045
metabolite__Methylchrysoeriol_C_hexoside_E2	metabolite	genotype_pca_ridge	val	44	-0.01660812524443478	0.018442890363115416	0.1816131647767638	91412.507073233	426536.35799530556
metabolite__Methylchrysoeriol_C_hexoside_E2	metabolite	genotype_pca_ridge	test	38	-0.023067425355009386	0.04431864719506029	0.18847480593935578	52123.23440669894	91964.55329466752
metabolite__Methylchrysoeriol_C_hexoside_E2	metabolite	genotype_pca_population_ridge	val	44	-0.01568648166938047	0.06410484754217019	0.33806688064964535	91340.42108768797	426342.96802397387
metabolite__Methylchrysoeriol_C_hexoside_E2	metabolite	genotype_pca_population_ridge	test	38	-0.015618069869407947	0.13935579007708754	0.2750506314318241	51784.48251327602	91629.12658106444
metabolite__N_feruloyl_O_hexoside_spermidine_E2	metabolite	mean_baseline	val	44	-0.04117362917461587			5564420.741023681	6464527.648650576
metabolite__N_feruloyl_O_hexoside_spermidine_E2	metabolite	mean_baseline	test	38	-1.9526998226382375e-05			6794221.58337019	11170622.32939093
metabolite__N_feruloyl_O_hexoside_spermidine_E2	metabolite	population_ridge	val	44	-0.2185511574299892	-0.1838973322242865	-0.15032771902863717	5861752.4071351355	6993540.602944671
metabolite__N_feruloyl_O_hexoside_spermidine_E2	metabolite	population_ridge	test	38	0.06434747626807735	0.3035325978036371	0.30195907476150713	6645288.520456901	10805140.672791213
metabolite__N_feruloyl_O_hexoside_spermidine_E2	metabolite	genotype_pca_ridge	val	44	-0.039986616118793394	0.061294218808533425	0.09591937440130109	5553230.311048526	6460841.583794995
metabolite__N_feruloyl_O_hexoside_spermidine_E2	metabolite	genotype_pca_ridge	test	38	0.007208835471995023	0.2931508078631481	0.05789646630983592	6791427.4319892945	11130177.245068789
metabolite__N_feruloyl_O_hexoside_spermidine_E2	metabolite	genotype_pca_population_ridge	val	44	-0.08585576101224479	-0.06468519321222437	-0.04087673560084836	5577364.581976731	6601783.6428162735
metabolite__N_feruloyl_O_hexoside_spermidine_E2	metabolite	genotype_pca_population_ridge	test	38	0.05688409788679549	0.36404746977516433	0.1988617755859582	6668991.974897957	10848149.52190444
metabolite__LPC1_acyl_16_1_2_E2	metabolite	mean_baseline	val	44	-0.010494801016863065			241492.11038961032	330241.4839269313
metabolite__LPC1_acyl_16_1_2_E2	metabolite	mean_baseline	test	38	-0.25446763875970246			183896.54135338348	210137.40456908973
metabolite__LPC1_acyl_16_1_2_E2	metabolite	population_ridge	val	44	-0.0335130846833096	0.16937660382184597	0.1494115163341354	235215.44735881352	333981.6262335887
metabolite__LPC1_acyl_16_1_2_E2	metabolite	population_ridge	test	38	-0.4299839749925376	0.18774605271673273	0.2643099548927292	176924.3652942598	224356.7901842496
metabolite__LPC1_acyl_16_1_2_E2	metabolite	genotype_pca_ridge	val	44	0.055950752826633754	0.2625774283534419	0.2742265141774155	216270.26600821866	319199.2854758443
metabolite__LPC1_acyl_16_1_2_E2	metabolite	genotype_pca_ridge	test	38	-0.5975219926723465	0.2999554732283505	0.19601620257262029	193603.75249052636	237135.76283546357
metabolite__LPC1_acyl_16_1_2_E2	metabolite	genotype_pca_population_ridge	val	44	0.058439739932147794	0.2856929869396425	0.31045175917540874	212486.01663618453	318778.22308779083
metabolite__LPC1_acyl_16_1_2_E2	metabolite	genotype_pca_population_ridge	test	38	-0.7097082908411165	0.30730238827692924	0.224471932705999	193519.54298731382	245320.95213501796
metabolite__LPC1_acyl_16_0_2_E2	metabolite	mean_baseline	val	44	-0.009190513703551506			29845874.713521775	49322589.65465724
metabolite__LPC1_acyl_16_0_2_E2	metabolite	mean_baseline	test	38	-0.030978782039236874			35285050.86245024	57799947.31057666
metabolite__LPC1_acyl_16_0_2_E2	metabolite	population_ridge	val	44	0.06104495176114555	0.2679427647775945	0.49961227265320163	27658069.83832865	47575317.1136584
metabolite__LPC1_acyl_16_0_2_E2	metabolite	population_ridge	test	38	0.029501899861586023	0.22776723809901142	0.34021360930425204	34068295.45927975	56078956.4705991
metabolite__LPC1_acyl_16_0_2_E2	metabolite	genotype_pca_ridge	val	44	-0.0728579801324789	0.01757755867005515	-0.0019036877450799385	31787727.682469025	50854619.48591748
metabolite__LPC1_acyl_16_0_2_E2	metabolite	genotype_pca_ridge	test	38	-0.04763107025227664	0.08271032139835334	0.15691216676311337	37179336.435427204	58264867.59349654
metabolite__LPC1_acyl_16_0_2_E2	metabolite	genotype_pca_population_ridge	val	44	0.026629870692648883	0.19904339169383542	0.3355425918087196	28700242.302122757	48439349.065363236
metabolite__LPC1_acyl_16_0_2_E2	metabolite	genotype_pca_population_ridge	test	38	0.013966158897157466	0.18848634521704402	0.38828370086671316	34050244.29600946	56526030.56357
metabolite__N1_N10_Diferuloylspermidine_E2	metabolite	mean_baseline	val	44	-0.0012130455626118142			8308177.998472118	10021228.243100632
metabolite__N1_N10_Diferuloylspermidine_E2	metabolite	mean_baseline	test	38	-0.03235238572707			8827622.73330385	10569652.028586563
metabolite__N1_N10_Diferuloylspermidine_E2	metabolite	population_ridge	val	44	-0.160768452353256	-0.03070309086253551	-0.01134641813312339	9231234.57863256	10790225.029682579
metabolite__N1_N10_Diferuloylspermidine_E2	metabolite	population_ridge	test	38	0.020943045821128048	0.2438800795506446	0.26183571512787945	8462772.084430829	10293206.490868825
metabolite__N1_N10_Diferuloylspermidine_E2	metabolite	genotype_pca_ridge	val	44	0.00024001131833217837	0.048321482899793905	0.10437295189537726	8277471.728288493	10013953.716570992
metabolite__N1_N10_Diferuloylspermidine_E2	metabolite	genotype_pca_ridge	test	38	-0.02752494769210978	0.1738696474861389	0.1714192014591385	8813095.236169733	10544910.414091038
metabolite__N1_N10_Diferuloylspermidine_E2	metabolite	genotype_pca_population_ridge	val	44	-0.005681069623696189	0.05039914975527524	0.09366080558336015	8407680.73333757	10043563.772393653
metabolite__N1_N10_Diferuloylspermidine_E2	metabolite	genotype_pca_population_ridge	test	38	0.015292674257168959	0.2609642697909404	0.30813860287833644	8557336.87820973	10322866.036125772
metabolite__Np_Npp_Feruloyl_caffeoyl_spermidine_derivative_E2	metabolite	mean_baseline	val	44	-0.014362729206825353			1540231.7226890756	3082320.954148652
metabolite__Np_Npp_Feruloyl_caffeoyl_spermidine_derivative_E2	metabolite	mean_baseline	test	38	-0.0015035985933793405			1167450.243255197	1410787.229151109
metabolite__Np_Npp_Feruloyl_caffeoyl_spermidine_derivative_E2	metabolite	population_ridge	val	44	-0.03417865632366812	-0.017447262237892683	0.10007752509173222	1490482.0350391858	3112282.438411439
metabolite__Np_Npp_Feruloyl_caffeoyl_spermidine_derivative_E2	metabolite	population_ridge	test	38	0.28245826094766036	0.5681044047898672	0.31873907147516845	1004372.687405011	1194149.9011024341
metabolite__Np_Npp_Feruloyl_caffeoyl_spermidine_derivative_E2	metabolite	genotype_pca_ridge	val	44	-0.015687571428371294	-0.05945705348237558	0.09267742640537172	1535799.7663757026	3084333.1812919015
metabolite__Np_Npp_Feruloyl_caffeoyl_spermidine_derivative_E2	metabolite	genotype_pca_ridge	test	38	0.023973322097081362	0.5599449062819731	0.4815017772730996	1154727.0087805127	1392727.3583073125
metabolite__Np_Npp_Feruloyl_caffeoyl_spermidine_derivative_E2	metabolite	genotype_pca_population_ridge	val	44	-0.024689569363231856	-0.055929865947749326	0.0877440272811314	1512052.5173830076	3097971.189897161
metabolite__Np_Npp_Feruloyl_caffeoyl_spermidine_derivative_E2	metabolite	genotype_pca_population_ridge	test	38	0.15627078663503202	0.6006843524234436	0.43936079426556535	1082638.581255762	1294901.7142243125
metabolite__2pp_6pp_O_Diacetyloninin_E2	metabolite	mean_baseline	val	44	-0.12243984175446321			10557389.419404125	15508281.169739569
metabolite__2pp_6pp_O_Diacetyloninin_E2	metabolite	mean_baseline	test	38	-0.002189157939936237			8174942.282176027	10779422.510145973
metabolite__2pp_6pp_O_Diacetyloninin_E2	metabolite	population_ridge	val	44	-0.1240612143882438	-0.20816059152566282	-0.12079354459735085	10565189.93242816	15519478.040999778
metabolite__2pp_6pp_O_Diacetyloninin_E2	metabolite	population_ridge	test	38	-0.0004874956970954969	0.18959430229136526	0.1785049840290026	8165030.727459931	10770267.187978402
metabolite__2pp_6pp_O_Diacetyloninin_E2	metabolite	genotype_pca_ridge	val	44	-0.10024232114674914	0.15518629663881411	0.09704358862926031	10428830.484696526	15354168.504296105
metabolite__2pp_6pp_O_Diacetyloninin_E2	metabolite	genotype_pca_ridge	test	38	0.03005313854129832	0.3219170434581788	0.18485280075106403	8034821.233356214	10604607.913207185
metabolite__2pp_6pp_O_Diacetyloninin_E2	metabolite	genotype_pca_population_ridge	val	44	-0.1075496308216699	0.09343564611857502	0.08027062269333876	10459944.687595839	15405071.831002317
metabolite__2pp_6pp_O_Diacetyloninin_E2	metabolite	genotype_pca_population_ridge	test	38	0.035961302151407804	0.34259298225505974	0.2371675661501218	8001782.273861088	10572261.058819253
metabolite__LPC1_acyl_18_2_1_E2	metabolite	mean_baseline	val	44	-0.003384010299643858			25664056.53170359	38783090.22065805
metabolite__LPC1_acyl_18_2_1_E2	metabolite	mean_baseline	test	38	-0.0009077055670474454			28333259.619637325	46079492.67847099
metabolite__LPC1_acyl_18_2_1_E2	metabolite	population_ridge	val	44	0.04460530210074565	0.2779087739571055	0.4397208515243521	24575856.755567238	37844279.032287635
metabolite__LPC1_acyl_18_2_1_E2	metabolite	population_ridge	test	38	-0.017746736562929577	0.1791549052936763	0.26959540209538974	31047978.662509497	46465491.125910506
metabolite__LPC1_acyl_18_2_1_E2	metabolite	genotype_pca_ridge	val	44	-0.006716541818620803	0.14197462787869777	0.29364074821210945	25574499.74116328	38847441.82047235
metabolite__LPC1_acyl_18_2_1_E2	metabolite	genotype_pca_ridge	test	38	-0.06052217415895256	0.05195633554111095	0.1220354644186364	31824810.786672655	47431903.02034602
metabolite__LPC1_acyl_18_2_1_E2	metabolite	genotype_pca_population_ridge	val	44	0.04643808485149703	0.22978159192653874	0.40313032371592844	24668042.721208036	37807962.29413774
metabolite__LPC1_acyl_18_2_1_E2	metabolite	genotype_pca_population_ridge	test	38	0.014426773089351919	0.1346905130727035	0.2591884280201919	29444027.93448718	45725148.15515422
metabolite__LPC1_acyl_18_1_E2	metabolite	mean_baseline	val	44	-0.01005809769302668			5318993.506493506	7628071.81653522
metabolite__LPC1_acyl_18_1_E2	metabolite	mean_baseline	test	38	-0.009229988452318372			4419548.872180451	6484724.138588956
metabolite__LPC1_acyl_18_1_E2	metabolite	population_ridge	val	44	-0.007038016865783092	0.1390338438933446	0.15822673380172173	5304872.266094336	7616659.285028523
metabolite__LPC1_acyl_18_1_E2	metabolite	population_ridge	test	38	0.000700599352770559	0.3520335365454386	0.30480464777484506	4391196.586790088	6452741.181008759
metabolite__LPC1_acyl_18_1_E2	metabolite	genotype_pca_ridge	val	44	-0.03649094927319618	0.05070876713030495	0.059273355513250775	5245828.544320986	7727239.140365804
metabolite__LPC1_acyl_18_1_E2	metabolite	genotype_pca_ridge	test	38	-0.07256984432832603	0.12431740792523739	-0.059209807700607256	4946537.662226165	6685120.251041476
metabolite__LPC1_acyl_18_1_E2	metabolite	genotype_pca_population_ridge	val	44	-0.030317660007745273	0.07945317141913431	0.07731613673963865	5208672.045477901	7704193.245371078
metabolite__LPC1_acyl_18_1_E2	metabolite	genotype_pca_population_ridge	test	38	-0.05140235624443723	0.16515278380683784	0.041479698925194354	4914794.229971496	6618825.104259184
metabolite__LPC1_acyl_18_0_E2	metabolite	mean_baseline	val	44	-0.020595732513652543			2825116.501145913	3612661.678542804
metabolite__LPC1_acyl_18_0_E2	metabolite	mean_baseline	test	38	-0.014474844678511234			3279212.7377266698	4096801.444321156
metabolite__LPC1_acyl_18_0_E2	metabolite	population_ridge	val	44	0.13880806403183632	0.4160312337680376	0.39165521591811475	2532756.47032297	3318565.512380641
metabolite__LPC1_acyl_18_0_E2	metabolite	population_ridge	test	38	0.13592342795943024	0.3921032284470526	0.3720039489359779	2883525.6303755976	3780945.259759127
metabolite__LPC1_acyl_18_0_E2	metabolite	genotype_pca_ridge	val	44	0.06697075734186375	0.28417853282948213	0.22638052069983527	2688284.936620545	3454204.5031216918
metabolite__LPC1_acyl_18_0_E2	metabolite	genotype_pca_ridge	test	38	0.007028359821788177	0.169006312469325	0.08328773319808154	3096039.266148077	4053150.192490985
metabolite__LPC1_acyl_18_0_E2	metabolite	genotype_pca_population_ridge	val	44	0.11593901149210317	0.38945128691377073	0.3574021234336441	2652461.941386637	3362339.2597686024
metabolite__LPC1_acyl_18_0_E2	metabolite	genotype_pca_population_ridge	test	38	0.0628255092977098	0.3092858151429043	0.29079567293995096	2924538.8900783234	3937626.363462316
metabolite__Tricin_4p_O_threo_beta_guaiacylglyceryl_ether_E2	metabolite	mean_baseline	val	44	-0.013746580127064423			455894.40030557686	727094.4239410101
metabolite__Tricin_4p_O_threo_beta_guaiacylglyceryl_ether_E2	metabolite	mean_baseline	test	38	-0.0314102786040813			676055.205661212	1433557.3426281975
metabolite__Tricin_4p_O_threo_beta_guaiacylglyceryl_ether_E2	metabolite	population_ridge	val	44	-0.01620058989512274	0.013105937960803726	0.03248995708963982	449520.2249794316	727973.9427142851
metabolite__Tricin_4p_O_threo_beta_guaiacylglyceryl_ether_E2	metabolite	population_ridge	test	38	-0.03454289781431785	-0.019073281123386604	-0.18222611796952137	672268.3367775164	1435732.7061348823
metabolite__Tricin_4p_O_threo_beta_guaiacylglyceryl_ether_E2	metabolite	genotype_pca_ridge	val	44	-0.06770500783896938	-0.0766480678333034	-0.1552611181528775	471568.46319938055	746194.0003583231
metabolite__Tricin_4p_O_threo_beta_guaiacylglyceryl_ether_E2	metabolite	genotype_pca_ridge	test	38	-0.08503304267157619	-0.08222733337376702	0.15574039992229965	647443.7713354549	1470350.332085432
metabolite__Tricin_4p_O_threo_beta_guaiacylglyceryl_ether_E2	metabolite	genotype_pca_population_ridge	val	44	-0.0776069357860083	-0.06871344630284532	-0.1007118192648488	462083.6297181554	749646.1277050917
metabolite__Tricin_4p_O_threo_beta_guaiacylglyceryl_ether_E2	metabolite	genotype_pca_population_ridge	test	38	-0.09457518283439059	-0.09978175417216284	0.1270657795571257	648735.4326536175	1476801.5536387144
metabolite__LPC1_acyl_20_4_E2	metabolite	mean_baseline	val	44	-0.01111013492241475			9596390.374331549	12561170.333901303
metabolite__LPC1_acyl_20_4_E2	metabolite	mean_baseline	test	38	-0.01792386321050987			11626950.464396285	13966244.963126635
metabolite__LPC1_acyl_20_4_E2	metabolite	population_ridge	val	44	0.11020024146064411	0.3869329025955391	0.400592008888314	8782918.911595605	11783573.493374357
metabolite__LPC1_acyl_20_4_E2	metabolite	population_ridge	test	38	0.11229047600806896	0.37256994150096	0.36770665813027664	10085698.378560796	13042397.9411483
metabolite__LPC1_acyl_20_4_E2	metabolite	genotype_pca_ridge	val	44	0.07241928036313361	0.2832167153461139	0.27239410878841197	9095503.953154204	12031138.588551322
metabolite__LPC1_acyl_20_4_E2	metabolite	genotype_pca_ridge	test	38	-0.052662141988106814	0.09714949562242749	0.07695676709305879	11182529.249239895	14202555.969684623
metabolite__LPC1_acyl_20_4_E2	metabolite	genotype_pca_population_ridge	val	44	0.10181267340085853	0.3732160202449354	0.39953485193311966	9029567.193904357	11838981.29742462
metabolite__LPC1_acyl_20_4_E2	metabolite	genotype_pca_population_ridge	test	38	-0.0023990936422710885	0.254439057646618	0.2685276666845992	10457415.231753532	13859333.326352218
metabolite__Lehmbachol_A_E2	metabolite	mean_baseline	val	44	-0.0018187445623856213			1128147.7272727273	1669972.7697987182
metabolite__Lehmbachol_A_E2	metabolite	mean_baseline	test	38	-0.03869704017476705			1004664.2857142858	1201925.007635498
metabolite__Lehmbachol_A_E2	metabolite	population_ridge	val	44	-0.003278768335175375	-0.07976992850750679	-0.11600944491654074	1129527.349584963	1671189.2135226836
metabolite__Lehmbachol_A_E2	metabolite	population_ridge	test	38	-0.030881731780287636	0.30510174470485174	0.2951734775758554	1002005.9111541323	1197394.7402035247
metabolite__Lehmbachol_A_E2	metabolite	genotype_pca_ridge	val	44	-0.004176563679930467	-0.10423760717906663	0.08556225159701122	1126421.4764026825	1671936.787593934
metabolite__Lehmbachol_A_E2	metabolite	genotype_pca_ridge	test	38	-0.025501167971952787	0.4257958530290457	0.3781328754262441	998186.2563184331	1194265.8228472413
metabolite__Lehmbachol_A_E2	metabolite	genotype_pca_population_ridge	val	44	-0.005674774836086582	-0.11717978005884751	-0.0033125418657821474	1127778.662579858	1673183.5706867015
metabolite__Lehmbachol_A_E2	metabolite	genotype_pca_population_ridge	test	38	-0.017994842538357148	0.45940490880070534	0.43657656731556804	995591.1976587392	1189886.9820973799
metabolite__Apigenin_C_hexosyl_C_pentoside_E2	metabolite	mean_baseline	val	44	-0.010891402739564793			1305659.7593582885	4761572.396472324
metabolite__Apigenin_C_hexosyl_C_pentoside_E2	metabolite	mean_baseline	test	38	-0.6087405438605635			533362.2954444938	581294.51612816
metabolite__Apigenin_C_hexosyl_C_pentoside_E2	metabolite	population_ridge	val	44	-0.02888339652007965	0.020122944195770657	0.32687293054609434	1186848.41493469	4803759.095796998
metabolite__Apigenin_C_hexosyl_C_pentoside_E2	metabolite	population_ridge	test	38	-1.5348373129706583	0.5097911472022989	0.39498742327447606	465901.55833055277	729672.9858535294
metabolite__Apigenin_C_hexosyl_C_pentoside_E2	metabolite	genotype_pca_ridge	val	44	-0.007114891926046418	0.0638532788566434	0.24201846560916085	1251107.272036376	4752669.879569456
metabolite__Apigenin_C_hexosyl_C_pentoside_E2	metabolite	genotype_pca_ridge	test	38	-0.40069014676271064	0.1876586454528848	0.1364780595243202	480639.8331584687	542405.7179078258
metabolite__Apigenin_C_hexosyl_C_pentoside_E2	metabolite	genotype_pca_population_ridge	val	44	-0.014028742137680794	0.023651762962988397	0.4211008538190845	1213353.7319171855	4768955.531746564
metabolite__Apigenin_C_hexosyl_C_pentoside_E2	metabolite	genotype_pca_population_ridge	test	38	-0.2941887698005139	0.4270344211766861	0.3941118623472951	437429.8267568235	521377.20046349213
metabolite__Viscumamide_E2	metabolite	mean_baseline	val	44	-0.00043284260601383906			6573892.284186401	12928937.299322054
metabolite__Viscumamide_E2	metabolite	mean_baseline	test	38	-0.008235120764114479			8873042.901371075	16833904.814896554
metabolite__Viscumamide_E2	metabolite	population_ridge	val	44	-0.06166537202321498	0.15763764115026488	0.42161287450745794	6509340.698781734	13318726.023042329
metabolite__Viscumamide_E2	metabolite	population_ridge	test	38	0.010847694460091817	0.21112427702581865	0.37019607244171765	9818100.943292156	16673836.562581887
metabolite__Viscumamide_E2	metabolite	genotype_pca_ridge	val	44	-0.016595223981950014	-0.06912692496068744	0.07655435240178889	6715121.9787556315	13032954.874785053
metabolite__Viscumamide_E2	metabolite	genotype_pca_ridge	test	38	0.014040507106184874	0.16614856451727966	0.22533673974713253	8842230.975633347	16646904.681154786
metabolite__Viscumamide_E2	metabolite	genotype_pca_population_ridge	val	44	-0.015194534860660136	0.06851884989587267	0.4015226439047786	6275465.380671144	13023973.222058177
metabolite__Viscumamide_E2	metabolite	genotype_pca_population_ridge	test	38	0.026945788294563067	0.17290519157547737	0.3627505436259718	9081778.892665572	16537599.67599482
metabolite__Triornicin_E2	metabolite	mean_baseline	val	44	-0.04156314251398818			1393657.3720397248	2145135.505997773
metabolite__Triornicin_E2	metabolite	mean_baseline	test	38	-0.01288363814818494			1359567.0057496687	1731465.2505488272
metabolite__Triornicin_E2	metabolite	population_ridge	val	44	0.03370319031108249	0.3095947127696105	0.324324324525676	1292046.486326494	2066175.476283699
metabolite__Triornicin_E2	metabolite	population_ridge	test	38	0.12070796994634936	0.3647704468220614	0.4082526284284536	1232990.0700460735	1613245.9015133386
metabolite__Triornicin_E2	metabolite	genotype_pca_ridge	val	44	-0.035185434099732404	0.07491334884795012	0.24151661454791215	1366124.441497398	2138557.865357694
metabolite__Triornicin_E2	metabolite	genotype_pca_ridge	test	38	-0.03362107328672792	-0.05079097710414777	0.07223773049940466	1348174.1305619695	1749100.1604396896
metabolite__Triornicin_E2	metabolite	genotype_pca_population_ridge	val	44	-0.0074451746587609335	0.2187650213555418	0.35702456063604404	1329023.0265579764	2109709.4112552754
metabolite__Triornicin_E2	metabolite	genotype_pca_population_ridge	test	38	0.015369788211039181	0.15893154574636956	0.20292235203923673	1310312.7737679472	1707145.6694837648
metabolite__L_Histidine_E2	metabolite	mean_baseline	val	44	-0.008871836730335758			810683.3460656989	1144769.5475231828
metabolite__L_Histidine_E2	metabolite	mean_baseline	test	38	-0.05384392786454506			720015.811587793	976716.4956478685
metabolite__L_Histidine_E2	metabolite	population_ridge	val	44	-0.005189151301343786	0.11704035250742048	0.18853961281204784	809535.7560498994	1142678.2608628776
metabolite__L_Histidine_E2	metabolite	population_ridge	test	38	-0.059862844422861716	-0.13840842461393113	-0.029664497825942868	722289.6441249484	979501.7301690168
metabolite__L_Histidine_E2	metabolite	genotype_pca_ridge	val	44	-0.10022232851712265	0.09413129849002133	0.20122639049659685	883233.247632875	1195474.4426281494
metabolite__L_Histidine_E2	metabolite	genotype_pca_ridge	test	38	-0.8753321542278276	-0.06008249230862142	-0.11362268908977378	889457.2361441186	1302925.1697073788
metabolite__L_Histidine_E2	metabolite	genotype_pca_population_ridge	val	44	-0.07662904414473815	0.12409630161729404	0.22899633720610968	874169.1664746181	1182587.038085328
metabolite__L_Histidine_E2	metabolite	genotype_pca_population_ridge	test	38	-0.913963204952497	-0.07389534157060199	-0.12183242096042218	894001.0537080825	1316276.61590653
metabolite__L_Carnitine_E2	metabolite	mean_baseline	val	44	-0.004238409424988321			63864.132925897626	104034.1194936666
metabolite__L_Carnitine_E2	metabolite	mean_baseline	test	38	-0.17513168028028336			61668.39893852277	77026.1149294966
metabolite__L_Carnitine_E2	metabolite	population_ridge	val	44	-0.07919594525784057	-0.11254500361751077	-0.036731531769149825	67681.60679096596	107846.86728216356
metabolite__L_Carnitine_E2	metabolite	population_ridge	test	38	-0.1264806651023258	0.1797934310374301	0.28757528755827233	59747.042577112035	75414.8023200259
metabolite__L_Carnitine_E2	metabolite	genotype_pca_ridge	val	44	-0.11175665762083797	-0.022107564877788956	-0.028553302047035854	68386.62291822239	109461.71577111559
metabolite__L_Carnitine_E2	metabolite	genotype_pca_ridge	test	38	-0.24166892740811985	0.022524263193753204	0.15259990516034702	60411.20322032209	79176.7429763481
metabolite__L_Carnitine_E2	metabolite	genotype_pca_population_ridge	val	44	-0.1839082330593016	-0.07745327528463589	-0.05576706646717373	70555.36519358464	112957.84599889262
metabolite__L_Carnitine_E2	metabolite	genotype_pca_population_ridge	test	38	-0.27393389435845794	0.06598336276610801	0.19704435386558442	61257.9737842892	80198.85582379019
metabolite__Pyridoxate_2_E2	metabolite	mean_baseline	val	44	-0.00012167093681791918			97846.18029029794	135070.76628505316
metabolite__Pyridoxate_2_E2	metabolite	mean_baseline	test	38	-0.017276988346188515			124110.10614772224	162534.56547166675
metabolite__Pyridoxate_2_E2	metabolite	population_ridge	val	44	0.0018631554883193902	0.09735974036318555	0.09924229228965892	97963.39085315602	134936.67001507775
metabolite__Pyridoxate_2_E2	metabolite	population_ridge	test	38	-0.017039404909863665	0.026250866739419666	0.055820064476812696	124054.36589579887	162515.58451763922
metabolite__Pyridoxate_2_E2	metabolite	genotype_pca_ridge	val	44	0.001505954633872264	0.062386559874783504	0.15584141211110503	97620.29279519356	134960.81258761304
metabolite__Pyridoxate_2_E2	metabolite	genotype_pca_ridge	test	38	-0.012616271871949802	0.1783940806102628	0.12050566860582505	124132.75818332961	162161.80702260192
metabolite__Pyridoxate_2_E2	metabolite	genotype_pca_population_ridge	val	44	0.0034163392813856275	0.09575220655122517	0.12560352617909956	97642.647063098	134831.64281107226
metabolite__Pyridoxate_2_E2	metabolite	genotype_pca_population_ridge	test	38	-0.012415059980693588	0.1510623720361367	0.09806819170828268	124076.21672457832	162145.69504325278
metabolite__Diaminopimelic_acid_E2	metabolite	mean_baseline	val	44	-0.0023617150342853943			2992881.7799847214	3950074.7182504837
metabolite__Diaminopimelic_acid_E2	metabolite	mean_baseline	test	38	-0.04904857981679944			2714442.0610349397	3466527.571770087
metabolite__Diaminopimelic_acid_E2	metabolite	population_ridge	val	44	0.020343797362135096	0.17064306257228526	0.19649023940545732	3016899.922893904	3905079.877279762
metabolite__Diaminopimelic_acid_E2	metabolite	population_ridge	test	38	-0.19576579951504192	-0.10233708003283798	-0.29223445520213703	3063748.048033427	3701007.137561404
metabolite__Diaminopimelic_acid_E2	metabolite	genotype_pca_ridge	val	44	0.0708148174255181	0.2757543193952735	0.20297413539731604	2967957.448097952	3803156.641925788
metabolite__Diaminopimelic_acid_E2	metabolite	genotype_pca_ridge	test	38	-0.40937817247225805	0.09486778436040133	-0.007442675263575026	3229419.6204625363	4018006.44739321
metabolite__Diaminopimelic_acid_E2	metabolite	genotype_pca_population_ridge	val	44	0.04751861802985491	0.26492279660325785	0.2088942143464044	3084791.116215925	3850537.196530585
metabolite__Diaminopimelic_acid_E2	metabolite	genotype_pca_population_ridge	test	38	-0.5950108512214414	0.035749572698018116	-0.12980901268529385	3508018.920806679	4274434.63029862
metabolite__Scopoletin_E2	metabolite	mean_baseline	val	44	-0.0015914436246071695			397855.99694423215	534637.9039189735
metabolite__Scopoletin_E2	metabolite	mean_baseline	test	38	-0.10149722277088546			367258.5139318886	453037.7277426711
metabolite__Scopoletin_E2	metabolite	population_ridge	val	44	-0.05950366009144581	-0.04721448536795705	-0.053705465994170136	412658.6396030623	549877.1501818969
metabolite__Scopoletin_E2	metabolite	population_ridge	test	38	-0.18416084781083653	-0.09119729089662115	-0.0018605669702593775	370223.55222072446	469729.69510246575
metabolite__Scopoletin_E2	metabolite	genotype_pca_ridge	val	44	0.007567728379224814	0.16998224508899074	0.2337808801872209	392396.91483412083	532187.759716368
metabolite__Scopoletin_E2	metabolite	genotype_pca_ridge	test	38	-0.156057259417	0.04278276343514949	-0.015869541805153514	364807.2011346408	464122.19736311707
metabolite__Scopoletin_E2	metabolite	genotype_pca_population_ridge	val	44	-0.05354453906684231	0.10602420706531049	0.1542798754084494	402771.4279833313	548328.5925234443
metabolite__Scopoletin_E2	metabolite	genotype_pca_population_ridge	test	38	-0.23403817224713208	-0.012221656994493346	-0.05964758816419769	369492.9058994261	479520.26328214974
metabolite__7_Oxo_11_dodecenoic_acid_E2	metabolite	mean_baseline	val	44	-2.693634535644307e-06			785077.5019098549	1388426.8923699073
metabolite__7_Oxo_11_dodecenoic_acid_E2	metabolite	mean_baseline	test	38	-0.16722375081953667			557339.6727111896	666140.8440655232
metabolite__7_Oxo_11_dodecenoic_acid_E2	metabolite	population_ridge	val	44	0.041277966153879686	0.21621598099644979	0.4690087743846966	732518.5928873256	1359467.3644763285
metabolite__7_Oxo_11_dodecenoic_acid_E2	metabolite	population_ridge	test	38	0.02870194415042715	0.5049308294006349	0.35484048830162107	509899.4184575373	607666.4578603742
metabolite__7_Oxo_11_dodecenoic_acid_E2	metabolite	genotype_pca_ridge	val	44	0.09735234143359706	0.32082740706355634	0.19493287301999562	746001.240321412	1319111.6683815974
metabolite__7_Oxo_11_dodecenoic_acid_E2	metabolite	genotype_pca_ridge	test	38	-0.3234420260376196	0.4151894055193332	0.10386910036959851	502910.64293181035	709318.791996368
metabolite__7_Oxo_11_dodecenoic_acid_E2	metabolite	genotype_pca_population_ridge	val	44	0.11415852457007136	0.33908261079007485	0.37830790396649905	719479.4929352882	1306773.8558600687
metabolite__7_Oxo_11_dodecenoic_acid_E2	metabolite	genotype_pca_population_ridge	test	38	-0.26290499686955093	0.528866837251156	0.2620259497205678	494306.560496432	692906.0379610203
metabolite__Nalidixic_acid_E2	metabolite	mean_baseline	val	44	-0.0021014702698072263			2478826.130634072	8293709.055674358
metabolite__Nalidixic_acid_E2	metabolite	mean_baseline	test	38	-0.04520588166167827			1768898.3724015923	3417988.4495207164
metabolite__Nalidixic_acid_E2	metabolite	population_ridge	val	44	0.01638625534857896	0.26102981495496286	0.09499982387236229	2501931.445389685	8216847.767316705
metabolite__Nalidixic_acid_E2	metabolite	population_ridge	test	38	-0.041918284675182216	0.07193177537140265	0.12115574329865474	1796117.097483193	3412608.734932728
metabolite__Nalidixic_acid_E2	metabolite	genotype_pca_ridge	val	44	-0.14767148561926224	-0.3060586353129786	0.08238486209702636	2736504.625215723	8875682.173070328
metabolite__Nalidixic_acid_E2	metabolite	genotype_pca_ridge	test	38	0.19447679052588518	0.44166046481316396	0.061179819786764233	1581095.048150242	3000604.093462132
metabolite__Nalidixic_acid_E2	metabolite	genotype_pca_population_ridge	val	44	-0.13360413142505312	-0.22565527878053862	0.09380175487693931	2822702.5381258125	8821118.505272778
metabolite__Nalidixic_acid_E2	metabolite	genotype_pca_population_ridge	test	38	0.21077433460416373	0.46001252945905396	0.0891977694565525	1574095.442688953	2970094.504801408
metabolite__2_Amino_1_3_4_hexadecanetriol_E2	metabolite	mean_baseline	val	44	-0.14303128286355027			1688216.5374331546	2306077.987599818
metabolite__2_Amino_1_3_4_hexadecanetriol_E2	metabolite	mean_baseline	test	38	-0.013208381258205337			3647915.7120743026	10612529.049850862
metabolite__2_Amino_1_3_4_hexadecanetriol_E2	metabolite	population_ridge	val	44	-0.037805416845440254	0.36412167995514805	0.5114345117520276	1596547.387632975	2197368.521149361
metabolite__2_Amino_1_3_4_hexadecanetriol_E2	metabolite	population_ridge	test	38	-0.004284982217173106	0.12264474229055292	0.08372551366167198	3675839.990476624	10565693.04670905
metabolite__2_Amino_1_3_4_hexadecanetriol_E2	metabolite	genotype_pca_ridge	val	44	-0.2340158122606144	-0.25521752474852544	0.0754078720648573	1660944.4332531812	2396101.9598791953
metabolite__2_Amino_1_3_4_hexadecanetriol_E2	metabolite	genotype_pca_ridge	test	38	-0.0032948453151684376	0.21874284181432285	0.005800591142573353	3570487.732166014	10560483.339024467
metabolite__2_Amino_1_3_4_hexadecanetriol_E2	metabolite	genotype_pca_population_ridge	val	44	-0.1553006746449943	0.08583705079565905	0.3845096728839827	1586064.456478171	2318421.7666058014
metabolite__2_Amino_1_3_4_hexadecanetriol_E2	metabolite	genotype_pca_population_ridge	test	38	0.0042442010336490865	0.21867116487934815	0.016745102732334396	3597515.5708717993	10520731.264818147
metabolite__9_Oxo_12_octadecenoic_acid_E2	metabolite	mean_baseline	val	44	-0.01662829851920855			7315.561497326201	13612.0120787514
metabolite__9_Oxo_12_octadecenoic_acid_E2	metabolite	mean_baseline	test	38	-0.04069407054732177			5397.755417956658	6463.488117733691
metabolite__9_Oxo_12_octadecenoic_acid_E2	metabolite	population_ridge	val	44	0.18487451137591537	0.49363214001978634	0.6119040101855449	5846.521660169056	12188.589912566971
metabolite__9_Oxo_12_octadecenoic_acid_E2	metabolite	population_ridge	test	38	0.2687873010253682	0.5401714333313543	0.5435341964546114	3672.574261915994	5417.853747551394
metabolite__9_Oxo_12_octadecenoic_acid_E2	metabolite	genotype_pca_ridge	val	44	0.04689823230107326	0.28138329905315473	0.5077351404488211	6433.811744853717	13179.86209452318
metabolite__9_Oxo_12_octadecenoic_acid_E2	metabolite	genotype_pca_ridge	test	38	0.11766127872706256	0.3781468068539465	0.4404312538327339	4562.201681417414	5951.4540380597355
metabolite__9_Oxo_12_octadecenoic_acid_E2	metabolite	genotype_pca_population_ridge	val	44	0.1482084355818023	0.4446803953284597	0.6619445362431049	5866.301637089443	12459.708903018009
metabolite__9_Oxo_12_octadecenoic_acid_E2	metabolite	genotype_pca_population_ridge	test	38	0.19555227217143822	0.48556026874577896	0.5055546623890154	4004.3194652905254	5682.694764738678
metabolite__Hydroxylinoleic_acid_E2	metabolite	mean_baseline	val	44	-0.021367198004190735			155131.85637891522	189172.60236369263
metabolite__Hydroxylinoleic_acid_E2	metabolite	mean_baseline	test	38	-0.004626482337559246			221489.5621406457	365123.9576594041
metabolite__Hydroxylinoleic_acid_E2	metabolite	population_ridge	val	44	-0.13073957749358267	0.1973740051794333	0.22580076831383442	156583.30181951364	199043.76682539648
metabolite__Hydroxylinoleic_acid_E2	metabolite	population_ridge	test	38	0.03276804779474629	0.21384563537292584	0.20717960439417654	225666.98992245522	358264.1369994123
metabolite__Hydroxylinoleic_acid_E2	metabolite	genotype_pca_ridge	val	44	0.012774229611696386	0.2702469973331992	0.3362345398331161	137942.32014926264	185983.9756381505
metabolite__Hydroxylinoleic_acid_E2	metabolite	genotype_pca_ridge	test	38	-0.03880495914658111	0.049923205363658484	-0.02418737061337191	222992.63191356146	371282.967224522
metabolite__Hydroxylinoleic_acid_E2	metabolite	genotype_pca_population_ridge	val	44	-0.04000976929938327	0.2836367234585246	0.35660171275530655	141685.69175955903	190891.2380710977
metabolite__Hydroxylinoleic_acid_E2	metabolite	genotype_pca_population_ridge	test	38	-0.03767773880350678	0.12096558229520586	0.08613330621141942	226797.05837336928	371081.4706363716
metabolite__N_acetylneuraminic_acid_E2	metabolite	mean_baseline	val	44	-0.010390083065896949			357937.1657754011	560104.4877495911
metabolite__N_acetylneuraminic_acid_E2	metabolite	mean_baseline	test	38	-0.024550249277342617			271391.6408668731	384095.4484409068
metabolite__N_acetylneuraminic_acid_E2	metabolite	population_ridge	val	44	-0.011517828985377454	-0.11171511712295763	0.06441836734733794	358035.29302724614	560416.9806194179
metabolite__N_acetylneuraminic_acid_E2	metabolite	population_ridge	test	38	-0.019696450949692634	0.30673017035794475	0.29113994413396427	270531.1610573803	383184.54380504414
metabolite__N_acetylneuraminic_acid_E2	metabolite	genotype_pca_ridge	val	44	-0.015097686306293712	-0.11575966250300333	-0.16506325637578276	359621.23732481414	561407.7891169185
metabolite__N_acetylneuraminic_acid_E2	metabolite	genotype_pca_ridge	test	38	-0.006744467031262191	0.3824428467803306	0.529633905888817	267992.2816056917	380743.19927661493
metabolite__N_acetylneuraminic_acid_E2	metabolite	genotype_pca_population_ridge	val	44	-0.016187531166317104	-0.14586123442702384	-0.16696620595825337	359627.4737549506	561709.0819207714
metabolite__N_acetylneuraminic_acid_E2	metabolite	genotype_pca_population_ridge	test	38	-0.001913749165422196	0.4322374366418604	0.5840311059770049	267396.52994291676	379828.63023544615
metabolite__Gibberellin_A4_E2	metabolite	mean_baseline	val	44	-0.024129368774299387			67744.27043544689	89693.6595989566
metabolite__Gibberellin_A4_E2	metabolite	mean_baseline	test	38	-0.0073278486048320435			53826.78018575853	84634.48777435914
metabolite__Gibberellin_A4_E2	metabolite	population_ridge	val	44	0.04938987181913934	0.3025703480248215	0.25662531971912755	64468.272149886514	86414.287283158
metabolite__Gibberellin_A4_E2	metabolite	population_ridge	test	38	0.06492174856332922	0.25792825352313375	0.13528156802615784	53814.821190461305	81542.85777963942
metabolite__Gibberellin_A4_E2	metabolite	genotype_pca_ridge	val	44	0.00023156948643754394	0.19061488890924658	0.16605582347109707	68272.12363110407	88620.46884203842
metabolite__Gibberellin_A4_E2	metabolite	genotype_pca_ridge	test	38	-0.0022067236800376033	0.09283329072162526	-0.0007661577477209584	54514.16927746878	84419.07823423929
metabolite__Gibberellin_A4_E2	metabolite	genotype_pca_population_ridge	val	44	0.020141844627779903	0.33538546000769187	0.2790386269618308	67343.70643069764	87733.59784952375
metabolite__Gibberellin_A4_E2	metabolite	genotype_pca_population_ridge	test	38	0.01805194837043056	0.18079650989168825	0.028676189986127306	54173.098826768546	83561.49592739597
metabolite__Acetylintermedine_E2	metabolite	mean_baseline	val	44	-0.02163263891164502			467353.57715813594	567815.1063145557
metabolite__Acetylintermedine_E2	metabolite	mean_baseline	test	38	-0.11163012180815057			445330.9840778416	520998.57197641936
metabolite__Acetylintermedine_E2	metabolite	population_ridge	val	44	-0.048882990179225816	0.03232702302404904	0.06335670746383805	476634.2202966394	575338.0327891908
metabolite__Acetylintermedine_E2	metabolite	population_ridge	test	38	-0.16439860890923153	-0.03482351173313961	-0.0073328227651398995	455793.30191975716	533220.9677062816
metabolite__Acetylintermedine_E2	metabolite	genotype_pca_ridge	val	44	-0.09628806785837352	0.11739628725020265	0.10606434341832734	478177.4573337346	588195.782826765
metabolite__Acetylintermedine_E2	metabolite	genotype_pca_ridge	test	38	-0.061624029326359686	0.1454142818269349	0.1520192659817809	436453.3357775307	509145.3125253684
metabolite__Acetylintermedine_E2	metabolite	genotype_pca_population_ridge	val	44	-0.10320606780449881	0.12499695263833388	0.10077874490910836	476034.6182975914	590048.7351804788
metabolite__Acetylintermedine_E2	metabolite	genotype_pca_population_ridge	test	38	-0.08148660951565079	0.13396007433365284	0.17018715522078426	434113.6033087159	513886.1974370366
metabolite__Serotonin_E2	metabolite	mean_baseline	val	44	-0.002580909134268339			331423.2238349886	510369.514285374
metabolite__Serotonin_E2	metabolite	mean_baseline	test	38	-0.00853247268826407			298853.56037151703	352818.1337273688
metabolite__Serotonin_E2	metabolite	population_ridge	val	44	-0.027532598928991403	0.1431083432148068	0.32784805686515534	298239.99145194434	516681.38384273864
metabolite__Serotonin_E2	metabolite	population_ridge	test	38	0.1123267178363222	0.38374654813438225	0.3391889800267501	265606.8594886478	331003.4569331076
metabolite__Serotonin_E2	metabolite	genotype_pca_ridge	val	44	0.02640580791318692	0.20057599617502722	0.4668240603342194	309547.3342631461	502937.4747317195
metabolite__Serotonin_E2	metabolite	genotype_pca_ridge	test	38	0.12639448585729685	0.4785478532511582	0.42412303891695924	272993.8920609638	328370.12524274917
metabolite__Serotonin_E2	metabolite	genotype_pca_population_ridge	val	44	-0.019020551238820183	0.181559437057633	0.48444272203161604	281895.888163429	514536.84713172604
metabolite__Serotonin_E2	metabolite	genotype_pca_population_ridge	test	38	0.1379401244637356	0.5104726302955711	0.47676902129607085	253041.04341068855	326193.0255459226
metabolite__Caffeic_acid_derivative_E2	metabolite	mean_baseline	val	44	-0.004064011049956129			447268.0863254391	671060.3653876786
metabolite__Caffeic_acid_derivative_E2	metabolite	mean_baseline	test	38	-0.020049681413168763			514997.6116762495	1175858.2322495154
metabolite__Caffeic_acid_derivative_E2	metabolite	population_ridge	val	44	-0.004994462196284077	-0.05475490212526002	-0.09048944647782876	447768.4269033451	671371.2242041375
metabolite__Caffeic_acid_derivative_E2	metabolite	population_ridge	test	38	-0.01899907149465152	0.10633729224453452	0.20270344982560215	514325.38284093956	1175252.5330356152
metabolite__Caffeic_acid_derivative_E2	metabolite	genotype_pca_ridge	val	44	-0.008598480748241322	-0.15837832123252202	-0.11769266013860907	448403.6140471501	672573.951707467
metabolite__Caffeic_acid_derivative_E2	metabolite	genotype_pca_ridge	test	38	-0.014997030800924849	0.28774384366169453	0.24068298389119824	514142.15540407196	1172942.4055025356
metabolite__Caffeic_acid_derivative_E2	metabolite	genotype_pca_population_ridge	val	44	-0.00962841553702054	-0.14952795279164596	-0.1509566934232938	448915.4059623943	672917.2650150221
metabolite__Caffeic_acid_derivative_E2	metabolite	genotype_pca_population_ridge	test	38	-0.014001601368562655	0.2710820758244579	0.29431402623166536	513485.1455444169	1172367.0994839102
metabolite__L_Tryptophan_E2	metabolite	mean_baseline	val	44	-0.11833261721343868			17728074.866310164	24429738.25106461
metabolite__L_Tryptophan_E2	metabolite	mean_baseline	test	38	-7.142071800636529e-08			15540734.188412204	20686992.650301866
metabolite__L_Tryptophan_E2	metabolite	population_ridge	val	44	-0.11864097425570264	0.06468891810277405	0.2905976910744199	17521430.868919257	24433106.01594655
metabolite__L_Tryptophan_E2	metabolite	population_ridge	test	38	0.018865231705550434	0.17540027760417926	0.19067426597175255	15348174.927413262	20490930.374394104
metabolite__L_Tryptophan_E2	metabolite	genotype_pca_ridge	val	44	-0.12120714157918155	-0.12774915325223077	-0.044474203994169036	17698127.25695864	24461114.78851055
metabolite__L_Tryptophan_E2	metabolite	genotype_pca_ridge	test	38	-0.003897581634013658	-0.13051581458073194	0.014448337031154612	15524969.634137407	20727267.32541739
metabolite__L_Tryptophan_E2	metabolite	genotype_pca_population_ridge	val	44	-0.12020437441810139	-0.021577433945083796	0.1337750224737446	17636895.731632885	24450173.772976432
metabolite__L_Tryptophan_E2	metabolite	genotype_pca_population_ridge	test	38	0.0017324896074908391	0.05035766587472385	0.13474168852538887	15474501.211825673	20669064.144029647
metabolite__Elaeokanine_C_E2	metabolite	mean_baseline	val	44	-0.0019110881930106682			373088.34606569906	584496.209902564
metabolite__Elaeokanine_C_E2	metabolite	mean_baseline	test	38	-1.003841964747719			274370.2852720036	293100.6500860765
metabolite__Elaeokanine_C_E2	metabolite	population_ridge	val	44	-0.06437944676349927	-0.009376655061947218	0.3494132987827687	359907.2128381818	602442.1471806829
metabolite__Elaeokanine_C_E2	metabolite	population_ridge	test	38	-1.2745534082970784	0.2874045562266728	0.3599846903220333	270637.3578863889	312272.0522221192
metabolite__Elaeokanine_C_E2	metabolite	genotype_pca_ridge	val	44	0.0037921947070707063	0.06805777020236453	0.10359773078069182	365997.3408489385	582830.2413333127
metabolite__Elaeokanine_C_E2	metabolite	genotype_pca_ridge	test	38	-0.9616033675018438	0.3686843737960256	0.28479177993856203	267688.3486547805	289995.0915979309
metabolite__Elaeokanine_C_E2	metabolite	genotype_pca_population_ridge	val	44	-0.009380539149133726	0.03307375890870081	0.3801402447830283	355619.74153459235	586670.9332448851
metabolite__Elaeokanine_C_E2	metabolite	genotype_pca_population_ridge	test	38	-0.9459784682733408	0.4488053259492698	0.46341598626436264	264546.9187253407	288837.8231777665
metabolite__Ethyl_syringate_E2	metabolite	mean_baseline	val	44	-6.811805856687947e-05			155608.09778456835	234423.98384058438
metabolite__Ethyl_syringate_E2	metabolite	mean_baseline	test	38	-5.764438838640196e-05			152979.08005307385	202680.90343415012
metabolite__Ethyl_syringate_E2	metabolite	population_ridge	val	44	0.04251460247775052	0.21801193699952792	0.2696130320377136	150407.90397701104	229378.828666052
metabolite__Ethyl_syringate_E2	metabolite	population_ridge	test	38	0.1311183841899627	0.3681558552875784	0.4006785693011518	137074.92125469891	188921.166577956
metabolite__Ethyl_syringate_E2	metabolite	genotype_pca_ridge	val	44	-0.002127727601150875	0.1070641853379612	0.21498555495817687	149300.61507133555	234665.2541760071
metabolite__Ethyl_syringate_E2	metabolite	genotype_pca_ridge	test	38	0.11249062732562276	0.3788463297748678	0.4346065552294111	136775.97213695952	190935.54649886608
metabolite__Ethyl_syringate_E2	metabolite	genotype_pca_population_ridge	val	44	0.0008439009226569594	0.17842047629142369	0.28356947134319527	148031.84659146157	234317.06717901488
metabolite__Ethyl_syringate_E2	metabolite	genotype_pca_population_ridge	test	38	0.12506785058371217	0.42550308764541195	0.5002736247679773	129427.73131367375	189577.8099982726
metabolite__Halaminol_A_E2	metabolite	mean_baseline	val	44	-0.004636591096914389			591204.5454545454	760625.1042602542
metabolite__Halaminol_A_E2	metabolite	mean_baseline	test	38	-0.0882026034347072			541524.9889429457	702589.725122439
metabolite__Halaminol_A_E2	metabolite	population_ridge	val	44	-0.0018697297313754468	0.12985868964366168	0.24004510595946468	589237.4243273073	759576.9664265875
metabolite__Halaminol_A_E2	metabolite	population_ridge	test	38	-0.08823866970196903	-0.030496895746561642	-0.09162562454749676	541755.6382073899	702601.3679813911
metabolite__Halaminol_A_E2	metabolite	genotype_pca_ridge	val	44	-0.0059726747693711335	-0.05463973487941827	-0.018676439541766926	591472.8235438786	761130.7204856147
metabolite__Halaminol_A_E2	metabolite	genotype_pca_ridge	test	38	-0.08120990841602915	0.14201630110697172	0.02572523508800685	539686.4433985205	700328.6968282239
metabolite__Halaminol_A_E2	metabolite	genotype_pca_population_ridge	val	44	-0.0033482620053622014	0.05354816496740927	0.11699203637484186	589549.975654467	760137.2413737829
metabolite__Halaminol_A_E2	metabolite	genotype_pca_population_ridge	test	38	-0.08156562686464741	0.08270124872388732	-0.0022988507950984843	539945.5132288205	700443.8915507568
metabolite__N_Coumaroylputrescine_E2	metabolite	mean_baseline	val	44	-0.0032249346983135307			644825.0572956455	779529.2955631937
metabolite__N_Coumaroylputrescine_E2	metabolite	mean_baseline	test	38	-0.00047824290830678073			715582.9279080053	932971.3150197129
metabolite__N_Coumaroylputrescine_E2	metabolite	population_ridge	val	44	0.02410475992869998	0.19432788792661104	0.1952216510592241	637310.0453225755	768838.0739216966
metabolite__N_Coumaroylputrescine_E2	metabolite	population_ridge	test	38	-0.002213262785601966	0.11318924830693863	0.1311224259671012	709277.1549926397	933779.9395960012
metabolite__N_Coumaroylputrescine_E2	metabolite	genotype_pca_ridge	val	44	-0.0005544566286845853	0.059916611343849596	0.12016350724042493	645321.2141578792	778491.0921704025
metabolite__N_Coumaroylputrescine_E2	metabolite	genotype_pca_ridge	test	38	0.02616844775991345	0.21372145452561203	0.2904832374930606	698480.3684976317	920463.1100599094
metabolite__N_Coumaroylputrescine_E2	metabolite	genotype_pca_population_ridge	val	44	0.02643193020769452	0.18261690261976601	0.2319402359696413	640685.9562041947	767920.8212391776
metabolite__N_Coumaroylputrescine_E2	metabolite	genotype_pca_population_ridge	test	38	0.03314278617126665	0.21080233959139097	0.3467411063971424	688370.7114078859	917161.123959501
metabolite__Apodophyllone_E2	metabolite	mean_baseline	val	44	-0.00791570371611483			138461.24904507256	181389.27899792005
metabolite__Apodophyllone_E2	metabolite	mean_baseline	test	38	-0.00845116365471732			182343.8080495356	239229.9157698191
metabolite__Apodophyllone_E2	metabolite	population_ridge	val	44	-0.00885631746175286	-0.046556304687657514	-0.054055958975604654	138603.6575008847	181473.8979104602
metabolite__Apodophyllone_E2	metabolite	population_ridge	test	38	-0.008687735831041987	-0.018825386127002824	0.0038312082063025844	182219.3824247037	239257.97455198245
metabolite__Apodophyllone_E2	metabolite	genotype_pca_ridge	val	44	-0.005357864183601624	0.09647620716549855	0.12389879514877832	138126.10259785908	181158.97233748666
metabolite__Apodophyllone_E2	metabolite	genotype_pca_ridge	test	38	-0.0075903356196938	0.03994297545917274	-0.11121450107438358	182521.22590681948	239127.78896788447
metabolite__Apodophyllone_E2	metabolite	genotype_pca_population_ridge	val	44	-0.0063428779818512915	0.05740671162378842	0.0023962224317738696	138263.35121819383	181247.6971621956
metabolite__Apodophyllone_E2	metabolite	genotype_pca_population_ridge	test	38	-0.007845179379772249	0.021692183865242347	-0.11471732000586024	182402.3227573615	239158.02763230083
metabolite__Austricine_E2	metabolite	mean_baseline	val	44	-0.024478102612959463			3859919.7860962558	4869849.532417432
metabolite__Austricine_E2	metabolite	mean_baseline	test	38	-0.0774071599475783			4818235.294117646	6348847.912715691
metabolite__Austricine_E2	metabolite	population_ridge	val	44	0.13969102513777276	0.47919165023217	0.4925289025534917	3501368.728815479	4462635.6385318935
metabolite__Austricine_E2	metabolite	population_ridge	test	38	0.01670760364000401	0.3683392583040085	0.3858362729910607	4506939.206266091	6065216.885651502
metabolite__Austricine_E2	metabolite	genotype_pca_ridge	val	44	0.005627208068404221	0.2742908677790747	0.32097547541909	3756737.3181372494	4797763.309802563
metabolite__Austricine_E2	metabolite	genotype_pca_ridge	test	38	-0.0968065966414744	-0.14688921098047414	-0.026707532087891863	4813712.16641509	6405750.539992103
metabolite__Austricine_E2	metabolite	genotype_pca_population_ridge	val	44	0.07914824725087832	0.45388491120418484	0.48407105076379237	3606268.338186838	4616991.363308614
metabolite__Austricine_E2	metabolite	genotype_pca_population_ridge	test	38	-0.04489275194551312	0.1858109856817637	0.32147549894319016	4638098.639881365	6252315.043852849
metabolite__Thiamin_E2	metabolite	mean_baseline	val	44	-0.016720479193573334			3759826.2032085564	4817483.042757271
metabolite__Thiamin_E2	metabolite	mean_baseline	test	38	-0.03686287157786716			4102414.8606811143	5571675.500992746
metabolite__Thiamin_E2	metabolite	population_ridge	val	44	0.10536785257381176	0.36375645502791265	0.4275896228535	3325662.193762186	4518992.899140144
metabolite__Thiamin_E2	metabolite	population_ridge	test	38	-0.07697980374065416	0.07808557547999445	0.04521320817952902	4242148.483646445	5678438.580919436
metabolite__Thiamin_E2	metabolite	genotype_pca_ridge	val	44	0.0864930000964893	0.33698733127243147	0.3916399512980624	3397084.5672329604	4566414.691911838
metabolite__Thiamin_E2	metabolite	genotype_pca_ridge	test	38	0.00963126893084787	0.24769389278148662	0.2849636341194045	4038869.050291261	5445322.588838857
metabolite__Thiamin_E2	metabolite	genotype_pca_population_ridge	val	44	0.0947238989249155	0.4067710672422629	0.48799916897704926	3400138.2153503266	4545795.941988996
metabolite__Thiamin_E2	metabolite	genotype_pca_population_ridge	test	38	-0.02316974372575009	0.15148555497138086	0.15994309237358817	4085676.458794092	5534762.600759493
metabolite__Apigenin_E2	metabolite	mean_baseline	val	44	-0.02935026260256679			57103.53246753246	160129.7244301089
metabolite__Apigenin_E2	metabolite	mean_baseline	test	38	-0.0006236724445243258			37317.774436090236	96327.68952609536
metabolite__Apigenin_E2	metabolite	population_ridge	val	44	-0.015283080271689231	0.21069967846633245	0.1283388543605946	56176.576604939655	159031.78764588776
metabolite__Apigenin_E2	metabolite	population_ridge	test	38	-0.014598639219404408	-0.09331987943195114	0.14064467226020455	36830.218443462	96998.02572523567
metabolite__Apigenin_E2	metabolite	genotype_pca_ridge	val	44	-0.024883567944154583	0.19368196406875068	0.2640073302772034	56749.411906412635	159781.9185244466
metabolite__Apigenin_E2	metabolite	genotype_pca_ridge	test	38	-0.0005319040036189104	0.02670348177386807	0.13188858371482215	36905.5721542196	96323.27225873762
metabolite__Apigenin_E2	metabolite	genotype_pca_population_ridge	val	44	-0.021281865690915946	0.25916634835582536	0.27556557965399503	56477.711903067895	159500.91422001264
metabolite__Apigenin_E2	metabolite	genotype_pca_population_ridge	test	38	-0.0033535442022094575	-0.05116281610672255	0.1728232976644848	36735.69638671137	96458.99919782825
metabolite__N_Coumaroylagmatine_E2	metabolite	mean_baseline	val	44	-0.08861134403251181			111151.32352941175	159517.11807551375
metabolite__N_Coumaroylagmatine_E2	metabolite	mean_baseline	test	38	-0.0019442511915297445			184439.66607695704	346485.31219731324
metabolite__N_Coumaroylagmatine_E2	metabolite	population_ridge	val	44	-0.2622767793987726	0.19518444611158559	0.3535837629473384	105735.70752458023	171770.33536148837
metabolite__N_Coumaroylagmatine_E2	metabolite	population_ridge	test	38	0.1706771627700383	0.4475814473981697	0.33831337117221183	154435.13450571953	315228.05529161345
metabolite__N_Coumaroylagmatine_E2	metabolite	genotype_pca_ridge	val	44	-0.1093011421951009	0.2580388370017404	0.21953626102869422	110081.21372372826	161025.84880364136
metabolite__N_Coumaroylagmatine_E2	metabolite	genotype_pca_ridge	test	38	0.048175165805000475	0.23209149178298927	0.30066219042706754	177994.6914600411	337708.1690958973
metabolite__N_Coumaroylagmatine_E2	metabolite	genotype_pca_population_ridge	val	44	-0.0806626152284613	0.17669034368331368	0.30706885691878677	104309.99816156905	158933.67689867155
metabolite__N_Coumaroylagmatine_E2	metabolite	genotype_pca_population_ridge	test	38	0.0883690144289222	0.3984145623630704	0.29584634172710733	172005.54491446307	330500.85654851963
metabolite__Crotonoside_E2	metabolite	mean_baseline	val	44	-0.01686825442451667			2447782.6585179525	3302680.8095521596
metabolite__Crotonoside_E2	metabolite	mean_baseline	test	38	-0.029515327559410665			2389197.257850509	2947757.0151863974
metabolite__Crotonoside_E2	metabolite	population_ridge	val	44	-0.21168796614030616	0.06779476231585338	-0.035520473694530305	2749633.5527353548	3605202.434427883
metabolite__Crotonoside_E2	metabolite	population_ridge	test	38	0.23142579294275423	0.4902861248781596	0.3512286017766509	1987576.210045975	2546936.8442911566
metabolite__Crotonoside_E2	metabolite	genotype_pca_ridge	val	44	-0.16276054739733614	-0.06895993525512689	-0.019028825193498376	2562822.5182543606	3531664.1929896274
metabolite__Crotonoside_E2	metabolite	genotype_pca_ridge	test	38	0.08942432787419252	0.31758876764073973	0.2226235512663471	2172679.269569804	2772255.761367111
metabolite__Crotonoside_E2	metabolite	genotype_pca_population_ridge	val	44	-0.07415337922575782	0.001031713708149599	0.004581013472508868	2502269.9769706945	3394434.3045970076
metabolite__Crotonoside_E2	metabolite	genotype_pca_population_ridge	test	38	0.14753842059618238	0.4399492814556922	0.3129207143906029	2150282.1580646597	2682332.9241766054
metabolite__Sphinganine_E2	metabolite	mean_baseline	val	44	-0.0006719966760528884			279712.2612681436	352425.0706931915
metabolite__Sphinganine_E2	metabolite	mean_baseline	test	38	-0.02894682277392091			194272.0919946926	253044.82381888098
metabolite__Sphinganine_E2	metabolite	population_ridge	val	44	0.06645785540005578	0.26222212388488253	0.3010676910851125	267456.09392040386	340398.69524193316
metabolite__Sphinganine_E2	metabolite	population_ridge	test	38	0.06072737499469971	0.29084823078605687	0.37434327762536956	181365.92302406562	241766.89075352007
metabolite__Sphinganine_E2	metabolite	genotype_pca_ridge	val	44	0.02879619103871567	0.24204575371199008	0.21522957129539647	276652.30185932515	347197.1174123334
metabolite__Sphinganine_E2	metabolite	genotype_pca_ridge	test	38	-0.00837747177241277	0.15301155050003493	0.19450526442698296	192069.61454442271	250502.78583301013
metabolite__Sphinganine_E2	metabolite	genotype_pca_population_ridge	val	44	0.05737650269440042	0.315436751110356	0.25222876085992924	272965.5089356599	342050.3609440283
metabolite__Sphinganine_E2	metabolite	genotype_pca_population_ridge	test	38	0.04429970407253003	0.3304155614621812	0.46169004240462236	185343.4652204154	243871.9511716972
metabolite__N2_N2_Dimethylguanosine_E2	metabolite	mean_baseline	val	44	-0.010960515287270045			1884205.920550038	2548258.283995517
metabolite__N2_N2_Dimethylguanosine_E2	metabolite	mean_baseline	test	38	-0.01891853852674097			1735450.5528527196	2525573.498214316
metabolite__N2_N2_Dimethylguanosine_E2	metabolite	population_ridge	val	44	-0.04901832953963958	0.19778562617585713	0.1764042572567646	1872489.423660892	2595780.0250462038
metabolite__N2_N2_Dimethylguanosine_E2	metabolite	population_ridge	test	38	0.09448596979389268	0.3332813394258723	0.45558538727518166	1430335.264512145	2380881.999430446
metabolite__N2_N2_Dimethylguanosine_E2	metabolite	genotype_pca_ridge	val	44	0.03914791274896068	0.2239183962487866	0.06645993391655174	1900737.2704334669	2484303.3027617526
metabolite__N2_N2_Dimethylguanosine_E2	metabolite	genotype_pca_ridge	test	38	0.026625656128552277	0.2164366276155047	0.2164085321102917	1574762.9170498606	2468483.491728906
metabolite__N2_N2_Dimethylguanosine_E2	metabolite	genotype_pca_population_ridge	val	44	0.07395128782490068	0.3011103119324097	0.1741489890856833	1862679.8754025712	2438895.9013358117
metabolite__N2_N2_Dimethylguanosine_E2	metabolite	genotype_pca_population_ridge	test	38	-0.0019172035705303792	0.23035902535131367	0.3269662546350235	1578421.3583776392	2504414.425021835
metabolite__Caffeoyltryptamine_E2	metabolite	mean_baseline	val	44	-0.008414822470131478			73804.74446142092	121778.67219039236
metabolite__Caffeoyltryptamine_E2	metabolite	mean_baseline	test	38	-0.013014869316604116			77662.23905351614	147924.1642051823
metabolite__Caffeoyltryptamine_E2	metabolite	population_ridge	val	44	0.019001372596875177	0.1638488764519066	0.11987737418908624	71170.38726117145	120111.84109585077
metabolite__Caffeoyltryptamine_E2	metabolite	population_ridge	test	38	0.07374093082149458	0.31130598242959107	0.252270992143992	69245.6286174023	141448.20830369636
metabolite__Caffeoyltryptamine_E2	metabolite	genotype_pca_ridge	val	44	-0.22016640561615763	-0.22576599220110694	0.1580041581022524	70019.03959260104	133955.68695686827
metabolite__Caffeoyltryptamine_E2	metabolite	genotype_pca_ridge	test	38	0.030817620663223688	0.18522898409738173	0.2844478562178895	69019.65853667982	144688.48487632777
metabolite__Caffeoyltryptamine_E2	metabolite	genotype_pca_population_ridge	val	44	-0.028073739264672604	-0.03297386912406124	0.12903907827173247	70177.30108893149	122959.9724033303
metabolite__Caffeoyltryptamine_E2	metabolite	genotype_pca_population_ridge	test	38	0.0526417671802627	0.359215439512758	0.3058990989338212	70963.81980153357	143050.15439547913
metabolite__2_Amino_9_methyl_4_octadecene_1_3_8_triol_E2	metabolite	mean_baseline	val	44	-0.0007469384748743924			137769.72880061116	183767.08039436032
metabolite__2_Amino_9_methyl_4_octadecene_1_3_8_triol_E2	metabolite	mean_baseline	test	38	-0.004773719988009351			202647.47899159667	291497.5654949244
metabolite__2_Amino_9_methyl_4_octadecene_1_3_8_triol_E2	metabolite	population_ridge	val	44	0.023542977160184164	0.16491961706448902	0.16505743927101185	139503.22270378683	181523.20339693985
metabolite__2_Amino_9_methyl_4_octadecene_1_3_8_triol_E2	metabolite	population_ridge	test	38	0.04392937053515744	0.3541668736178247	0.3367994927641117	200061.7070042003	284345.1249074294
metabolite__2_Amino_9_methyl_4_octadecene_1_3_8_triol_E2	metabolite	genotype_pca_ridge	val	44	-0.02025982874659893	-0.05990811755762028	0.023398407274968374	140660.12498321204	185550.00657348253
metabolite__2_Amino_9_methyl_4_octadecene_1_3_8_triol_E2	metabolite	genotype_pca_ridge	test	38	-0.011868510523331821	-0.025363939320338973	0.05823117651950193	201946.8412961387	292524.8994005128
metabolite__2_Amino_9_methyl_4_octadecene_1_3_8_triol_E2	metabolite	genotype_pca_population_ridge	val	44	-0.002832925799774788	0.059854113965671744	0.0652618227006648	141449.01257374868	183958.5055361371
metabolite__2_Amino_9_methyl_4_octadecene_1_3_8_triol_E2	metabolite	genotype_pca_population_ridge	test	38	0.02832995394394111	0.21653273162070064	0.2409150742846311	199137.58675440302	286655.4516544957
metabolite__Tricin_E2	metabolite	mean_baseline	val	44	-0.010356126851214453			398502.2345301757	605398.0007107004
metabolite__Tricin_E2	metabolite	mean_baseline	test	38	-0.0014504368070162865			465329.7434763378	957662.0213589551
metabolite__Tricin_E2	metabolite	population_ridge	val	44	-0.00937009666094224	0.10492911254571902	0.09994009288678904	398096.3255560093	605102.5175621473
metabolite__Tricin_E2	metabolite	population_ridge	test	38	-0.0017205912446947025	-0.04361180812981109	-0.07552126370392305	465614.8246985877	957791.1836168441
metabolite__Tricin_E2	metabolite	genotype_pca_ridge	val	44	0.02894690916227971	0.2029410364760567	0.10600133970502872	392447.39142044674	593506.1590584492
metabolite__Tricin_E2	metabolite	genotype_pca_ridge	test	38	0.023878391546158118	0.21154026642543078	0.07179992607213553	430850.78124710685	945473.7985030552
metabolite__Tricin_E2	metabolite	genotype_pca_population_ridge	val	44	0.015300075990701267	0.19500493246778394	0.14455368865359966	392046.70931363566	597662.0703257362
metabolite__Tricin_E2	metabolite	genotype_pca_population_ridge	test	38	0.008965386233510064	0.18761446726453335	0.01970119922711036	450891.2074567913	952668.8085349364
metabolite__Fructose_1_6_diphosphate_E2	metabolite	mean_baseline	val	44	-0.0044171600103020126			324477.2727272727	441757.6084328591
metabolite__Fructose_1_6_diphosphate_E2	metabolite	mean_baseline	test	38	-0.004033093284743883			404772.0035382574	503493.2618707489
metabolite__Fructose_1_6_diphosphate_E2	metabolite	population_ridge	val	44	0.010720689837430686	0.1580168115097677	0.1619678617727424	316807.91412501107	438416.0444490159
metabolite__Fructose_1_6_diphosphate_E2	metabolite	population_ridge	test	38	-0.07025956970746927	-0.0746136803974115	-0.03426570014574476	416141.40544866887	519833.43460157793
metabolite__Fructose_1_6_diphosphate_E2	metabolite	genotype_pca_ridge	val	44	-0.015030851289752567	-0.041068123542313255	-0.004581336386087143	324727.1298345665	444085.50452105404
metabolite__Fructose_1_6_diphosphate_E2	metabolite	genotype_pca_ridge	test	38	-0.01667198892299182	-0.016048686555187715	0.056489141454326826	403686.3954308187	506652.3695992386
metabolite__Fructose_1_6_diphosphate_E2	metabolite	genotype_pca_population_ridge	val	44	-0.004520931346109869	0.07156202563984594	0.1234141540313629	318986.6335164882	441780.42793205776
metabolite__Fructose_1_6_diphosphate_E2	metabolite	genotype_pca_population_ridge	test	38	-0.032949338826494534	-0.03796680377056465	0.029667746771555363	406757.4452864524	510692.1239629245
metabolite__N_Coumaroyl_spermidine_derivative_E2	metabolite	mean_baseline	val	44	-0.0004910715708121849			193384.50954927423	291023.7151183514
metabolite__N_Coumaroyl_spermidine_derivative_E2	metabolite	mean_baseline	test	38	-0.0006107625518954052			226791.42392746574	591473.1831574163
metabolite__N_Coumaroyl_spermidine_derivative_E2	metabolite	population_ridge	val	44	-0.06035708645794924	0.08354273112756008	0.009584551963383732	209634.31921622687	299604.16286558786
metabolite__N_Coumaroyl_spermidine_derivative_E2	metabolite	population_ridge	test	38	-0.02325316281030254	-0.036909431755901896	-0.171938277075146	247386.50816805326	598127.8463526702
metabolite__N_Coumaroyl_spermidine_derivative_E2	metabolite	genotype_pca_ridge	val	44	0.15888220743635173	0.4269795698810661	-0.04263716130769969	180178.36169688244	266839.53905739123
metabolite__N_Coumaroyl_spermidine_derivative_E2	metabolite	genotype_pca_ridge	test	38	0.11572386752078379	0.47028534417875384	0.2316953103552413	219783.40598583838	556027.6972963453
metabolite__N_Coumaroyl_spermidine_derivative_E2	metabolite	genotype_pca_population_ridge	val	44	0.15624092440073722	0.4159669666538942	-0.0027485112247938644	181852.41398095217	267258.1762076923
metabolite__N_Coumaroyl_spermidine_derivative_E2	metabolite	genotype_pca_population_ridge	test	38	0.1168479989407899	0.4603440153602782	0.30699355009279733	216314.2586003289	555674.161248248
metabolite__Zeanoside_B_E2	metabolite	mean_baseline	val	44	-0.0763725083213933			415523.92475171876	500855.74203380296
metabolite__Zeanoside_B_E2	metabolite	mean_baseline	test	38	-0.00014276400879120743			413925.3295002212	532300.6561673786
metabolite__Zeanoside_B_E2	metabolite	population_ridge	val	44	-0.057231427956622616	0.14213173927298017	0.20219176163932298	417863.72825808165	496382.4188594359
metabolite__Zeanoside_B_E2	metabolite	population_ridge	test	38	0.018989218184062184	0.14870826849581853	0.14162973222156006	407978.1055774283	527184.8159955341
metabolite__Zeanoside_B_E2	metabolite	genotype_pca_ridge	val	44	-0.05671584926222151	0.1531929064843718	0.1482786568452895	409592.5972542984	496261.36901082296
metabolite__Zeanoside_B_E2	metabolite	genotype_pca_ridge	test	38	0.04870638123611448	0.33006844120101	0.32036338965417793	401182.289551461	519138.5678559149
metabolite__Zeanoside_B_E2	metabolite	genotype_pca_population_ridge	val	44	-0.04414371270687112	0.18492390299135586	0.1863349661116661	411488.5436716377	493300.43394257966
metabolite__Zeanoside_B_E2	metabolite	genotype_pca_population_ridge	test	38	0.05896897343451324	0.2858720700589892	0.2842445244044756	400457.02712556405	516330.7311261367
metabolite__trans_Zeatin_O_glucoside_E2	metabolite	mean_baseline	val	44	-0.002420467317057584			3398771.963330786	4781328.819996705
metabolite__trans_Zeatin_O_glucoside_E2	metabolite	mean_baseline	test	38	-0.002889036910698861			3449409.9955771775	4287556.319384154
metabolite__trans_Zeatin_O_glucoside_E2	metabolite	population_ridge	val	44	0.006089072675509177	0.5069416129969546	0.532172811244838	3382156.428224562	4760991.233965155
metabolite__trans_Zeatin_O_glucoside_E2	metabolite	population_ridge	test	38	0.00493113732780337	0.40409532711698365	0.2811645027409612	3438949.658402834	4270807.180147191
metabolite__trans_Zeatin_O_glucoside_E2	metabolite	genotype_pca_ridge	val	44	-0.09118131572855614	-0.030518414510611054	-0.058566495317767225	3613632.21531609	4988524.501577421
metabolite__trans_Zeatin_O_glucoside_E2	metabolite	genotype_pca_ridge	test	38	-0.05522361529391939	0.09495318256181941	-0.0012038962748737148	3550676.3482635454	4398004.271357323
metabolite__trans_Zeatin_O_glucoside_E2	metabolite	genotype_pca_population_ridge	val	44	-0.0564374620127821	0.03834903683986973	0.07738388912022673	3489905.7047579517	4908463.272617364
metabolite__trans_Zeatin_O_glucoside_E2	metabolite	genotype_pca_population_ridge	test	38	-0.025086738771980643	0.14698268732678085	0.05636423468726938	3524634.393663043	4334746.488631393
metabolite__Succinyladenosine_E2	metabolite	mean_baseline	val	44	-0.011256897400455212			2540021.1993888463	3010770.985059154
metabolite__Succinyladenosine_E2	metabolite	mean_baseline	test	38	-0.07222571365127917			2672012.826183105	3271985.066970927
metabolite__Succinyladenosine_E2	metabolite	population_ridge	val	44	-0.04959036155132068	0.08720665394471641	-0.02043836780042418	2628230.257538482	3067304.491920247
metabolite__Succinyladenosine_E2	metabolite	population_ridge	test	38	-0.1188704408919905	0.026628702814501554	-0.11973951085810408	2772324.9705496123	3342397.5487893666
metabolite__Succinyladenosine_E2	metabolite	genotype_pca_ridge	val	44	0.004238535751989736	0.12469567674657672	0.058214109666035775	2504975.2867803867	2987615.000047306
metabolite__Succinyladenosine_E2	metabolite	genotype_pca_ridge	test	38	-0.05314844920282469	0.15288276546433033	0.00021890221363455957	2656414.5237233588	3242746.5068566147
metabolite__Succinyladenosine_E2	metabolite	genotype_pca_population_ridge	val	44	-0.00047810496833822214	0.11162273709606702	0.05595884149495449	2526971.372337546	2994682.384960158
metabolite__Succinyladenosine_E2	metabolite	genotype_pca_population_ridge	test	38	-0.0714932500782759	0.07362711239198193	-0.005800908661315829	2712835.7033918886	3270867.289586001
metabolite__Acetosyringone_E2	metabolite	mean_baseline	val	44	-0.004631789507691719			1838312.834224599	5544273.945370563
metabolite__Acetosyringone_E2	metabolite	mean_baseline	test	38	-0.5223896060374567			1195467.492260062	1370209.2965307888
metabolite__Acetosyringone_E2	metabolite	population_ridge	val	44	-0.003246004711052297	0.10148399027920753	0.3013814521062866	1833999.592927445	5540448.751909499
metabolite__Acetosyringone_E2	metabolite	population_ridge	test	38	-0.5144026961188541	0.16866897201798609	0.14327934222561658	1195881.389555493	1366610.3066659146
metabolite__Acetosyringone_E2	metabolite	genotype_pca_ridge	val	44	-0.002691692826089609	0.19670996302444557	0.29849168607813925	1832279.9699845603	5538917.940468987
metabolite__Acetosyringone_E2	metabolite	genotype_pca_ridge	test	38	-0.48954028850153897	0.5287627401438907	0.33220229461783524	1178223.0967704672	1355345.8547530766
metabolite__Acetosyringone_E2	metabolite	genotype_pca_population_ridge	val	44	-0.0014133688369044606	0.1827471217245896	0.3741189774977009	1828193.2040115187	5535386.052303987
metabolite__Acetosyringone_E2	metabolite	genotype_pca_population_ridge	test	38	-0.48163140876968136	0.4969894861238531	0.37959721836397126	1178531.1275913883	1351742.8860623199
metabolite__Apigenin_C_pentoside_E2	metabolite	mean_baseline	val	44	-0.029591293633605575			34404.33957219252	71021.3936885653
metabolite__Apigenin_C_pentoside_E2	metabolite	mean_baseline	test	38	-0.05077543335755497			16414.845201238393	22024.34159851584
metabolite__Apigenin_C_pentoside_E2	metabolite	population_ridge	val	44	0.16675879563128215	0.533852674241088	0.35218663198539135	28042.740382749063	63891.3594126321
metabolite__Apigenin_C_pentoside_E2	metabolite	population_ridge	test	38	-0.5555678376659092	0.05161942849415813	0.293860136185084	17810.869227255374	26797.38751996645
metabolite__Apigenin_C_pentoside_E2	metabolite	genotype_pca_ridge	val	44	0.010108366259551804	0.42811329612729915	0.21496282320501173	33254.13260036606	69638.68899448185
metabolite__Apigenin_C_pentoside_E2	metabolite	genotype_pca_ridge	test	38	-0.14079097705627408	-0.23008914007681058	-0.18791726399619713	16469.583935954626	22948.326372203086
metabolite__Apigenin_C_pentoside_E2	metabolite	genotype_pca_population_ridge	val	44	0.06859768167462466	0.5026199051373527	0.39066850131979663	31047.869438794514	67550.00989780869
metabolite__Apigenin_C_pentoside_E2	metabolite	genotype_pca_population_ridge	test	38	-0.20141415152128328	-0.03436758591166404	0.1916383979367159	16302.444711796381	23550.186494077123
metabolite__Lincomycin_E2	metabolite	mean_baseline	val	44	-0.1698487860749427			2771.430481283423	3431.8124682194216
metabolite__Lincomycin_E2	metabolite	mean_baseline	test	38	-0.012606352422960487			2954.281291463954	4000.944472305264
metabolite__Lincomycin_E2	metabolite	population_ridge	val	44	-0.17999752913241962	0.23151934912780453	0.36305328807284426	2601.5205388538975	3446.6662563763184
metabolite__Lincomycin_E2	metabolite	population_ridge	test	38	-0.12479056202081873	0.11770525928772974	0.14173142508740552	3109.309092538571	4216.751732362729
metabolite__Lincomycin_E2	metabolite	genotype_pca_ridge	val	44	-0.15761826094349374	0.15644716734827555	0.1439949267196313	2777.9736223793134	3413.825891329965
metabolite__Lincomycin_E2	metabolite	genotype_pca_ridge	test	38	-0.07291486239826717	0.06598914137320816	0.11612126796736466	2852.1473893626503	4118.364966999754
metabolite__Lincomycin_E2	metabolite	genotype_pca_population_ridge	val	44	-0.21465885723058498	0.2064171659396256	0.26853679432295413	2680.3311177684764	3496.9211846073135
metabolite__Lincomycin_E2	metabolite	genotype_pca_population_ridge	test	38	-0.17279909346644162	0.07578529144827796	0.1434825469417673	3097.174621912732	4305.801562643236
metabolite__Apigenin_7_O_glucoside_E2	metabolite	mean_baseline	val	44	-0.02992747878902624			78498.50267379679	195161.49303266744
metabolite__Apigenin_7_O_glucoside_E2	metabolite	mean_baseline	test	38	-0.582780417747423			29025.064130915518	35353.42683094956
metabolite__Apigenin_7_O_glucoside_E2	metabolite	population_ridge	val	44	0.005493686858583535	0.1938834519045944	0.16922751789223434	72215.736232514	191776.1436799619
metabolite__Apigenin_7_O_glucoside_E2	metabolite	population_ridge	test	38	-1.2678240330740311	0.1291447971633605	0.18835504445978757	31399.655490172634	42318.07062819188
metabolite__Apigenin_7_O_glucoside_E2	metabolite	genotype_pca_ridge	val	44	-0.022706071492907043	0.08586712221240103	0.243868059936331	77028.68608949434	194476.0953809584
metabolite__Apigenin_7_O_glucoside_E2	metabolite	genotype_pca_ridge	test	38	-0.3260038168636843	0.3328734859657402	0.5109992461259432	25635.52140398804	32358.886555408695
metabolite__Apigenin_7_O_glucoside_E2	metabolite	genotype_pca_population_ridge	val	44	-0.009378993172296957	0.1615242775850421	0.22948971189384212	75341.13162744096	193204.8126300333
metabolite__Apigenin_7_O_glucoside_E2	metabolite	genotype_pca_population_ridge	test	38	-0.35533541993423223	0.29160651309821306	0.3785706558898346	25814.232129934906	32714.82311527465
metabolite__Vitexin_E2	metabolite	mean_baseline	val	44	-0.012497030609923465			82185.46600458365	322481.05235178134
metabolite__Vitexin_E2	metabolite	mean_baseline	test	38	-0.0017513377762019555			45373.04290137106	121719.01960353706
metabolite__Vitexin_E2	metabolite	population_ridge	val	44	-0.026862702815196204	-0.02805999843987121	0.2561138916784189	76084.96309538442	324760.7332054812
metabolite__Vitexin_E2	metabolite	population_ridge	test	38	-0.057617621171515365	0.01039527535063614	0.3620840825686323	47591.957969180796	125067.02495159284
metabolite__Vitexin_E2	metabolite	genotype_pca_ridge	val	44	-0.014273162937340933	0.012078635153046259	0.3315948982792958	77824.79488335284	322763.7781453182
metabolite__Vitexin_E2	metabolite	genotype_pca_ridge	test	38	-0.020154104248391702	-0.1009636803078077	0.03283712961626049	41704.57713394709	122831.95684207827
metabolite__Vitexin_E2	metabolite	genotype_pca_population_ridge	val	44	-0.02091458830960935	-0.012689131015527787	0.35259708312249033	75878.8621856421	323818.77693263657
metabolite__Vitexin_E2	metabolite	genotype_pca_population_ridge	test	38	-0.023611979294203334	-0.043215604711513124	0.24157181687695634	42169.10087141506	123039.95397055286
metabolite__Apigenin_8_C_glucoside_E2	metabolite	mean_baseline	val	44	-0.015256043123205165			26840.88235294117	107105.42650251796
metabolite__Apigenin_8_C_glucoside_E2	metabolite	mean_baseline	test	38	-2.4022470679341268e-09			14818.126934984524	43630.18624136914
metabolite__Apigenin_8_C_glucoside_E2	metabolite	population_ridge	val	44	-0.02988789535788361	-0.01867266466214494	0.3162197401448736	24196.402637470957	107874.466328818
metabolite__Apigenin_8_C_glucoside_E2	metabolite	population_ridge	test	38	-0.03590676377014912	0.057127554107523924	0.2881847642498977	15360.367193811297	44406.5875329695
metabolite__Apigenin_8_C_glucoside_E2	metabolite	genotype_pca_ridge	val	44	-0.017149394708698917	-0.012219064505410607	0.1782303817308637	25356.02898134525	107205.2504698515
metabolite__Apigenin_8_C_glucoside_E2	metabolite	genotype_pca_ridge	test	38	-0.02248197958628184	-0.2159886548407832	-0.1336398014238986	14184.084999208897	44117.90667237602
metabolite__Apigenin_8_C_glucoside_E2	metabolite	genotype_pca_population_ridge	val	44	-0.02213213380648371	-0.031803351824227895	0.29895345168142495	24136.40820419254	107467.51439964383
metabolite__Apigenin_8_C_glucoside_E2	metabolite	genotype_pca_population_ridge	test	38	-0.02534035791708722	-0.08360370607067626	0.06490450634264693	14230.339618484235	44179.53008525784
metabolite__Cyanidin_3_O_glucoside_E2	metabolite	mean_baseline	val	44	-0.007634452728198848			214001.35599694427	300716.65245797235
metabolite__Cyanidin_3_O_glucoside_E2	metabolite	mean_baseline	test	38	-0.04547001613409707			193003.1402034498	224712.29566657287
metabolite__Cyanidin_3_O_glucoside_E2	metabolite	population_ridge	val	44	0.05136318873436063	0.24887716321227887	0.1560363665866867	214507.47907710884	291780.29607056006
metabolite__Cyanidin_3_O_glucoside_E2	metabolite	population_ridge	test	38	0.027859630497131693	0.24684388412479874	0.22568818225723092	175841.11733933588	216688.3360741574
metabolite__Cyanidin_3_O_glucoside_E2	metabolite	genotype_pca_ridge	val	44	-0.0019683132083210264	0.07788562112264953	0.12537881488605043	211173.28741910617	299869.9641510935
metabolite__Cyanidin_3_O_glucoside_E2	metabolite	genotype_pca_ridge	test	38	0.014085602458170143	0.3382656684684	0.25589668773880014	186596.55645822416	218218.03964137964
metabolite__Cyanidin_3_O_glucoside_E2	metabolite	genotype_pca_population_ridge	val	44	0.03353509552258016	0.22657724664301057	0.180632885077542	209199.64357819455	294509.3030999688
metabolite__Cyanidin_3_O_glucoside_E2	metabolite	genotype_pca_population_ridge	test	38	0.06556374618527949	0.35073679522904144	0.3402834910949229	178601.70391084306	212444.69241407193
metabolite__Chrysoeriol_O_hexoside_E2	metabolite	mean_baseline	val	44	-0.031406480036940465			148358.96103896105	455103.28097440064
metabolite__Chrysoeriol_O_hexoside_E2	metabolite	mean_baseline	test	38	-0.022883996711166255			62331.24060150377	110895.49840679036
metabolite__Chrysoeriol_O_hexoside_E2	metabolite	population_ridge	val	44	0.00473317356663705	0.2612930371055736	0.24419465112591643	141708.28048171126	447058.9595193163
metabolite__Chrysoeriol_O_hexoside_E2	metabolite	population_ridge	test	38	0.06836904855974557	0.30290311181304036	0.32012266674974194	59647.72641675558	105833.38317581844
metabolite__Chrysoeriol_O_hexoside_E2	metabolite	genotype_pca_ridge	val	44	-0.024469760814525676	0.09253781576256435	0.13425420213416187	146609.65985682275	453570.3016728624
metabolite__Chrysoeriol_O_hexoside_E2	metabolite	genotype_pca_ridge	test	38	0.060740454537963395	0.35861896029133367	0.19192032654319344	59589.89620381057	106265.80434692912
metabolite__Chrysoeriol_O_hexoside_E2	metabolite	genotype_pca_population_ridge	val	44	-0.007638957711285421	0.22360772347508848	0.30705803606222737	143574.1913067071	449829.0654139383
metabolite__Chrysoeriol_O_hexoside_E2	metabolite	genotype_pca_population_ridge	test	38	0.11078324195519806	0.4094212648456445	0.31563394262637	59466.8880016211	103396.19204380344
metabolite__LPC1_acyl_15_0_1_E2	metabolite	mean_baseline	val	44	-0.058983250983459135			357581.7417876242	470668.7958913885
metabolite__LPC1_acyl_15_0_1_E2	metabolite	mean_baseline	test	38	-0.020692744441433986			541446.2627156125	696787.0851264156
metabolite__LPC1_acyl_15_0_1_E2	metabolite	population_ridge	val	44	0.28250753572070575	0.5660528369087754	0.613384082083022	295695.9037605545	387417.76652030705
metabolite__LPC1_acyl_15_0_1_E2	metabolite	population_ridge	test	38	0.027296408333131184	0.23069232190609998	0.34367647540625856	505231.98723579745	680209.7275619493
metabolite__LPC1_acyl_15_0_1_E2	metabolite	genotype_pca_ridge	val	44	-0.0387991464070947	0.12252611771459733	0.16407654177746467	352911.1878056076	466161.768907657
metabolite__LPC1_acyl_15_0_1_E2	metabolite	genotype_pca_ridge	test	38	0.010759026104505298	0.22495285147518457	0.28008538234541897	529352.5687377814	685967.6370835727
metabolite__LPC1_acyl_15_0_1_E2	metabolite	genotype_pca_population_ridge	val	44	0.08619221561595758	0.40564540423250817	0.4062444960503893	326845.34802997805	437218.2561117461
metabolite__LPC1_acyl_15_0_1_E2	metabolite	genotype_pca_population_ridge	test	38	0.05341884623533544	0.2856344073191972	0.3695069366151365	507957.1730970018	671013.8826636273
metabolite__LPC1_acyl_15_0_2_E2	metabolite	mean_baseline	val	44	-0.025801986776649688			102556.81818181816	124611.40106551326
metabolite__LPC1_acyl_15_0_2_E2	metabolite	mean_baseline	test	38	-0.013292257853568357			140721.8045112782	188030.05118249223
metabolite__LPC1_acyl_15_0_2_E2	metabolite	population_ridge	val	44	0.14104983581302744	0.3884021369527544	0.46829511361946546	87553.07146078903	114027.60289300617
metabolite__LPC1_acyl_15_0_2_E2	metabolite	population_ridge	test	38	-0.007884220285512722	0.13165383840315625	0.28752805760899397	143116.72655390907	187527.61272337055
metabolite__LPC1_acyl_15_0_2_E2	metabolite	genotype_pca_ridge	val	44	-0.047018034394387564	-0.08576191245054703	0.022981214366994688	102531.46158433399	125893.43755045606
metabolite__LPC1_acyl_15_0_2_E2	metabolite	genotype_pca_ridge	test	38	-0.004264637497770396	0.08679864951606504	0.1034312959423294	138593.90687279892	187190.57885818358
metabolite__LPC1_acyl_15_0_2_E2	metabolite	genotype_pca_population_ridge	val	44	0.009425145878315444	0.18220214390067266	0.2988967758161273	99012.659980819	122453.06519293675
metabolite__LPC1_acyl_15_0_2_E2	metabolite	genotype_pca_population_ridge	test	38	0.03039805774133897	0.22652592014496759	0.28074208898632264	136360.1976274596	183931.72354501102
metabolite__Tricin_4p_O_erythro_beta_guaiacylglyceryl_ether_E2	metabolite	mean_baseline	val	44	-0.0002726817523428515			34228.30022918258	60510.678431284825
metabolite__Tricin_4p_O_erythro_beta_guaiacylglyceryl_ether_E2	metabolite	mean_baseline	test	38	-0.02453483039480786			73150.0145953118	231566.93440188703
metabolite__Tricin_4p_O_erythro_beta_guaiacylglyceryl_ether_E2	metabolite	population_ridge	val	44	-0.005353916429639449	-0.26023478293444274	-0.045597096472862315	34169.4426994637	60664.17631132467
metabolite__Tricin_4p_O_erythro_beta_guaiacylglyceryl_ether_E2	metabolite	population_ridge	test	38	-0.0258636744882208	-0.24941139949490676	-0.09850599613555182	73246.97361513045	231717.059429279
metabolite__Tricin_4p_O_erythro_beta_guaiacylglyceryl_ether_E2	metabolite	genotype_pca_ridge	val	44	-0.03235548796515064	-0.19149467418675833	-0.08520384796860979	34705.94992479427	61473.43108452633
metabolite__Tricin_4p_O_erythro_beta_guaiacylglyceryl_ether_E2	metabolite	genotype_pca_ridge	test	38	-0.026731505953577983	0.04389937389184209	0.12378920181034343	71720.12084206306	231815.04946918448
metabolite__Tricin_4p_O_erythro_beta_guaiacylglyceryl_ether_E2	metabolite	genotype_pca_population_ridge	val	44	-0.050642046952859454	-0.2633160162517557	-0.09147609153288297	34653.18498276366	62015.4939013669
metabolite__Tricin_4p_O_erythro_beta_guaiacylglyceryl_ether_E2	metabolite	genotype_pca_population_ridge	test	38	-0.03154857825388491	-0.07450194398694697	0.07978985686979698	72088.79821826264	232358.21150938817
metabolite__LPC1_acyl_18_3_1_E2	metabolite	mean_baseline	val	44	-0.006080556770049039			18325000.0	24196873.325898428
metabolite__LPC1_acyl_18_3_1_E2	metabolite	mean_baseline	test	38	-0.014493696751157081			24821539.14197258	32859962.017977953
metabolite__LPC1_acyl_18_3_1_E2	metabolite	population_ridge	val	44	0.15540175077452834	0.4251045691750074	0.45237675774235425	15941475.264543736	22170115.787384924
metabolite__LPC1_acyl_18_3_1_E2	metabolite	population_ridge	test	38	0.1647360809875732	0.4113626878177219	0.40199191069192314	22831808.575523697	29816333.771280035
metabolite__LPC1_acyl_18_3_1_E2	metabolite	genotype_pca_ridge	val	44	0.03114344977463601	0.2066374891552078	0.23249585975884507	18017911.630917575	23745023.99425431
metabolite__LPC1_acyl_18_3_1_E2	metabolite	genotype_pca_ridge	test	38	0.10634377316756483	0.3354750365466177	0.3194702933051249	23775426.25673033	30840941.2121028
metabolite__LPC1_acyl_18_3_1_E2	metabolite	genotype_pca_population_ridge	val	44	0.10778895741798666	0.36833640995185163	0.38570774187940565	16992096.384518925	22786450.004172146
metabolite__LPC1_acyl_18_3_1_E2	metabolite	genotype_pca_population_ridge	test	38	0.1498193647671927	0.399249119400889	0.3991463376785853	23435985.5817809	30081395.867149834
metabolite__LPC1_acyl_18_3_2_E2	metabolite	mean_baseline	val	44	-0.012078313979730693			1715781.1306340718	2212991.003546933
metabolite__LPC1_acyl_18_3_2_E2	metabolite	mean_baseline	test	38	-0.004845503073140911			2320378.1512605045	3396494.1584898904
metabolite__LPC1_acyl_18_3_2_E2	metabolite	population_ridge	val	44	0.21662907464812897	0.48728004441403905	0.5014801290309234	1384460.0720573338	1946956.7904284713
metabolite__LPC1_acyl_18_3_2_E2	metabolite	population_ridge	test	38	0.19331902939641388	0.4425639107737103	0.44401883519660557	2026020.9204140662	3043211.465159794
metabolite__LPC1_acyl_18_3_2_E2	metabolite	genotype_pca_ridge	val	44	0.10290272337483941	0.335401181718369	0.33845503578446867	1578909.622286083	2083494.497909783
metabolite__LPC1_acyl_18_3_2_E2	metabolite	genotype_pca_ridge	test	38	0.13223353554858053	0.37934919641061804	0.402867471619104	2102476.607752712	3156331.8416568795
metabolite__LPC1_acyl_18_3_2_E2	metabolite	genotype_pca_population_ridge	val	44	0.19476438022273201	0.4575600062713823	0.4961939716623614	1445375.6934153016	1973940.5907065195
metabolite__LPC1_acyl_18_3_2_E2	metabolite	genotype_pca_population_ridge	test	38	0.19885013147423103	0.447996655070753	0.4943635885095064	2029976.3667171292	3032760.4526805747
metabolite__Apigenin_C_pentosyl_C_pentoside_E2	metabolite	mean_baseline	val	44	-0.0034484420789304693			468550.0000000002	831419.4096051251
metabolite__Apigenin_C_pentosyl_C_pentoside_E2	metabolite	mean_baseline	test	38	-4.014673291288131			300242.1052631578	317092.0914096238
metabolite__Apigenin_C_pentosyl_C_pentoside_E2	metabolite	population_ridge	val	44	0.04604537526831076	0.32229455951255603	0.16710716518658453	388888.2337669751	810655.785143394
metabolite__Apigenin_C_pentosyl_C_pentoside_E2	metabolite	population_ridge	test	38	-13.158646783936014	0.1997528261905617	0.45249564611206955	320222.23265709943	532813.1837355429
metabolite__Apigenin_C_pentosyl_C_pentoside_E2	metabolite	genotype_pca_ridge	val	44	0.12421423140764143	0.44248147229749973	0.3300560331373999	417823.001604213	776732.6645818755
metabolite__Apigenin_C_pentosyl_C_pentoside_E2	metabolite	genotype_pca_ridge	test	38	-3.403861336886785	-0.031694715579711284	0.03382224350474831	263796.14512915147	297153.53874522727
metabolite__Apigenin_C_pentosyl_C_pentoside_E2	metabolite	genotype_pca_population_ridge	val	44	0.14408509427650873	0.3950045448016886	0.3834091010607422	383021.0178238291	767870.392257103
metabolite__Apigenin_C_pentosyl_C_pentoside_E2	metabolite	genotype_pca_population_ridge	test	38	-4.374857398613896	0.13841296837158484	0.36285028225967836	267266.57270120067	328282.37123944075
metabolite__Tricin_derivative_E2	metabolite	mean_baseline	val	44	-0.007757734536475658			49329.92666157372	78617.25616797019
metabolite__Tricin_derivative_E2	metabolite	mean_baseline	test	38	-0.06253525243995273			142577.2622733304	393889.6390213488
metabolite__Tricin_derivative_E2	metabolite	population_ridge	val	44	0.01160524316406819	0.14531117995259046	0.1438387540975456	47665.46109365366	77858.3200693359
metabolite__Tricin_derivative_E2	metabolite	population_ridge	test	38	-0.06140782586494775	0.05703219025138456	0.13275692558380145	141369.9228298998	393680.6108931814
metabolite__Tricin_derivative_E2	metabolite	genotype_pca_ridge	val	44	-0.12318725160583566	-0.13407954919906317	-0.16343070590505054	52620.0169976611	82997.66895476625
metabolite__Tricin_derivative_E2	metabolite	genotype_pca_ridge	test	38	-0.07328980815966135	-0.0008278288572560015	0.2496443093624494	138607.0740451795	395878.0167810457
metabolite__Tricin_derivative_E2	metabolite	genotype_pca_population_ridge	val	44	-0.12430940851769501	-0.07270288727484672	-0.04954367669307915	51792.023070442425	83039.11937036859
metabolite__Tricin_derivative_E2	metabolite	genotype_pca_population_ridge	test	38	-0.07473383579935877	-0.0009074748027985821	0.2686877595286336	139720.0684097612	396144.23874761345
metabolite__Chrysoeriol_C_hexosyl_O_pentoside_E2	metabolite	mean_baseline	val	44	-0.016920132499678164			92486.03896103897	181261.0819653655
metabolite__Chrysoeriol_C_hexosyl_O_pentoside_E2	metabolite	mean_baseline	test	38	-0.4514109646165889			70035.05086245023	77138.89919628222
metabolite__Chrysoeriol_C_hexosyl_O_pentoside_E2	metabolite	population_ridge	val	44	0.04308649022079003	0.28712058896606085	0.31488072185587146	87606.15942668436	175831.8268498462
metabolite__Chrysoeriol_C_hexosyl_O_pentoside_E2	metabolite	population_ridge	test	38	-0.49276740912255357	0.27575162294538813	0.228862264354932	69578.38925436103	78230.17641014431
metabolite__Chrysoeriol_C_hexosyl_O_pentoside_E2	metabolite	genotype_pca_ridge	val	44	0.018980966432432633	0.2231709445086939	0.3419429862230726	87958.30192178878	178032.73435922377
metabolite__Chrysoeriol_C_hexosyl_O_pentoside_E2	metabolite	genotype_pca_ridge	test	38	-1.335947533601816	0.007631169068354978	0.1244459084512471	77664.38274872563	97861.02928030532
metabolite__Chrysoeriol_C_hexosyl_O_pentoside_E2	metabolite	genotype_pca_population_ridge	val	44	0.06431902725041116	0.31430275230636695	0.3984636529483208	83262.2579500486	173870.15623880806
metabolite__Chrysoeriol_C_hexosyl_O_pentoside_E2	metabolite	genotype_pca_population_ridge	test	38	-1.5903471754123832	0.10174485432617163	0.22163849130499158	77327.04403930488	103052.18979537215
metabolite__Chrysoeriol_O_rhamnosyl_O_hexoside_E2	metabolite	mean_baseline	val	44	-0.0051730465391006675			98206.6653934301	237689.79375855892
metabolite__Chrysoeriol_O_rhamnosyl_O_hexoside_E2	metabolite	mean_baseline	test	38	-0.10696762420162376			58159.35625829279	84342.34001697319
metabolite__Chrysoeriol_O_rhamnosyl_O_hexoside_E2	metabolite	population_ridge	val	44	0.08327157228396953	0.3406245945207731	0.5597998463405838	88014.13927358818	226991.95538471377
metabolite__Chrysoeriol_O_rhamnosyl_O_hexoside_E2	metabolite	population_ridge	test	38	0.049702379584777856	0.4085049146814008	0.5197548553977519	50057.58923167911	78146.22570198223
metabolite__Chrysoeriol_O_rhamnosyl_O_hexoside_E2	metabolite	genotype_pca_ridge	val	44	-0.14112753578920256	-0.050382862359602175	0.12812742296955573	113339.57828692222	253254.52225405793
metabolite__Chrysoeriol_O_rhamnosyl_O_hexoside_E2	metabolite	genotype_pca_ridge	test	38	-0.2868127953659727	0.4868848870969338	0.41643866599040774	58609.47936468344	90936.00519265883
metabolite__Chrysoeriol_O_rhamnosyl_O_hexoside_E2	metabolite	genotype_pca_population_ridge	val	44	-0.0887425506507391	0.06259522912229978	0.36450771815101335	107894.40320002126	247373.2385493395
metabolite__Chrysoeriol_O_rhamnosyl_O_hexoside_E2	metabolite	genotype_pca_population_ridge	test	38	-0.32458543016512587	0.535835238730506	0.5328882693054653	57071.91691946659	92261.00335197069
metabolite__N_N_Di_coumaroyl_N_feruloylspermidine_E2	metabolite	mean_baseline	val	44	-3.722321231780512e-05			1144636.9747899158	1734836.847099896
metabolite__N_N_Di_coumaroyl_N_feruloylspermidine_E2	metabolite	mean_baseline	test	38	-0.0003234957670690264			1267883.3480760725	1989069.3876502956
metabolite__N_N_Di_coumaroyl_N_feruloylspermidine_E2	metabolite	population_ridge	val	44	0.018696563876137384	0.15824621173587117	0.10811191795120931	1136577.8020089886	1718510.5981424144
metabolite__N_N_Di_coumaroyl_N_feruloylspermidine_E2	metabolite	population_ridge	test	38	0.030375014990880134	0.2629802164478908	0.17709189083035873	1238626.1002521832	1958310.7030720226
metabolite__N_N_Di_coumaroyl_N_feruloylspermidine_E2	metabolite	genotype_pca_ridge	val	44	0.0041910011894635835	0.13932647173735727	0.1719641980449483	1142321.2982035337	1731165.4590417682
metabolite__N_N_Di_coumaroyl_N_feruloylspermidine_E2	metabolite	genotype_pca_ridge	test	38	0.00014127761041915488	0.029069820803900887	0.08909320094926575	1263661.8671490722	1988607.2501975922
metabolite__N_N_Di_coumaroyl_N_feruloylspermidine_E2	metabolite	genotype_pca_population_ridge	val	44	0.028473490329350315	0.18074000358668607	0.0964127143137251	1135108.894521435	1709928.2317131849
metabolite__N_N_Di_coumaroyl_N_feruloylspermidine_E2	metabolite	genotype_pca_population_ridge	test	38	0.02297348020443435	0.174017024685614	0.18661413712346203	1218657.3932786044	1965770.777585471
metabolite__Chrysoeriol_di_O_hexoside_E2	metabolite	mean_baseline	val	44	-0.04089515475116201			408016.0064935066	943244.4517144645
metabolite__Chrysoeriol_di_O_hexoside_E2	metabolite	mean_baseline	test	38	-0.009735071826967756			358315.1127819548	704939.8387398853
metabolite__Chrysoeriol_di_O_hexoside_E2	metabolite	population_ridge	val	44	-0.016390454515994524	0.23127946970300012	-0.0011981112158869348	411107.6735477716	932075.4188074274
metabolite__Chrysoeriol_di_O_hexoside_E2	metabolite	population_ridge	test	38	0.037196498133125755	0.31315695481493955	0.19864288535416294	336569.050202465	688362.4392332992
metabolite__Chrysoeriol_di_O_hexoside_E2	metabolite	genotype_pca_ridge	val	44	-0.03880121273794068	0.14912458899569067	-0.04799492576582369	408867.5644449644	942295.2237871405
metabolite__Chrysoeriol_di_O_hexoside_E2	metabolite	genotype_pca_ridge	test	38	-0.0027107230210918765	0.27563296937741016	0.29320346548969833	356385.92791105167	702483.5581795197
metabolite__Chrysoeriol_di_O_hexoside_E2	metabolite	genotype_pca_population_ridge	val	44	-0.022388431618761917	0.21069683649491555	-0.0268517866619366	412655.9471424956	934821.579697031
metabolite__Chrysoeriol_di_O_hexoside_E2	metabolite	genotype_pca_population_ridge	test	38	0.03908879062787329	0.33261513066769766	0.277005588336852	342671.97581517306	687685.6533012218
metabolite__Tricin_4p_O_threo_beta_guaiacylglyceryl_ether_O_hexoside_E2	metabolite	mean_baseline	val	44	-0.005939484915831628			38634.61420932009	62485.548981081905
metabolite__Tricin_4p_O_threo_beta_guaiacylglyceryl_ether_O_hexoside_E2	metabolite	mean_baseline	test	38	-0.010839144820151247			62169.83635559486	138148.32113864174
metabolite__Tricin_4p_O_threo_beta_guaiacylglyceryl_ether_O_hexoside_E2	metabolite	population_ridge	val	44	0.03533867040402372	0.24961598556030085	0.23594911745153485	37520.23899948583	61190.09067519734
metabolite__Tricin_4p_O_threo_beta_guaiacylglyceryl_ether_O_hexoside_E2	metabolite	population_ridge	test	38	-0.01650140552494106	-0.021146802423147447	-0.023530699917986245	62155.93074614838	138534.70281219378
metabolite__Tricin_4p_O_threo_beta_guaiacylglyceryl_ether_O_hexoside_E2	metabolite	genotype_pca_ridge	val	44	-0.033051784640420134	0.09538309273474145	0.019310053220346637	43236.66236531672	63322.01236993572
metabolite__Tricin_4p_O_threo_beta_guaiacylglyceryl_ether_O_hexoside_E2	metabolite	genotype_pca_ridge	test	38	-0.11121903401949162	-0.14857941391988091	-0.10933567078171283	64403.45123133807	144845.30465167845
metabolite__Tricin_4p_O_threo_beta_guaiacylglyceryl_ether_O_hexoside_E2	metabolite	genotype_pca_population_ridge	val	44	0.031807225752708	0.19387495227514057	0.1396102752901704	38603.52404845331	61301.99109415117
metabolite__Tricin_4p_O_threo_beta_guaiacylglyceryl_ether_O_hexoside_E2	metabolite	genotype_pca_population_ridge	test	38	-0.03713313356846526	-0.11654423125719006	-0.034256321275952066	61786.354746983525	139933.54619194398
metabolite__Apigenin_C_pentosyl_O_coumaroylhexoside_E2	metabolite	mean_baseline	val	44	-0.00684127450684846			93340.68563789153	124775.44155096276
metabolite__Apigenin_C_pentosyl_O_coumaroylhexoside_E2	metabolite	mean_baseline	test	38	-0.4268894682833255			74705.28748341442	82315.17481484212
metabolite__Apigenin_C_pentosyl_O_coumaroylhexoside_E2	metabolite	population_ridge	val	44	0.09804092767727213	0.3284768394876517	0.5246837453484697	81331.43701630343	118097.85935997694
metabolite__Apigenin_C_pentosyl_O_coumaroylhexoside_E2	metabolite	population_ridge	test	38	-0.9589818331531057	0.14209095144610678	0.18585815362803434	78817.52472952718	96449.4916254861
metabolite__Apigenin_C_pentosyl_O_coumaroylhexoside_E2	metabolite	genotype_pca_ridge	val	44	-0.0942235590631062	0.01843063934603382	0.2484231299332916	89226.47857153282	130077.33798898073
metabolite__Apigenin_C_pentosyl_O_coumaroylhexoside_E2	metabolite	genotype_pca_ridge	test	38	-0.7863698515567672	0.3487312810890294	0.10124781631680317	77015.01027736007	92102.29008562453
metabolite__Apigenin_C_pentosyl_O_coumaroylhexoside_E2	metabolite	genotype_pca_population_ridge	val	44	-0.033454353716944274	0.15427543559777684	0.3933894783794705	85250.50648149189	126413.73398722519
metabolite__Apigenin_C_pentosyl_O_coumaroylhexoside_E2	metabolite	genotype_pca_population_ridge	test	38	-0.8945729103771096	0.36291419187404156	0.11460158236074909	78503.40809376468	94850.6693980389
metabolite__C_pentosyl_apigenin_O_caffeoylhexoside_E2	metabolite	mean_baseline	val	44	-0.0028961152601953977			114125.6997708174	164376.21981893093
metabolite__C_pentosyl_apigenin_O_caffeoylhexoside_E2	metabolite	mean_baseline	test	38	-0.8122839684978154			82352.77576293676	90200.90177988466
metabolite__C_pentosyl_apigenin_O_caffeoylhexoside_E2	metabolite	population_ridge	val	44	0.06546560283452918	0.27673494279319094	0.5280851376847531	99280.41013399466	158675.05577912735
metabolite__C_pentosyl_apigenin_O_caffeoylhexoside_E2	metabolite	population_ridge	test	38	-1.6278202943926057	0.15774500283618872	0.23760534661371224	88817.69993409752	108616.44548221707
metabolite__C_pentosyl_apigenin_O_caffeoylhexoside_E2	metabolite	genotype_pca_ridge	val	44	-0.02321984649992248	0.13996051748804708	0.14292762034227668	107918.1979989668	166033.41160874307
metabolite__C_pentosyl_apigenin_O_caffeoylhexoside_E2	metabolite	genotype_pca_ridge	test	38	-1.891584778286577	0.17405373045435504	0.07890992856217713	95386.23064833395	113937.2465717093
metabolite__C_pentosyl_apigenin_O_caffeoylhexoside_E2	metabolite	genotype_pca_population_ridge	val	44	0.011769254750863434	0.21895067311892663	0.36436676389032074	99199.73229460575	163169.9553917087
metabolite__C_pentosyl_apigenin_O_caffeoylhexoside_E2	metabolite	genotype_pca_population_ridge	test	38	-2.0577927071577133	0.22894457548170954	0.1561781803858901	98542.46783753946	117166.04634624648
metabolite__Ferulic_acid_E2	metabolite	mean_baseline	val	44	-0.01653028447291116			146909.09090909088	209666.85550026616
metabolite__Ferulic_acid_E2	metabolite	mean_baseline	test	38	-0.026050903303635575			144659.6638655462	220736.14059157556
metabolite__Ferulic_acid_E2	metabolite	population_ridge	val	44	-0.13895836134133832	-0.18730316162445002	0.021425802706335595	148133.74305223062	221933.84871304943
metabolite__Ferulic_acid_E2	metabolite	population_ridge	test	38	0.0751516538902347	0.3477684704127067	0.3509904866836367	134576.52251555535	209567.654890392
metabolite__Ferulic_acid_E2	metabolite	genotype_pca_ridge	val	44	-0.03029036281498998	-0.13600902777679613	-0.039116185861895574	146619.74210717928	211081.14425615763
metabolite__Ferulic_acid_E2	metabolite	genotype_pca_ridge	test	38	0.008724219683032497	0.3122778231771929	0.32910146350411457	142075.573771145	216963.28063447948
metabolite__Ferulic_acid_E2	metabolite	genotype_pca_population_ridge	val	44	-0.07215319375724594	-0.17785529203207012	-0.01473023936060572	146090.78322267698	215326.7784322993
metabolite__Ferulic_acid_E2	metabolite	genotype_pca_population_ridge	test	38	0.057652481290100255	0.3891587652952696	0.4175331171493838	136518.16884019042	211540.99225051474
metabolite__Uracil_E2	metabolite	mean_baseline	val	44	-0.013523897176521027			1245529.1558441557	3504447.2566210525
metabolite__Uracil_E2	metabolite	mean_baseline	test	38	-0.37141589618153126			550188.9473684211	608056.6173620706
metabolite__Uracil_E2	metabolite	population_ridge	val	44	0.004581764812129352	0.21117045289700287	0.0523626625646626	1210257.4165097687	3473004.353461994
metabolite__Uracil_E2	metabolite	population_ridge	test	38	-0.3232430035165217	0.2923324463645736	0.19301513730499145	532220.5577656635	597281.7332007095
metabolite__Uracil_E2	metabolite	genotype_pca_ridge	val	44	0.006076762471111219	0.27996199302421704	-0.0008456957614750352	1234034.4554354383	3470395.3574899067
metabolite__Uracil_E2	metabolite	genotype_pca_ridge	test	38	-0.2928194918507214	0.2463930014202035	0.3421283630618822	522562.6754960544	590375.5664799527
metabolite__Uracil_E2	metabolite	genotype_pca_population_ridge	val	44	0.02101357671279447	0.3102880866171625	0.006483667504641936	1205187.1197032456	3444219.855109592
metabolite__Uracil_E2	metabolite	genotype_pca_population_ridge	test	38	-0.24907974812602052	0.3568538339127023	0.33008544468210393	514055.9978759975	580302.5956495157
metabolite__D_Glucose_6_phosphate_E2	metabolite	mean_baseline	val	44	-0.038986610398772825			454079.8319327731	516898.28427546675
metabolite__D_Glucose_6_phosphate_E2	metabolite	mean_baseline	test	38	-0.024447307368405058			527300.5307386111	678637.0202181481
metabolite__D_Glucose_6_phosphate_E2	metabolite	population_ridge	val	44	-0.07897194308112865	-0.04149663529079471	-0.06843329356624786	463405.2011124088	526750.7845195722
metabolite__D_Glucose_6_phosphate_E2	metabolite	population_ridge	test	38	0.0011040449385203432	0.14061125021753929	0.19789843448732988	507965.1092045618	670120.4349136458
metabolite__D_Glucose_6_phosphate_E2	metabolite	genotype_pca_ridge	val	44	-0.02999974461924504	0.11004378231865664	0.13306082209379605	452318.52977175696	514657.935759468
metabolite__D_Glucose_6_phosphate_E2	metabolite	genotype_pca_ridge	test	38	0.0029983069217910385	0.17794154219504482	0.20731174497732452	517018.0674434237	669484.74005992
metabolite__D_Glucose_6_phosphate_E2	metabolite	genotype_pca_population_ridge	val	44	-0.045733341227366164	0.04322443950574978	0.08443160215485576	456099.0698031685	518573.82584982994
metabolite__D_Glucose_6_phosphate_E2	metabolite	genotype_pca_population_ridge	test	38	0.007656984751971407	0.18083179080487088	0.21081437213639231	510478.180484538	667918.7619363412
metabolite__Guanosine_E2	metabolite	mean_baseline	val	44	-0.006220857223850018			9948244.8433919	13472395.857352939
metabolite__Guanosine_E2	metabolite	mean_baseline	test	38	-0.04617066441066675			10141320.212295445	13100055.253216347
metabolite__Guanosine_E2	metabolite	population_ridge	val	44	-0.16976585247459508	0.07483689072352351	-0.011346817985752735	11121990.557346003	14526053.763119997
metabolite__Guanosine_E2	metabolite	population_ridge	test	38	0.17832353818739521	0.4424461103930841	0.30755761015655625	9045064.732184129	11609734.325499238
metabolite__Guanosine_E2	metabolite	genotype_pca_ridge	val	44	-0.1471108109748651	-0.06370071664258224	-0.05828458679638207	10391529.038583446	14384701.822610747
metabolite__Guanosine_E2	metabolite	genotype_pca_ridge	test	38	0.06046763557535895	0.289369889103381	0.11426695551724012	9468468.509340828	12414457.06975772
metabolite__Guanosine_E2	metabolite	genotype_pca_population_ridge	val	44	-0.05088971044633417	0.01589922646213042	-0.028613714920593853	9969044.189417925	13768186.728614675
metabolite__Guanosine_E2	metabolite	genotype_pca_population_ridge	test	38	0.10875974482443429	0.4108817667409597	0.24965797465021522	9214314.745626532	12091195.84552134
metabolite__3_Oxo_2_2_entenylcyclopentaneoctanoic_acid_E2	metabolite	mean_baseline	val	44	-3.7291820959218667			74803.55233002291	80784.34781526841
metabolite__3_Oxo_2_2_entenylcyclopentaneoctanoic_acid_E2	metabolite	mean_baseline	test	38	-0.001553207139308066			142998.25740822646	294278.1005971668
metabolite__3_Oxo_2_2_entenylcyclopentaneoctanoic_acid_E2	metabolite	population_ridge	val	44	-3.885243762648141	0.3459499433476759	0.4126581409394569	74758.19512671126	82106.45929238298
metabolite__3_Oxo_2_2_entenylcyclopentaneoctanoic_acid_E2	metabolite	population_ridge	test	38	0.028155347026607047	0.21584563961550735	0.04957863750161753	142193.71467490238	289880.7364833416
metabolite__3_Oxo_2_2_entenylcyclopentaneoctanoic_acid_E2	metabolite	genotype_pca_ridge	val	44	-3.7945042615081412	-0.011350585945893155	0.030870071004522995	75091.04350502454	81340.35421826219
metabolite__3_Oxo_2_2_entenylcyclopentaneoctanoic_acid_E2	metabolite	genotype_pca_ridge	test	38	-0.0007769178526122467	0.04858065954316099	-0.282915624595323	142778.17873755362	294164.03315750294
metabolite__3_Oxo_2_2_entenylcyclopentaneoctanoic_acid_E2	metabolite	genotype_pca_population_ridge	val	44	-3.757886712173468	0.23612698125005607	0.39207809360310825	74871.47286518443	81029.14443916813
metabolite__3_Oxo_2_2_entenylcyclopentaneoctanoic_acid_E2	metabolite	genotype_pca_population_ridge	test	38	0.007457701031134523	0.1810818219960869	-0.1353836083653441	142561.44137404457	292951.3092565455
metabolite__Chrysoeriol_E2	metabolite	mean_baseline	val	44	-0.05857807625701139			142734.24560733384	392222.2932473443
metabolite__Chrysoeriol_E2	metabolite	mean_baseline	test	38	-0.002472719999165429			63274.25917735517	151259.5307954007
metabolite__Chrysoeriol_E2	metabolite	population_ridge	val	44	-0.02067970794702423	0.3262605300984197	0.40469394453874663	135199.79208661948	385137.28744007327
metabolite__Chrysoeriol_E2	metabolite	population_ridge	test	38	-0.024605874427681806	0.005193517970085788	0.3181569519143535	61129.39620440075	152920.21082154778
metabolite__Chrysoeriol_E2	metabolite	genotype_pca_ridge	val	44	-0.042863638614939914	0.0999842452273979	0.2463967311228593	139854.8032818411	389300.16660247865
metabolite__Chrysoeriol_E2	metabolite	genotype_pca_ridge	test	38	0.03107151355411597	0.20023452918061047	0.15442705853152833	62104.485336418154	148707.3140559942
metabolite__Chrysoeriol_E2	metabolite	genotype_pca_population_ridge	val	44	-0.023320012872032336	0.18469092587289032	0.3416851694747203	137743.00554631258	385635.1042866532
metabolite__Chrysoeriol_E2	metabolite	genotype_pca_population_ridge	test	38	0.004899895417324829	0.17039922276550504	0.2402320293952549	62925.55737425849	150702.29054530797
metabolite__Quercetin_E2	metabolite	mean_baseline	val	44	-0.01754726656085359			1292657.56302521	3392389.7723593824
metabolite__Quercetin_E2	metabolite	mean_baseline	test	38	-0.0004876006105638542			731079.6107916851	1123791.4190202525
metabolite__Quercetin_E2	metabolite	population_ridge	val	44	0.11204642235381879	0.37678856925725707	0.4295732483391955	1335767.9253595204	3169009.783013843
metabolite__Quercetin_E2	metabolite	population_ridge	test	38	-0.1900768682045475	0.16580189834818074	0.28663675853584175	786647.9647019554	1225652.5219801902
metabolite__Quercetin_E2	metabolite	genotype_pca_ridge	val	44	0.3460714107070928	0.7675350234471625	0.3802375184232912	1117609.1133238054	2719528.4820901197
metabolite__Quercetin_E2	metabolite	genotype_pca_ridge	test	38	-0.05653012149210368	0.15816879191126382	0.3026157454568929	696049.074543296	1154837.2872995285
metabolite__Quercetin_E2	metabolite	genotype_pca_population_ridge	val	44	0.36897432336939207	0.7419713038171919	0.4831377551050345	1151717.5516061215	2671480.2313098405
metabolite__Quercetin_E2	metabolite	genotype_pca_population_ridge	test	38	-0.08150018886730948	0.21246508265120984	0.45759002956790923	678408.92747462	1168404.3255297842
metabolite__Hesperetin_E2	metabolite	mean_baseline	val	44	-0.017911166497121433			1204061.0962566845	4627626.407302193
metabolite__Hesperetin_E2	metabolite	mean_baseline	test	38	-0.00039886707969438717			567531.7956656348	1101234.1996263526
metabolite__Hesperetin_E2	metabolite	population_ridge	val	44	0.020749275321588212	0.28652098242095797	0.3060713910071732	1175503.7546706535	4538896.735229624
metabolite__Hesperetin_E2	metabolite	population_ridge	test	38	-0.07604529982602326	0.011640359617511135	0.36885022997423283	545241.0713784875	1142111.1517176563
metabolite__Hesperetin_E2	metabolite	genotype_pca_ridge	val	44	0.5369777187231219	0.9219421231986048	0.36766623230127154	1093967.776729236	3121075.6583263245
metabolite__Hesperetin_E2	metabolite	genotype_pca_ridge	test	38	-0.3707905631372075	0.06335151932303815	0.2792097734908808	727620.3266415918	1289076.370558046
metabolite__Hesperetin_E2	metabolite	genotype_pca_population_ridge	val	44	0.5466803268582816	0.9269186712699692	0.3731632547508593	1082196.8986004055	3088201.5375593356
metabolite__Hesperetin_E2	metabolite	genotype_pca_population_ridge	test	38	-0.3780823644182314	0.05081690892987316	0.3475072641448633	737621.6829240675	1292500.3880237783
metabolite__Feruloylagmatine_derivative_E2	metabolite	mean_baseline	val	44	-0.0044284900377549175			1480862.0721925134	2671758.3244725857
metabolite__Feruloylagmatine_derivative_E2	metabolite	mean_baseline	test	38	-0.00013639715401558838			1798082.972136223	2939210.244861751
metabolite__Feruloylagmatine_derivative_E2	metabolite	population_ridge	val	44	-0.045989931904285575	0.01683133682755041	0.13455032555446703	1600871.5593000234	2726474.3228707965
metabolite__Feruloylagmatine_derivative_E2	metabolite	population_ridge	test	38	0.12525387996986515	0.4100844971563241	0.404093486369397	1599577.2763902722	2748793.0804610937
metabolite__Feruloylagmatine_derivative_E2	metabolite	genotype_pca_ridge	val	44	-0.02321492302096395	-0.08662891503440955	0.17867211905739858	1507974.1239913295	2696628.328712954
metabolite__Feruloylagmatine_derivative_E2	metabolite	genotype_pca_ridge	test	38	0.01972225341472522	0.19810208472681762	0.4285010831896504	1736931.2993982167	2909883.5431516464
metabolite__Feruloylagmatine_derivative_E2	metabolite	genotype_pca_population_ridge	val	44	-0.029976247437509596	-0.018948951920870705	0.17846067276265612	1554055.7904941193	2705523.2135818163
metabolite__Feruloylagmatine_derivative_E2	metabolite	genotype_pca_population_ridge	test	38	0.07801197805644311	0.37504032320487346	0.4684507371779575	1673932.8329323886	2822043.3187768566
metabolite__N_Feruloylagmatine_E2	metabolite	mean_baseline	val	44	-0.0027344737091892224			530963.5217723453	1053921.0749043452
metabolite__N_Feruloylagmatine_E2	metabolite	mean_baseline	test	38	-0.0789896003106576			433112.0079610793	543878.7384818076
metabolite__N_Feruloylagmatine_E2	metabolite	population_ridge	val	44	0.07532597568116317	0.27967346990114983	0.27691440405655443	525821.1778979334	1012067.4208517096
metabolite__N_Feruloylagmatine_E2	metabolite	population_ridge	test	38	0.027966983484323138	0.31727461621894465	0.3827295702939437	352542.28729004785	516218.97059266287
metabolite__N_Feruloylagmatine_E2	metabolite	genotype_pca_ridge	val	44	0.09244525446177365	0.3124637065570014	0.12242308980560831	489919.9716688365	1002655.0187374889
metabolite__N_Feruloylagmatine_E2	metabolite	genotype_pca_ridge	test	38	-0.18018117643391918	-0.03964976186622088	0.08306884296628633	390508.7317448615	568810.7477802746
metabolite__N_Feruloylagmatine_E2	metabolite	genotype_pca_population_ridge	val	44	0.11431330185708666	0.3430400420264318	0.17676287232726864	485258.3769935008	990501.5901218111
metabolite__N_Feruloylagmatine_E2	metabolite	genotype_pca_population_ridge	test	38	-0.11838036719390876	0.12724634685947353	0.22906862757369864	359774.79227137746	553717.461748895
metabolite__Glutathione_E2	metabolite	mean_baseline	val	44	-0.012571489838971717			8699318.181818182	11450117.68963264
metabolite__Glutathione_E2	metabolite	mean_baseline	test	38	-0.009073828981016607			7215747.456877488	9590855.983494336
metabolite__Glutathione_E2	metabolite	population_ridge	val	44	0.07912435246303773	0.308078949755179	0.44100543990104657	8079739.466047139	10919370.375562483
metabolite__Glutathione_E2	metabolite	population_ridge	test	38	0.18246534615585364	0.476557467280188	0.426139815632456	6408468.002226857	8632746.413401425
metabolite__Glutathione_E2	metabolite	genotype_pca_ridge	val	44	0.009804135960862603	0.1889675496166597	0.11760145064027908	8524182.986009976	11322899.614462456
metabolite__Glutathione_E2	metabolite	genotype_pca_ridge	test	38	-0.014523473404478793	-0.0007799877044786102	-0.00032838927482593583	7194872.347673126	9616719.49058537
metabolite__Glutathione_E2	metabolite	genotype_pca_population_ridge	val	44	0.05783678015123461	0.33871227296603196	0.3438502846358759	8222739.7442252245	11044859.003747512
metabolite__Glutathione_E2	metabolite	genotype_pca_population_ridge	test	38	0.021468052419886807	0.18785665365919405	0.17579772512348432	7046552.901459344	9444596.383588616
metabolite__Selgin_derivative_E2	metabolite	mean_baseline	val	44	-0.03789539203209258			36754.1128724217	138575.3358978764
metabolite__Selgin_derivative_E2	metabolite	mean_baseline	test	38	-0.0016627194946068347			11075.305174701456	19208.194254223683
metabolite__Selgin_derivative_E2	metabolite	population_ridge	val	44	-0.004545809637569009	0.27665066081231027	0.25674818585153547	37119.44288205874	136330.81194777213
metabolite__Selgin_derivative_E2	metabolite	population_ridge	test	38	-0.11523653765149189	0.07693951978436106	0.3223158663184627	10134.83255574065	20267.924542310062
metabolite__Selgin_derivative_E2	metabolite	genotype_pca_ridge	val	44	0.3554807572855926	0.8730905085375228	0.249348087165175	35383.87074331698	109201.11987116685
metabolite__Selgin_derivative_E2	metabolite	genotype_pca_ridge	test	38	-0.45038853541751345	0.14447792371851845	0.18682281283722102	14345.120544871637	23113.61968894054
metabolite__Selgin_derivative_E2	metabolite	genotype_pca_population_ridge	val	44	0.36210820843183666	0.8790591709813523	0.26936359218352146	35045.115352114735	108638.22341809252
metabolite__Selgin_derivative_E2	metabolite	genotype_pca_population_ridge	test	38	-0.41293397686585487	0.15791920040522972	0.23235198105062693	14234.12655526731	22813.226815996815
metabolite__N_Feruloyl_N_methoxyagmatine_E2	metabolite	mean_baseline	val	44	-0.00041581642708132804			1356045.7983193276	2359314.893842872
metabolite__N_Feruloyl_N_methoxyagmatine_E2	metabolite	mean_baseline	test	38	-0.004280028442209316			1545245.422379478	2309280.37218288
metabolite__N_Feruloyl_N_methoxyagmatine_E2	metabolite	population_ridge	val	44	-0.06483953248912067	0.020986208901885357	0.1325016746312859	1460926.9219331776	2434096.084419608
metabolite__N_Feruloyl_N_methoxyagmatine_E2	metabolite	population_ridge	test	38	0.08300567194085684	0.33968746387709414	0.3973952158242235	1308568.678916308	2206645.535518478
metabolite__N_Feruloyl_N_methoxyagmatine_E2	metabolite	genotype_pca_ridge	val	44	-0.07563193113756972	-0.0317851108581981	0.22645100031400084	1519128.9822589257	2446400.05473632
metabolite__N_Feruloyl_N_methoxyagmatine_E2	metabolite	genotype_pca_ridge	test	38	0.06878348217115415	0.2755933390594191	0.44467550589199123	1321974.4692423933	2223691.759081773
metabolite__N_Feruloyl_N_methoxyagmatine_E2	metabolite	genotype_pca_population_ridge	val	44	-0.07887861864076062	0.00829024708423531	0.22750819452648455	1532770.6946038827	2450089.3799252138
metabolite__N_Feruloyl_N_methoxyagmatine_E2	metabolite	genotype_pca_population_ridge	test	38	0.09969429295666143	0.33126068152715205	0.4952391494366873	1276634.805178621	2186473.6745411283
metabolite__Bufotenine_O_glucoside_E2	metabolite	mean_baseline	val	44	-0.050741101144752054			10666.678762414056	17159.73906686551
metabolite__Bufotenine_O_glucoside_E2	metabolite	mean_baseline	test	38	-0.030396304604508817			6909.358690844759	9322.2630763168
metabolite__Bufotenine_O_glucoside_E2	metabolite	population_ridge	val	44	-0.06645542797522164	-0.09865247671695854	-0.15356425535450846	10810.45681861915	17287.578844626692
metabolite__Bufotenine_O_glucoside_E2	metabolite	population_ridge	test	38	-0.014746397341408812	0.11115194956631178	0.16362044826692762	6757.341269476931	9251.197816278675
metabolite__Bufotenine_O_glucoside_E2	metabolite	genotype_pca_ridge	val	44	-0.05563684324335827	-0.2913470972211848	-0.3276366329247866	10704.54932600571	17199.6689921065
metabolite__Bufotenine_O_glucoside_E2	metabolite	genotype_pca_ridge	test	38	-0.016569399675152585	0.2680213010707035	0.11086790240427938	6882.811235889643	9259.504023392608
metabolite__Bufotenine_O_glucoside_E2	metabolite	genotype_pca_population_ridge	val	44	-0.09292637168433604	-0.2714803672097282	-0.3183339795485612	10981.151678144257	17500.814922591202
metabolite__Bufotenine_O_glucoside_E2	metabolite	genotype_pca_population_ridge	test	38	0.033692000166664626	0.2686464808255285	0.20345847045365784	6639.343076512602	9027.697449951298
metabolite__L_Proline_E2	metabolite	mean_baseline	val	44	-0.0013746669728214034			27430817.417876244	33808169.1303649
metabolite__L_Proline_E2	metabolite	mean_baseline	test	38	-0.009778163661418926			33465210.084033616	41321941.219922535
metabolite__L_Proline_E2	metabolite	population_ridge	val	44	0.019662914687687216	0.20083703912556622	0.22849691835664987	26694487.02153081	33451151.186189983
metabolite__L_Proline_E2	metabolite	population_ridge	test	38	-0.00520900563852944	0.16951422465861288	0.15016691855330785	34704508.51676581	41228346.13446193
metabolite__L_Proline_E2	metabolite	genotype_pca_ridge	val	44	-0.06326409316598558	0.01800478251081574	-0.020304570344558827	27924432.840674076	34837254.89000354
metabolite__L_Proline_E2	metabolite	genotype_pca_ridge	test	38	0.11158751713554682	0.3475629969356696	0.3119356544292474	32070968.74717652	38759222.28175649
metabolite__L_Proline_E2	metabolite	genotype_pca_population_ridge	val	44	0.02823163367188608	0.17454550134008634	0.18288213706175555	26722317.379351355	33304639.02882315
metabolite__L_Proline_E2	metabolite	genotype_pca_population_ridge	test	38	0.06500841717116079	0.3315091276891318	0.33568654460859715	32863161.865725957	39762307.422838666
metabolite__Tricin_O_hexoside_E2	metabolite	mean_baseline	val	44	-0.0036267291890599296			1061498.281130634	1467270.2376447131
metabolite__Tricin_O_hexoside_E2	metabolite	mean_baseline	test	38	-0.0106218660194497			1104409.9955771782	1677446.4736263407
metabolite__Tricin_O_hexoside_E2	metabolite	population_ridge	val	44	-0.005633970244629305	0.10413288919491845	0.11290834189325533	1059956.3775487044	1468736.7659227557
metabolite__Tricin_O_hexoside_E2	metabolite	population_ridge	test	38	-0.022138992742505303	0.058184546353747896	-0.045753067265322946	1151416.2750846562	1686977.5526667554
metabolite__Tricin_O_hexoside_E2	metabolite	genotype_pca_ridge	val	44	-0.01699443234913134	0.1356222474897903	0.16640236904492872	1117464.2181893159	1477009.4922991628
metabolite__Tricin_O_hexoside_E2	metabolite	genotype_pca_ridge	test	38	-0.1612570321167801	-0.06257618835920961	-0.08690893638436942	1227429.297727627	1798119.3068596625
metabolite__Tricin_O_hexoside_E2	metabolite	genotype_pca_population_ridge	val	44	-0.023814588205805176	0.16536190596459782	0.17760862769725558	1129182.3723953662	1481953.7685041416
metabolite__Tricin_O_hexoside_E2	metabolite	genotype_pca_population_ridge	test	38	-0.21107127849158602	-0.04579060052444907	-0.0911777632344833	1287356.2935023648	1836281.1582916286
metabolite__Malvidin_3_O_hexoside_E2	metabolite	mean_baseline	val	44	-0.0002570591097807995			90209.18640183346	111846.39947131148
metabolite__Malvidin_3_O_hexoside_E2	metabolite	mean_baseline	test	38	-0.08143649365308514			93047.34188412206	118504.4187546903
metabolite__Malvidin_3_O_hexoside_E2	metabolite	population_ridge	val	44	0.058623016301549424	0.2458218200225766	0.14195094587045395	85979.06581029181	108504.55829420115
metabolite__Malvidin_3_O_hexoside_E2	metabolite	population_ridge	test	38	0.13143122627373416	0.43809098284791187	0.4956217430080916	79219.73400542619	106202.84229864806
metabolite__Malvidin_3_O_hexoside_E2	metabolite	genotype_pca_ridge	val	44	0.07605710634177454	0.2836590166290463	0.27100366776161644	83370.52414470358	107495.12281382132
metabolite__Malvidin_3_O_hexoside_E2	metabolite	genotype_pca_ridge	test	38	0.16149609876021986	0.45929090001265543	0.5356830411399295	77617.02066443337	104348.58824239328
metabolite__Malvidin_3_O_hexoside_E2	metabolite	genotype_pca_population_ridge	val	44	0.07596760244583223	0.2834406850168842	0.24372709573983606	84436.59218216022	107500.329304048
metabolite__Malvidin_3_O_hexoside_E2	metabolite	genotype_pca_population_ridge	test	38	0.2048860357874237	0.4920061121429363	0.5479422361966666	75701.79852224614	101612.87151080271
metabolite__3p_4p_5p_Tricetin_O_hexoside_E2	metabolite	mean_baseline	val	44	-0.042203075941273926			43971.737967914436	89333.5126222894
metabolite__3p_4p_5p_Tricetin_O_hexoside_E2	metabolite	mean_baseline	test	38	-0.03866997991497523			56252.128704113224	124834.60967233621
metabolite__3p_4p_5p_Tricetin_O_hexoside_E2	metabolite	population_ridge	val	44	-0.002777048140608196	0.3121834528103127	0.42862680177426365	42632.357632829524	87627.5013478059
metabolite__3p_4p_5p_Tricetin_O_hexoside_E2	metabolite	population_ridge	test	38	-0.029476590620632237	0.10153706685480084	0.2872934292312274	55106.498589939074	124280.91889918782
metabolite__3p_4p_5p_Tricetin_O_hexoside_E2	metabolite	genotype_pca_ridge	val	44	-0.041654585903341035	0.014309988551675076	0.3060009163603836	43856.395011572	89310.0023337064
metabolite__3p_4p_5p_Tricetin_O_hexoside_E2	metabolite	genotype_pca_ridge	test	38	-0.03964586485328958	0.06700871182545284	0.23672978568653139	55863.49531025411	124893.24023646589
metabolite__3p_4p_5p_Tricetin_O_hexoside_E2	metabolite	genotype_pca_population_ridge	val	44	-0.030426232299854084	0.21794461962022044	0.3964903628382124	43419.63834197752	88827.34649114803
metabolite__3p_4p_5p_Tricetin_O_hexoside_E2	metabolite	genotype_pca_population_ridge	test	38	-0.036754899844561706	0.11379282809269498	0.23891868800448354	55535.46344957076	124719.47272951317
metabolite__N_N_caffeoyl_Feruloyl_spermidine_derivative_E2	metabolite	mean_baseline	val	44	-0.0026644509945559225			1103770.0305576776	1948303.6570996977
metabolite__N_N_caffeoyl_Feruloyl_spermidine_derivative_E2	metabolite	mean_baseline	test	38	-0.002886253650044468			1192371.3423264043	1597521.4076177084
metabolite__N_N_caffeoyl_Feruloyl_spermidine_derivative_E2	metabolite	population_ridge	val	44	0.00485635042735677	0.09879409412197074	0.058566495317767225	1034913.0402659408	1940982.9699876895
metabolite__N_N_caffeoyl_Feruloyl_spermidine_derivative_E2	metabolite	population_ridge	test	38	0.09367502512150294	0.31874657812962065	0.11480792657659336	1192183.6559483449	1518667.9272919397
metabolite__N_N_caffeoyl_Feruloyl_spermidine_derivative_E2	metabolite	genotype_pca_ridge	val	44	-0.005782093444014924	-0.08167722800661754	0.1074776237780927	1093513.801393628	1951330.2927093208
metabolite__N_N_caffeoyl_Feruloyl_spermidine_derivative_E2	metabolite	genotype_pca_ridge	test	38	0.02140622441029838	0.4092000009500966	0.40527526416885146	1188597.818788559	1578054.7684554397
metabolite__N_N_caffeoyl_Feruloyl_spermidine_derivative_E2	metabolite	genotype_pca_population_ridge	val	44	-0.003534867342700254	-0.009679865303311481	0.059553175142615294	1084571.951585154	1949149.1380939574
metabolite__N_N_caffeoyl_Feruloyl_spermidine_derivative_E2	metabolite	genotype_pca_population_ridge	test	38	0.0266932504166707	0.36803095498316757	0.19492175141364418	1191706.7275377493	1573786.1350965286
metabolite__Chrysoeriol_C_hexosyl_O_rhamnoside_E2	metabolite	mean_baseline	val	44	-0.018899509275369875			76040.66004583651	170336.75198271166
metabolite__Chrysoeriol_C_hexosyl_O_rhamnoside_E2	metabolite	mean_baseline	test	38	-0.009563671446454647			50197.09310039806	59889.908116578976
metabolite__Chrysoeriol_C_hexosyl_O_rhamnoside_E2	metabolite	population_ridge	val	44	0.08358206015786362	0.30617237290546967	0.15624229193251277	81095.62593996737	161543.49566639218
metabolite__Chrysoeriol_C_hexosyl_O_rhamnoside_E2	metabolite	population_ridge	test	38	0.029933638574063393	0.43232027400952583	0.2807267222773707	43442.73183351865	58706.678838907144
metabolite__Chrysoeriol_C_hexosyl_O_rhamnoside_E2	metabolite	genotype_pca_ridge	val	44	0.16547598797196306	0.41440493929383504	0.059410127243621234	81606.10321495819	154156.59315043408
metabolite__Chrysoeriol_C_hexosyl_O_rhamnoside_E2	metabolite	genotype_pca_ridge	test	38	0.045389259928789616	0.2828362023705736	0.22075079876548023	43835.697092749084	58237.12778212846
metabolite__Chrysoeriol_C_hexosyl_O_rhamnoside_E2	metabolite	genotype_pca_population_ridge	val	44	0.193150508621312	0.44425825346729586	0.09922830267973748	82278.65146579943	151578.96942986452
metabolite__Chrysoeriol_C_hexosyl_O_rhamnoside_E2	metabolite	genotype_pca_population_ridge	test	38	0.18046558973691496	0.4677025465150311	0.3172813909871727	37751.26931042465	53959.80682576737
metabolite__Hesperidin_E2	metabolite	mean_baseline	val	44	-0.02905657976626519			16344.585561497324	20843.57499789768
metabolite__Hesperidin_E2	metabolite	mean_baseline	test	38	-0.02159912992437496			20397.1826625387	32736.900283545958
metabolite__Hesperidin_E2	metabolite	population_ridge	val	44	0.08759168820297525	0.4065994812413733	0.24801776224866762	15686.966652787816	19626.6961412129
metabolite__Hesperidin_E2	metabolite	population_ridge	test	38	-0.02678995757107394	0.07566706784878573	0.16668491151206066	20413.590286332194	32819.964319965824
metabolite__Hesperidin_E2	metabolite	genotype_pca_ridge	val	44	0.044393458021980914	0.4582818956426686	0.4121647836402979	15902.750500437682	20085.939001531326
metabolite__Hesperidin_E2	metabolite	genotype_pca_ridge	test	38	-0.02130702994791034	0.06286089903922143	0.15902375339922797	20369.35827565257	32732.219811943196
metabolite__Hesperidin_E2	metabolite	genotype_pca_population_ridge	val	44	0.08780301341977925	0.47803466645816034	0.3774888134708337	15588.75344846304	19624.423115007772
metabolite__Hesperidin_E2	metabolite	genotype_pca_population_ridge	test	38	-0.02355073782560746	0.06382600926031368	0.16296377757154193	20375.607512028917	32768.15476864012
metabolite__Chrysoeriol_di_C_hexoside_E2	metabolite	mean_baseline	val	44	-0.008295682196842957			78164.82047364401	159043.18302306283
metabolite__Chrysoeriol_di_C_hexoside_E2	metabolite	mean_baseline	test	38	-0.0007106593188810351			68809.09332153917	136992.2879551317
metabolite__Chrysoeriol_di_C_hexoside_E2	metabolite	population_ridge	val	44	0.022755826510159616	0.1919325531644575	0.25758483401593785	73094.29814639351	156575.08282237838
metabolite__Chrysoeriol_di_C_hexoside_E2	metabolite	population_ridge	test	38	0.11192299352996349	0.3380532905596003	0.5125314777485097	57198.11177959031	129052.72194416073
metabolite__Chrysoeriol_di_C_hexoside_E2	metabolite	genotype_pca_ridge	val	44	-0.13310163367952876	0.24789685092825986	0.10458437583574602	91379.92806183382	168599.2110610026
metabolite__Chrysoeriol_di_C_hexoside_E2	metabolite	genotype_pca_ridge	test	38	-0.13810023795210324	0.10330193443188407	0.01762066365951528	83160.66832023754	146093.91022903007
metabolite__Chrysoeriol_di_C_hexoside_E2	metabolite	genotype_pca_population_ridge	val	44	-0.10884358799354232	0.2630071813089372	0.075971669239174	90337.96309393468	166784.71606710186
metabolite__Chrysoeriol_di_C_hexoside_E2	metabolite	genotype_pca_population_ridge	test	38	-0.11217472865622224	0.12773456629250401	0.11765349958993124	78647.64959866974	144420.34144508405
metabolite__Tricin_O_pentosyl_O_hexoside_E2	metabolite	mean_baseline	val	44	-0.025459505932968307			140223.18181818182	247859.2534999396
metabolite__Tricin_O_pentosyl_O_hexoside_E2	metabolite	mean_baseline	test	38	-1.1622064292778171			60753.94736842107	64561.47667212955
metabolite__Tricin_O_pentosyl_O_hexoside_E2	metabolite	population_ridge	val	44	0.1072046680399017	0.4328843230050059	0.4651326688112694	123174.82250731134	231271.3498008581
metabolite__Tricin_O_pentosyl_O_hexoside_E2	metabolite	population_ridge	test	38	-1.7292346001246073	0.2933561867690919	0.17522163055207432	59756.27923960565	72534.61532682649
metabolite__Tricin_O_pentosyl_O_hexoside_E2	metabolite	genotype_pca_ridge	val	44	0.16574999504791788	0.5390713620292815	0.3891609995720953	110318.06141973956	223559.9421961895
metabolite__Tricin_O_pentosyl_O_hexoside_E2	metabolite	genotype_pca_ridge	test	38	-1.6527102907158544	0.22842263580979846	0.3223158663184627	48519.99647415606	71510.49578789424
metabolite__Tricin_O_pentosyl_O_hexoside_E2	metabolite	genotype_pca_population_ridge	val	44	0.21621396996196363	0.5692290104273057	0.483597026270141	107655.10368588506	216692.87862479227
metabolite__Tricin_O_pentosyl_O_hexoside_E2	metabolite	genotype_pca_population_ridge	test	38	-1.674179315388423	0.34376509175570447	0.4280398482755544	48421.69913015505	71799.28849962767
metabolite__Tricin_O_rhamnosyl_O_hexoside_E2	metabolite	mean_baseline	val	44	-0.11258474123948425			301835.7677616501	354629.9623965831
metabolite__Tricin_O_rhamnosyl_O_hexoside_E2	metabolite	mean_baseline	test	38	-0.3250702826255032			275550.42016806715	309966.6909825548
metabolite__Tricin_O_rhamnosyl_O_hexoside_E2	metabolite	population_ridge	val	44	0.01844338244832111	0.43633401767994856	0.3819725855995576	259975.55253708185	333093.8037517365
metabolite__Tricin_O_rhamnosyl_O_hexoside_E2	metabolite	population_ridge	test	38	-0.39899417516834057	0.39017991889004017	0.3385137434713091	249688.44314201025	318495.66318789055
metabolite__Tricin_O_rhamnosyl_O_hexoside_E2	metabolite	genotype_pca_ridge	val	44	-0.6551395072177459	-0.01168668731481164	0.14863103007923742	333212.51746935264	432539.9033511714
metabolite__Tricin_O_rhamnosyl_O_hexoside_E2	metabolite	genotype_pca_ridge	test	38	-0.5389323660794281	0.4329178165548809	0.0922622327016856	268562.4449962	334045.2778164454
metabolite__Tricin_O_rhamnosyl_O_hexoside_E2	metabolite	genotype_pca_population_ridge	val	44	-0.5144034053234763	0.20461628591908726	0.3142464500347652	305742.1944223325	413742.052950077
metabolite__Tricin_O_rhamnosyl_O_hexoside_E2	metabolite	genotype_pca_population_ridge	test	38	-0.6649188840910478	0.5170245524145747	0.22469082293779424	282807.6165980152	347449.8348682763
metabolite__3p_4p_5p_Tricetin_O_rhamnosyl_O_hexoside_E2	metabolite	mean_baseline	val	44	-0.004018935523740774			26030.533231474405	37576.0101203177
metabolite__3p_4p_5p_Tricetin_O_rhamnosyl_O_hexoside_E2	metabolite	mean_baseline	test	38	-0.03623407466015194			23843.06479433879	36817.987790268315
metabolite__3p_4p_5p_Tricetin_O_rhamnosyl_O_hexoside_E2	metabolite	population_ridge	val	44	0.26509877780550195	0.5421966154759954	0.3444217360023206	23922.858209612183	32148.017582696037
metabolite__3p_4p_5p_Tricetin_O_rhamnosyl_O_hexoside_E2	metabolite	population_ridge	test	38	0.06545396169355	0.3350208955799973	0.3054613184702307	21882.835152203563	34964.83355399403
metabolite__3p_4p_5p_Tricetin_O_rhamnosyl_O_hexoside_E2	metabolite	genotype_pca_ridge	val	44	-0.06613016245601155	0.10048304913084517	0.1924025658453725	28317.269037458394	38720.84511238695
metabolite__3p_4p_5p_Tricetin_O_rhamnosyl_O_hexoside_E2	metabolite	genotype_pca_ridge	test	38	0.13021780818365758	0.41322111448006626	0.21090073833469528	23061.5576442523	33731.5556404336
metabolite__3p_4p_5p_Tricetin_O_rhamnosyl_O_hexoside_E2	metabolite	genotype_pca_population_ridge	val	44	0.06292085398374225	0.3050848982321245	0.3208118973363134	26568.086892096708	36301.77401612508
metabolite__3p_4p_5p_Tricetin_O_rhamnosyl_O_hexoside_E2	metabolite	genotype_pca_population_ridge	test	38	0.17639876964078405	0.47400009576519553	0.3660939126775069	22245.079170612473	32823.85671473437
metabolite__Malvidin_di_O_hexoside_E2	metabolite	mean_baseline	val	44	-0.008295360240872851			300231.16310160427	526662.8872587476
metabolite__Malvidin_di_O_hexoside_E2	metabolite	mean_baseline	test	38	-0.018393743785312777			285806.56346749223	349042.1774405878
metabolite__Malvidin_di_O_hexoside_E2	metabolite	population_ridge	val	44	-0.0069782707710834835	0.1005843022879873	0.03763478760491901	300639.274034349	526318.7972018847
metabolite__Malvidin_di_O_hexoside_E2	metabolite	population_ridge	test	38	-0.014032801307934717	0.18377507834193807	0.25117654098501596	284572.45019281516	348294.0454446369
metabolite__Malvidin_di_O_hexoside_E2	metabolite	genotype_pca_ridge	val	44	0.009339286311177308	0.13475022367640468	0.2684473894890197	290954.4981555455	522037.01971876534
metabolite__Malvidin_di_O_hexoside_E2	metabolite	genotype_pca_ridge	test	38	0.07840431024627104	0.31719479105758386	0.3111524644969065	259700.07307964313	332039.89310433605
metabolite__Malvidin_di_O_hexoside_E2	metabolite	genotype_pca_population_ridge	val	44	0.0033618305636553547	0.13555231084143154	0.2081189659125952	298209.97464105726	523609.5865093222
metabolite__Malvidin_di_O_hexoside_E2	metabolite	genotype_pca_population_ridge	test	38	0.04290094828956614	0.31749670987374534	0.3717850587041827	274596.0370805824	338375.1730492451
agri_aa_oil__AA_Asp	agri_aa_oil	mean_baseline	val	60	-0.005134061032975534			1.3410243787621683	1.6707316029346229
agri_aa_oil__AA_Asp	agri_aa_oil	mean_baseline	test	63	-0.0017170223137654705			1.2229970341724612	1.435326642209015
agri_aa_oil__AA_Asp	agri_aa_oil	population_ridge	val	60	0.04762334001833346	0.22525618566628763	0.27663239788830235	1.262132805786635	1.6262940171726223
agri_aa_oil__AA_Asp	agri_aa_oil	population_ridge	test	63	0.05033870814086061	0.22955372029484727	0.268721198156682	1.150737384818995	1.3975346599856362
agri_aa_oil__AA_Asp	agri_aa_oil	genotype_pca_ridge	val	60	0.09292308912684866	0.31207664745417435	0.2923589886079467	1.2551894889460329	1.5871455242078096
agri_aa_oil__AA_Asp	agri_aa_oil	genotype_pca_ridge	test	63	0.13387062985276044	0.3793449196071912	0.3852246543778802	1.1248382145410898	1.3346567956294406
agri_aa_oil__AA_Asp	agri_aa_oil	genotype_pca_population_ridge	val	60	0.10707313640665961	0.33095421050791063	0.3597666018338428	1.221189730922604	1.5747174386995302
agri_aa_oil__AA_Asp	agri_aa_oil	genotype_pca_population_ridge	test	63	0.14463328898382832	0.3869909985270506	0.39290514592933945	1.0983771977467642	1.3263385467551538
agri_aa_oil__AA_Thr	agri_aa_oil	mean_baseline	val	60	-0.0008828540909278093			0.48851458200000003	0.6365913243142161
agri_aa_oil__AA_Thr	agri_aa_oil	mean_baseline	test	63	-0.005574918074974677			0.4514750940609107	0.5453689991712295
agri_aa_oil__AA_Thr	agri_aa_oil	population_ridge	val	60	0.026075287019086013	0.16611225489118112	0.2058905251458739	0.47061234384042044	0.6279597152776508
agri_aa_oil__AA_Thr	agri_aa_oil	population_ridge	test	63	0.03123072788361725	0.1924417034076571	0.25134408602150543	0.4383580268522216	0.535295273661896
agri_aa_oil__AA_Thr	agri_aa_oil	genotype_pca_ridge	val	60	0.08080710374169242	0.28842714603139163	0.21155876632397896	0.4605484907627358	0.6100598175800517
agri_aa_oil__AA_Thr	agri_aa_oil	genotype_pca_ridge	test	63	0.11590527627017289	0.3666829104567527	0.31293202764976963	0.4151161681008244	0.5113669202724498
agri_aa_oil__AA_Thr	agri_aa_oil	genotype_pca_population_ridge	val	60	0.08482078514251634	0.2963581082893726	0.2806890803000834	0.4549212258811952	0.6087264388303883
agri_aa_oil__AA_Thr	agri_aa_oil	genotype_pca_population_ridge	test	63	0.1216270474997233	0.36880293070668874	0.3279089861751152	0.41097108254832465	0.5097094768410305
agri_aa_oil__AA_Ser	agri_aa_oil	mean_baseline	val	60	-0.014490296662513336			0.9620388266251443	1.224209276873012
agri_aa_oil__AA_Ser	agri_aa_oil	mean_baseline	test	63	-0.016331555237494744			0.8801414322680289	1.0793318231339373
agri_aa_oil__AA_Ser	agri_aa_oil	population_ridge	val	60	-0.003490591729549797	0.10339003264963828	0.20350097249235902	0.9463583028955969	1.2175543874522181
agri_aa_oil__AA_Ser	agri_aa_oil	population_ridge	test	63	0.008961657658879574	0.15916748700579084	0.20036482334869435	0.8592335102495764	1.0658166630382595
agri_aa_oil__AA_Ser	agri_aa_oil	genotype_pca_ridge	val	60	0.0762764156042327	0.3219903763392133	0.3011392053348153	0.9126424306089453	1.1681610824198538
agri_aa_oil__AA_Ser	agri_aa_oil	genotype_pca_ridge	test	63	0.07982100651861523	0.32604641341627244	0.30069124423963134	0.8178928803127147	1.0270070726342833
agri_aa_oil__AA_Ser	agri_aa_oil	genotype_pca_population_ridge	val	60	0.07497131099429	0.31082262471045274	0.32081133648235627	0.9131016190654753	1.1689860230799425
agri_aa_oil__AA_Ser	agri_aa_oil	genotype_pca_population_ridge	test	63	0.08828695627864347	0.3353363400789928	0.3114439324116744	0.8097843945221284	1.0222717542108772
agri_aa_oil__AA_Glu	agri_aa_oil	mean_baseline	val	60	-0.010556015491452131			4.514231745199999	5.699344750355167
agri_aa_oil__AA_Glu	agri_aa_oil	mean_baseline	test	63	-0.014466206883815946			4.216611228169934	5.142810109005671
agri_aa_oil__AA_Glu	agri_aa_oil	population_ridge	val	60	-0.008263366102099656	0.17821888114500056	0.22923034176160048	4.5053496755238545	5.692876024954798
agri_aa_oil__AA_Glu	agri_aa_oil	population_ridge	test	63	-0.015564666986509712	-0.07174604283985463	0.0114247311827957	4.216210167118186	5.145593663196124
agri_aa_oil__AA_Glu	agri_aa_oil	genotype_pca_ridge	val	60	0.09829381354402034	0.33328852359144645	0.2657404834676299	4.237923690248189	5.383655441054262
agri_aa_oil__AA_Glu	agri_aa_oil	genotype_pca_ridge	test	63	0.07281075508502688	0.2988806600155107	0.2971390168970814	3.9230441977160764	4.916611461109379
agri_aa_oil__AA_Glu	agri_aa_oil	genotype_pca_population_ridge	val	60	0.10513369149998286	0.3453114287840401	0.2700194498471798	4.196371049138922	5.36319775542018
agri_aa_oil__AA_Glu	agri_aa_oil	genotype_pca_population_ridge	test	63	0.06111728413677964	0.27698105563180037	0.2900825652841782	3.9467626713894237	4.947517836680168
agri_aa_oil__AA_Gly	agri_aa_oil	mean_baseline	val	60	-0.012806874845363359			0.6110367854400232	0.769687640686126
agri_aa_oil__AA_Gly	agri_aa_oil	mean_baseline	test	63	-0.0036434927995141475			0.5589537959556763	0.6805351661382244
agri_aa_oil__AA_Gly	agri_aa_oil	population_ridge	val	60	0.0198394425600118	0.23773908787645875	0.31019727702139493	0.5612801865021093	0.7571811673706837
agri_aa_oil__AA_Gly	agri_aa_oil	population_ridge	test	63	0.06788588775842463	0.28343650181477575	0.2966589861751152	0.5060093904646965	0.6558361884989321
agri_aa_oil__AA_Gly	agri_aa_oil	genotype_pca_ridge	val	60	-0.12098746248585668	0.26294266373371944	0.22450680744651294	0.5949439630922746	0.8097511439969001
agri_aa_oil__AA_Gly	agri_aa_oil	genotype_pca_ridge	test	63	-0.1994369022560405	0.23262990136293554	0.23444700460829493	0.5773951529892374	0.7439599191412474
agri_aa_oil__AA_Gly	agri_aa_oil	genotype_pca_population_ridge	val	60	0.05489410091552349	0.30157332890070326	0.33459294248402344	0.5588870708751883	0.7435179017654766
agri_aa_oil__AA_Gly	agri_aa_oil	genotype_pca_population_ridge	test	63	0.06869508754319575	0.2995904603735672	0.3460061443932412	0.5103295762739409	0.6555514498999624
agri_aa_oil__AA_Ala	agri_aa_oil	mean_baseline	val	60	-0.06979392523606953			7.052024731888639	8.139700056399528
agri_aa_oil__AA_Ala	agri_aa_oil	mean_baseline	test	63	-0.003323943558503073			6.878744299005601	7.9333264836914585
agri_aa_oil__AA_Ala	agri_aa_oil	population_ridge	val	60	-0.09697659300298889	0.21928119407138363	0.21405946096137818	6.717491622638169	8.24246322873947
agri_aa_oil__AA_Ala	agri_aa_oil	population_ridge	test	63	0.052503125324672384	0.271478916451651	0.250384024577573	6.391439308436747	7.709454190143975
agri_aa_oil__AA_Ala	agri_aa_oil	genotype_pca_ridge	val	60	-0.1161883525064038	0.0417153015581356	0.010280633509308143	7.163473354520293	8.314326615551057
agri_aa_oil__AA_Ala	agri_aa_oil	genotype_pca_ridge	test	63	-0.06545011953682378	0.018850304629395166	-0.03965053763440861	6.908750641039249	8.175254857574217
agri_aa_oil__AA_Ala	agri_aa_oil	genotype_pca_population_ridge	val	60	-0.0925082535894739	0.15437357612437894	0.16026674076132263	6.974402307817026	8.22565899364122
agri_aa_oil__AA_Ala	agri_aa_oil	genotype_pca_population_ridge	test	63	-0.03913887894079848	0.12714395317111035	0.07517281105990783	6.648964509532509	8.07368007424698
agri_aa_oil__AA_Cys	agri_aa_oil	mean_baseline	val	60	-0.05448674569870038			0.8678950877698385	1.1163462162688107
agri_aa_oil__AA_Cys	agri_aa_oil	mean_baseline	test	63	-0.039994605849384746			0.7803345670712364	1.0062632199888812
agri_aa_oil__AA_Cys	agri_aa_oil	population_ridge	val	60	-0.040818669075145086	0.21563394333621647	0.20133650094331093	0.8955602537199503	1.1090876743135474
agri_aa_oil__AA_Cys	agri_aa_oil	population_ridge	test	63	-0.0076913192388470275	0.23389103023304028	0.1843580112221277	0.7815969435600939	0.9905121664607845
agri_aa_oil__AA_Cys	agri_aa_oil	genotype_pca_ridge	val	60	-0.10500853080436312	0.1271439508984041	0.1703274566357295	0.8671988985055424	1.1427761224449928
agri_aa_oil__AA_Cys	agri_aa_oil	genotype_pca_ridge	test	63	-0.2668173483672891	-0.005832462512182992	-0.09005484417464171	0.8856999615583456	1.1105882050475915
agri_aa_oil__AA_Cys	agri_aa_oil	genotype_pca_population_ridge	val	60	-0.11065911026953379	0.20291460235165093	0.18535961879558754	0.8862262780128126	1.1456942507065275
agri_aa_oil__AA_Cys	agri_aa_oil	genotype_pca_population_ridge	test	63	-0.24803614570946997	0.08893910461443223	0.03823490585559815	0.8853187093640276	1.1023249503403325
agri_aa_oil__AA_Val	agri_aa_oil	mean_baseline	val	60	-2.094238759431377e-05			0.8412321349029409	1.049241384438178
agri_aa_oil__AA_Val	agri_aa_oil	mean_baseline	test	63	-0.0037496856865861794			0.7281935324528477	0.8548812284277131
agri_aa_oil__AA_Val	agri_aa_oil	population_ridge	val	60	0.047947620330297314	0.2200143519427143	0.1691580994720756	0.8230697478793109	1.0237673754832866
agri_aa_oil__AA_Val	agri_aa_oil	population_ridge	test	63	0.0449828948746106	0.22235504834947678	0.27390552995391704	0.7054963838390008	0.8338705669657517
agri_aa_oil__AA_Val	agri_aa_oil	genotype_pca_ridge	val	60	0.09526816180214803	0.3106633835483659	0.24873575993331484	0.808739740441281	0.9980005971384456
agri_aa_oil__AA_Val	agri_aa_oil	genotype_pca_ridge	test	63	0.030991300523896093	0.2294137293312145	0.17434715821812596	0.714413262733217	0.8399567176693967
agri_aa_oil__AA_Val	agri_aa_oil	genotype_pca_population_ridge	val	60	0.11353039454053149	0.3401170519616452	0.30447346485134763	0.7974183576526854	0.9878768062124618
agri_aa_oil__AA_Val	agri_aa_oil	genotype_pca_population_ridge	test	63	0.04375623802520001	0.26586625414844867	0.21875000000000003	0.7053177497454675	0.8344059211465481
agri_aa_oil__AA_Met	agri_aa_oil	mean_baseline	val	60	-4.88823106825631e-05			0.6355101532719722	0.8662123243787713
agri_aa_oil__AA_Met	agri_aa_oil	mean_baseline	test	63	-4.945004200340719e-06			0.5492097208217169	0.6570522062092293
agri_aa_oil__AA_Met	agri_aa_oil	population_ridge	val	60	0.06130027203882471	0.2605580564745968	0.19827729924979165	0.6219949617162996	0.8392224442140699
agri_aa_oil__AA_Met	agri_aa_oil	population_ridge	test	63	-0.04540784616228688	0.032475877463952675	0.06821236559139784	0.5361700099648549	0.6718026022234552
agri_aa_oil__AA_Met	agri_aa_oil	genotype_pca_ridge	val	60	0.007360299680413851	0.16059830491867438	0.12297860516810227	0.649785032402704	0.8629975533708325
agri_aa_oil__AA_Met	agri_aa_oil	genotype_pca_ridge	test	63	-0.07724307639207506	0.10986988404017647	0.08765360983102918	0.5596652542665314	0.6819549087990525
agri_aa_oil__AA_Met	agri_aa_oil	genotype_pca_population_ridge	val	60	0.02945497423307253	0.20687863581379123	0.14692970269519315	0.645829936622313	0.8533389874452122
agri_aa_oil__AA_Met	agri_aa_oil	genotype_pca_population_ridge	test	63	-0.0915269025619252	0.11181570721176808	0.08429339477726575	0.5586080120608018	0.6864612489561517
agri_aa_oil__AA_Ile	agri_aa_oil	mean_baseline	val	60	-0.0024014276289139325			0.5756293012360437	0.7434995035429542
agri_aa_oil__AA_Ile	agri_aa_oil	mean_baseline	test	63	-0.008552696793668435			0.5691957005939474	0.6625819884497198
agri_aa_oil__AA_Ile	agri_aa_oil	population_ridge	val	60	0.005696557578396266	0.10605746065653805	0.19299805501528206	0.5678633520248947	0.7404902014982147
agri_aa_oil__AA_Ile	agri_aa_oil	population_ridge	test	63	0.00401253255368117	0.14081534426548342	0.20679723502304148	0.5625165895914606	0.6584416055863653
agri_aa_oil__AA_Ile	agri_aa_oil	genotype_pca_ridge	val	60	0.11828454167907287	0.35552192298499113	0.30414003889969443	0.531248548369295	0.6973070756919199
agri_aa_oil__AA_Ile	agri_aa_oil	genotype_pca_ridge	test	63	0.11083976688305253	0.3580505223389463	0.3530625960061444	0.5358017636936042	0.6221288536638396
agri_aa_oil__AA_Ile	agri_aa_oil	genotype_pca_population_ridge	val	60	0.12382124275205675	0.3620050345442759	0.34126146151708814	0.5259232350301759	0.6951142702853949
agri_aa_oil__AA_Ile	agri_aa_oil	genotype_pca_population_ridge	test	63	0.11243435449198214	0.3570318218945836	0.3406298003072197	0.531730109638969	0.6215707517069847
agri_aa_oil__AA_Leu	agri_aa_oil	mean_baseline	val	60	-0.018345493884374786			2.8226154574035176	3.5800217593499304
agri_aa_oil__AA_Leu	agri_aa_oil	mean_baseline	test	63	-0.0164340137133967			2.614561641669798	3.2342930371087704
agri_aa_oil__AA_Leu	agri_aa_oil	population_ridge	val	60	-0.014964999444781135	0.19257919901463355	0.1196999166435121	2.8174100352228058	3.5740747089307514
agri_aa_oil__AA_Leu	agri_aa_oil	population_ridge	test	63	-0.016322957304334862	0.010613120115012292	-0.015312980030721965	2.6195821514747326	3.2341163415350462
agri_aa_oil__AA_Leu	agri_aa_oil	genotype_pca_ridge	val	60	0.11914748022598654	0.3854625318457533	0.33064740205612675	2.5598245033764857	3.3295818371367165
agri_aa_oil__AA_Leu	agri_aa_oil	genotype_pca_ridge	test	63	0.12176363490112163	0.3841847529541638	0.3099558371735791	2.4373310787689086	3.0063911125207157
agri_aa_oil__AA_Leu	agri_aa_oil	genotype_pca_population_ridge	val	60	0.13185471895278766	0.409634424550084	0.34476243400944717	2.5268362827349673	3.3054782034598436
agri_aa_oil__AA_Leu	agri_aa_oil	genotype_pca_population_ridge	test	63	0.11554110034304266	0.370540740047284	0.29805107526881724	2.4566961540442165	3.0170228476381107
agri_aa_oil__AA_Tyr	agri_aa_oil	mean_baseline	val	60	-0.00017584347113674959			0.7398953905666666	0.9465449534066496
agri_aa_oil__AA_Tyr	agri_aa_oil	mean_baseline	test	63	-0.005074525398557128			0.7080873156559016	0.8726514223690078
agri_aa_oil__AA_Tyr	agri_aa_oil	population_ridge	val	60	0.035976505117418345	0.2206134909658549	0.24929146985273692	0.7195851562180111	0.9292806048887476
agri_aa_oil__AA_Tyr	agri_aa_oil	population_ridge	test	63	-0.027132029601402596	-0.032244623795431415	-0.04531490015360983	0.7191264856063021	0.8821751181201334
agri_aa_oil__AA_Tyr	agri_aa_oil	genotype_pca_ridge	val	60	0.13243968671272288	0.3831789961978784	0.29358155043067524	0.6955671261609908	0.8815620826563072
agri_aa_oil__AA_Tyr	agri_aa_oil	genotype_pca_ridge	test	63	0.0929643761991793	0.3270828977973897	0.27208141321044554	0.6771959197744097	0.8289986824067519
agri_aa_oil__AA_Tyr	agri_aa_oil	genotype_pca_population_ridge	val	60	0.14331626647903994	0.39590606543095874	0.33164767991108646	0.6885298410130706	0.8760185934312053
agri_aa_oil__AA_Tyr	agri_aa_oil	genotype_pca_population_ridge	test	63	0.06789422562304093	0.2844485796331174	0.22839861751152074	0.6853400477951576	0.840377211929694
agri_aa_oil__AA_Phe	agri_aa_oil	mean_baseline	val	60	-3.333283499040718e-05			0.9839197335588812	1.2001964638524758
agri_aa_oil__AA_Phe	agri_aa_oil	mean_baseline	test	63	-0.008733671778880847			0.9383909497531719	1.1256846091994839
agri_aa_oil__AA_Phe	agri_aa_oil	population_ridge	val	60	0.02784568035052304	0.17376992778877717	0.24734648513475965	0.9609803611094587	1.1833486236198474
agri_aa_oil__AA_Phe	agri_aa_oil	population_ridge	test	63	0.009256124574053226	0.13368451460951833	0.2136136712749616	0.9120597714582568	1.1156017002038872
agri_aa_oil__AA_Phe	agri_aa_oil	genotype_pca_ridge	val	60	0.11308388689838667	0.3495232355849673	0.3530425118088359	0.9087504872886462	1.1302808703754585
agri_aa_oil__AA_Phe	agri_aa_oil	genotype_pca_ridge	test	63	0.1348827545919261	0.4056201477486858	0.42257104454685096	0.850345460217065	1.0424757326996101
agri_aa_oil__AA_Phe	agri_aa_oil	genotype_pca_population_ridge	val	60	0.12210779792608728	0.36038234721209417	0.40161155876632404	0.8999873491912632	1.1245161591029187
agri_aa_oil__AA_Phe	agri_aa_oil	genotype_pca_population_ridge	test	63	0.13941275501477612	0.4041307960176395	0.4383640552995392	0.8434466650936852	1.0397428003994893
agri_aa_oil__AA_Lys	agri_aa_oil	mean_baseline	val	60	-0.03650277937458846			0.5210217761046713	0.6542350123238257
agri_aa_oil__AA_Lys	agri_aa_oil	mean_baseline	test	63	-0.001378694400618663			0.5495484926883616	0.7117891283759746
agri_aa_oil__AA_Lys	agri_aa_oil	population_ridge	val	60	-0.002382954182521102	0.27781863322908235	0.390552931369825	0.4849584011419228	0.643376780559314
agri_aa_oil__AA_Lys	agri_aa_oil	population_ridge	test	63	0.13090369847121164	0.3656031853870854	0.393481182795699	0.47306159932580927	0.6631108405728854
agri_aa_oil__AA_Lys	agri_aa_oil	genotype_pca_ridge	val	60	0.05934370722204407	0.31191134382062635	0.31636565712697984	0.4664684955082747	0.6232525002383187
agri_aa_oil__AA_Lys	agri_aa_oil	genotype_pca_ridge	test	63	0.07607058081777507	0.2904001891921862	0.3598310291858679	0.5094649217889656	0.6837094378361874
agri_aa_oil__AA_Lys	agri_aa_oil	genotype_pca_population_ridge	val	60	0.07357915497566436	0.3584254245232442	0.38010558488469026	0.4447156123639828	0.6185185171069685
agri_aa_oil__AA_Lys	agri_aa_oil	genotype_pca_population_ridge	test	63	0.12408321937062161	0.36437268181272947	0.42837941628264214	0.4940255688206933	0.6657077305331183
agri_aa_oil__AA_NH3	agri_aa_oil	mean_baseline	val	60	-0.022434550247886875			0.6672704529164359	0.8021844677310168
agri_aa_oil__AA_NH3	agri_aa_oil	mean_baseline	test	63	-0.011710808170389608			0.6474609820090627	0.855114258426463
agri_aa_oil__AA_NH3	agri_aa_oil	population_ridge	val	60	-0.02011242375353639	0.1309551146360494	0.11525423728813562	0.6686876158352355	0.8012729997651984
agri_aa_oil__AA_NH3	agri_aa_oil	population_ridge	test	63	0.11213411050748923	0.3902244735294727	0.4456605222734255	0.6175434679223998	0.8010684711893905
agri_aa_oil__AA_NH3	agri_aa_oil	genotype_pca_ridge	val	60	0.011190494107518378	0.23089136799833562	0.2014448457904974	0.660673878388646	0.7888833803417841
agri_aa_oil__AA_NH3	agri_aa_oil	genotype_pca_ridge	test	63	-0.006145694478645547	0.07498398093657033	0.12456797235023041	0.6487815163725681	0.8527591534501966
agri_aa_oil__AA_NH3	agri_aa_oil	genotype_pca_population_ridge	val	60	0.016111689518750416	0.2041685345445135	0.215893303695471	0.6594315036729739	0.7869178391091176
agri_aa_oil__AA_NH3	agri_aa_oil	genotype_pca_population_ridge	test	63	0.05604508255019125	0.2922166544886237	0.3551747311827957	0.6340938104575563	0.825983895586278
agri_aa_oil__AA_His	agri_aa_oil	mean_baseline	val	60	-0.008569452439831204			0.4203489881863898	0.5559408673510126
agri_aa_oil__AA_His	agri_aa_oil	mean_baseline	test	63	-0.0038097974103561416			0.3991553599933541	0.5057887757665182
agri_aa_oil__AA_His	agri_aa_oil	population_ridge	val	60	0.021275241309748005	0.19943638374714362	0.258738538482912	0.40036989808882595	0.5476536451228569
agri_aa_oil__AA_His	agri_aa_oil	population_ridge	test	63	0.128549786280184	0.38799223891812845	0.38844086021505375	0.3763648062331836	0.4712645399533387
agri_aa_oil__AA_His	agri_aa_oil	genotype_pca_ridge	val	60	0.08211822696736959	0.31984330788430076	0.24173381494859691	0.4046129430210989	0.5303579316036113
agri_aa_oil__AA_His	agri_aa_oil	genotype_pca_ridge	test	63	0.15299752506220377	0.3975074568835588	0.3836885560675883	0.3552634055559741	0.4646070676332916
agri_aa_oil__AA_His	agri_aa_oil	genotype_pca_population_ridge	val	60	0.07792825089752786	0.3203026407399221	0.27140872464573496	0.40176176864769386	0.5315670507413699
agri_aa_oil__AA_His	agri_aa_oil	genotype_pca_population_ridge	test	63	0.1861943829613394	0.43878648251667984	0.42386712749615973	0.34718541519891905	0.45541131202662716
agri_aa_oil__AA_Arg	agri_aa_oil	mean_baseline	val	60	-0.03451515393906379			0.9229738768669551	1.1062371536824254
agri_aa_oil__AA_Arg	agri_aa_oil	mean_baseline	test	63	-0.0035289813788612623			0.9482345206114684	1.1253230802434018
agri_aa_oil__AA_Arg	agri_aa_oil	population_ridge	val	60	0.051406863095615485	0.3475920609032401	0.4145040288969159	0.810313170945075	1.0593020217425786
agri_aa_oil__AA_Arg	agri_aa_oil	population_ridge	test	63	0.23444354947918788	0.4875334998182241	0.48123079877112135	0.7589569727566883	0.9828808572972382
agri_aa_oil__AA_Arg	agri_aa_oil	genotype_pca_ridge	val	60	-0.06442388656652454	0.33765517892659275	0.32225618227285363	0.832311663918217	1.1221143544105474
agri_aa_oil__AA_Arg	agri_aa_oil	genotype_pca_ridge	test	63	0.10734026149377862	0.42693266503983096	0.46481374807987713	0.8046288678617112	1.0613417302878676
agri_aa_oil__AA_Arg	agri_aa_oil	genotype_pca_population_ridge	val	60	0.12154706823989991	0.41897504136855523	0.44167824395665467	0.7649866238895696	1.0193869284726433
agri_aa_oil__AA_Arg	agri_aa_oil	genotype_pca_population_ridge	test	63	0.27215322523224117	0.5240259833953493	0.578197004608295	0.723988246327949	0.9583678752964777
agri_aa_oil__AA_Pro	agri_aa_oil	mean_baseline	val	60	-0.007975314969018044			1.437029781423876	1.9205371669840337
agri_aa_oil__AA_Pro	agri_aa_oil	mean_baseline	test	63	-0.00022404030124145713			1.2585574880271875	1.5201581809863793
agri_aa_oil__AA_Pro	agri_aa_oil	population_ridge	val	60	-7.663789751055639e-05	0.0998353342522169	0.09130313976104475	1.4306315480546918	1.9129975289559598
agri_aa_oil__AA_Pro	agri_aa_oil	population_ridge	test	63	0.034269699050045954	0.19021055670035927	0.2764016897081414	1.2081898055778997	1.4937161130574241
agri_aa_oil__AA_Pro	agri_aa_oil	genotype_pca_ridge	val	60	0.08199218530452712	0.3179916616647826	0.27168657960544595	1.358100466452488	1.8328248186247729
agri_aa_oil__AA_Pro	agri_aa_oil	genotype_pca_ridge	test	63	0.1187810557238721	0.3505723893164757	0.3203725038402458	1.1442527180050344	1.4268622537382931
agri_aa_oil__AA_Pro	agri_aa_oil	genotype_pca_population_ridge	val	60	0.07896573543502594	0.31017072781227867	0.26474020561267025	1.3668599588010262	1.8358435228909806
agri_aa_oil__AA_Pro	agri_aa_oil	genotype_pca_population_ridge	test	63	0.12147942503608933	0.35353661749014736	0.3215245775729647	1.122489378563113	1.4246759904505704
agri_aa_oil__AA_total	agri_aa_oil	mean_baseline	val	60	-0.011008122226326078			18.293635869427916	23.383062165950793
agri_aa_oil__AA_total	agri_aa_oil	mean_baseline	test	63	-0.005740232703950854			17.127160943991317	20.077009708357494
agri_aa_oil__AA_total	agri_aa_oil	population_ridge	val	60	0.0009921299358019997	0.17731706032538794	0.142039455404279	18.20290095610403	23.243874223561573
agri_aa_oil__AA_total	agri_aa_oil	population_ridge	test	63	-0.008023004364048125	-0.0050022059552456205	0.025153609831029187	17.134334474719065	20.099781618284517
agri_aa_oil__AA_total	agri_aa_oil	genotype_pca_ridge	val	60	0.10388482241117625	0.3465226833630313	0.18910808557932762	17.420824049342748	22.014355655472006
agri_aa_oil__AA_total	agri_aa_oil	genotype_pca_ridge	test	63	0.056325025533698	0.2579849992346983	0.2595046082949309	16.068869746262614	19.44765923949275
agri_aa_oil__AA_total	agri_aa_oil	genotype_pca_population_ridge	val	60	0.10790322511289441	0.3496238418550872	0.1887746596276744	17.288011959177773	21.964941281383883
agri_aa_oil__AA_total	agri_aa_oil	genotype_pca_population_ridge	test	63	0.0485035204952633	0.245861647486833	0.25643241167434716	16.115933074157272	19.528087397105622
agri_aa_oil__Plantheight	agri_aa_oil	mean_baseline	val	68	-0.00200629999381019			16.656103931564964	21.03413136492022
agri_aa_oil__Plantheight	agri_aa_oil	mean_baseline	test	70	-0.001156742076920514			18.58776867142857	22.339024167126304
agri_aa_oil__Plantheight	agri_aa_oil	population_ridge	val	68	0.05989637160790229	0.2613479990727964	0.26002977440164904	16.14852614218669	20.374043087558054
agri_aa_oil__Plantheight	agri_aa_oil	population_ridge	test	70	0.1506213564931066	0.4048873310431766	0.24423060099728808	17.00885241416226	20.576136309289883
agri_aa_oil__Plantheight	agri_aa_oil	genotype_pca_ridge	val	68	0.11419671081556426	0.42247453225652404	0.4710844753216017	15.082342213081397	19.776890098258303
agri_aa_oil__Plantheight	agri_aa_oil	genotype_pca_ridge	test	70	0.18175338985120826	0.47646397640304183	0.4942524713498381	16.493765921329466	20.195530564162624
agri_aa_oil__Plantheight	agri_aa_oil	genotype_pca_population_ridge	val	68	0.08002791861505021	0.40207862951411105	0.4554720006107569	15.17505372449882	20.154715856389924
agri_aa_oil__Plantheight	agri_aa_oil	genotype_pca_population_ridge	test	70	0.18199353486190784	0.4809312713878985	0.4891435569941387	16.464669720995204	20.19256678054391
agri_aa_oil__Earheight	agri_aa_oil	mean_baseline	val	68	-0.00011628010570996494			10.745136863533075	13.10033061479011
agri_aa_oil__Earheight	agri_aa_oil	mean_baseline	test	70	-0.04954476748538639			10.03265848354651	13.023648469817969
agri_aa_oil__Earheight	agri_aa_oil	population_ridge	val	68	0.15680798953629205	0.3987967819150616	0.40241248997976864	9.63584384245827	12.028743084064114
agri_aa_oil__Earheight	agri_aa_oil	population_ridge	test	70	-0.027377977326374925	0.20169342904260196	0.1506792990985757	10.200324886299214	12.885382276370063
agri_aa_oil__Earheight	agri_aa_oil	genotype_pca_ridge	val	68	0.2192384292726982	0.49284665284861184	0.5140664961636828	9.178035801173928	11.574872670575198
agri_aa_oil__Earheight	agri_aa_oil	genotype_pca_ridge	test	70	0.1880771128151515	0.47948212143486424	0.42586323038310875	9.034070970778547	11.45485440123495
agri_aa_oil__Earheight	agri_aa_oil	genotype_pca_population_ridge	val	68	0.24728660738336716	0.5087547650670592	0.5120051914341336	8.89315064606321	11.365062524897398
agri_aa_oil__Earheight	agri_aa_oil	genotype_pca_population_ridge	test	70	0.19431230003863653	0.47684212445471663	0.43055227499044946	8.855944321179368	11.410785674939742
agri_aa_oil__Earleafwidth	agri_aa_oil	mean_baseline	val	68	-9.268058441147531e-06			0.661308223029412	0.8263757322858285
agri_aa_oil__Earleafwidth	agri_aa_oil	mean_baseline	test	70	-0.017483897552772243			0.6142000961872721	0.7845807696040797
agri_aa_oil__Earleafwidth	agri_aa_oil	population_ridge	val	68	0.11443557965464168	0.3533734188027738	0.28169793679858596	0.6190332262722101	0.77765258897149
agri_aa_oil__Earleafwidth	agri_aa_oil	population_ridge	test	70	0.1097580043309585	0.3815107795152457	0.34532411862479223	0.575480310614938	0.7338848552318012
agri_aa_oil__Earleafwidth	agri_aa_oil	genotype_pca_ridge	val	68	0.2437045948727219	0.5558055029924288	0.42767163560172883	0.5920521819594279	0.7186563600733157
agri_aa_oil__Earleafwidth	agri_aa_oil	genotype_pca_ridge	test	70	0.14598268686764426	0.4064809588199343	0.3895547196220803	0.5217043077281437	0.7187986027961705
agri_aa_oil__Earleafwidth	agri_aa_oil	genotype_pca_population_ridge	val	68	0.25670253406461785	0.5497537047762552	0.4220792854776022	0.5837486754430069	0.7124540647622182
agri_aa_oil__Earleafwidth	agri_aa_oil	genotype_pca_population_ridge	test	70	0.17093281152572437	0.4353275152957953	0.4099203919167177	0.5117223496100763	0.7082209190335864
agri_aa_oil__Earleaflength	agri_aa_oil	mean_baseline	val	68	-0.0027194457159334107			5.413366167205883	7.006708869512237
agri_aa_oil__Earleaflength	agri_aa_oil	mean_baseline	test	70	-0.001286872532094474			5.6390623703925264	6.828140015373198
agri_aa_oil__Earleaflength	agri_aa_oil	population_ridge	val	68	0.133123413630425	0.39117185752492656	0.406535099438867	4.848361435388661	6.514828547694172
agri_aa_oil__Earleaflength	agri_aa_oil	population_ridge	test	70	0.19320979058116294	0.44298973731801866	0.3893097716735194	5.1992683336575904	6.1291953934282954
agri_aa_oil__Earleaflength	agri_aa_oil	genotype_pca_ridge	val	68	0.18842249979014492	0.48834695632374986	0.47383288162766724	4.863611807393639	6.303610254675077
agri_aa_oil__Earleaflength	agri_aa_oil	genotype_pca_ridge	test	70	0.13873332274357064	0.45872154733208453	0.43553494882337507	5.281188176971072	6.332744685325181
agri_aa_oil__Earleaflength	agri_aa_oil	genotype_pca_population_ridge	val	68	0.25422330756176914	0.5087284102822127	0.4875749131579951	4.532095270343797	6.04266833013706
agri_aa_oil__Earleaflength	agri_aa_oil	genotype_pca_population_ridge	test	70	0.2335130709253488	0.48628331547746323	0.45782521214241967	5.124799655330527	5.974141893736248
agri_aa_oil__Tasselmainaxislength	agri_aa_oil	mean_baseline	val	68	-0.0016723114869319211			2.632441491840755	3.4265126254544698
agri_aa_oil__Tasselmainaxislength	agri_aa_oil	mean_baseline	test	70	-0.0018030699881772527			2.28993707505919	3.114945209020286
agri_aa_oil__Tasselmainaxislength	agri_aa_oil	population_ridge	val	68	-0.0355072253959805	0.11907332489334324	0.19137870156520542	2.6441381610873473	3.4839031116212555
agri_aa_oil__Tasselmainaxislength	agri_aa_oil	population_ridge	test	70	0.08036803372033052	0.2872492841430748	0.14303210567754351	2.272168551506503	2.9844634342504706
agri_aa_oil__Tasselmainaxislength	agri_aa_oil	genotype_pca_ridge	val	68	0.19339187522382162	0.45174834086183624	0.3953162129070045	2.466132388100036	3.0748277931403245
agri_aa_oil__Tasselmainaxislength	agri_aa_oil	genotype_pca_ridge	test	70	0.22862020882773038	0.49272390009855305	0.4879538098154142	2.088359457535516	2.7333381393674907
agri_aa_oil__Tasselmainaxislength	agri_aa_oil	genotype_pca_population_ridge	val	68	0.1983745660012054	0.4526691148802021	0.4368099096460847	2.436961193980959	3.065315956105146
agri_aa_oil__Tasselmainaxislength	agri_aa_oil	genotype_pca_population_ridge	test	70	0.22658630094592735	0.48263362834260015	0.4464876213804566	2.109315380285861	2.736939282580571
agri_aa_oil__Tasselbranchnumber	agri_aa_oil	mean_baseline	val	68	-7.141401383581325e-07			2.5741996023512916	3.152484382066704
agri_aa_oil__Tasselbranchnumber	agri_aa_oil	mean_baseline	test	70	-0.018581772095476845			2.5810816326999997	3.200717916414604
agri_aa_oil__Tasselbranchnumber	agri_aa_oil	population_ridge	val	68	0.3511754601180166	0.6003596185208251	0.5921288697179066	2.014834237935446	2.5393140891762402
agri_aa_oil__Tasselbranchnumber	agri_aa_oil	population_ridge	test	70	0.15785017698480008	0.422223707666591	0.4615209651210206	2.1596204048194494	2.910342703132603
agri_aa_oil__Tasselbranchnumber	agri_aa_oil	genotype_pca_ridge	val	68	0.1240575081904971	0.4438738674786748	0.46936672138031066	2.2657881077899056	2.950465805990429
agri_aa_oil__Tasselbranchnumber	agri_aa_oil	genotype_pca_ridge	test	70	0.0053583739399747365	0.35700078839466437	0.3754035115488899	2.548394679433856	3.1628803722736953
agri_aa_oil__Tasselbranchnumber	agri_aa_oil	genotype_pca_population_ridge	val	68	0.3379817319525815	0.584931094906505	0.618925831202046	2.0691158176021855	2.565002398060017
agri_aa_oil__Tasselbranchnumber	agri_aa_oil	genotype_pca_population_ridge	test	70	0.14500503962169697	0.41310489756458857	0.4637430123789768	2.2989282898703753	2.932454135099308
agri_aa_oil__Leafnumberaboveear	agri_aa_oil	mean_baseline	val	68	-0.055636721767588604			0.41407789884977997	0.5330990477079393
agri_aa_oil__Leafnumberaboveear	agri_aa_oil	mean_baseline	test	70	-0.10530605462910847			0.5051668240064086	0.616205992085895
agri_aa_oil__Leafnumberaboveear	agri_aa_oil	population_ridge	val	68	-0.411318480403869	0.08626297413075852	0.16704362183092428	0.44582917801813293	0.6164007752567301
agri_aa_oil__Leafnumberaboveear	agri_aa_oil	population_ridge	test	70	0.1811643717944449	0.5189633326445492	0.4679771496736651	0.4574621499789306	0.5303749552170424
agri_aa_oil__Leafnumberaboveear	agri_aa_oil	genotype_pca_ridge	val	68	0.13754017391517515	0.42454456860721157	0.3588994818222921	0.36797026591301907	0.48185913793037083
agri_aa_oil__Leafnumberaboveear	agri_aa_oil	genotype_pca_ridge	test	70	0.15018561118501184	0.4960096937547841	0.5049471170442282	0.4491927447694131	0.5403145749139812
agri_aa_oil__Leafnumberaboveear	agri_aa_oil	genotype_pca_population_ridge	val	68	0.021011797161491375	0.3173831149372122	0.28093179498736	0.3867068692264747	0.513380526789379
agri_aa_oil__Leafnumberaboveear	agri_aa_oil	genotype_pca_population_ridge	test	70	0.22686605101900947	0.5513138035959115	0.5313492376131729	0.4317037427764015	0.5153615511364255
agri_aa_oil__Earlength	agri_aa_oil	mean_baseline	val	68	-0.045866350061707584			1.058620904225719	1.3221404712162035
agri_aa_oil__Earlength	agri_aa_oil	mean_baseline	test	70	-0.0037074263540477492			1.1659948958904316	1.5280842978151399
agri_aa_oil__Earlength	agri_aa_oil	population_ridge	val	68	-0.04294363044839189	0.23930036124619314	0.27251472034985563	1.0568471245699136	1.3202917888454897
agri_aa_oil__Earlength	agri_aa_oil	population_ridge	test	70	-0.0013789618856436814	0.27394984715383003	0.16325780771586038	1.1657356059341923	1.5263107949662111
agri_aa_oil__Earlength	agri_aa_oil	genotype_pca_ridge	val	68	0.11624581627503017	0.4350186966957707	0.43612280151241084	0.9428642404859472	1.2153608589909077
agri_aa_oil__Earlength	agri_aa_oil	genotype_pca_ridge	test	70	0.2775767629243314	0.6365485358678276	0.4927127985303123	1.024521093635226	1.2964017174970293
agri_aa_oil__Earlength	agri_aa_oil	genotype_pca_population_ridge	val	68	0.12413101278672067	0.44179579519561524	0.43766879481317694	0.9342399884510322	1.209926750789792
agri_aa_oil__Earlength	agri_aa_oil	genotype_pca_population_ridge	test	70	0.28738577513421903	0.6424643747940497	0.49698189134808857	1.0218600166197214	1.2875704113814856
agri_aa_oil__Eardiameter	agri_aa_oil	mean_baseline	val	68	-6.07815971775949e-07			0.26489346714673817	0.3142594183540156
agri_aa_oil__Eardiameter	agri_aa_oil	mean_baseline	test	70	-0.0006678705614298064			0.24011460967080558	0.3124414033967557
agri_aa_oil__Eardiameter	agri_aa_oil	population_ridge	val	68	0.18208530707794424	0.4525595029300352	0.44070352240356964	0.23382411242040171	0.28421184591507076
agri_aa_oil__Eardiameter	agri_aa_oil	population_ridge	test	70	0.027378228926852377	0.19626443087517664	0.21406701076021345	0.23303304140205858	0.3080318295158159
agri_aa_oil__Eardiameter	agri_aa_oil	genotype_pca_ridge	val	68	0.19945955616007172	0.46465023010238254	0.42490003532907183	0.23015648424164675	0.2811770105264555
agri_aa_oil__Eardiameter	agri_aa_oil	genotype_pca_ridge	test	70	0.10336205310631752	0.32884153332062266	0.3091068148018546	0.22532774669870248	0.29575504354494986
agri_aa_oil__Eardiameter	agri_aa_oil	genotype_pca_population_ridge	val	68	0.25095406008872734	0.5128906228755746	0.43539752070464405	0.2225617501374965	0.27198339940487637
agri_aa_oil__Eardiameter	agri_aa_oil	genotype_pca_population_ridge	test	70	0.09428894869371396	0.309942807999383	0.3002886886536611	0.2226693370346789	0.29724765387827395
agri_aa_oil__Cobdiameter	agri_aa_oil	mean_baseline	val	68	-0.020715030487363117			0.21117410691272676	0.28029793846495904
agri_aa_oil__Cobdiameter	agri_aa_oil	mean_baseline	test	70	-2.4523948503940574e-05			0.20367670527409884	0.2656306835128101
agri_aa_oil__Cobdiameter	agri_aa_oil	population_ridge	val	68	-0.011122790887448275	0.12348858792356947	0.057792877046990106	0.21209063418923949	0.27897776998662577
agri_aa_oil__Cobdiameter	agri_aa_oil	population_ridge	test	70	0.011904897862146768	0.12973268874344968	0.1762940800879295	0.20038096618563186	0.26404155869565166
agri_aa_oil__Cobdiameter	agri_aa_oil	genotype_pca_ridge	val	68	0.1633187585204794	0.4295088003569878	0.3469099515211665	0.19377377903179524	0.2537743153020425
agri_aa_oil__Cobdiameter	agri_aa_oil	genotype_pca_ridge	test	70	0.09318681373964843	0.3054826479725045	0.2996789404273577	0.1910494988650372	0.25294833665188
agri_aa_oil__Cobdiameter	agri_aa_oil	genotype_pca_population_ridge	val	68	0.14769820827266977	0.39679857243838135	0.23067526816047637	0.19983171728299395	0.2561322999821011
agri_aa_oil__Cobdiameter	agri_aa_oil	genotype_pca_population_ridge	test	70	0.07564561212833276	0.28165353270465837	0.3042805028591883	0.1906571891873912	0.2553831080640886
agri_aa_oil__Earrownumber	agri_aa_oil	mean_baseline	val	68	-0.000252882674073307			1.3429644833759389	1.595794634761677
agri_aa_oil__Earrownumber	agri_aa_oil	mean_baseline	test	70	-0.07407961392155626			0.9975091629127724	1.1852444538870182
agri_aa_oil__Earrownumber	agri_aa_oil	population_ridge	val	68	0.09005047304273561	0.300191853132191	0.3228355476470425	1.2536663768038936	1.5220564033961492
agri_aa_oil__Earrownumber	agri_aa_oil	population_ridge	test	70	-0.10934537151673207	0.15923176541072584	0.1759266549507871	1.0134995571728127	1.2045451485660263
agri_aa_oil__Earrownumber	agri_aa_oil	genotype_pca_ridge	val	68	0.14934312127076443	0.3886874582940345	0.3475339749058383	1.1981820782742494	1.471632274693725
agri_aa_oil__Earrownumber	agri_aa_oil	genotype_pca_ridge	test	70	-0.03076631013721154	0.26580573020624215	0.3176127864069257	0.9480914668151381	1.1611004748942002
agri_aa_oil__Earrownumber	agri_aa_oil	genotype_pca_population_ridge	val	68	0.15353165015288905	0.39511735315329816	0.3879790810583796	1.1765891576261855	1.468004736470119
agri_aa_oil__Earrownumber	agri_aa_oil	genotype_pca_population_ridge	test	70	-0.08547678327817398	0.2592002092565687	0.31999230158080016	0.9866105239374322	1.1915162356186828
agri_aa_oil__Kernernumberperrow	agri_aa_oil	mean_baseline	val	68	-0.05101288124210779			1.9859808378078612	2.4583519225413233
agri_aa_oil__Kernernumberperrow	agri_aa_oil	mean_baseline	test	70	-0.015327767288158434			2.058964602989319	2.5752203897038792
agri_aa_oil__Kernernumberperrow	agri_aa_oil	population_ridge	val	68	-0.04469059582397472	0.1192329895693261	0.17685568686060693	1.9519972420222595	2.4509467580177096
agri_aa_oil__Kernernumberperrow	agri_aa_oil	population_ridge	test	70	0.10599758404928838	0.39006188631526517	0.38038666783308545	1.9002822578139618	2.416465598420615
agri_aa_oil__Kernernumberperrow	agri_aa_oil	genotype_pca_ridge	val	68	-0.01344165719396151	0.21195575922422982	0.19075067283454625	1.9321774398186378	2.4140119212278255
agri_aa_oil__Kernernumberperrow	agri_aa_oil	genotype_pca_ridge	test	70	0.16906950900242446	0.4499026663468165	0.4264368821625404	1.8414346554242875	2.329665768913328
agri_aa_oil__Kernernumberperrow	agri_aa_oil	genotype_pca_population_ridge	val	68	-0.01639651041489376	0.22256850655580868	0.2240757353489667	1.9162353234585239	2.4175285810301372
agri_aa_oil__Kernernumberperrow	agri_aa_oil	genotype_pca_population_ridge	test	70	0.20512413827155906	0.4808824999409242	0.45859504855218264	1.7864147527876488	2.2785623916988036
agri_aa_oil__100grainweight	agri_aa_oil	mean_baseline	val	66	-0.006333360573593794			2.18659492125	2.7166105849382554
agri_aa_oil__100grainweight	agri_aa_oil	mean_baseline	test	70	-0.0013137934527023276			2.273005824767857	2.8596548847003054
agri_aa_oil__100grainweight	agri_aa_oil	population_ridge	val	66	0.038356541719459014	0.2936944197627136	0.23472188891234205	2.1266778742381485	2.6556051017138502
agri_aa_oil__100grainweight	agri_aa_oil	population_ridge	test	70	0.044406527850627375	0.3005660828826259	0.2609768259816947	2.2277468048463622	2.7936057220187993
agri_aa_oil__100grainweight	agri_aa_oil	genotype_pca_ridge	val	66	0.0822430781173491	0.2896938137315385	0.34145730495723753	2.0510084414496452	2.5943005508115187
agri_aa_oil__100grainweight	agri_aa_oil	genotype_pca_ridge	test	70	0.15901095486203365	0.4584224869042407	0.47863247865079384	2.0956320122643404	2.6207385299970922
agri_aa_oil__100grainweight	agri_aa_oil	genotype_pca_population_ridge	val	66	0.09524346449709853	0.3129378212513376	0.35202020746432094	2.0273072848344666	2.5758603729313934
agri_aa_oil__100grainweight	agri_aa_oil	genotype_pca_population_ridge	test	70	0.17480286384061205	0.47976516798323976	0.4851236560736424	2.0810206988596827	2.5960160934250966
agri_aa_oil__cobweight	agri_aa_oil	mean_baseline	val	68	-0.003130227649595918			3.9586059412353385	4.874108543859834
agri_aa_oil__cobweight	agri_aa_oil	mean_baseline	test	69	-0.003018836995817731			3.1602910243116167	4.2545995441677675
agri_aa_oil__cobweight	agri_aa_oil	population_ridge	val	68	0.09541979744109286	0.3403245594656251	0.2618620452723594	3.6631193760870815	4.6284979649584885
agri_aa_oil__cobweight	agri_aa_oil	population_ridge	test	69	0.05848898004370684	0.25202643004648834	0.21394057308686673	3.030636793259061	4.122084102368524
agri_aa_oil__cobweight	agri_aa_oil	genotype_pca_ridge	val	68	0.23018566080821645	0.4933446836430662	0.4430278276138489	3.2839490617365494	4.2698196935609
agri_aa_oil__cobweight	agri_aa_oil	genotype_pca_ridge	test	69	0.11007317043877096	0.4002242234437048	0.33590003563728277	3.0133033981327486	4.0075716402373285
agri_aa_oil__cobweight	agri_aa_oil	genotype_pca_population_ridge	val	68	0.19483747005187257	0.4669811406353204	0.39924418826583197	3.367130118626	4.366749867109383
agri_aa_oil__cobweight	agri_aa_oil	genotype_pca_population_ridge	test	69	0.09258137623992335	0.39554152394834663	0.3478292640742843	3.0158388841814117	4.04676503382883
agri_aa_oil__kernellength	agri_aa_oil	mean_baseline	val	68	-0.03259818464211972			0.6823697836941177	0.8293835413073913
agri_aa_oil__kernellength	agri_aa_oil	mean_baseline	test	70	-0.000564093103845309			0.5957879078342858	0.8042735672061758
agri_aa_oil__kernellength	agri_aa_oil	population_ridge	val	68	0.363612274240128	0.6155431319449065	0.6629448309729574	0.5264143040624049	0.6511044019210803
agri_aa_oil__kernellength	agri_aa_oil	population_ridge	test	70	0.37938646269309995	0.619107056746317	0.6590207245525954	0.47417193467680807	0.6334202760366637
agri_aa_oil__kernellength	agri_aa_oil	genotype_pca_ridge	val	68	0.28509453061983425	0.5527503843829201	0.5734108238878495	0.5275412166966342	0.6901032043781071
agri_aa_oil__kernellength	agri_aa_oil	genotype_pca_ridge	test	70	0.5366209765392598	0.7341466871210814	0.7358475710855548	0.3979524989106068	0.5473303412600744
agri_aa_oil__kernellength	agri_aa_oil	genotype_pca_population_ridge	val	68	0.390546287171351	0.6559769925024546	0.6725834311814375	0.4902399124515855	0.6371770101592684
agri_aa_oil__kernellength	agri_aa_oil	genotype_pca_population_ridge	test	70	0.509565376145118	0.7498388718773434	0.790663902260176	0.4088865006336971	0.5630823318612901
agri_aa_oil__Kernelwidth	agri_aa_oil	mean_baseline	val	68	-0.0017734675889471418			0.4885950813974264	0.5953494329151257
agri_aa_oil__Kernelwidth	agri_aa_oil	mean_baseline	test	70	-0.021165983040231096			0.5126162648923215	0.6886162727019927
agri_aa_oil__Kernelwidth	agri_aa_oil	population_ridge	val	68	-0.0139607540034008	0.04613416116885407	0.00314939589377011	0.5029024473122415	0.5989599096561005
agri_aa_oil__Kernelwidth	agri_aa_oil	population_ridge	test	70	-0.024299556532742406	0.06326492525495257	-0.02778433894200397	0.5075572711070968	0.6896720152932996
agri_aa_oil__Kernelwidth	agri_aa_oil	genotype_pca_ridge	val	68	0.09836380138219225	0.31703693229325136	0.2799908385800833	0.46770055415614	0.5648106165842699
agri_aa_oil__Kernelwidth	agri_aa_oil	genotype_pca_ridge	test	70	0.028623259659634193	0.22068735757127733	0.2576699997474134	0.49019319817597573	0.6716189813982817
agri_aa_oil__Kernelwidth	agri_aa_oil	genotype_pca_population_ridge	val	68	0.08787669612925231	0.297829460132754	0.2626977920361092	0.4729835181596054	0.5680858312894865
agri_aa_oil__Kernelwidth	agri_aa_oil	genotype_pca_population_ridge	test	70	0.023284520913014695	0.2117820380588508	0.21655337725767201	0.4897480623346396	0.6734620794272603
agri_aa_oil__Kernelthickness	agri_aa_oil	mean_baseline	val	68	-0.024845850695675242			0.25368358384402573	0.3164611149744599
agri_aa_oil__Kernelthickness	agri_aa_oil	mean_baseline	test	70	-0.0005918183965551993			0.27311874252249996	0.33410105007637936
agri_aa_oil__Kernelthickness	agri_aa_oil	population_ridge	val	68	-0.03387884876473102	0.040727900723351404	0.022941996072355874	0.25515758980473263	0.31785270051502007
agri_aa_oil__Kernelthickness	agri_aa_oil	population_ridge	test	70	0.051536820049972065	0.24957751391991723	0.28510690419733	0.2619760406885332	0.3252816804030002
agri_aa_oil__Kernelthickness	agri_aa_oil	genotype_pca_ridge	val	68	0.09523270578434484	0.3222985530694033	0.2355849064235346	0.24588312751014912	0.2973442379006662
agri_aa_oil__Kernelthickness	agri_aa_oil	genotype_pca_ridge	test	70	0.08545003284558839	0.29841516896978265	0.3256290023943853	0.2533360860083136	0.31941336652104124
agri_aa_oil__Kernelthickness	agri_aa_oil	genotype_pca_population_ridge	val	68	0.086432548083895	0.308416946659492	0.21119233489236086	0.2451814459946135	0.2987867879503816
agri_aa_oil__Kernelthickness	agri_aa_oil	genotype_pca_population_ridge	test	70	0.10578082694431568	0.33218175373543324	0.3540784547555303	0.24760376285285354	0.3158430723559319
agri_aa_oil__Silkingtime	agri_aa_oil	mean_baseline	val	68	-0.019958886654385166			2.751886181968114	3.4774529723908114
agri_aa_oil__Silkingtime	agri_aa_oil	mean_baseline	test	70	-0.00022316300089197938			2.4483210106809086	3.2628023368383783
agri_aa_oil__Silkingtime	agri_aa_oil	population_ridge	val	68	0.1564812839028693	0.4704903247497545	0.4992841780117561	2.422093935439634	3.1624035873440364
agri_aa_oil__Silkingtime	agri_aa_oil	population_ridge	test	70	0.10418849644864925	0.3988491294022806	0.30104215815264873	2.401172818425048	3.0878104199621412
agri_aa_oil__Silkingtime	agri_aa_oil	genotype_pca_ridge	val	68	0.33168617234071407	0.5902149876582494	0.5641094214942429	2.1202473382318536	2.8148817532121644
agri_aa_oil__Silkingtime	agri_aa_oil	genotype_pca_ridge	test	70	0.428450895040803	0.6570946850923038	0.5790012674386922	2.093718580377356	2.466431653385571
agri_aa_oil__Silkingtime	agri_aa_oil	genotype_pca_population_ridge	val	68	0.30400137597900667	0.5681870715708857	0.5507091503150009	2.2479195562059915	2.8725931656788686
agri_aa_oil__Silkingtime	agri_aa_oil	genotype_pca_population_ridge	test	70	0.3519360141272877	0.5951184091899957	0.5021744406574965	2.1395439525759223	2.626341853346305
agri_aa_oil__Pollenshed	agri_aa_oil	mean_baseline	val	68	-0.01729550300267091			2.8914762479384306	3.5048923133374923
agri_aa_oil__Pollenshed	agri_aa_oil	mean_baseline	test	70	-0.0009277514315018109			2.6027112109479327	3.424488668799342
agri_aa_oil__Pollenshed	agri_aa_oil	population_ridge	val	68	0.3443174604085202	0.6129379712483891	0.6409514992116419	2.082511197523515	2.8138304562390974
agri_aa_oil__Pollenshed	agri_aa_oil	population_ridge	test	70	0.14257276841404998	0.4419947212490146	0.35563799524858386	2.3737012495191583	3.1695164086827754
agri_aa_oil__Pollenshed	agri_aa_oil	genotype_pca_ridge	val	68	0.4226693268146793	0.6541291325326941	0.6001737425452908	2.0075308436829866	2.640361749383
agri_aa_oil__Pollenshed	agri_aa_oil	genotype_pca_ridge	test	70	0.40540496443414986	0.6406528970042389	0.6053755207449324	2.0244128401126713	2.639398756031368
agri_aa_oil__Pollenshed	agri_aa_oil	genotype_pca_population_ridge	val	68	0.4401414800523118	0.6829964826920084	0.6589158573684939	2.020652328613442	2.6001012643175847
agri_aa_oil__Pollenshed	agri_aa_oil	genotype_pca_population_ridge	test	70	0.3443519376558154	0.5869225650721772	0.5464583228507196	2.121921299731973	2.7715949368004558
agri_aa_oil__Headingdate	agri_aa_oil	mean_baseline	val	68	-0.009614579715517824			2.9411928119846085	3.5906447754520627
agri_aa_oil__Headingdate	agri_aa_oil	mean_baseline	test	70	-0.0036533865870773674			2.64048470493992	3.433671839856697
agri_aa_oil__Headingdate	agri_aa_oil	population_ridge	val	68	0.2968526607644286	0.5676388981440565	0.5821149091217688	2.3449998579572027	2.996524302876541
agri_aa_oil__Headingdate	agri_aa_oil	population_ridge	test	70	0.17743058290588798	0.471041315223551	0.4015259629069455	2.408513597609396	3.108516585174228
agri_aa_oil__Headingdate	agri_aa_oil	genotype_pca_ridge	val	68	0.43879769765163046	0.6639102372665041	0.6233632390759328	2.1133299593528014	2.6770369000915952
agri_aa_oil__Headingdate	agri_aa_oil	genotype_pca_ridge	test	70	0.3261432423288859	0.5842752882297859	0.5354496148627901	2.1596945022863734	2.8135245146263705
agri_aa_oil__Headingdate	agri_aa_oil	genotype_pca_population_ridge	val	68	0.4222191184026717	0.6667749427449046	0.633460585927276	2.144913939090642	2.7162905272960423
agri_aa_oil__Headingdate	agri_aa_oil	genotype_pca_population_ridge	test	70	0.3066103023801259	0.5582158089612339	0.5160426724847641	2.2137790729977604	2.8540107321680814
agri_aa_oil__Oil_C16_0	agri_aa_oil	mean_baseline	val	67	-0.000907997641714342			0.13106224996810065	0.19713730418443606
agri_aa_oil__Oil_C16_0	agri_aa_oil	mean_baseline	test	67	-0.004376579431851324			0.12742846580099507	0.17608693339180892
agri_aa_oil__Oil_C16_0	agri_aa_oil	population_ridge	val	67	0.16163873632530568	0.41050446343867075	0.19339133210950596	0.12647302308307748	0.1804211037911641
agri_aa_oil__Oil_C16_0	agri_aa_oil	population_ridge	test	67	0.1819751710877322	0.4319368706569112	0.17339771729587358	0.11976146532755973	0.15891397259915382
agri_aa_oil__Oil_C16_0	agri_aa_oil	genotype_pca_ridge	val	67	0.5342924904344211	0.7314325504543941	0.3858248862638679	0.10436348183866961	0.13447091318280519
agri_aa_oil__Oil_C16_0	agri_aa_oil	genotype_pca_ridge	test	67	0.6857995291855487	0.8299767321728122	0.6859685529571395	0.07462393041585128	0.09848775940270191
agri_aa_oil__Oil_C16_0	agri_aa_oil	genotype_pca_population_ridge	val	67	0.5413531958278549	0.7359977806906133	0.39025460930640915	0.10581365859056613	0.13344764667827597
agri_aa_oil__Oil_C16_0	agri_aa_oil	genotype_pca_population_ridge	test	67	0.6777891208446669	0.8261322589379528	0.6824567004549447	0.0749576445103294	0.09973530992411872
agri_aa_oil__Oil_C16_1	agri_aa_oil	mean_baseline	val	67	-5.7854167887505525e-06			0.001933173156228661	0.0024544820886264226
agri_aa_oil__Oil_C16_1	agri_aa_oil	mean_baseline	test	67	-0.008819341507908973			0.0017661226690566776	0.0022097983510983225
agri_aa_oil__Oil_C16_1	agri_aa_oil	population_ridge	val	67	0.08265810318221622	0.2913844882172399	0.40174794476813797	0.0017577453747515447	0.0023508462452706018
agri_aa_oil__Oil_C16_1	agri_aa_oil	population_ridge	test	67	0.030288404262399315	0.2372326299370003	0.19187485034719454	0.0017218854051087985	0.0021665426335600274
agri_aa_oil__Oil_C16_1	agri_aa_oil	genotype_pca_ridge	val	67	0.4047989742497522	0.6400765933789274	0.5893527017319818	0.0014032605119821287	0.0018936095989918746
agri_aa_oil__Oil_C16_1	agri_aa_oil	genotype_pca_ridge	test	67	0.5364480256381852	0.7472883307339214	0.664298826722005	0.0011153947954166499	0.0014979425684250609
agri_aa_oil__Oil_C16_1	agri_aa_oil	genotype_pca_population_ridge	val	67	0.43107675419010993	0.6590801883503018	0.5900710351983399	0.0013842007701777234	0.001851336870623431
agri_aa_oil__Oil_C16_1	agri_aa_oil	genotype_pca_population_ridge	test	67	0.5257291686345023	0.7445930472317249	0.6631415116928726	0.0011221586083737813	0.0015151622898668987
agri_aa_oil__Oil_C18_0	agri_aa_oil	mean_baseline	val	67	-9.357005666288387e-06			0.03297508288849869	0.05090884643931523
agri_aa_oil__Oil_C18_0	agri_aa_oil	mean_baseline	test	67	-0.07243813511310249			0.030711660205443372	0.04172291385462655
agri_aa_oil__Oil_C18_0	agri_aa_oil	population_ridge	val	67	0.21184455644000788	0.4678583406030259	0.2304254130417432	0.03097915488402655	0.04519570488997137
agri_aa_oil__Oil_C18_0	agri_aa_oil	population_ridge	test	67	0.22772665334016617	0.5301340062395081	0.334264506345279	0.026969356268400357	0.035405768871865105
agri_aa_oil__Oil_C18_0	agri_aa_oil	genotype_pca_ridge	val	67	0.7589602125333722	0.8737807438080971	0.5391491739165138	0.019065523444828453	0.02499399003594906
agri_aa_oil__Oil_C18_0	agri_aa_oil	genotype_pca_ridge	test	67	0.6003093664665243	0.8167272608396187	0.48140314470428613	0.019527517568121096	0.02547126371354463
agri_aa_oil__Oil_C18_0	agri_aa_oil	genotype_pca_population_ridge	val	67	0.7612735297088855	0.8742475371447326	0.5352382472663422	0.019017044796107205	0.024873764195738373
agri_aa_oil__Oil_C18_0	agri_aa_oil	genotype_pca_population_ridge	test	67	0.5778280569391898	0.8126235791042038	0.4820815707558465	0.01948388962213216	0.02617780271907815
agri_aa_oil__Oil_C18_1	agri_aa_oil	mean_baseline	val	67	-0.004504926523389408			0.500135109267486	0.7891313066416961
agri_aa_oil__Oil_C18_1	agri_aa_oil	mean_baseline	test	67	-0.012259873438681845			0.4906126927898743	0.7043793392016348
agri_aa_oil__Oil_C18_1	agri_aa_oil	population_ridge	val	67	0.23755680995433515	0.49516366966474956	0.29619283262830237	0.4628439425262504	0.6875067754376404
agri_aa_oil__Oil_C18_1	agri_aa_oil	population_ridge	test	67	0.1314076453245242	0.3860216115471281	0.03336259877085163	0.5098851867507858	0.6524820960443626
agri_aa_oil__Oil_C18_1	agri_aa_oil	genotype_pca_ridge	val	67	0.7359922670567933	0.859282144114364	0.4817623114374652	0.2839632185105234	0.4045587153472452
agri_aa_oil__Oil_C18_1	agri_aa_oil	genotype_pca_ridge	test	67	0.7551772964010457	0.8867467994809028	0.6316545614175114	0.26680506676064303	0.34640682724204114
agri_aa_oil__Oil_C18_1	agri_aa_oil	genotype_pca_population_ridge	val	67	0.770732870148764	0.8970172337559889	0.5364354697102722	0.26622819365834255	0.37700241718472277
agri_aa_oil__Oil_C18_1	agri_aa_oil	genotype_pca_population_ridge	test	67	0.767657477681241	0.877589573446752	0.5934631654561418	0.26037854769654795	0.3374620558272473
agri_aa_oil__Oil_C18_2	agri_aa_oil	mean_baseline	val	67	-0.00016067812608144827			0.4530150424136671	0.7252332933909386
agri_aa_oil__Oil_C18_2	agri_aa_oil	mean_baseline	test	67	-0.012579845894435282			0.4245696842275389	0.7055473259096633
agri_aa_oil__Oil_C18_2	agri_aa_oil	population_ridge	val	67	0.24638349536941195	0.497674768471939	0.2071992976294996	0.45046400514208007	0.6295323404689078
agri_aa_oil__Oil_C18_2	agri_aa_oil	population_ridge	test	67	0.3251168608758339	0.5997692791856578	0.20388698220129303	0.4035796722566977	0.5760043983786812
agri_aa_oil__Oil_C18_2	agri_aa_oil	genotype_pca_ridge	val	67	0.710736713340379	0.8462966699993902	0.3714981243515046	0.3094360181633944	0.39002235770222693
agri_aa_oil__Oil_C18_2	agri_aa_oil	genotype_pca_ridge	test	67	0.7944477584846058	0.8958308671670855	0.5081411126187246	0.25207577760422634	0.31788689122443947
agri_aa_oil__Oil_C18_2	agri_aa_oil	genotype_pca_population_ridge	val	67	0.7104521086166996	0.844249810058843	0.3403304333945248	0.30666107818906857	0.39021418106912736
agri_aa_oil__Oil_C18_2	agri_aa_oil	genotype_pca_population_ridge	test	67	0.7932323891817094	0.8945415668877361	0.4901827759597734	0.24803792901113642	0.3188252914957051
agri_aa_oil__Oil_C18_3	agri_aa_oil	mean_baseline	val	67	-0.01526489282607102			0.006769825282362698	0.009325582751034102
agri_aa_oil__Oil_C18_3	agri_aa_oil	mean_baseline	test	67	-0.015031660748819453			0.008297261356599354	0.010604209444991066
agri_aa_oil__Oil_C18_3	agri_aa_oil	population_ridge	val	67	0.02550476534639301	0.20495370147289066	0.15128900949796473	0.006677614144819067	0.009136422099604132
agri_aa_oil__Oil_C18_3	agri_aa_oil	population_ridge	test	67	-0.013887877727066122	0.07750300246803704	0.06788251257083568	0.008342387847817169	0.010598233112444665
agri_aa_oil__Oil_C18_3	agri_aa_oil	genotype_pca_ridge	val	67	0.2539303171985543	0.5479641149456285	0.44572591587516963	0.005907283239930312	0.007994218088227714
agri_aa_oil__Oil_C18_3	agri_aa_oil	genotype_pca_ridge	test	67	0.21012523083565404	0.5406229121681004	0.5077819458855456	0.007271062534413122	0.009354436326930973
agri_aa_oil__Oil_C18_3	agri_aa_oil	genotype_pca_population_ridge	val	67	0.2812926481438095	0.5837711392519034	0.4729826801819779	0.005679675455655194	0.00784625357355436
agri_aa_oil__Oil_C18_3	agri_aa_oil	genotype_pca_population_ridge	test	67	0.20238577995689588	0.5114993236534248	0.49457259158751704	0.007332014938171412	0.009400153522572497
agri_aa_oil__Oil_C20_0	agri_aa_oil	mean_baseline	val	67	-0.01215570692109913			0.007208923029850746	0.009941594535399662
agri_aa_oil__Oil_C20_0	agri_aa_oil	mean_baseline	test	67	-0.0578079622223695			0.006292175701492538	0.008460206541080218
agri_aa_oil__Oil_C20_0	agri_aa_oil	population_ridge	val	67	0.15424973736661496	0.405100557116759	0.20528374171921146	0.006737673198124155	0.009087688938119788
agri_aa_oil__Oil_C20_0	agri_aa_oil	population_ridge	test	67	0.21869837074690623	0.5101887533530455	0.3558943251656158	0.005738869175791692	0.007270878958989013
agri_aa_oil__Oil_C20_0	agri_aa_oil	genotype_pca_ridge	val	67	0.7152862973672547	0.8685580474213006	0.6127783542182138	0.0040810984232649205	0.005272742555166212
agri_aa_oil__Oil_C20_0	agri_aa_oil	genotype_pca_ridge	test	67	0.7106384597448796	0.8540986154200004	0.6332109505946205	0.003518488457386676	0.004424843893718465
agri_aa_oil__Oil_C20_0	agri_aa_oil	genotype_pca_population_ridge	val	67	0.7139080462935974	0.8625878440007454	0.6066326123393727	0.004103680795785438	0.005285489376737156
agri_aa_oil__Oil_C20_0	agri_aa_oil	genotype_pca_population_ridge	test	67	0.6952679368318753	0.8486652074153735	0.6192034480006386	0.003582844752232803	0.004540844458499375
agri_aa_oil__Oil_C20_1	agri_aa_oil	mean_baseline	val	67	-0.02046980523081654			0.003971272232904106	0.006005110467621837
agri_aa_oil__Oil_C20_1	agri_aa_oil	mean_baseline	test	67	-0.002122608409616644			0.004139314016534972	0.0060853861608484985
agri_aa_oil__Oil_C20_1	agri_aa_oil	population_ridge	val	67	0.2003645254526023	0.46932185907913737	0.2019714262910049	0.0037708575795068525	0.005315779375459506
agri_aa_oil__Oil_C20_1	agri_aa_oil	population_ridge	test	67	0.22795247004804398	0.4867688233052183	0.1379200255407455	0.003995914933597565	0.005341333945617702
agri_aa_oil__Oil_C20_1	agri_aa_oil	genotype_pca_ridge	val	67	0.6883091967423156	0.8547924818654536	0.5734695506425094	0.0024560456839569015	0.0033188140163482255
agri_aa_oil__Oil_C20_1	agri_aa_oil	genotype_pca_ridge	test	67	0.7092927018905213	0.8422448660096392	0.562175752254769	0.002558243996215456	0.003277597953586981
agri_aa_oil__Oil_C20_1	agri_aa_oil	genotype_pca_population_ridge	val	67	0.695434173775582	0.8552421164544004	0.550722324207838	0.0024429891981165943	0.003280662144791247
agri_aa_oil__Oil_C20_1	agri_aa_oil	genotype_pca_population_ridge	test	67	0.7007746800096599	0.8375809682947283	0.5314869502753612	0.0025758552849593098	0.0033252697568355097
agri_aa_oil__Oil_C22_0	agri_aa_oil	mean_baseline	val	67	-0.06610620036677939			0.0018234432207101746	0.002178459885601697
agri_aa_oil__Oil_C22_0	agri_aa_oil	mean_baseline	test	67	-0.043969227149174506			0.0017879192805092185	0.0021545657886183423
agri_aa_oil__Oil_C22_0	agri_aa_oil	population_ridge	val	67	-0.043802705057989666	0.22570916154373213	0.1590709553835103	0.0018310160519449967	0.0021555521860866927
agri_aa_oil__Oil_C22_0	agri_aa_oil	population_ridge	test	67	0.14467847187548277	0.4196877461762517	0.40777396440258606	0.0016098923648507437	0.0019502065582442053
agri_aa_oil__Oil_C22_0	agri_aa_oil	genotype_pca_ridge	val	67	0.3710089098991626	0.6612773294918393	0.5844440897118686	0.0013517111356937499	0.0016732914015860339
agri_aa_oil__Oil_C22_0	agri_aa_oil	genotype_pca_ridge	test	67	0.37476669157181874	0.6239729034467698	0.5800542740841249	0.001214503852035012	0.0016673891232398816
agri_aa_oil__Oil_C22_0	agri_aa_oil	genotype_pca_population_ridge	val	67	0.31586353223359387	0.6270838650128427	0.5470508420464524	0.0013928375049222404	0.00174510154545553
agri_aa_oil__Oil_C22_0	agri_aa_oil	genotype_pca_population_ridge	test	67	0.3651089741885407	0.6216095504028424	0.5706361241918749	0.0012301003899074492	0.0016802175055763173
agri_aa_oil__Oil_C24_0	agri_aa_oil	mean_baseline	val	67	-0.022265946335522147			0.001912892996780802	0.002460556963354119
agri_aa_oil__Oil_C24_0	agri_aa_oil	mean_baseline	test	67	-0.0003172785309499826			0.001984241242610477	0.002442561792438602
agri_aa_oil__Oil_C24_0	agri_aa_oil	population_ridge	val	67	-0.06985863023319272	0.20645398607530943	0.2233618006225557	0.0019805250173352564	0.0025171823269318112
agri_aa_oil__Oil_C24_0	agri_aa_oil	population_ridge	test	67	0.036324658790583775	0.2632388886081153	0.19566605475297316	0.0019615072575067064	0.0023974085360340502
agri_aa_oil__Oil_C24_0	agri_aa_oil	genotype_pca_ridge	val	67	0.013386452555172235	0.35533671239452685	0.3398515444169527	0.0018685838655519364	0.0024172691753759088
agri_aa_oil__Oil_C24_0	agri_aa_oil	genotype_pca_ridge	test	67	0.13649574371626783	0.48013859274183024	0.46683693830313683	0.0017380920249265546	0.002269388843280883
agri_aa_oil__Oil_C24_0	agri_aa_oil	genotype_pca_population_ridge	val	67	0.007845753775032493	0.3724781943274251	0.3714981243515046	0.001932738794064594	0.002424047213829022
agri_aa_oil__Oil_C24_0	agri_aa_oil	genotype_pca_population_ridge	test	67	0.10736250192374452	0.47076849842374985	0.46009258520233065	0.0017582696952203204	0.0023073540393243348
agri_aa_oil__Oil_OIL	agri_aa_oil	mean_baseline	val	67	-0.0005491924380240931			0.9784909097056381	1.685270215125466
agri_aa_oil__Oil_OIL	agri_aa_oil	mean_baseline	test	67	-0.013843160147368527			0.9704083059179103	1.5440785074250685
agri_aa_oil__Oil_OIL	agri_aa_oil	population_ridge	val	67	0.24508651158442352	0.4979016682135012	0.16266262271530052	0.9617580315638011	1.4638578803658437
agri_aa_oil__Oil_OIL	agri_aa_oil	population_ridge	test	67	0.24408113562872213	0.5086323682328454	0.08324686726793838	0.9737562030594669	1.3332806674768498
agri_aa_oil__Oil_OIL	agri_aa_oil	genotype_pca_ridge	val	67	0.7416311575352985	0.8628622621459917	0.3350227472264347	0.5966008962613704	0.8563876430160471
agri_aa_oil__Oil_OIL	agri_aa_oil	genotype_pca_ridge	test	67	0.8300541866240254	0.9248291008095239	0.688921701652167	0.4858008397281914	0.6321777773572181
agri_aa_oil__Oil_OIL	agri_aa_oil	genotype_pca_population_ridge	val	67	0.7543051091082237	0.8697305282729927	0.3419267299864315	0.5912612470213052	0.8351190397496643
agri_aa_oil__Oil_OIL	agri_aa_oil	genotype_pca_population_ridge	test	67	0.8271520389356026	0.924294437607209	0.6912363317104319	0.4889825582548574	0.6375527459399138
agri_aa_oil__Oil_C16_0P	agri_aa_oil	mean_baseline	val	67	-0.01931836390424091			1.3629798005267777	1.634702792022171
agri_aa_oil__Oil_C16_0P	agri_aa_oil	mean_baseline	test	67	-0.03246552779986267			1.3742935482850456	1.768055013094526
agri_aa_oil__Oil_C16_0P	agri_aa_oil	population_ridge	val	67	0.17577994350091442	0.4417656613569779	0.328837097932796	1.2220964174823234	1.4699598385464483
agri_aa_oil__Oil_C16_0P	agri_aa_oil	population_ridge	test	67	0.15883438397129812	0.4555332208756446	0.3157075584643627	1.2505761905687092	1.5958745532196938
agri_aa_oil__Oil_C16_0P	agri_aa_oil	genotype_pca_ridge	val	67	0.2080792542303499	0.47537422525526696	0.36495330832468675	1.1480487953099532	1.4408698047502901
agri_aa_oil__Oil_C16_0P	agri_aa_oil	genotype_pca_ridge	test	67	0.3580257632294218	0.6046106505632948	0.4811637002155001	1.1221706977628134	1.3941734040864155
agri_aa_oil__Oil_C16_0P	agri_aa_oil	genotype_pca_population_ridge	val	67	0.2721746200365702	0.564530951945272	0.4258121158911326	1.1316133991572856	1.38133010823251
agri_aa_oil__Oil_C16_0P	agri_aa_oil	genotype_pca_population_ridge	test	67	0.3476119471961622	0.6245024869813459	0.5110144464841568	1.1142900134973737	1.4054357402350182
agri_aa_oil__Oil_C16_1P	agri_aa_oil	mean_baseline	val	67	-0.0038737968115347687			0.035576764357184675	0.046753961531616074
agri_aa_oil__Oil_C16_1P	agri_aa_oil	mean_baseline	test	67	-0.007528011708102245			0.02916796035718467	0.04092620093300208
agri_aa_oil__Oil_C16_1P	agri_aa_oil	population_ridge	val	67	0.20212075114397576	0.461052493974919	0.4758560140474101	0.0310272250585755	0.041681893638369896
agri_aa_oil__Oil_C16_1P	agri_aa_oil	population_ridge	test	67	0.028332651535152298	0.22240984612993447	0.20544337137840213	0.027237707393002724	0.040191264665852405
agri_aa_oil__Oil_C16_1P	agri_aa_oil	genotype_pca_ridge	val	67	0.24425287793372452	0.5723913156600681	0.5723920504429724	0.029800876919335043	0.0405664596263966
agri_aa_oil__Oil_C16_1P	agri_aa_oil	genotype_pca_ridge	test	67	0.29164592916922794	0.5709610432802403	0.465001197222444	0.024146145894630933	0.0343161110432994
agri_aa_oil__Oil_C16_1P	agri_aa_oil	genotype_pca_population_ridge	val	67	0.2859367910221686	0.5927789998135199	0.5909489983238887	0.028748796388912572	0.03943185286388643
agri_aa_oil__Oil_C16_1P	agri_aa_oil	genotype_pca_population_ridge	test	67	0.29132999157648987	0.5510428866480737	0.4484795274962089	0.023631222196483816	0.03432376296578515
agri_aa_oil__Oil_C18_0P	agri_aa_oil	mean_baseline	val	67	-6.269390117319418e-05			0.32675158809652716	0.4209606644705877
agri_aa_oil__Oil_C18_0P	agri_aa_oil	mean_baseline	test	67	-0.11965561633504196			0.33520581223505025	0.4025814561235732
agri_aa_oil__Oil_C18_0P	agri_aa_oil	population_ridge	val	67	0.07891199100399837	0.2845048907399367	0.3030569079735015	0.3116405559065147	0.4039973042069804
agri_aa_oil__Oil_C18_0P	agri_aa_oil	population_ridge	test	67	0.0017252401748130142	0.34421938717904843	0.31882033681858096	0.3054593721439369	0.3801338815290675
agri_aa_oil__Oil_C18_0P	agri_aa_oil	genotype_pca_ridge	val	67	0.2012108380288833	0.47682142878194855	0.4395801739963286	0.29573222019705886	0.3762218240741897
agri_aa_oil__Oil_C18_0P	agri_aa_oil	genotype_pca_ridge	test	67	0.05614945409339667	0.3617399300511093	0.40817303855056275	0.29865542396054895	0.369626543068012
agri_aa_oil__Oil_C18_0P	agri_aa_oil	genotype_pca_population_ridge	val	67	0.22508684419845637	0.49718547930151175	0.4748583286774683	0.28666013989376005	0.3705564865053691
agri_aa_oil__Oil_C18_0P	agri_aa_oil	genotype_pca_population_ridge	test	67	0.0965308756040596	0.4128617705364998	0.46224758560140483	0.28802944909562944	0.36163311525008796
agri_aa_oil__Oil_C18_1P	agri_aa_oil	mean_baseline	val	67	-0.02100439587474634			5.414549268766462	6.288117871554174
agri_aa_oil__Oil_C18_1P	agri_aa_oil	mean_baseline	test	67	-0.007574671927710996			5.043484783472345	6.1897151598658
agri_aa_oil__Oil_C18_1P	agri_aa_oil	population_ridge	val	67	0.16293333738028237	0.4385691752567795	0.334743395322851	4.730484923460878	5.693599189397649
agri_aa_oil__Oil_C18_1P	agri_aa_oil	population_ridge	test	67	0.013234235946928963	0.20823951778373143	0.2805092186128183	4.965815361381838	6.1254652392121205
agri_aa_oil__Oil_C18_1P	agri_aa_oil	genotype_pca_ridge	val	67	0.4491143791839859	0.6884579517644052	0.6140154840769416	3.7617389322253696	4.61888964698933
agri_aa_oil__Oil_C18_1P	agri_aa_oil	genotype_pca_ridge	test	67	0.3532172045045	0.5989336690753077	0.5433793598850667	3.790622561928661	4.959195995221587
agri_aa_oil__Oil_C18_1P	agri_aa_oil	genotype_pca_population_ridge	val	67	0.4602443797302106	0.6929850092951978	0.6259078936866471	3.7140963485703287	4.571991924580886
agri_aa_oil__Oil_C18_1P	agri_aa_oil	genotype_pca_population_ridge	test	67	0.3493391999183041	0.5970206817229022	0.5317663021789449	3.7762742007750827	4.9740410431905895
agri_aa_oil__Oil_C18_2P	agri_aa_oil	mean_baseline	val	67	-0.013381476552952964			5.050264591968101	5.953613507599053
agri_aa_oil__Oil_C18_2P	agri_aa_oil	mean_baseline	test	67	-0.00220745658750765			4.714374380709687	5.798379316029609
agri_aa_oil__Oil_C18_2P	agri_aa_oil	population_ridge	val	67	0.16824390132373968	0.42701518033568947	0.3555750658472345	4.529083956531232	5.393766655912041
agri_aa_oil__Oil_C18_2P	agri_aa_oil	population_ridge	test	67	0.10308135623741055	0.3322554730858176	0.3655120121318542	4.352083316553807	5.485349872146846
agri_aa_oil__Oil_C18_2P	agri_aa_oil	genotype_pca_ridge	val	67	0.40083160054644873	0.6428248239704378	0.5881554792880519	3.62813863679972	4.577924304165884
agri_aa_oil__Oil_C18_2P	agri_aa_oil	genotype_pca_ridge	test	67	0.3782228420993937	0.6191740930805371	0.5976933514246948	3.4237845783965257	4.567149094092358
agri_aa_oil__Oil_C18_2P	agri_aa_oil	genotype_pca_population_ridge	val	67	0.3621353960881506	0.6634710423078326	0.6078298347833028	3.9037054336960786	4.723440062175301
agri_aa_oil__Oil_C18_2P	agri_aa_oil	genotype_pca_population_ridge	test	67	0.3265250109272212	0.5958478952167248	0.5524383430441377	3.683415136083381	4.7532268706179694
agri_aa_oil__Oil_C18_3P	agri_aa_oil	mean_baseline	val	67	-0.01938931784904918			0.2166492604104966	0.2804568325332054
agri_aa_oil__Oil_C18_3P	agri_aa_oil	mean_baseline	test	67	-0.06200512082250653			0.2800111918177739	0.3583264142754425
agri_aa_oil__Oil_C18_3P	agri_aa_oil	population_ridge	val	67	0.1874614531083597	0.44804422525114124	0.3689440498044537	0.19100286191724022	0.2503905719639227
agri_aa_oil__Oil_C18_3P	agri_aa_oil	population_ridge	test	67	0.017435586621806665	0.2775751658135568	0.12131854098491501	0.2786064589903672	0.3446640870607131
agri_aa_oil__Oil_C18_3P	agri_aa_oil	genotype_pca_ridge	val	67	0.38092581936957914	0.6254975710258757	0.4950514805650891	0.17043803931229357	0.21855831381960905
agri_aa_oil__Oil_C18_3P	agri_aa_oil	genotype_pca_ridge	test	67	0.45550010912404637	0.6970528973809287	0.6021629818820338	0.20480810501475435	0.2565750467810515
agri_aa_oil__Oil_C18_3P	agri_aa_oil	genotype_pca_population_ridge	val	67	0.38737942473625475	0.6307284788506108	0.507263149493176	0.16974205938865794	0.21741613701269075
agri_aa_oil__Oil_C18_3P	agri_aa_oil	genotype_pca_population_ridge	test	67	0.45195652970540623	0.6941523915257505	0.5938223321893209	0.2060638823775782	0.257408581935365
agri_aa_oil__Oil_C20_0P	agri_aa_oil	mean_baseline	val	67	-0.0419862192401077			0.08643508998936691	0.10244879576675624
agri_aa_oil__Oil_C20_0P	agri_aa_oil	mean_baseline	test	67	-0.062297258570105374			0.07096098770588237	0.08605349721967497
agri_aa_oil__Oil_C20_0P	agri_aa_oil	population_ridge	val	67	0.02996149542684834	0.27427104408707953	0.22655439380636924	0.08204471073798056	0.0988485622626144
agri_aa_oil__Oil_C20_0P	agri_aa_oil	population_ridge	test	67	-0.027625966432840654	0.2435924192015761	0.21645781786255888	0.06827837196619606	0.08463753945248073
agri_aa_oil__Oil_C20_0P	agri_aa_oil	genotype_pca_ridge	val	67	0.26908098899838495	0.5476847168911289	0.5002793519035837	0.069852583750871	0.0858045857962998
agri_aa_oil__Oil_C20_0P	agri_aa_oil	genotype_pca_ridge	test	67	0.30344029161795416	0.5605030570491426	0.4807646260675234	0.057513209147532676	0.06968265174882801
agri_aa_oil__Oil_C20_0P	agri_aa_oil	genotype_pca_population_ridge	val	67	0.22414239747343712	0.5157402382187217	0.46667730864394613	0.0736993653715758	0.0884029749646605
agri_aa_oil__Oil_C20_0P	agri_aa_oil	genotype_pca_population_ridge	test	67	0.22664236653630399	0.5144158262615192	0.4752174954106474	0.06140823096463509	0.07342360140950405
agri_aa_oil__Oil_C20_1P	agri_aa_oil	mean_baseline	val	67	-0.09295624153551474			0.04195906537796313	0.04953893730305007
agri_aa_oil__Oil_C20_1P	agri_aa_oil	mean_baseline	test	67	-0.011837203823338749			0.04596912604453223	0.05913709392951259
agri_aa_oil__Oil_C20_1P	agri_aa_oil	population_ridge	val	67	-0.06484641642035704	0.15799036871079408	0.1774283661904382	0.04163797027909668	0.04889773983911755
agri_aa_oil__Oil_C20_1P	agri_aa_oil	population_ridge	test	67	0.02554822310645677	0.2031767170993497	0.2026099449277676	0.04560057643338913	0.05803431103462436
agri_aa_oil__Oil_C20_1P	agri_aa_oil	genotype_pca_ridge	val	67	0.1632756096596759	0.5390225262321268	0.5312475057865752	0.03616584929971389	0.04334475106544594
agri_aa_oil__Oil_C20_1P	agri_aa_oil	genotype_pca_ridge	test	67	0.12403157357133743	0.3767222668636557	0.3534200654481603	0.04207648722908761	0.05502358505646475
agri_aa_oil__Oil_C20_1P	agri_aa_oil	genotype_pca_population_ridge	val	67	0.15701136884233102	0.5109945841037754	0.49828398116370026	0.03621875633251843	0.04350670143987878
agri_aa_oil__Oil_C20_1P	agri_aa_oil	genotype_pca_population_ridge	test	67	0.14203895757793483	0.40003194128976527	0.36511293798387745	0.041980488897741274	0.05445508511188746
agri_aa_oil__Oil_C22_0P	agri_aa_oil	mean_baseline	val	67	-0.05124141265178461			0.03803380569841965	0.04544323823058594
agri_aa_oil__Oil_C22_0P	agri_aa_oil	mean_baseline	test	67	-0.0010437723433589507			0.036892301666812996	0.04789107077773095
agri_aa_oil__Oil_C22_0P	agri_aa_oil	population_ridge	val	67	0.026710649046133295	0.31586801335631537	0.2635485673238088	0.03674898051079503	0.043725927096537665
agri_aa_oil__Oil_C22_0P	agri_aa_oil	population_ridge	test	67	0.014609841991995998	0.20549866923851773	0.1921542022507782	0.037401031396145624	0.04751515205709539
agri_aa_oil__Oil_C22_0P	agri_aa_oil	genotype_pca_ridge	val	67	0.1775090487581934	0.5116367203240537	0.5158033362598772	0.031536313309351645	0.04019607101888724
agri_aa_oil__Oil_C22_0P	agri_aa_oil	genotype_pca_ridge	test	67	0.27691584472939934	0.5314115989547393	0.47294277276718016	0.03180257041818081	0.0407026266037502
agri_aa_oil__Oil_C22_0P	agri_aa_oil	genotype_pca_population_ridge	val	67	0.20909588384381927	0.5107336675839713	0.5013169446883232	0.03195987634523585	0.03941667245007304
agri_aa_oil__Oil_C22_0P	agri_aa_oil	genotype_pca_population_ridge	test	67	0.24784373252526615	0.5167613170368714	0.4370260994492777	0.03251650536299321	0.04151280243839497
agri_aa_oil__Oil_C24_0P	agri_aa_oil	mean_baseline	val	67	-0.003317916927430664			0.060386502968637214	0.07622836720488242
agri_aa_oil__Oil_C24_0P	agri_aa_oil	mean_baseline	test	67	-0.020665449293813642			0.06411158136274508	0.07727348475928224
agri_aa_oil__Oil_C24_0P	agri_aa_oil	population_ridge	val	67	0.055025094101535665	0.3104902696906951	0.2875728310320058	0.06258737642340666	0.07397883219244805
agri_aa_oil__Oil_C24_0P	agri_aa_oil	population_ridge	test	67	-0.024122985999231128	0.21356440234880444	0.18720568281586722	0.06256208928399769	0.0774042572988071
agri_aa_oil__Oil_C24_0P	agri_aa_oil	genotype_pca_ridge	val	67	0.1770995996195508	0.4854760036616398	0.4743395322850986	0.05237549313027861	0.06903526086814092
agri_aa_oil__Oil_C24_0P	agri_aa_oil	genotype_pca_ridge	test	67	0.31046614290168095	0.5867638498961353	0.5506026019634449	0.05126856020322569	0.06351357940454522
agri_aa_oil__Oil_C24_0P	agri_aa_oil	genotype_pca_population_ridge	val	67	0.13884513303809531	0.46936879336880366	0.4487189719849949	0.053624913100427635	0.07062166683139684
agri_aa_oil__Oil_C24_0P	agri_aa_oil	genotype_pca_population_ridge	test	67	0.30184456523344105	0.5789056445440119	0.5423018596855297	0.05086562456493871	0.06390941652174142
agri_aa_oil__Oil_C160_C161	agri_aa_oil	mean_baseline	val	67	-0.008041630985574422			14.020621720792606	18.715558772282492
agri_aa_oil__Oil_C160_C161	agri_aa_oil	mean_baseline	test	67	-3.850051075282579e-06			10.3065965514462	13.194670514734579
agri_aa_oil__Oil_C160_C161	agri_aa_oil	population_ridge	val	67	0.09830805030121148	0.3906612568546599	0.3846276638199378	13.174592906176066	17.700790417305576
agri_aa_oil__Oil_C160_C161	agri_aa_oil	population_ridge	test	67	-0.08432127429330083	-0.061862190021358766	-0.04772926809801262	10.602339544196727	13.739682694394498
agri_aa_oil__Oil_C160_C161	agri_aa_oil	genotype_pca_ridge	val	67	0.18068584025377132	0.5145366614541307	0.5000798148295954	12.592074482319743	16.872863536852122
agri_aa_oil__Oil_C160_C161	agri_aa_oil	genotype_pca_ridge	test	67	0.09593383562236224	0.3129617501835157	0.2777955144065768	9.544304939834374	12.545784451423843
agri_aa_oil__Oil_C160_C161	agri_aa_oil	genotype_pca_population_ridge	val	67	0.20379593680341235	0.5400810317236854	0.5163221326522468	12.322725736543296	16.633198045961468
agri_aa_oil__Oil_C160_C161	agri_aa_oil	genotype_pca_population_ridge	test	67	0.06912845273764878	0.280222305698797	0.26626227153005033	9.60077683523226	12.730415890090185
agri_aa_oil__Oil_C160_C180	agri_aa_oil	mean_baseline	val	67	-0.0028778216724303363			1.3378496369699056	1.7416646729546699
agri_aa_oil__Oil_C160_C180	agri_aa_oil	mean_baseline	test	67	-0.12008667461685296			1.572845532131158	1.8614041683106222
agri_aa_oil__Oil_C160_C180	agri_aa_oil	population_ridge	val	67	0.11042080187823222	0.34237593815214606	0.3425652486231942	1.2522101396344436	1.6403360847209605
agri_aa_oil__Oil_C160_C180	agri_aa_oil	population_ridge	test	67	0.00037309441760935425	0.33173229277206595	0.3421661744752175	1.426560963498096	1.7584654317075583
agri_aa_oil__Oil_C160_C180	agri_aa_oil	genotype_pca_ridge	val	67	0.27612931535897434	0.5853936553400557	0.5311676909569799	1.1874262789583985	1.4796909711101767
agri_aa_oil__Oil_C160_C180	agri_aa_oil	genotype_pca_ridge	test	67	0.18365051662167053	0.5270204354581333	0.5199936148136325	1.364532066019804	1.5891062214399239
agri_aa_oil__Oil_C160_C180	agri_aa_oil	genotype_pca_population_ridge	val	67	0.30476508237642574	0.5991073987329438	0.5634128821134967	1.1445738340968488	1.4501279303250683
agri_aa_oil__Oil_C160_C180	agri_aa_oil	genotype_pca_population_ridge	test	67	0.21193151251322773	0.5396400091789009	0.5455742676989386	1.3177123427510111	1.5613377049731942
agri_aa_oil__Oil_C180_C181	agri_aa_oil	mean_baseline	val	67	-0.013289755599369624			0.01471497118490879	0.017785501351373443
agri_aa_oil__Oil_C180_C181	agri_aa_oil	mean_baseline	test	67	-0.014524066905523547			0.01679992473217247	0.022192232789444925
agri_aa_oil__Oil_C180_C181	agri_aa_oil	population_ridge	val	67	-0.013939669751315442	-0.0886198370136787	-0.09402186926330913	0.014717927091119397	0.01779120416051205
agri_aa_oil__Oil_C180_C181	agri_aa_oil	population_ridge	test	67	-0.014056996153331003	0.06472549529969394	0.04202250778194589	0.016795517571107144	0.022187123725754657
agri_aa_oil__Oil_C180_C181	agri_aa_oil	genotype_pca_ridge	val	67	0.13401656673767692	0.4173837682263536	0.4389815627743635	0.013118650548968713	0.0164419785711921
agri_aa_oil__Oil_C180_C181	agri_aa_oil	genotype_pca_ridge	test	67	0.0583253877688682	0.27656438723429855	0.37708516242317824	0.016063059450244867	0.021380617956782682
agri_aa_oil__Oil_C180_C181	agri_aa_oil	genotype_pca_population_ridge	val	67	0.1213319261215825	0.39699356919932377	0.4275281347274324	0.013223160634690506	0.016561959157560383
agri_aa_oil__Oil_C180_C181	agri_aa_oil	genotype_pca_population_ridge	test	67	0.058481020105913495	0.27732386357534566	0.37596775480884354	0.01606351355175106	0.021378851076272996
agri_aa_oil__Oil_C181_C182	agri_aa_oil	mean_baseline	val	67	-0.01692196449914629			0.1705884742135889	0.19906220157921836
agri_aa_oil__Oil_C181_C182	agri_aa_oil	mean_baseline	test	67	-0.005714358268783748			0.1564214533826456	0.19620611194726098
agri_aa_oil__Oil_C181_C182	agri_aa_oil	population_ridge	val	67	0.15051125623007366	0.4295087768236033	0.3364993215739485	0.1513903746903409	0.18193816214737352
agri_aa_oil__Oil_C181_C182	agri_aa_oil	population_ridge	test	67	0.03306534244749049	0.21571330897909965	0.33494293239683937	0.15168607616372543	0.19238613506465144
agri_aa_oil__Oil_C181_C182	agri_aa_oil	genotype_pca_ridge	val	67	0.42994268305290684	0.6641635706892818	0.5842445526378802	0.11750289199291458	0.14904048367065595
agri_aa_oil__Oil_C181_C182	agri_aa_oil	genotype_pca_ridge	test	67	0.33969967035820536	0.5885245367551472	0.5684811237928008	0.1138584061825949	0.15898127060725603
agri_aa_oil__Oil_C181_C182	agri_aa_oil	genotype_pca_population_ridge	val	67	0.3856145958616737	0.6878338247902983	0.6083486311756725	0.12730416885730006	0.15472676087735743
agri_aa_oil__Oil_C181_C182	agri_aa_oil	genotype_pca_population_ridge	test	67	0.2882918266511142	0.5521077843813205	0.5201931518876208	0.12689536506882157	0.16505404923695804
agri_aa_oil__Oil_C182_C183	agri_aa_oil	mean_baseline	val	67	-0.004348907377154765			6.416139617107596	9.138722559349487
agri_aa_oil__Oil_C182_C183	agri_aa_oil	mean_baseline	test	67	-0.029817460291366116			7.499852258958149	10.10525273950598
agri_aa_oil__Oil_C182_C183	agri_aa_oil	population_ridge	val	67	0.27033568878986647	0.5281753510479525	0.3019395003591668	5.730227107621069	7.789413153379222
agri_aa_oil__Oil_C182_C183	agri_aa_oil	population_ridge	test	67	0.23057787766587912	0.518206776505352	0.227192912443132	6.795733867446194	8.734728069229368
agri_aa_oil__Oil_C182_C183	agri_aa_oil	genotype_pca_ridge	val	67	0.4107193987346037	0.6478063218102142	0.35673238087636683	5.538941657195736	7.000100246447184
agri_aa_oil__Oil_C182_C183	agri_aa_oil	genotype_pca_ridge	test	67	0.5231276009045629	0.7444999936664582	0.5436986192034481	5.424084483140871	6.876511092038396
agri_aa_oil__Oil_C182_C183	agri_aa_oil	genotype_pca_population_ridge	val	67	0.3945090266269282	0.6412701449314647	0.35836858488307133	5.604279885938083	7.09572905099702
agri_aa_oil__Oil_C182_C183	agri_aa_oil	genotype_pca_population_ridge	test	67	0.5205242172053608	0.7429331431042852	0.5273764865512013	5.414637248296858	6.895255970201107
agri_aa_oil__Oil_C180_C200	agri_aa_oil	mean_baseline	val	67	-0.054009262432057836			0.6645961551293533	0.7919783127726215
agri_aa_oil__Oil_C180_C200	agri_aa_oil	mean_baseline	test	67	-0.01757448089708169			0.6176242440798947	0.768562650547858
agri_aa_oil__Oil_C180_C200	agri_aa_oil	population_ridge	val	67	0.018851330002139344	0.2649908899760754	0.21913161465400274	0.6390603863849293	0.7641145777983448
agri_aa_oil__Oil_C180_C200	agri_aa_oil	population_ridge	test	67	0.059592153215989874	0.276361514676625	0.1288211349668769	0.6055281968488688	0.7388466253536113
agri_aa_oil__Oil_C180_C200	agri_aa_oil	genotype_pca_ridge	val	67	0.20232783117944042	0.5429690159878033	0.58304733019395	0.5626994960468413	0.6889747331812692
agri_aa_oil__Oil_C180_C200	agri_aa_oil	genotype_pca_ridge	test	67	0.07986287923598356	0.3123706697445303	0.2971506105834465	0.5782825625118443	0.7308402335956204
agri_aa_oil__Oil_C180_C200	agri_aa_oil	genotype_pca_population_ridge	val	67	0.19353159157548738	0.5215241633429418	0.5698379758959214	0.5698235701312415	0.6927631132972631
agri_aa_oil__Oil_C180_C200	agri_aa_oil	genotype_pca_population_ridge	test	67	0.09737422242745908	0.34504886584773886	0.3118365392289888	0.5796968051105937	0.7238524321839612
agri_aa_oil__Oil_C200_C201	agri_aa_oil	mean_baseline	val	67	-7.876105087389895e-05			0.21859827875178034	0.2928024681375969
agri_aa_oil__Oil_C200_C201	agri_aa_oil	mean_baseline	test	67	-0.14714191878633676			0.2050659238500146	0.24954163654540015
agri_aa_oil__Oil_C200_C201	agri_aa_oil	population_ridge	val	67	0.033023955939924576	0.18829148679088548	0.18381355255806534	0.20670318694609727	0.2879157935448268
agri_aa_oil__Oil_C200_C201	agri_aa_oil	population_ridge	test	67	-0.1868906423720007	0.06785549712465903	0.1333306728390135	0.2017819769339194	0.2538281572339664
agri_aa_oil__Oil_C200_C201	agri_aa_oil	genotype_pca_ridge	val	67	0.2074737085523135	0.5224099729434724	0.4770931439061379	0.18967240695570464	0.2606540458584673
agri_aa_oil__Oil_C200_C201	agri_aa_oil	genotype_pca_ridge	test	67	0.09505504443280066	0.44375247177532257	0.4818022188522629	0.17694050096925984	0.2216386650445567
agri_aa_oil__Oil_C200_C201	agri_aa_oil	genotype_pca_population_ridge	val	67	0.21010277620253748	0.49583244401290366	0.45390693590869197	0.18862187207037154	0.2602213495594982
agri_aa_oil__Oil_C200_C201	agri_aa_oil	genotype_pca_population_ridge	test	67	0.07349505707657122	0.4101701749077541	0.46412323409689527	0.17890590402446088	0.22426335464351835
agri_aa_oil__Oil_C200_C220	agri_aa_oil	mean_baseline	val	67	-0.0007435909288553422			0.36145847032152967	0.4891245081727705
agri_aa_oil__Oil_C200_C220	agri_aa_oil	mean_baseline	test	67	-0.0281299682293632			0.35342778500838945	0.45427710324532095
agri_aa_oil__Oil_C200_C220	agri_aa_oil	population_ridge	val	67	0.1578909946452154	0.4107274480939008	0.2575624551041584	0.3441939311997948	0.4486856410147408
agri_aa_oil__Oil_C200_C220	agri_aa_oil	population_ridge	test	67	0.17228854632052626	0.4469051750004338	0.36375608588075675	0.32545815746145823	0.4076020138819481
agri_aa_oil__Oil_C200_C220	agri_aa_oil	genotype_pca_ridge	val	67	0.6009691749342856	0.7849701649137479	0.5853220528374172	0.24502745337006332	0.3088596952397332
agri_aa_oil__Oil_C200_C220	agri_aa_oil	genotype_pca_ridge	test	67	0.5240204648533051	0.7411894958921033	0.5478888977572034	0.2326477455847877	0.3090942876092407
agri_aa_oil__Oil_C200_C220	agri_aa_oil	genotype_pca_population_ridge	val	67	0.5958686192922023	0.7792916338432041	0.5634128821134967	0.24658042224876733	0.3108274051134162
agri_aa_oil__Oil_C200_C220	agri_aa_oil	genotype_pca_population_ridge	test	67	0.5284105611142388	0.7434266133386487	0.5791763109585762	0.23231847070475456	0.3076655527766182
agri_aa_oil__Oil_C220_C240	agri_aa_oil	mean_baseline	val	67	-0.013957350230148213			0.10949263960281926	0.1520382211753835
agri_aa_oil__Oil_C220_C240	agri_aa_oil	mean_baseline	test	67	-0.09828886747499266			0.0945051756658375	0.11048443282790829
agri_aa_oil__Oil_C220_C240	agri_aa_oil	population_ridge	val	67	0.07966055431177521	0.28872443047566265	0.3093622795115333	0.09826332498568287	0.14484948452273885
agri_aa_oil__Oil_C220_C240	agri_aa_oil	population_ridge	test	67	-0.07951672015635691	0.24830477184029845	0.35533562135844843	0.09038482994888689	0.10953615360416646
agri_aa_oil__Oil_C220_C240	agri_aa_oil	genotype_pca_ridge	val	67	0.1464010141894354	0.40034956853673753	0.42912443131933925	0.09795452308435622	0.1394986102840965
agri_aa_oil__Oil_C220_C240	agri_aa_oil	genotype_pca_ridge	test	67	0.1479825203980406	0.4574147964218938	0.47394045813712193	0.0809877744838294	0.09731214646872477
agri_aa_oil__Oil_C220_C240	agri_aa_oil	genotype_pca_population_ridge	val	67	0.1504875301921027	0.4033756611231347	0.4770931439061379	0.09657215342470185	0.1391642921613768
agri_aa_oil__Oil_C220_C240	agri_aa_oil	genotype_pca_population_ridge	test	67	0.16174259084917353	0.47308994570869367	0.5071035198339852	0.08135579878051359	0.09652315303755406
agri_aa_oil__Oil_SFA_USFA	agri_aa_oil	mean_baseline	val	67	-0.012527937382980747			0.021711592790605794	0.02492308336754965
agri_aa_oil__Oil_SFA_USFA	agri_aa_oil	mean_baseline	test	67	-0.008565975877369292			0.02178257218422593	0.027439987586185297
agri_aa_oil__Oil_SFA_USFA	agri_aa_oil	population_ridge	val	67	0.1736618660643977	0.4316492182022935	0.37832229228190606	0.018706348784618212	0.0225152700476481
agri_aa_oil__Oil_SFA_USFA	agri_aa_oil	population_ridge	test	67	0.18659459074390838	0.4544923050671793	0.40378322292281915	0.02028524643433304	0.02464252932915626
agri_aa_oil__Oil_SFA_USFA	agri_aa_oil	genotype_pca_ridge	val	67	0.19533790701723075	0.5050523563751338	0.39620081411126196	0.01875888136081174	0.022218003659739978
agri_aa_oil__Oil_SFA_USFA	agri_aa_oil	genotype_pca_ridge	test	67	0.28695930569210404	0.5909627634581115	0.48894564610104563	0.018887027135072027	0.02307219492693239
agri_aa_oil__Oil_SFA_USFA	agri_aa_oil	genotype_pca_population_ridge	val	67	0.2662588663236113	0.555019979920991	0.48527416393966005	0.01761913843310827	0.0212163023537073
agri_aa_oil__Oil_SFA_USFA	agri_aa_oil	genotype_pca_population_ridge	test	67	0.33787489913440893	0.6072951694436046	0.5477691755128103	0.01791918713191389	0.022233190034943916
