*dataset_name	stock_name	genus	species	sample_id	site_name	data_year	#AA_Asp	#AA_Thr	#AA_Ser	#AA_Glu	#AA_Gly	#AA_Ala	#AA_Cys	#AA_Val	#AA_Met	#AA_Ile	#AA_Leu	#AA_Tyr	#AA_Phe	#AA_Lys	#AA_NH3	#AA_His	#AA_Arg	#AA_Pro	#AA_total	#Plantheight	#Earheight	#Earleafwidth	#Earleaflength	#Tasselmainaxislength	#Tasselbranchnumber	#Leafnumberaboveear	#Earlength	#Eardiameter	#Cobdiameter	#Earrownumber	#Kernernumberperrow	#100grainweight	#cobweight	#kernellength	#Kernelwidth	#Kernelthickness	#Silkingtime	#Pollenshed	#Headingdate	#cobcolor	#Oil_C16_0	#Oil_C16_1	#Oil_C18_0	#Oil_C18_1	#Oil_C18_2	#Oil_C18_3	#Oil_C20_0	#Oil_C20_1	#Oil_C22_0	#Oil_C24_0	#Oil_OIL	#Oil_C16_0P	#Oil_C16_1P	#Oil_C18_0P	#Oil_C18_1P	#Oil_C18_2P	#Oil_C18_3P	#Oil_C20_0P	#Oil_C20_1P	#Oil_C22_0P	#Oil_C24_0P	#Oil_C160_C161	#Oil_C160_C180	#Oil_C180_C181	#Oil_C181_C182	#Oil_C182_C183	#Oil_C180_C200	#Oil_C200_C201	#Oil_C200_C220	#Oil_C220_C240	#Oil_SFA_USFA	stock_name_norm	sample_id_norm	source_book
AMP_agri_AA_Oil_traits	150	Zea	mays cultivar:B73	150			9.253920863	4.192230216	7.01176259	31.79147482	4.533201439	30.84985612	0.895953237	6.276007194	1.886848921	5.066007194	21.46395683	6.367877698	7.522661871	3.23918705	4.137877698	3.401284173	4.65057554	12.3723741	164.9130576	199.406862	84.09240313	8.415551016	62.57602963	26.18701812	7.008392031	5.446805873	13.16553466	3.814461974	2.333664854	15.09933923	24.01368699	18.66442693	18.73223124	8.7198173	6.948005094	4.41315604	69.5634	67.3508	64.3586	red	0.622661189	0.006435269	0.057835665	0.882748297	2.181709247	0.064649744	0.014255988	0.011531549	0.006259464	0.011995156	3.8606137	16.15064522	0.165950989	1.511045549	22.85962119	56.46549281	1.677917157	0.372910716	0.300176434	0.162368513	0.30912445	99.4579099	10.77156133	0.065772984	0.407569205	33.78320619	4.045967206	1.245310782	2.327658889	0.539183632	0.227731561	150	150	agri_aa_oil
AMP_agri_AA_Oil_traits	177	Zea	mays cultivar:B73	177			5.487304965	2.577819149	4.523900709	19.19595745	2.973411348	17.75315603	0.36085461	3.65035461	1.669851064	2.907503546	11.9187234	4.342695035	4.837234043	2.345180851	2.965407801	2.319429078	4.332163121	8.418085106	102.5790319	167.7376926	62.32666383	8.336793644	75.8468716	26.86362604	8.25953511	5.364463679	13.24180052	3.664731428	2.374789637	12.51456913	23.22662586	22.17517342	16.69770013	8.408500486	7.95607262	4.782931405	69.1351	67.5734	66.1437	red	0.664170594	0.005694992	0.081145505	1.02293041	2.380131694	0.05922965	0.027738336	0.018076423	0.011503452	0.018139087	4.290216332	15.48561995	0.136119801	1.911103004	24.12904019	55.17541913	1.373064007	0.638735397	0.413262477	0.265643383	0.42033182	112.2560365	8.178175996	0.078680852	0.437233043	40.23415526	3.053921979	1.525334424	2.375537042	0.63832463	0.231205722	177	177	agri_aa_oil
AMP_agri_AA_Oil_traits	238	Zea	mays cultivar:B73	238			7.040006916	3.351666667	5.794709544	23.37240664	4.004702628	22.3085408	0.657475795	4.91082296	2.054491701	3.712171508	14.08139696	4.838001383	5.184370678	2.908360996	3.618706777	2.629878976	4.33060166	9.498582296	124.2968949	195.1777397	65.90031644	9.38907964	78.97464118	27.64054122	9.749416145	5.498509112	13.84549223	3.708501624	2.483455763	14.09939167	23.3995741	21.94336045	17.4338478	8.836023115	8.18091486	4.777629966	74.5957	71.9141	69.8254	white	0.592099236	0.008167976	0.060832182	0.633361395	2.238826329	0.06680656	0.015527036	0.009069921	0.006808272	0.010594608	3.64253606	16.22996255	0.221999218	1.675663091	17.3982038	61.45647283	1.843976509	0.427901551	0.250926181	0.186573281	0.286031032	76.02361341	9.766923383	0.096338094	0.287919095	33.49455572	3.913137644	1.728860261	2.328520998	0.667306225	0.232193611	238	238	agri_aa_oil
AMP_agri_AA_Oil_traits	268	Zea	mays cultivar:B73	268			9.007857143	3.984319728	6.780748299	29.98581633	4.31744898	29.17013605	0.770493197	6.259557823	1.974445578	4.602721088	18.93472789	5.819795918	6.477108844	3.487993197	2.608187075	3.318751701	5.547517007	11.39690476	154.4445306	160.7956655	52.69387703	8.844888078	70.42957469	28.36394677	6.981059882	5.635426946	10.73827719	3.66728469	2.257745983	13.23905944	19.08355482	18.86634823	14.05614498	7.96232754	7.360464037	4.21965352	71.2765	68.909	65.6974	white	0.742248884	0.00632035	0.109995616	1.093834989	2.412279464	0.061948468	0.023124683	0.014212274	0.009099498	0.014036076	4.490531258	16.59100022	0.144646395	2.427179892	24.33388644	53.69982692	1.384953936	0.517360451	0.318918391	0.204821356	0.316415482	118.1194332	6.898968396	0.100366527	0.454572273	39.41696016	4.720677306	1.633946615	2.553247083	0.659877239	0.251948987	268	268	agri_aa_oil
AMP_agri_AA_Oil_traits	501	Zea	mays cultivar:B73	501			5.883852364	3.008535179	4.683910035	19.79910611	3.661188005	7.344377163	1.662941176	4.203777393	1.742145329	2.859852941	11.42776817	3.655219146	4.587312572	3.016435986	2.172984429	2.409965398	4.350403691	8.066349481	94.53612457	170.0178356	62.25478889	8.796211646	67.83068252	26.54872089	6.338754373	5.772344781	10.33143474	4.086384316	2.546535413	13.17491186	22.25759352	25.83110804	17.26231825	8.976617805	8.435537529	4.898237701	71.2765	69.7994	66.2553	red	0.623337726	0.006501891	0.064225589	1.017651999	1.755682388	0.054881883	0.021170783	0.016627236	0.009649634	0.016451833	3.585643662	17.36186531	0.17727407	1.782470792	28.28850584	49.02767797	1.524478942	0.585892637	0.4609573	0.267879913	0.455040178	99.9502468	9.933199202	0.063013466	0.578528024	32.25417691	3.036407008	1.279744414	2.192105539	0.593097391	0.258166169	501	501	agri_aa_oil
AMP_agri_AA_Oil_traits	647	Zea	mays cultivar:B73	647			12.11078534	5.446884817	9.806335079	42.0539267	5.717408377	16.40840314	0	7.96604712	3.358560209	6.097748691	25.54185864	7.928403141	9.86	4.545968586	4.010340314	3.711204188	7.436282723	15.26819372	187.2683508	143.4828657	68.96951963	6.518810979	65.55214977	25.94091108	17.84754152	4.351873538	6.875042739	2.557710224	1.446642167	13.09944412	16.79624763	11.7898896	4.497660526	7.049896693	5.128420873	3.82734704	72.24015	70.9124	66.7015	white	0.856300653	0.00795529	0.11429666	1.704752799	2.312436425	0.056881477	0.028498147	0.018900043	0.008888313	0.01173289	5.124430266	16.68449595	0.155869988	2.257706192	32.37863998	46.01203542	1.115544125	0.5609324	0.368033476	0.179079488	0.23569546	108.2344226	7.637759258	0.079124939	0.746954996	41.67467357	4.022538178	1.515153761	3.205415794	0.765968867	0.249550574	647	647	agri_aa_oil
AMP_agri_AA_Oil_traits	812	Zea	mays cultivar:B73	812			6.577393617	3.234289514	5.591299392	24.35710486	3.428955167	23.57412614	0.746128419	4.790843465	2.13856003	3.616960486	15.16147416	4.796656535	4.991223404	2.385805471	3.327298632	2.60375	3.917857143	9.622986322	124.8627128	164.7820379	57.3004972	8.435240359	71.97071207	27.00737492	7.468018378	4.760575326	11.73433366	3.678227239	2.319895255	11.94856108	21.14170296	22.99261918	11.90201965	9.029699474	8.541258052	4.649070072	68.7068	66.4604	65.6974	white	0.68968752	0.008539205	0.078930157	1.663847863	1.953652563	0.051914463	0.020998263	0.014927291	0.008688457	0.01345892	4.504595003	15.31087761	0.190412673	1.764584465	36.8601574	43.38388375	1.146725774	0.467050619	0.332011219	0.19323453299999999	0.299918062	81.57955409	8.713997828	0.049037753	0.854274123	38.15699778	3.77328356	1.423400679	2.430665253	0.65795329	0.221047084	812	812	agri_aa_oil
AMP_agri_AA_Oil_traits	1323	Zea	mays cultivar:B73	1323			8.810143098	4.037272727	7.043139731	31.81422559	4.534806397	11.46271044	2.271624579	5.582954545	2.586367845	4.305892256	18.48118687	5.674200337	6.42516835	3.298998316	2.396628788	3.68493266	5.483796296	12.24671717	140.140766	183.0386928	70.55827585	10.53762464	70.99257322	32.98852183	5.730474602	5.672768174	12.49229884	4.136537665	2.926687993	15.11820617	21.17811141	22.25630796	24.18210638	8.487405669	8.20176116	4.741845253	75.4523	73.5836	71.9452	white	0.676551173	0.008107325	0.097295071	1.029358154	2.896601576	0.050944994	0.017217213	0.012238578	0.006590969	0.011569785	4.809728079	14.10008319	0.168825768	2.020899454	21.40324484	60.21887263	1.057465818	0.360500218	0.25760466	0.140151785	0.242687468	84.83268873	7.053135724	0.094586082	0.359897605	57.63658992	5.641385823	1.405705132	2.649226905	0.581991767	0.203643822	1323	1323	agri_aa_oil
AMP_agri_AA_Oil_traits	1462	Zea	mays cultivar:B73	1462			6.081415094	2.898353774	5.117735849	21.79325472	3.412466981	20.26400943	0.39865283	4.225768868	2.233113208	3.467466981	13.84943396	5.613773585	5.498349057	2.657542453	3.492929245	2.561721698	4.806933962	9.55	117.9229217	211.1751917	88.14599481	9.699733717	84.89124385	34.74483117	11.73294927	6.547893356	17.13560948	4.340433828	2.470617348	14.91066988	32.87164817	25.7713247	22.36770487	10.3352216	8.295569512	4.448940753	70.9553	69.0203	68.0403	white	0.588241148	0.007180555	0.100932158	1.326171055	2.424798284	0.06063799	0.022569778	0.014208343	0.007931999	0.013736937	4.564832974	12.66671703	0.157513332	2.193337763	28.92869911	53.37204923	1.342241263	0.494189142	0.312462996	0.173562693	0.304002028	88.62491123	6.105499098	0.076328138	0.551344019	40.19490759	4.408813267	1.591184157	2.817547214	0.588311446	0.189206705	1462	1462	agri_aa_oil
AMP_agri_AA_Oil_traits	4019	Zea	mays cultivar:B73	4019			8.800890208	3.976965875	6.909124629	30.13022997	4.567284866	28.99395401	0.911765579	5.93245549	1.934180267	4.537203264	19.51057122	5.879265579	7.038464392	3.552459199	3.106224036	3.431884273	5.785979228	11.47032641	156.4692285	185.0797421	61.47476369	8.481182159	67.34616258	30.11428989	7.781501396	5.538722741	13.41742321	4.068693861	2.539092386	15.01632472	22.98568376	21.12896487	17.22658293	9.533258007	7.341106758	4.273993268	65.9229	64.0118	60.7885	red	0.602641935	0.006470165	0.059754903	0.930896497	2.22503797	0.057108835	0.013255767	0.010636737	0.006343111	0.012704577	3.924749749	15.36266634	0.163956724	1.530755773	23.63784879	56.73261876	1.45441121	0.341513554	0.273236038	0.16193048	0.322436347	95.63715598	10.20322983	0.064815014	0.421302488	39.14181239	4.485781681	1.255931223	2.157656707	0.5102595089999999	0.215903721	4019	4019	agri_aa_oil
AMP_agri_AA_Oil_traits	5237	Zea	mays cultivar:B73	5237			7.82289916	3.624159664	6.286589636	25.67507003	4.255392157	9.414005602	2.074166667	5.16320028	2.429352241	4.307773109	16.17654062	5.785994398	6.594012605	3.140616246	2.186295518	3.00695028	5.22745098	11.05329132	124.2237605	136.7789351	46.88735398	8.730580503	63.01960422	26.57482315	3.914002272	5.133714041	11.42035741	4.220065789	2.493689924	14.98613762	21.88486363	19.33851466	14.94274477	9.118647135	8.316415812	4.262065031	64.7452	63.7892	61.4579	white	0.536128405	0.007236305	0.062473333	1.142751252	1.616706575	0.046182506	0.022055181	0.014112669	0.012018834	0.018827886	3.474678137	15.39567905	0.201791593	1.77432523	32.62924158	46.68593935	1.307879913	0.629807389	0.408256002	0.34921632	0.544798193	78.24333422	8.935029297	0.054625765	0.701864776	35.96416227	2.801626021	1.556578293	1.914852168	0.630049847	0.231129244	5237	5237	agri_aa_oil
AMP_agri_AA_Oil_traits	5311	Zea	mays cultivar:B73	5311			7.480263158	3.574084668	5.705234554	23.19342105	4.041304348	23.4610984	0.665191648	5.104691076	2.099816934	3.590646453	14.56570366	4.769536613	5.57597254	5.53506865	2.554994279	3.042677346	5.106950801	9.387671625	129.4543278	159.2033738	67.08613788	8.296053271	79.67559094	31.24422201	9.179053535	4.917201906	11.33256858	3.976039163	2.590994255	12.86954118	19.06806678	25.48224591	19.26243502	8.908951516	9.070639761	5.227102664	73.7868	72.6206	68.7051	white	0.660106704	0.007109758	0.06014332	1.028333524	1.886706022	0.062150284	0.019735433	0.013990848	0.008176919	0.013755974	3.758138538	17.50765155	0.186037245	1.605413422	27.20073509	50.34099298	1.65527556	0.514951768	0.364261908	0.218893236	0.367928431	92.82347834	11.07502174	0.059586415	0.543321933	31.09124952	3.118213937	1.416580054	2.478959176	0.600357863	0.253650464	5311	5311	agri_aa_oil
AMP_agri_AA_Oil_traits	7327	Zea	mays cultivar:B73	7327			7.505967239	3.503642746	5.459438378	24.51131045	4.267901716	9.340522621	2.498545242	5.449219969	2.604036661	3.261353354	13.69126365	4.087168487	4.420163807	2.960694228	1.985542122	3.048935257	4.273673947	10.27347894	113.1428588	170.1279649	73.29647896	9.43502144	74.68902817	26.92906814	14.10694166	6.040435646	12.72225327	3.754642706	2.456474792	14.30692796	24.23785089	23.40988253	14.14333917	8.517533102	7.95607262	4.778955325	73.525	71.6915	69.7139	white	0.690918384	0.008145181	0.127355668	1.546038903	2.262703667	0.055684556	0.023443947	0.01430155	0.007827807	0.010515586	4.748825196	14.67793369	0.173518085	2.67931577	32.42973313	47.61230273	1.168355816	0.493833856	0.301831847	0.165202905	0.225166245	85.27068558	5.58857446	0.083036664	0.681633019	40.94453726	5.449650686	1.638923352	3.029543521	0.757162086	0.224490089	7327	7327	agri_aa_oil
AMP_agri_AA_Oil_traits	7381	Zea	mays cultivar:B73	7381			7.279906542	3.637331256	5.97450675	25.37266355	4.193691589	9.255711319	1.991682243	5.137590862	2.118579958	3.591407061	15.34145898	4.592601246	6.032424714	3.308255452	1.983912253	2.987694704	5.3	11.7048027	119.8042212	164.4017539	67.28376849	9.180959291	70.8066043	29.43421502	9.297792375	4.899442926	11.72778166	3.898526717	2.38688123	13.47437822	20.7154717	21.44755567	12.41679275	8.778177103	8.362385408	4.74740171	68.2785	67.4621	64.1355	white	0.577706765	0.008837474	0.056669099	0.743790013	1.689966699	0.055886251	0.018461417	0.013210161	0.010193807	0.015224415	3.188851419	18.1284952	0.274304592	1.785276865	23.28533914	52.92625471	1.741907093	0.580098668	0.41248876	0.317331052	0.473842168	67.5991098	10.3187046	0.076665616	0.442070587	30.57690154	3.071424133	1.412838049	1.836038715	0.669673163	0.271640652	7381	7381	agri_aa_oil
AMP_agri_AA_Oil_traits	8902	Zea	mays cultivar:B73	8902			6.472756005	3.232964602	5.722187105	22.66298989	3.544753477	8.024241466	1.423419722	4.50278129	2.159870417	3.708596713	14.09775601	4.673324905	5.626801517	2.774680784	2.85465866	2.411577118	4.358249052	10.41681416	108.6684229	148.3083927	43.69869045	8.513997731	64.70291294	26.80042128	3.818339749	5.342441929	12.17566928	3.471413063	2.19224735	10.60900869	22.06787264	26.20848885	13.62160344	8.524880006	9.2424835	4.701211596	69.2422	67.796	65.028	red	0.646594514	0.007027918	0.063349406	0.879811154	1.890883363	0.062772839	0.017492474	0.010867337	0.008265012	0.014127022	3.601534333	17.93733304	0.190705193	1.735385128	24.39220816	52.53155962	1.756468004	0.480234587	0.303450881	0.230370728	0.391057337	94.97601453	10.47244288	0.071295782	0.46663766	30.02933902	3.607094163	1.588959883	2.125349385	0.588978636	0.263163964	8902	8902	agri_aa_oil
AMP_agri_AA_Oil_traits	9642	Zea	mays cultivar:B73	9642			10.41192237	4.267352126	7.921025878	34.29339187	5.475231054	31.27791128	0.980397412	6.550600739	2.142980591	4.914510166	19.19237523	6.21155268	7.054390018	4.081529575	3.984953789	4.064029575	7.407532348	11.99685767	172.2285444	161.4207433	66.9779193	9.560822237	80.05559827	31.355266	9.671324291	5.445848406	11.31776236	3.968751914	2.53164936	12.47306187	18.98932119	23.86970102	18.98476086	8.821676718	8.505521537	4.494002984	75.9876	73.361	69.4907	white	0.559071626	0.007674023	0.08287698	0.717545899	1.666390326	0.060918355	0.020042685	0.012361894	0.00929472	0.013038983	3.148583656	17.78348224	0.239551014	2.611789743	22.73134282	52.86180605	1.930276689	0.636679979	0.392987583	0.292698542	0.408416044	76.30588482	6.937443534	0.114929011	0.432514548	27.53973091	4.108925154	1.632996781	2.178477104	0.719866319	0.2795272	9642	9642	agri_aa_oil
AMP_agri_AA_Oil_traits	9782	Zea	mays cultivar:B73	9782																						141.2732986	45.74287539	9.060923924	59.55062342	24.9639407	5.911201466	5.524360731	8.331892508	3.99464928	2.412560935	14.89180295	16.9440231	20.36642219	10.62269506	9.04691515	7.351529908	4.46086899	69.9916	69.1316	66.2553	white	0.93040421	0.00682125	0.084638496	1.323806949	2.542213379	0.071183273	0.025495331	0.018071916	0.010701769	0.01411837	5.034396267	18.45487783	0.138408997	1.695946796	26.34113368	50.52870774	1.428206745	0.505701055	0.358814087	0.214571612	0.283173426	141.6402594	10.93529505	0.064341378	0.522906911	35.55687666	3.356415895	1.418730975	2.382761731	0.776597126	0.269171854	9782	9782	agri_aa_oil
AMP_agri_AA_Oil_traits	81162	Zea	mays cultivar:B73	81162																						113.6601911	37.05771156	8.448366588	57.46923494	22.53270143	3.933525235	5.472520711	12.07059779	3.432202263	2.184432172	11.98252156	18.35813285	24.07978628	15.3040225	8.182854618	8.83110223	5.43699351	70.8482	69.0203	66.7015	red	0.572433361	0.006899306	0.070051558	0.781031731	2.367737617	0.058051828	0.015689329	0.009914787	0.00687458	0.012853368	3.902100462	14.66756466	0.176414211	1.810708811	20.33108268	60.31330735	1.48261577	0.407774083	0.258550686	0.17780344	0.328126612	84.78317523	8.200653207	0.087900582	0.33831995	40.89649769	4.469559879	1.598437919	2.46291965	0.538036701	0.211802974	81162	81162	agri_aa_oil
AMP_agri_AA_Oil_traits	526018	Zea	mays cultivar:B73	526018			7.463942308	3.324049556	5.700998521	26.68557692	3.729215976	9.584171598	1.926997041	4.893565089	2.286164941	3.655517751	15.64038462	4.744304734	5.343195266	2.657418639	2.512928994	2.700735947	4.343676036	9.561982249	116.7548262	174.651024	52.78430033	8.756832961	70.83334131	30.88169639	5.61835701	6.37842163	12.17036264	3.988083751	2.702466819	12.97114896	20.03520861	23.87716868	23.02380541	8.356853457	8.259832997	5.301147059	72.026	69.0203	66.4784	white	0.620707075	0.008094051	0.062441225	0.871449775	1.992113603	0.051413855	0.017224698	0.010383152	0.007943756	0.013876279	3.655119291	16.95538825	0.220883317	1.705467997	23.84662995	54.48164487	1.401184962	0.470876088	0.285570658	0.216057901	0.379061207	79.01203169	10.00014735	0.071319263	0.439918214	39.11094791	3.624010668	1.664698129	2.190766559	0.579253419	0.246394158	526018	526018	agri_aa_oil
AMP_agri_AA_Oil_traits	04K5672	Zea	mays cultivar:B73	04K5672																						145.8567405	60.45515538	6.853712118	68.22307543	24.7551226	10.3116775	4.812278565	10.47931312	3.492386282	2.182943566	11.98629495	19.7860237	19.8753447	10.60840093	8.158873178	8.084128465	4.528462337	67.529	65.4587	62.462	white	0.57304379	0.014798621	0.090050532	1.494145289	1.748694431	0.069285143	0.018832768	0.013193232	0.007803015	0.013820937	4.041826499	14.13198678	0.363506594	2.222868829	36.84652414	43.30726866	1.73024991	0.465623307	0.327738238	0.192776545	0.341789062	40.67274858	6.455529289	0.061719085	0.867006837	25.53775895	4.801979997	1.43778355	2.429839705	0.581189175	0.211000625	04K5672	04K5672	agri_aa_oil
AMP_agri_AA_Oil_traits	04K5686	Zea	mays cultivar:B73	04K5686																						152.5477081	46.99577362	6.673044166	64.44131767	30.57219814	9.47219006	4.918831006	10.82336033	3.389343946	2.343899015	12.25043204	18.92935434	19.02270684	10.68940099	6.916475202	7.728252337	4.737869174	64.2098	62.0083	58.334	white	0.629312644	0.009871574	0.096695406	1.528886797	1.938219806	0.057900523	0.019960219	0.013766141	0.00671959	0.011844761	4.312853949	14.56899932	0.229276861	2.226691659	35.11465263	45.21953862	1.350107908	0.463412786	0.320944638	0.157843399	0.275794644	64.54461193	6.688983586	0.064270683	0.792049518	33.50074801	4.835315477	1.465248301	3.019738116	0.580221043	0.216159109	04K5686	04K5686	agri_aa_oil
AMP_agri_AA_Oil_traits	04K5702	Zea	mays cultivar:B73	04K5702			8.356967985	3.92222693	6.018879473	28.15856874	4.459722222	10.19420904	1.904354991	5.940160075	1.817410546	4.676483051	17.83323917	6.193220339	6.731214689	3.265993409	3.651125235	3.242387006	5.853766478	12.09821092	134.3181403	160.7010473	53.92579793	7.407019116	71.34515815	30.19930868	8.816218477	5.309888038	13.01411851	3.922793209	2.716980721	12.94850864	25.37579127	23.06304434	15.67566986	8.391284809	8.463828937	4.740519893	59.7128	58.3354	54.9869	white	0.702534675	0.013517729	0.104919137	1.425316945	2.353621644	0.068112712	0.024206334	0.015250555	0.009721454	0.014871077	4.735544893	14.85924019	0.278473988	2.203717681	30.13886001	49.64417903	1.444694243	0.509228485	0.325011918	0.206794204	0.316492646	58.17984802	6.821774924	0.073160345	0.607176068	34.32841492	4.327615831	1.583956686	2.479093592	0.657329535	0.22189243	04K5702	04K5702	agri_aa_oil
AMP_agri_AA_Oil_traits	05W002	Zea	mays cultivar:B73	05W002			6.884562084	3.283508869	5.729905765	24.91432927	3.955737251	8.375304878	1.978805432	4.836141907	2.26952051	3.708370288	15.01089246	4.532621951	5.854129712	2.942322616	2.002901885	2.941740576	5.11518847	10.44032705	114.776311	170.996685	64.86185482	8.631562726	69.39222496	29.83995667	4.852017942	5.914049953	13.68802881	3.847777212	2.158985346	12.64904481	23.90335415	26.11910755		9.742715403	8.08859553	4.505931221	67.2078	65.57	64.0239	red	0.46465822	0.005775319	0.054091526	0.565859448	1.90982198	0.068430922	0.013327124	0.009500109	0.00742277	0.011704096	3.107808153	14.98935734	0.180451342	1.739517322	18.11197688	61.37081929	2.202015567	0.437802093	0.307946421	0.239121709	0.37015762	86.55104434	8.743707429	0.096376531	0.301418969	27.65445008	3.949814919	1.436862207	1.870392029	0.648170556	0.217056095	05W002	05W002	agri_aa_oil
AMP_agri_AA_Oil_traits	05WN230	Zea	mays cultivar:B73	05WN230			7.302314815	3.46726466	5.375347222	24.20424383	4.306520062	8.79525463	1.942380401	5.244637346	2.659417438	4.126195988	15.01273148	5.65462963	5.816473765	3.355655864	2.736921296	2.95722608	5.523804012	10.45621142	118.9372299	202.6145733	78.00080929	8.66932477	75.71266185	34.2451593	4.532880223	6.219482046	11.51410807	4.046444012	2.862491889	13.83902797	17.40639534	27.36961415	25.69585471	8.966575327	8.588906739	5.546338609	71.5977	70.8011	69.0445	white	0.624332473	0.007969378	0.068326073	1.105636488	2.558380003	0.047565173	0.018829788	0.014823527	0.008422446	0.01570921	4.471879419	14.0055285	0.178057931	1.557030508	24.58224304	57.26421346	1.063213692	0.426148512	0.334170444	0.190030451	0.356547271	80.38752385	9.119685904	0.063402017	0.432048419	54.60810375	3.655005628	1.279309048	2.259984132	0.537350753	0.199119175	05WN230	05WN230	agri_aa_oil
AMP_agri_AA_Oil_traits	07KS4	Zea	mays cultivar:B73	07KS4			6.324375	3.062167969	5.152148438	20.67765625	3.701585938	7.385898438	1.720828125	4.432070313	2.022238281	3.443773438	12.38128906	4.539414063	4.70390625	2.7144375	2.531	2.568867188	4.471171875	9.0984375	100.9312656	190.0986049	76.49761848	8.448366588	71.99345948	27.11551287	5.141438894	5.85660191	11.98377195	4.070361536	2.263263482	13.68899782	22.12788234	23.84819636	16.54601193	10.4327771	8.7735454	4.585452805	75.3452	73.5836	72.0568	red	0.709100311	0.006892786	0.133568174	1.006425399	1.845208505	0.043098436	0.027871405	0.010791228	0.008542325	0.011126409	3.80295458	18.69154406	0.181217653	3.463395866	26.3681891	48.54490977	1.120804424	0.731503572	0.286031401	0.224302925	0.291596219	105.0272814	5.490312126	0.132020689	0.545011382	43.75205281	4.765456776	2.564742947	3.25970305	0.780446828	0.307168338	07KS4	07KS4	agri_aa_oil
AMP_agri_AA_Oil_traits	18-599	Zea	mays cultivar:B73	18-599			7.5414307	3.54538003	6.383532042	27.0719076	3.871050671	26.2421386	0.649884501	5.38766766	1.958025335	4.046870343	17.07701192	5.465089419	5.950633383	2.979038748	3.600592399	3.108450075	4.949627422	9.898882265	139.7272131	184.2190934	82.45473663	8.500871502	83.35579333	27.57043801	10.05006979	5.514786057	11.98109245	4.500924546	2.99590814	14.82388198	21.19952814	24.74680625	24.63808912	8.643781396	8.907557331	4.956553529	73.6321	71.8028	68.8213	white	0.707348393	0.005416749	0.099254785	1.077995284	2.231470494	0.057432365	0.027461836	0.015758417	0.010551517	0.016217384	4.251150388	16.6833581	0.127471328	2.308856189	25.24891787	52.57748347	1.34948749	0.642266215	0.369397935	0.248057173	0.381114831	136.3276853	7.455819903	0.091028234	0.48441228	39.08547354	3.589217781	1.738419952	2.594343409	0.656757262	0.255195181	18-599	18-599	agri_aa_oil
AMP_agri_AA_Oil_traits	303WX	Zea	mays cultivar:B73	303WX																						126.0282494	49.56516448	7.233643513	61.16853332	29.09182699	4.334303792	4.880121967	9.837209595	3.873186986	2.414607768	14.95972391	20.31930037	19.39389834	9.057487865	8.135918943	7.351529908	4.523160898	63.8886	62.2309	59.2265	white	0.729508408	0.008030562	0.086674384	1.013686661	2.820162031	0.06697842	0.018385437	0.015924235	0.00810286	0.013337213	4.787398901	15.30193777	0.169256991	1.829349096	21.28325093	58.80190173	1.420978228	0.391589485	0.335697031	0.172520007	0.286912064	93.85842023	8.434148421	0.086388628	0.371506976	41.55256549	4.628438473	1.189284382	2.310369645	0.614194544	0.219764067	303WX	303WX	agri_aa_oil
AMP_agri_AA_Oil_traits	384-2	Zea	mays cultivar:B73	384-2			8.952853437	3.853210117	6.191309987	32.98735409	4.648184176	11.98835927	2.312153048	5.998119326	3.231413748	4.470038911	19.40188067	5.704863813	6.674708171	3.127684825	2.522697795	3.423508431	5.558787289	11.71031128	142.7574384	213.1582956	86.60261586	10.59231726	74.25682729	35.95485746	7.14895737	5.937986637	13.87202543	4.166264923	2.808157796	15.16348681	24.20857927	23.40744239	29.13359287	8.712644101	7.985853049	4.51255802	72.5614	71.4689	68.7097	white	0.605349259	0.007667616	0.085306637	1.159399086	2.356552506	0.043473432	0.016194988	0.013212937	0.006509367	0.010773767	4.3041642	14.10861634	0.178305671	1.990693061	26.98214113	54.58833289	1.001423498	0.384652418	0.309083846	0.154932185	0.251739865	80.01188408	7.131104023	0.074068833	0.494845197	54.7008755	5.287188423	1.239878237	2.587162872	0.610845033	0.204530844	384-2	384-2	agri_aa_oil
AMP_agri_AA_Oil_traits	4F1	Zea	mays cultivar:B73	4F1			8.95963964	4.129265766	7.333873874	30.28486486	4.489198198	29.31013514	0.903711712	6.29490991	2.035148649	4.903918919	19.6986036	6.306216216	7.269144144	3.674684685	4.91527027	3.485788288	5.278378378	11.00481982	160.2775721	169.5399805	54.96792927	8.485557569	66.67056435	32.54105448	9.530758951	5.157650725	13.83487895	3.611660066	2.190014442	12.36740704	22.84850001	24.96903201	13.40862091	9.366839802	8.502543495	4.829318995	69.2422	67.6847	63.8008	red	0.543497585	0.008209201	0.082403503	1.010967056	2.419975594	0.070818758	0.016811979	0.011531398	0.008048072	0.014788017	4.188558627	12.96521118	0.195613724	1.958584459	24.15615187	57.74236195	1.708126534	0.401356538	0.27661031	0.191251751	0.351562191	67.46046537	6.793663899	0.081323954	0.420995682	34.21721478	4.929968884	1.448016722	2.124574552	0.547158631	0.189752511	4F1	4F1	agri_aa_oil
AMP_agri_AA_Oil_traits	7884-4HT	Zea	mays cultivar:B73	7884-4HT			8.977604167	4.126001603	6.814903846	35.20921474	4.695873397	12.54599359	2.603469551	6.654366987	3.3390625	5.006490385	21.74987981	6.528004808	7.377083333	3.03234375	2.860132212	3.332231571	5.435817308	12.28697917	152.5754527	138.6627675	37.25699613	7.214501097	74.30232212	37.63845336	5.834225209	5.378825689	11.57248111	3.486550256	2.159769554	13.08435057	20.39263498	21.00373975	14.91272002	9.026830195	7.96649577	5.156682848	69.7775	66.2378	63.9123	red	0.50548873	0.008617268	0.071206584	0.868075754	2.262550425	0.067108591	0.017872509	0.010529721	0.010147221	0.01432646	3.83577259	13.18237189	0.224041268	1.851143973	22.65632431	58.8825212	1.752938813	0.471963515	0.279773693	0.263240452	0.373617508	60.68866676	7.322905479	0.081554555	0.388773156	33.64150932	3.928541027	1.726986963	1.802876446	0.707382233	0.193437006	7884-4HT	7884-4HT	agri_aa_oil
AMP_agri_AA_Oil_traits	835B	Zea	mays cultivar:B73	835B			6.95858871	3.544004032	5.448709677	23.81258065	4.344395161	8.514314516	2.02353629	5.376814516	3.072330645	4.032459677	14.26471774	5.565887097	5.367016129	3.235673387	2.779870968	3.086318548	5.416491935	10.19487903	117.0385887	161.3850902	67.93677289	9.135305886	64.49818621	26.72025004	6.680964038	4.731577743	11.91635143	3.86516245	2.423353324	15.42385052	24.59622215	18.79497424	18.62311939	8.498882786	7.153490055	4.46351971	68.4927	68.6864	65.6974	white	0.739160155	0.007883156	0.066591015	1.210723643	2.164311836	0.073157201	0.029541051	0.01703729	0.013656607	0.021365928	4.346528747	17.02720314	0.182141779	1.545302963	27.80218033	49.82000166	1.6958409	0.676945696	0.39109529	0.313603989	0.493750975	96.54764208	11.08779351	0.055663185	0.559282932	29.56925804	2.306281754	1.737967979	2.167350501	0.638146824	0.251700804	835B	835B	agri_aa_oil
AMP_agri_AA_Oil_traits	975-12	Zea	mays cultivar:B73	975-12			7.092686567	3.366246269	5.437052239	24.37447761	4.272089552	8.51391791	2.316776119	5.146679104	2.350134328	3.417470149	13.96641791	4.34358209	4.818320896	2.788287313	2.193552239	3.267358209	4.898507463	10.66809701	113.231653	164.5625547	65.4304244	8.699952637	72.58489228	27.02974829	6.084676944	5.503296448	12.58557367	4.25246909	2.487500327	15.85470465	24.02454806	24.04589619	18.88255495	10.50737836	7.711873101	4.211701361	68.3856	66.2378	63.8008	white	0.540088877	0.008455487	0.064150975	1.0019848	2.022643029	0.057813031	0.027355176	0.014407536	0.013829949	0.016590347	3.766538722	14.36203167	0.222625966	1.71673564	26.5516065	53.62632809	1.52235084	0.726875975	0.381478702	0.36499925	0.439582218	67.33806883	8.508539119	0.064478991	0.496670431	35.1780685	2.466330642	1.890289887	1.978430902	0.824086866	0.214983308	975-12	975-12	agri_aa_oil
AMP_agri_AA_Oil_traits	A619	Zea	mays cultivar:B73	A619			8.929121212	3.984515152	7.038181818	29.15463636	4.492575758	10.41569697	1.960187879	5.707636364	2.120869697	4.410939394	18.12806061	5.592272727	7.321969697	3.408787879	2.460187879	2.9364	5.294212121	11.80642424	135.1626758	162.8986487	44.82947857	7.673189864	62.62152446	28.96131568	7.688348969	5.508220566	10.85166241	3.994831656	2.528113922	13.75978684	18.80085393	23.36779017	13.41005032	8.771464329	8.450427744	4.60930928	67.1007	65.6813	60.9	white	0.704569699	0.008135887	0.091485711	0.915412558	3.019816833	0.064705897	0.020718559	0.012268039	0.009227349	0.013810083	4.865136372	14.49193989	0.169145715	1.891265808	18.91592208	61.99496738	1.345974832	0.426254804	0.254984917	0.192311874	0.285734034	87.77172918	7.74003546	0.099922079	0.309535322	46.67561203	4.461585843	1.676420938	2.24209034	0.67557256	0.209882165	A619	A619	agri_aa_oil
AMP_agri_AA_Oil_traits	B11	Zea	mays cultivar:B73	B11			6.317173913	2.866300725	5.19307971	23.96655797	3.130927536	20.75471014	0.428188406	4.341702899	1.223985507	3.599568841	14.95945652	4.649202899	5.90423913	2.302347826	3.11842029	2.883206522	4.60173913	11.06	121.300808	158.4496	68.70498455	7.914224959	78.27708967	31.94443135	9.155918047	5.102117618	13.83311007	3.612754321	2.35785469	12.0579893	25.74844244	21.34552699	20.74055645	8.671749731	8.014701255	4.297252899	77.9149	77.1452	74.7344	white	0.747238243	0.006709515	0.103584084	1.08617663	2.263806855	0.051631828	0.031498002	0.017257308	0.012205718	0.01620191	4.338682284	17.23790534	0.15246059	2.38238868	24.51770586	52.72118342	1.171376387	0.71659292	0.399741082	0.278901345	0.369830784	118.9758479	7.298839966	0.0998815	0.47623269	45.99671268	3.333843479	1.812620365	2.576690517	0.758366826	0.266577937	B11	B11	agri_aa_oil
AMP_agri_AA_Oil_traits	B110	Zea	mays cultivar:B73	B110			7.136090776	3.214253294	5.728696925	23.48275988	3.650128111	8.2022694	1.754707174	4.590409956	1.880417277	3.921961933	14.99806003	4.731295754	6.062445095	3.090959004	2.112331625	2.436921669	4.533235725	9.951281113	111.4782247	197.7006325	68.95616039	8.450554293	75.25316407	24.37179224	8.023586147	6.034690842	12.09430079	3.644122961	2.305381353	13.20509895	20.9982233	22.93527597	15.68043458	9.953607438	8.233030611	4.570873848	73.9533	70.24457	67.1478	red	0.48197619	0.006419637	0.065504008	0.663580619	2.035859938	0.061821873	0.014671207	0.009786033	0.006925168	0.013083593	3.358565631	14.31191778	0.187552595	1.942725934	19.78555716	60.54966562	1.840075554	0.437237284	0.294464485	0.205905926	0.386862099	77.99592862	7.456365861	0.098893589	0.331000545	32.95112476	4.435677239	1.508970358	2.17061301	0.535076317	0.210203924	B110	B110	agri_aa_oil
AMP_agri_AA_Oil_traits	B111	Zea	mays cultivar:B73	B111			8.195683453	3.722553957	6.426834532	27.61899281	4.157410072	27.5905036	0.816510791	5.923345324	2.043593525	4.303489209	17.95784173	5.518597122	6.074640288	3.404672662	2.80923741	3.01973741	5.13057554	10.34672662	145.060946	183.1955773	64.44460062	7.704546965	67.65325268	22.45514042	12.37330248	5.928822307	11.02837355	3.315116989	2.00431093	13.31075379	22.67278831	22.51550653	10.76611282	9.653563787	7.802649054	4.55874402	68.7068	67.4621	63.2429	red	0.553831178	0.007350459	0.084796084	0.758784454	2.298142315	0.074979705	0.019132908	0.01187721	0.009287646	0.01548334	3.835364082	14.53793367	0.193690217	2.201456122	19.8513954	59.6729284	1.988792967	0.51027983	0.312090711	0.244175247	0.406428647	76.83559709	6.652188793	0.110989516	0.334942061	30.83393844	4.464868071	1.635626639	2.074761967	0.604124637	0.219809005	B111	B111	agri_aa_oil
AMP_agri_AA_Oil_traits	B113	Zea	mays cultivar:B73	B113			8.701878981	3.854426752	5.819267516	32.39394904	4.263471338	11.56426752	1.994509554	6.289840764	2.796952229	4.59433121	19.90057325	5.579076433	6.731019108	3.058140127	2.606735669	2.787996815	4.813407643	11.35541401	139.105258	175.4002139	59.12784286	9.122179657	75.42831916	31.48130264	4.700777712	6.150544395	12.67095574	3.34903889	1.93434648	13.31075379	26.72882775	17.87138254	11.62566648	8.746190551	7.329772645	4.414473057	71.8119	68.7977	65.9206	red	0.877935493	0.010275753	0.085550984	1.691856249	2.262348894	0.063686734	0.029459074	0.021622384	0.010691906	0.013539591	5.071281052	17.33747892	0.203552372	1.698999313	33.25948875	44.70186379	1.264657959	0.579192055	0.42280605	0.211717915	0.271034567	85.73976646	10.25555681	0.05153731	0.744459813	35.46065022	2.946524314	1.379058589	2.741250133	0.795498164	0.252175013	B113	B113	agri_aa_oil
AMP_agri_AA_Oil_traits	B114	Zea	mays cultivar:B73	B114			9.381291611	4.040978695	6.770938748	30.05645806	4.731225033	10.79061252	1.785695739	5.809553928	1.90927763	4.648934754	18.43492011	6.053062583	7.722636485	3.861850866	2.989477364	3.111241678	5.811850866	10.8915779	138.8015846	178.8692885	55.07115978	8.310541187	68.85886568	30.09415386	7.535512053	5.043712108	11.53533463	3.468677426	2.069437412	11.17501674	18.6579098	26.76161346	12.18790225	8.90488582	9.083261863	4.767027088	70.2058	65.9039	63.6892	red	0.664931944	0.01076432	0.119203373	1.287855826	2.441595873	0.0808135	0.026041547	0.016919062	0.011524565	0.016208008	4.680620154	14.21588723	0.230831314	2.538783092	27.4867981	52.17485023	1.753644086	0.557230898	0.361249379	0.246139765	0.35009546	62.85016832	5.711572272	0.092844147	0.530208811	29.69784827	4.593681294	1.553801518	2.28522107	0.703289817	0.219652944	B114	B114	agri_aa_oil
AMP_agri_AA_Oil_traits	B151	Zea	mays cultivar:B73	B151			6.052186312	2.893217681	5.03526616	19.58431559	3.478635932	20.29363118	0.827219582	4.678331749	1.7884173	3.145147338	12.21425856	4.252257605	4.602214829	2.815869772	2.476896388	2.500142586	4.070408745	7.290541825	107.9989591	141.1763537	71.21287874	8.680263294	62.45091885	26.37346285	12.77157094	4.828281948	13.38841357	3.769232771	2.636596034	13.73337313	22.38601521	21.26195231	13.44578565	7.144582913	7.892044697	5.168611086	73.0967	71.6915	66.9247	white	0.59176766	0.007373545	0.071713	0.789034785	2.076298186	0.063541295	0.019347626	0.010791859	0.007315935	0.013753501	3.65096422	16.30004931	0.198688301	1.973373523	21.48321301	56.85285857	1.743668361	0.530150964	0.298461074	0.202395652	0.373503978	84.40258028	8.288225298	0.091988103	0.381059161	32.64780956	3.726078595	1.78065388	2.65648218	0.544863201	0.241306126	B151	B151	agri_aa_oil
AMP_agri_AA_Oil_traits	B73	Zea	mays cultivar:B73	B73			10.61586427	4.654640371	8.162819026	41.024942	5.490052204	13.9799594	2.686722738	6.686542923	3.106989559	4.970678654	22.2437645	5.817053364	8.283990719	3.808729698	3.192227378	3.64637471	6.314791183	13.8787703	168.564913	173.3193895	66.59201607	8.050204319	67.3529868	29.62136698	5.559788118	5.536807806	11.21580108	3.613691826	2.080711692	15.46448721	21.82234044	19.18005976	17.38755639	9.884729829	6.89922522	4.190155114	73.8462	69.2429	67.4825	red	0.566139698	0.007589886	0.079560773	0.937689588	2.33492515	0.069201263	0.017707268	0.013241749	0.007812322	0.014266382	4.049896198	14.00240312	0.187061137	1.955570016	23.09715928	57.65410927	1.721211369	0.439817889	0.329229706	0.195023004	0.354308633	76.55234873	7.30369072	0.084540504	0.403712222	33.62059183	4.473303869	1.352392435	2.372962554	0.546129917	0.205306578	B73	B73	agri_aa_oil
AMP_agri_AA_Oil_traits	B77	Zea	mays cultivar:B73	B77			6.594646272	2.975391969	5.165391969	22.61816444	2.957681644	17.48087954	0.41076434	4.143107075	1.864956979	3.232036329	12.81515296	4.386816444	4.369770554	2.465635755	2.04541587	2.163040153	4.107958891	7.231548757	107.0283599	191.8236209	74.70455386	8.065847238	73.50339051	36.20036372	11.42843921	5.624186897	12.62543515	3.276284026	1.827906536	10.73432908	24.19311708	17.81247469	7.996482798	8.011637851	6.943756182	5.236119599	73.5199	71.3157	68.7586	white	0.717303572	0.007873831	0.140582628	1.18746253	2.383024773	0.053292083	0.032901013	0.01663386	0.011782082	0.009686635	4.563380435	15.74604472	0.176581476	2.94396767	26.17402773	52.1253047	1.166008031	0.698735281	0.361466238	0.255216866	0.221009138	90.77106756	5.69319486	0.113274834	0.504265403	45.74120914	4.244766326	1.929495678	2.723628023	1.327581848	0.249896482	B77	B77	agri_aa_oil
AMP_agri_AA_Oil_traits	BEM	Zea	mays cultivar:B73	BEM																						154.4627844	54.32237975	8.157401853	66.27248458	30.12845969	9.148108861	5.090628009	11.42743293	3.755919337	2.506715221	12.11836349	17.547975	24.39449212	12.68819678	8.731447508	8.156229427	5.226121486	71.2765	69.1316	64.9165	red	0.575858407	0.007158203	0.057293953	0.829396746	2.017565741	0.055103675	0.015561622	0.013068409	0.008065994	0.013781951	3.592700298	16.05638352	0.196942446	1.602452951	23.09564261	56.06198048	1.526872435	0.434960314	0.363798818	0.224231072	0.380894239	82.10695787	10.08827436	0.069167613	0.415090374	36.81668558	3.680838318	1.205943211	1.959471282	0.596989649	0.231055563	BEM	BEM	agri_aa_oil
AMP_agri_AA_Oil_traits	BGY	Zea	mays cultivar:B73	BGY			9.198900754	4.219126884	7.088096734	33.08197236	4.956815327	11.37280151	2.364962312	5.933636935	3.017669598	4.46821608	18.17641332	5.420100503	6.584139447	3.628894472	2.655640704	3.522204774	5.90656407	11.80157035	143.3977261	142.9857325	57.14780437	6.739769161	66.96628074	27.76806942	5.395795222	4.340931054	10.04770634	3.577738164	2.355249631	14.07297796	18.41106938	21.02956046	11.13013666	7.30097662	7.244404962	4.353282157	64.3169	62.1196	59.2265	white	0.685403551	0.009938804	0.077807466	1.224745399	2.178308808	0.055151972	0.023918896	0.01681426	0.011455987	0.016006351	4.300489651	16.00046902	0.233105838	1.811745853	28.33708236	50.69127928	1.279317549	0.556233524	0.392663601	0.270612465	0.379710724	69.45841233	8.948091922	0.064154527	0.56392467	39.85736474	3.23363909	1.44957187	2.137182748	0.707867714	0.235760725	BGY	BGY	agri_aa_oil
AMP_agri_AA_Oil_traits	BS16	Zea	mays cultivar:B73	BS16			9.490825243	3.851291262	7.034660194	31.26213592	4.764723301	24.21072816	0.901242718	6.043203883	1.643645631	4.604830097	18.23587379	6.057621359	6.280194175	3.449713592	3.32311165	3.187728155	5.112330097	11.33252427	150.7863835	175.9940703	69.91990278	7.724236308	72.38016554	28.93148453	10.56547603	5.449267932	10.59959698	3.701024216	2.248070049	12.83530703	20.02589112	23.61180383	11.68760771	8.890539423	8.502543495	4.680878705	71.5977	67.796	65.4743	white	0.600357288	0.009218066	0.092888678	1.533161985	1.634477458	0.051290575	0.017771089	0.011077576	0.006659748	0.014194931	3.969467133	15.1293344	0.230845732	2.328825792	38.42616529	41.26548897	1.286132966	0.449759296	0.280647403	0.167830349	0.357458105	66.76936369	6.557663885	0.061914463	0.936582051	32.25311778	5.208264448	1.616823746	2.703404597	0.474348777	0.227335649	BS16	BS16	agri_aa_oil
AMP_agri_AA_Oil_traits	BY4839	Zea	mays cultivar:B73	BY4839			8.175	3.940568182	6.804204545	27.43772727	4.674015152	26.23087121	0.769181818	5.740037879	2.124625	4.321628788	16.42587121	5.653143939	6.019090909	3.745344697	2.831693182	3.255776515	5.822121212	10.41564394	144.3865455	189.8356904	73.18596159	8.492120683	67.63732949	32.60817458	10.13597083	5.439146134	11.34447245	3.691358298	2.030361523	12.81266671	21.07289807	19.33241432	11.91488437	9.461526022	7.071593874	4.332309097	68.7068	68.6864	63.0198	white	1.52666441	0.015126388	0.181924043	3.347335831	5.306977493	0.062988063	0.051215704	0.03708285	0.015787545	0.015397793	10.58232908	14.51697053	0.149567271	1.740497404	31.52948235	50.27797779	0.617895185	0.485437485	0.350520847	0.154950031	0.15819064	98.18744897	8.434618746	0.055504256	0.62749743	83.7948497	3.604631592	1.395193217	3.189575994	1.015822452	0.206136211	BY4839	BY4839	agri_aa_oil
AMP_agri_AA_Oil_traits	BY4944	Zea	mays cultivar:B73	BY4944			8.160352622	3.967264919	6.63119349	27.07816456	4.965732369	28.65099458	1.397911392	6.662432188	2.813670886	4.243096745	16.26980108	5.762206148	5.805922242	3.719118445	3.355971971	3.379832731	5.810307414	10.34611212	149.0200859	206.5249409	79.8780589	9.157182934	74.34781695	34.56584423	7.453515605	5.251482528	17.35069274	3.979254055	2.391579383	12.94514717	23.36261828	24.59463627	22.22875	9.806469254	8.45152879	4.692194661	70.7893	68.0392	65.9765	red	1.332412675	0.015885639	0.195581757	4.176665306	4.650206405	0.068937996	0.050036688	0.038742455	0.01447036	0.018207197	10.57842933	12.70810137	0.157019473	1.871662458	39.2164471	44.16805036	0.674169734	0.477504824	0.366549215	0.143184846	0.185571177	82.5105564	6.976496595	0.048426059	0.888531704	67.05179223	3.978520825	1.309569421	3.406201359	0.792748396	0.182580599	BY4944	BY4944	agri_aa_oil
AMP_agri_AA_Oil_traits	BY4960	Zea	mays cultivar:B73	BY4960																						175.9904141	61.10258182	9.141869	70.78784648	34.55465755	10.88955723	5.410832456	13.10450829	3.323871028	2.141262618	13.31452718	22.17164158	18.72655928	14.41844254	8.759987211	7.573394105	4.809438599	73.0967	69.7994	66.8131	white	1.12020261	0.013729714	0.328447701	3.852659018	5.43940517	0.073169222	0.060199469	0.034299217	0.014484376	0.020311308	10.98188004	10.57697934	0.132632521	2.950238891	34.49328933	49.83932359	0.694899365	0.554632395	0.321038368	0.14659518	0.205907088	82.6451157	3.801880033	0.086567129	0.691606277	72.6326626	5.362241394	1.750832643	4.036865689	0.708850408	0.17093558	BY4960	BY4960	agri_aa_oil
AMP_agri_AA_Oil_traits	BY804	Zea	mays cultivar:B73	BY804																						200.6345716	64.48291184	9.012794419	67.67145061	32.35833864	7.578462573	5.326164984	13.51294274	3.585033197	2.28193582	11.74102479	22.43741537	22.51432647	15.58990509	8.818807439	8.86586473	4.712687339	75.4217	70.0436	66.6946	white	1.401691532	0.012763231	0.225609466	3.721479998	5.192710073	0.060763656	0.047289359	0.035961017	0.012235456	0.017152095	10.74731059	13.1873809	0.126280428	2.105092282	34.44852072	48.44556821	0.587800759	0.443505703	0.33429919	0.120456627	0.173111706	106.9960404	6.366084725	0.061637209	0.710930134	85.15167345	4.796255049	1.333217596	3.798340768	0.714551482	0.191623315	BY804	BY804	agri_aa_oil
AMP_agri_AA_Oil_traits	BY807	Zea	mays cultivar:B73	BY807			11.60468536	5.147332421	8.5999658	40.87653899	6.658242134	14.52883037	3.028269494	7.565218878	3.655950752	5.339192886	22.57287962	6.769528044	8.481019152	5.208413133	2.687435021	4.579206566	8.497058824	14.23950068	180.0392681	163.4589345	64.61275043	10.41292547	62.63289817	30.00913506	12.10779017	4.838814089	13.46606741	3.620961232	2.186479004	12.59381026	20.68338485	22.13857138	12.64531439	9.432833229	8.831617237	4.682204065	73.7391	70.4672	66.59	white	1.481601827	0.014817891	0.279513672	4.494010311	5.326943685	0.070718765	0.064765192	0.039637291	0.015659461	0.018474504	11.82807303	12.7995657	0.134297481	2.385695073	37.48424634	45.29107159	0.633097155	0.567954167	0.339782789	0.143970873	0.176574716	97.39322757	5.537935527	0.064546079	0.827817164	74.13182108	4.362502734	1.65034935	4.042348796	0.843531718	0.192709274	BY807	BY807	agri_aa_oil
AMP_agri_AA_Oil_traits	BY809	Zea	mays cultivar:B73	BY809																						167.8471476	63.47660048	9.657016327	64.55532322	29.01053503	7.669686192	5.091239909	13.11570748	3.310339739	2.064948421	12.69965795	23.99481333	20.1955477	11.11572038	8.98953141	7.758187646	4.213088368	73.1055	68.8982	66.1201	white	1.350293772	0.013598947	0.336725385	4.299465411	5.489587932	0.067478261	0.070143119	0.041210318	0.014933322	0.01877808	11.77399876	12.12978736	0.143137606	2.746480535	35.3936945	47.4406835	0.700200302	0.588307883	0.356269543	0.150843485	0.213776231	91.8427281	4.937054864	0.079344159	0.743639848	78.12398715	4.691472209	1.650863118	4.239399841	0.755246256	0.19117996	BY809	BY809	agri_aa_oil
AMP_agri_AA_Oil_traits	BY813	Zea	mays cultivar:B73	BY813			7.556112132	3.463658088	5.840073529	24.88230699	4.435225184	22.796875	0.616502757	5.197242647	2.188851103	3.625344669	14.73754596	5.986580882	6.264246324	3.512486213	4.391980699	3.195647978	6.729549632	10.28074449	135.7009743	180.1289435	77.59105878	10.05279708	60.84518937	29.63981029	4.783531069	4.837286496	12.55320067	3.855231147	2.598544835	14.08573199	23.69074757	22.57862071	15.56939116	9.24538996	7.982797529	4.828017952	74.4886	68.909	64.5694	white	1.144373243	0.016898008	0.231152588	4.382755162	5.445965346	0.078671415	0.051042156	0.043786573	0.013362756	0.015786466	11.44254252	10.1516323	0.154716787	2.033825834	38.02213359	47.77607691	0.716971487	0.451065099	0.379002262	0.123778948	0.151874674	68.25837322	5.11969559	0.054260477	0.795835874	68.27992602	4.559569201	1.200643154	3.74674101	0.856896684	0.14932868	BY813	BY813	agri_aa_oil
AMP_agri_AA_Oil_traits	BY815	Zea	mays cultivar:B73	BY815																						165.6394765	73.0054322	10.04346263	59.0342907	30.31712182	6.184358	4.750267495	12.77532086	3.807472941	2.408921603	12.9036852	21.3948308	20.6721623	12.1132092	8.852617923	8.107922767	4.63198494	74.3318	70.4731	67.26902	white	1.078684856	0.016098332	0.229935529	4.355023487	5.314284866	0.07838281	0.056342487	0.043233771	0.014364535	0.017702666	11.23602273	9.96824915	0.150968459	2.058841954	37.93909117	47.83156654	0.757592528	0.49919046	0.388694812	0.146125626	0.184820348	69.35417544	5.097568764	0.0556502	0.791055174	65.38323252	4.131697153	1.269897486	3.716008132	0.800141689	0.149476818	BY815	BY815	agri_aa_oil
AMP_agri_AA_Oil_traits	BY843	Zea	mays cultivar:B73	BY843			7.708945687	3.513857827	5.663817891	24.18003195	4.386980831	22.81956869	0.556625399	5.117052716	2.477064696	3.817823482	14.36793131	5.8389377	6.152276358	3.66639377	3.913702077	3.094760383	6.038977636	10.00391374	133.3186621	147.7464086	55.28102987	9.50579821	65.14423336	29.81754452	14.06410055	5.720973337	11.19495114	3.779493978	2.230168155	14.18740152	19.72026579		16.1343353	8.959232371	7.898108557	4.551581717	75.9411	71.9048	70.1413		1.064257511	0.015409247	0.213615065	3.901847419	4.107363692	0.066681507	0.052255126	0.039385425	0.013256465	0.017446483	9.532152551	11.77384917	0.181880976	2.225925597	39.41998106	44.12530608	0.808293303	0.547301434	0.40764775	0.159742774	0.229868465	69.49616495	5.668336533	0.059057423	0.892068145	59.63254555	4.085394033	1.333363481	3.65198776	0.731225037	0.178473664	BY843	BY843	agri_aa_oil
AMP_agri_AA_Oil_traits	BY855	Zea	mays cultivar:B73	BY855			9.395804196	4.57520979	7.759405594	30.39846154	5.472027972	10.94465035	2.506594406	6.982342657	2.354496503	5.026608392	18.37755245	6.098566434	7.076993007	4.553216783	2.341947552	4.356398601	7.036328671	13.07737762	148.3339825	202.6029399	84.88843734	8.872781313	63.65653185	29.68472123	7.484752347	5.479359764	14.14973963	3.600717517	2.300915537	13.73714652	25.01087522	20.99244131	19.54266599	8.913493659	7.423002938	4.244835354	72.5614	70.24457	68.0403	white	1.393349754	0.012197463	0.178966119	3.622754388	4.158350525	0.097844292	0.04695685	0.039256208	0.014533255	0.017652989	9.599552986	14.6705572	0.134499715	1.886554164	37.40679068	43.54904936	1.054381953	0.497031803	0.409539066	0.159421611	0.19933845	111.3658059	7.82988591	0.051220156	0.859029125	41.73408438	3.845001508	1.217062104	3.213958604	0.815883534	0.211594306	BY855	BY855	agri_aa_oil
AMP_agri_AA_Oil_traits	BZN	Zea	mays cultivar:B73	BZN																						136.9363736	17.63127502	7.735904067	56.46834867	27.93586967	2.530939737	6.635022887	9.605486283	3.1166921	1.917785746	12.32589978	17.00184828	16.92277945	7.199251019	7.412860537	7.2815459	4.672926547	60.5787	60.784	57.4414	white	0.87886389	0.010212663	0.100111812	1.967357354	2.686475452	0.080180125	0.02266879	0.020317726	0.007552096	0.01037798	5.791228251	15.29124327	0.181036345	1.749410077	33.83667217	46.43697781	1.406456351	0.401054077	0.352334163	0.134453206	0.187206344	88.07573731	8.854743503	0.052269445	0.728845535	33.07345173	4.406452123	1.166198322	3.003592902	0.752491046	0.216590727	BZN	BZN	agri_aa_oil
AMP_agri_AA_Oil_traits	C8605	Zea	mays cultivar:B73	C8605																						144.3444414	52.38407417	8.010419049	59.57903258	23.80820602	6.654942606	4.623468378	11.18436368	3.487617367	2.38017329	12.83051943	19.89653579	22.81692801	14.7787395	9.430550752	9.02852223	5.028293183	72.833	71.0458	68.1307		0.584765119	0.011356036	0.060331193	0.897842091	2.240634328	0.060316942	0.01896718	0.012539295	0.010647685	0.016486029	3.913818232	14.94231668	0.283612495	1.588175165	23.30871414	56.79374919	1.525518663	0.490618199	0.321229442	0.267433521	0.415901942	57.4578562	9.506494493	0.067391641	0.410729593	37.24561022	3.253889247	1.53722158	1.800863068	0.650458785	0.21616417	C8605	C8605	agri_aa_oil
AMP_agri_AA_Oil_traits	CF3	Zea	mays cultivar:B73	CF3			9.53196	4.3686	6.84364	34.78748	5.06716	12.4912	2.695168	6.73384	3.232256	4.87508	20.47272	6.5042	7.3528	3.86028	2.555608	3.865552	6.41456	13.00804	154.660144	187.4655826	80.24284351	9.262192763	67.87617735	23.75577885	5.864346353	6.162991471	11.01952915	4.28280307	2.632874521	15.46158439	21.7185715	24.93065829	20.9597331	9.635117426	7.835461882	4.425084278	71.1694	72.3593	67.26902	red	0.664196761	0.006853794	0.0647584	0.967704037	2.386316635	0.065236379	0.014919958	0.015494426	0.006437822	0.011240582	4.205142948	15.81428026	0.162811201	1.55980231	22.99334702	56.73318062	1.555143963	0.359525561	0.368844483	0.155330706	0.26694386	98.05107633	10.28305698	0.067801672	0.408150804	36.59472452	4.330751307	0.984222356	2.386285067	0.582775051	0.222593945	CF3	CF3	agri_aa_oil
AMP_agri_AA_Oil_traits	CHANG3	Zea	mays cultivar:B73	CHANG3			6.728667665	3.292971557	5.236526946	23.86321108	3.679401198	22.94341317	0.546923653	5.169797904	1.898345808	3.693218563	14.91212575	5.459169162	5.800449102	2.871938623	3.688589072	2.982148204	4.707934132	10.19244012	127.6672717	165.0896024	34.96825977	7.864249414	62.49641368	33.03326856	5.114664544	5.390999203	10.9109199	3.366729345	2.031664052	11.63536996	18.98289617	20.07055563	12.30225528	8.323856743	8.255365933	4.890285543	64.9593	61.1179	59.3381	red	0.566289281	0.010539562	0.089768834	2.017832633	1.500362722	0.058580613	0.016160762	0.012231149	0.006170131	0.010917459	4.286496821	13.25005614	0.245648269	2.112581011	46.63833798	35.23993779	1.365126105	0.382890689	0.28648674	0.145409301	0.254614053	56.08227191	6.656668934	0.05151387	1.407557582	26.09794613	5.460798004	1.362178828	2.645099662	0.575991939	0.194766016	CHANG3	CHANG3	agri_aa_oil
AMP_agri_AA_Oil_traits	CHANG7-2	Zea	mays cultivar:B73	CHANG7-2			6.538815789	3.224064327	5.436842105	23.89660088	3.550592105	7.943494152	2.096937135	5.008442982	1.675347222	3.531173246	14.81458333	4.64755117	5.52244152	2.572266082	2.235453216	3.250592105	4.437719298	11.06176901	111.4446857	128.7440348	50.7339326	8.191311277	60.33540924	22.23252542	11.14140346	4.388667641	9.414447217	3.766861886	2.308544639	14.77860134	20.71765163	19.6465819	8.878811245	8.805895681	7.959050663	4.796185002	68.0644	67.1282	65.1396	white	0.549997549	0.007587044	0.087358987	1.28900881	1.940555262	0.045576498	0.015568032	0.012316086	0.005671082	0.012697356	3.963540772	13.85239539	0.189566353	2.210669114	32.26293053	49.10815209	1.146623539	0.393558442	0.313114109	0.144653407	0.321949252	75.17491413	6.353982457	0.069540861	0.659457303	44.1395297	5.69201062	1.273184617	2.750884567	0.450692885	0.204943549	CHANG7-2	CHANG7-2	agri_aa_oil
AMP_agri_AA_Oil_traits	CHENG698	Zea	mays cultivar:B73	CHENG698			9.820288162	4.43411215	7.411682243	32.80183022	5.07644081	31.78761682	1.050206386	6.813785047	2.355669782	4.998403427	21.36016355	6.570716511	7.458761682	3.970015576	3.294949377	4.21394081	6.529439252	12.99166667	172.9396885	172.8190433	64.0099284	9.209687848	73.50616259	29.69217902	4.12485028	5.440377164	11.42460273	3.840724091	2.48959626	14.81256182	21.85527792	19.87563906	18.53163696	9.576297198	7.219006999	4.012897402	75.4523	70.6898	68.9329	white	0.589769954	0.007222213	0.064189187	1.054610177	1.90516052	0.0568209	0.022791338	0.015809091	0.010187653	0.015110485	3.74032449	15.72464828	0.189658808	1.722902613	28.14852123	50.94437345	1.515881251	0.60662047	0.421568674	0.271622073	0.402162415	84.3456755	9.376827698	0.061175336	0.556202114	33.68903127	2.81734765	1.464747391	2.264885151	0.676245812	0.231359296	CHENG698	CHENG698	agri_aa_oil
AMP_agri_AA_Oil_traits	CHUAN48-2	Zea	mays cultivar:B73	CHUAN48-2			7.842698658	3.41878225	5.750464396	26.72781218	4.184881321	9.62628999	2.094050568	5.319865841	2.601780186	4.232610939	16.48650671	5.315608875	6.441589267	3.302657379	3.956501548	2.754514964	5.370278638	10.50461816	125.9315119	178.6544587	62.59440071	8.988729666	63.09922018	27.00737492	11.79151816	6.441888039	12.35786394	3.874463617	2.270399128	14.09939167	21.78848833	23.62400451	14.3153452	9.622205668	8.023078585	4.584127445	73.0967	71.4689	69.3792	white	0.74071363	0.008708332	0.117644896	0.998402889	3.023855956	0.066800476	0.025583156	0.01256034	0.009335595	0.014136169	5.024014554	14.79271824	0.174899132	2.338691086	19.86092998	60.20315951	1.336074484	0.512027906	0.252880434	0.187899298	0.285228062	85.89638163	6.388673647	0.119636799	0.334594449	45.22237324	4.600560376	2.051325985	2.767805981	0.672800831	0.222472278	CHUAN48-2	CHUAN48-2	agri_aa_oil
AMP_agri_AA_Oil_traits	CI7	Zea	mays cultivar:B73	CI7			9.715353982	3.968128319	7.480619469	32.59831858	4.676460177	30.88942478	0.762853982	6.031327434	3.041787611	4.841814159	19.52181416	6.236548673	6.81119469	3.326110619	3.337469027	3.135964602	5.54840708	11.91110619	163.8347035	193.9470019	71.08524343	7.808794892	73.16813395	35.32250209	5.79317544	5.802487055	10.43658325	3.862105207	2.406046772	15.64984049	21.3150256	20.37029338	15.97972937	9.542704441	7.397547893	4.357870109	72.6968	70.4731	67.5562	white	0.521004479	0.007944358	0.106970014	0.833622096	2.09392494	0.067070075	0.025150528	0.010762198	0.011602291	0.013635355	3.690600278	14.07845074	0.211750164	2.876132563	22.50035685	56.72552052	1.825877144	0.681894933	0.295957341	0.313405124	0.366004829	67.79179545	5.135097754	0.130443992	0.405897092	30.58598495	4.241420623	2.312280216	2.21148463	0.85043013	0.226483202	CI7	CI7	agri_aa_oil
AMP_agri_AA_Oil_traits	CIMBL1	Zea	mays cultivar:B73	CIMBL1			6.868694444	3.495611111	5.407694444	23.23855556	4.027805556	8.297305556	1.821813889	5.111583333	1.106752778	3.632444444	14.37325	5.23775	5.810138889	3.034222222	2.586480556	3.221888889	5.562166667	10.57308333	113.4072417	184.7092465	64.42572103	9.179059982	68.35387307	30.19334245	10.53814388	5.376910755	11.39046334	3.641752076	2.117631009	12.74851912	22.34960676	22.72725432	13.87460954	9.485914897	7.796747324	4.544366653	68.3856	66.683	63.5776	red	0.513997432	0.008515058	0.059276443	0.648651292	2.163489164	0.059240989	0.018438562	0.009279134	0.008837177	0.013370775	3.5023941	14.68896171	0.240672052	1.707213353	18.45918912	61.71897818	1.699427699	0.53347359	0.268985092	0.257612317	0.385001925	61.98293118	8.70797762	0.092619381	0.303624084	36.61597793	3.235392076	1.977120495	2.12568128	0.660739507	0.214195795	CIMBL1	CIMBL1	agri_aa_oil
AMP_agri_AA_Oil_traits	CIMBL10	Zea	mays cultivar:B73	CIMBL10			8.615547445	3.552718978	6.615364964	28.38335766	4.43189781	23.08080292	0.682441606	5.281350365	3.247211679	4.287189781	17.0679927	5.65810219	6.328138686	3.421883212	2.550164234	2.575627737	5.573065693	9.240547445	140.5934051	180.2614166	61.09010583	8.050204319	90.87381402	28.94267121	9.362861462	6.729812157	13.17578197	3.684975144	2.336269913	13.6277183	22.95141698	22.89323307	18.86897841	9.405575074	7.810148517	4.719314138	74.3816	73.1384	69.6023	red	0.70838138	0.009823406	0.078931935	0.776055058	2.400242151	0.073933078	0.022363179	0.013338432	0.010456586	0.015196469	4.112262685	17.22832939	0.237868493	1.924458115	18.94000287	58.31855879	1.812210726	0.543208637	0.324739485	0.254268459	0.368821521	73.02513443	8.97862654	0.10153556	0.328667909	32.2684861	3.569075738	1.687008035	2.175208381	0.713388116	0.255895505	CIMBL10	CIMBL10	agri_aa_oil
AMP_agri_AA_Oil_traits	CIMBL100	Zea	mays cultivar:B73	CIMBL100																						167.8426146	62.411898	10.60325579	77.12300159	31.2210258	10.94422153	5.351879822	13.06541604	3.76667951	2.494062076	12.97114896	21.02153577	25.38598646	20.1830854	8.768595049	8.633577383	4.992338242	75.2934	75.1418	73.5072	white	0.532032243	0.006780347	0.076975269	0.802231958	1.719125752	0.052047669	0.01762047	0.00962822	0.007659357	0.01266991	3.234688298	16.44221928	0.206124909	2.373366634	24.65143331	53.17924144	1.606949874	0.544141851	0.298497777	0.236664288	0.38826071	80.14715021	6.960252566	0.096713569	0.46565903	33.20636595	4.380701701	1.826759186	2.312593508	0.610659388	0.250971546	CIMBL100	CIMBL100	agri_aa_oil
AMP_agri_AA_Oil_traits	CIMBL101	Zea	mays cultivar:B73	CIMBL101			7.016219723	3.329359862	5.382093426	26.04018166	3.962737889	24.01487889	0.62608564	5.259861592	1.872776817	3.897288062	16.01154844	5.892690311	6.376297578	2.638771626	7.132482699	3.193261246	4.980406574	13.11626298	140.743205	182.9727703	81.763037	9.273131287	82.06601489	36.06038518	12.32644736	5.401804906	13.16801109	3.836711823	2.449403917	12.97869573	22.95855608	24.25111961	22.00796927	8.676778109	8.228563547	4.466170429	74.2745	73.5836	71.6105	white	0.743624806	0.009521006	0.074971716	1.435068431	2.10115472	0.068568511	0.026861236	0.016176094	0.012505809	0.015154862	4.505700851	16.50987668	0.212649591	1.690048498	31.78575573	46.66643314	1.525544009	0.594117458	0.356072912	0.276330757	0.337564108	78.02146091	9.87138469	0.053841946	0.683512363	30.93888169	2.856678612	1.67095556	2.15367929	0.823682431	0.241530595	CIMBL101	CIMBL101	agri_aa_oil
AMP_agri_AA_Oil_traits	CIMBL102	Zea	mays cultivar:B73	CIMBL102			10.93203125	5.180133929	8.276860119	36.8078869	5.945238095	9.742894345	3.264267113	8.208630952	2.978125	5.985342262	23.48921131	7.058370536	8.880989583	4.401599702	3.645948661	4.954017857	7.82265625	16.98872768	174.5629315	158.298366	60.32498557	8.938412457	72.02758061	30.66020005	12.52948619	5.750323031	12.50114324	3.719991301	2.19782962	13.19755218	21.64071286	22.90111405	13.67925643	8.823111358	7.970962834	4.626538957	71.7048	70.4672	67.4825	white	0.713333805	0.01148965	0.07332687	1.240863473	1.966117088	0.071210217	0.022372786	0.015975365	0.009203763	0.0128263	4.138828529	17.27599961	0.276361863	1.778134147	29.88708924	47.52332381	1.732766601	0.542834836	0.384942737	0.223551809	0.309893308	63.40993846	9.809232242	0.059898586	0.632990493	27.53194787	3.306541018	1.433006012	2.453604628	0.726689013	0.253045796	CIMBL102	CIMBL102	agri_aa_oil
AMP_agri_AA_Oil_traits	CIMBL105	Zea	mays cultivar:B73	CIMBL105			8.93382732	4.175483247	7.10496134	31.49065722	4.314787371	11.54275129	2.26685567	6.440528351	2.347554768	5.256958763	20.96111469	6.40818299	8.175354381	3.469265464	3.245940722	3.475386598	5.822841495	12.48923969	147.9216914	179.4664688	72.79258158	8.892470656	77.34592626	33.03699746	10.96608725	6.278845023	13.88528851	3.845817231	2.592547345	14.48443618	22.95061679	22.42262803	24.57284143	7.999628172	8.070727272	4.834620434	75.1311	73.6949	69.8254	white	0.690059059	0.007894882	0.085805345	1.590231477	2.069557091	0.061910839	0.024735429	0.015585456	0.009674825	0.015450577	4.572010663	15.09212736	0.173026182	1.881619486	34.70984502	45.2988396	1.363488468	0.539074549	0.339362041	0.211160168	0.33957287	87.87917844	8.071782179	0.054977853	0.770933097	33.56487217	3.507981012	1.591001243	2.568761292	0.625540712	0.221252359	CIMBL105	CIMBL105	agri_aa_oil
AMP_agri_AA_Oil_traits	CIMBL106	Zea	mays cultivar:B73	CIMBL106			9.1103125	4.01365625	6.4186875	29.892375	5.3846875	11.32528125	4.89671875	7.15609375	3.8579375	4.4615	17.22225	5.8570625	6.75859375	4.09359375	2.9856875	3.9251875	7.2439375	11.969125	146.5726875	208.1357766	68.89355964	8.314916597	85.28477413	33.01984454	11.51763887	6.884921872	14.00999809	3.823398389	2.668601048	13.46923604	19.87169064	22.94991679	24.9668541	8.170350296	8.26281104	4.723290217	73.3109	72.8045	70.3833	white	0.833981359	0.009106194	0.111069299	1.462479576	2.196156407	0.050268191	0.021829089	0.012840352	0.008169537	0.012555981	4.720640761	17.83879195	0.194317746	2.273041737	30.19121104	47.24907629	1.046346878	0.454175439	0.270468807	0.174738417	0.271675924	91.80090702	8.293343287	0.074920566	0.661778662	46.25679286	4.980365893	1.677801076	2.625164494	0.655893771	0.266627801	CIMBL106	CIMBL106	agri_aa_oil
AMP_agri_AA_Oil_traits	CIMBL107	Zea	mays cultivar:B73	CIMBL107			6.264726841	2.871122328	5.250178147	21.95748219	3.295516627	8.121912114	1.657529691	4.322595012	1.56368171	3.748337292	14.41398456	5.300771971	5.77057601	2.511407363	2.325706651	2.359664489	4.601068884	8.86739905	105.2036609	199.0809057	63.27726779	8.107084643	91.83375494	33.8983721	16.96900815	7.053983255	14.08747504	3.844918735	2.786386943	13.56357072	18.58882827	28.3816608	31.48593013	8.305206427	9.083261863	5.167285726	76.2018	74.0288	71.8336	white	0.663673336	0.008625249	0.116393268	1.445145487	2.302310559	0.06203209	0.022195496	0.01250551	0.008346631	0.014404335	4.656539892	14.15702398	0.187240182	2.473645409	31.00816682	49.49273819	1.352297011	0.47613221	0.271149931	0.179089556	0.314288272	78.96493639	5.981035419	0.080706577	0.629897426	36.86311124	5.134979246	1.743457964	2.6512916	0.585323624	0.215064606	CIMBL107	CIMBL107	agri_aa_oil
AMP_agri_AA_Oil_traits	CIMBL108	Zea	mays cultivar:B73	CIMBL108			8.861708333	4.102933333	6.636166667	29.159375	5.239541667	25.22125	2.9929875	7.852208333	4.894458333	4.684666667	18.4535	5.898416667	6.742708333	3.593029167	3.551820833	4.026783333	5.642166667	13.125125	160.6788458	184.7258874	55.06930215	8.130833476	85.54996954	33.04197975	14.00036037	7.304896755	12.25323541	3.814477077	2.555058863	14.05970439	18.24807678	22.19397337	21.96466224	8.520402382	8.288124405	4.51255802	78.7503	74.474	70.718	white	0.692349088	0.008599915	0.094474676	1.20356878	2.292162176	0.050271265	0.022154901	0.012235336	0.00944626	0.014795443	4.401146699	15.73364333	0.195774388	2.137175545	27.36272092	52.05069049	1.13476363	0.504405642	0.280878378	0.214997213	0.337794225	80.58202205	7.449445431	0.078186842	0.52670399	46.53718738	4.247997311	1.83575626	2.384282019	0.638706181	0.234233188	CIMBL108	CIMBL108	agri_aa_oil
AMP_agri_AA_Oil_traits	CIMBL109	Zea	mays cultivar:B73	CIMBL109			13.18449564	5.101307597	8.973910336	37.51120797	6.031537983	13.6622665	4.115628892	8.252023661	3.365940224	5.693742217	22.19445828	6.99252802	8.654825654	4.663075965	4.803300125	4.247384807	7.884838107	13.68237858	179.0148506	189.6411106	66.49053506	7.640774762	81.044807	31.06168415	11.41250927	6.235806165	12.44185983	3.597815783	2.326509771	12.81100856	16.66848284	25.47417653	19.90296295	7.754316926	8.396395218	5.81939706	74.3763	73.0271	70.3833	white	0.790699798	0.00966245	0.116401431	1.424050207	2.683646076	0.058232634	0.029572558	0.01508803	0.010284211	0.013711011	5.157502463	15.37002263	0.191161152	2.254452101	27.57504368	52.10829826	1.1329672	0.574494849	0.292292744	0.20009936	0.269683476	82.77536126	6.888916185	0.085620456	0.555650846	46.43075594	4.204459435	1.917645248	2.843239836	0.77496444	0.230550409	CIMBL109	CIMBL109	agri_aa_oil
AMP_agri_AA_Oil_traits	CIMBL11	Zea	mays cultivar:B73	CIMBL11			6.807807692	3.189903846	5.457846154	22.40365385	3.859961538	8.177615385	1.565534615	4.513461538	2.142503846	3.333373077	13.28684615	4.663923077	5.414653846	3.009665385	3.168065385	2.445996154	5.122615385	8.873653846	107.4370808	191.7676075	84.32646589	9.511591107	70.45573422	23.96534273	13.93513958	6.328770108	10.62170798	3.930452993	2.559188558	13.32207395	20.95751905	22.34293281	18.44158394	8.419977603	8.332795048	4.344237334	77.2725	74.9192	72.6146	white	0.583570165	0.0097596	0.094211477	1.157046782	1.575908916	0.051308081	0.022155662	0.0109605	0.008464086	0.013281	3.525423305	16.52153723	0.271120004	2.638082919	32.50567369	44.95453142	1.435977728	0.629180777	0.317896586	0.24161832	0.376037781	62.00061415	6.308773586	0.082619576	0.730297554	31.86460644	4.231500443	2.033438999	2.647622677	0.641102035	0.258081349	CIMBL11	CIMBL11	agri_aa_oil
AMP_agri_AA_Oil_traits	CIMBL110	Zea	mays cultivar:B73	CIMBL110			9.889356436	3.966058168	7.316305693	30.25241337	4.917543317	10.71352104	2.370445545	6.22137995	2.747144183	4.519956683	17.9049505	6.192017327	7.156652228	4.004950495	2.650943688	3.352784653	6.519925743	11.03375619	141.7301052	192.8673499	57.47935648	8.462039743	89.79103706	36.73345065	13.50563438	6.328633327	14.78843746	3.324187511	2.265180036	11.61108991	19.28576623	24.59461406	21.31746214	8.345819656	9.223398802	5.249441257	76.9513	73.6949	70.1601	white	0.655201049	0.007845489	0.083728752	0.912848784	2.247446143	0.0552166	0.018162276	0.012056009	0.0074795	0.013514336	4.0134323	16.28363527	0.194251999	2.084188596	23.11446017	55.63045868	1.3596029	0.460502266	0.303520765	0.188232748	0.334005258	84.55196756	7.828955417	0.089706479	0.415706384	40.97087695	4.522908876	1.537200243	2.510783303	0.567399912	0.240695619	CIMBL110	CIMBL110	agri_aa_oil
AMP_agri_AA_Oil_traits	CIMBL111	Zea	mays cultivar:B73	CIMBL111			7.26298768	3.483033881	6.046971253	25.31047228	4.191170431	8.997972279	2.169543121	5.163347023	2.530438912	3.822946612	15.17825975	4.807982546	5.86386037	3.131955852	2.541214066	3.267607803	5.545713552	11.13213552	120.4476129	137.3807688	48.53981501	9.253441944	65.19653185	24.8893628	11.80323194	5.649788957	11.66378409	3.503259938	2.207922979	11.41598119	19.2886487	24.51705835	15.7395314	7.894899474	8.27323419	4.85450083	75.024	71.6915	69.937	white	0.618206336	0.008510871	0.081467725	1.673306348	1.902094366	0.053551926	0.029476021	0.018692544	0.015419942	0.008443298	4.408188471	14.09040128	0.193095551	1.852124242	37.46854921	43.48225838	1.223193195	0.664586209	0.422784563	0.350820589	0.192999077	73.93526263	7.703792971	0.050333275	0.867135595	35.72721492	2.804822293	1.575900218	1.907080949	1.906387855	0.207971211	CIMBL111	CIMBL111	agri_aa_oil
AMP_agri_AA_Oil_traits	CIMBL112	Zea	mays cultivar:B73	CIMBL112			8.991058655	4.208762518	7.350071531	30.6202432	5.284155937	10.71348355	2.772310443	6.175751073	2.720704578	4.329935622	17.7082618	6.174141631	7.067381974	4.049713877	3.220708155	3.878075823	7.294885551	13.67557225	146.2352182	170.5490934	58.93463067	7.426708459	66.29750674	31.58123701	11.77589979	6.005009353	13.12202021	3.142771842	1.762412567	10.99389416	20.72835999	24.3956977	8.923123047	8.797287843	8.326838963	4.992338242	68.5997	63.6779	62.5735	white	0.945168631	0.011444227	0.093001411	1.34201351	2.444284192	0.049199438	0.025295488	0.013354422	0.009210196	0.014765735	4.952211104	19.12341374	0.230574807	1.888278769	27.04279653	49.42145699	0.991004682	0.512448385	0.272824498	0.187807134	0.303446955	82.88454523	10.16069108	0.070029485	0.548610946	50.40559261	3.69791088	1.885482348	2.752672682	0.638891613	0.282981215	CIMBL112	CIMBL112	agri_aa_oil
AMP_agri_AA_Oil_traits	CIMBL113	Zea	mays cultivar:B73	CIMBL113			8.498324742	3.620824742	6.410902062	27.23891753	4.183659794	9.906005155	2.044721649	5.569252577	2.22021134	4.200051546	16.66298969	4.814123711	6.424561856	3.061340206	2.752268041	3.174149485	5.049819588	11.74476804	127.5768918	189.5060779	68.29923896	8.964664914	78.54471503	32.95123288	13.71257779	6.669491713	12.1620489	3.637010304	2.562351844	13.42772879	19.00431291	22.47075182	16.94355916	8.369765214	8.317904834	4.9048645	73.6321	70.4672	67.4825	white	0.649666792	0.009324459	0.102795864	0.983981187	1.943339955	0.06050229	0.030006567	0.013174032	0.011803656	0.012421667	3.817888839	17.08371194	0.239603006	2.661398795	25.53756365	51.04442768	1.584258561	0.782697286	0.347439555	0.309363267	0.32297158	73.59237077	6.469572245	0.105283905	0.504149788	32.31765379	3.448176232	2.253588181	2.525088017	0.959632942	0.269836106	CIMBL113	CIMBL113	agri_aa_oil
AMP_agri_AA_Oil_traits	CIMBL114	Zea	mays cultivar:B73	CIMBL114			7.378950339	3.187217833	5.635778781	22.91506772	3.70787246	9.166930023	0	4.657674944	1.491261287	3.656574492	14.04201467	4.438572235	5.629232506	3.00744921	2.703267494	2.516935666	4.718002257	8.686060948	107.5388629	173.7858328	71.01271091	8.262411682	77.30498091	29.27454283	6.047862213	5.795187217	12.05007878	3.698835706	2.208994159	14.68426666	20.84401036	25.56939392	11.76193718	8.983791004	8.128799109	4.95125209	75.3452	74.0288	70.8295	white	0.675020633	0.010706687	0.141504744	1.499469081	1.444067649	0.06005297	0.037371177	0.012248702	0.012691309	0.017174725	3.910302366	17.27948572	0.270863097	3.575894543	38.23720057	36.94487136	1.530885342	0.949172741	0.31471411	0.32315122	0.438753006	64.92952571	4.931723776	0.094185136	1.041256228	24.25544667	3.801487715	3.031016228	2.91051195	0.738091907	0.293382028	CIMBL114	CIMBL114	agri_aa_oil
AMP_agri_AA_Oil_traits	CIMBL115	Zea	mays cultivar:B73	CIMBL115			8.049368825	3.690230516	6.30381449	25.41849616	4.248710209	8.641328211	2.042768935	5.457135016	1.422165203	3.967837541	14.92351811	5.125603732	6.105296378	3.610345774	2.7291191	3.178210757	6.135949506	10.63962678	121.6895252	194.7782161	88.84453967	10.04101566	73.63127337	31.70578209	8.687366916	5.652934921	12.51564806	3.908932646	2.46726718	13.47678282	21.4608123	24.00466582	19.42930829	9.110039297	8.09901868	4.61196	75.6664	75.1418	73.6187	white	0.782984245	0.00983512	0.093857957	1.89752975	2.425193783	0.059303336	0.03154769	0.022121687	0.012353206	0.017912249	5.357089484	14.64762739	0.185104741	1.765298366	35.27551442	45.37611846	1.112186076	0.587874097	0.411157224	0.23217376	0.338943455	79.97994974	8.361910722	0.05060949	0.777490081	40.94613685	3.009815775	1.436138187	2.539141942	0.686312839	0.214225949	CIMBL115	CIMBL115	agri_aa_oil
AMP_agri_AA_Oil_traits	CIMBL116	Zea	mays cultivar:B73	CIMBL116			8.661384615	4.058115385	6.965461538	30.85496154	4.551384615	10.90411538	2.557592308	6.446423077	2.475753846	5.1645	19.50534615	6.099538462	7.029153846	3.232215385	3.181792308	4.089615385	5.847769231	13.72415385	145.3492769	179.0481102	71.49231876	7.9495699	72.24368105	29.56763394	11.79932734	5.531473345	12.96812763	3.268064028	2.179408129	11.79007882	20.90183554	23.7513638	15.31259897	7.715569512	8.131777152	5.042701912	75.2381	72.0254	69.4907	white	0.82043239	0.009783418	0.106842134	1.845379909	2.199322009	0.054038447	0.029265353	0.016321985	0.009346948	0.011070964	5.104137052	16.12445382	0.194693013	2.098214053	36.07128152	43.1166529	1.059381667	0.573673271	0.319437308	0.184030238	0.220870922	83.6954299	7.713876611	0.059117854	0.841073439	41.16538576	3.66273058	1.804764171	3.111950782	0.876542722	0.238346872	CIMBL116	CIMBL116	agri_aa_oil
AMP_agri_AA_Oil_traits	CIMBL117	Zea	mays cultivar:B73	CIMBL117			7.415566038	3.117886792	5.655518868	22.53127358	4.215608491	21.7075	0.675877358	4.418891509	2.187391509	3.430716981	12.86867925	4.874433962	4.828349057	3.106070755	3.291169811	2.736466981	5.070518868	9.420377358	121.5522972	154.4585743	80.22429514	8.408987902	75.9287623	28.57723954	10.56938062	4.870410512	12.27649545	3.629168144	2.382044527	14.72200053	21.19952814	20.75762364	16.42611167	8.232039803	7.948627513	4.623888237	73.7391	72.1367	70.6064	white	0.5970004	0.007904241	0.074681442	1.207518277	2.418096075	0.064090209	0.018534018	0.013216796	0.00748968	0.010077732	4.419635085	13.54743372	0.179796574	1.709382141	27.07210845	54.85557808	1.467498923	0.425712874	0.302473688	0.173999512	0.231391427	76.76895812	8.020105056	0.063620713	0.496367656	37.63544941	4.063178711	1.408203701	2.496444041	0.757319926	0.192632441	CIMBL117	CIMBL117	agri_aa_oil
AMP_agri_AA_Oil_traits	CIMBL118	Zea	mays cultivar:B73	CIMBL118			7.725813008	3.412059621	5.702269648	23.66954607	4.029776423	8.439329268	2.033072493	5.115074526	1.302699864	4.051355014	14.67408537	5.073407859	5.996646341	3.37052168	2.282388211	3.298739837	6.186720867	10.60738482	116.9708909	197.8689288	87.05473238	9.437391453	75.0302394	30.29439549	13.12158979	5.884368464	12.83935314	3.881941026	2.815600822	15.05405859	17.85423429	21.0567775	27.06094408	8.630869638	7.625509856	4.60930928	82.4119	79.4825	75.7385	white	0.724159308	0.011448973	0.094159246	1.113867065	2.422278015	0.055210139	0.023649156	0.013918664	0.008279485	0.014705587	4.484727695	16.16309025	0.254451024	2.100221816	24.82611634	54.01791938	1.22932446	0.527469049	0.311465277	0.185615944	0.328888326	64.57031019	7.731477474	0.085067603	0.461785101	44.23400235	3.988388975	1.699946495	2.87181762	0.566656028	0.240214829	CIMBL118	CIMBL118	agri_aa_oil
AMP_agri_AA_Oil_traits	CIMBL119	Zea	mays cultivar:B73	CIMBL119			8.573608964	3.71444745	6.624072643	27.1511592	5.032109737	22.60645286	0.863075734	5.958693972	2.296993818	4.03427357	15.26684699	4.965842349	5.605139104	3.941924266	2.796959042	3.300691654	6.50946677	11.59802937	140.8397875	220.4631735	95.83959369	7.256067487	86.79065301	33.40615802	15.64144661	6.061363148	12.06688314	3.634639419	2.378323013	13.36358121	23.29836807	18.52716925	16.26887624	7.691180638	8.09901868	4.122902259	75.6664	74.1401	68.8213	white	0.636064117	0.011224349	0.084646326	1.079599294	2.169841763	0.065730219	0.020054811	0.011870959	0.008721839	0.013618488	4.102858088	15.46257443	0.268379737	2.060368072	26.37665706	52.83372395	1.601325874	0.487971098	0.292653527	0.212729168	0.330454563	60.37642116	7.5304113	0.078246672	0.499351939	33.21150759	4.284461254	1.689705854	2.316075139	0.645714559	0.229101313	CIMBL119	CIMBL119	agri_aa_oil
AMP_agri_AA_Oil_traits	CIMBL120	Zea	mays cultivar:B73	CIMBL120			6.645256233	3.341014543	5.191932133	22.61911357	4.135041551	7.398788089	2.18890928	5.187430748	2.0141759	3.861772853	13.59688366	5.058171745	5.131578947	3.228853878	2.338549169	3.286028393	5.547714681	10.48133657	111.2525519	161.8124231	55.93752323	7.905815804	74.19995875	33.42778561	6.973250696	6.383208967	13.10963805	3.682057131	2.347062302	11.09200223	20.33857543	24.92142397	16.19740559	8.99957204	9.796503141	5.767673684	73.9533	72.248	68.7097	white	0.69843203	0.007701811	0.109795443	1.322733477	1.917644904	0.047432444	0.023577118	0.015668632	0.008587009	0.011085141	4.163001419	16.79711752	0.184989676	2.624219363	31.63929346	46.13203377	1.134063377	0.563239591	0.376081495	0.206574769	0.265952207	90.94028865	6.440701887	0.083873977	0.68743126	41.01016291	4.717700306	1.499383453	2.738101831	0.784433854	0.258416067	CIMBL120	CIMBL120	agri_aa_oil
AMP_agri_AA_Oil_traits	CIMBL121	Zea	mays cultivar:B73	CIMBL121			7.956787879	3.479090909	6.476939394	26.50915152	4.795606061	12.12545455	3.953272727	7.136818182	4.044363636	4.051212121	15.7979697	4.639969697	6.135545455	3.238666667	5.999484848	2.617260606	5.728939394	11.02448485	135.7110182	201.4279683	78.3323614	8.369609216	79.45461164	33.57638206	10.97936286	5.759897705	13.43475823	3.50989436	2.295333267	11.31840545	22.50594892	21.79857372	19.37213178	8.313814266	8.839062344	4.692806943	74.2745	71.2463	69.4907	white	0.673381743	0.011870253	0.077610825	0.871953163	2.181015248	0.046224992	0.021631756	0.011067004	0.009728734	0.015072908	3.92073624	17.07971648	0.301504728	1.969555987	22.19582324	55.7860897	1.168695954	0.542035603	0.280239151	0.242863331	0.379467959	57.97965968	8.676417481	0.088589928	0.401798213	47.93473226	3.778705754	1.925578948	2.246994827	0.633531937	0.254662063	CIMBL121	CIMBL121	agri_aa_oil
AMP_agri_AA_Oil_traits	CIMBL122	Zea	mays cultivar:B73	CIMBL122			9.2586875	4.14803125	7.45884375	32.0215625	4.81646875	11.4628125	2.391653125	6.1341875	2.602515625	4.61740625	19.31946875	5.793625	7.52284375	3.67521875	3.54734375	3.49740625	6.30840625	14.02496875	148.60145	195.7220712	80.5788119	8.249285454	64.24796464	29.61706843	11.94770187	5.491396497	12.41093035	3.490562524	2.339247124	11.62027641	19.20777188	22.26667855	16.65243539	8.094314392	8.858419623	4.837271154	70.527	68.2412	65.809	white	0.732565658	0.008707304	0.070463827	1.027919843	2.37342161	0.063423089	0.020664457	0.016348396	0.00862927	0.0110843	4.335688427	16.91266698	0.200449579	1.635298945	23.72754336	54.7212001	1.465962111	0.47770682	0.376319301	0.199494721	0.255614656	86.14269366	10.3965304	0.068750271	0.435958786	37.39612979	3.41530204	1.280168129	2.411489424	0.798567808	0.24245555	CIMBL122	CIMBL122	agri_aa_oil
AMP_agri_AA_Oil_traits	CIMBL123	Zea	mays cultivar:B73	CIMBL123			10.53810573	4.678689427	8.568777533	38.27477974	4.851238987	14.79452093	0	6.86910793	3.225330396	5.55561674	23.63359031	6.857075991	9.141437225	3.634911894	3.335352423	3.695126652	6.88215859	13.84922907	168.3850496	178.7273613	61.05455479	8.675887884	74.26820099	37.03437244	13.62277216	5.697662326	9.488740187	3.165204068	2.022918496	11.79385221	18.17976865	17.88358323	10.23675356	7.807386453	7.629976921	4.291222945	69.7775	67.9073	64.9165	white	0.762203844	0.008216724	0.075802117	2.187093119	1.821690334	0.059214062	0.021268386	0.018563838	0.008041514	0.011655943	4.973560928	15.33506719	0.166092253	1.531706492	43.5454212	36.97698141	1.20769166	0.429858424	0.373877338	0.165131935	0.236439674	93.38563457	10.23583717	0.036130556	1.193030028	30.96587552	3.539994862	1.165655761	2.663391928	0.709070109	0.215465955	CIMBL123	CIMBL123	agri_aa_oil
AMP_agri_AA_Oil_traits	CIMBL124	Zea	mays cultivar:B73	CIMBL124			7.639605544	4.018736674	4.799520256	19.30119936	4.835767591	6.362899787	2.465930171	5.2929371	1.254418977	3.227878465	9.964472281	3.998320896	4.595255864	4.257915778	2.286012793	4.007675906	6.916204691	9.561034115	104.7857862	194.0119639	85.62518301	8.892470656	70.87883614	31.36794424	17.02367245	6.058490746	11.77625612	3.47633721	2.164336	12.0579893	22.00908069	21.33576644	15.344999	8.804461042	7.717829187	4.287246866	73.3109	71.6915	69.4907	white	0.972149872	0.015631617	0.128627354	1.944970333	2.412345265	0.067950375	0.039696734	0.01787792	0.014256477	0.020582924	5.640833998	17.30239196	0.277411971	2.26185059	34.29095005	42.94474677	1.21416585	0.700415133	0.318131795	0.253659183	0.370149859	63.95817247	7.858613633	0.066238278	0.799969489	35.47504335	3.256236083	2.204742438	2.753209178	0.68644307	0.265002838	CIMBL124	CIMBL124	agri_aa_oil
AMP_agri_AA_Oil_traits	CIMBL125	Zea	mays cultivar:B73	CIMBL125			7.765250965	3.565492278	6.543291506	28.82712355	4.057176641	26.27094595	0.760675676	4.975772201	1.620197876	3.806187259	16.81500965	5.45284749	5.733832046	2.723928571	3.114285714	2.72386583	4.767118726	10.19150579	139.7145077	197.8428922	76.31114111	8.901221476	83.52867368	32.23901402	13.95856714	6.133993887	13.65445316	3.648499981	2.437495074	14.72200053	21.61929613	19.99735153	20.40702676	8.477363191	7.192204612	4.515208739	71.2765	70.022	68.375	white	0.689084497	0.009344516	0.077274274	1.148251634	2.226309989	0.061527408	0.030282595	0.016162646	0.014717847	0.018826002	4.294120845	16.05620078	0.216462639	1.839172541	26.72440411	51.82048717	1.428248505	0.698541733	0.374115627	0.336687843	0.442802489	74.97338823	8.732784373	0.069292876	0.51772126	36.44613854	2.581599034	1.87027616	2.0949565	0.760855353	0.241296704	CIMBL125	CIMBL125	agri_aa_oil
AMP_agri_AA_Oil_traits	CIMBL126	Zea	mays cultivar:B73	CIMBL126			9.474651067	4.46272578	6.21683087	25.4954844	5.07955665	9.367118227	2.131999179	5.774117406	2.12910509	4.061412151	15.02805829	4.882881773	6.332409688	4.533251232	4.408107553	3.606444992	7.085262726	10.98052135	131.0499384	192.7595472	79.21109043	8.253660863	65.17378443	31.9742625	14.7316765	6.434912206	11.8547944	3.647770477	2.404001455	13.31075379	18.86510414	21.82440379	14.7637044	9.028264834	7.542124655	4.61196	72.24015	72.8045	68.7097	white	0.913787975	0.011860818	0.110441322	1.674619134	2.585703676	0.067401276	0.033563603	0.017491313	0.011464518	0.016787006	5.449342689	16.80234458	0.219119508	2.031549707	30.66082656	47.52875096	1.246851804	0.61406054	0.321604961	0.212024059	0.312428116	76.78204504	8.283834436	0.066766589	0.646829374	38.19458281	3.336073946	1.909145526	2.900454255	0.680514966	0.250372414	CIMBL126	CIMBL126	agri_aa_oil
AMP_agri_AA_Oil_traits	CIMBL127	Zea	mays cultivar:B73	CIMBL127			10.5153789	4.365824666	7.258543834	31.93506686	4.619947994	12.14138187	1.814375929	6.633395245	2.520624071	5.620356612	20.51623328	6.557020802	7.673997028	3.950594354	2.900274889	3.478068351	5.819427935	13.03413819	151.3546508	162.7146196	64.18492344	9.275318991	59.95780215	29.73319686	16.87920252	6.001589827	14.87321165	3.47633721	2.210482765	13.77865378	25.81269264	20.49391933	16.66196481	8.186131333	7.449805325	4.440988594	74.7028	72.248	69.937	white	0.577462566	0.007701616	0.115257674	1.653449753	2.028612856	0.061634563	0.029074648	0.015192603	0.011751122	0.016329986	4.516504336	12.80833798	0.17096864	2.543687086	36.25317258	45.18151849	1.364267391	0.639850278	0.33558118	0.259348258	0.362396324	76.15198679	5.134851934	0.071162838	0.806268906	33.29782795	3.993648065	1.906347971	2.462538502	0.719842705	0.200537683	CIMBL127	CIMBL127	agri_aa_oil
AMP_agri_AA_Oil_traits	CIMBL128	Zea	mays cultivar:B73	CIMBL128			7.515570934	3.428365052	5.429714533	24.51323529	4.440181661	22.41345156	0.54808391	5.289619377	2.026189446	3.725514706	13.81107266	5.844031142	6.09900519	3.996539792	4.452422145	3.019459343	6.685856401	10.21630623	133.4546194	209.3594977	77.64938393	8.56869035	87.70054961	39.70898556	13.38068741	7.132085237	13.79065694	3.517554145	2.299426932	12.94850864	20.20150834	24.64276153	24.73100096	8.771464329	8.103485744	4.781606045	78.7715	76.2548	71.4989	white	0.565913098	0.006021023	0.134376467	0.803917766	2.389316458	0.064359206	0.020617918	0.009637619	0.007583542	0.012926072	4.016340677	14.08519336	0.14882791	3.302810605	20.01810265	59.48624447	1.606188709	0.513781011	0.243418023	0.189871705	0.321264393	97.37152169	4.466206224	0.166391268	0.340416746	37.08132356	6.436567074	2.142585209	2.756729509	0.59121347	0.227233163	CIMBL128	CIMBL128	agri_aa_oil
AMP_agri_AA_Oil_traits	CIMBL129	Zea	mays cultivar:B73	CIMBL129			7.342039295	3.370745257	4.631199187	17.94803523	5.059281843	4.724322493	2.727550813	5.489769648	1.609142954	3.578082656	9.595968835	4.384722222	4.529607046	4.334857724	2.895921409	3.834044715	7.499017615	9.038346883	102.5926558	165.4290755	65.7870389	8.524936255	69.16595579	33.44025115	12.25616469	5.262972137	12.85615751	3.565518984	2.202853663	12.01648205	23.36690162	20.56773346	17.12652402	7.851860284	7.856308182	4.639792554	72.13307	70.5785	68.7097	white	0.665178058	0.010232559	0.063306402	0.968007339	2.209962219	0.059899535	0.023610177	0.012568655	0.01173112	0.015362937	4.04177473	16.48490828	0.25212593	1.560176085	23.89809116	54.68339333	1.488437826	0.584437582	0.316119636	0.294292089	0.385334722	66.13010992	10.80366785	0.064815835	0.439374906	36.86889234	2.694140193	1.87129795	2.031304074	0.760867216	0.240136469	CIMBL129	CIMBL129	agri_aa_oil
AMP_agri_AA_Oil_traits	CIMBL13	Zea	mays cultivar:B73	CIMBL13			8.44884106	3.793642384	6.768940397	28.24039735	4.273609272	10.25135762	1.84565894	5.483145695	1.959695364	4.233145695	17.14943709	5.405960265	6.634635762	3.411655629	3.074228477	2.958099338	5.878609272	11.46427152	131.2753311	175.1848301	67.03033172	10.03226484	83.90173129	28.87107643	11.45181859	6.731863873	11.66180957	4.219518662	2.524950636	15.91816421	20.25076683	27.38181484	21.2503804	10.08129037	8.255365933	4.744495972	78.5573	76.7	73.5072	red	0.454066059	0.00764219	0.051644163	0.714958739	1.551643804	0.039218635	0.012754059	0.009250902	0.00599174	0.012815771	2.855775614	15.84617822	0.261120817	1.799560033	24.96784653	54.29308313	1.344120902	0.445378211	0.324559601	0.208212226	0.443253625	62.45337776	8.882210832	0.0719846	0.461826212	40.50606956	4.043238358	1.379896446	2.162732109	0.473818079	0.231744982	CIMBL13	CIMBL13	agri_aa_oil
AMP_agri_AA_Oil_traits	CIMBL133	Zea	mays cultivar:B73	CIMBL133			9.849345103	4.466571754	7.648747153	35.66514806	5.548092255	12.83180524	5.377505695	8.022579727	4.00441344	5.234225513	20.76375285	6.627107062	8.008171982	4.207346241	4.052932802	4.0886959	7.294447608	14.25410023	167.9449886	161.7457251	68.1557099	7.960508424	64.11148015	28.39452371	11.6626666	4.585085234	11.41487389	3.398827488	2.131028456	10.87314578	21.65142123	20.63422718	16.37672325	8.154569259	8.314926791	4.446290033	72.6684	71.8028	69.156		0.778634784	0.008460758	0.089749082	1.798116929	2.407143074	0.060461258	0.031693647	0.021579013	0.013142535	0.01836855	5.231198978	14.85153627	0.163829619	1.735380934	34.64222569	45.7894778	1.150356626	0.596274252	0.411383842	0.251761162	0.362237645	93.91210996	8.642125067	0.051604185	0.762268141	40.11176995	2.899486639	1.465093398	2.390466254	0.69563649	0.217601178	CIMBL133	CIMBL133	agri_aa_oil
AMP_agri_AA_Oil_traits	CIMBL134	Zea	mays cultivar:B73	CIMBL134																						167.9074292	59.48975689	7.934255966	68.2515097	27.58162469	10.32339128	6.409334149	10.82424477	3.446792328	2.142006921	10.15620225	18.80085393	23.63010486	12.54689998	8.660997072	8.294080491	5.057280869	69.9916	68.6864	64.247	white	0.760670605	0.011662006	0.105347708	1.550080109	2.594292836	0.062941339	0.030103634	0.016547307	0.011680589	0.018051484	5.166335503	14.74685151	0.226617697	2.038429468	29.90976731	50.3026575	1.226767023	0.58132675	0.320902528	0.22699389	0.353337169	66.32446085	7.341928824	0.068512024	0.598507079	41.19029618	3.544918208	1.816235732	2.565276978	0.643427024	0.219797081	CIMBL134	CIMBL134	agri_aa_oil
AMP_agri_AA_Oil_traits	CIMBL136	Zea	mays cultivar:B73	CIMBL136			8.803374363	4.825042445	7.020118846	29.7016129	5.149448217	10.25318336	2.403056027	6.238900679	2.330114601	4.420309847	17.89717742	5.343590832	7.111396435	4.087733447	5.183934635	3.954817487	6.965110357	13.11984295	144.8087649	186.3341531	71.67150926	7.877375642	76.05387308	30.29998884	12.63881479	5.705322065	13.73989008	3.455181615	2.192061274	11.34859254	20.3171587	24.33408426	15.53415798	8.229170524	8.859908644	5.09969238	72.4543	71.6915	69.6023	white	0.744704124	0.010118682	0.067429397	1.360673461	2.401196345	0.063861523	0.023007412	0.018195185	0.010277257	0.013155812	4.715946985	15.89928358	0.213396128	1.44016056	28.74003363	50.91893266	1.363614346	0.49130494	0.385703598	0.220648045	0.285161423	75.56608976	11.2659898	0.050087174	0.565313999	37.49989309	2.938889083	1.283075761	2.245750383	0.78970826	0.2253752	CIMBL136	CIMBL136	agri_aa_oil
AMP_agri_AA_Oil_traits	CIMBL137	Zea	mays cultivar:B73	CIMBL137			8.825032982	4.021141161	8.208278364	30.71398417	4.568370712	11.3682058	1.920616755	5.62005277	2.355738786	4.176583113	19.21833773	6.391094987	7.45841029	3.147114116	3.191827177	2.972638522	5.649637203	11.67991425	141.4869789	129.9679775	45.147009	7.754605836	65.55663075	30.16201974	4.707610749	5.219886105	10.55625941	3.412323299	2.151682855	14.31447473	17.63364193	20.73745019	14.22494972	7.619448653	7.208583849	4.95390281	76.3834	74.7142	71.7638	white	0.584446288	0.010772047	0.082115282	1.190117737	2.316613383	0.051760038	0.023556936	0.016402914	0.009893932	0.015238559	4.302068809	13.5962524	0.250387866	1.879526964	27.53065052	53.93694479	1.216996981	0.544521061	0.383235984	0.230496794	0.363479743	55.7309122	7.446347996	0.068232795	0.512513974	44.99273615	3.453434664	1.437480932	2.369721968	0.653746316	0.20041883	CIMBL137	CIMBL137	agri_aa_oil
AMP_agri_AA_Oil_traits	CIMBL138	Zea	mays cultivar:B73	CIMBL138			9.590052356	4.028795812	6.593128272	28.02274215	4.883311518	10.41498691	2.039610602	5.988383508	2.130994764	4.396891361	16.77153141	5.273429319	6.735667539	4.465641361	3.573625654	3.266655759	7.124247382	11.8351767	137.1348724	139.7687144	47.44005124	7.471771949	75.47976652	28.17451893	6.274328593	6.208949905	12.21506142	3.655716646	2.229244645	12.53785635	22.61501989	20.81007462	17.72116469	9.310888854	8.465317958	4.702084461	75.9876	72.4706	67.7056	white	0.53095612	0.008825702	0.072028261	0.907293253	1.942739594	0.05129263	0.014823097	0.009144963	0.006848345	0.012255166	3.55141863	14.92872046	0.241830866	2.023018074	25.82112802	54.26062975	1.417135492	0.431466189	0.267017689	0.191619922	0.341805441	64.6000899	7.44324123	0.078189044	0.475202144	38.34070155	4.686363819	1.680291261	2.294706941	0.568493037	0.21950115	CIMBL138	CIMBL138	agri_aa_oil
AMP_agri_AA_Oil_traits	CIMBL139	Zea	mays cultivar:B73	CIMBL139			8.024776786	4.019593254	5.86297123	26.07713294	4.079513889	9.184300595	1.717462798	5.258085317	2.20937004	3.871676587	15.53487103	4.978670635	5.94265873	3.777728175	5.495808532	2.8765625	5.247371032	10.44362599	124.6021801	158.4046176	69.76456018	8.128961691	68.20601487	23.99591966	9.932932006	5.625852272	12.17576466	4.140169432	2.654480114	14.36700063	19.91990978	24.68363382	18.12425426	9.738411484	8.509988602	4.837271154	73.7391	72.6932	67.4825	white	0.750034324	0.010108261	0.117785438	1.281447045	2.516030222	0.060589597	0.028143032	0.013632455	0.011161727	0.01482846	4.809029538	15.66130098	0.211273225	2.431144833	26.48117138	52.44420061	1.266195407	0.586727147	0.289234461	0.236156686	0.315898254	74.92960895	6.527102267	0.092306233	0.508944333	41.63878567	4.163292082	2.063158939	2.557868308	0.750749321	0.23948366	CIMBL139	CIMBL139	agri_aa_oil
AMP_agri_AA_Oil_traits	CIMBL14	Zea	mays cultivar:B73	CIMBL14			9.321585736	3.997572079	5.101820941	20.30576631	4.96585736	7.544195751	1.83461305	5.443664643	0.922511381	3.598933991	11.40883915	4.544840668	5.426745068	4.636191199	6.092298938	3.253884674	6.953490137	9.706069803	115.0588809	163.3280867	58.10735129	8.697764932	72.97159833	28.31323381	7.742455469	5.769335598	11.323069	3.678227239	2.237463736	13.34094089	20.71022894	22.51027481	15.69329929	8.960836769	8.023078585	4.765701728	74.0604	72.5819	69.2676	white	0.747495763	0.012379575	0.111617121	2.205097651	1.967346083	0.053270194	0.036671367	0.018261873	0.016277747	0.02149468	5.191857214	14.41470961	0.238873366	2.1425691	42.0705916	38.22392639	1.031290262	0.696979914	0.35143197	0.311106286	0.418261538	61.89251046	6.837917082	0.051481467	1.113109559	37.34195254	3.151337269	1.980058482	2.216506862	0.742315786	0.220498804	CIMBL14	CIMBL14	agri_aa_oil
AMP_agri_AA_Oil_traits	CIMBL140	Zea	mays cultivar:B73	CIMBL140			6.682123288	3.196496575	5.119212329	22.72428082	3.908835616	7.9175	2.072955479	5.215753425	1.954280822	3.797636986	13.86674658	4.55760274	5.328835616	3.087962329	2.130636986	3.578424658	4.960445205	10.64054795	110.7402774	146.7909565	49.53943966	7.932068262	70.77647277	32.57088563	6.127627465	6.249300315	13.01234963	3.816285732	2.364553414	11.90705382	21.69639637	27.6563302	18.02467183	9.148774569	9.719074025	5.185840762	74.8099	71.9141	69.0445	white	0.652071278	0.007485743	0.092110908	1.062277844	1.959822833	0.047350462	0.019825168	0.012619611	0.008180471	0.011343943	3.872818909	16.82599484	0.191197571	2.359781628	27.44019968	50.56707093	1.212366085	0.511831108	0.328754375	0.21088914	0.291413427	88.45776657	7.156685921	0.087151475	0.54709968	41.90952138	4.61671604	1.58313395	2.438894878	0.727873299	0.254119328	CIMBL140	CIMBL140	agri_aa_oil
AMP_agri_AA_Oil_traits	CIMBL141	Zea	mays cultivar:B73	CIMBL141			6.579442509	3.368989547	4.813893728	20.17397648	3.512848432	7.489394599	1.210091463	4.475849303	1.270124129	3.163763066	12.18654181	3.931010453	4.937674216	3.432752613	4.952439024	2.484516551	4.757513066	8.042922474	100.7837435	176.7962198	51.70926772	8.23397152	68.68371058	32.92513062	5.536360562	5.779047053	13.221371	3.560731046	2.152879119	14.37436767	23.32533798	18.51191376	16.92599117	9.206918868	7.993496035	4.787774174	75.024	71.0237	67.4825	white	0.438346778	0.006705357	0.056177663	0.528723344	1.762073619	0.047987933	0.015123072	0.008561522	0.007957894	0.012245461	2.878916685	15.06219388	0.227222743	1.949227841	18.85426376	60.71243541	1.637031269	0.520483145	0.295115617	0.266306075	0.409609238	68.15463387	7.750904389	0.102905854	0.312634798	38.15137841	3.753515402	1.780545465	1.940290702	0.652506592	0.224070128	CIMBL141	CIMBL141	agri_aa_oil
AMP_agri_AA_Oil_traits	CIMBL142	Zea	mays cultivar:B73	CIMBL142			7.562536127	3.444642341	5.408562139	21.28807803	4.557189306	7.904804913	2.354187139	5.178468208	2.227062861	4.043713873	12.83309249	5.080780347	5.479877168	3.868352601	1.81386922	3.287655347	6.841799133	10.16047688	113.3351481	169.968643	59.12232251	8.748082141	70.52625121	29.72499329	9.854840149	5.808454979	12.13678057	3.892260181	2.475339368	12.97934029	21.73997909	24.45904717	23.37931009	9.373907734	8.627532117	4.805808045	73.2038	70.5785	66.8131		0.596789743	0.007021058	0.090302028	0.941168469	2.126786425	0.052458241	0.01726516	0.009849535	0.006567027	0.011072045	3.859179525	15.44474215	0.180619411	2.327494172	24.38236947	55.0962961	1.353598776	0.449105958	0.257219265	0.170005302	0.28476001	86.2755829	6.686307754	0.095866508	0.445925869	40.91293664	5.247418689	1.768933803	2.6928859	0.602575978	0.23063985	CIMBL142	CIMBL142	agri_aa_oil
AMP_agri_AA_Oil_traits	CIMBL143	Zea	mays cultivar:B73	CIMBL143			7.764652123	3.700412736	6.396373821	26.0712559	4.466303066	9.313354953	2.460492335	5.415654481	1.818991745	3.762853774	15.22143278	4.884581368	5.882517689	3.191568396	3.021079009	3.402211085	5.622936321	11.01367925	123.4103508	145.6404703	62.04302834	8.826839513	62.46684204	29.39088434	6.337080976	5.114564693	11.36799856	3.489468269	2.121166446	12.35986026	23.05421731	21.61216974	10.66121587	8.592134367	8.350663306	4.475447947	72.4543	68.3525	66.4784	white	0.531037786	0.007379129	0.097040744	1.08593746	2.315899796	0.059707013	0.028563884	0.013890292	0.011527639	0.018893154	4.170407353	12.79531578	0.176902491	2.352553988	25.72123329	55.67249302	1.432254051	0.69732738	0.336538331	0.282176059	0.462630386	73.48983224	5.560269273	0.093178552	0.464909305	39.05666808	3.42513189	2.057730545	2.466733267	0.608101173	0.20037239	CIMBL143	CIMBL143	agri_aa_oil
AMP_agri_AA_Oil_traits	CIMBL144	Zea	mays cultivar:B73	CIMBL144			8.301121979	3.726841197	6.656530495	28.6683832	4.386392405	10.51064442	1.902917146	5.397525892	2.684004603	4.436334868	17.46944764	5.600028769	6.899884925	3.379602992	3.267865362	2.872281358	5.700747986	11.62347526	133.4840305	170.1492374	60.60994595	8.441074239	81.04238121	28.14543355	6.924164387	6.149450146	14.01260725	3.670425333	2.20768341	12.85003031	26.9416084	20.433855	20.00075768	9.160251686	7.484052818	4.243509995	75.7735	75.0305	70.0486		0.557513315	0.008457898	0.080189503	0.637968607	2.304786402	0.06698002	0.016218836	0.009287741	0.008653918	0.014418434	3.705754787	15.01125137	0.224669075	2.161741873	17.10967357	62.28651783	1.816675699	0.442766275	0.255745576	0.233023297	0.386157162	67.67324066	7.044072539	0.131233077	0.288038798	33.87797811	4.842456283	1.754097763	1.985397952	0.601080632	0.224604328	CIMBL144	CIMBL144	agri_aa_oil
AMP_agri_AA_Oil_traits	CIMBL145	Zea	mays cultivar:B73	CIMBL145			8.379149933	3.682797858	6.640261044	27.74330656	4.160240964	10.34354083	1.834896252	5.126639893	1.744166667	4.037784471	16.65997323	5.337416332	6.567637216	3.303905622	3.054538153	2.866967871	5.384772423	11.92935074	128.7973461	161.2163508	56.18549727	8.164694202	74.2522778	27.89112294	5.801872869	5.451866772	13.04253879	3.71174974	2.295844904	14.10848158	24.01590065	20.36625869	15.28916019	9.313758134	7.412579788	4.46219435	70.9553	69.0203	63.4661	red	0.50087897	0.007315808	0.061810664	0.663087685	2.099331656	0.065365795	0.014396949	0.009385632	0.00717173	0.012334305	3.440469175	14.51930917	0.210607525	1.79574647	19.31688052	60.94877084	1.898702865	0.420650062	0.275887128	0.209091332	0.35604983	69.852854	8.37411904	0.092746506	0.321314946	32.20532834	4.246725295	1.537915639	2.046037225	0.587515349	0.21017141	CIMBL145	CIMBL145	agri_aa_oil
AMP_agri_AA_Oil_traits	CIMBL146	Zea	mays cultivar:B73	CIMBL146			7.779543173	3.871636546	6.960040161	29.25351406	4.5562751	10.32023092	2.417884036	5.768172691	2.157806225	3.985517068	17.362751	4.960466867	6.611395582	3.031701807	2.920732932	3.655998996	5.786320281	12.40589859	133.805886	160.6103069	45.73128266	7.695796146	73.89286864	32.0697222	4.224417396	4.397421629	10.32807386	3.341926234	1.979190715	13.08057718	18.5866866	19.44634932	9.012223122	8.530711675	7.618082182	4.725761066	68.9209	67.1282	64.1355	white	0.603601972	0.010065566	0.102725844	1.517662841	2.400822723	0.067784051	0.027661064	0.013325591	0.011217039	0.01526204	4.771702277	12.66010277	0.210982942	2.134286231	31.66693535	50.4100081	1.436765872	0.575903043	0.282318244	0.235712099	0.322361298	62.70840502	6.162102189	0.067199012	0.630430884	35.19779734	3.728345348	2.0601005	2.451804974	0.733911679	0.190348137	CIMBL146	CIMBL146	agri_aa_oil
AMP_agri_AA_Oil_traits	CIMBL147	Zea	mays cultivar:B73	CIMBL147			10.37068027	4.627482993	8.32877551	35.45510204	5.119047619	11.91054422	2.570302721	6.778095238	2.841540816	5.219115646	20.90506803	6.88244898	8.323129252	4.151156463	5.727959184	3.531632653	6.877619048	13.01884354	162.6385442	160.5017287	59.65260716	9.515966516	76.63393216	31.26950143	10.79194241	5.588511045	12.56906824	4.147844966	2.765732544	14.32956828	19.777457	24.36463671	19.51507307	8.546806988	8.211828346	5.077421539	71.3836	68.7977	67.1478	white	0.639031533	0.008000809	0.078335439	0.990856552	1.846510343	0.058262364	0.017606574	0.010997897	0.008266958	0.010649173	3.667052009	17.48485904	0.217050341	2.132227006	26.90252018	50.32690375	1.583587666	0.485487278	0.302879241	0.225679457	0.286607083	80.23312541	8.20859032	0.079450955	0.535923305	31.66286992	4.37701741	1.61260759	2.168562288	0.800273539	0.260564366	CIMBL147	CIMBL147	agri_aa_oil
AMP_agri_AA_Oil_traits	CIMBL148	Zea	mays cultivar:B73	CIMBL148			8.859180217	3.940684282	6.367818428	26.51104336	4.927642276	9.708807588	2.421443089	5.614261518	2.026934282	3.983163957	15.67205285	5.123170732	6.153760163	3.988143631	5.446375339	3.194742547	6.177303523	11.43147019	131.547998	150.5551867	59.72680064	9.365014887	69.1614063	30.19930868	12.27568766	5.385527961	14.19573052	3.620414105	2.27635355	11.19011029	23.56821892	25.01183219	14.19622745	8.926405416	9.272367588	4.747146692	72.13307	71.9141	70.0486	white	0.597626816	0.005138161	0.101983076	0.862935891	1.910313265	0.05498864	0.026244837	0.0143132	0.009878183	0.011243431	3.594410171	16.83080055	0.143534429	2.780296438	23.5561067	53.32607091	1.522116929	0.743264015	0.405334155	0.285569024	0.31843839	119.5544795	6.147170117	0.118753949	0.444690651	35.37764742	3.844419608	1.82883747	2.640689015	0.902999589	0.266802555	CIMBL148	CIMBL148	agri_aa_oil
AMP_agri_AA_Oil_traits	CIMBL149	Zea	mays cultivar:B73	CIMBL149			5.804641186	2.861029641	4.87199688	21.80105304	3.434972699	18.85031201	0.447535101	4.404797192	1.405799532	3.220444618	13.11918877	4.84450078	5.434165367	2.603779251	3.12650156	2.960916537	4.485764431	11.0550312	114.7324298	160.0130158	58.55449949	9.979759928	69.27400601	30.90034086	10.24920402	6.066697609	12.93098114	3.898172473	2.324361071	13.57111749	21.90628036	23.64230554	15.13487529	9.085650422	8.157090517	4.774979246	71.8119	70.4672	66.4784	white	0.634922791	0.009646196	0.060550587	1.288366362	1.888998072	0.056989666	0.021949397	0.017767537	0.010510783	0.015092362	4.004148727	15.85832424	0.238793329	1.522846828	32.05640983	47.23546446	1.420181832	0.54708457	0.440734867	0.261833473	0.375932316	67.31728525	10.49672259	0.04805122	0.681422257	33.33042023	2.789383555	1.256821735	2.096160299	0.698079909	0.228653306	CIMBL149	CIMBL149	agri_aa_oil
AMP_agri_AA_Oil_traits	CIMBL15	Zea	mays cultivar:B73	CIMBL15			8.351841448	3.889388265	7.033395755	29.25152934	4.40980025	10.83751561	2.417718477	5.763327091	2.449073034	4.911922597	18.99528714	6.060486891	7.380867665	3.172066167	3.646036205	3.303901373	5.5278402	12.09235331	139.4943508	179.982991	75.11035497	8.831214923	79.68208579	32.72131989	9.478883648	6.085436613	11.1886341	3.707954497	2.401768547	13.65790539	19.86278255	22.26972872	14.53690421	8.447235757	8.064771186	4.246160714	76.523	75.0305	71.9452	white	0.755804231	0.007976456	0.078584399	1.21774766	2.437904936	0.063708348	0.032405491	0.019313769	0.015260176	0.01738488	4.649779816	16.25810706	0.17147722	1.698244012	26.13724753	52.49928683	1.375420249	0.693143571	0.413240193	0.328125346	0.377043988	95.68273774	9.73878679	0.064934339	0.499576392	38.2614365	2.483159157	1.678746768	2.119272979	0.86872128	0.240770914	CIMBL15	CIMBL15	agri_aa_oil
AMP_agri_AA_Oil_traits	CIMBL150	Zea	mays cultivar:B73	CIMBL150			11.87428673	4.174607703	6.397788873	23.25542083	5.894472183	8.767938659	2.49246077	6.54775321	1.585228245	4.485485021	13.66676177	5.691975749	6.458131241	5.19636234	2.601879458	4.019971469	9.084664765	12.02043509	134.2156241	164.5687592	64.18768361	9.450335373	73.97020986	30.11578144	10.43662447	5.577021436	11.15679426	3.835252817	2.188525837	13.95977635	20.28650574	22.29413008	15.1610812	8.973748526	8.002232285	4.725940936	72.7755	71.4689	67.37094	white	0.834936097	0.01440062	0.132924687	2.358793017	2.20713856	0.059097512	0.041573346	0.019422533	0.018334223	0.024430988	5.715773481	14.74585451	0.248608897	2.304662299	40.45219339	39.30193166	1.037928534	0.719576772	0.344767515	0.319626391	0.434945807	62.27505494	6.470211156	0.058093142	1.045018379	38.24357333	3.224071421	2.115563517	2.247401595	0.735381916	0.228683196	CIMBL150	CIMBL150	agri_aa_oil
AMP_agri_AA_Oil_traits	CIMBL151	Zea	mays cultivar:B73	CIMBL151			10.4530543	4.07153092	5.785897436	22.17341629	5.494758673	7.161236802	3.074464555	6.301960784	2.053555807	4.107390649	11.45950226	4.637594268	4.839102564	5.19061086	2.572692308	4.981108597	7.084917044	12.52156863	123.9643627	160.6654824	60.10560693	9.124367362	71.17455254	32.01826346	10.47957499	5.179398913	12.14206055	3.749900935	2.430052048	14.47295699	22.80866761	20.34725427	14.09092737	8.876193026	7.950116534	4.525811617	73.9533	69.3542	67.8172	white	0.859840619	0.009771205	0.078911001	1.300847902	3.004174226	0.069402363	0.032115305	0.02106094	0.014647035	0.018672069	5.416444588	15.95664174	0.182282843	1.47031662	23.90284472	55.55988531	1.301160532	0.589483488	0.386380553	0.271839671	0.34968357	88.19798054	11.00362744	0.061145845	0.432993624	43.00099284	2.505681763	1.52529609	2.176360444	0.780344063	0.229738117	CIMBL151	CIMBL151	agri_aa_oil
AMP_agri_AA_Oil_traits	CIMBL152	Zea	mays cultivar:B73	CIMBL152			10.97446581	3.714075855	5.447142094	21.76853632	5.256517094	7.139155983	2.564155983	5.53258547	1.998728632	3.521848291	10.48859509	4.048263889	4.911725427	4.658573718	2.649607372	3.907077991	7.174172009	10.65964209	116.4148691	136.8805333	48.54677065	7.892689576	70.3670193	31.12109142	11.37372673	5.313717908	10.73137856	3.666190435	2.467825407	13.70695943	20.36427552	17.14496071	16.05017606	7.245007692	7.592751384	3.981088768	69.4563	68.3525	63.9123	white	0.953911815	0.011721316	0.098008054	1.306453486	2.824333451	0.080162894	0.031076996	0.018944943	0.013785309	0.020472246	5.369956999	18.00910672	0.221145448	1.853087687	24.04331918	52.68753806	1.5110477	0.585609742	0.363150018	0.269062254	0.390192474	80.83244232	9.839260384	0.077728814	0.458522072	34.80721597	3.212452635	1.622748871	2.2247962	0.68444029	0.269149216	CIMBL152	CIMBL152	agri_aa_oil
AMP_agri_AA_Oil_traits	CIMBL153	Zea	mays cultivar:B73	CIMBL153			9.262910714	4.128517857	6.308517857	23.80446429	5.953785714	9.278875	4.488375	6.966125	2.999892857	3.851303571	11.87280357	4.013803571	5.213160714	4.974160714	4.288857143	3.893107143	8.094571429	12.228875	131.6221071	155.6730994	58.62780972	7.897064985	65.56958946	32.54180026	11.20192465	5.42957146	10.29588024	3.631356654	2.206947327	12.09572317	19.06722064	23.65856462	10.72418338	9.121516414	8.11986498	4.70606054	70.3129	67.0169	63.2429	white	1.01082296	0.013667873	0.102868757	1.632100796	3.109843452	0.068788267	0.038424722	0.021281823	0.016707832	0.025839821	6.051551195	16.71942299	0.227250769	1.723554654	27.01184173	51.41269035	1.150287252	0.631656482	0.349772599	0.275367571	0.432190774	75.4008927	9.875778024	0.063731405	0.527496241	44.9752324	2.758166779	1.824331962	2.306739778	0.636445679	0.24766628	CIMBL153	CIMBL153	agri_aa_oil
AMP_agri_AA_Oil_traits	CIMBL154	Zea	mays cultivar:B73	CIMBL154			8.776728723	4.239361702	7.155219415	32.21951463	4.746908245	11.68254654	2.661000665	6.497706117	1.777380319	5.187367021	20.7828125	7.1375	7.856549202	3.376363032	2.831851729	3.979753989	7.058942819	13.7681516	151.7356582	178.559065	67.30767401	8.883719837	80.47824532	33.45836254	17.87292137	5.769472379	12.82838609	3.288672495	2.013056486	12.17873769	19.05857323	22.62354852	17.8641011	8.808764961	8.09901868	5.033424394	70.7411	68.1299	64.247	white	0.820740301	0.010033797	0.116175892	2.358466056	2.112336638	0.065079978	0.029534276	0.019478729	0.011629847	0.01276562	5.559048469	14.8592077	0.18385473	2.021914148	41.15802066	39.16619176	1.227322599	0.517325055	0.352977725	0.21138779	0.239774837	81.3068974	7.629748323	0.049372469	1.075883829	32.10751777	3.894887409	1.476194294	2.455273394	0.900420408	0.21800211	CIMBL154	CIMBL154	agri_aa_oil
AMP_agri_AA_Oil_traits	CIMBL155	Zea	mays cultivar:B73	CIMBL155			8.530948174	4.237161366	7.228121319	31.51295642	5.096171967	11.15689046	2.9243404	6.278710247	3.384069494	4.561572438	19.10574205	6.478739694	7.013633687	3.477444052	3.838839812	3.741755006	6.391578327	15.12282097	150.0814959	163.879509	60.56578316	10.55731399	64.79845208	31.1926862	14.90849877	5.398658942	12.24200229	3.543086759	2.244348536	11.28444497	21.04318598	24.043708	18.77034892	8.440062559	8.279190276	4.886309464	71.3836	69.4655	65.1396	white	0.761062762	0.0092115	0.110503486	2.162444108	2.301179277	0.065746607	0.026013372	0.019361592	0.009454407	0.011400879	5.47915309	13.97501309	0.17091819	2.015818765	39.00541824	42.34946896	1.21017005	0.475969077	0.353878852	0.175974454	0.212961312	83.10516251	7.02153586	0.05261992	0.928664308	35.13009079	4.23157787	1.353454058	2.738139331	0.838712129	0.203640581	CIMBL155	CIMBL155	agri_aa_oil
AMP_agri_AA_Oil_traits	CIMBL156	Zea	mays cultivar:B73	CIMBL156			9.09035461	4.225425532	7.799042553	34.42492908	4.245070922	13.2008156	0	6.089361702	2.279180851	4.809858156	21.88535461	6.467907801	8.39606383	2.950336879	3.681595745	3.074624113	5.514539007	13.95464539	152.0891064	164.546268	54.95755101	9.058736219	70.03718178	35.01704048	9.17544101	5.647874022	12.55597853	3.440409174	2.319709179	10.92974659	17.8371009	23.34468282	18.94902554	7.881067511	9.030431299	5.37567835	74.2745	71.9141	66.0321	white	0.628017806	0.005405429	0.087138707	0.850775308	1.959742524	0.055326091	0.018405898	0.012094577	0.008245292	0.013450064	3.637747811	17.41035759	0.14721771	2.339224508	22.92122335	54.17203081	1.532844971	0.495259015	0.334610644	0.228266663	0.37048347	123.784558	7.605116167	0.10276334	0.429396324	35.46018812	4.768754925	1.487760773	2.215860745	0.614240798	0.264549007	CIMBL156	CIMBL156	agri_aa_oil
AMP_agri_AA_Oil_traits	CIMBL157	Zea	mays cultivar:B73	CIMBL157			8.864676425	3.927542373	6.138559322	26.53058552	4.562288136	9.450693374	2.353412943	5.710053929	2.160932203	4.063559322	15.46221109	5.337750385	5.93509245	3.687700308	4.975038521	3.272399846	5.656818182	11.271302	129.3606163	186.8234199	73.15350194	6.639134742	70.9971227	29.79658807	14.18503352	6.475125835	11.40885969	3.209703767	2.136424651	12.2315651	16.4771383	21.24743374	13.66972701	7.818698175	8.233115023	5.146648196	74.4886	71.4689	65.2512	white	0.498075895	0.007623843	0.059041839	1.127435755	1.527635639	0.062111169	0.016748218	0.010390941	0.007384188	0.011551334	3.325414916	15.17326444	0.229756108	1.784524598	32.70571392	46.69596074	1.90547286	0.511769696	0.318926694	0.232793045	0.36032872	66.91319243	8.556846852	0.057713168	0.717183335	24.86286918	3.526470895	1.604981911	2.313434881	0.646501094	0.222123379	CIMBL157	CIMBL157	agri_aa_oil
AMP_agri_AA_Oil_traits	CIMBL16	Zea	mays cultivar:B73	CIMBL16																						171.7248406	54.40805555	8.551188712	75.28728519	30.45063618	10.10863868	5.613405197	12.22785125	4.198727818	2.796305126	13.25792637	19.36625571	26.46615359	26.02747851	8.986660283	9.193449451	4.753773491	72.24015	71.0237	66.8131	white	0.688229487	0.010277331	0.074877049	0.958607176	2.190181545	0.057385509	0.019011259	0.012336099	0.008459024	0.010693467	4.031524242	17.09992146	0.253840883	1.857973744	23.73315241	54.33397688	1.420692214	0.47322176	0.307892482	0.210532908	0.264643077	68.02534528	9.251678684	0.078387788	0.439445106	38.33812867	3.950503766	1.557791014	2.299785414	0.802440435	0.249377792	CIMBL16	CIMBL16	agri_aa_oil
AMP_agri_AA_Oil_traits	CIMBL17	Zea	mays cultivar:B73	CIMBL17			6.698743386	3.516798942	5.044819224	21.3659612	3.805996473	7.90734127	1.275165344	4.555048501	1.873503086	3.438073192	13.20379189	4.166291887	5.354982363	3.3375	3.980379189	2.356900353	4.905092593	8.495304233	105.2816931	167.3146806	43.91851071	7.490151898	81.55874753	30.76610066	8.761554178	6.520263583	12.10314519	3.556582569	2.15114506	13.32584734	19.57613971	21.08870261	12.49951427	9.325235251	7.644867135	4.598706402	68.9209	66.5717	62.9082		0.760076772	0.007555308	0.096858643	1.078444485	2.676785135	0.064981296	0.028595333	0.015947971	0.010867807	0.015056648	4.759510619	15.99599513	0.160145112	2.030590712	22.6408959	56.26731627	1.371693477	0.601268657	0.338029948	0.231373789	0.321572074	100.4473002	7.916602319	0.089656181	0.405166613	41.22370384	3.407204484	1.785635001	2.625681114	0.723738261	0.23810745	CIMBL17	CIMBL17	agri_aa_oil
AMP_agri_AA_Oil_traits	CIMBL18	Zea	mays cultivar:B73	CIMBL18			10.75186722	4.008748271	6.899723375	29.07458506	5.125034578	27.30535961	0.923651452	6.336825726	1.995746888	4.462759336	16.72102351	5.221023513	6.077109267	4.129806362	2.686573306	3.838070539	6.411549101	11.60408022	153.5735373	181.1564115	71.3295789	10.53981235	78.37410942	30.94881649	9.807985036	6.519169335	13.85787439	3.604729785	2.267794069	12.76361267	21.85059686	23.50686027	20.03537939	9.309526484	8.434564614	4.63809305	77.5937	76.9226	74.6228	white	0.597920129	0.010813001	0.058046886	1.295259165	1.716927558	0.050341478	0.018709325	0.01395783	0.009159081	0.015654022	3.775474478	15.72006827	0.274583651	1.622839601	33.83917651	45.67852966	1.288515236	0.501047165	0.363485195	0.237435214	0.403461667	60.63530348	9.716482176	0.049685984	0.7397519	35.58442263	3.227884319	1.376332618	2.137795144	0.584330023	0.227551767	CIMBL18	CIMBL18	agri_aa_oil
AMP_agri_AA_Oil_traits	CIMBL19	Zea	mays cultivar:B73	CIMBL19			9.943195051	4.462117904	7.88231441	34.56477438	5.331040757	12.34304949	2.681794032	6.343704512	3.00165575	4.980895197	20.93890102	6.94297671	8.183588064	3.691229985	5.955604076	3.809279476	6.670160116	15.39843523	163.1247162	197.1329235	77.55410271	7.805181385	81.45638417	32.40308538	9.58542325	7.230567595	10.60932582	3.701936095	2.390790083	12.91832154	18.28685232	21.72836881	16.27745272	8.832702855	8.551193324	4.378405316	78.7715	76.7	74.5113	white	0.595008165	0.009066936	0.083508028	0.938130503	1.535237457	0.056825631	0.023437255	0.013850066	0.009778685	0.016631739	3.281069968	18.13183892	0.273527977	2.516618457	28.46675909	46.82330415	1.723751277	0.712820548	0.423628363	0.296156523	0.504700115	67.22138393	7.325726038	0.088661306	0.610456696	27.55857903	3.561092205	1.699355734	2.392072923	0.589603125	0.286575922	CIMBL19	CIMBL19	agri_aa_oil
AMP_agri_AA_Oil_traits	CIMBL2	Zea	mays cultivar:B73	CIMBL2			6.536565836	2.987307236	5.382562278	21.62609727	4.099377224	8.599673784	4.107206406	5.402639383	2.687580071	3.15554567	12.34139976	4.43876038	5.278944247	2.862108541	2.954501779	2.381295967	5.078677343	7.842615658	107.7628588	172.1148359	63.77222221	9.721610765	84.3680533	35.59129024	7.137243592	5.419586443	12.09783855	4.297575511	2.891891844	13.2503796	20.9211106	24.865424	26.536826	8.346810979	9.275345631	4.959204249	72.9896	72.0254	69.0445	white	0.741547537	0.006329945	0.065174939	1.036500904	2.430571272	0.064105527	0.021661953	0.014959274	0.009701063	0.014604723	4.407731173	16.85162301	0.143766748	1.491690369	23.4998542	55.15089095	1.460595587	0.492262072	0.339683271	0.220747644	0.331817607	119.6235272	11.41785306	0.063089377	0.428726902	37.91478306	3.043076734	1.449784935	2.235973867	0.667876523	0.241064766	CIMBL2	CIMBL2	agri_aa_oil
AMP_agri_AA_Oil_traits	CIMBL20	Zea	mays cultivar:B73	CIMBL20			9.794678089	4.292211838	7.688110073	36.30373832	4.568172378	12.46412253	2.427344237	6.506853583	2.918847352	4.985124611	21.05397196	6.099143302	7.920119418	2.982502596	4.031204569	3.680192108	5.031308411	14.68990135	157.4375467	201.4654167	78.42322634	8.279184086	86.86268649	35.00958268	12.24445092	6.609855173	11.48332955	3.562418595	2.162847395	13.08435057	19.07070478	21.12225449	16.27316448	8.438627919	7.930759255	4.523160898	82.6874	79.4825	77.3005	white	0.50407412	0.007456196	0.074169852	0.900679578	1.427382562	0.050691359	0.020526737	0.013482846	0.008588768	0.016381852	3.02130043	16.67360264	0.251300302	2.488143764	29.35455438	47.3934216	1.71273211	0.690888102	0.446821708	0.287543745	0.55626181	69.62175829	6.901804566	0.086013187	0.622771615	28.37794966	3.616021455	1.546708377	2.397651112	0.527353616	0.263172186	CIMBL20	CIMBL20	agri_aa_oil
AMP_agri_AA_Oil_traits	CIMBL21	Zea	mays cultivar:B73	CIMBL21			9.088431151	3.918115124	7.054006772	30.34396163	4.348250564	12.01108916	0	5.63236456	2.344957675	4.610129797	18.74475169	5.596952596	7.318764108	3.343312641	3.384029345	3.209367946	5.615265237	12.12658014	138.6903301	158.0315738	62.61328031	8.058955138	77.50288342	32.75136413	6.925279985	5.728164501	11.9389931	3.789658862	2.305753505	13.44282234	23.03922559	23.6416634	13.01267352	8.975183165	8.096040637	4.330983737	73.525	74.3627	68.4866	white	0.535160894	0.007685104	0.055399664	1.061238559	1.794795168	0.037606314	0.018684835	0.018213297	0.008828611	0.014608523	3.549745612	15.21135649	0.216095046	1.579702636	29.43207136	50.72418575	1.035999024	0.535250021	0.519976533	0.258329342	0.423612871	71.03984489	9.697413211	0.0543803	0.582756431	49.42049606	2.970221528	1.046054283	2.158644061	0.605824872	0.220916781	CIMBL21	CIMBL21	agri_aa_oil
AMP_agri_AA_Oil_traits	CIMBL22	Zea	mays cultivar:B73	CIMBL22			8.640685279	3.813121827	6.842893401	26.98426396	4.98284264	9.220685279	2.361446701	5.686472081	2.804492386	4.013883249	14.73852792	5.174873096	6.471903553	4.544949239	4.915329949	3.207335025	7.189162437	11.97329949	133.5661675	193.6624085	80.10604928	7.724236308	85.24382878	32.14952055	11.68218956	6.43942598	13.93039848	3.410317165	2.203784041	11.93724092	23.51681876	21.33698651	16.35892926	8.359722736	7.942671427	4.847874031	77.2725	76.2548	74.3997	white	0.875102372	0.012997698	0.099425522	1.339455812	2.149608419	0.056476378	0.021006624	0.011912409	0.007216118	0.011936277	4.589085175	19.1800905	0.28408986	2.175529636	29.06207435	46.87707438	1.23243747	0.462114835	0.263498269	0.159492957	0.263080869	66.79580543	8.789981672	0.075421694	0.621879028	38.21135176	4.747824222	1.748212971	2.911657278	0.613442566	0.286712959	CIMBL22	CIMBL22	agri_aa_oil
AMP_agri_AA_Oil_traits	CIMBL23	Zea	mays cultivar:B73	CIMBL23			6.876779755	3.090100111	5.757174638	21.96415462	4.017408231	7.943381535	2.591440489	4.779449388	2.734771969	3.354032258	12.57775306	4.358648498	5.456006674	3.263181313	2.706977197	2.475494994	5.192185762	8.752057842	107.8909983	197.4358346	80.84544472	9.104678019	75.99131769	26.56363647	19.4757567	7.065472863	13.32721032	3.512812373	2.201551133	13.26547315	20.88256048	20.41827509	16.21884679	8.144526781	7.981385985	4.592079604	76.8442	75.6983	72.8377	white	0.842114785	0.015233411	0.092629537	1.784760889	2.844566918	0.070162673	0.028564036	0.022364364	0.011513575	0.013052475	5.731592647	14.72313653	0.26517118	1.640670379	30.90541404	49.85206013	1.236955993	0.501186613	0.38923802	0.203975953	0.233815432	56.98834603	9.066747947	0.053722736	0.623496866	40.39403526	3.286260184	1.292699819	2.472109465	0.896159146	0.210022027	CIMBL23	CIMBL23	agri_aa_oil
AMP_agri_AA_Oil_traits	CIMBL24	Zea	mays cultivar:B73	CIMBL24			8.010501193	3.625298329	5.898926014	25.80137232	4.262231504	9.81900358	1.963988663	5.351640811	2.420274463	4.209606205	16.23896181	5.504713604	6.309427208	3.372673031	3.159874702	2.97848747	6.038275656	10.65748807	125.6227446	145.3736781	44.73276207	8.722558919	76.96528618	30.28507326	10.50300255	5.579893838	16.02342914	2.92469128	1.932192363	11.22957573	18.00429707	22.475079	17.20271716	8.510717595	7.904664776	4.736218343	74.3816	71.8028	70.1601	white	0.723849747	0.00738008	0.065842087	0.770176193	1.935291042	0.061584869	0.017403385	0.011168477	0.007861187	0.010953138	3.608054631	20.0276173	0.194641793	1.813850591	21.3070398	53.70610633	1.734638794	0.468296536	0.311274918	0.211920005	0.287484157	101.2258508	11.02346502	0.083169198	0.407114257	31.90491154	3.915798533	1.505116912	2.228392721	0.749097413	0.293162886	CIMBL24	CIMBL24	agri_aa_oil
AMP_agri_AA_Oil_traits	CIMBL25	Zea	mays cultivar:B73	CIMBL25			7.109005038	3.816876574	5.364504618	22.71851385	3.902896725	8.448446683	1.581198573	5.176259446	2.402392947	3.548698573	14.06971033	4.268387909	5.378988245	3.324580185	3.908081444	2.832178841	5.164819479	9.992233417	113.0077729	186.0643694	67.65092926	9.461273897	80.13703409	30.51626472	11.10430983	6.512330282	12.67051971	3.367091208	2.171587855	11.80883056	19.36482324	22.53075773	15.69397796	9.015701574	8.103499754	4.598000226	79.4139	75.2531	73.1725	white	0.892445537	0.013192194	0.094092794	1.618596011	2.192588724	0.042313443	0.031053848	0.016567288	0.011955475	0.017377899	4.934464984	18.14265695	0.261324015	1.917227002	32.28664737	44.88838096	0.858816158	0.631216553	0.339137807	0.244919343	0.360368461	72.15440591	9.666521002	0.060429815	0.728482785	52.85201172	3.034355317	1.863388809	2.575765788	0.683995811	0.271807894	CIMBL25	CIMBL25	agri_aa_oil
AMP_agri_AA_Oil_traits	CIMBL26	Zea	mays cultivar:B73	CIMBL26			8.038321678	3.708741259	6.696223776	28.14716783	4.152167832	10.42664336	2.29177972	5.888601399	2.820185315	4.537237762	17.97391608	5.506888112	6.666223776	3.254003497	2.969965035	3.052902098	5.44993007	11.63538462	133.2162832	203.7282758	78.06804713	9.48533865	75.30548312	30.987597	12.79890309	6.562255367	13.73405277	3.519742654	2.119491765	11.90328043	20.43280907	25.26865656	19.4407436	9.011049158	8.521900774	4.763051009	71.2765	74.3627	73.0609	white	0.919809891	0.013293547	0.08761977	1.565374691	2.302834566	0.040590393	0.029145747	0.016483208	0.010885868	0.017095673	5.007896655	18.3920512	0.264757834	1.762937003	31.16879473	46.07460118	0.803034882	0.581667827	0.329537734	0.218671576	0.344779158	70.39143453	10.4522037	0.057063209	0.677720294	58.11783392	3.036760211	1.771203743	2.671866879	0.636110021	0.271486477	CIMBL26	CIMBL26	agri_aa_oil
AMP_agri_AA_Oil_traits	CIMBL27	Zea	mays cultivar:B73	CIMBL27			8.840214286	3.961785714	6.481321429	25.88314286	6.025857143	12.01992857	6.458107143	8.12375	4.391	4.035964286	14.58485714	5.027857143	6.43325	4.704642857	4.183142857	3.171439286	7.873785714	9.954857143	142.1549036	162.4980171	63.88472691	11.36895246	72.26870321	32.92438484	13.0058465	6.731727092	14.44936261	3.648245567	2.228765506	13.78655218	20.81924065	26.82983245	13.08400934	9.204725517	8.335773091	5.323678174	76.7371	75.4757	72.0568	white	0.850113533	0.010162883	0.092711837	1.477300313	2.467013131	0.044554531	0.031716461	0.017914614	0.011636972	0.019434433	5.027310883	16.92925368	0.201829805	1.849721876	29.27642973	49.18925887	0.883181359	0.628276765	0.356932911	0.23266251	0.391307287	85.20824312	9.168368154	0.063826403	0.59761268	56.40494072	2.955350458	1.771402653	2.706316369	0.597640909	0.251608295	CIMBL27	CIMBL27	agri_aa_oil
AMP_agri_AA_Oil_traits	CIMBL28	Zea	mays cultivar:B73	CIMBL28			6.305444698	3.089823261	5.267645382	21.87494299	3.985062714	7.863369441	2.112146522	4.774401368	2.247881984	3.42477195	13.02551311	4.229988597	5.018899658	2.976567845	2.753603193	2.940393387	5.069441277	10.02824971	106.9881471	167.6407477	63.75930459	9.859436165	66.02226302	30.77728734	16.65859303	6.119768658	12.06011993	3.648245567	2.164560939	13.90361742	19.80461096	24.91738928	13.61778262	9.031134114	7.610619642	4.873055866	73.8462	72.0254	70.1601	white	0.755632186	0.008826653	0.106464837	1.304140001	2.020470371	0.047427538	0.032525398	0.014274876	0.011889665	0.017327705	4.32140694	17.47639865	0.203601527	2.452267915	30.1416459	46.78734324	1.091207979	0.747670514	0.331803602	0.275022646	0.402073829	85.81546851	7.137051947	0.081718816	0.645387904	43.17917309	3.302108025	2.263481403	2.717554229	0.684499345	0.272991147	CIMBL28	CIMBL28	agri_aa_oil
AMP_agri_AA_Oil_traits	CIMBL29	Zea	mays cultivar:B73	CIMBL29			7.719991289	3.81625	6.455966899	27.52909408	4.503440767	24.00278746	2.903902439	7.197778746	4.365200348	4.276284843	17.42704704	5.571689895	5.977787456	3.122918118	4.09450784	3.161994774	4.646254355	11.87848432	148.6513807	190.4127062	75.66912462	7.883938757	85.7215245	35.02449826	13.41582874	6.118947971	14.80245644	3.489468269	2.470244391	12.669278	21.21666153	21.9586113	22.75126401	7.731350549	7.610619642	5.348860009	78.6644	77.9243	75.6269	white	0.748403855	0.006684954	0.118599353	0.902441809	2.086322646	0.054250678	0.02589618	0.013403769	0.010180074	0.015357001	3.983662948	18.93494421	0.169039445	2.967737301	22.69995216	52.16563139	1.355111769	0.651258835	0.336925051	0.256273645	0.386118502	112.2982377	6.416706007	0.131162907	0.437834279	38.59034506	4.581337553	1.929640876	2.54044626	0.665473775	0.30381666	CIMBL29	CIMBL29	agri_aa_oil
AMP_agri_AA_Oil_traits	CIMBL3	Zea	mays cultivar:B73	CIMBL3			9.385498221	4.1636121	7.433629893	32.11743772	5.189175563	12.29608541	3.957265718	7.378113879	2.968060498	4.74282325	18.02105575	5.39430605	7.007295374	4.050326216	5.072568209	3.475563464	7.231227758	13.39756821	153.2816133	152.8363268	53.20495087	9.154995229	69.7642128	25.31221945	10.06568816	5.660868222	10.71221229	3.606188791	2.512062833	12.72210542	14.43826522	23.73076049	14.78943383	7.935069386	8.243453761	5.713333935	74.4886	71.8028	69.0445	white	0.765958761	0.010730766	0.111303551	1.720693961	2.088653579	0.057834505	0.030830007	0.015617392	0.01142755	0.014339062	4.830280726	15.94335647	0.221425654	2.278645093	35.33485458	43.43690255	1.205752591	0.635119007	0.32618422	0.237680276	0.299800668	73.19312205	7.135402913	0.065046996	0.816511384	36.2080338	3.602564941	1.981306065	2.674441777	0.807996487	0.24190761	CIMBL3	CIMBL3	agri_aa_oil
AMP_agri_AA_Oil_traits	CIMBL30	Zea	mays cultivar:B73	CIMBL30			7.199236842	3.506789474	5.843921053	23.24907895	4.184552632	8.850236842	1.686044737	4.828473684	2.018165789	3.921263158	14.48726316	4.798052632	6.081421053	3.383631579	1.997215789	2.866157895	5.721526316	10.35384211	114.9768737	188.7188857	67.84403104	8.936224752	75.06208578	27.68155906	8.089964224	5.366378614	12.93275002	3.718532294	2.38316098	15.04651181	23.42258513	20.9795065	14.82516915	8.477363191	7.653801264	4.741845253	72.8826	71.5802	70.1601	white	0.805498738	0.012986736	0.093450287	1.827699346	2.454116937	0.060226822	0.023739495	0.017061624	0.009191478	0.014613139	5.322190559	15.18417369	0.244591158	1.767356897	33.9329897	46.4666587	1.133810229	0.448853751	0.324420805	0.176539858	0.279414357	62.92465221	8.716439456	0.052858143	0.734454817	41.369316	3.933360094	1.393092864	2.573853303	0.632305544	0.218035403	CIMBL30	CIMBL30	agri_aa_oil
AMP_agri_AA_Oil_traits	CIMBL31	Zea	mays cultivar:B73	CIMBL31			10.42329914	4.500188985	8.312688985	33.74109071	5.21212203	13.7575054	5.125242981	7.721652268	4.193385529	5.154022678	20.27111231	6.420437365	8.11150108	3.812446004	3.518925486	3.216981641	6.278104752	11.91106911	161.6817765	207.1422858	97.08399058	8.181466606	78.30131769	31.98544918	13.33773689	6.385123902	11.2151673	3.380225155	2.115025949	13.23151266	21.53148752	20.50978021	13.5172563	8.655258513	7.533190526	4.55894561	78.5573	77.0339	74.9575	white	0.828383481	0.012427819	0.118012553	2.054008952	2.124832069	0.067891213	0.02325971	0.017426491	0.006910476	0.011706292	5.268310331	15.79683009	0.238693459	2.231138928	38.68296397	40.55560315	1.307306312	0.443710397	0.330443205	0.132974703	0.225826711	66.48542406	7.180417254	0.058771961	0.960687413	31.03348916	5.061423075	1.356693399	3.344611442	0.604188568	0.232840814	CIMBL31	CIMBL31	agri_aa_oil
AMP_agri_AA_Oil_traits	CIMBL32	Zea	mays cultivar:B73	CIMBL32			8.244906445	3.814293139	7.107068607	28.6450104	4.310446985	9.826767152	2.129760915	5.184589397	2.618243243	4.286382536	17.15449584	6.041138254	6.908290021	3.533290021	3.368633056	2.869282744	5.611226611	10.7383316	132.392157	177.300333	78.79916205	9.360639478	62.25301633	31.16882127	12.83404442	6.350655076	11.32395344	3.422353969	2.087300676	11.8844135	19.60826481	21.87320652	12.27366702	8.345376339	7.938204362	4.552318812	74.3816	72.4706	71.0527	white	0.857990497	0.011991779	0.168583553	2.455719506	2.341581655	0.063255036	0.035553034	0.024587836	0.009662985	0.01257666	5.985347918	14.37116016	0.203062819	2.790929442	40.77231891	39.34426223	1.067052669	0.591579537	0.409778005	0.164527501	0.215294076	71.80623069	5.250369622	0.069189536	1.040458098	36.98856344	4.728895486	1.460747599	3.64062915	0.775382773	0.222551371	CIMBL32	CIMBL32	agri_aa_oil
AMP_agri_AA_Oil_traits	CIMBL33	Zea	mays cultivar:B73	CIMBL33			6.664649123	3.276473684	5.57877193	24.45285088	3.539324561	8.18627193	2.089513158	5.015438596	2.51477193	4.482149123	15.94057018	5.379517544	5.72504386	2.547596491	2.461342105	2.64972807	4.584517544	10.58614035	115.6746711	210.0335691	97.28172946	10.2400968	79.28400602	30.56101146	11.11602361	5.55158016	13.04542769	3.486915008	2.262956102	12.4957022	23.46970195	21.5761199	16.72200015	7.755739424	7.719318208	4.729917015	76.3089	75.3644	74.1766	white	0.765353649	0.011120444	0.099908102	1.748636342	2.255037757	0.058580688	0.024315314	0.018006565	0.008231206	0.013647733	5.005710518	15.31531965	0.222327673	1.998192542	34.7847679	45.15441015	1.174813464	0.487776798	0.360510685	0.167628278	0.275667895	69.67079151	7.730659803	0.058013157	0.770704639	38.57621913	4.105740732	1.363606725	2.997172264	0.609255847	0.224007504	CIMBL33	CIMBL33	agri_aa_oil
AMP_agri_AA_Oil_traits	CIMBL34	Zea	mays cultivar:B73	CIMBL34			9.949930939	4.312707182	7.661740331	31.82969613	4.830455801	11.13270028	2.182237569	6.314571823	2.817506906	4.781388122	18.49267956	6.657458564	7.213535912	4.179627072	3.45628453	3.25496547	6.777071823	11.29906768	147.1436257	210.4438397	82.23215619	7.897064985	74.66628076	32.16816502	11.28001651	6.853325449	12.17566928	3.608012549	2.184990399	12.2315651	20.25505017	23.6362052	17.12652402	8.846065593	8.349174285	4.907515219	76.8442	74.8079	70.8295	white	0.800263988	0.01290003	0.122151738	2.168412308	1.934342023	0.060632283	0.026794849	0.018444454	0.008585805	0.013813025	5.168600161	15.50700877	0.249804887	2.352225284	41.59290415	37.71882055	1.185119365	0.519317021	0.358377583	0.168769312	0.272055767	63.9605576	6.750839058	0.057320394	1.116883063	32.00756364	4.52550351	1.471469803	3.106834096	0.624569463	0.232823781	CIMBL34	CIMBL34	agri_aa_oil
AMP_agri_AA_Oil_traits	CIMBL38	Zea	mays cultivar:B73	CIMBL38			7.670626551	4.2125	5.967679901	25.5476737	3.962872208	9.525403226	1.467444169	5.191439206	2.140663772	4.050434243	16.08489454	5.505800248	6.495037221	3.835794045	4.554621588	2.720179901	5.351209677	10.03771712	124.3219913	169.1461074	70.93156179	8.277178689	72.88629553	29.33140847	9.060255524	6.314271316	13.48198734	3.928629234	2.401954622	13.30320701	22.03263909	22.61922842	14.45638061	8.478797831	8.122843023	4.458218271	73.9533	73.361	69.937	white	0.847409172	0.01430096	0.119309204	1.96425516	2.185878888	0.058116341	0.035347092	0.018795205	0.011331607	0.012014985	5.270258599	16.13698153	0.27024287	2.25164122	36.75083821	41.92041107	1.11842306	0.66297612	0.359513864	0.219729161	0.235478627	61.80230645	7.205311822	0.062767931	0.881252804	38.02179853	3.403282355	1.874301469	3.07533907	0.950609471	0.243205304	CIMBL38	CIMBL38	agri_aa_oil
AMP_agri_AA_Oil_traits	CIMBL4	Zea	mays cultivar:B73	CIMBL4			9.126348039	4.103370098	6.733517157	27.84200368	4.747671569	10.71887255	1.997009804	5.970588235	2.023734681	4.67064951	17.8801777	6.351930147	7.295098039	4.118627451	2.595952819	3.175	6.97276348	11.12797181	137.4512868	177.0431798	56.94134334	9.441584554	66.90258798	27.61145585	11.17849709	6.102944588	12.41993697	3.70303035	2.488345475	12.36740704	17.82853421	24.03882773	17.89840702	8.022582407	8.21218431	5.250783389	72.7755	70.5785	67.9288	white	0.862420956	0.010515597	0.164065312	2.150939307	2.310105616	0.058876526	0.039527079	0.017804192	0.011581893	0.012905277	5.64298415	15.31355884	0.188799343	2.880526962	38.00699534	41.02968541	1.04988998	0.695801051	0.315878966	0.206673103	0.233228948	81.77062355	5.391827142	0.076679397	0.929709214	39.26144746	4.16159823	2.206013795	3.372810314	0.901686452	0.240754952	CIMBL4	CIMBL4	agri_aa_oil
AMP_agri_AA_Oil_traits	CIMBL40	Zea	mays cultivar:B73	CIMBL40			7.868516791	4.41016791	6.473204291	27.4139459	4.21875	10.21016791	1.722000933	5.495429104	2.477985075	4.040858209	17.21212687	5.148833955	6.856646455	3.097318097	3.939785448	2.996431903	5.302098881	11.14510261	130.0293703	171.7077783	61.7269332	7.805181385	75.71038711	34.1355298	16.37997245	6.515339465	11.12053221	3.444421442	2.235975131	11.5636756	19.59541477	20.64398772	13.81028595	8.05701376	8.160068559	4.752448131	72.24015	70.4672	66.59	white	0.73869854	0.00901705	0.085374104	1.572129825	2.414376802	0.07110242	0.022875717	0.022237378	0.00913366	0.01438114	4.962564975	15.15607483	0.183549187	1.729345787	31.18379121	48.85607243	1.447745928	0.464603685	0.450541683	0.187478109	0.296524878	83.1464933	8.828091709	0.056185745	0.640285553	33.81398208	3.722665204	1.04876433	2.501014402	0.636562895	0.218341779	CIMBL40	CIMBL40	agri_aa_oil
AMP_agri_AA_Oil_traits	CIMBL42	Zea	mays cultivar:B73	CIMBL42			10.00911854	4.573670213	7.53449848	31.89433891	6.609270517	13.46037234	7.54631459	8.710068389	4.715729483	4.859954407	18.3393617	6.435714286	7.77199848	4.752659574	3.853913374	4.042097264	8.355319149	13.24145137	166.7058511	176.8272421	62.71849814	7.960508424	73.54028371	28.39452371	4.001855609	6.28746223	12.69129787	3.823398389	2.324361071	11.95988124	17.16247378	28.74219098	16.45469993	9.372578361	8.970096232	5.244156591	70.9553	71.0237	68.2635	white	0.661259212	0.012773267	0.125448582	1.711871306	2.781536366	0.061875772	0.026447487	0.01361235	0.010383735	0.012819638	5.421647992	12.26490652	0.235408063	2.285326128	31.27788947	51.54713467	1.150939953	0.48925456	0.256427028	0.1952672	0.240634557	54.53952844	5.532845987	0.073321476	0.6095793	44.94093475	4.690900177	1.938623753	2.53786853	0.82144826	0.184238849	CIMBL42	CIMBL42	agri_aa_oil
AMP_agri_AA_Oil_traits	CIMBL43	Zea	mays cultivar:B73	CIMBL43			8.750366972	3.273990826	4.427321101	19.42284404	4.561876147	15.59105505	0.606366972	4.945229358	1.249931193	3.380633028	9.760550459	4.516114679	4.518261468	4.246981651	4.267706422	3.571908257	6.785366972	11.03688073	114.9133853	150.4155861	52.10264774	9.039046876	69.12728518	28.80470211	10.41710151	5.367336081	11.27875921	3.763761497	2.615556761	13.54470378	19.16065507	22.44968879	15.45268144	8.749944733	8.060304122	4.780280685	72.4543	68.909	67.1478	white	0.943223371	0.010632423	0.08534469	1.24509744	3.178207	0.077019416	0.026333087	0.019420725	0.010594234	0.016100808	5.621528086	16.84815696	0.190777509	1.534846711	22.20024921	56.49885328	1.387716805	0.471421429	0.347575021	0.193244575	0.29230565	89.18095942	11.06896248	0.068682211	0.395982497	40.82056133	3.284531168	1.363726953	2.51180083	0.667108274	0.240624727	CIMBL43	CIMBL43	agri_aa_oil
AMP_agri_AA_Oil_traits	CIMBL44	Zea	mays cultivar:B73	CIMBL44			9.209590164	4.273442623	7.770327869	34.61942623	4.325081967	12.44315574	2.26357377	6.576803279	2.940377049	5.878688525	23.53147541	7.167377049	8.98545082	3.166040984	3.515905738	3.728122951	5.534590164	13.6925	159.6219303	192.0856974	64.66530414	7.153245363	75.06436052	30.73254061	10.5810944	5.784518295	11.30840019	3.23268312	2.058558189	11.46179415	19.91024076	20.71485463	12.75966743	8.133049664	7.88459959	4.459543631	69.9916	67.5734	64.8049	white	0.78120451	0.010031699	0.084251569	1.621935129	1.760437285	0.060276248	0.02325034	0.016291827	0.008852448	0.011648539	4.379027103	17.93060127	0.229460438	1.914263258	36.64532368	40.46655827	1.379489891	0.532564846	0.37472208	0.204976306	0.267871013	77.99991776	9.444805447	0.052962421	0.913246265	29.45143042	3.61667719	1.436565064	2.640994837	0.766709805	0.264211233	CIMBL44	CIMBL44	agri_aa_oil
AMP_agri_AA_Oil_traits	CIMBL46	Zea	mays cultivar:B73	CIMBL46			7.797870478	3.338185531	5.838973162	25.6707993	4.261376896	9.991044341	4.011376896	6.206009335	2.426295216	3.779871645	15.16540257	4.849970828	6.011464411	3.1334014	3.21029755	3.002946324	5.504754959	9.294340723	123.4943816	164.1453041	65.41033033	7.687045327	75.05298681	31.73188435	9.382384427	5.301270832	11.08780793	3.864068196	2.635665656	11.69197076	17.12820701	25.1228584	22.24763418	8.148830701	9.722052068	4.910165939	69.3492	68.5751	66.7015	white	0.676381794	0.011234196	0.070013165	2.042869615	1.909587307	0.055501615	0.023234938	0.018145853	0.009389805	0.01284809	4.828975911	14.04564859	0.233032755	1.474772768	41.990395	39.7388603	1.14871031	0.482077787	0.374765532	0.19620603	0.268342025	61.33522358	9.716253825	0.036417823	1.063778377	34.86798532	3.055947195	1.292754223	2.489576789	0.73312154	0.198061611	CIMBL46	CIMBL46	agri_aa_oil
AMP_agri_AA_Oil_traits	CIMBL47	Zea	mays cultivar:B73	CIMBL47			7.424768212	3.330165563	5.839735099	22.76725166	4.204966887	8.550827815	1.766794702	5.015364238	1.763549669	4.060562914	14.73344371	5.437682119	6.14897351	3.286122517	2.47360596	2.762417219	6.148443709	9.824536424	115.5392119	162.1839158	62.30038697	8.437428064	67.67145061	31.91087129	4.466502146	4.464444345	11.47253938	3.402110253	2.182943567	11.06181513	22.28107321	21.4065304	15.13964001	7.949415783	8.4057571	4.421108198	66.7795	68.3525	65.028	white	0.789512238	0.010312196	0.093558944	1.425789728	2.407079555	0.07048594	0.02657533	0.013996523	0.010458156	0.012628661	4.864032905	16.32465524	0.212989767	1.920862331	28.9624351	49.75803585	1.462942477	0.546762244	0.292015193	0.218704957	0.262314827	76.96633356	8.614555733	0.066876415	0.585981937	34.05774116	3.53264344	1.886269259	2.536990698	0.838714821	0.239397326	CIMBL47	CIMBL47	agri_aa_oil
AMP_agri_AA_Oil_traits	CIMBL48	Zea	mays cultivar:B73	CIMBL48			7.990611354	3.84647016	6.360407569	25.32332606	4.376710335	8.633842795	2.258660844	5.448653566	1.538464338	3.985080058	14.99497817	5.473253275	6.415866084	3.456721252	4.07125182	2.978737263	5.714483261	10.71135371	123.5788719	168.4488801	57.57905397	6.897283905	72.50527632	32.75136413	7.445706419	5.952348648	11.89353288	3.68515752	2.178663826	13.05039009	19.28915547	24.61103976	15.83719353	9.107170018	8.371509606	4.41580676	69.4563	66.4604	66.4784	white	0.708324328	0.009770064	0.114150755	1.213848667	2.993804303	0.054677223	0.024267619	0.014436478	0.008682564	0.011844623	5.158407932	13.74860518	0.191161616	2.206760575	23.58678452	58.00372511	1.063865595	0.471097564	0.281227584	0.169874265	0.231568828	74.0604605	6.299284056	0.093667565	0.409488638	55.13642084	4.709740141	1.679005932	2.81054233	0.748302145	0.203312395	CIMBL48	CIMBL48	agri_aa_oil
AMP_agri_AA_Oil_traits	CIMBL49	Zea	mays cultivar:B73	CIMBL49			7.205289855	3.676956522	5.345869565	23.18350242	3.615241546	8.640942029	1.415753623	4.693019324	1.553437198	3.557463768	14.387657	4.048019324	5.662560386	3.520797101	4.979855072	2.579251208	4.440120773	10.39949275	112.9052295	171.0074486	63.28886052	8.236159225	76.77041666	30.49836603	9.218391531	5.6631935	10.44959594	3.737499379	2.354133177	12.435328	19.94450753	20.70804131	16.66768246	8.398458008	8.328327984	4.262065031	71.2765	71.3576	65.6974	white	0.697156134	0.007683978	0.105738419	0.73645964	2.546267964	0.071645405	0.021761022	0.012826858	0.008760361	0.012336983	4.225639513	16.52095628	0.182061852	2.482828895	17.48302518	60.22359473	1.705478564	0.515220227	0.304131419	0.207470348	0.291780729	91.68074105	6.802153231	0.143337398	0.295003703	35.61887791	4.83257099	1.7011458	2.512272524	0.71248495	0.251808093	CIMBL49	CIMBL49	agri_aa_oil
AMP_agri_AA_Oil_traits	CIMBL5	Zea	mays cultivar:B73	CIMBL5			10.1416879	4.54	7.711815287	32.16847134	5.243375796	12.04095541	2.321735669	6.679426752	2.592261146	5.202643312	20.35601911	7.073821656	8.383025478	4.61133758	3.14955414	3.692738854	7.760700637	12.03573248	155.7053025	157.7519294	50.57163437	7.096365039	85.80114045	31.79154667	12.24835551	6.250941688	9.134964138	3.533238465	1.990169179	12.99378928	18.26543559	19.28173265	10.04759457	8.352549537	6.919713686	4.177242008	74.5957	72.9158	68.1519	white	0.683299151	0.008943526	0.089899486	1.182972934	2.113412842	0.062825896	0.024829635	0.014006882	0.009365036	0.014287979	4.20487647	16.26212697	0.21071438	2.134803476	28.1134806	50.24256972	1.48804113	0.58849342	0.334623278	0.223569464	0.340610054	77.80353675	7.623343601	0.076338087	0.559624552	33.98145034	3.660394662	1.766322091	2.651161078	0.660468716	0.243894809	CIMBL5	CIMBL5	agri_aa_oil
AMP_agri_AA_Oil_traits	CIMBL50	Zea	mays cultivar:B73	CIMBL50			7.793110505	3.645975443	5.918587995	23.12950205	4.655047749	8.732810368	2.250150068	5.045395634	3.509038199	3.624454297	13.42281719	5.000682128	5.513813097	3.877728513	3.659208731	2.58425648	5.822373806	9.260777626	117.4457299	153.4778861	49.68352914	6.380623784	74.02205364	31.84659695	6.568255968	5.707121333	13.24126809	3.095385714	1.91540889	10.58676911	22.16823693	19.4806258	13.29751865	7.870803868	7.529020258	4.363280271	68.7456	68.8982	63.1043	white	0.676631094	0.00796693	0.068910913	0.762301543	2.522690426	0.066840708	0.019305422	0.015180458	0.008075375	0.01377559	4.165176532	16.25377182	0.191144657	1.693588215	18.8964383	59.97437063	1.603998875	0.470886587	0.362068608	0.195436204	0.330258873	84.71934852	9.616778481	0.088217726	0.317280679	37.5380589	3.598644266	1.290678708	2.463910795	0.595125802	0.234360574	CIMBL50	CIMBL50	agri_aa_oil
AMP_agri_AA_Oil_traits	CIMBL51	Zea	mays cultivar:B73	CIMBL51			10.43391705	4.531912442	8.784930876	37.12926267	4.993502304	13.55046083	2.602442396	6.878640553	3.266267281	5.511359447	23.42626728	6.483479263	8.85516129	3.916474654	5.63875576	3.268133641	6.541843318	14.50546083	170.3182719	189.57917	71.78887889	8.693700913	72.80006511	35.84609753	10.02333768	5.825573729	12.26221752	3.449328086	2.434795085	11.92326387	20.31769074	21.3870842	14.43178687	7.498599769	7.806808641	4.992662348	77.0583	73.9175	71.7221	white	0.864292856	0.010720189	0.115655464	1.899930385	2.192403639	0.067090558	0.042756613	0.023171474	0.020916943	0.008991309	5.25108311	16.48081784	0.207173045	2.202881058	36.02458651	41.8960678	1.293803194	0.808963468	0.436747064	0.395746602	0.175061362	80.04523579	7.502025149	0.062000324	0.861547663	32.53702436	2.735028858	1.857525661	2.093717877	2.516898635	0.252060754	CIMBL51	CIMBL51	agri_aa_oil
AMP_agri_AA_Oil_traits	CIMBL52	Zea	mays cultivar:B73	CIMBL52			9.41876947	4.035228453	7.214797508	30.53400831	4.625077882	11.06760125	2.079678089	5.773701973	2.159916926	4.619833853	18.43839564	5.844911734	7.313707165	3.925259605	4.797871236	2.836111111	6.066510903	10.39047248	141.1418536	165.3846471	57.46776375	9.043422286	73.19224826	35.60620582	17.12519186	6.569915106	13.17950882	3.59360486	2.226671348	13.87298845	27.18550529	20.99780753	19.47790834	8.81163424	7.793769281	4.393275644	72.7755	71.8028	67.0362	white	0.709856513	0.009610552	0.171083753	1.738165964	2.01786394	0.061537082	0.040432614	0.013408227	0.011538357	0.014070258	4.789700881	14.8206996	0.20347796	3.501160631	36.13091638	42.27527195	1.294015395	0.832236693	0.282277161	0.240239149	0.29764331	73.9892442	4.44025476	0.097711909	0.855321089	32.75990375	4.217911466	2.94109053	3.442660928	0.820859289	0.24711356	CIMBL52	CIMBL52	agri_aa_oil
AMP_agri_AA_Oil_traits	CIMBL53	Zea	mays cultivar:B73	CIMBL53			9.656965395	4.221051464	7.631144632	30.54281278	5.170186335	10.38287489	2.282808341	6.233274179	2.209432121	4.541282165	17.07812777	5.282453416	6.75039929	4.600598935	5.960292813	3.435181899	6.767679681	11.61122449	144.3577906	171.7145367	77.0718451	9.181247686	70.3670193	30.38575341	10.19063513	6.04084599	13.05657164	3.799324781	2.292914284	12.28061914	24.9354088	23.75403811	16.74058252	9.477307059	8.696116284	4.556294891	78.8786	76.2548	72.6146	white	0.607645803	0.007988695	0.069503358	1.132093999	1.82791715	0.05140201	0.019456392	0.01235183	0.008980462	0.012715275	3.749205011	16.17405865	0.207653162	1.839814465	29.35755961	49.48671743	1.396487865	0.52399673	0.336380198	0.251763537	0.363055209	78.43989098	8.86429485	0.063583377	0.599736177	35.69439254	3.523989164	1.563914605	2.166290358	0.708046902	0.237841885	CIMBL53	CIMBL53	agri_aa_oil
AMP_agri_AA_Oil_traits	CIMBL54	Zea	mays cultivar:B73	CIMBL54			7.355164766	3.405956907	5.586913815	21.1889417	4.750728771	8.140430925	2.027259189	4.879309252	2.518491762	3.792775665	12.59806717	5.442490494	5.465145754	3.903263625	2.023159062	2.924961977	6.859569075	9.12778834	111.9904183	198.0140691	72.46058784	8.463680521	77.64619214	37.65336894	11.97503402	5.823637676	14.6627149	3.944313555	2.297938327	12.75983929	24.58951231	26.45456294	18.57023111	9.796409684	8.313694859	4.201673386	66.8866	65.2361	61.2347		0.859416983	0.010320567	0.126398965	1.471143079	2.78798211	0.071154995	0.036608065	0.017275686	0.013060176	0.017433119	5.41748769	15.89030452	0.192715491	2.321842887	27.07891431	51.5725237	1.332770972	0.668839749	0.31827575	0.239995475	0.325888027	83.3304803	6.882122875	0.086022588	0.527494512	38.99300592	3.525226041	2.095840944	2.790488229	0.737711565	0.242365073	CIMBL54	CIMBL54	agri_aa_oil
AMP_agri_AA_Oil_traits	CIMBL56	Zea	mays cultivar:B73	CIMBL56			11.8861039	4.516103896	7.372045455	29.32522727	5.681980519	11.75503247	1.992373377	6.757175325	2.366305195	5.146266234	18.2949026	6.510811688	7.881006494	5.101720779	3.091730519	3.577922078	7.567532468	11.45003247	150.2742727	193.3960594	86.60195342	8.951538685	70.58994397	33.51877063	13.95466254	4.977099735	12.55827807	3.461382393	2.233742223	12.0579893	24.02218777	23.19376831	12.56383785	8.794418564	8.085617487	4.739194534	69.5634	69.1316	65.4743	white	0.843096322	0.010345949	0.130018152	1.819222729	2.281944856	0.058646779	0.032424353	0.018256984	0.009815342	0.013295915	5.221035661	16.17933671	0.199400848	2.486878295	34.75773408	43.75936575	1.128852935	0.62010549	0.349606563	0.190137519	0.259317802	81.36438168	6.568201449	0.072567021	0.801801038	38.85797722	4.019266061	1.775154884	3.277522312	0.744116486	0.246919456	CIMBL56	CIMBL56	agri_aa_oil
AMP_agri_AA_Oil_traits	CIMBL57	Zea	mays cultivar:B73	CIMBL57			9.354190141	4.453873239	7.610528169	33.25235915	5.164929577	11.67985915	2.965978873	6.719295775	2.526693662	4.933169014	20.55267606	6.360352113	7.962605634	3.654788732	3.059352113	4.032711268	6.881830986	13.27757042	154.4427641	175.6732106	67.58280817	8.395861673	79.37499568	32.13385919	12.52948619	5.897773007	12.39058823	3.570807883	2.328082584	12.72210542	20.89182459	21.65969457	16.89067088	8.00823601	8.533812945	4.884984104	70.8482	68.7977	65.5859	white	0.647846062	0.007447787	0.084425861	1.151628215	1.701755533	0.046671611	0.029139561	0.018557095	0.01296296	0.016169162	3.716531904	17.39589085	0.198265152	2.245658966	30.84617876	45.85996276	1.25133266	0.787736634	0.506871123	0.358622358	0.44531562	88.22309981	7.79200121	0.073275775	0.67347201	36.8901766	2.92836767	1.578545006	2.261496846	0.799771665	0.271175494	CIMBL57	CIMBL57	agri_aa_oil
AMP_agri_AA_Oil_traits	CIMBL58	Zea	mays cultivar:B73	CIMBL58			7.915275527	3.340271475	6.147447326	27.28845219	3.385255267	24.96106159	0.355849271	4.903970827	1.453026742	4.198784441	17.50555105	5.254578606	6.901742301	2.906183144	4.121029173	2.698833063	5.063573744	11.52787682	139.9287626	152.055893	55.01628752	7.868624823	75.30775786	34.42675646	15.05966229	5.627767207	12.38262827	3.392079583	2.268538372	12.75983929	18.97218781	21.72374816	16.24743505	7.573540182	8.198783117	4.790883563	71.7048	69.3542	64.5817	white	0.608084072	0.00725553	0.08094996	0.86959704	1.858258429	0.050255462	0.024903112	0.013800645	0.010554351	0.013455544	3.533837111	17.0021152	0.199902192	2.266773033	24.76812132	52.55352877	1.403999977	0.685007583	0.383724272	0.290387453	0.368359368	85.69311322	7.553116555	0.091310581	0.474432762	37.70929881	3.278077236	1.783495409	2.366408884	0.796007407	0.260786792	CIMBL58	CIMBL58	agri_aa_oil
AMP_agri_AA_Oil_traits	CIMBL59	Zea	mays cultivar:B73	CIMBL59			10.29709962	4.485687264	7.860907945	32.75252207	5.13761034	12.66210593	2.137112232	6.390006305	3.340321564	5.220113493	20.43168348	6.680989912	7.867812106	3.935876419	3.18389029	3.328656999	6.33464691	12.31229508	154.359338	185.1939708	53.30365469	7.522967469	78.56746245	32.08985823	9.548608518	5.853729508	11.94571485	3.751359941	2.518810139	11.8542264	16.94830645	27.08594828	16.95737682	8.492689381	8.591483243	5.148451583	66.1371	64.5683	62.6851	white	0.916759206	0.010393485	0.108334768	2.158004794	2.014862619	0.064959191	0.030347213	0.017665637	0.009936094	0.011919154	5.346696577	17.19297302	0.196127265	2.025192917	40.15583603	37.8434061	1.222147287	0.566223058	0.331256489	0.187638971	0.226047225	87.57472424	8.588580751	0.051168141	1.075009464	31.01644558	3.577529527	1.724302492	3.029150237	0.849414483	0.253799559	CIMBL59	CIMBL59	agri_aa_oil
AMP_agri_AA_Oil_traits	CIMBL6	Zea	mays cultivar:B73	CIMBL6			7.525144509	3.46867052	5.631300578	21.57924855	4.433381503	8.374364162	1.714196532	5.236184971	2.073083815	3.744479769	13.01445087	5.051647399	5.577312139	4.130751445	1.636797688	3.105144509	6.605028902	9.208554913	112.1097428	166.2346596	48.00500367	7.748301061	69.0135481	27.52569127	7.820547324	7.235354932	10.56421938	3.623332118	2.371624289	12.54852961	17.87136768	23.18408505	16.61908242	8.19760845	8.496587409	4.527136977	70.9553	70.4672	68.1519	white	0.636218264	0.006358769	0.157612334	1.080451579	1.8126278	0.049153933	0.030232573	0.010962985	0.009280964	0.010962611	3.80349969	16.71942937	0.164584219	4.097778632	28.30443359	47.68410404	1.276251212	0.790799738	0.290622452	0.243693201	0.283590743	105.0431348	4.284252416	0.146536968	0.596391007	37.84131464	5.225055161	2.700933518	3.241909515	0.879666895	0.286690004	CIMBL6	CIMBL6	agri_aa_oil
AMP_agri_AA_Oil_traits	CIMBL60	Zea	mays cultivar:B73	CIMBL60			8.823477298	4.216694352	7.907751938	32.7807309	4.773864895	12.59471207	4.770155039	7.510908084	3.139258029	4.671207087	19.64507198	5.682032115	7.743272425	3.270099668	4.33341639	3.371677741	6.137070875	11.80296235	153.1743632	175.6015268	69.25348634	8.500871502	70.79922019	29.55793882	12.0375075	6.009386347	11.10726561	3.811908712	2.51192534	13.62017152	16.02524521	27.18355374	17.93414234	8.327712429	8.807776488	5.595691569	69.5634	68.3525	65.2512	white	0.747482029	0.006919004	0.42898006	1.857847938	2.333928701	0.055843606	0.044615083	0.016054643	0.008943214	0.011956969	5.517790094	13.57447624	0.128534251	7.600956875	33.59537804	42.38780837	1.01436861	0.803569819	0.29326539	0.165042818	0.221308449	108.1821634	2.092866557	0.227700053	0.793738013	42.0339	9.440842176	2.745758612	4.934554286	0.76376412	0.291839287	CIMBL60	CIMBL60	agri_aa_oil
AMP_agri_AA_Oil_traits	CIMBL62	Zea	mays cultivar:B73	CIMBL62			7.571637931	3.482557471	6.295114943	26.22744253	3.948706897	9.499511494	1.835560345	4.873850575	1.647373563	3.772701149	15.7512069	5.045402299	6.239511494	2.802706897	3.004310345	2.756336207	4.933333333	10.72663793	120.4139023	166.1277433	54.97830752	9.244691125	72.4711552	27.42426534	13.08784295	5.999674893	9.633788367	3.064532617	2.000217265	12.56362316	15.51124359	22.99261918	7.728133813	8.777202887	7.682092672	4.655696871	72.026	70.24457	68.2635	white	0.741177313	0.009294473	0.084093718	1.475992667	2.397592046	0.070919015	0.024597873	0.016681918	0.010326897	0.014159334	4.849024401	15.3135597	0.191916404	1.740395498	30.36417769	49.49723612	1.471338189	0.507469503	0.344343307	0.214366598	0.294783265	83.0794557	8.961710556	0.057595646	0.614156853	33.76598811	3.422579222	1.479718927	2.385846556	0.72893321	0.221689169	CIMBL62	CIMBL62	agri_aa_oil
AMP_agri_AA_Oil_traits	CIMBL63	Zea	mays cultivar:B73	CIMBL63			9.705261661	4.136120592	7.628213879	32.54806598	4.488794084	12.15022753	2.136029579	6.037258248	1.804149602	5.295648464	21.58438567	6.432508532	8.81632537	3.545904437	2.956171786	3.525255973	6.453356086	12.99251991	152.2361974	178.7765538	66.86582534	9.270943582	70.27148016	26.04084545	9.843126372	6.097199784	12.89277333	3.70303035	2.481967158	14.4125828	18.5781199	20.78551565	16.41848813	8.092879752	7.930759255	4.715338058	74.3816	72.4706	68.2635	white	0.757139328	0.007982225	0.104776869	1.211202672	2.508954719	0.059413934	0.027178347	0.013289404	0.010162642	0.013506006	4.716740905	16.04842437	0.170479042	2.22042364	25.71407167	53.18222644	1.263572495	0.57432381	0.282847857	0.21513295	0.288118642	95.33975234	7.340511251	0.087051842	0.485922662	42.35623227	3.901935392	2.043263225	2.69876406	0.748038135	0.240758202	CIMBL63	CIMBL63	agri_aa_oil
AMP_agri_AA_Oil_traits	CIMBL65	Zea	mays cultivar:B73	CIMBL65			8.402132262	3.802564895	5.998300371	25.26474042	4.746260816	9.542490729	2.074480841	5.675896168	1.628711372	4.331489493	15.78080964	5.471477132	6.627472188	4.336248455	2.794848578	3.350370828	7.363751545	11.94270705	129.1347528	196.2053551	95.31714794	9.892251737	69.15003259	32.01155145	12.26006929	6.962066387	11.72955768	3.90966215	2.378695164	13.63903846	23.62818578	19.94732873	22.04799284	8.924970776	7.798236345	3.981088768	78.6644	79.8164	74.6228	white	0.591368043	0.010196932	0.086851815	0.847744172	2.088043795	0.061880422	0.024387332	0.008846261	0.010802218	0.016102261	3.746791196	15.73376818	0.268925355	2.290362228	22.45260561	55.92610344	1.654136754	0.645323451	0.240966206	0.287772193	0.428004974	58.78603016	7.005332247	0.101984669	0.407992052	34.11195953	3.54797591	2.685365346	2.277173885	0.667115141	0.241849844	CIMBL65	CIMBL65	agri_aa_oil
AMP_agri_AA_Oil_traits	CIMBL66	Zea	mays cultivar:B73	CIMBL66			8.246091015	3.756038506	6.465956826	26.95134189	4.360093349	10.0785881	1.832482497	5.582905484	2.195172112	4.223920653	16.49626604	4.932088681	6.386172695	3.789235706	3.182992999	2.852925904	5.952012835	10.07324971	127.357535	131.2462092	41.52256919	8.872781313	70.9698258	31.13376966	12.20540499	4.558412929	11.72018261	3.07966981	1.901225012	12.05044253	21.04747801	20.10715768	12.43804951	7.123063318	7.615086706	5.075835905	68.2785	67.796	65.6974	white	0.906363819	0.013162458	0.106100187	1.481990808	2.531580624	0.062195912	0.022438568	0.01292801	0.007320562	0.015651059	5.168686716	17.57014478	0.252483113	2.067664619	28.4304894	49.24322216	1.227269095	0.442436455	0.259663992	0.14904969	0.313109762	70.94170193	8.450209248	0.073551409	0.579659935	40.64328824	4.802808293	1.715634346	3.083079901	0.467119739	0.25897972	CIMBL66	CIMBL66	agri_aa_oil
AMP_agri_AA_Oil_traits	CIMBL67	Zea	mays cultivar:B73	CIMBL67			9.681308725	4.138120805	7.807818792	33.52657718	4.843422819	11.60493289	3.074449664	6.297516779	2.540755034	4.938456376	20.13771812	6.679563758	8.074127517	3.835436242	3.912785235	3.156654362	6.598489933	11.44167785	152.2898121	173.2596715	68.52259224	8.400237083	77.64619214	31.5074049	11.73294927	5.630639609	12.13144727	3.51208287	2.051574148	11.31085867	24.29025754	20.96120548	14.18908039	8.940751813	8.236008654	4.213026721	74.9169	73.9175	72.7262	white	0.721378068	0.007339576	0.12165257	1.529619847	2.064937616	0.070207516	0.025351447	0.013174288	0.009386615	0.01305625	4.577907741	15.747636	0.160735318	2.633948616	33.35031562	45.16841588	1.543312808	0.551310382	0.289291782	0.205193349	0.285398508	99.36418452	6.489855779	0.079117796	0.744250909	29.51298412	4.811852842	1.962725792	2.720523482	0.730767593	0.242358453	CIMBL67	CIMBL67	agri_aa_oil
AMP_agri_AA_Oil_traits	CIMBL68	Zea	mays cultivar:B73	CIMBL68			9.077774923	4.690313464	7.171531346	31.34378212	4.822533402	11.36510791	2.260953237	6.081449126	3.018422405	4.770554985	19.60524152	5.99565776	7.711330935	4.016572456	5.543653649	3.539722508	6.316649538	12.67356115	150.0048124	175.9158497	67.73009106	8.691201817	76.05614782	29.07243674	10.90908019	6.879724192	10.77082459	3.356333923	2.143123375	11.63536996	15.85176966	21.27943996	12.24650818	8.154569259	8.055837057	5.046677991	77.4866	76.5887	75.4038	white	0.684673998	0.009411434	0.077672449	1.37016075	2.333910543	0.071471101	0.01864875	0.01363435	0.007977247	0.012433109	4.602460795	14.83083786	0.204545669	1.689762365	29.91760176	50.60062743	1.563890934	0.406095385	0.299138845	0.174217774	0.271620556	73.16630132	8.897749819	0.058570434	0.598481311	32.42124273	4.152686847	1.385185494	2.351149428	0.646141905	0.211300767	CIMBL68	CIMBL68	agri_aa_oil
AMP_agri_AA_Oil_traits	CIMBL69	Zea	mays cultivar:B73	CIMBL69			7.789274571	3.711181747	6.087090484	24.42874415	4.524843994	9.127574103	2.155600624	5.54699688	1.525713729	4.420631825	15.35136505	5.937636505	6.321957878	3.867558502	2.237539002	3.219395476	6.730109204	11.05460218	124.0378159	135.1743039	44.58360226	8.800587056	71.81148016	31.44475947	11.88913298	4.391676824	12.23846453	3.131282166	1.99872866	11.21275061	23.44281116	21.98606284	11.63043119	8.267905795	7.963517727	4.890285543	68.9209	69.3542	64.9165	white	0.879011365	0.01060031	0.118611582	1.343157487	2.527140884	0.059735463	0.023259301	0.013493906	0.007403402	0.014989139	5.004277523	17.64447461	0.211773926	2.348972285	26.7373182	50.57690049	1.200853275	0.47220676	0.27586377	0.154472693	0.304861689	83.19931271	7.546651593	0.087919428	0.52893692	42.2726768	5.087308075	1.736267271	3.202953074	0.500465252	0.265586316	CIMBL69	CIMBL69	agri_aa_oil
AMP_agri_AA_Oil_traits	CIMBL7	Zea	mays cultivar:B73	CIMBL7			8.37527339	3.616859052	6.483930741	25.44832928	4.64763062	9.526670717	1.776652491	5.154404617	2.179252734	3.909082625	14.80164034	5.105558931	6.12181045	3.982138518	2.768557108	2.825537667	6.611208991	10.08274605	123.4172843	203.9337989	95.16887139	10.11758533	76.31546835	29.6399745	11.32296703	5.388400363	13.01411851	4.074347512	2.632316294	14.63521263	20.51633433	25.14481963	20.01536761	8.893408703	8.103485744	4.861127629	80.0563	76.9226	73.9534	white	0.848222316	0.014893274	0.092295992	1.1469487	2.080057716	0.051735658	0.021534554	0.013868554	0.007987692	0.014072374	4.295325936	19.76434675	0.342837798	2.139996744	26.61034957	48.53001791	1.201071669	0.501459179	0.324385184	0.187252252	0.327246146	58.67856308	9.24758469	0.081821244	0.551429721	40.64401406	4.26112201	1.553044386	2.706827689	0.57737639	0.298691255	CIMBL7	CIMBL7	agri_aa_oil
AMP_agri_AA_Oil_traits	CIMBL70	Zea	mays cultivar:B73	CIMBL70			7.643577649	4.282801161	5.812699565	25.90696662	4.395899855	9.211647315	2.262521771	5.412518142	1.449945573	3.962264151	16.05370102	5.26371553	6.187155298	3.363450653	7.856240929	3.449270682	5.319121916	11.73066038	129.5641582	180.4103239	91.40896222	9.181247686	68.62684205	28.30875913	10.93641234	6.901198818	11.33014452	3.606188791	2.239510568	12.94850864	21.24636849	21.5010857	13.43149152	8.346810979	7.713362122	4.41580676	77.5937	75.587	73.5072	white	0.519404407	0.006723629	0.054170558	0.683133532	1.474911281	0.047793215	0.017909448	0.009155165	0.008459931	0.011609003	2.828224252	18.32619086	0.226465818	1.901560331	23.77818134	52.36768247	1.657082624	0.635948571	0.330256652	0.304240227	0.41253154	80.92816952	9.624776972	0.080142049	0.459176347	32.10244551	3.04330793	1.919424575	2.149896063	0.776378383	0.276063837	CIMBL70	CIMBL70	agri_aa_oil
AMP_agri_AA_Oil_traits	CIMBL71	Zea	mays cultivar:B73	CIMBL71			7.89213894	3.500050274	6.299268739	29.04858318	3.647577697	27.3404479	0.498633455	5.876873857	1.726617916	4.457641682	18.57454296	6.129021938	7.227056673	2.977207495	3.743185558	3.238363803	5.345292505	12.86014625	150.3826508	190.9028594	73.47346132	8.104896939	80.66022464	28.14841667	9.409716575	7.241099736	13.75174157	3.790753117	2.613894803	13.82393442	22.56163242	23.89851988	20.76438	8.001062812	8.221118439	5.135477093	74.0604	73.6949	71.6105	white	0.676098946	0.008912047	0.109303112	1.260419299	1.916192628	0.059694751	0.0300613	0.014230129	0.011436708	0.018370085	4.106089074	16.59512035	0.216824418	2.642246722	30.43480263	46.74749252	1.46045126	0.730138858	0.348979882	0.280389749	0.449948819	76.7103885	6.32577016	0.087532109	0.653197425	32.09455734	3.642858241	2.100348856	2.610180862	0.625458109	0.262595124	CIMBL71	CIMBL71	agri_aa_oil
AMP_agri_AA_Oil_traits	CIMBL72	Zea	mays cultivar:B73	CIMBL72			8.520974576	4.150181598	6.682657385	29.62651332	4.68783293	10.84249395	2.402409201	6.165133172	2.262394068	4.836713075	18.61628329	6.111803874	7.351815981	3.560260291	2.822027845	3.727966102	6.728420097	12.52884383	141.6247246	194.1723938	78.3925332	8.415551016	76.13348903	36.75843424	11.41556165	5.367062519	13.39619664	3.305268694	2.074275379	11.54480867	20.43923409	22.61439801	15.36834608	8.437193279	8.602307932	4.914142018	76.7371	72.1367	69.7139	white	0.644286005	0.007878549	0.073058741	0.974928732	2.034081662	0.055836625	0.024354615	0.013204191	0.010553625	0.015020668	3.854092083	16.73097466	0.204009674	1.889090899	25.14043737	52.87499257	1.458120528	0.627407894	0.343730083	0.274302531	0.391426982	82.36768096	8.889153328	0.075226124	0.478048006	36.50595307	3.02497188	1.833864344	2.298231492	0.701242614	0.249702122	CIMBL72	CIMBL72	agri_aa_oil
AMP_agri_AA_Oil_traits	CIMBL74	Zea	mays cultivar:B73	CIMBL74			9.051268499	4.77608351	6.823361522	29.86046512	4.75404334	10.98298097	2.075436047	6.016358351	2.465134778	4.424471459	18.44561311	5.756791755	7.089244186	4.372674419	6.046960888	3.198387949	6.088530655	12.18319239	144.4109989	161.2594497	57.81322714	9.550969793	62.88311973	27.49958901	13.59599781	5.993519745	13.32367256	3.37566576	2.143867677	11.86931995	21.28095813	20.50978021	12.70963798	7.659618564	7.917358062	4.381347407	73.7391	72.8045	68.9329	white	0.786386121	0.007954204	0.134553275	1.950177627	2.865842008	0.066330653	0.032378341	0.021901917	0.012045991	0.012429713	5.895607444	13.4095516	0.138206509	2.248129286	32.82478574	48.83620264	1.139718465	0.548356279	0.372413068	0.207865981	0.216679238	99.9731391	6.160204118	0.068715273	0.674174087	43.0535247	4.105008415	1.48192171	2.663480826	0.97528422	0.200527067	CIMBL74	CIMBL74	agri_aa_oil
AMP_agri_AA_Oil_traits	CIMBL75	Zea	mays cultivar:B73	CIMBL75			9.03148631	3.944035202	6.63357236	26.53445241	5.007366362	10.21590613	2.199667536	5.599674055	3.387288136	4.268057366	15.68432203	5.737874837	6.226955671	3.972555411	3.760723598	3.091290743	6.199608866	10.50798566	132.0028227	171.3029366	55.87414963	9.257817353	61.90498088	31.29336635	8.203197414	5.498509112	12.44630795	3.935924267	2.399535639	12.63154413	19.51112113	27.35680344	19.25968462	9.465829942	8.792902679	5.067883746	71.8119	68.1299	66.2553	white	0.695827134	0.00760203	0.125217615	2.027264988	2.319083609	0.056355137	0.029865194	0.020900625	0.009188128	0.011500274	5.304600122	13.15883993	0.145723306	2.356705301	38.01728171	43.83757431	1.067087578	0.561741338	0.393188029	0.175525806	0.221061874	91.88472956	5.668880101	0.062729189	0.867559397	41.37456464	4.207126833	1.43521127	3.22727871	0.804691585	0.198319216	CIMBL75	CIMBL75	agri_aa_oil
AMP_agri_AA_Oil_traits	CIMBL76	Zea	mays cultivar:B73	CIMBL76			8.835016112	4.023281418	6.426100967	26.96106337	4.809398496	10.11476907	1.903558002	5.832330827	1.917634264	4.459103115	16.77730934	5.844146079	6.954135338	4.519280344	2.728651987	3.309935553	7.390655209	11.71329216	134.5196617	143.1392931	54.87408335	7.072300286	66.06320836	26.90371166	6.339591072	5.034821339	9.900889284	3.580656177	2.193363804	11.65801028	18.14121853	23.30318912	11.21590143	8.827415277	8.524878816	4.873055866	67.3149	66.1265	64.5817	white	0.574122521	0.007958282	0.052962017	1.21093683	1.907585013	0.066083227	0.01724575	0.016171367	0.007568202	0.012072395	3.872076463	14.79361291	0.20398156	1.373765229	31.10618173	49.39103042	1.723821036	0.443017165	0.412775909	0.194478317	0.311141749	73.34715541	10.98025628	0.044403608	0.632398676	29.05431975	3.091559911	1.092909141	2.308139563	0.654180798	0.207358168	CIMBL76	CIMBL76	agri_aa_oil
AMP_agri_AA_Oil_traits	CIMBL77	Zea	mays cultivar:B73	CIMBL77			7.768712349	3.461073042	6.260316265	23.8000753	4.894201807	9.477974398	4.641942771	6.071385542	2.83752259	3.488768825	13.15783133	5.003162651	5.813930723	3.731201054	2.853177711	2.838923193	6.173004518	8.848268072	121.1214721	195.3000564	69.06579451	9.299383744	86.69966335	37.83981367	3.906890335	5.600410997	12.80981284	3.475790083	2.206575176	12.15609737	22.70298287	24.39449212	13.53250337	8.203347009	8.049880972	4.508581941	73.9533	72.4706	68.8213	white	0.807238601	0.006943336	0.08272942	1.160413353	2.715040913	0.05609315	0.02283897	0.017066526	0.011267679	0.011819773	4.895743234	16.6984559	0.146433465	1.692883743	23.42154837	55.51941448	1.170698173	0.473848436	0.35368728	0.243251342	0.251430529	118.2111635	9.933558817	0.073043414	0.424635406	48.31770302	3.658045371	1.34913378	2.069841482	0.985561628	0.241374425	CIMBL77	CIMBL77	agri_aa_oil
AMP_agri_AA_Oil_traits	CIMBL78	Zea	mays cultivar:B73	CIMBL78			7.577792008	3.49423668	6.22763832	24.2524334	4.38857582	9.270210041	1.792717725	4.923591189	2.730891393	3.831941598	14.725	4.808171107	5.883555328	3.465753074	2.319193135	2.898232582	5.45210041	10.8341957	118.8762295	144.034288	61.43556922	9.651604212	64.98043141	31.12407454	11.97893861	4.820622209	10.54299281	3.105749551	1.762412567	11.36368609	17.62022035	22.08126972	8.828781792	8.034059525	8.045413907	5.033424394	71.8119	70.27588	66.59	white	0.756967626	0.008139885	0.079997173	1.037997216	2.476800679	0.074662347	0.02414984	0.018937653	0.011476176	0.015482372	4.509037464	16.759559	0.182522245	1.820298686	23.06713651	54.89563889	1.663793572	0.540213084	0.41745714	0.255873161	0.347063328	94.65738508	10.14031697	0.078220648	0.422639593	33.09479562	3.294888034	1.312205967	2.123365514	0.759265311	0.246544025	CIMBL78	CIMBL78	agri_aa_oil
AMP_agri_AA_Oil_traits	CIMBL79	Zea	mays cultivar:B73	CIMBL79			7.591976456	3.451084263	6.265582404	26.87949195	4.438754647	11.07815985	5.31917596	6.843122677	3.317410161	3.956567534	15.97905824	4.964776952	6.427819083	3.109076828	3.904182156	3.166511772	5.315458488	10.9222119	132.9304213	145.0417389	48.69902185	8.503059207	67.28246981	33.13469449	9.722083996	4.934560827	11.73734075	3.595428618	2.448659614	13.10699089	19.64659725	21.85063526	17.05394809	7.892030195	8.192827032	5.106319179	71.0624	69.5768	64.9165	white	0.658029241	0.009133323	0.065515386	0.872037541	2.083876359	0.055982347	0.020436871	0.013982836	0.009831979	0.012588626	3.802801311	17.43787113	0.236576525	1.731643613	22.74029591	54.79783892	1.482420445	0.534672777	0.371384127	0.264174666	0.336689944	74.4732687	10.08761129	0.076822282	0.417766401	37.12529172	3.250727602	1.449417281	2.082381484	0.783165136	0.256251567	CIMBL79	CIMBL79	agri_aa_oil
AMP_agri_AA_Oil_traits	CIMBL8	Zea	mays cultivar:B73	CIMBL8			11.62438937	4.529418103	8.161422414	35.15693247	5.43829023	33.32747845	0.901508621	6.747521552	3.005869253	5.446048851	21.10219109	6.598958333	7.726688218	4.561135057	3.533505747	3.58139727	7.349030172	12.04177443	180.8335596	181.8416731	70.88397639	8.247097749	69.33201192	24.69546029	7.699504949	6.203478663	10.82247589	4.045714509	2.691302279	13.86921507	18.46246954	25.1978926	16.30461157	9.513173051	8.103485744	4.777629966	73.0967	70.9124	66.7015	red	0.473092641	0.007360021	0.059083151	0.69691608	1.888765875	0.052499285	0.012226612	0.008312541	0.006502765	0.011089401	3.214021336	14.66723245	0.225378996	1.833514975	21.64167726	58.75559316	1.626043525	0.381229618	0.260666326	0.201454665	0.339357968	66.48851991	8.046278759	0.085559947	0.372209514	36.34751172	4.855803948	1.466189148	1.970784007	0.59026616	0.212434407	CIMBL8	CIMBL8	agri_aa_oil
AMP_agri_AA_Oil_traits	CIMBL81	Zea	mays cultivar:B73	CIMBL81			9.986177474	4.243272184	8.149744027	36.19398464	5.016766212	33.57397611	0.911540102	6.343643345	2.923835324	5.116638225	21.69650171	6.59133959	7.618387372	3.768903584	3.326851536	3.65818686	6.453327645	12.41177474	177.9848507	157.4607625	57.15321431	7.540469108	67.500845	24.78122486	10.61233115	6.03181844	11.54948567	3.780540072	2.601613809	12.42023446	19.28576623	22.0836683	17.56487732	7.983015482	8.230447697	4.618380052	72.026	69.2429	67.1478	white	0.632407341	0.008464974	0.069955281	1.032593731	1.780065954	0.066609515	0.016681883	0.011101578	0.007872554	0.014181039	3.640114239	17.45297649	0.229930172	1.925189372	28.0101124	49.11273532	1.821348567	0.463201642	0.309637109	0.218539972	0.388357717	76.61336848	9.163426856	0.070233716	0.575739713	27.46410566	4.163626554	1.516996094	2.154997093	0.562751402	0.258286404	CIMBL81	CIMBL81	agri_aa_oil
AMP_agri_AA_Oil_traits	CIMBL82	Zea	mays cultivar:B73	CIMBL82			9.552708333	4.342232143	7.802291667	33.61071429	5.042708333	12.28928571	3.500863095	7.291458333	2.5108125	4.927738095	19.34571429	5.473422619	7.304761905	4.055238095	6.849940476	3.527321429	7.187321429	13.03669643	157.6512292	192.1476313	83.43470884	8.767771484	70.93342994	28.99562151	9.815794223	6.094053819	12.74082651	3.650323739	2.337200292	12.04666914	20.5771131	22.19347445	20.41417382	8.025451687	8.599329889	4.614610719	74.8099	73.6949	72.0568	white	0.670993923	0.010837873	0.09572309	1.041105499	2.042624565	0.064013642	0.018136361	0.0091672	0.008083588	0.012710627	3.974686614	16.98598924	0.269188651	2.385471634	25.84731349	51.58719874	1.632456713	0.460485963	0.237758599	0.206971547	0.322377315	63.92401585	7.165796654	0.092989988	0.50405856	31.76132849	5.221640206	1.966909051	2.307776557	0.643447526	0.256770422	CIMBL82	CIMBL82	agri_aa_oil
AMP_agri_AA_Oil_traits	CIMBL83	Zea	mays cultivar:B73	CIMBL83																						107.1977917	28.81472763	8.833402628	72.9261035	29.06572473	10.34681884	5.490302248	11.98152642	3.833154775	2.581411484	11.903753	21.70704162	22.83952381	13.95806308	9.09425826	9.236631073	4.944625292	68.7068	68.1299	64.9165	white	0.80588327	0.008284394	0.081212282	1.251378619	2.228275718	0.066646667	0.028367277	0.01631559	0.012673851	0.017379333	4.520785468	17.84836638	0.184875398	1.81023959	27.68700503	49.30217997	1.489941441	0.624169867	0.359099682	0.27829071	0.388239739	97.62000738	9.865339745	0.065312504	0.563346225	32.92375141	2.967991005	1.737461034	2.26850974	0.711889406	0.265667417	CIMBL83	CIMBL83	agri_aa_oil
AMP_agri_AA_Oil_traits	CIMBL84	Zea	mays cultivar:B73	CIMBL84			7.065147601	3.693339483	5.284557196	22.69298893	3.742878229	8.414151292	1.376819188	4.521937269	1.890479705	3.446678967	13.8748155	4.125664207	5.611642066	3.211789668	3.117306273	2.48400369	4.607859779	8.980553506	108.1426125	165.2535777	52.57949542	7.109491268	73.9724846	29.52139565	6.094717326	5.912135018	12.02239504	3.572133949	2.27380453	12.01106279	20.91724465	22.24238965	18.32165962	8.741336895	8.515944688	4.771003167	68.2785	67.5734	63.6892	white	0.746175457	0.009149638	0.110648561	1.270441994	2.810986976	0.054280141	0.026572507	0.015728288	0.010455007	0.013269461	5.071930746	14.74386995	0.182407615	2.159373715	25.118737	55.37485391	1.072648775	0.519922781	0.31229502	0.206958508	0.263805047	81.69955491	6.974892492	0.086844385	0.456292806	52.04307493	4.163208201	1.673741086	2.515807527	0.789745279	0.218910392	CIMBL84	CIMBL84	agri_aa_oil
AMP_agri_AA_Oil_traits	CIMBL86	Zea	mays cultivar:B73	CIMBL86			7.350324924	3.631345566	5.633524465	24.15443425	3.697706422	9.015730122	1.522905199	4.672954893	1.811840596	3.638876147	15.19885321	4.142622324	5.952446483	2.958333333	3.399789755	2.679644495	4.679663609	10.09067278	114.2316686	186.9290662	76.03115956	9.242566672	68.73658518	32.79099019	9.214748033	5.023755786	12.88422901	3.226596541	1.91540889	12.30372588	22.41719681	20.9104696	12.01646279	7.568843147	7.54830628	4.768781616	72.026	72.4706	68.0403	white	0.780065267	0.011189467	0.07954919	1.431156292	2.719078805	0.051103489	0.023830432	0.016347547	0.011272178	0.013109202	5.140937818	15.1844083	0.217922493	1.556709593	27.82442398	52.9259911	0.994435068	0.463260526	0.319408646	0.220369719	0.257320764	70.59938776	9.940050059	0.056011617	0.526984219	53.75924228	3.346978107	1.462540412	2.11430367	0.869921496	0.215531511	CIMBL86	CIMBL86	agri_aa_oil
AMP_agri_AA_Oil_traits	CIMBL88	Zea	mays cultivar:B73	CIMBL88			3.01293725	1.36191255	2.445220294	9.713918558	2.124499332	5.621395194	2.952920561	3.907743658	2.521548732	1.514218959	5.883311081	2.132239653	2.901578772	1.429863151	1.304175567	1.322736983	2.410403872	3.678204272	56.23882844	157.625181	59.76389738	8.721829684	75.83777264	26.5412631	6.172809181	5.857559378	10.35127248	3.95455981	2.704789662	14.85477244	18.44230828	21.3870842	25.28740088	8.190698201	7.802567597	4.538208814	72.5614	71.8028	68.9329	white	0.780220052	0.007111728	0.081573003	0.939983343	3.058864292	0.070178542	0.023697242	0.015880005	0.010456012	0.014535287	5.009491835	15.55671572	0.144345147	1.643532761	18.99521966	60.94010887	1.414380105	0.472775891	0.317804063	0.209596516	0.293151767	108.3470632	9.572773439	0.086434976	0.317393323	43.20156014	3.478799582	1.497942426	2.283097052	0.719504862	0.222534351	CIMBL88	CIMBL88	agri_aa_oil
AMP_agri_AA_Oil_traits	CIMBL89	Zea	mays cultivar:B73	CIMBL89			9.482129854	4.260709951	7.155400485	27.58874393	5.497451456	10.14666262	2.288889563	6.227184466	2.265879854	4.078337379	15.78953277	5.375637136	6.471055825	4.456583738	3.117597087	3.671298544	7.460800971	11.30042476	136.6343204	147.8605629	51.21718389	7.658605165	70.79922019	31.55662631	7.242667596	5.294158217	12.34934404	3.363410677	1.954698252	12.45981286	21.74737081	21.11371401	12.41679275	7.791605416	7.908423933	4.549668092	69.6704	68.1299	64.8049	white	0.817111335	0.011666756	0.088982188	1.285712899	2.897150886	0.057152275	0.02852237	0.014082242	0.013765406	0.014400472	5.233602644	15.67022102	0.223120856	1.718808621	24.44401252	55.45066275	1.101916023	0.547305765	0.272922629	0.266141252	0.280383557	71.7446649	9.165702161	0.070618433	0.44368772	50.76282888	3.151280321	2.023950285	2.077401897	0.953763925	0.227318435	CIMBL89	CIMBL89	agri_aa_oil
AMP_agri_AA_Oil_traits	CIMBL9	Zea	mays cultivar:B73	CIMBL9			10.27146134	4.277621232	7.811959371	35.98197903	4.463302752	13.11166448	1.824377457	6.514646134	2.457470511	5.070216252	21.82326343	6.435288336	8.056913499	3.513761468	3.456028834	3.397411533	6.53604194	13.22866972	158.2320773	150.1549983	57.11236373	8.085207596	78.33088933	26.94845839	6.817066986	6.378011287	11.6710531	3.505152589	2.226671348	12.11836349	21.64927956	19.54592627	15.56369918	8.71838266	8.24196474	4.405203882	76.4159	75.1418	72.6146	white	0.496596889	0.008339286	0.071512827	0.917786679	1.841380068	0.049789749	0.014684573	0.009239527	0.007765013	0.014376214	3.428283134	14.42010915	0.238307544	2.074870824	26.75734007	53.65421219	1.43365131	0.430278882	0.273222933	0.223344179	0.411764415	62.69131712	7.002557029	0.078117304	0.50125862	37.51299525	4.876376874	1.610159688	1.925496666	0.545997109	0.214637881	CIMBL9	CIMBL9	agri_aa_oil
AMP_agri_AA_Oil_traits	CIMBL90	Zea	mays cultivar:B73	CIMBL90			8.35027834	4.208476721	5.09590081	21.27856781	4.889473684	6.864600202	2.839726721	5.413233806	1.088281883	3.305339069	11.32879555	4.215511134	4.892004049	4.112677126	1.91486083	4.295192308	6.946103239	11.31176619	112.3507895	144.9447941	56.67327523	7.812838352	79.98917589	29.24284722	3.783198414	4.568808289	10.99228839	2.775284572	1.791440371	11.35613932	18.22260212	18.08062425	10.34681835	7.516911068	7.575753199	5.21698029	74.0604	73.2497	70.8295	white	0.86763553	0.009922584	0.129501878	1.830765484	2.181809534	0.052808211	0.030047732	0.020120846	0.008508577	0.012059519	5.147187504	16.92713643	0.196231067	2.500016788	35.37319867	42.52301159	1.027851568	0.584504178	0.39141683	0.167363372	0.238967881	86.9407591	6.828987103	0.071366985	0.83430636	41.83466165	4.293113603	1.522005253	3.493244153	0.715970112	0.2577321	CIMBL90	CIMBL90	agri_aa_oil
AMP_agri_AA_Oil_traits	CIMBL91	Zea	mays cultivar:B73	CIMBL91			7.98463785	3.82426986	6.570181075	26.49535631	4.742903037	9.517143692	2.272111565	5.511828271	1.496366822	3.901518692	15.50683411	5.067873832	6.08078271	3.518633178	3.401547897	3.469742991	6.041501168	11.26848715	126.6717202	183.7188579	71.16882636	7.776741223	77.8577431	31.5603552	4.482120518	6.191852273	12.21016244	3.798230526	2.230765012	14.26919409	22.84647499	22.13857138	18.29864264	9.257216719	7.84081845	4.391029025	72.026	72.1367	70.0486	white	0.635323004	0.007950689	0.117810746	0.938497388	2.764618336	0.059799057	0.023566807	0.015537127	0.008635373	0.011922531	4.587003362	13.87683194	0.174589695	2.546066255	20.51516075	60.21503283	1.308315558	0.514124152	0.339602286	0.189708411	0.260960347	81.52467727	5.616397616	0.124794922	0.344546416	46.41257624	4.98451142	1.513794313	2.720634874	0.730375849	0.211673929	CIMBL91	CIMBL91	agri_aa_oil
AMP_agri_AA_Oil_traits	CIMBL92	Zea	mays cultivar:B73	CIMBL92			8.139622125	3.77135816	6.391046002	25.17823111	4.513526835	9.527573932	1.85907448	5.623083242	1.89694414	4.215388828	15.86569003	5.342415115	6.820153341	3.825821468	2.021330778	3.049041621	6.230613363	10.91015882	125.1810734	148.1445282	48.97901391	7.284507649	73.39242551	34.21010769	3.940497722	6.311398914	11.98109245	3.48636788	2.09697661	11.44670061	22.60018254	21.4278816	13.23137371	8.032624885	8.594862825	4.129529058	69.7775	71.9141	66.9247	white	0.658881445	0.007683803	0.131593383	1.358963019	3.068748834	0.05657651	0.029042682	0.020906672	0.011199885	0.012833226	5.361183855	12.31950969	0.145877966	2.438877031	25.35947594	57.23002563	1.059599914	0.541733078	0.388586311	0.210535192	0.242855222	87.77647436	5.213549856	0.096259115	0.445626449	54.56949881	4.528790505	1.40959125	2.605288	0.895270159	0.188264478	CIMBL92	CIMBL92	agri_aa_oil
AMP_agri_AA_Oil_traits	CIMBL93	Zea	mays cultivar:B73	CIMBL93			7.76128125	3.42271875	6.20421875	25.824375	3.64065625	9.82771875	1.694921875	5.0035625	1.982190625	4.28090625	16.98184375	5.70525	6.755375	3.0879625	3.632375	2.885834375	5.6361875	11.5595625	125.8869406	160.3652303	63.34605133	6.868843743	71.73186421	26.11989801	12.87113805	5.945646376	9.495815708	3.337366838	2.150938552	11.18256352	18.99360454	21.36382801	13.29140905	7.497504279	7.740164509	4.31640478	71.4906	71.4689	65.9206	white	0.655550026	0.006210125	0.065138715	0.592260724	2.111209115	0.065131907	0.017111195	0.009961278	0.00871147	0.012304456	3.543989128	18.35290377	0.173437246	1.847280372	17.21953999	59.19737919	1.83339649	0.482490362	0.282617564	0.241498779	0.341994546	104.4842497	10.0790908	0.105237858	0.29297727	32.83855693	3.841675546	1.724441435	1.990475172	0.756925719	0.270410298	CIMBL93	CIMBL93	agri_aa_oil
AMP_agri_AA_Oil_traits	CIMBL94	Zea	mays cultivar:B73	CIMBL94			9.482667526	4.169072165	7.376256443	29.62947809	5.248840206	11.12493557	2.117915593	6.340689433	1.910025773	4.55496134	18.00853737	5.853221649	7.132603093	4.511823454	3.537596649	3.517525773	7.122809278	12.38862758	144.027587	151.640969	50.57008867	7.299821583	76.45195284	26.87313472	5.293718012	5.574149034	9.792987589	3.480349478	2.177733448	11.15992319	19.44335595	21.77255089	9.343370457	8.349680258	8.684204112	4.532438416	69.9916	68.7977	66.7015	white	0.588853106	0.007078435	0.08654412	0.736404815	2.064589468	0.043080235	0.018368479	0.010547984	0.007787332	0.012803427	3.576337249	16.51510103	0.19785876	2.429574109	20.56083581	57.63306448	1.184934324	0.516732269	0.296436758	0.219330329	0.357814955	86.11391525	6.889339045	0.118939377	0.36004332	48.95255769	4.707259749	1.745376906	2.398698273	0.611197599	0.252502495	CIMBL94	CIMBL94	agri_aa_oil
AMP_agri_AA_Oil_traits	CIMBL95	Zea	mays cultivar:B73	CIMBL95			11.53482906	5.031959707	8.434859585	38.87393162	6.421916972	15.14954212	6.435805861	9.170482295	4.229426129	5.891300366	23.15357143	7.814652015	8.997252747	4.778693529	4.301159951	4.159615385	8.698595849	15.24114774	188.3187424	178.0969427	63.85149441	8.890282952	80.34176083	32.40830583	14.30607589	6.152048986	13.30244599	3.378948524	1.975655277	12.60135703	22.21896468	21.22352016	16.25458211	8.675343469	7.714851144	4.642443273	69.028	67.2395	64.247	white	0.910381018	0.009663434	0.131783679	2.308710361	2.381469886	0.067525445	0.033705239	0.021768076	0.013350689	0.013949031	5.89765093	15.48612265	0.166605653	2.23179152	38.88070793	40.60393046	1.156271372	0.571463871	0.368687121	0.228294473	0.242632411	93.59910375	7.030804498	0.058241243	0.962499952	35.18558926	3.935704407	1.55680871	2.515528626	0.954585424	0.231956054	CIMBL95	CIMBL95	agri_aa_oil
AMP_agri_AA_Oil_traits	CIMBL96	Zea	mays cultivar:B73	CIMBL96			9.950626649	4.279617414	7.870415567	31.75046174	5.192612137	12.79633905	4.582091029	7.645382586	3.6948219	4.839544855	19.04551451	6.245877309	7.70085752	3.980573879	3.899835092	3.049614116	6.445811346	11.66127968	154.6312764	168.8893975	65.64063926	9.91194108	69.19552742	30.62291111	12.76376175	5.45542308	12.65415138	3.802607546	2.386696418	13.05416347	19.95735757	25.25889602	16.50187055	8.313814266	8.173469753	5.139453172	69.9916	70.6898	67.7056	white	0.932122523	0.012716282	0.143295338	1.929674288	2.828245816	0.064823654	0.03704933	0.017909697	0.012546236	0.014548893	6.000349	15.56949347	0.214219028	2.378087582	32.12337218	47.18811348	1.090437771	0.615594649	0.300005687	0.211095367	0.248462938	73.31885367	6.594397806	0.074756442	0.681993867	43.5604141	3.893440074	2.063021963	2.929079387	0.863144082	0.235882861	CIMBL96	CIMBL96	agri_aa_oil
AMP_agri_AA_Oil_traits	CIMBL97	Zea	mays cultivar:B73	CIMBL97			7.954119318	3.687272727	6.316761364	23.98085227	4.415284091	9.299204545	1.630707386	5.309971591	1.634110795	4.260113636	15.46636364	5.4159375	6.450482955	3.932073864	3.144318182	2.878125	6.449204545	10.48883523	122.7137386	154.4734207	60.208175	9.917447529	71.20184944	24.77003818	11.81104112	5.548160634	12.38899623	3.503328831	2.297566175	13.46168927	18.4325549	21.60052126	15.22302243	7.649576086	7.470651625	5.122223495	72.24015	70.9124	68.0403	white	0.844898759	0.010725028	0.113118119	2.006440124	2.606480347	0.064320954	0.034536307	0.017731823	0.012349629	0.01310407	5.728286535	14.7632846	0.188814944	1.9814906	34.84830972	45.67784188	1.136414668	0.599756206	0.310471201	0.216734525	0.234407866	79.42477607	7.508294485	0.05747796	0.765437017	40.56876904	3.324004534	1.945598945	2.768802913	0.941889328	0.217212777	CIMBL97	CIMBL97	agri_aa_oil
AMP_agri_AA_Oil_traits	CIMBL98	Zea	mays cultivar:B73	CIMBL98			9.617201258	4.133616352	7.899779874	31.20345912	4.680062893	10.95484277	1.875283019	6.06336478	2.226084906	4.890849057	19.20899371	6.662295597	7.69245283	4.002578616	3.918427673	3.218553459	6.376698113	11.13603774	145.7605818	167.1045042	59.44460044	9.418987809	66.79567513	26.59272185	12.87699494	5.608891422	11.7529069	3.660719161	2.421492567	11.42783367	21.13054748	23.2897058	17.37238305	8.087141194	8.791413657	4.66099831	70.2058	68.909	65.9206	white	0.893128622	0.00893711	0.153074128	1.951169737	2.577406582	0.065661517	0.035971575	0.016533923	0.011312397	0.014118961	5.732797558	15.58745946	0.15859306	2.642420205	33.91561087	45.11414192	1.158235851	0.62330022	0.290679549	0.199267902	0.250590258	99.04952412	5.983696547	0.078494036	0.753770095	39.26239534	4.244170764	2.15709746	3.145857649	0.805652372	0.240211354	CIMBL98	CIMBL98	agri_aa_oil
AMP_agri_AA_Oil_traits	CIMBL99	Zea	mays cultivar:B73	CIMBL99																						152.695729	63.27649494	9.979759928	59.43233686	27.97837907	8.765458771	6.519169335	12.0748431	3.984071483	2.293472511	13.86921507	21.65784625	24.42314924	13.85316834	9.112908576	8.014144457	4.672926547	77.0583	73.6949	71.6105	white	0.794608467	0.009764403	0.062798407	1.387098154	2.169682253	0.056618618	0.020003597	0.019889202	0.008276165	0.015411777	4.548277538	17.47961504	0.214652193	1.406796689	30.42925866	47.76597323	1.247334864	0.442765255	0.432131778	0.182907617	0.343204154	81.69028487	12.58787223	0.046521502	0.63920191	38.6475041	3.148819185	1.060922163	2.445562461	0.534314195	0.248601058	CIMBL99	CIMBL99	agri_aa_oil
AMP_agri_AA_Oil_traits	CML113	Zea	mays cultivar:B73	CML113			9.018439227	4.260082873	7.746270718	30.28069751	4.361015193	10.84927486	2.103356354	6.441229282	2.454247238	5.032907459	19.11229282	5.993577348	7.787430939	3.840573204	3.312707182	3.40969268	5.672410221	12.14371547	143.8199206	162.3429054	53.49454833	7.9955117	72.28917588	26.96262819	9.934884302	5.440103601	11.49818814	3.774339294	2.355621782	12.8730409	18.07696832	24.15595429	14.68365727	8.605152495	8.720753629	4.678873003	72.3472	70.5785	65.5859	white	0.734368229	0.007956204	0.138676063	1.172672509	2.464310244	0.062309317	0.023194937	0.013618898	0.009044465	0.015492822	4.646852356	15.95881512	0.172022308	2.932714843	25.04681048	53.08653741	1.370299729	0.497510234	0.296149135	0.198404556	0.336066644	92.42850825	5.542756	0.118968249	0.475985725	39.23722511	5.83169941	1.688359621	2.539701861	0.601205089	0.25083736	CML113	CML113	agri_aa_oil
AMP_agri_AA_Oil_traits	CML114	Zea	mays cultivar:B73	CML114			9.480209953	4.146967341	7.368934681	31.8437014	5.195528771	24.79342924	1.050625972	6.228421462	2.214793935	4.590124417	18.43219285	5.793895801	6.524377916	3.903421462	3.15062986	4.010342146	7.004043546	12.55762053	158.2892613	195.5050255	75.57329137	7.700171556	79.98917589	32.25392959	12.56964771	6.51342453	12.04565658	3.557676824	2.133075289	11.00144094	23.20627612	27.56177491	12.5023731	8.234909082	8.527856859	4.752448131	71.4906	69.3542	67.1478	white	0.608431925	0.007366979	0.085769097	1.335245645	1.933572801	0.064317298	0.023764609	0.015472603	0.00836765	0.017680689	4.100102793	14.98790274	0.177215963	2.117701303	30.80434647	48.59680616	1.627870805	0.581993577	0.372982124	0.207640457	0.445620763	90.18598086	7.138839755	0.08327532	0.774865553	29.59998445	3.626502999	1.586102839	2.828189982	0.479458924	0.226338804	CML114	CML114	agri_aa_oil
AMP_agri_AA_Oil_traits	CML118	Zea	mays cultivar:B73	CML118			8.311651323	3.937140391	6.939269275	28.62137514	4.709119678	10.725	2.908342923	6.102071346	2.420097814	4.279976985	16.670771	4.769447641	6.454459148	3.590218642	5.25730725	3.202042578	6.227848101	11.04617376	136.172313	158.928009	55.87801387	8.859655085	74.22270616	31.17627906	10.0958093	5.610669576	12.61753556	3.195478453	1.900108558	10.5184474	23.57678561	22.07390776	12.8997499	8.513229183	8.307481684	4.443639314	73.525	71.5802	69.7139	white	0.613339049	0.007175936	0.090262194	1.903961171	1.84789628	0.038218488	0.026817559	0.018480843	0.010787253	0.015488294	4.570617557	13.46818886	0.157647732	1.980868314	41.23153856	40.69784042	0.825394194	0.586997952	0.405543324	0.238825875	0.344390112	86.76612937	6.873891088	0.04910579	1.017654484	49.86526461	3.388640201	1.454987268	2.478894474	0.70640374	0.200341351	CML118	CML118	agri_aa_oil
AMP_agri_AA_Oil_traits	CML121	Zea	mays cultivar:B73	CML121			8.374589552	3.752126866	6.641791045	29.41988806	4.546865672	26.55686567	0.823679104	5.732947761	2.633738806	4.095	16.90746269	5.467313433	5.816231343	3.281514925	2.684294776	3.316440299	5.944552239	11.21623134	147.2115336	187.5604224	77.02459092	8.599318217	62.05966331	28.14431488	13.93709188	5.403035936	11.38763313	3.033711104	1.444223183	11.98629495	21.15669467	20.42437543	5.980676471	9.151643848	7.305370243	4.182543447	72.5614	71.135	69.156	white	0.619378733	0.011198259	0.088800645	1.275648254	1.878841088	0.056032776	0.019602673	0.012698458	0.008054368	0.015011897	3.984371235	15.56258968	0.278347125	2.213194257	31.80847129	47.26708173	1.399957834	0.493102977	0.318335492	0.201819551	0.37370329	59.11183404	7.113001879	0.070536359	0.675208646	33.98101774	4.516457104	1.561038912	2.476530843	0.541267017	0.233489365	CML121	CML121	agri_aa_oil
AMP_agri_AA_Oil_traits	CML122	Zea	mays cultivar:B73	CML122			8.532308378	3.856185383	6.710472371	28.54683601	4.747103387	21.77188057	0.976020499	5.781907308	2.147945633	4.177762923	16.11412656	5.733110517	5.788814617	3.635699643	3.540672906	3.681889483	6.389973262	11.0438057	143.1765152	173.3183924	63.96245341	7.943006786	68.53585239	34.3652297	12.08045802	5.854413413	13.18481546	2.515946162	1.361285149	9.703395808	23.43757685	17.36810438	4.783543118	8.189000612	7.092440175	4.109648662	73.9533	70.6898	67.0362	white	0.641795717	0.009951429	0.084549121	1.488617458	2.107884315	0.054187857	0.017252314	0.01064403	0.006405839	0.010543704	4.431739648	14.49650116	0.223745793	1.914294548	33.44123361	47.6390058	1.220864496	0.393815758	0.243669349	0.145820209	0.240840932	65.92470613	7.631003784	0.057916412	0.707508078	39.10913151	4.901686034	1.620459101	2.755791242	0.625544485	0.20839185	CML122	CML122	agri_aa_oil
AMP_agri_AA_Oil_traits	CML130	Zea	mays cultivar:B73	CML130			8.920173913	3.809765217	7.221304348	27.04117391	4.91326087	9.872043478	2.474343478	5.683043478	2.767226087	4.514913043	16.786	6.000565217	6.667652174	3.957491304	2.668695652	3.595052174	6.145521739	11.59786957	134.6360957	149.9443787	56.93781032	7.435459279	74.1203428	29.85465228	11.35420377	4.758386829	10.4531337	3.620049353	2.171268879	14.9634973	19.03643801	20.01931276	8.811628836	8.471624632	7.360464037	4.456892911	68.8139	66.9056	62.3504	white	0.836008078	0.01036719	0.138844514	1.390467847	2.32196571	0.072970816	0.035465843	0.02251488	0.012980994	0.018841216	4.865793969	17.19641372	0.213856536	2.780550726	28.23659803	48.08180643	1.534525923	0.727958851	0.470063283	0.272761178	0.397290242	81.25267982	6.352374674	0.098424949	0.590720681	31.71559947	3.886362529	1.580755984	2.707778964	0.68469531	0.273288144	CML130	CML130	agri_aa_oil
AMP_agri_AA_Oil_traits	CML134	Zea	mays cultivar:B73	CML134			7.932859974	3.664696169	5.976651255	25.14587186	4.176651255	9.580416116	1.600234478	5.614464993	2.111165786	4.333817701	16.12651915	5.39015852	6.485634082	3.487780713	3.195300528	3.149395641	6.459015852	11.81251651	126.2431506	166.1695126	76.42298337	8.413363311	78.62433099	29.68845012	9.973093531	4.86753811	11.89105645	3.833246683	2.358412917	12.34476672	24.67974742	25.06063492	14.42493353	8.655258513	9.08028382	4.328333017	72.6684	69.3542	67.37094	white	0.711204191	0.006519806	0.079577365	0.786880753	2.334592402	0.076365165	0.019314958	0.010132993	0.008311613	0.010447184	4.046253476	17.58430763	0.16026299	1.964290264	19.39367451	57.7720481	1.924782164	0.476127414	0.252980598	0.205913408	0.252567992	112.9961312	8.98300868	0.101388858	0.342717381	30.41668055	4.140559545	1.875190209	2.347144335	0.875829925	0.257969151	CML134	CML134	agri_aa_oil
AMP_agri_AA_Oil_traits	CML139	Zea	mays cultivar:B73	CML139			8.340777339	3.916534914	6.47157444	28.11057312	4.528063241	10.07908432	2.422252964	6.20513834	1.818491436	4.70154809	17.43221344	6.092226614	7.02002635	3.595256917	2.696982872	4.035079051	7.000922266	12.87434124	137.341087	180.1125093	66.96452917	8.446178883	71.74323792	38.33575665	12.21711877	5.738833423	13.55362699	2.633396187	1.397939249	10.26940386	24.43345498	17.69752281	5.083719839	8.445801118	7.090951153	4.004945243	72.9896	70.8011	66.4784	white	0.640898243	0.010358293	0.091076646	1.467901142	2.037935289	0.051517132	0.017081643	0.010629413	0.006343733	0.013037816	4.347146782	14.78957171	0.238170393	2.096622361	33.47963339	47.05646696	1.18227116	0.397069436	0.249044754	0.14867881	0.29936011	62.95537167	7.130141847	0.063367308	0.713621927	39.94519597	5.312238737	1.603423819	2.732639758	0.499133657	0.216598753	CML139	CML139	agri_aa_oil
AMP_agri_AA_Oil_traits	CML162	Zea	mays cultivar:B73	CML162			10.13494318	3.810852273	5.454289773	22.25170455	5.585710227	7.026676136	3.502471591	5.552045455	1.777338068	3.357301136	10.47420455	4.14625	4.753806818	4.777585227	2.752502841	4.334573864	8.088522727	10.54073864	118.321517	197.8828889	92.97398094	9.649416507	73.34010646	29.62953359	12.29521062	5.520530861	12.16328712	3.579926674	2.448690103	13.23528605	21.22951157	19.80397071	20.5442504	8.082837275	7.705917015	4.431711076	72.7755	70.6898	69.156	white	0.79299519	0.013801001	0.086346435	1.391375886	3.000675425	0.066523599	0.019575056	0.015305186	0.007523899	0.013423143	5.413554088	14.67894581	0.256309012	1.608613713	25.70528332	55.44057933	1.236218379	0.365836148	0.284795382	0.141994476	0.251846503	59.16843898	9.469031026	0.062159242	0.466175682	45.09785022	4.371025137	1.291393211	2.624597598	0.565371492	0.206129353	CML162	CML162	agri_aa_oil
AMP_agri_AA_Oil_traits	CML163	Zea	mays cultivar:B73	CML163			10.47068548	4.037459677	5.962943548	24.12979839	5.519233871	7.669717742	3.304165323	6.40483871	1.828209677	4.183709677	12.37879032	5.702016129	5.623951613	4.726612903	1.917947581	4.824919355	8.677217742	12.95471774	130.3169355	204.6248218	97.58479657	8.800587056	79.42049051	32.5261389	13.57201245	5.128926704	12.02000782	3.76230249	2.434145712	13.92958926	20.49277592	22.11417001	16.52140586	8.912059019	8.270256147	4.582802085	79.521	77.3678	75.0691	white	0.543671732	0.007314149	0.066039845	1.097322759	1.98881708	0.062102372	0.021553596	0.017734478	0.010463994	0.018792967	3.834054289	14.18179317	0.192349484	1.729508774	28.57778809	51.8215538	1.630769521	0.561240604	0.459038887	0.272223081	0.491649827	79.79639133	8.478572351	0.060849024	0.552387498	32.19751954	3.059221022	1.235210836	2.066563585	0.556983318	0.209748223	CML163	CML163	agri_aa_oil
AMP_agri_AA_Oil_traits	CML165	Zea	mays cultivar:B73	CML165			10.49855226	3.995091808	6.195021186	24.97951977	5.303566384	8.673693503	2.828958333	6.174576271	1.418495763	4.512817797	14.09484463	5.487605932	6.470127119	4.654696328	2.457588277	4.236899718	8.012535311	12.12175141	132.1163418	173.0440661	71.75232716	7.822683023	88.87204149	31.31051927	9.030971079	5.346271799	11.13733657	3.44059155	2.311707926	13.40131508	19.73034019	17.583935	14.54833951	7.742245441	7.900193067	4.574974504	78.8786	76.5887	73.1725	white	1.102866057	0.013734429	0.107582949	2.049618918	3.030144791	0.059960568	0.028531337	0.021249405	0.011825576	0.019259438	6.456357773	17.18142363	0.213698699	1.691390645	31.22241531	47.40839636	0.955100103	0.449794119	0.337180821	0.192593114	0.311528908	80.65378936	10.19614761	0.055180612	0.66124804	50.13450843	3.758459517	1.346183727	2.382827464	0.615923219	0.247695365	CML165	CML165	agri_aa_oil
AMP_agri_AA_Oil_traits	CML168	Zea	mays cultivar:B73	CML168			9.508320433	3.937616099	5.94500774	24.0255805	6.189551084	10.09825851	6.911145511	7.91377709	3.520890093	3.825437307	12.09493034	4.903831269	5.844233746	4.778599071	3.557325851	4.040673375	8.246555728	10.34009288	135.6818266	199.6123851	82.55443412	7.479213374	81.62698978	27.13415734	9.155918047	6.181183351	12.64017723	3.5186484	2.407722968	11.46934093	18.29113567	24.53722563	17.22420057	8.317448786	8.97521627	5.062994443	74.8099	73.5836	69.6023	white	0.717954293	0.00993946	0.065765648	0.882282684	2.064356934	0.066401049	0.024182648	0.014809489	0.01063638	0.016764456	3.875582249	18.49444115	0.256423594	1.703986551	22.74182967	53.30026262	1.734450031	0.620330484	0.380336672	0.271851482	0.433838986	72.39188618	10.89850005	0.074594167	0.428992667	31.07213297	2.76286362	1.633736202	2.284049691	0.631181482	0.275185584	CML168	CML168	agri_aa_oil
AMP_agri_AA_Oil_traits	CML169	Zea	mays cultivar:B73	CML169			12.74597884	3.961560847	5.697777778	22.58703704	5.660608466	8.484391534	4.963465608	7.038280423	2.811322751	3.837724868	11.05066138	4.125582011	5.396216931	4.904285714	3.203412698	3.879365079	8.056534392	10.31944444	128.7236508	197.6495564	82.1260551	8.603693627	88.78105183	34.0400701	15.76639358	6.996124869	11.99701237	3.552935053	2.341107881	12.19760462	22.01978905	23.44526451	15.26066363	8.702601623	8.358108413	4.930046335	78.2361	75.8096	73.7303	white	0.614315584	0.008327646	0.081273839	1.1297044	2.477070689	0.077638003	0.023885302	0.014712606	0.011546257	0.016489786	4.458184176	13.78927872	0.186372183	1.824873989	25.25141434	55.63522214	1.760548939	0.53380235	0.329663759	0.258799309	0.37019554	75.17278057	7.633410183	0.072221463	0.456649458	31.81591429	3.427150274	1.618154282	2.077145797	0.699541605	0.202715207	CML169	CML169	agri_aa_oil
AMP_agri_AA_Oil_traits	CML170	Zea	mays cultivar:B73	CML170			12.91536671	3.900349243	4.910913853	18.05582072	4.950232829	5.984225844	2.15201688	4.903841676	1.333323632	2.894548894	8.747613504	3.567403958	4.201193248	3.769994179	4.231810244	3.650465658	6.217374854	8.986845169	105.3733411	167.1777391	69.83720796	8.822464104	82.03644325	33.19920437	8.511660242	5.505211383	13.23169564	3.565336608	2.275981398	12.15609737	21.61715445	20.05225461	12.80254982	8.584961168	7.929270234	4.028801718	73.9533	73.361	70.718	white	0.677405602	0.008926169	0.085122143	1.303845401	1.724335501	0.05744789	0.025927757	0.014560136	0.010326147	0.015808859	3.924675099	17.35838692	0.227630461	2.16157885	32.89366907	44.09125089	1.46256775	0.662183191	0.373688147	0.264096523	0.40526819	76.52051024	8.085850281	0.066393382	0.74969954	30.24822967	3.297726054	1.7739507	2.510146845	0.655591351	0.264969295	CML170	CML170	agri_aa_oil
AMP_agri_AA_Oil_traits	CML171	Zea	mays cultivar:B73	CML171			9.215293742	3.927809706	5.62835249	22.17033844	5.503480204	6.819189017	3.352330779	5.874712644	2.268623883	3.990900383	11.6109834	4.68866539	4.902139208	4.595881226	3.896807152	4.14348659	7.133748404	11.74153895	121.4642816	218.9284533	84.55533952	8.872781313	79.35907249	30.43273748	10.60452196	6.981626077	12.58835163	3.830875797	2.397302731	13.79374733	24.41632159	22.03242543	21.91648684	8.440062559	8.02754565	4.358816291	77.0583	74.9192	72.0568	white	1.032703202	0.010632468	0.218530476	2.148547064	2.633122552	0.0671124	0.047127919	0.02457859	0.014150985	0.023728321	6.228778992	16.61422382	0.173636454	3.450031638	34.30787573	42.50685429	1.089388493	0.752014868	0.394142723	0.229861367	0.388040205	96.17756989	4.925312775	0.101069074	0.809513821	39.16767245	4.626288451	1.9144263	3.284432869	0.593389566	0.274203092	CML171	CML171	agri_aa_oil
AMP_agri_AA_Oil_traits	CML172	Zea	mays cultivar:B73	CML172			11.67855769	4.759326923	7.202307692	25.23801282	6.973108974	8.697596154	3.463044872	6.818974359	2.041820513	4.060865385	12.09073718	5.043397436	5.732051282	6.572211538	3.195278846	4.762724359	10.56987179	12.29955128	141.1994391	202.314432	76.13283387	9.010606714	77.15712271	30.50433226	9.745511554	6.547893356	12.50556544	3.783640461	2.431726729	13.71073281	22.6922745	23.14390764	23.5331529	8.610784683	8.243453761	4.51388338	77.8078	75.8096	73.0609	white	0.943695813	0.011406388	0.189735332	2.075973035	2.703837078	0.06901643	0.04398367	0.024493941	0.013925871	0.023216187	6.107596196	15.48896113	0.189580875	3.073563221	33.86188781	44.41738179	1.141795386	0.71552744	0.3998148	0.229712215	0.386394443	82.29300354	5.130034707	0.091358853	0.763014376	39.08411667	4.315303106	1.808286651	3.117965286	0.59573733	0.249797789	CML172	CML172	agri_aa_oil
AMP_agri_AA_Oil_traits	CML189	Zea	mays cultivar:B73	CML189			12.60285836	3.77987628	5.734428328	24.24411263	5.345477816	16.2456058	1.015639932	5.93165529	1.65741041	3.723084471	11.35947099	4.315486348	4.642832765	4.476834471	2.508980375	4.006898464	6.758959044	10.96493174	129.3145435	167.9998315	63.93650777	7.831433842	72.75549789	28.98368905	7.128876607	5.493721774	10.15207028	3.495669047	2.196154939	13.34094089	18.73660373	19.21223759	11.63567237	8.685385947	7.763988852	4.515208739	70.4199	67.796	65.2512	white	0.833605662	0.009482159	0.154498042	1.009356609	2.787659503	0.063279939	0.027075496	0.013767484	0.009397447	0.013365966	4.928718474	16.96934151	0.192830073	3.079661278	20.44605803	56.63292002	1.288828051	0.549987908	0.28339616	0.193675983	0.273734231	91.39140734	5.665953418	0.151436096	0.365097497	44.12212964	5.67980557	1.965233733	2.890818782	0.709784662	0.268557831	CML189	CML189	agri_aa_oil
AMP_agri_AA_Oil_traits	CML191	Zea	mays cultivar:B73	CML191			13.653	4.276518519	6.212	27.91892593	5.81537037	9.002518519	2.781259259	6.871814815	1.782548148	4.695777778	14.17288889	5.437185185	6.462259259	5.163074074	3.119162963	4.631407407	8.421222222	12.74088889	143.1578222	154.6436004	46.43612071	8.054579729	65.7663546	25.30513455	11.23901828	7.398124386	8.963382755	3.647405726	2.495550681	14.43899651	17.07680685	19.01316312	14.20099216	8.133049664	6.998631823	4.406529241	71.3836	70.13327	68.2635	white	0.839424621	0.011144724	0.082852389	1.14335057	3.094874144	0.060060961	0.019870054	0.011987247	0.007985121	0.015532415	5.293849708	15.93725932	0.213435943	1.582780508	21.59571702	58.44310395	1.13935128	0.381104772	0.231004523	0.15436795	0.297106017	75.3707429	10.14664482	0.072921592	0.372808959	51.53144268	4.161098007	1.65693149	2.498893893	0.521150738	0.225492618	CML191	CML191	agri_aa_oil
AMP_agri_AA_Oil_traits	CML192	Zea	mays cultivar:B73	CML192			11.64251781	4.050504751	6.607571259	26.28218527	5.505819477	8.921555819	2.887660333	6.298188836	1.745510689	4.386846793	14.33515439	5.350029691	6.703355107	5.010807601	2.562752375	3.941716152	8.606650831	10.65276128	135.4915885	149.2600034	60.85902406	9.056548514	76.75904295	23.84900122	8.175865265	5.219886105	9.879662721	3.83379381	2.583378394	14.05788442	19.246322	17.90493442	16.15452321	8.187565972	7.829505796	4.346888054	75.8806	75.2531	73.1725	white	0.726676445	0.010840799	0.081585938	1.513660145	2.159586357	0.060131853	0.023449256	0.020704914	0.011152936	0.02109757	4.632462258	15.77548265	0.233906907	1.795123402	32.28956377	46.84342962	1.308820622	0.508493987	0.435588656	0.24179892	0.465796005	69.09580568	8.898662663	0.058701504	0.693455417	36.22815774	3.502870862	1.229646586	2.126399751	0.52704642	0.232928963	CML192	CML192	agri_aa_oil
AMP_agri_AA_Oil_traits	CML20	Zea	mays cultivar:B73	CML20			9.26917735	3.944097222	7.254273504	29.34615385	4.784642094	10.4298344	3.215464744	6.252751068	2.528416132	4.540998932	16.73165064	5.510817308	6.785389957	4.065010684	5.047462607	3.168082265	6.762393162	11.07665598	140.7132719	194.9667876	85.49998151	9.113428838	82.69611829	38.45877631	6.813162393	5.69301177	12.0069181	3.516824641	2.149077796	11.15992319	18.12408514	26.23495065	16.47804701	8.693993785	8.87628788	5.048003351	76.523	74.9192	70.6064	white	0.624913997	0.008068657	0.058311798	1.17276343	1.990848541	0.042231451	0.021091665	0.019583157	0.009396347	0.017449465	3.964116978	15.75712266	0.203392063	1.483506138	29.48592172	50.2707011	1.055662668	0.529662723	0.488967657	0.235334109	0.439150496	78.40101676	10.73174786	0.050514778	0.588422309	48.41710611	2.810699758	1.095287933	2.265938088	0.537229522	0.226942714	CML20	CML20	agri_aa_oil
AMP_agri_AA_Oil_traits	CML223	Zea	mays cultivar:B73	CML223			8.915839416	3.942737226	6.75649635	26.95671533	4.994927007	10.17821168	2.138624088	5.636459854	2.466832117	4.109708029	15.86251825	5.504416058	6.408211679	4.400583942	3.594394161	3.209762774	6.686313869	10.885	132.6477518	199.9164041	73.94412621	7.864249414	88.53083026	26.19127138	5.204470177	6.424380064	13.45633857	3.962186385	2.83458054	15.11820617	21.38157038	26.99444315	26.33194347	8.738467616	8.69164922	4.879682665	74.9169	75.3644	71.4989	white	0.738947084	0.009663258	0.114787723	1.85405469	2.14871665	0.068080553	0.024514147	0.018274692	0.009429757	0.014559259	5.003437185	14.79336976	0.193813783	2.286507457	36.87164343	43.07912009	1.371828698	0.490535395	0.364945408	0.190344739	0.293417499	78.67569167	6.595284115	0.062669665	0.85782483	31.4927137	4.687208363	1.352285533	2.614704923	0.651394171	0.221286152	CML223	CML223	agri_aa_oil
AMP_agri_AA_Oil_traits	CML225	Zea	mays cultivar:B73	CML225			6.201897321	2.772436756	4.948511905	22.63839286	3.215264137	21.24237351	0.368878348	4.378608631	1.458575149	3.501458333	14.16454613	4.845572917	5.819047619	2.481212798	3.756770833	2.440401786	4.354203869	10.17786458	118.7660175	188.855384	65.75192948	10.1022714	81.91133247	30.52931585	11.26830273	6.64842743	12.20220248	4.003038568	2.72814526	13.31075379	18.39393599	24.65191205	16.5440646	8.054144481	8.076683358	5.128850294	74.9169	70.8011	69.2676	white	0.878740775	0.008421585	0.159865764	2.165170312	2.423196715	0.060297393	0.035042034	0.0218018	0.009663245	0.013137508	5.779765714	15.30346533	0.14723143	2.707508449	36.94391277	42.38800138	1.060559402	0.599301965	0.382585651	0.1694604	0.232954332	106.7587972	5.819519925	0.073837635	0.880098589	40.19961349	4.535027762	1.635601058	3.573916724	0.737862183	0.235768816	CML225	CML225	agri_aa_oil
AMP_agri_AA_Oil_traits	CML226	Zea	mays cultivar:B73	CML226			10.64385246	4.582342896	8.56977459	37.16188525	4.931557377	14.8789959	0	6.892486339	2.595505464	5.602117486	23.58794399	7.24692623	8.559733607	3.73193306	4.004576503	3.221355874	6.542622951	12.66779372	165.4214037	195.6329927	82.56138975	8.015201043	90.91930885	28.51384833	10.46395662	6.3822515	11.43397779	4.145109328	2.737635119	14.2088199	20.38783392	24.56345709	17.69301158	8.267905795	8.502543495	5.298496339	76.9513	75.6983	73.6187	white	0.854760497	0.009927927	0.113690959	1.367750947	2.413914572	0.059100287	0.023675459	0.017295393	0.008564346	0.00994877	4.883460669	17.54867629	0.204004881	2.308841137	27.91990472	49.51119182	1.214705656	0.486138146	0.357376641	0.17963237	0.20557153	87.39914568	7.636061405	0.082959788	0.564841068	41.20634235	4.7650151	1.374525184	2.766492527	0.88970841	0.262577143	CML226	CML226	agri_aa_oil
AMP_agri_AA_Oil_traits	CML228	Zea	mays cultivar:B73	CML228			8.962935484	3.970677419	6.644709677	26.46135484	5.253677419	10.04264516	2.339748387	5.790419355	2.88946129	4.303709677	15.84987097	6.056677419	6.899419355	4.541419355	3.008590323	3.505064516	7.959806452	11.50222581	135.9824129	169.087165	74.70770078	9.240315715	75.05298681	26.58600984	8.738126622	5.244780257	12.15886492	4.162982159	2.784712262	13.1635917	18.96576279	27.27810903	21.57199832	8.213389487	9.345329639	5.244156591	73.0967	74.474	72.8377	white	0.836077012	0.009866821	0.105461457	1.424798962	2.81445099	0.070305478	0.022749175	0.019969085	0.008341489	0.015337734	5.335223992	15.70656562	0.188704286	1.982372236	26.68936422	52.80012836	1.338738857	0.429191699	0.371668036	0.157577132	0.293149086	84.49771205	7.98875289	0.074454824	0.508866532	39.97847319	4.641496082	1.174975058	2.728237633	0.54279733	0.2289392	CML228	CML228	agri_aa_oil
AMP_agri_AA_Oil_traits	CML27	Zea	mays cultivar:B73	CML27			8.901590909	3.936022727	7.342784091	30.76619318	4.774034091	11.63701705	4.150681818	6.320539773	3.579488636	4.373664773	17.86605114	5.508892045	7.083778409	3.350426136	3.536278409	2.893380682	5.761988636	10.89306818	142.6758807	171.7435648	61.65296053	9.036859171	85.22108137	31.07559891	12.9550868	6.69506977	12.38793491	3.789294111	2.534068344	12.58626348	19.48404775	23.12072635	20.07111471	8.81163424	8.553170224	4.809438599	78.6644	75.4757	71.4989	white	0.650761032	0.006440212	0.136059863	0.694988231	2.337795632	0.070272108	0.026805454	0.010698925	0.011056372	0.015796613	3.964007552	16.5825102	0.164832944	3.327830285	17.35788967	59.02936036	1.797509818	0.673830816	0.273948789	0.284870189	0.408413454	101.8035544	5.191679477	0.193034817	0.298461894	32.94984586	4.970722247	2.475926672	2.398900342	0.697760284	0.272046858	CML27	CML27	agri_aa_oil
AMP_agri_AA_Oil_traits	CML28	Zea	mays cultivar:B73	CML28			6.23190128	3.083034735	5.174588665	22.60009141	3.479035649	20.21389397	0.442969378	4.594424132	1.455365631	3.58333638	14.31032907	5.472806216	6.011563071	2.57142596	3.103871115	2.951622486	4.664259598	11.9440585	121.8885772	177.123284	75.78571437	8.621195265	77.46421282	31.09275182	13.50172978	5.767967787	12.29595313	2.97808648	1.922437638	11.77875866	20.21435838	18.39601191	12.56669668	6.889217047	6.854196742	4.434361796	82.0907	82.0158	78.7508	white	0.74155071	0.008406191	0.108566844	1.286463121	2.586543033	0.06259487	0.025479553	0.015129053	0.010216969	0.017053499	4.866872912	15.38415281	0.17492162	2.22408157	26.00494536	53.42607288	1.303482262	0.525081324	0.311822228	0.2166887	0.364910853	88.65327779	6.959039227	0.086421889	0.491038274	41.12966891	4.245919905	1.683291351	2.473039856	0.600476328	0.231568542	CML28	CML28	agri_aa_oil
AMP_agri_AA_Oil_traits	CML290	Zea	mays cultivar:B73	CML290			7.889882943	4.346265329	6.092084727	26.88625975	4.303037904	9.729988852	2.028954849	5.705602007	1.644414716	4.077814939	16.76541249	5.209448161	6.48893534	3.979236343	4.077926421	3.39960981	5.984364548	11.24888517	129.8581243	176.0237632	87.445021	9.001855895	68.86568991	27.01856161	14.79805458	6.277887556	12.10952156	3.347534633	2.024412912	12.75735366	21.46203161	18.8330764	13.55106096	7.384167743	7.89502274	4.205074563	77.9149	76.5887	73.3956	white	0.667154563	0.009869713	0.088318495	2.532084968	1.471942371	0.054643565	0.027756186	0.022992007	0.010466696	0.015747901	4.89785456	13.61843946	0.202110397	1.812036193	51.27509183	30.32495987	1.117394354	0.564097111	0.463704907	0.214480629	0.325200192	68.92928575	7.635179527	0.036065794	1.739941248	26.9628732	3.252595154	1.21505115	2.628076891	0.66415263	0.198802512	CML290	CML290	agri_aa_oil
AMP_agri_AA_Oil_traits	CML298	Zea	mays cultivar:B73	CML298			9.409776335	3.904184704	6.739862915	28.05584416	4.559415584	10.73690476	1.847290765	5.97958153	2.13963925	4.816810967	18.15133478	6.449891775	7.574963925	4.07041847	2.966020924	3.313888889	6.901551227	11.46439394	139.0817749	155.123339	62.48189602	8.791836237	67.2870193	28.54367949	13.45877926	6.113750291	10.73525791	3.66785715	2.24409794	13.87922882	19.44718459	21.68156771	16.13986135	8.701166984	8.005210328	4.605333201	78.3432	75.8096	73.9534	white	0.67927295	0.010406456	0.07320045	0.910408871	2.027047411	0.055286359	0.022372946	0.01163584	0.009871109	0.012287274	3.812177271	17.89509953	0.270741676	1.918554963	23.76641107	53.18230609	1.44862598	0.588142138	0.30850665	0.260201586	0.320570037	67.36718775	9.338152968	0.080765841	0.449306349	36.88546168	3.282875952	1.919919705	2.279407983	0.812289167	0.266334116	CML298	CML298	agri_aa_oil
AMP_agri_AA_Oil_traits	CML300	Zea	mays cultivar:B73	CML300			8.248516579	3.85561082	6.873516579	27.5491274	4.218555846	10.16226003	1.962015707	6.120506108	1.917312391	4.746858639	17.63019197	5.882940663	7.017015707	3.515842059	3.39113438	3.11319808	5.337783595	11.44659686	132.9889834	199.111374	93.6440408	8.658386246	83.21930884	31.33289263	15.94600485	6.312356381	12.6125827	3.815191477	2.241929552	13.52206346	20.0194661	24.10837162	16.50403161	8.881931585	8.417669272	4.475447947	80.9129	77.813	73.0609	white	0.652197161	0.011532797	0.062198812	0.908031176	1.869002829	0.060899272	0.020152318	0.011320839	0.009133583	0.015103106	3.620199276	18.00694676	0.314083498	1.720732793	25.02877225	51.65276114	1.681935224	0.55490623	0.313602938	0.250801713	0.41266642	59.35987987	10.58601133	0.069056975	0.487205584	30.78830177	3.100927037	1.769951084	2.212471007	0.621483608	0.266007488	CML300	CML300	agri_aa_oil
AMP_agri_AA_Oil_traits	CML304	Zea	mays cultivar:B73	CML304			9.538073713	4.315264256	7.392420028	29.94871349	4.999061196	12.29700974	0	6.149061196	2.285326843	4.501182197	17.84554937	6.004311544	7.081328234	4.199513213	3.433988178	3.35873783	6.624443672	12.67990264	142.6538873	200.7741722	79.02715243	7.991136291	71.93659095	33.76786079	13.47439763	6.726939755	12.91010835	3.1724991	1.975283126	10.3448716	21.11171953	22.48934101	12.23251096	7.790170777	8.428092422	4.540390574	74.1674	73.4723	70.6064	white	0.748403568	0.008680197	0.068813277	0.959261324	1.765019144	0.046551107	0.019369234	0.012069468	0.009046389	0.012060482	3.649629749	20.5768471	0.235668053	1.894311739	26.11328672	48.42250123	1.258680122	0.532969095	0.332763166	0.248012746	0.32945036	86.96159942	10.91229627	0.073857192	0.541913666	38.6087652	3.548159841	1.606544875	2.15606653	0.766266997	0.309685473	CML304	CML304	agri_aa_oil
AMP_agri_AA_Oil_traits	CML305	Zea	mays cultivar:B73	CML305			6.096967213	2.991704918	5.009180328	22.96983607	3.188377049	20.18209016	0.417819672	4.814385246	1.268086066	3.554401639	14.31663934	4.910655738	5.742581967	2.48407377	3.481959016	3.135795082	4.863319672	11.68438525	121.1122582	197.014263	94.16803225	8.779439243	84.49695532	30.85932302	15.79372573	6.173523612	11.84931087	3.64284633	2.271329507	13.24283282	19.02572964	24.33164412	13.80075653	8.711209461	8.335773091	4.394601004	82.1424	77.4602	75.2922	white	0.630845185	0.010851303	0.062855316	0.905232791	1.851862297	0.059733534	0.019742685	0.011563969	0.009303365	0.016269612	3.578624821	17.63445414	0.299386224	1.755782511	25.2285286	51.7681521	1.665171718	0.548572022	0.323814519	0.257860655	0.451228686	59.86177016	10.11333677	0.069911836	0.489433882	31.23887624	3.211451392	1.703842865	2.127056018	0.574568158	0.261344438	CML305	CML305	agri_aa_oil
AMP_agri_AA_Oil_traits	CML307	Zea	mays cultivar:B73	CML307																						181.5558243	79.17708509	8.225220701	78.05337087	33.7074527	10.6357587	6.721194951	11.91210612	3.127634649	2.069437412	12.30703284	19.03643801	23.05972293	15.64708161	7.364005601	8.099522136	5.045658521	80.9162	78.4624	75.5154	white	0.663131246	0.00990698	0.084852276	1.081001794	1.752357164	0.041229777	0.022095054	0.012613081	0.007961398	0.015274622	3.68903279	17.87299932	0.262978887	2.282355162	29.30401494	47.53251025	1.097963915	0.59377369	0.340510449	0.214291509	0.408123728	70.53040854	7.824759903	0.07840681	0.617212945	43.38560646	3.895024268	1.754152127	2.848022599	0.531677239	0.272750583	CML307	CML307	agri_aa_oil
AMP_agri_AA_Oil_traits	CML31	Zea	mays cultivar:B73	CML31			8.284443631	4.115190337	7.322364568	30.33722548	4.806551977	12.00406296	5.18579795	6.870461201	3.313338214	4.258089312	18.1534041	5.417606149	7.268118594	3.354062958	2.70795754	3.560706442	6.390300146	12.52335286	145.8730344	187.5190962	74.47198191	8.465868226	80.62610352	29.6645852	8.246147935	6.678108919	11.41947297	3.365270338	2.23727766	11.9146006	18.22260212	21.45533313	13.92178016	7.388148569	7.985013947	4.962702718	74.5957	73.6949	70.8295	white	0.621690027	0.010702769	0.097879547	0.965847205	2.434541124	0.059050173	0.028157675	0.012792824	0.012544487	0.014989572	4.261135041	14.53118086	0.248911393	2.280961477	22.81778152	57.03811074	1.400454765	0.654196907	0.301558584	0.292504324	0.351494143	59.69968418	6.491529809	0.100381089	0.403688787	41.39987552	3.504106921	2.180370694	2.23244954	0.834524673	0.222632644	CML31	CML31	agri_aa_oil
AMP_agri_AA_Oil_traits	CML32	Zea	mays cultivar:B73	CML32			7.25018226	3.493681652	5.583110571	23.23168287	4.182442284	8.50328068	2.100956865	5.056682868	2.120391859	3.793438639	14.55522479	5.161087485	5.867375456	3.502065614	2.491017618	3.171597813	6.196020656	10.95012151	117.2103615	164.4742518	74.14274834	8.284321123	80.15068254	26.57034848	12.17026366	5.551306598	11.17874986	3.578671143	1.904628272	12.63053299	18.21925208	23.19054186	14.46848378	9.067892726	7.987053012	4.80871687	76.7371	76.0322	73.5072	white	0.717275727	0.011946334	0.093044552	2.077486476	1.570173669	0.052863603	0.024110715	0.020210319	0.008306552	0.011656624	4.585679179	15.63940435	0.2589912	2.025586852	44.97562313	34.46273011	1.147752622	0.52542846	0.437091703	0.182960296	0.255325844	62.47153223	7.779250818	0.045471122	1.315067763	30.06897126	3.866600999	1.211315525	2.933863243	0.726736987	0.229843991	CML32	CML32	agri_aa_oil
AMP_agri_AA_Oil_traits	CML323	Zea	mays cultivar:B73	CML323			8.268380062	4.20241433	6.890991693	30.01246106	5.200103842	11.10041537	2.844314642	6.371183801	3.480867082	4.235384216	17.77237799	5.604517134	6.682087227	3.934865005	2.896962617	3.90911215	6.677751817	12.99392523	143.0781153	152.576293	62.17518547	7.79986308	79.22713749	31.12407454	5.47277148	5.772344781	12.41715901	3.550654597	2.378975443	12.29397044	21.13054748	20.2371486	14.20826931	8.377806208	8.599883874	4.57066978	73.525	72.0254	69.8254	white	0.744559877	0.009517771	0.096469001	1.127125101	2.51464007	0.052622316	0.023538175	0.014218087	0.009447125	0.013522535	4.609407841	16.26324602	0.207237615	2.08908611	24.30322734	54.60480252	1.145339818	0.511814428	0.310646114	0.208011218	0.297608247	78.7447546	7.906392353	0.086079907	0.447665673	47.93979158	4.086602379	1.652431911	2.489515458	0.702609606	0.241412045	CML323	CML323	agri_aa_oil
AMP_agri_AA_Oil_traits	CML324	Zea	mays cultivar:B73	CML324			9.512179487	3.723594675	6.736143984	27.59768245	4.712933925	21.65517751	0.821637081	5.603698225	1.824723866	4.125596647	15.9836785	5.325936884	5.404881657	3.78709073	2.922869822	3.554970414	6.091715976	10.684714	140.0692258	175.1976822	59.03664671	9.844122232	75.30775786	30.89288307	15.28222408	5.241771074	11.58574772	3.616401837	2.288076316	11.94856108	21.58361756	28.5835821	13.94608018	9.254937906	9.242587159	4.919443457	72.13307	70.6898	67.0362	white	0.856226928	0.009973769	0.158462164	1.893705432	2.072323166	0.056369129	0.027390048	0.016000732	0.008783736	0.01256862	5.114810262	16.89786095	0.197358208	2.983908785	36.17358167	41.30078144	1.108399509	0.528166655	0.309887949	0.173605924	0.252910947	85.6567327	6.197133561	0.082293628	0.90901608	38.09745584	5.598476433	1.708919896	3.090141572	0.718857558	0.264367744	CML324	CML324	agri_aa_oil
AMP_agri_AA_Oil_traits	CML325	Zea	mays cultivar:B73	CML325			11.59366812	4.944141194	8.256368268	31.63122271	6.466120815	11.69767103	4.217467249	7.129803493	2.777150655	4.791339156	17.10120087	5.976965066	7.491411936	5.5143377	4.734643377	4.017176128	9.275363901	11.62776565	159.2438173	159.2905274	49.04768704	8.382735445	70.38976672	30.57965593	9.850935558	6.358178034	11.8784974	3.931911999	2.558072104	12.93341509	20.81399788	25.62796667	20.95735075	8.735598336	8.56954946	4.983060724	70.3129	67.796	65.809	white	0.57764112	0.008929881	0.090379538	1.222609552	1.767530063	0.047365005	0.02164804	0.015114892	0.007421787	0.010206034	3.767053179	15.31317019	0.235122347	2.38623695	32.39482868	46.91632985	1.244473195	0.572958231	0.399304548	0.196380445	0.267401877	65.82570516	6.495360113	0.07403131	0.691324394	37.84692982	4.196584197	1.440519358	2.932594133	0.740737418	0.231626909	CML325	CML325	agri_aa_oil
AMP_agri_AA_Oil_traits	CML327	Zea	mays cultivar:B73	CML327			9.642412935	4.427238806	7.99278607	32.72139303	4.6147699	12.12086443	2.225124378	6.552052239	1.272378731	4.833271144	20.14406095	5.969776119	7.783208955	3.665174129	4.231063433	3.661971393	6.489334577	13.35522388	151.7021051	174.4091605	76.67504247	8.032702681	77.83727042	32.99970851	8.513612538	5.693695675	11.0188216	3.220281564	2.138657559	12.62399735	16.41502977	20.33523173	17.70114819	7.412860537	7.784835152	5.103668459	74.7028	74.6966	71.1642	white	0.533788033	0.007008661	0.067413533	1.012997547	2.073375138	0.060075301	0.016659923	0.011934913	0.007892291	0.013951237	3.803909513	13.96373977	0.181214331	1.769647282	26.5332131	54.59753847	1.583575409	0.43465907	0.316233122	0.206861599	0.366387979	78.82854322	8.016196511	0.06670825	0.490960508	34.76013566	4.071671421	1.386171239	2.124537491	0.570340557	0.202191613	CML327	CML327	agri_aa_oil
AMP_agri_AA_Oil_traits	CML338	Zea	mays cultivar:B73	CML338			8.65337931	4.028655172	6.850344828	26.10496552	5.458034483	11.68241379	3.611413793	6.472172414	3.404744828	4.023103448	14.99903448	5.003	6.034344828	4.522655172	5.568655172	2.754672414	6.696793103	9.630068966	135.4984517	183.4970481	71.17732769	8.225220701	79.1020267	33.66419752	11.72904467	5.440103601	11.63262304	3.727468709	2.266491539	13.78242717	19.55043963	18.74007116	13.15740317	8.554833735	7.866731332	4.26736647	73.3109	69.0203	67.37094	white	0.973834254	0.014567846	0.116449904	2.127283797	2.267259257	0.050857765	0.029357097	0.023327935	0.009642076	0.015261888	5.634625331	17.3022598	0.260659326	2.064855364	37.45787577	40.52671289	0.908598714	0.522819534	0.412784771	0.175390871	0.277767314	67.18835982	8.432506765	0.055832797	0.930573699	44.93666209	3.959672102	1.276599014	3.056184962	0.632099479	0.256717482	CML338	CML338	agri_aa_oil
AMP_agri_AA_Oil_traits	CML360	Zea	mays cultivar:B73	CML360			8.726357466	3.81127451	6.751093514	30.46655354	4.383484163	22.26809955	0.870192308	5.717269985	2.639170437	4.423642534	18.35607089	5.35938914	6.166289593	3.170365762	3.246168929	3.381662896	4.944343891	11.48144796	146.1628771	205.4226502	92.49437309	7.722048604	74.43880661	32.812518	13.12298429	5.571686975	11.72548926	3.434755524	2.274120642	10.55240788	22.27036484	21.49498535	16.25382538	8.130180385	8.910535374	4.61196	76.3089	73.5836	70.6064	white	0.649109745	0.007238564	0.07397392	0.826465688	2.04695743	0.053291348	0.020965965	0.012672365	0.008868212	0.012763642	3.712960092	17.52491106	0.193423945	1.981816621	22.16926321	55.15784516	1.429389003	0.564248349	0.341854366	0.238439155	0.340935623	90.69815284	8.900368823	0.089322379	0.404957613	38.680329	3.53542953	1.652099448	2.373625979	0.703716276	0.261307722	CML360	CML360	agri_aa_oil
AMP_agri_AA_Oil_traits	CML361	Zea	mays cultivar:B73	CML361			11.14425982	4.638708459	8.70929003	35.875	5.401246224	12.89645015	2.512152568	6.94826284	2.002258308	5.102681269	21.50536254	6.802001511	8.264161631	4.303587613	4.314161631	4.046865559	7.5793429	13.75215257	165.7979456	176.4303776	65.95275975	7.789867452	74.39331178	29.11792925	8.378904088	5.270631876	11.42955559	3.439132543	2.278958609	13.2201925	19.10497156	20.9730748	19.45779947	7.956588981	8.700583348	4.500629782	73.2038	71.8028	68.9329	white	0.841717722	0.010240735	0.123735544	0.943422233	2.814020437	0.07657076	0.031817431	0.015832781	0.012989939	0.021663006	4.901308715	17.18886219	0.208915071	2.498717745	19.48566826	57.2849819	1.571709854	0.642417662	0.327060445	0.265519751	0.44417104	82.29632231	6.920831627	0.126886415	0.341474639	36.5794313	3.901703646	2.01052152	2.409205315	0.603222367	0.267634629	CML361	CML361	agri_aa_oil
AMP_agri_AA_Oil_traits	CML364	Zea	mays cultivar:B73	CML364			8.567473118	3.931182796	6.531485215	28.90789651	4.212399194	10.38037634	2.355877016	6.037701613	3.051034946	4.483568548	18.07960349	5.906485215	6.565255376	3.051102151	2.841327285	3.510147849	4.951612903	13.03471102	136.3992406	208.1710091	76.81205751	9.161558343	70.69913156	29.78092671	15.27831949	7.329323516	11.40461438	3.590869223	2.214204278	11.80517237	19.60283801	21.10218489	13.69307409	8.791549284	8.393844928	4.570873848	77.7008	75.1418	71.1642	white	0.67991797	0.010113506	0.090887359	1.010636137	2.009362823	0.061842016	0.030302313	0.016991116	0.012553777	0.019139494	3.944404363	17.23627177	0.256200277	2.309894895	25.53187203	50.98464231	1.575986665	0.766185874	0.428019261	0.316991012	0.486795952	67.83395622	7.519017836	0.091386508	0.502942267	32.50242603	3.034785055	1.792581961	2.407590121	0.653667452	0.269361634	CML364	CML364	agri_aa_oil
AMP_agri_AA_Oil_traits	CML408	Zea	mays cultivar:B73	CML408			7.339275148	3.144286243	6.024260355	27.42699704	3.286704882	25.53672337	0.606911982	5.11135355	1.674781805	4.190976331	17.11786243	4.970525148	5.719341716	2.56158284	2.957485207	2.725536243	4.358505917	9.457359467	134.2104697	192.778493	78.53440615	9.023732943	83.15106659	35.140094	14.07960951	6.358178034	12.43127247	3.417429822	2.020127361	12.22779172	21.98952375	23.02739112	13.67449172	9.089954341	8.171980731	4.421108198	77.1654	82.1537	72.0568	white	0.746894219	0.008087418	0.100482308	1.098626629	2.255041387	0.048402689	0.030979858	0.017887296	0.012356483	0.017459044	4.33863098	17.18711689	0.186222594	2.306624543	25.38856344	51.94660597	1.114855577	0.708322221	0.410118863	0.282450879	0.404388113	92.28056315	7.463446793	0.091266507	0.491401317	47.2981175	3.282973807	1.725385512	2.506649707	0.714224994	0.265095412	CML408	CML408	agri_aa_oil
AMP_agri_AA_Oil_traits	CML411	Zea	mays cultivar:B73	CML411			9.854119086	4.220595432	7.710970636	32.78813214	4.69367863	13.29294454	0	6.022267537	3.935542414	5.097349103	20.82769168	6.558727569	8.108360522	3.478996737	4.824959217	2.554690049	5.39314845	11.82654976	151.1887235	163.4219293	62.37645737	8.693389522	84.83437531	34.5210975	10.33510506	5.47361496	12.04123438	3.937018522	2.549884775	13.0164296	21.06246104	26.4484626	17.85552463	8.612219322	9.342351596	5.095716301	73.3109	71.5802	68.375	white	0.802805674	0.008187328	0.098585573	1.080896882	2.619749281	0.066584137	0.023105082	0.014745254	0.008130381	0.015206134	4.742757587	16.911009	0.172936498	2.072318712	22.78871493	55.30841086	1.415163235	0.486670905	0.311130883	0.172191302	0.322285652	99.50190597	8.224383813	0.090701477	0.41536309	39.22113498	4.264802192	1.572708657	2.850949182	0.538003129	0.25030701	CML411	CML411	agri_aa_oil
AMP_agri_AA_Oil_traits	CML412	Zea	mays cultivar:B73	CML412			7.027803983	3.766771488	5.152672956	23.25833333	3.772877358	8.0278826	2.025524109	4.968684486	2.047555031	3.444889937	13.76168763	4.399606918	5.314884696	3.140566038	6.788207547	3.01889413	4.997143606	10.63841719	115.552403	176.9063491	72.42547842	8.52274855	74.79139154	30.90406976	13.0058465	6.775770592	11.0099772	3.743700157	2.538534159	12.89568122	18.68673451	26.24715133	15.73999345	9.19037912	8.989453511	5.025472235	77.1654	75.1418	73.5072	white	0.603476643	0.009240277	0.104408265	1.60676399	1.740551578	0.06737964	0.025468054	0.011507885	0.010187074	0.013343682	4.19142978	14.43372669	0.217564084	2.469375651	38.15073955	41.55491079	1.623487763	0.605705596	0.279029451	0.243986634	0.317781296	68.47422461	5.969450398	0.065834613	0.921343061	25.92306069	4.121482719	2.189367204	2.492839321	0.769406127	0.222092443	CML412	CML412	agri_aa_oil
AMP_agri_AA_Oil_traits	CML415	Zea	mays cultivar:B73	CML415			11.0375	4.862613293	8.24652568	30.22854985	6.763557402	11.35086858	2.874577039	6.861971299	2.287590634	4.794524169	17.14939577	6.208006042	7.368013595	5.866956193	3.973149547	4.033534743	9.447998489	13.58500755	156.9403399	189.8713661	73.83824593	8.557751826	81.21753631	34.67398218	7.843974881	5.467870155	12.91859898	3.473236821	2.126190489	10.89201272	19.63794984	25.17349124	20.82155652	8.559137654	8.486164259	4.877031945	77.4866	75.3644	72.9493	white	0.638909848	0.009038617	0.060267549	0.803743163	2.17468253	0.053843807	0.016834013	0.012213214	0.007938173	0.008989563	3.786780691	16.89793876	0.237001195	1.599350294	21.17417954	57.43095677	1.412007777	0.447583878	0.324358088	0.211301588	0.235092973	71.55738709	10.61887566	0.075398538	0.372191041	40.85654028	3.60359092	1.388735662	2.169445927	0.958328772	0.241237465	CML415	CML415	agri_aa_oil
AMP_agri_AA_Oil_traits	CML422	Zea	mays cultivar:B73	CML422			6.573277559	3.002790354	5.262746063	21.47288386	3.930378937	19.77741142	0.460731299	4.744547244	1.477810039	3.303149606	12.63877953	5.374852362	5.679527559	3.030250984	3.976215551	2.848474409	5.51609252	10.64557087	119.7154902	167.8422822	57.00493775	6.958539638	63.9772704	29.95320164	13.80238343	6.000085236	12.75674644	3.181435515	1.739153109	11.30708529	20.9853608	24.31639327	8.271310738	8.564876212	7.808659496	4.647744712	68.7068	66.2378	62.6851	white	0.803268499	0.01017381	0.080952063	1.096424511	2.208889042	0.047732453	0.023526777	0.012971989	0.008768518	0.014545402	4.309470747	18.71948068	0.236018862	1.888087148	25.33506475	51.31156226	1.094083278	0.547092045	0.303543022	0.204703861	0.339446033	78.94174335	9.890096439	0.074996478	0.497347366	47.65106416	3.469422325	1.805375814	2.705632128	0.600555548	0.277808853	CML422	CML422	agri_aa_oil
AMP_agri_AA_Oil_traits	CML423	Zea	mays cultivar:B73	CML423			8.008091085	3.816671512	6.26254845	25.72010659	4.969089147	25.36506783	3.237407946	7.914001938	5.155765504	4.253498062	15.71031977	5.663468992	5.861918605	3.783987403	3.015067829	3.056627907	5.524660853	9.958333333	147.2766328	156.1741104	65.11896635	8.013013338	71.5612586	30.32981999	15.26074882	5.780961987	10.41740231	3.354510165	1.847635221	13.14849815	17.81140082	22.52899323	7.956839887	9.077042584	8.064771186	4.586778165	68.3856	66.2378	63.0198	white	0.703361978	0.009715561	0.065740166	1.198824178	2.178046197	0.059054873	0.019478384	0.013524041	0.008969938	0.014493712	4.272104931	16.62569017	0.226461986	1.532934001	27.48996501	51.37304178	1.377988077	0.462107533	0.323654411	0.218654442	0.345456384	73.98508469	11.22094961	0.056150414	0.542722998	37.54680908	3.320514421	1.441652036	2.201300403	0.628900394	0.237994595	CML423	CML423	agri_aa_oil
AMP_agri_AA_Oil_traits	CML426	Zea	mays cultivar:B73	CML426			10.28697855	4.220411204	7.331466031	33.96424315	5.163259833	13.74743743	4.998331347	7.788051251	3.891597139	5.207330155	20.81448153	6.1318236	8.170351609	3.69988081	4.040822408	3.225715137	6.056197855	12.25873063	160.9971097	175.428134	70.64174351	8.358670692	66.69331176	27.96570083	13.8687615	5.74362076	10.85254685	4.023099907	2.504854464	12.8730409	17.98701804	27.6563302	18.63693704	8.887670144	8.913513417	5.0002904	67.8502	66.5717	64.247	white	0.63588028	0.009510231	0.117087378	1.790532321	2.164071135	0.068599801	0.032921979	0.019920061	0.01208902	0.021665652	4.874899702	13.07561536	0.195541591	2.393621035	36.50519701	44.53665021	1.414198067	0.673248737	0.40956608	0.249296352	0.448726428	68.37928438	5.543205851	0.06649701	0.82364059	31.7792676	3.596681214	1.6712197	2.707099796	0.557588062	0.20404028	CML426	CML426	agri_aa_oil
AMP_agri_AA_Oil_traits	CML428	Zea	mays cultivar:B73	CML428			9.488387346	4.453549383	8.147492284	35.86057099	4.858371914	28.26674383	0.97785108	6.445794753	3.12597608	5.111689815	21.85744599	6.510223765	7.486689815	3.443622685	3.290119599	3.594085648	5.976234568	13.26678241	172.1616319	171.1540293	74.50289586	8.756832961	58.89094838	27.65993148	10.5303347	5.308930571	8.95577657	3.744794412	2.508762053	16.62378758	17.01255665	20.73422114	13.16990895	8.05557912	7.156468098	4.732567735	74.9169	72.6932	69.3792	white	0.636437541	0.009713642	0.088098349	1.389397683	1.624272854	0.057584031	0.023301158	0.015379958	0.00946923	0.013951337	3.867076152	16.55115565	0.249424061	2.249443427	35.52323628	42.21521688	1.496392753	0.604695304	0.401744951	0.250168884	0.368718556	67.14105599	7.43062331	0.063941012	0.84444556	28.30198445	3.776392167	1.516971268	2.45620526	0.681292625	0.251689967	CML428	CML428	agri_aa_oil
AMP_agri_AA_Oil_traits	CML431	Zea	mays cultivar:B73	CML431																						181.1447781	85.45261692	7.778928928	75.10303113	25.71344851	16.87334563	5.830750291	11.99275406	3.915498176	2.700233911	14.11825861	20.62127632	21.63834338	19.27779052	8.219128046	8.341729177	4.839921873	81.3412	78.926	74.9575	white	0.584098494	0.010571493	0.0925003	1.053245423	1.787114357	0.063249754	0.022366338	0.010762609	0.009323756	0.012393841	3.644834419	16.182369	0.288432273	2.550629949	28.72434755	48.89563484	1.761990669	0.613129629	0.299809857	0.260265182	0.343943838	57.06093477	6.436786101	0.089200359	0.589372803	27.96347532	4.166280296	2.051581027	2.381499945	0.75654358	0.25061791	CML431	CML431	agri_aa_oil
AMP_agri_AA_Oil_traits	CML432	Zea	mays cultivar:B73	CML432			9.207254902	3.933235294	6.840718954	28.07385621	4.724477124	10.52173203	2.22674183	5.818954248	1.870506536	4.66375817	17.6127451	6.569281046	7.379117647	4.556568627	2.427065359	3.562581699	6.870490196	11.63509804	138.494183	129.3475304	52.62354779	9.214063258	74.16583763	31.85866677	4.833533866	4.876428879	12.06348822	3.586309827	2.213646051	12.74097235	22.03478077	23.30678676	12.10928453	9.454352824	7.996276199	4.645093993	72.13307	70.4672	67.37094	white	0.715178718	0.008144634	0.115230012	1.412570206	2.409083549	0.046528811	0.024749532	0.016106749	0.009305935	0.012186946	4.771111489	14.99134455	0.173169214	2.395214681	29.53422154	50.57216712	0.973325822	0.51684738	0.336952314	0.195164825	0.259674802	88.75200641	6.361421228	0.081549691	0.586086149	53.3454693	4.652126024	1.538094705	2.652872836	0.787077617	0.225894767	CML432	CML432	agri_aa_oil
AMP_agri_AA_Oil_traits	CML433	Zea	mays cultivar:B73	CML433			7.609212696	4.181636439	5.858367683	25.79431162	4.26079967	9.040787304	1.986580791	5.372650453	1.737609233	3.873639736	15.56795136	4.42866859	6.200453421	3.556924979	4.819785655	3.392003298	5.648825227	11.32073372	124.6509419	151.6483922	62.2992829	9.235940306	72.18681251	31.55662631	10.4210061	5.599453529	12.41004591	3.50642922	2.235602979	13.07303041	20.3171587	22.88098293	16.5947824	8.358288096	8.093062594	4.767027088	82.519	78.3695	76.1848	white	0.744204273	0.009007106	0.103610037	1.268446155	2.368598968	0.051604701	0.026559838	0.024135291	0.009282321	0.014299648	4.623239776	16.10691006	0.195408677	2.248079339	27.27112828	51.35916439	1.123135032	0.575842781	0.522103984	0.205198658	0.313876916	82.7732204	7.287050398	0.082701411	0.533720603	46.10234554	3.902270455	1.120646234	2.874039003	0.653699172	0.24266916	CML433	CML433	agri_aa_oil
AMP_agri_AA_Oil_traits	CML451	Zea	mays cultivar:B73	CML451			9.121562952	4.29211288	6.947141823	29.78476845	5.326591896	10.71335022	2.92487699	6.664507959	2.415094067	4.909370478	18.05202605	6.671599132	7.130426918	4.26577424	2.505115774	4.182597685	8.076193922	13.36903039	147.3521418	169.2015045	51.36546044	10.34948203	71.76598533	33.23835776	12.32700516	7.348199302	12.99395328	3.636098425	2.295333267	13.17491186	19.00217123	24.70986529	18.38440742	8.903451181	8.557637288	4.820041477	79.3068	77.3678	74.1766	white	0.72139566	0.008702192	0.106926594	1.236390486	2.231572629	0.05389566	0.034209741	0.016935167	0.013263002	0.018641112	4.444854713	16.22656757	0.199930244	2.366086366	27.52976801	50.51894861	1.228089004	0.750575368	0.381670021	0.295964879	0.422558731	84.65262384	7.074297879	0.086052663	0.550809594	41.90911441	3.182906396	1.983260447	2.534773211	0.69419019	0.252331071	CML451	CML451	agri_aa_oil
AMP_agri_AA_Oil_traits	CML454	Zea	mays cultivar:B73	CML454			7.10621547	3.132569061	5.830607735	23.83348066	4.191491713	10.36290055	4.090911602	6.550524862	3.203812155	3.532596685	13.74041436	4.287513812	5.760138122	2.980524862	2.544339779	2.631850829	5.14339779	8.484585635	117.4078757	197.4982117	73.59016149	8.406800197	93.83097798	32.71780408	13.60715379	6.6522573	13.72697725	3.54345151	2.257373832	11.77875866	22.80578319	21.89150755	15.69711106	8.560572293	8.060304122	4.696783022	75.1311	76.1435	73.8419	white	0.774736457	0.005811274	0.112246	0.934031176	2.098361966	0.057366659	0.024052554	0.014581696	0.008730317	0.009536181	4.041179947	19.22008829	0.144824565	2.755423709	23.00442372	51.97899904	1.422525766	0.596859738	0.363538526	0.220179665	0.240005285	134.4935776	6.978674078	0.120758089	0.444949789	36.59786911	4.661050614	1.643011302	2.743539253	0.952046179	0.300209996	CML454	CML454	agri_aa_oil
AMP_agri_AA_Oil_traits	CML465	Zea	mays cultivar:B73	CML465			9.218276515	3.965214646	6.954829545	29.62118056	4.805713384	11.06107955	2.084965278	5.819728535	1.512291667	4.711616162	18.50653409	6.535258838	7.555997475	3.922411616	3.097910354	3.434722222	7.50915404	12.21284722	142.5297317	199.2315857	94.75550771	9.883500918	73.63127337	27.60847273	11.68999875	5.762633326	12.39943263	4.138908551	2.596031539	15.46535777	20.18223328	23.87411851	16.93593562	9.035438033	7.959050663	4.948601371	78.7715	75.9209	74.7344	white	0.933342449	0.015794344	0.096146354	1.317109714	2.323052568	0.055381597	0.023298775	0.015564681	0.0084581	0.016091938	4.809699281	19.42006476	0.326880149	2.000764457	27.3594706	48.35971547	1.152815053	0.485114249	0.324200752	0.177635539	0.337300473	60.15861856	9.689572573	0.073587122	0.567178821	42.18355653	4.125435392	1.508900394	2.76284771	0.528181511	0.289953398	CML465	CML465	agri_aa_oil
AMP_agri_AA_Oil_traits	CML470	Zea	mays cultivar:B73	CML470			8.493115385	3.763323077	6.850423077	28.42730769	4.232846154	10.61561538	1.922388462	5.3735	2.166746154	4.363230769	17.66923077	5.675	6.839730769	3.065861538	3.863192308	2.784103846	5.199730769	11.47403846	132.7793846	165.01393	66.46063178	7.820495318	72.1754388	29.54302324	16.05533345	5.071478662	10.6022503	3.637375056	2.278772533	12.36363365	17.26955746	24.32757722	14.01040377	8.242082281	8.676759005	5.331630333	67.3149	65.57	63.6892	white	0.54783148	0.008515663	0.103503727	1.550112073	1.820934667	0.062318683	0.031084179	0.018257728	0.011513856	0.020266697	4.174080214	13.2022009	0.201189124	2.42892463	36.55077207	44.06280154	1.504488612	0.737364024	0.440230056	0.278966623	0.491141244	68.01824585	5.675735837	0.067181849	0.838455951	29.44913639	3.328466187	1.691206799	2.66508107	0.569294152	0.208365888	CML470	CML470	agri_aa_oil
AMP_agri_AA_Oil_traits	CML471	Zea	mays cultivar:B73	CML471			9.238006231	4.605412773	8.053621495	35.17359813	4.670366044	11.53781153	2.531888629	6.761721184	2.491004673	4.94902648	21.23746106	7.03173676	8.119353583	3.337297508	4.627764798	3.572612928	6.033917445	12.9904595	156.9630607	152.0667508	62.85838377	8.312728892	66.05638414	31.77663109	10.79389471	5.055201716	11.68568945	3.756831216	2.581145486	13.74091991	19.12210494	20.57688397	19.60893786	7.560628425	7.763988852	4.586778165	70.4199	69.1316	67.7056	white	0.602496428	0.007930949	0.068022956	0.919520792	2.11506888	0.051303657	0.020813261	0.016124617	0.008775521	0.013659918	3.82303249	15.76878142	0.205515827	1.764088291	23.88017612	55.44601574	1.334489746	0.543292291	0.421717476	0.229019078	0.356618669	77.37864662	9.135087474	0.073755017	0.435653845	41.71946702	3.258125748	1.316310336	2.400415441	0.647259838	0.230359474	CML471	CML471	agri_aa_oil
AMP_agri_AA_Oil_traits	CML473	Zea	mays cultivar:B73	CML473			8.990834313	3.874353702	7.15766745	28.6793772	4.702027027	10.67273796	2.201515864	5.541980024	1.984982374	4.297238543	17.5226792	5.386809636	6.937250294	3.564042303	3.020417156	2.969271445	5.851821387	11.30998825	134.6649941	147.9919647	60.19669268	8.264599387	60.05106655	26.61956989	13.63839053	4.905836805	9.717810179	3.712696268	2.251791562	11.69951754	18.85653744	24.06017893	13.65305053	8.7198173	8.828639194	4.90353914	68.4927	66.7943	64.6933	white	0.636678856	0.008802429	0.098456786	1.104852645	2.571093923	0.064501117	0.024227034	0.015727812	0.008724353	0.018670283	4.555684321	13.97130614	0.193294425	2.157587511	24.19805024	56.49940834	1.422332502	0.531386899	0.344668474	0.192753336	0.411364335	73.23663189	6.532049097	0.089630895	0.432241443	39.76262142	4.086620008	1.543615076	2.786933033	0.475519227	0.210088202	CML473	CML473	agri_aa_oil
AMP_agri_AA_Oil_traits	CML479	Zea	mays cultivar:B73	CML479			8.587964109	3.83227104	6.446936881	27.96794554	4.303929455	10.39257426	1.927311262	6.077011139	1.625832302	4.448050743	17.92168936	5.59947401	6.899257426	3.41612005	3.09947401	3.479393564	6.300061881	11.90420792	134.229505	206.0854207	71.21895112	9.19218621	81.5132527	33.72684295	14.93081073	6.859480596	14.20722824	3.866256705	2.335339535	14.01637716	26.62867021	23.67585742	18.79179012	9.599251433	7.900978826	4.580151366	73.6321	72.6932	70.2717	white	0.695464301	0.010559455	0.083650635	1.359291668	2.045750412	0.049601714	0.025631325	0.016602178	0.010296545	0.016162893	4.314365247	16.06228638	0.246637749	1.950526076	31.54842713	47.38148732	1.147393197	0.589137101	0.385658486	0.237434286	0.376227885	67.86960701	8.273430071	0.0624792	0.667870017	42.08956677	3.329911655	1.549449624	2.500081112	0.629527391	0.239194598	CML479	CML479	agri_aa_oil
AMP_agri_AA_Oil_traits	CML480	Zea	mays cultivar:B73	CML480			10.02633427	4.683953652	8.198700843	33.73398876	5.396769663	12.63556882	2.380509129	6.954213483	2.848757022	5.123981742	20.74866573	6.742029494	7.951299157	4.302036517	4.164115169	3.65758427	7.188658708	14.02861657	160.765783	186.8102354	93.39054642	8.43086495	80.56696024	32.01975501	22.14649815	5.960965854	11.49995702	3.584486069	2.436006469	12.41268768	21.62786282	22.06536728	13.65543288	7.750000865	8.450427744	4.56159633	76.0947	74.5853	71.4989	white	0.751233412	0.010440004	0.098718808	1.386243944	2.620940845	0.063265044	0.030936108	0.01699234	0.012712903	0.019396611	5.016569733	14.97333558	0.210650808	1.968353295	27.60635272	52.31317891	1.275706016	0.613281255	0.33729089	0.252646701	0.391887705	71.91286576	7.685597289	0.071564642	0.530610756	41.37260889	3.198420661	1.818817746	2.44968921	0.642089758	0.223675424	CML480	CML480	agri_aa_oil
AMP_agri_AA_Oil_traits	CML486	Zea	mays cultivar:B73	CML486			8.407155582	3.798723278	6.567102138	28.34611045	4.488182898	10.40804632	2.291330166	5.75317696	1.897078385	4.301365796	17.45706651	5.9347981	6.996912114	3.349524941	3.610273159	3.2880641329999998	5.882185273	11.91229216	134.6893884	198.4769669	80.07977242	8.890282952	75.26908726	31.1501768	9.42923954	5.974370397	14.88559381	3.966563404	2.636968185	16.15966098	24.61549721	22.14467172	24.9668541	8.609350043	8.182403881	4.967156407	73.9533	73.5836	72.503	white	0.795606266	0.010416172	0.122769031	1.526740644	2.174192267	0.074970178	0.02845518	0.014211959	0.010262934	0.015200375	4.776852589	16.72401903	0.217520279	2.54582059	31.70968569	45.69980987	1.589512312	0.596759602	0.301311005	0.217594755	0.323022112	77.70556485	6.63532468	0.080752225	0.697212433	28.82597339	4.293764238	1.988365243	2.751429541	0.675474866	0.25747761	CML486	CML486	agri_aa_oil
AMP_agri_AA_Oil_traits	CML493	Zea	mays cultivar:B73	CML493																						188.8910598	77.03242981	8.870593609	68.30837824	27.28331312	12.40844381	5.937986637	11.50996536	3.673303092	2.305009202	15.51063842	22.43955704	18.37466071	17.60537736	8.176159231	7.144740427	4.209011194	74.7028	74.1401	70.9411	white	0.807938623	0.010883125	0.084871424	1.648493563	2.238138691	0.085705561	0.018434145	0.015400256	0.007135538	0.011993132	4.93319608	16.47584155	0.222382242	1.747843146	33.04854719	45.59144142	1.770458511	0.381416994	0.317411495	0.150527253	0.247758996	74.27683866	9.525639039	0.054082493	0.729804432	25.90981289	4.583351821	1.212994526	2.645469799	0.601637743	0.235535326	CML493	CML493	agri_aa_oil
AMP_agri_AA_Oil_traits	CML496	Zea	mays cultivar:B73	CML496			10.71737668	4.04220852	7.719422646	32.94422646	5.361575112	12.92867152	4.413593049	7.407343049	2.670271861	5.013144619	19.37365471	5.759445067	8.080717489	4.010201794	3.349355381	3.36095852	7.185201794	11.563537	155.9009053	167.7769137	67.88046534	9.316885382	79.06790558	26.20939148	13.48220682	6.29006107	12.37561673	3.549469912	2.200992906	12.11836349	21.19738647	22.2087253	14.41635705	9.056957628	8.014144457	4.813414678	79.521	77.7017	75.2922	white	0.506689699	0.007128067	0.086991075	0.894131365	1.587802432	0.057177109	0.018088767	0.010082563	0.00667258	0.011211455	3.181951587	15.90140215	0.220472437	2.706904257	28.00775287	49.80135143	1.817799101	0.567264376	0.318820285	0.20726925	0.348343541	73.46141809	5.923204293	0.097411367	0.566597424	27.89393097	4.804025938	1.775682117	2.734886388	0.604128139	0.247331783	CML496	CML496	agri_aa_oil
AMP_agri_AA_Oil_traits	CML497	Zea	mays cultivar:B73	CML497			9.877939276	4.028262274	7.019509044	32.78972868	5.043346253	13.99541344	6.481589147	8.387370801	4.534334625	4.979198966	20.20507106	6.173158915	7.861531008	3.591505168	4.846996124	3.433817829	5.942409561	12.8499354	162.0411176	170.8554391	74.76102734	9.253441944	73.92698977	31.23967027	7.293427302	5.17775754	10.88933956	3.62716201	2.249930806	11.10709578	20.413534	24.88311499	14.14429211	8.399892647	8.944782867	4.884984104	78.5573	77.4791	74.9575	white	0.628128633	0.00955294	0.073697782	0.791025261	1.92658164	0.053892751	0.023190428	0.011627088	0.010133704	0.015639399	3.542814473	17.84508545	0.265237263	2.047890183	21.97285019	54.55453665	1.523385453	0.65507885	0.333858288	0.289320484	0.446948412	70.20411625	8.790622683	0.093234393	0.408153971	36.19921352	3.167305082	1.992983016	2.319643858	0.648362499	0.271547306	CML497	CML497	agri_aa_oil
AMP_agri_AA_Oil_traits	CML50	Zea	mays cultivar:B73	CML50			8.500982043	3.662822671	6.18956229	26.56503928	4.139646465	9.851290685	1.6485578	5.635213244	1.86273569	4.320959596	16.54537037	5.268237935	6.716919192	3.57671156	2.516666667	3.076150393	6.205190797	10.03956229	126.321619	189.4546694	98.25596051	7.726424013	74.65490705	25.76565303	8.800600106	5.570455946	10.24582093	3.703942229	2.266677615	13.70318604	19.07927148	21.3028246	14.82755151	8.673908829	8.118375959	4.645093993	74.8099	75.9209	72.7262	white	0.606743035	0.006646985	0.092382378	0.907200734	2.080997791	0.05451055	0.030376452	0.014366969	0.013080583	0.021824348	3.827810572	15.76651681	0.171006155	2.405447469	23.85431003	54.24124992	1.410467092	0.777368946	0.371469134	0.334433664	0.56489314	94.67662925	6.778630106	0.10096036	0.442736481	38.58921107	3.043934438	2.096391931	2.327626079	0.586853589	0.24938741	CML50	CML50	agri_aa_oil
AMP_agri_AA_Oil_traits	CML51	Zea	mays cultivar:B73	CML51			8.732058493	4.119685039	7.534786277	31.59814398	4.564032621	11.51287964	2.175292463	5.965129359	1.773737345	4.612907762	19.21948819	5.725365579	7.341254218	3.499775028	3.614904387	3.376856018	6.09451631	12.13200225	143.592815	196.4007959	78.45447151	8.52274855	79.93230735	37.31031064	13.53017753	5.99543468	13.49419261	3.293596642	2.111118361	11.02030787	23.02209221	22.45090886	17.04218865	8.045536642	8.862886687	4.535089135	74.8099	72.9158	69.7139	white	0.738186126	0.009007912	0.067214684	0.930111282	1.754747427	0.048770975	0.019420543	0.012058892	0.00842426	0.013282498	3.601606046	20.55185451	0.247687994	1.87761253	25.69889162	48.7481223	1.341283075	0.540321259	0.335889956	0.234044287	0.366775097	82.5281371	10.99587491	0.073922747	0.529753177	36.47413729	3.47380012	1.611171914	2.323643267	0.63854579	0.309390255	CML51	CML51	agri_aa_oil
AMP_agri_AA_Oil_traits	CML69	Zea	mays cultivar:B73	CML69			6.980990933	3.269041451	5.826845855	26.20420984	3.725226684	23.21794041	0.541334197	4.911237047	1.543118523	3.985718912	16.18976684	4.820628238	6.288439119	2.698542746	4.085459845	3.470660622	5.113050518	12.60152202	135.4737338	173.0510462	61.92710103	9.561908317	84.81162789	28.49520386	10.61623574	6.439699542	13.06099384	3.499681315	2.355063555	11.43915383	19.66823166	25.43580592	18.73699595	8.187565972	8.859908644	4.858476909	74.1674	73.2497	70.1601	white	0.678403267	0.007671406	0.106268234	0.963671848	2.238628817	0.065420724	0.0292126	0.015034505	0.011384425	0.017720786	4.136683098	16.43218128	0.184591407	2.525805666	23.24668769	54.16091358	1.589483341	0.700497208	0.364569331	0.275013253	0.428204244	92.67428268	7.775371836	0.108288268	0.431933108	34.53689525	3.520318595	1.951488573	2.512033527	0.71698578	0.257318602	CML69	CML69	agri_aa_oil
AMP_agri_AA_Oil_traits	D047	Zea	mays cultivar:B73	D047			7.81685022	3.684838473	6.310132159	27.05767254	4.251395007	27.39287812	1.198274596	6.27298091	2.429809104	4.107966226	17.16692364	4.958333333	6.02551395	2.966776799	2.608307636	3.117573421	4.432378855	10.75253304	142.551138	186.7970509	75.44113424	7.641103527	74.24545358	30.24778431	9.718179404	5.084883205	12.073428	3.148790244	1.930624967	11.04672158	22.49738222	21.06491128	12.45377306	7.696919196	8.023078585	4.51388338	66.8866	64.9022	62.3504	white	0.571521882	0.009902255	0.090101899	1.752278191	1.486968708	0.063471957	0.028020119	0.016461102	0.011471326	0.016276164	4.04463067	14.11879689	0.243341737	2.226673224	43.17395427	36.79124017	1.574683305	0.690173121	0.404635074	0.282437327	0.402550802	61.72772326	6.454453168	0.052892432	1.184289851	23.67631829	3.238701734	1.705370847	2.446983595	0.703630477	0.216601164	D047	D047	agri_aa_oil
AMP_agri_AA_Oil_traits	D863F	Zea	mays cultivar:B73	D863F			6.893872549	3.305004085	4.895343137	22.36000817	4.216380719	8.255473856	2.230269608	4.942156863	2.894571078	3.255510621	12.72189542	4.369117647	4.566094771	3.045347222	1.80499183	2.687487745	4.954003268	9.785580065	107.1831087	177.5236939	57.77690325	9.209687848	73.56303113	33.29429118	7.422278863	5.767557444	12.78327964	4.111187427	2.566073358	14.32956828	23.6024857	26.41369065	19.23681402	9.148774569	8.566571417	4.896912341	70.8482	69.1316	67.37094	red	0.592377307	0.00749909	0.065600216	1.138545783	2.105589896	0.059513416	0.026810619	0.017827251	0.013263504	0.017912219	4.044924923	14.59799469	0.182991452	1.634474818	28.05925837	52.12717618	1.479223673	0.658637757	0.436187188	0.325117152	0.446396603	82.72280449	9.007984434	0.058402647	0.541115546	35.34873596	2.473258871	1.526348481	2.073950834	0.725132148	0.215538502	D863F	D863F	agri_aa_oil
AMP_agri_AA_Oil_traits	DAN3130	Zea	mays cultivar:B73	DAN3130			8.607751623	4.070413961	6.955113636	30.33271104	4.521387987	30.04172078	0.812337662	5.826339286	2.068287338	4.640422078	19.76030844	6.345779221	7.167410714	3.591489448	4.301785714	3.31492289	5.386728896	11.58798701	159.3328977	139.2677034	44.63692883	8.18802972	59.89638413	26.01921786	3.04132579	5.380740624	11.21251398	3.407581527	2.052876678	12.03545138	19.44718459	24.97523014	9.829370863	8.480413824	8.307251836	5.360553305	68.1714	65.4587	63.2429	red	0.499245543	0.009433937	0.06737499	1.038889014	2.143002118	0.054025171	0.014984259	0.010530461	0.006884075	0.012804976	3.855155489	12.93515762	0.239778472	1.750957674	26.93099251	55.52652238	1.381175637	0.396023273	0.277547094	0.180378148	0.329824793	57.26660952	7.572433314	0.064643678	0.487082154	40.42826186	4.364363163	1.446461844	2.240025852	0.556169555	0.185491371	DAN3130	DAN3130	agri_aa_oil
AMP_agri_AA_Oil_traits	DAN340	Zea	mays cultivar:B73	DAN340			7.181743003	3.326017812	5.47687659	23.91227735	3.699618321	22.14013995	0.494888677	4.644529262	2.142958015	3.726431298	14.54246183	5.192748092	5.813454198	2.892375954	2.69221056	2.886485369	4.841984733	10.64195293	126.2491539	153.3983853	63.4882555	9.752238632	72.07307544	27.14161513	8.585847504	4.847431295	10.76551795	4.267848253	2.501877254	15.62006664	21.31089516	21.20033886	11.17301904	10.22475434	8.465317958	4.452916832	72.4543	71.2463	69.8254	white	0.62004001	0.007135581	0.096317487	1.35474905	2.048048414	0.061312352	0.024485089	0.013959061	0.010227439	0.016603213	4.25327615	14.6082821	0.165735018	2.274963344	31.49299056	48.37788924	1.453447061	0.581856583	0.330591495	0.244058615	0.397138602	92.25088264	6.51046255	0.073305712	0.654352804	33.30801683	3.927216106	1.757219063	2.417235298	0.610848414	0.222548416	DAN340	DAN340	agri_aa_oil
AMP_agri_AA_Oil_traits	DAN360	Zea	mays cultivar:B73	DAN360			6.802446184	3.221785714	5.443297456	24.09574364	3.865684932	21.20009785	0.484293053	4.69427593	1.678082192	3.85342955	14.60014677	6.172847358	5.869422701	2.932847358	5.080919765	3.18909002	5.35758317	10.2276908	128.7696844	189.4556666	68.42598615	8.260223977	76.50882138	31.08678559	5.946342801	5.629682142	12.12614063	4.221889547	2.611963222	15.36347632	21.41879455	23.15732839	18.62740762	9.89765649	7.686559736	4.308452621	70.527	69.5768	66.1437	white	0.742391332	0.009244518	0.070316228	1.401412458	2.728582805	0.070818306	0.02045851	0.016210108	0.009253775	0.014968172	5.092640496	14.6604248	0.18292026	1.467377009	27.49205444	53.55837493	1.416993478	0.413990587	0.322721264	0.190825674	0.302574172	81.10649955	10.55427925	0.053121143	0.514118991	38.01001281	3.468805197	1.292231642	2.230898072	0.636151208	0.205581197	DAN360	DAN360	agri_aa_oil
AMP_agri_AA_Oil_traits	DAN4245	Zea	mays cultivar:B73	DAN4245			6.97077381	3.468154762	5.724940476	24.81443452	4.014464286	8.860297619	2.224377976	5.235595238	3.384375	3.859970238	15.29467262	5.054136905	5.709910714	3.310714286	2.169934524	2.82710119	4.819285714	10.7777381	118.520878	202.6525757	74.55622242	8.726205094	73.93381399	31.40597897	9.20277316	6.426294999	11.1621009	4.303958665	2.434145712	16.78226984	23.83378642	23.57251474	18.09534319	10.10998317	7.126687668	4.07121323	72.9896	71.0237	66.1437	white	0.638345175	0.006140518	0.070891815	0.776282792	2.318334179	0.069277635	0.017470653	0.012025177	0.00856536	0.01204193	3.931298706	16.22589232	0.155592515	1.805331018	19.86875819	58.85625451	1.772731912	0.443825467	0.306980924	0.216470098	0.306771497	105.5211117	9.028859148	0.091424634	0.341793313	33.35450506	4.145263071	1.446804109	2.049432164	0.715634471	0.235476464	DAN4245	DAN4245	agri_aa_oil
AMP_agri_AA_Oil_traits	DAN598	Zea	mays cultivar:B73	DAN598																						149.0855027	47.67422441	8.422114131	66.18149492	30.60575819	9.921218227	5.788621727	10.25820309	4.678011464	3.059732093	17.88787223	18.50958635	20.88068097	17.16940641	9.365405163	8.157090517	5.012218638	70.4199	68.7977	64.9165	white	0.609034339	0.006012975	0.099591561	0.902128465	2.181750293	0.061464958	0.022839975	0.011890512	0.010864767	0.014325554	3.921261488	15.48529542	0.151440496	2.511062028	23.01989546	55.6562897	1.573646159	0.578396361	0.305331791	0.278107715	0.365005705	103.795153	6.238900927	0.109436159	0.416115744	35.5300291	4.347789812	1.909853004	2.119315629	0.76127888	0.239289412	DAN598	DAN598	agri_aa_oil
AMP_agri_AA_Oil_traits	DAN599	Zea	mays cultivar:B73	DAN599			7.333141892	3.595202703	6.180574324	24.64496622	4.364155405	8.865033784	1.908753378	5.286148649	2.710182432	3.796081081	14.12290541	4.920067568	5.564189189	3.245625	2.729054054	2.793523649	5.323783784	10.05699324	117.4403818	171.8008453	66.25582686	9.314697677	73.59715225	26.23922264	4.624359254	5.007328347	12.19388874	4.134713907	2.887053877	14.43899651	18.20483972	24.66289266	25.08978361	8.686820587	8.259832997	5.412477276	69.9916	67.796	65.6974	white	0.70528576	0.009119416	0.074617892	1.473738838	2.246987238	0.06481792	0.024888159	0.020996547	0.010856156	0.019078416	4.652741862	15.15182365	0.197155628	1.606597176	31.61730677	48.34435485	1.414817421	0.532768335	0.44724904	0.232999595	0.41770169	78.16199436	9.635062351	0.051287142	0.65665043	34.44424124	2.985751344	1.25028631	2.317844086	0.557765366	0.219354514	DAN599	DAN599	agri_aa_oil
AMP_agri_AA_Oil_traits	DE.EX	Zea	mays cultivar:B73	DE.EX			7.953231707	3.417713415	5.389908537	26.5804878	4.173689024	9.818628049	2.044143293	5.33804878	3.124237805	3.852621951	15.18829268	4.584695122	5.146676829	3.096585366	2.070932927	2.780756098	4.639634146	10.91253049	120.112814	160.5185561	62.38014369	8.895325069	71.12167123	27.93932602	9.576792227	4.911874212	11.80135387	3.75377456	2.543080399	12.92807379	18.70927209	27.12033015	17.38088422	8.824451126	8.523545081	4.934953963	76.6301	73.0271	70.6064	red	0.504183368	0.007113671	0.052592908	0.590310728	1.897329156	0.072382908	0.012639241	0.011581351	0.007760234	0.013731868	3.168066613	16.0147944	0.219844131	1.67752001	18.50635849	59.72521673	2.316421234	0.414629066	0.370532794	0.253200647	0.437778005	73.43971988	9.829674929	0.090908917	0.315389576	25.73036483	4.011103203	1.120671295	1.728206628	0.570184568	0.232750642	DE.EX	DE.EX	agri_aa_oil
AMP_agri_AA_Oil_traits	DH29	Zea	mays cultivar:B73	DH29			9.585130435	4.372869565	7.785782609	33.10986957	4.780869565	27.56421739	2.818552174	7.899521739	5.121521739	5.241782609	22.12413043	6.982956522	7.738217391	3.498930435	3.908069565	3.509221739	5.378608696	12.55978261	173.9800348	163.1122597	54.44747084	8.835590332	65.31709315	28.55113728	8.429663794	5.99543468	11.70780045	3.790935493	2.586727756	12.44287478	18.98310681	25.04538407	14.66078666	7.553455227	8.910535374	5.371391125	69.1351	67.0169	64.6933	white	0.619918146	0.008972199	0.110448555	1.219564796	1.74419957	0.045764508	0.019125343	0.010724514	0.005817039	0.009531223	3.793160858	16.32270781	0.23475645	2.887998081	32.10796459	45.97040326	1.192717575	0.504311358	0.283968133	0.153539939	0.248852813	71.30034844	5.721136465	0.09054631	0.699041164	38.66179155	5.749102736	1.785459213	3.35170819	0.639671796	0.253232788	DH29	DH29	agri_aa_oil
AMP_agri_AA_Oil_traits	DH3732	Zea	mays cultivar:B73	DH3732			5.984220183	3.048761468	5.413073394	21.87848624	4.188417431	20.26243119	2.983614679	6.411330275	4.822798165	3.519380734	14.29977064	4.809357798	5.042293578	2.431614679	3.249362385	2.55856422	4.018949541	8.910412844	123.8328394	157.9385067	70.11852491	8.295227254	74.46837825	26.37346285	13.0097511	4.927858555	12.3746683	3.792029748	2.124329733	15.84269647	23.28980138	23.0964213	11.69006386	9.950738159	7.671669522	4.443639314	69.3492	68.1299	67.37094	white	0.732194917	0.009171657	0.103163882	1.099974346	2.360930929	0.058294673	0.016358625	0.012622484	0.006444167	0.013348714	4.415335447	16.68518241	0.207234111	2.333806797	24.64404	53.65318923	1.322127702	0.375256328	0.288684298	0.147025662	0.303902285	81.33200426	7.213192226	0.096026875	0.464831271	41.17636061	6.362796533	1.310367528	2.558252027	0.486255043	0.248502796	DH3732	DH3732	agri_aa_oil
AMP_agri_AA_Oil_traits	DONG237	Zea	mays cultivar:B73	DONG237																						128.100321	28.67428997	7.705640818	62.43385828	26.93652593	4.966290019	5.215235549	11.09046125	2.982645875	1.923368016	11.70329092	18.79014557	16.72320108	11.68999006	7.565197005	7.42943718	4.993360297	67.9573	63.7892	61.4579	white	0.685555961	0.007839739	0.054509467	0.846725527	2.016285773	0.064239991	0.016515349	0.013262933	0.008364591	0.014169267	3.727992264	18.25294813	0.205795772	1.508023288	22.9632285	53.92971427	1.719925238	0.442935784	0.354697893	0.222825427	0.374783075	88.54404203	12.1402171	0.065235662	0.429260703	31.53185595	3.384927965	1.262451931	2.029285247	0.590887753	0.26271686	DONG237	DONG237	agri_aa_oil
AMP_agri_AA_Oil_traits	DONG46	Zea	mays cultivar:B73	DONG46																						154.4357189	61.52686201	6.781071762	57.802487	26.87292062	10.93318315	5.003332959	11.80951891	3.930278803	2.707904063	15.15231325	19.10332078	19.66422259	16.17989435	7.375559904	7.425980981	5.354161448	66.03	63.1214	58.1108	red	0.760865674	0.009412226	0.070990751	1.30008368	2.174224507	0.064332425	0.020998599	0.016889558	0.009265137	0.013086872	4.443361608	17.32522263	0.212712382	1.632439015	28.79799964	49.14022571	1.470731487	0.48030466	0.379824165	0.213817342	0.302336622	81.50290536	10.65052702	0.058181986	0.589984256	33.52108977	3.389162786	1.280889389	2.297481727	0.713474622	0.250511986	DONG46	DONG46	agri_aa_oil
AMP_agri_AA_Oil_traits	DSB	Zea	mays cultivar:B73	DSB			6.174502488	3.085345149	5.258893035	22.21141169	3.589396766	7.833022388	1.826004353	4.39409204	1.899244403	3.256094527	13.53880597	4.833208955	5.452363184	2.567067786	2.210040423	2.469222637	4.439116915	9.4102301	104.4480628	171.9846528	63.00213363	7.840184661	75.63532064	32.04884039	10.92079397	4.95179524	13.27149059	3.502416952	2.28063329	11.34481916	23.062784	22.4801905	16.54761177	7.863337401	8.316415812	4.600031762	66.4583	65.3474	61.5694	white	0.63401825	0.010555154	0.081991616	1.799664199	1.341387177	0.060850633	0.026395063	0.016057265	0.011299897	0.014042051	3.994318862	15.87162204	0.261994891	2.05425528	44.87632153	33.63351748	1.523916473	0.660310971	0.400976572	0.281757768	0.351011655	62.36749573	7.851576939	0.046923152	1.342101894	22.18682004	3.126960541	1.644743667	2.34339437	0.817447751	0.238908004	DSB	DSB	agri_aa_oil
AMP_agri_AA_Oil_traits	EN25	Zea	mays cultivar:B73	EN25			7.240332805	3.544096672	6.290808241	24.81707607	3.807975436	8.720760697	1.838201268	5.214302694	2.873209192	4.24881141	15.32476228	4.838034865	5.85	3.119512678	2.234877179	2.848114105	5.086687797	10.47131537	118.3688788	186.3208578	79.77836141	9.043422286	65.32846686	25.12055427	8.257861714	4.935518294	12.91116968	3.889783186	2.341480032	16.22003518	26.75502894	21.97325212	14.48837027	9.61503247	7.433426089	4.341586615	67.529	65.7926	63.5776	white	0.562309246	0.005761642	0.070767347	0.972446848	2.027006273	0.050477323	0.020775266	0.013755451	0.008954845	0.013206223	3.744171586	15.01884084	0.152574918	1.891222119	25.94958064	54.09818261	1.338913894	0.553165665	0.366385054	0.236365082	0.351473055	101.38672	7.981410215	0.073427336	0.482900197	40.75526107	3.439589308	1.512136946	2.39026277	0.677139966	0.22120777	EN25	EN25	agri_aa_oil
AMP_agri_AA_Oil_traits	ES40	Zea	mays cultivar:B73	ES40			7.761445313	3.647511719	6.818398438	29.21351563	4.077851563	27.62132813	0.83215625	5.626328125	2.881554688	4.461640625	18.52320313	6.06640625	6.5496875	3.007394531	4.08609375	3.258757813	5.24546875	11.39511719	151.0738594	190.8702859	85.74784514	8.275537911	84.39080072	35.8262106	8.61513195	5.870963921	12.09076302	4.313077455	2.992372703	14.87293601	20.68552653	22.15077206	17.99131886	8.564876212	8.968607211	5.146079971	72.5614	69.6881	67.25937	white	0.799919365	0.009531472	0.095130059	1.374567084	2.516592305	0.067234923	0.025220175	0.0153201	0.00982796	0.014679358	4.932958486	16.22220225	0.193645277	1.931783846	27.89626944	51.01618344	1.373957051	0.509969581	0.311946901	0.199859668	0.30118102	85.52566105	8.556045347	0.068885799	0.548284244	37.2356209	3.78772249	1.646117308	2.565183133	0.68611365	0.237791594	ES40	ES40	agri_aa_oil
AMP_agri_AA_Oil_traits	FCD0602	Zea	mays cultivar:B73	FCD0602			7.639507772	3.527927461	6.017590674	26.27124352	4.284430052	9.151632124	2.213955959	5.18880829	2.404590674	4.023834197	15.8903886	5.089792746	6.300518135	3.049455959	2.244753886	3.130310881	5.380518135	11.08023316	122.8894922	192.3516033	71.30021064	8.726205094	74.91650232	30.62813156	5.317703367	5.605745458	11.99701237	4.092220342	2.378695164	14.02015055	22.83790829	25.41445472	21.24323334	10.98511338	8.238986697	4.535089135	67.9573	68.0186	65.028	white	0.701062207	0.008655092	0.06299066	1.239059451	2.365681835	0.062084677	0.017955374	0.013905074	0.008579938	0.014475496	4.496531984	15.84662902	0.190352007	1.445621333	27.1017485	52.74564289	1.399427342	0.406703995	0.31148437	0.197137268	0.325187776	84.69398365	11.11843794	0.054107358	0.516822181	37.86079871	3.52867332	1.31254952	2.093533449	0.605843062	0.22376953	FCD0602	FCD0602	agri_aa_oil
AMP_agri_AA_Oil_traits	GEMS1	Zea	mays cultivar:B73	GEMS1			7.847020124	3.869899381	6.079798762	26.12917957	4.620201238	26.38366873	1.143943498	6.017376161	1.987867647	4.111764706	16.84585913	5.720588235	5.933978328	3.556710526	3.193533282	3.281660217	5.105263158	11.15185759	142.9801703	215.4506789	68.7033951	8.489806675	74.75542303	28.52705586	8.59246967	5.846884505	12.18434375	4.010914407	2.347381306	15.49249371	22.47448456	23.29354261	14.02812083	10.65261198	7.504120729	4.653129721	71.647	68.1058	64.3259	red	0.524991123	0.006931128	0.08129574	0.760655727	2.258914179	0.053041778	0.019459669	0.011441908	0.008069436	0.011318903	3.733363451	14.09944504	0.183268729	2.147365537	20.69936462	60.02706921	1.419835628	0.526376782	0.310318259	0.215498544	0.307304356	78.24972669	6.704299386	0.103101048	0.347213106	43.03301947	4.106822692	1.724056289	2.461695159	0.738173932	0.210471489	GEMS1	GEMS1	agri_aa_oil
AMP_agri_AA_Oil_traits	GEMS10	Zea	mays cultivar:B73	GEMS10			7.457193396	3.300994497	5.84591195	26.81713836	3.763392296	25.0240566	0.546784591	4.987657233	1.942621855	4.130738994	16.73435535	5.804245283	6.387146226	2.975019654	5.086674528	3.166198899	5.58081761	10.63569182	140.1866392	183.5996432	50.85577937	7.964719299	68.87087017	31.90142167	4.937301678	6.232254368	11.36210019	3.67846578	2.204483715	14.11331556	19.89653579	22.3403134	14.35172087	8.965965491	7.640359511	4.565685606	72.7707	69.7107	66.7437	white	0.731570121	0.007050158	0.078851792	0.801769923	2.373535313	0.070139634	0.020958193	0.013161451	0.007751157	0.012528389	4.120458327	17.71349204	0.172411584	1.922577351	19.97391497	57.17016797	1.70104184	0.511758718	0.321558972	0.18940259	0.305887631	100.5754041	9.199567075	0.095188471	0.350719059	33.63728296	3.771130196	1.605566168	2.792444484	0.635742998	0.260387888	GEMS10	GEMS10	agri_aa_oil
AMP_agri_AA_Oil_traits	GEMS11	Zea	mays cultivar:B73	GEMS11			7.832115677	3.664642314	6.191476408	28.51381279	3.970395738	9.792846271	1.990509893	4.972374429	2.205338661	3.723812785	15.91328006	4.454642314	5.609741248	2.945932268	2.712553272	2.987047184	4.919025875	10.9988204	123.3983676	184.3179947	65.0929761	7.53298079	73.7120626	35.61322407	6.314877555	6.179865378	12.03219027	3.697926187	2.219277819	14.69257038	22.08228381	22.1020061	14.64529618	9.504615069	7.603538218	4.599534941	69.7742	68.1058	65.1318	red	0.650615717	0.008189728	0.079745956	1.092413167	2.353863333	0.063668709	0.018505064	0.012136982	0.008294162	0.010761066	4.298013036	15.14591652	0.191176453	1.896879998	25.64261831	54.44851854	1.482908682	0.444167982	0.29164658	0.19587209	0.25362717	81.00330643	8.046569306	0.073878155	0.47412752	36.65024192	4.279904535	1.550264132	2.324854205	0.811481404	0.219293949	GEMS11	GEMS11	agri_aa_oil
AMP_agri_AA_Oil_traits	GEMS12	Zea	mays cultivar:B73	GEMS12			9.056688862	4.143492736	7.115889831	34.19340194	4.997094431	12.14939467	2.436937046	6.432808717	2.613843826	4.661410412	19.59700363	5.465042373	7.09718523	3.6218523	2.708574455	3.658323245	5.574243341	12.65911017	148.1822972	203.0233741	77.71715628	8.513143891	70.41504362	31.29403583	14.2497146	6.801429675	11.27603357	3.817283353	2.219277819	12.92722234	24.33853983	23.53184991	17.02058726	9.810493082	8.41972096	4.437917088	73.5199	72.1181	68.3556	white	0.630997126	0.008863798	0.101304381	1.298822086	1.97342367	0.069192634	0.019573184	0.010576045	0.007451231	0.010534441	4.125960007	15.26553982	0.212047099	2.410388898	31.19929868	47.96051424	1.679760727	0.48256754	0.269111576	0.183932046	0.255297981	73.82426502	6.531930984	0.078393408	0.649713859	28.21348805	5.033373645	1.859500831	2.709589753	0.749487352	0.229695016	GEMS12	GEMS12	agri_aa_oil
AMP_agri_AA_Oil_traits	GEMS13	Zea	mays cultivar:B73	GEMS13			7.021475954	3.452989221	5.579187396	25.15721393	4.134606136	22.3909204	2.799705638	6.638681592	4.379104478	4.047728027	16.28084577	4.910986733	5.947761194	2.831003317	3.640389718	2.770613599	4.223963516	10.13855721	136.3457338	200.157028	90.68535303	9.178254567	76.33437516	33.55486092	12.33947605	5.68261394	12.78834696	3.592515647	2.085122199	12.80309631	22.67278831	22.57862071	13.28751041	9.058037229	7.539704325	4.367584994	74.269	72.1181	69.5645	white																																GEMS13	GEMS13	agri_aa_oil
AMP_agri_AA_Oil_traits	GEMS14	Zea	mays cultivar:B73	GEMS14			8.128985507	3.679931562	6.749557166	28.3171095	4.19194847	23.74508857	2.671111111	6.762198068	4.217512077	4.678381643	19.10515298	5.686996779	7.173913043	3.217125604	3.294138486	3.038345411	4.527536232	11.41654589	150.6015781	188.7287084	68.66214821	9.39606859	72.83563983	35.00583822	8.996558594	5.539654152	13.49839653	3.942802981	2.628133042	15.21665808	20.62364955	22.57862071	21.41420854	9.198258122	7.861287264	4.596714163	70.5234	66.0997	63.9229		0.814627784	0.013693271	0.087333776	0.931341962	2.633594401	0.0680785	0.020288056	0.01100017	0.008223361	0.012101473	4.607181738	17.68602548	0.288995937	1.905399789	20.68637961	56.7493448	1.503143192	0.45088525	0.25343562	0.183016324	0.273962167	64.01379299	9.255169927	0.091156798	0.365630808	38.16367979	4.233282797	1.867810556	2.536890115	0.693811125	0.258009016	GEMS14	GEMS14	agri_aa_oil
AMP_agri_AA_Oil_traits	GEMS15	Zea	mays cultivar:B73	GEMS15			7.801472995	3.836247954	6.525204583	27.29672668	4.667021277	25.96157938	0.812725041	5.877659574	1.806006547	4.204828151	16.77729133	5.45413257	6.044353519	3.665126841	2.452504092	3.593678396	5.718126023	11.1306874	143.6253723	181.9643786	69.20274571	8.909876575	74.31721165	28.12213196	13.58847818	6.37255031	10.88412309	3.247093415	1.918688535	10.9412058	21.0863583	23.77015721	8.243352939	9.750373939	8.255275092	4.342844152	73.8944	72.9206	70.3704		0.670038125	0.009184533	0.081614498	1.028453522	2.350443346	0.070443274	0.019387121	0.013848827	0.007279867	0.010997941	4.26371521	15.70778013	0.213345412	1.929447374	24.37577435	54.85963206	1.649876971	0.461524029	0.326408399	0.17492689	0.259360066	75.11107689	8.17358545	0.078849069	0.444501534	33.24224732	4.201927289	1.421065248	2.760880179	0.681969072	0.228157798	GEMS15	GEMS15	agri_aa_oil
AMP_agri_AA_Oil_traits	GEMS16	Zea	mays cultivar:B73	GEMS16			7.70287234	3.545177305	6.148546099	25.63308511	4.308829787	9.34858156	1.752283688	5.210992908	2.284379433	4.261205674	15.76088652	5.500390071	6.250992908	3.841276596	2.496641844	3.00285461	6.196808511	9.784858156	123.0306631	190.248366	61.49923138	8.618161367	67.07629022	34.12850311	8.81288181	5.788279871	12.80217909	3.952533184	2.478510859	13.32028812	24.12701583	23.05523531	21.70444776	9.167959083	8.553527559	4.410542821	69.0251	66.5009	63.117	white	0.764433052	0.015207017	0.098103786	1.09146491	2.440293876	0.065578917	0.020923909	0.01225351	0.007395825	0.011509914	4.532266415	16.87605675	0.328451981	2.147787635	24.28763748	53.67990888	1.451555967	0.464729544	0.278278471	0.169787973	0.257016406	55.8813379	7.907766283	0.088005822	0.452165172	37.01602759	4.633094237	1.715214171	2.915062096	0.663713684	0.249329081	GEMS16	GEMS16	agri_aa_oil
AMP_agri_AA_Oil_traits	GEMS17	Zea	mays cultivar:B73	GEMS17																						210.270429	70.32079962	7.595213368	82.91450165	29.92741767	8.555734313	6.420499556	12.64080419	3.451427693	2.160773864	13.42372648	25.18463584	20.6721623	16.74035629	8.689907582	7.551988409	4.390797376	74.6435	70.5132	68.7586																																	GEMS17	GEMS17	agri_aa_oil
AMP_agri_AA_Oil_traits	GEMS18	Zea	mays cultivar:B73	GEMS18			9.392536814	4.366131191	7.792235609	34.93373494	4.369444444	34.3731593	0.92855087	6.693808568	2.423159304	5.374364123	23.26318608	6.31291834	7.921753681	3.192248996	2.910026774	3.808366801	5.147054886	12.81278447	176.0154652	217.6330908	74.9465941	8.87487075	77.65596505	36.51080537	12.27335241	6.205971079	15.87291298	3.962263388	2.458337082	14.25123337	26.3083571	22.57862071	23.79617179	9.363219555	7.78764468	4.495166159	72.3962	70.11197	66.3407	white	0.691287123	0.008492288	0.09707804	0.958058831	2.723217763	0.064386824	0.020415851	0.011344237	0.00756849	0.012458978	4.598694303	15.07110944	0.185113324	2.107176084	21.26165014	58.78719021	1.402529039	0.451553994	0.256999406	0.17031592	0.275404205	82.22703685	7.238531382	0.098372349	0.362909096	41.95876741	4.67540807	1.824200654	2.775081875	0.626498517	0.22139891	GEMS18	GEMS18	agri_aa_oil
AMP_agri_AA_Oil_traits	GEMS19	Zea	mays cultivar:B73	GEMS19			9.196538462	4.487307692	7.735269231	34.31580769	4.519346154	32.63861538	0.834442308	6.636269231	2.110734615	5.334653846	22.74007692	6.540115385	7.834192308	3.374053846	2.802184615	3.825411538	5.587346154	13.26988462	173.78225	200.6141608	82.47195698	8.676504408	81.55813308	33.62234824	10.83332643	5.825573729	12.63619348	3.665492175	2.216251752	12.2859045	23.06939582	22.57862071	16.6803068	9.716708341	8.255275092	4.269503926	76.5163	72.1181	69.9675	white																																GEMS19	GEMS19	agri_aa_oil
AMP_agri_AA_Oil_traits	GEMS2	Zea	mays cultivar:B73	GEMS2			7.108058985	3.290754458	6.079492455	26.52455418	3.503017833	25.57544582	0.768871742	5.207373114	2.277174211	4.106652949	17.45027435	5.015569273	6.095816187	2.360829904	2.610473251	3.248079561	4.276303155	11.15222908	136.6509705	160.6088646	52.97867765	8.135858888	70.70718454	27.4472588	6.204671485	5.558301081	11.29447642	3.490348508	2.090165643	12.43071821	22.32906181	20.6721623	12.47684224	9.140525704	8.091040048	4.387422251	67.9014	66.5009	63.52	white	0.453150544	0.007181534	0.076574499	0.668964517	1.777040496	0.057224267	0.014770093	0.008641551	0.00591072	0.008723306	3.070913544	14.67696395	0.227716871	2.449041115	22.32693696	57.18270912	1.814282698	0.489784537	0.281995951	0.188008052	0.270735757	67.18580412	6.119084238	0.109328294	0.391081692	31.59068594	5.044216345	1.78264378	2.721673367	0.706139781	0.222113472	GEMS2	GEMS2	agri_aa_oil
AMP_agri_AA_Oil_traits	GEMS20	Zea	mays cultivar:B73	GEMS20			6.703549696	3.08770284	5.330273834	22.69241886	3.422540568	7.858747465	1.704639959	4.417849899	1.689163286	3.783544625	14.43990872	4.423656187	5.66229716	2.846247465	2.249868154	2.429541075	4.556516227	9.08785497	106.386321	205.5932017	79.16079732	9.644998901	79.78442034	30.65290632	12.02722552	5.962317874	13.19408957	3.957398286	2.614683857	14.25123337	18.36298677	23.53184991	23.74613055	9.386785474	7.957022624	4.661592055	75.7672	74.1242	70.3704	white	0.823248396	0.013556297	0.088255219	0.927241489	2.464016828	0.084280654	0.020148384	0.011597678	0.009231409	0.014549002	4.464180122	18.37335921	0.297617927	1.984819813	21.17889651	54.9648115	1.900288759	0.457588375	0.267567139	0.209823554	0.327221195	64.51195715	9.20742774	0.092986738	0.386267905	29.02557907	4.33910076	1.77281295	2.241613904	0.645248325	0.271764162	GEMS20	GEMS20	agri_aa_oil
AMP_agri_AA_Oil_traits	GEMS21	Zea	mays cultivar:B73	GEMS21			7.928979907	3.614632921	6.536514683	27.52619784	4.275927357	9.07187017	2.249841577	5.226893354	1.568612828	4.073995363	16.47623648	5.464799073	6.540378671	3.47887558	2.208666924	3.220703246	5.867890263	10.90027048	126.2312867	186.4483394	50.22391217	8.011393733	70.41504362	34.09475945	8.849617167	6.875129441	11.3682478	3.684952582	2.239451596	15.65799509	21.0599178	20.6721623	17.81442099	9.447383552	7.482027954	4.653129721	73.8944	72.9206	68.7586	red	0.692495928	0.008171764	0.088136567	0.919381201	2.613860662	0.068781299	0.017212146	0.011327014	0.007246559	0.010767787	4.443479267	15.59911709	0.186134885	2.00661092	21.31938954	58.24253603	1.562150599	0.406391177	0.268996095	0.169888567	0.248275869	85.24529132	7.827951086	0.093509126	0.37382435	37.13980499	4.989683666	1.551022775	2.492811839	0.709570694	0.226500969	GEMS21	GEMS21	agri_aa_oil
AMP_agri_AA_Oil_traits	GEMS23	Zea	mays cultivar:B73	GEMS23			7.371177847	3.820791732	6.508385335	27.19208268	4.439118565	25.04095164	0.920573323	5.584789392	1.889960998	4.241146646	16.87979719	5.653705148	6.171645866	3.408900156	3.709028861	3.80549922	6.085686427	11.7325663	144.4558073	179.6737727	64.02283878	8.236986827	77.32208971	31.83393435	9.988413225	6.665928658	12.42563765	3.822472795	2.178930264	15.90624715	24.55006383	22.3403134	18.17046564	9.538280668	7.080675868	4.444392156	72.7707	70.11197	67.9526	red	0.649707271	0.007953798	0.089505555	1.202923778	2.579234049	0.067818834	0.020802592	0.013929562	0.008339107	0.014018965	4.657799172	14.08705838	0.17458904	1.944683993	25.75922653	55.25115555	1.47345048	0.454738615	0.303407487	0.183541691	0.309621332	82.4579848	7.32714806	0.07607917	0.466685834	37.74353574	4.269579701	1.519512324	2.553766849	0.616103698	0.205816071	GEMS23	GEMS23	agri_aa_oil
AMP_agri_AA_Oil_traits	GEMS24	Zea	mays cultivar:B73	GEMS24			5.631229373	2.666266502	4.297153465	17.92326733	3.447240099	16.56802805	0.409411716	4.015924092	1.449682343	3.036914191	10.6009901	4.586674917	4.352557756	3.059826733	3.537479373	2.845334158	5.467367987	8.518151815	102.4135	186.8754673	72.09002779	8.948771936	73.46165609	34.63465798	11.27415071	5.831789372	12.2073973	3.932099757	2.253573241	12.61690726	23.24125907	23.29354261	20.04307844	9.72344146	8.365738969	4.365410375	72.0216	68.9083	67.1467	red																																GEMS24	GEMS24	agri_aa_oil
AMP_agri_AA_Oil_traits	GEMS25	Zea	mays cultivar:B73	GEMS25			9.151304071	3.95807888	7.021374046	31.06399491	4.511323155	11.22086514	2.367191476	5.772201018	2.926765267	4.492366412	19.19640585	5.856902036	7.319497455	3.472073791	3.064701018	3.364026718	6.154484733	11.52315522	142.4367112	204.388595	77.6618679	9.39606859	73.98333631	33.11619337	7.563879682	6.179865378	13.65516073	3.80949919	2.258280455	15.40974302	22.06465681	23.53184991	19.87627429	9.249169063	7.834456884	4.618255793	70.5234	68.9083	66.7437	red	0.606179404	0.007573956	0.069406447	0.896217707	1.941669795	0.063372712	0.013446433	0.011559721	0.005486289	0.009410722	3.621896638	16.65192572	0.206271198	1.928348988	25.03576774	53.28073079	1.726444618	0.386777878	0.318862734	0.153729816	0.255033602	81.59898909	8.638408277	0.076801217	0.469299023	30.97356567	4.980960569	1.210766228	2.674987325	0.623302823	0.241134392	GEMS25	GEMS25	agri_aa_oil
AMP_agri_AA_Oil_traits	GEMS27	Zea	mays cultivar:B73	GEMS27			9.170439633	4.041568241	6.854232283	31.05990814	4.262204724	30.05209974	0.864425853	5.933464567	2.114071522	4.634744094	19.90866142	5.671784777	7.047604987	3.215705381	3.474573491	3.388976378	5.099475066	11.40334646	158.1972867	209.7444616	74.33227877	8.559818325	71.02019267	33.14993702	6.792437192	6.130140234	13.3646859	3.329800146	1.938862312	14.66498682	24.58972458	19.7189331	11.79628131	9.127560365	7.161682711	4.483883047	72.3962	70.5132	67.5496	red	0.512561883	0.005605157	0.064510404	0.548926554	1.916423548	0.072409872	0.01302364	0.008715298	0.006104098	0.009757717	3.153937862	16.15070551	0.1758739	2.040311717	18.15433055	59.97591668	2.263579741	0.427339641	0.27815366	0.189350289	0.298581217	91.59148536	7.953672308	0.11159981	0.305351972	26.64446386	4.781292837	1.569642948	2.318641271	0.670520318	0.237051728	GEMS27	GEMS27	agri_aa_oil
AMP_agri_AA_Oil_traits	GEMS28	Zea	mays cultivar:B73	GEMS28			6.870828729	3.252762431	5.684116022	24.46403315	3.830773481	8.386049724	2.229698895	4.812679558	2.899530387	3.744392265	14.77759669	4.543922652	5.751878453	2.798370166	2.160632597	2.817790055	4.930662983	10.46033149	114.4160497	190.9390072	65.58197111	8.431463633	70.66545012	30.68664998	5.958019804	6.06301129	13.41540373	3.422237082	1.964079534	16.21656224	25.71344584	20.433855	12.88718045	9.299254918	6.811880434	4.235654591	72.3962	69.7107	67.9526	red	0.486483605	0.00554861	0.068331019	0.533776401	1.708521206	0.066526644	0.013926966	0.007686826	0.006898338	0.010068101	2.901245399	16.6050834	0.187296928	2.321845537	19.17227701	58.08970528	2.243265851	0.489695449	0.266045038	0.228160565	0.329752789	88.79099136	7.185556057	0.120581219	0.331920592	26.06512826	4.745760461	1.906102143	2.221215668	0.741119593	0.250627849	GEMS28	GEMS28	agri_aa_oil
AMP_agri_AA_Oil_traits	GEMS29	Zea	mays cultivar:B73	GEMS29			9.373195538	4.357874016	7.532053806	37.44422572	4.627230971	13.20029528	2.445731627	6.419324147	2.733667979	4.984153543	21.93494094	5.885958005	7.195406824	3.333333333	3.618208661	3.535925197	5.684153543	12.42280184	156.728481	178.906531	62.82000935	8.473276146	64.73916284	31.69895972	5.380749913	5.521007223	10.26167704	3.552621812	2.013505289	12.18246614	19.68501179	23.53184991	14.13821157	9.258856199	8.111672052	4.292070149	70.8979	67.3034	65.1318																																	GEMS29	GEMS29	agri_aa_oil
AMP_agri_AA_Oil_traits	GEMS3	Zea	mays cultivar:B73	GEMS3			6.630248092	3.003342875	5.206997455	23.4899173	3.210591603	20.87843511	0.373724555	4.335209924	1.628734097	3.632442748	14.40254453	4.614980916	5.794815522	2.711561705	3.406138677	2.669465649	4.640903308	9.542843511	120.1728976	185.0901785	74.49814391	7.18292254	71.12452871	27.31228417	3.486255088	6.515510098	10.89334452	3.456292795	2.241468974	12.94101412	19.01518578	19.2423185	12.71704022	9.225190601	8.16690399	4.526194716	74.269	72.5193	69.1615	red	0.599478112	0.01325791	0.064645771	1.443618639	2.420718049	0.056264497	0.019039825	0.014162099	0.008377923	0.011242666	4.650390518	13.04651874	0.277339996	1.413257124	30.97710122	51.82815926	1.221791515	0.429109641	0.317329769	0.189287305	0.261459965	52.42142292	9.728338186	0.046363999	0.59606266	42.74383503	3.387082144	1.363805333	2.31899252	0.777308491	0.182130154	GEMS3	GEMS3	agri_aa_oil
AMP_agri_AA_Oil_traits	GEMS30	Zea	mays cultivar:B73	GEMS30			6.717817259	3.277208122	5.375152284	22.86601523	4.025862944	8.297690355	1.913766497	4.621116751	2.744467005	3.572614213	13.92824873	4.671878173	5.605050761	3.275659898	2.579949239	2.587588832	5.180989848	8.800812183	110.0418883	176.0772497	54.64347222	8.155306569	71.39580243	34.09475945	7.857762536	5.97474916	14.19922469	3.642139686	2.15573042	13.07203605	25.07887384	23.77015721	16.48014182	9.757107059	7.761869775	4.379514264	73.1453	71.7169	69.5645	white	0.743055102	0.008390815	0.071005349	0.763469741	2.099676615	0.080034813	0.016757825	0.010563484	0.007345971	0.010653304	3.814408052	19.32240765	0.216804984	1.878877479	20.55543599	54.69454325	2.091128368	0.448807281	0.281277151	0.193380765	0.275649406	87.67570673	10.1908188	0.090414897	0.376662051	26.27160073	4.17904139	1.638431548	2.402950763	0.714466981	0.284371151	GEMS30	GEMS30	agri_aa_oil
AMP_agri_AA_Oil_traits	GEMS31	Zea	mays cultivar:B73	GEMS31			8.016500829	3.833167496	6.630679934	29.6736733	4.13668325	26.99854892	0.620207297	5.415464345	2.653391376	4.601077944	18.69249585	6.62106136	7.290257048	3.246318408	3.253026534	3.383387231	5.61247927	11.86753731	152.5459577	173.5753743	56.94715473	8.933213792	62.81937964	32.4413202	8.37205753	5.97474916	12.6039185	3.821175434	2.324181462	11.60321132	22.59346681	25.67661561	14.7787395	8.895072191	8.983779815	4.535299989	69.3997	67.7046	64.7289	white	0.661302258	0.01397666	0.067682086	0.827532587	2.107833214	0.083568432	0.018262366	0.010390989	0.008067307	0.013916255	3.814825965	17.25243371	0.352730044	1.806801577	22.14854351	54.85730888	2.188641998	0.48635165	0.27836279	0.209883616	0.362851045	54.05629621	9.575542636	0.080715387	0.404170929	25.24236932	3.716680803	1.797288647	2.355523602	0.610402739	0.252357016	GEMS31	GEMS31	agri_aa_oil
AMP_agri_AA_Oil_traits	GEMS32	Zea	mays cultivar:B73	GEMS32			7.610299625	3.477996255	5.760362047	29.99965668	4.007553059	11.00951935	2.203339576	5.190262172	2.983283396	3.842166042	18.37446941	5.013389513	6.262515605	2.571601124	2.296785268	2.807038077	4.378464419	10.55608614	128.3447878	198.7732747	78.38061684	8.816527709	71.0827943	34.56717066	9.657795014	5.259950218	14.21459373	3.509808915	2.137237791	13.28580866	23.33380082	21.8636988	13.04397635	9.191525002	7.957022624	4.455675268	72.3962	69.7107	67.9526	white	0.663935995	0.00711624	0.106649336	0.879430952	2.385053604	0.066245083	0.018879849	0.011976534	0.006936228	0.0111885	4.159713076	15.96267529	0.173152834	2.51287388	21.55445979	56.94547437	1.588096628	0.461763909	0.292672728	0.170132742	0.270950063	95.94140872	6.477740308	0.11611451	0.379512316	35.88316026	5.451606585	1.605699702	2.875702861	0.655221208	0.241506065	GEMS32	GEMS32	agri_aa_oil
AMP_agri_AA_Oil_traits	GEMS33	Zea	mays cultivar:B73	GEMS33			7.18545045	3.50722973	6.302972973	26.34144144	4.287252252	29.00855856	1.513207207	6.601621622	2.751603604	4.044693694	16.4722973	5.309054054	5.808468468	2.808306306	2.981279279	2.814054054	4.412292793	10.02463964	142.1744234	216.2431601	103.3648216	8.789300956	79.38794337	33.52111726	12.48641748	6.217159236	14.2822175	3.934045797	2.069991866	14.74773751	25.87208884	22.57862071	16.29999334	10.82093998	7.393656852	4.26386237	77.64	77.3341	73.1912	red	0.60705918	0.008519677	0.120049281	1.270042027	2.643075052	0.054188165	0.023515295	0.0147447	0.00929735	0.011431754	4.76370968	12.92032396	0.183540695	2.464774282	26.742008	55.18219821	1.144718804	0.499625203	0.315778424	0.199862159	0.250890933	74.17193914	5.619521341	0.092670811	0.487308524	49.60558431	4.966942505	1.599460273	2.555625376	0.842058168	0.197867427	GEMS33	GEMS33	agri_aa_oil
AMP_agri_AA_Oil_traits	GEMS35	Zea	mays cultivar:B73	GEMS35																						191.6753616	84.00897396	8.672614872	71.41666964	30.14675145	7.637350396	5.164229317	13.73815353	3.573055239	2.059904977	11.87215106	26.4405596	23.53184991	14.97890448	9.891769454	8.314189159	4.565685606	71.2725	69.3095	66.3407	white	0.658768469	0.007345479	0.075842898	1.092292774	1.981903711	0.061139916	0.019877327	0.014813831	0.008492702	0.014150208	3.933185094	16.70456896	0.186373759	1.9419563	27.81082304	50.30373684	1.541176749	0.51018217	0.372017327	0.215050404	0.35778257	88.99291231	8.594103597	0.070214152	0.552164144	32.67320927	3.825860784	1.359525523	2.397302456	0.637196371	0.246533759	GEMS35	GEMS35	agri_aa_oil
AMP_agri_AA_Oil_traits	GEMS36	Zea	mays cultivar:B73	GEMS36																						209.1637794	93.11804176	9.489417457	75.3814393	30.61916266	11.78319779	6.117708948	14.94154925	4.040105018	2.347381306	14.45811009	25.51514209	24.24677181	21.794522	10.37992063	8.148493344	4.495166159	72.7707	70.11197	67.1467																																	GEMS36	GEMS36	agri_aa_oil
AMP_agri_AA_Oil_traits	GEMS37	Zea	mays cultivar:B73	GEMS37			9.520333787	3.926668937	6.352282016	35.11444142	4.463079019	12.85820845	2.314833106	6.098297003	2.842990463	4.786103542	21.44822888	5.666621253	7.20027248	3.142922343	2.999220027	3.404461853	5.174557221	12.34877384	149.6622956	201.0342288	80.00855248	9.162696423	80.76517915	34.36470872	11.27415071	5.949886588	13.21714313	3.971993592	2.201121419	13.73404156	21.81347206	23.53184991	20.29328466	10.35972127	8.137446956	4.379514264	72.7707	71.7169	67.9526	white																																GEMS37	GEMS37	agri_aa_oil
AMP_agri_AA_Oil_traits	GEMS39	Zea	mays cultivar:B73	GEMS39			9.499882995	4.082527301	7.08424337	29.16911076	4.61474259	23.18537441	2.611189548	7.096762871	4.258151326	4.538845554	18.00838534	5.816458658	6.961037441	4.123868955	3.369984399	3.672336193	6.174609984	11.72695008	155.9944618	214.610543	90.33080533	8.567597397	81.64160192	34.73588896	7.395946623	5.448195405	14.71101367	3.720954336	2.089156954	13.8581676	23.98159308	23.05523531	16.71033154	9.73354114	7.960704754	4.45285449	70.1488	69.7107	67.1467	white																																GEMS39	GEMS39	agri_aa_oil
AMP_agri_AA_Oil_traits	GEMS4	Zea	mays cultivar:B73	GEMS4			8.573470745	3.784640957	6.41043883	30.04920213	4.227692819	10.68474069	2.29502992	5.614694149	2.413633644	4.522307181	18.57975399	5.694082447	7.248271277	3.465591755	3.303919548	3.217669548	5.539162234	12.03510638	137.6594082	216.1407906	76.41393017	7.229596973	74.83889187	32.98121873	5.874053274	6.749040684	13.27708238	3.871772494	2.316111951	14.27192104	23.42634257	23.05523531	16.25996034	10.29239008	7.850240877	4.345664929	72.3962	71.3157	68.7586	white	0.555026967	0.006536007	0.083586733	1.104432496	2.072539088	0.062417421	0.018856326	0.011913165	0.008038323	0.013187018	3.933958108	14.1400206	0.166166513	2.11336497	28.08616389	52.51793783	1.571421397	0.484899248	0.305770403	0.204154368	0.333074044	86.36915529	6.853193958	0.075257116	0.535304542	33.42722063	4.353209462	1.612991089	2.410861772	0.632218776	0.210165831	GEMS4	GEMS4	agri_aa_oil
AMP_agri_AA_Oil_traits	GEMS40	Zea	mays cultivar:B73	GEMS40			8.14128866	3.544226804	5.905103093	25.35878866	3.883015464	9.234793814	1.984064433	5.095051546	2.069989691	4.100438144	16.30007732	4.822860825	6.535309278	3.189819588	3.928634021	2.953195876	4.868402062	10.38886598	122.3039253	200.7191778	93.15490068	8.742626522	76.61260461	33.95978482	14.06603782	5.887730158	14.43437098	3.840635842	2.085122199	12.59621959	26.77106585	22.81692801	20.11647226	10.47040089	7.700863998	4.38201209	76.5163	73.3218	70.3704	red	0.550029772	0.006391222	0.068633462	0.804365979	2.273705978	0.051601948	0.024021259	0.015769577	0.012080277	0.014043691	3.818603827	14.407112	0.167634113	1.822046049	21.51575063	58.99993478	1.331262724	0.622091705	0.403286587	0.306554512	0.362816988	86.2097357	7.983618429	0.084264393	0.366717164	44.95454666	3.025843479	1.523545385	2.017173354	0.859613668	0.213648872	GEMS40	GEMS40	agri_aa_oil
AMP_agri_AA_Oil_traits	GEMS41	Zea	mays cultivar:B73	GEMS41			6.269620253	3.050958861	5.031360759	19.92851266	3.759968354	20.68322785	0.956231013	5.051107595	2.265303797	3.145329114	11.83294304	3.957689873	4.438512658	2.860332278	2.247958861	2.699142405	4.196803797	8.203607595	110.5786108	189.5811992	75.56090944	9.240487145	78.92886478	33.8922975	10.79659107	5.707476512	13.09265392	4.001184203	2.43311986	16.3200006	21.68126956	22.57862071	19.21239378	9.675694841	8.152535186	4.926634977	72.3962	70.9144	67.1467	red																																GEMS41	GEMS41	agri_aa_oil
AMP_agri_AA_Oil_traits	GEMS42	Zea	mays cultivar:B73	GEMS42			7.974106113	3.828835063	6.83650519	30.01441753	4.176931949	10.60931373	2.215268166	5.50893887	3.030651672	4.524653979	18.94319493	5.772577855	7.518137255	2.969204152	2.644933679	3.235928489	5.373039216	13.48662053	138.6632584	202.127641	86.69230335	8.299219405	76.92561274	32.61003849	13.84562568	6.024474304	14.0424605	3.986588897	2.221295197	13.52716484	26.77106585	27.34476672	21.3641673	10.45430558	8.432444092	4.318893544	71.647	69.3095	66.7437																																	GEMS42	GEMS42	agri_aa_oil
AMP_agri_AA_Oil_traits	GEMS43	Zea	mays cultivar:B73	GEMS43			9.030931587	4.138282387	6.531331878	28.83620815	4.307823872	10.60141921	2.025691412	5.947234352	2.577631004	4.873580786	18.45309316	6.090065502	7.093304221	3.584101164	2.83930131	3.345542213	5.565101892	12.0650655	137.9057096	194.2241857	82.15251301	9.310498795	71.54187289	30.59216774	7.54918554	6.15997532	14.52812211	4.093621138	2.228019789	13.28580866	25.80158085	26.15323021	19.36918968	10.80074062	8.929104741	4.441571378	74.6435	72.1181	69.9675	white	0.39223513	0.005885982	0.081028275	0.647213671	1.537095231	0.048395364	0.018917538	0.010451418	0.008336655	0.013811694	2.75332576	14.35676331	0.21656004	2.848394517	24.09084931	54.70754368	1.778027942	0.680840592	0.371526479	0.28424163	0.50029378	71.3208013	5.23748812	0.118279709	0.441623939	34.84830941	4.22880612	1.834517021	2.361485407	0.643545558	0.232386243	GEMS43	GEMS43	agri_aa_oil
AMP_agri_AA_Oil_traits	GEMS44	Zea	mays cultivar:B73	GEMS44			8.205734266	3.939055944	6.106293706	27.75241259	3.958706294	9.93520979	1.654185315	5.734300699	2.060423077	4.549265734	17.91758741	5.646748252	6.869825175	3.411262238	2.496517483	3.147590909	4.792552448	11.62034965	129.798021	175.7807311	61.9808546	8.8048591	67.53536881	31.8001907	5.317775016	4.686867937	13.29091452	3.977831714	2.450267571	14.72704983	23.25447932	24.48507911	19.39254226	9.343020196	7.993843917	4.799810173	68.6506	66.0997	63.52		0.403072051	0.006465094	0.038105143	0.677536729	1.584735595	0.04957933	0.01214631	0.011061552	0.009000725	0.007947562	2.776924253	14.1345687	0.213162727	1.473283584	24.89136852	56.23120882	1.66333894	0.448825222	0.382991497	0.30309547	0.247093564	69.22663887	9.764257114	0.058501386	0.447004412	33.52385146	3.243986904	1.169467144	1.538837412	1.360239374	0.200260211	GEMS44	GEMS44	agri_aa_oil
AMP_agri_AA_Oil_traits	GEMS45	Zea	mays cultivar:B73	GEMS45			7.189793165	3.233732014	5.739703237	24.78844424	3.822279676	19.0868705	0.668646583	4.754856115	1.688758993	3.679667266	14.51839029	4.942041367	4.91528777	2.669689748	2.849042266	2.867823741	4.590152878	9.520638489	121.5258183	186.1915332	60.61900526	7.867480896	73.50339051	37.57035624	10.75985572	4.720077229	14.7967729	3.780308579	2.374615905	13.71335389	24.70870683	24.00846451	19.90296295	9.55095617	8.4621314	5.074512714	68.276	66.9021	65.1318	white	0.528694139	0.006931225	0.061270158	1.227789843	2.402741204	0.046458241	0.01877516	0.017537828	0.008867073	0.009714185	4.32528996	12.40268595	0.162469671	1.472749186	28.43125971	55.14508065	1.070201142	0.443698979	0.400070576	0.206267808	0.234970355	77.92546152	8.624812483	0.051999695	0.514625429	52.61660438	3.311016018	1.090435582	2.174241029	1.063284847	0.174374949	GEMS45	GEMS45	agri_aa_oil
AMP_agri_AA_Oil_traits	GEMS46	Zea	mays cultivar:B73	GEMS46			7.625951087	3.415067935	6.000317029	23.5214221	3.642259964	23.48052536	0.596200181	4.871875	1.404474638	3.673709239	14.9754529	5.132110507	5.557563406	3.04089221	3.688740942	2.850597826	4.927581522	8.78736413	127.192106	181.062468	52.40122124	8.772770427	74.72412222	29.47187829	7.931233249	5.315891005	10.22786515	3.772524416	2.268367344	12.45830177	18.06773452	24.72338641	12.01646279	9.725992692	9.007105557	5.069102553	72.0216	67.7046	64.7289	white	0.549565687	0.008550502	0.076774072	0.871297401	1.912659566	0.057242437	0.01903602	0.008614207	0.009230209	0.008921888	3.511387175	15.47888274	0.232798129	2.180160215	25.16632457	54.01343543	1.582209968	0.542062467	0.257138548	0.253939394	0.240275676	68.64537251	7.209551508	0.086707595	0.469261742	33.91709385	4.038952568	2.223766742	2.153272963	1.166965522	0.231010754	GEMS46	GEMS46	agri_aa_oil
AMP_agri_AA_Oil_traits	GEMS47	Zea	mays cultivar:B73	GEMS47			8.175483425	3.677831492	5.422755525	27.93542818	4.611912983	9.917092541	2.52703384	5.465883978	3.556008287	3.928487569	16.34934392	5.48304558	5.88926105	3.087672652	2.658176796	3.008214779	5.173377072	10.34337017	127.2103798	170.7778629	56.39163815	8.699841625	69.58035527	29.80931487	7.563879682	4.901218824	14.13928544	3.813391271	2.179938953	13.6306032	26.40089885	24.48507911	15.97972937	10.54488207	8.181632507	4.402080488	66.7778	64.4948	61.5051	red	0.541645382	0.006955172	0.080136515	0.728765129	2.11409556	0.044892576	0.018567415	0.014266041	0.008338843	0.011090598	3.565125597	15.30172711	0.195979495	2.244131013	21.27289952	58.19972916	1.23576742	0.529275429	0.393235508	0.229919173	0.310931148	80.68361207	6.858219881	0.107075832	0.382120837	49.74041569	4.271413596	1.323185341	2.299622157	0.854352616	0.231597965	GEMS47	GEMS47	agri_aa_oil
AMP_agri_AA_Oil_traits	GEMS48	Zea	mays cultivar:B73	GEMS48			6.863747954	3.677168576	6.14304419	25.80740589	4.248404255	21.88379705	2.781771686	6.679459902	4.292839607	3.968105565	16.58261047	5.492757774	5.848281506	2.713289689	3.22163257	3.528424714	4.402414075	11.44545827	139.5806137	204.2774005	68.74815236	9.730568696	72.96084308	35.45800324	5.417485269	5.222656361	13.77811303	4.218167746	2.412946083	14.83048819	24.12701583	23.53184991	21.0906085	10.44725183	7.905472815	4.458496046	70.8979	68.9083	67.5496	red	0.534206633	0.006759913	0.083139231	0.72740994	2.106973949	0.049252514	0.018204508	0.01049804	0.007920138	0.01015393	3.550445968	15.2977539	0.191568905	2.303977356	20.96693617	58.4480797	1.384725052	0.52161644	0.302114062	0.220352409	0.293565586	80.21299091	6.75062295	0.109313879	0.360087376	43.76515553	4.454031641	1.771331006	2.374148275	0.869177166	0.231156918	GEMS48	GEMS48	agri_aa_oil
AMP_agri_AA_Oil_traits	GEMS49	Zea	mays cultivar:B73	GEMS49			7.326621271	3.253404669	5.591018158	27.7	3.833819715	24.76271077	0.58461738	4.885927367	1.991345655	3.949935149	16.82172503	5.318190661	6.460830091	2.741177043	6.754961089	2.978654345	5.238359274	11.44422827	141.6375259	216.4779039	81.70406281	8.279771725	72.91910867	32.4413202	5.952771896	6.067983805	12.03833788	3.899017064	2.412946083	15.07874026	21.92364081	22.3403134	18.46177511	9.800872337	7.371564077	4.365410375	72.0216	70.5132	68.3556	red																																GEMS49	GEMS49	agri_aa_oil
AMP_agri_AA_Oil_traits	GEMS5	Zea	mays cultivar:B73	GEMS5			8.003837025	3.694640032	7.042207278	29.31693038	4.112697785	28.12492089	0.96116693	5.621637658	1.696447785	4.476859177	18.25601266	5.583267405	6.535126582	3.268006329	2.646993671	3.459098101	5.740625	10.99378956	149.5342642	196.4311311	66.74197398	9.057678948	80.80691357	33.85855384	10.53944358	6.430266995	13.04193609	3.894151962	2.547101703	13.56854018	20.51788754	23.77015721	26.5184155	9.659476823	7.780280421	4.311815595	69.7742	67.3034	65.5348	red																																GEMS5	GEMS5	agri_aa_oil
AMP_agri_AA_Oil_traits	GEMS50	Zea	mays cultivar:B73	GEMS50			8.391035549	3.99049459	6.69068779	29.62051777	4.648338485	10.6507728	2.089030139	5.852550232	2.888767388	4.820826893	18.61433539	6.284930448	7.00316847	3.446271252	2.580112056	3.611387172	5.942426584	12.59339258	139.7190456	187.3758424	70.37784318	8.236986827	71.24973197	25.49012663	8.041439319	6.121260744	12.59008636	3.801715027	2.256599307	12.90653467	22.34228206	24.96169371	17.47095846	10.12069552	8.192678895	4.486703825	72.7707	69.3095	66.7437	red	0.445914855	0.007492565	0.051500969	0.827541343	1.672262376	0.062420754	0.012508699	0.011485528	0.005724158	0.009238462	3.09752807	14.37691358	0.236895867	1.692377175	26.80788264	53.60309863	1.979000091	0.419805795	0.364249244	0.179724052	0.288644576	63.94906444	8.584155678	0.063355411	0.500583984	27.20273249	4.0220016	1.14160269	2.45799534	0.659565887	0.205131978	GEMS50	GEMS50	agri_aa_oil
AMP_agri_AA_Oil_traits	GEMS51	Zea	mays cultivar:B73	GEMS51			9.581323283	4.62638191	7.840577889	31.95460637	5.746105528	25.09233668	3.013383585	7.848241206	4.687772194	5.020603015	18.95464824	6.382914573	6.863902848	4.76059464	3.966306533	4.401340034	7.801130653	12.93379397	171.4759631	209.0587624	81.05288856	8.349783375	79.63834988	33.8922975	5.46996435	5.906377087	13.18794196	3.911990669	2.32552638	12.7341374	26.33039085	23.53184991	18.76869474	9.514741717	8.163137796	4.593008374	73.8944	69.7107	67.1467	red																																GEMS51	GEMS51	agri_aa_oil
AMP_agri_AA_Oil_traits	GEMS52	Zea	mays cultivar:B73	GEMS52			7.629244652	3.423897059	5.843315508	26.33238636	3.845053476	9.565508021	1.829749332	5.161798128	1.906400401	4.259124332	16.89334893	5.160394385	6.471557487	2.990621658	2.143362299	3.08959893	5.548462567	11.64338235	123.7372059	188.5063194	66.67176652	7.595213368	75.73618185	32.0363963	6.718966478	5.732339084	12.16129019	3.743333805	2.316111951	13.34097579	20.10805979	22.57862071	16.17989435	10.31347159	8.309453815	4.883353688	72.7707	70.11197	67.5496	white																																GEMS52	GEMS52	agri_aa_oil
AMP_agri_AA_Oil_traits	GEMS53	Zea	mays cultivar:B73	GEMS53			10.23125	4.040884615	7.455432692	32.37706731	4.931490385	28.79985577	0.930533654	5.912211538	1.4576009619999999	4.653908654	18.72533654	6.167740385	6.847115385	3.744100962	4.638740385	3.270254808	6.561201923	12.08052885	162.8252548	182.2670747	54.39774608	8.610382294	73.19038238	30.41670071	8.81288181	6.49686317	11.76015829	3.827662237	2.412946083	14.63050736	22.21007956	23.29354261	16.9138326	9.136501876	7.817492708	4.434310314	71.647	67.3034	65.5348	red	0.637580728	0.007938205	0.086177116	1.646727703	1.930027986	0.054666342	0.022583042	0.017900893	0.008793236	0.01198165	4.421797295	14.45714828	0.181113169	1.963107066	36.83253744	43.85449248	1.23061052	0.51470935	0.399323679	0.201464769	0.275272981	82.41008455	7.447047237	0.054821084	0.849138727	35.69805559	3.84594438	1.26887507	2.602185244	0.760501919	0.212063878	GEMS53	GEMS53	agri_aa_oil
AMP_agri_AA_Oil_traits	GEMS54	Zea	mays cultivar:B73	GEMS54			6.541311755	2.976631175	5.121805792	22.24646508	3.433884157	21.40306644	0.404425468	4.538415673	1.98580494	3.497776831	14.23926746	5.47725724	5.437223169	2.620310903	2.99761925	2.405689949	4.291183986	8.568867121	118.1870064	183.4902137	69.62048013	7.960829763	64.19661541	31.29403583	9.5843243	5.291028433	14.2453318	3.4708881	2.127823361	13.06514016	26.68293085	20.1955477	16.52684698	8.502748951	7.976531859	4.445130636	73.5199	70.11197	67.5496	red	0.753168799	0.008166893	0.088194977	1.448222063	2.372521037	0.068293456	0.02115952	0.015257763	0.008579683	0.010984816	4.798205788	15.71659737	0.17251038	1.861264828	29.98313058	49.59732996	1.434106909	0.448196149	0.321225858	0.185030344	0.234849588	90.90642029	8.470023066	0.062684145	0.605410537	34.60509445	4.145261587	1.402885476	2.52348552	0.80564884	0.226848176	GEMS54	GEMS54	agri_aa_oil
AMP_agri_AA_Oil_traits	GEMS55	Zea	mays cultivar:B73	GEMS55			6.678555718	3.216158358	5.829325513	22.88640029	3.838709677	7.847947214	2.004061584	4.725183284	2.207708944	3.7646261	13.9856305	4.67771261	5.487829912	3.031033724	3.587437683	2.758980938	4.836620235	9.901906158	111.2658284	185.6699782	74.87199867	8.750405595	57.4773742	25.52387028	8.041439319	5.061049644	11.64950121	3.675222378	2.301990306	15.07874026	21.2185608	20.9104696	16.00975412	8.889036449	7.529101715	4.538906763	68.6506	66.9021	63.9229	white	0.518667894	0.006454201	0.059803452	0.885989078	1.764624222	0.058841532	0.014854872	0.011331343	0.00663685	0.009878797	3.330442228	15.6170806	0.195844586	1.800062305	26.83109328	52.46986536	1.743798028	0.462219373	0.338101392	0.195868952	0.297283352	81.71293409	8.775363675	0.067032283	0.510546422	30.21369666	3.939891015	1.363235043	2.40595981	0.706468141	0.225906452	GEMS55	GEMS55	agri_aa_oil
AMP_agri_AA_Oil_traits	GEMS56	Zea	mays cultivar:B73	GEMS56																						195.0791476	69.67576852	7.595213368	70.33157478	33.45362995	6.886899537	5.51479158	12.62236134	3.782254619	2.286859973	11.76871269	22.80499082	29.01291782	17.78121418	9.243133321	8.192825104	5.260261579	72.0216	69.3095	66.7437	red	0.750014777	0.009875359	0.11506225	0.931227916	2.43950057	0.061049903	0.024829093	0.011784022	0.008947899	0.014034375	4.37277844	17.15976389	0.222663512	2.55011157	21.67940224	55.5315781	1.395375321	0.564802879	0.278675538	0.207314558	0.322062413	77.84420603	6.768233196	0.117590096	0.394980125	39.96326972	4.559835314	2.106085214	2.785540747	0.652810973	0.263994285	GEMS56	GEMS56	agri_aa_oil
AMP_agri_AA_Oil_traits	GEMS57	Zea	mays cultivar:B73	GEMS57			7.224866785	3.650999112	6.266918295	28.10697158	3.945825933	25.18099467	0.512917407	4.838987567	1.892957371	4.142357904	17.64804618	6.363188277	7.047158082	2.874773535	4.535834813	2.919236234	4.97553286	11.86438721	143.9919538	200.0087687	73.78553812	7.808165471	72.59566693	34.33096506	8.247157317	5.402910007	13.71971069	3.534134425	2.088484495	12.18246614	25.80158085	25.91492291	14.21827756	9.589182537	8.625411595	4.798594497	70.8979	67.7046	64.3259	red	0.605742398	0.006633911	0.089809794	0.671375894	2.17480386	0.05997618	0.018508711	0.009203836	0.007994003	0.011502333	3.654621938	16.49459449	0.180302146	2.421059397	19.04222173	58.88837867	1.616079197	0.51106963	0.258411704	0.216415712	0.308420634	90.79131245	6.906121675	0.126711373	0.325807794	36.48356829	4.756798758	2.069332877	2.376395678	0.727511953	0.250314903	GEMS57	GEMS57	agri_aa_oil
AMP_agri_AA_Oil_traits	GEMS58	Zea	mays cultivar:B73	GEMS58			7.638368669	3.888515901	6.757008245	26.78733804	4.185217903	9.582332155	1.791439929	5.685541814	0.605509423	4.308627797	16.59970554	5.548969376	6.661660777	3.37573616	2.915435807	3.184010601	4.961366313	11.04478799	125.5215724	179.0547902	66.29089101	8.579266005	71.85488102	29.97803316	10.20882536	5.676398298	12.9666278	4.100107941	2.493641192	13.56164429	23.15753082	25.43830831	16.20658301	9.61533742	8.633893683	4.560547407	70.5234	66.5009	64.3259	red																																GEMS58	GEMS58	agri_aa_oil
AMP_agri_AA_Oil_traits	GEMS59	Zea	mays cultivar:B73	GEMS59																						206.0997542	77.4898596	8.937103328	70.20637153	33.38614263	4.367903649	6.049336876	15.37034542	3.788741422	2.363184098	12.70655384	26.15412085	24.72338641	19.4626	9.191525002	8.892283448	4.819555618	72.7707	69.7107	67.1467																																	GEMS59	GEMS59	agri_aa_oil
AMP_agri_AA_Oil_traits	GEMS6	Zea	mays cultivar:B73	GEMS6			7.52381135	3.428190184	5.803872699	27.31342025	4.351610429	10.01307515	2.268125	5.113305215	2.943891871	3.652185583	15.77358129	4.840529141	5.605099693	2.98169862	2.196683282	2.993646472	5.073734663	10.38167178	122.2581327	192.1695592	67.07721464	8.637609047	78.30284852	35.91691699	12.78030033	5.63910444	13.05269442	3.767659314	2.231382085	12.07902778	23.53210457	24.00846451	17.04727593	8.834669656	8.520388396	4.427467489	70.8979	68.9083	66.3407		0.660130178	0.007253759	0.081184593	1.178548768	2.216239433	0.067884477	0.021437646	0.014672972	0.00839979	0.01297074	4.269193798	15.46765135	0.170822017	1.919621124	27.66006129	51.79505508	1.585666961	0.506205323	0.343283892	0.198734102	0.305303405	89.98646922	8.10596298	0.069506938	0.532833412	32.679182	3.805585205	1.47504685	2.609423284	0.665454091	0.226175632	GEMS6	GEMS6	agri_aa_oil
AMP_agri_AA_Oil_traits	GEMS60	Zea	mays cultivar:B73	GEMS60			7.131652361	2.957167382	5.566738197	22.53612303	3.308569385	19.65032189	2.196741774	5.654542203	3.299978541	3.40973176	13.99835479	4.125572246	5.168347639	2.398919886	2.675089413	2.192786123	3.556244635	8.341130186	118.1680114	195.5424579	73.69339082	8.5248125	73.67032818	34.06101579	8.849617167	4.762698781	12.8467493	3.688195983	2.123788605	12.7341374	22.65075456	21.8636988	16.33335416	9.72680802	8.35837471	4.912641289	69.7742	66.9021	64.7289	red																																GEMS60	GEMS60	agri_aa_oil
AMP_agri_AA_Oil_traits	GEMS61	Zea	mays cultivar:B73	GEMS61			8.277091255	3.844477186	6.908840304	30.00351711	4.348697719	27.73065589	0.91388308	5.980513308	2.11273289	4.800237643	19.15541825	5.955228137	6.859220532	3.28230038	4.435285171	3.410442015	5.415114068	11.66321293	155.0968679	212.8579065	89.26014146	8.085294919	71.04105988	32.8462441	11.64150428	5.869083229	13.54911436	3.945722042	2.382685416	17.18888284	25.67378509	19.4806258	18.34167612	9.894993472	8.001978123	4.60743547	72.3962	70.5132	68.3556	white	0.577819333	0.007091334	0.079268943	0.888772957	2.001389814	0.066235498	0.017536063	0.01321171	0.007492218	0.011196318	3.663145664	15.74291201	0.190028029	2.121037027	24.4791396	54.24316327	1.811707112	0.486394905	0.35556993	0.20108218	0.296335348	82.83581836	7.513531898	0.086120238	0.453848443	30.59561199	4.365276441	1.367117222	2.475446599	0.682026591	0.23326926	GEMS61	GEMS61	agri_aa_oil
AMP_agri_AA_Oil_traits	GEMS62	Zea	mays cultivar:B73	GEMS62			9.693359375	4.330247396	7.940842014	34.85056424	4.432595486	32.92395833	0.82515625	6.6078125	2.069296875	5.490017361	22.59813368	6.675477431	7.975954861	3.517491319	3.471605903	3.977365451	5.916840278	13.07048611	176.3672049	195.1841646	84.3271893	7.599102904	70.08116828	32.10388362	6.503802246	5.085912215	12.17512232	3.611003034	2.166825997	13.11341139	20.38568504	22.1020061	15.96187617	9.571946267	8.11903631	4.718007613	69.0251	66.5009	64.3259		0.604127419	0.00738855	0.09244986	0.960605632	2.034712705	0.067130757	0.016695096	0.010123448	0.007502734	0.009962375	3.805780257	15.76223208	0.190468498	2.388553315	25.52618286	53.14187758	1.749519442	0.450986847	0.276009663	0.196891781	0.254967424	83.99321059	6.75632762	0.093885854	0.483158302	30.0297972	5.355671061	1.679779091	2.347025503	0.810615128	0.236510246	GEMS62	GEMS62	agri_aa_oil
AMP_agri_AA_Oil_traits	GEMS63	Zea	mays cultivar:B73	GEMS63			7.66444704	3.748259346	6.74521028	26.20155763	4.40144081	9.064252336	2.319474299	5.392406542	2.535471184	4.34661215	15.82422118	5.696923676	6.121495327	3.538169782	4.683411215	3.073609813	5.374805296	11.39746885	128.1292368	192.3425284	62.77700728	8.190312394	69.91423061	31.3952668	8.4822636	5.980964803	11.40052279	3.917504451	2.354442128	14.52017311	21.5094063	21.6253915	15.72822187	10.09712961	7.780280421	4.387976598	73.5199	69.7107	66.3407	red	0.657721679	0.008521542	0.081942025	0.87521786	2.232667945	0.06966555	0.017409015	0.011910359	0.007289696	0.011082993	3.974695353	16.49916277	0.212074994	2.062476013	22.43827302	55.78123353	1.743005835	0.447546875	0.302798401	0.185295084	0.277449423	78.32070603	8.051004685	0.091117345	0.404084086	31.98205527	4.696066036	1.480300753	2.461833742	0.677308672	0.242666501	GEMS63	GEMS63	agri_aa_oil
AMP_agri_AA_Oil_traits	GEMS64	Zea	mays cultivar:B73	GEMS64																						206.9425376	70.26551124	7.606881977	68.87087017	31.21979978	10.90679714	6.289971054	11.07930988	3.67846578	2.106977124	13.56164429	24.56769083	19.9572404	20.1954696	10.27725714	7.465486054	4.239544514	74.6435	68.9083	66.7437	white																																GEMS64	GEMS64	agri_aa_oil
AMP_agri_AA_Oil_traits	GEMS65	Zea	mays cultivar:B73	GEMS65			8.109279476	3.789274017	6.726009825	28.60616812	4.18220524	10.16547489	1.976675764	5.255567686	2.032246179	4.283542576	17.62835699	5.619650655	7.178930131	3.32246179	2.411048035	2.965092795	5.457014192	11.48250546	131.1915038	200.1579105	71.74250082	7.669114554	71.06192709	31.96890899	7.380202899	5.604474429	12.14284734	3.918477471	2.421015594	13.77541691	20.7955128	21.3870842	18.54876309	9.331657539	7.391267784	4.445130636	72.7707	69.7107	65.9378	red	0.723803915	0.006941642	0.090384248	1.143314429	2.368348676	0.068172804	0.020864074	0.01577027	0.008317926	0.011401445	4.460865828	16.27363822	0.159833447	2.034400748	25.784718	52.86889581	1.542463768	0.473702631	0.353029042	0.189456436	0.261460674	101.3668831	8.009978583	0.07873072	0.4870298	34.54068783	4.295454684	1.335336889	2.567073772	0.736201306	0.239039005	GEMS65	GEMS65	agri_aa_oil
AMP_agri_AA_Oil_traits	GEMS66	Zea	mays cultivar:B73	GEMS66																						178.0893399	64.77440972	7.921934402	70.15072564	28.86449244	7.967968606	5.980076854	11.77860113	4.210383583	2.660074857	15.18217862	19.76433329	24.24677181	21.94464574	9.28739543	7.401870394	4.481198377	72.7707	69.7107	67.1467	white	0.643117679	0.007303981	0.080901726	0.867570066	2.518546312	0.065966658	0.01887655	0.014018612	0.007618301	0.011527752	4.237959112	15.18480518	0.173177862	1.923957022	20.95101506	58.9345032	1.550957493	0.453413949	0.331737744	0.182822633	0.273376097	87.67996442	7.937076114	0.090922519	0.356872659	38.07179345	4.237653747	1.369484917	2.626316963	0.685114231	0.22066246	GEMS66	GEMS66	agri_aa_oil
AMP_agri_AA_Oil_traits	GEMS9	Zea	mays cultivar:B73	GEMS9			6.974652778	3.360672743	5.409418403	21.9530816	3.800325521	20.71779514	0.760034722	4.982291667	1.368103299	3.509587674	13.26909722	4.386024306	4.712847222	3.258068576	2.032960069	2.925499132	4.427994792	8.386458333	116.2349132	188.7595957	65.0008288	7.455190068	73.46165609	34.73588896	11.01700321	6.049336876	13.06037894	3.719008295	2.07503531	12.2859045	24.58972458	22.81692801	15.47931692	9.522789374	8.332779557	4.578581278	72.7707	71.7169	67.9526	red	0.60903319	0.008428344	0.076742576	1.113439379	1.826211052	0.067041673	0.016627985	0.010791629	0.006670384	0.011828225	3.74360669	16.21712332	0.221862307	2.054804622	29.75344109	48.67854848	1.772702054	0.454476333	0.292135727	0.178503961	0.312497014	74.2022585	7.929170355	0.069398801	0.61045893	27.48855943	4.515325698	1.582796409	2.688152492	0.587796525	0.238654117	GEMS9	GEMS9	agri_aa_oil
AMP_agri_AA_Oil_traits	GY1032	Zea	mays cultivar:B73	GY1032			10.82706065	4.777410575	8.352060653	36.41897356	5.284720062	36.94292379	0.929638414	7.567729393	2.224708398	5.886664075	25.08059876	7.364307932	8.815241058	3.997861586	3.411022551	3.875606532	6.138141524	13.73207621	191.6267457	163.1628926	64.01048044	8.191858203	67.06295726	31.84375119	13.70476861	5.084609643	11.31068684	3.328977551	2.095115853	13.14472476	18.79657059	20.6775396	15.06673994	8.240647641	7.223474063	4.675577267	73.2038	69.1316	64.0239	red	0.903138519	0.013245213	0.161588248	2.940205021	5.099131926	0.101724367	0.032976368	0.026464987	0.011207905	0.016950215	9.327084611	10.04346752	0.148276902	1.769101826	31.1126277	54.77274777	1.119935753	0.369846536	0.293009496	0.134254129	0.200742986	70.25921799	5.805021609	0.057908928	0.567106891	48.97002955	4.874172464	1.261427582	2.914639262	0.666013007	0.145105983	GY1032	GY1032	agri_aa_oil
AMP_agri_AA_Oil_traits	GY220	Zea	mays cultivar:B73	GY220			9.980587748	4.534395695	7.504097682	32.24180464	5.538783113	12.0852649	2.779076987	7.164900662	3.783894868	5.678849338	20.59627483	7.387582781	7.650248344	4.308857616	3.157636589	3.95276904	6.903104305	13.82044702	159.0685762	172.461925	63.51346984	8.343658974	67.70599244	29.12101848	13.88052884	4.740500056	11.97366707	3.537813679	2.214870488	13.26951406	21.94567456	22.66872192	12.82713095	8.683174462	8.082215018	4.320277928	70.8845	68.6119	64.3968	red	1.334378224	0.01294747	0.277076357	3.581135477	5.179559916	0.087592427	0.055445233	0.033588182	0.013711891	0.014322801	10.65849927	13.09423343	0.147292564	2.527832142	32.793972	49.21150534	0.949281662	0.523112532	0.326915044	0.151607312	0.186871756	94.9370286	5.566259633	0.078472072	0.664680909	54.86067155	4.860795617	1.612404703	3.726645255	0.936239614	0.199642175	GY220	GY220	agri_aa_oil
AMP_agri_AA_Oil_traits	GY237	Zea	mays cultivar:B73	GY237			11.11880499	4.775806452	8.851136364	35.25223607	5.713159824	12.67866569	2.598618035	7.436803519	3.304765396	5.550989736	21.54728739	7.215029326	8.074376833	4.524596774	2.582562317	4.270967742	7.614992669	13.39516129	166.5059604	194.7194213	55.38431829	7.306134669	65.71105936	27.88648611	7.848158682	5.953438384	10.67238311	3.867708516	2.441503025	15.17182412	19.24593382	21.70981054	13.57774962	8.49128055	7.636677381	4.593893385	67.2548	65.5513	63.9123	white	1.560323261	0.01664612	0.286542171	4.833459863	5.766285767	0.07712784	0.063238826	0.040601253	0.015279173	0.015899723	12.70659065	12.69193802	0.139596484	2.252614089	37.24894481	45.85021321	0.643857954	0.509836419	0.3285818	0.137141866	0.149447026	92.45804632	5.767595146	0.06200582	0.814158624	72.97511653	4.472407199	1.553744096	4.0054175	0.952370088	0.18823445	GY237	GY237	agri_aa_oil
AMP_agri_AA_Oil_traits	GY386	Zea	mays cultivar:B73	GY386			10.65929355	4.599451303	7.082475995	35.58161866	5.939060357	13.11848422	2.912983539	7.391015089	3.921433471	4.800823045	20.00949931	6.478326475	6.911556927	4.384739369	2.470984225	4.29266118	7.678840878	13.39087791	161.6241255	203.9280116	73.40543764	8.912127082	71.15111673	32.24818024	9.928637993	5.275045351	13.34456242	3.719981316	2.319801832	12.79149769	22.43482381	24.00846451	18.02141215	8.885168054	8.999065196	4.892895844	67.9573	65.0135	61.9041	red	1.277426213	0.013969443	0.388083402	3.998736312	5.211401124	0.093800317	0.058712607	0.030936684	0.013225691	0.015334587	11.14084135	12.02465642	0.142721603	3.388501427	35.07840298	47.21292323	0.896224975	0.544040265	0.288918602	0.135876668	0.171720431	90.97464671	3.909930905	0.098238251	0.743899789	53.81292322	6.481399521	1.893658358	4.289153295	0.851954995	0.197032992	GY386	GY386	agri_aa_oil
AMP_agri_AA_Oil_traits	GY386B	Zea	mays cultivar:B73	GY386B			11.08849206	4.923531746	8.592103175	36.00277778	6.011944444	36.65670635	1.538087302	8.316587302	3.681694444	5.430873016	21.6890873	7.021309524	7.262896825	4.410674603	3.849551587	4.266031746	7.522460317	13.44873016	191.7135397	197.1829806	71.54437705	8.463542595	68.03037027	32.28960307	10.49456873	5.662230592	12.57523167	3.86852104	2.386102356	13.76726354	21.43557413	24.93624004	16.17130032	9.087161646	8.277367867	4.602355719	70.1526	67.8678	64.5694	red	1.194855094	0.013145241	0.326158418	3.732930335	4.882672008	0.080042087	0.062458353	0.029930963	0.013760344	0.013728613	10.38252573	11.56229135	0.141957381	3.04997012	35.8711976	47.26962724	0.84109052	0.593025793	0.288819848	0.13653553	0.154410471	88.49639905	4.147483402	0.085496799	0.757068421	59.82183268	5.174962592	2.046587086	4.307721608	1.006641424	0.18486381	GY386B	GY386B	agri_aa_oil
AMP_agri_AA_Oil_traits	GY462	Zea	mays cultivar:B73	GY462			10.50720833	4.944583333	7.266	38.31	5.889125	13.82254167	3.348591667	7.630791667	3.520545833	5.119166667	21.78533333	6.576833333	7.067916667	4.192291667	3.232429167	4.509791667	7.466791667	13.99345833	169.1834	188.2256303	61.23186837	7.498355791	68.88843732	32.6603791	10.95649311	5.864535211	13.86552511	3.721450307	2.464476045	13.84280136	21.48849603	22.74494531	21.25180982	8.240647641	8.131777152	5.275965224	67.7432	66.2378	61.5694	white	1.415366924	0.013477125	0.292789982	3.904552517	4.76478036	0.060619508	0.054055046	0.031569571	0.012998433	0.01562915	10.58966863	13.67038432	0.13478782	2.740298595	36.21853729	45.44362972	0.598259578	0.51862562	0.307366526	0.137609663	0.168646287	103.0604033	5.117692761	0.077016494	0.79823078	77.32878622	5.355712209	1.700810604	4.053338929	0.825470272	0.209572324	GY462	GY462	agri_aa_oil
AMP_agri_AA_Oil_traits	GY798	Zea	mays cultivar:B73	GY798																						186.3385206	67.38000836	7.486756309	73.68343032	34.27531121	13.14624203	5.154639468	12.28242728	3.634704236	2.365799133	14.58649795	21.3507633	19.7189331	16.07870332	7.76073706	6.955483474	4.718007613	73.5143	67.3234	62.2426		1.056637885	0.012327888	0.193470026	2.830599328	3.70676237	0.080960953	0.040612836	0.028612696	0.011116007	0.01544746	8.014146409	13.62350881	0.172216231	2.372351432	34.41695223	46.94870632	1.110168376	0.51140719	0.360050781	0.157576282	0.232798144	82.57704131	6.041563252	0.07061611	0.731234607	43.33326458	4.664247367	1.418901398	3.463863203	0.707224672	0.205320227	GY798	GY798	agri_aa_oil
AMP_agri_AA_Oil_traits	GY923	Zea	mays cultivar:B73	GY923																						165.2222284	54.98865042	7.962813345	62.59228944	27.86246797	9.026077115	5.993396089	11.98377195	3.529642187	2.446054842	13.78167446	24.78802833	21.1487769	15.49456757	8.632676064	7.367881948	4.461316824	72.7047	70.13327	66.1437	red	1.384191841	0.016407054	0.240696911	3.961233777	4.605358825	0.07855989	0.050078526	0.03572732	0.0149157	0.017429388	10.42392534	13.42556947	0.163911167	2.303236303	37.7472561	44.37479736	0.778883026	0.484462061	0.34346978	0.149559008	0.180155879	83.67919201	5.938353666	0.061724745	0.85036788	57.90972873	4.824730711	1.418327313	3.305628819	0.850082172	0.199217968	GY923	GY923	agri_aa_oil
AMP_agri_AA_Oil_traits	HB	Zea	mays cultivar:B73	HB			8.340190337	3.608213763	6.408308931	29.00505124	3.560212299	29.09348463	0.643696925	5.94114202	1.402994143	4.631076135	19.73308931	5.353221083	6.712188873	2.92329429	2.821958272	2.801522694	4.032759883	10.65420937	147.6666142	154.290278	51.6945836	6.934474886	55.09213006	25.22123442	6.786806392	6.124692776	9.563033157	3.475972459	2.18666508	10.7222103	18.59739496	20.42132526	10.72275396	8.189000612	8.757166164	4.515208739	65.6017	64.5683	60.5653	white	0.657339731	0.007193275	0.129528981	1.502292712	1.789176528	0.051346524	0.018729545	0.011839683	0.005842116	0.009141514	4.18148367	15.72910073	0.170644913	3.045310535	35.97225451	42.69388583	1.217597357	0.451373945	0.287377502	0.141275171	0.217155521	93.44084385	5.278705294	0.085852711	0.845586775	35.21545156	6.824290621	1.582317432	3.313046715	0.663194364	0.244620526	HB	HB	agri_aa_oil
AMP_agri_AA_Oil_traits	HSBN	Zea	mays cultivar:B73	HSBN			6.994614883	3.045848564	5.171964752	22.95972585	3.587532637	20.64229765	0.491259791	4.502056136	1.75589752	3.477480418	13.40345953	4.831755875	5.458942559	2.832477154	2.983625979	2.686298956	4.93002611	9.476403394	119.2316678	134.984846	43.81031189	6.715704409	65.69621674	26.43312516	8.269575491	4.685892871	12.31983302	3.46065289	2.280075063	12.36363365	22.14186444	19.03959793	12.27366702	7.557759146	7.915869041	4.573524567	64.531	59.8936	56.5489	white	0.748036776	0.013355405	0.100638854	1.190240884	2.143089608	0.056179682	0.020568937	0.011709894	0.007558904	0.012406429	4.305820618	17.3722232	0.310492358	2.331384457	27.66852007	49.74020018	1.304761426	0.479166662	0.273314354	0.175582084	0.288351677	57.98935854	7.494381655	0.084447756	0.558666721	38.32174897	4.875650755	1.764449153	2.796080151	0.615965177	0.260959861	HSBN	HSBN	agri_aa_oil
AMP_agri_AA_Oil_traits	HTH-17	Zea	mays cultivar:B73	HTH-17																						132.5412817	35.31791862	8.006450224	58.44737379	28.49573656	4.099470428	5.2323331809999996	10.47754424	3.506976347	1.931741421	10.23166999	19.77578625	27.42967861	8.89072302	8.889104784	8.331306027	5.181864683	71.0624	66.9056	64.6933	white	0.558622418	0.007739832	0.087801003	1.413141746	1.850911388	0.042048241	0.021323749	0.015898437	0.008399777	0.012577068	4.017086438	14.00721613	0.192018005	2.157628507	34.86600703	46.20177386	1.033684925	0.528949913	0.398794279	0.213411334	0.316712636	73.91475321	6.637429697	0.062246722	0.758645017	45.46323712	4.090514058	1.345404435	2.550127987	0.674148844	0.20953796	HTH-17	HTH-17	agri_aa_oil
AMP_agri_AA_Oil_traits	HU803	Zea	mays cultivar:B73	HU803			9.635409699	4.379974916	7.440217391	31.79397993	5.041011706	30.87311873	0.912328595	6.633319398	1.808837793	5.232190635	20.45330268	6.69569398	7.390384615	3.993908863	2.699439799	3.963599498	6.636078595	13.35581104	168.9386079	129.309528	44.09781162	9.008419009	70.60586716	26.22803596	6.485176601	4.491663775	13.07426044	3.749536183	2.395069823	12.19383123	19.34341565	25.69690053	13.29093258	8.633738918	8.797369743	5.677549222	72.026	70.3559	69.3792	white	0.795955175	0.010257784	0.04805822	0.955443771	2.084236529	0.066492404	0.018468285	0.013857538	0.010794322	0.017094604	4.023907128	19.86818789	0.253771651	1.214097686	23.60820979	51.87418586	1.664942194	0.458277247	0.34574451	0.268649031	0.42707691	77.40671914	16.70650299	0.050861718	0.459327061	31.20089066	2.607579417	1.342475361	1.770912856	0.623232309	0.286260562	HU803	HU803	agri_aa_oil
AMP_agri_AA_Oil_traits	HUA83-2	Zea	mays cultivar:B73	HUA83-2			8.042001115	3.954041249	6.733639911	29.65189521	4.307023411	10.48921405	2.485877926	5.958974359	2.174046823	4.449665552	18.64492754	5.229375697	7.098913043	3.005852843	2.54648272	3.701755853	5.252508361	12.76401895	136.4902146	171.9836556	57.31783109	8.612444446	61.68888044	34.39058619	10.40148314	5.375679725	11.76371012	3.013670786	1.905826119	12.53785635	18.47867444	19.93858153	9.054021103	7.993889613	8.236008654	4.671601187	78.8786	76.7	73.3956	white	0.578734062	0.007668805	0.068209724	1.099305187	1.487121471	0.054197795	0.019330913	0.011109918	0.007640964	0.00989009	3.327022311	17.12018086	0.218822832	2.062686577	32.76182928	44.80500693	1.563045523	0.576465943	0.331296428	0.222741367	0.277417349	78.45977945	8.264557248	0.064395145	0.730928398	28.35227638	3.599623877	1.753058038	2.613998626	0.833610366	0.254326429	HUA83-2	HUA83-2	agri_aa_oil
AMP_agri_AA_Oil_traits	HUANGC	Zea	mays cultivar:B73	HUANGC																						136.1755504	45.44687432	7.277944535	63.75320836	29.2223383	8.363285717	5.212226366	13.26993272	3.837213751	2.194854968	13.90654087	15.78109444	25.32357031	13.67169715	10.01220329	8.398070092	4.792633902	74.7028	70.8011	68.375	red																																HUANGC	HUANGC	agri_aa_oil
AMP_agri_AA_Oil_traits	HYS	Zea	mays cultivar:B73	HYS			7.271785268	3.267353308	5.646816479	24.74322722	3.76076779	8.523907615	1.746576155	4.978870162	3.274219725	3.901186017	15.39188514	5.047659176	5.923564295	3.042833958	2.336370162	2.773164794	4.740449438	9.459581773	115.8302185	123.6913798	43.60131151	7.516404355	59.00468546	25.82158645	6.083003548	4.471146617	10.38226078	3.429716503	2.154978168	11.75742145	18.60550315	20.42952075	9.414318065	7.790327306	8.235154088	4.612147682	64.9593	62.8988	60.5653	white	0.651705597	0.008195416	0.091286667	1.265289984	1.73996749	0.05202538	0.022470996	0.013016032	0.007879034	0.016159956	3.866732516	16.8587441	0.214293119	2.337631396	32.62234136	44.98222994	1.34116764	0.587892347	0.33766768	0.204983857	0.424597206	79.96150535	7.255364893	0.07242384	0.725822746	33.65847568	4.02686333	1.736978537	2.861960898	0.495482814	0.257992643	HYS	HYS	agri_aa_oil
AMP_agri_AA_Oil_traits	HZS	Zea	mays cultivar:B73	HZS																						137.970969	48.25927091	7.090895777	60.65955991	25.98864093	10.98326746	4.722960537	8.934714748	3.621953285	2.269121445	12.40420369	15.9695617	20.37300539	8.484088121	7.422903014	8.831617237	4.821366837	66.7795	64.1231	61.2347	white	0.716818559	0.009138898	0.109464128	1.625887407	1.875426837	0.0577288	0.024766801	0.013131875	0.008261033	0.016521681	4.45760895	16.12531944	0.205688356	2.45512101	36.38383348	42.05295447	1.293660373	0.556770013	0.296913224	0.18581248	0.373835497	79.19457361	6.629851967	0.06828307	0.865065494	32.59356308	4.41765541	1.86913865	2.993519549	0.495436024	0.246363569	HZS	HZS	agri_aa_oil
AMP_agri_AA_Oil_traits	IRF291	Zea	mays cultivar:B73	IRF291			6.305368943	3.230066079	5.0875	20.94460352	4.075991189	19.44413546	0.768664648	4.753414097	1.644537445	3.270429515	12.5313326	3.821585903	4.546227974	3.058480176	1.580181718	3.190060573	4.31902533	9.461701542	112.0333067	179.3687484	51.99831316	9.030296057	64.98043141	29.65116118	5.079523209	5.824048019	12.51175652	3.711237262	2.128981624	13.74091991	19.48618942	23.62400451	15.51843444	9.130124253	8.140711281	4.521835538	70.6341	67.4621	63.3545	red	0.548205521	0.006554252	0.094604896	1.016146677	2.098149732	0.057409571	0.022969733	0.014447104	0.010193845	0.01652982	3.885057103	14.15419701	0.168224464	2.416303029	26.20511536	53.86030733	1.469354263	0.591856999	0.371289413	0.261950897	0.428036027	87.61955049	5.945310196	0.09272054	0.489215136	37.49167955	4.120361853	1.598981551	2.259474363	0.619759042	0.218888956	IRF291	IRF291	agri_aa_oil
AMP_agri_AA_Oil_traits	IRF314	Zea	mays cultivar:B73	IRF314			6.980283912	3.353915615	5.148462145	23.692153	4.305047319	8.640063091	2.383016562	4.921411672	3.105244479	3.433375394	13.68643533	4.740141956	4.971805994	2.932062303	1.992393533	3.094471609	5.142429022	10.03777603	112.560489	168.144861	45.10759372	7.789867452	64.91901338	27.30941539	3.792959896	5.327122451	12.6214271	3.428189995	1.867731393	13.23528605	20.44137576	23.44709461	11.20398966	9.157382407	8.195805074	4.662323669	67.1007	66.5717	64.3586	white	0.609624991	0.007124208	0.087487225	1.098649449	2.186076997	0.050113977	0.021295888	0.013643274	0.009522666	0.016087058	4.100580589	14.89324083	0.172925197	2.142140446	26.66862774	53.34922595	1.212110271	0.522179693	0.335567763	0.234671033	0.395576562	87.14229868	7.018053392	0.081227416	0.5026028	44.3091394	4.115772097	1.562024696	2.259210778	0.594303569	0.223717481	IRF314	IRF314	agri_aa_oil
AMP_agri_AA_Oil_traits	JH59	Zea	mays cultivar:B73	JH59			7.279123328	3.255627786	5.498625557	22.47581724	3.745393759	22.14732541	0.531738484	4.546099554	1.603807578	3.563432392	14.37087667	4.881983655	5.301077266	2.963510401	2.272942051	2.613763001	4.497659733	9.267421991	120.8162259	196.7183319	56.22060668	8.505246912	74.7231493	31.49447658	3.993070275	5.861115685	13.84549223	4.000485306	2.593798631	14.11071184	23.18121444	22.73030449	20.86682126	9.583470397	8.121354002	4.626538957	72.026	69.5768	67.9288	red	0.515674209	0.006596099	0.087345012	0.792454152	2.016162562	0.051377726	0.017083611	0.009694722	0.007639514	0.012440199	3.512412959	14.63658268	0.183252823	2.476290878	22.39979125	57.45894569	1.431865023	0.491393455	0.280356388	0.217473575	0.347878595	84.4295983	6.074613975	0.112343052	0.398180929	40.22490086	5.010248335	1.763146786	2.287155347	0.626679953	0.223485396	JH59	JH59	agri_aa_oil
AMP_agri_AA_Oil_traits	JH96C	Zea	mays cultivar:B73	JH96C			8.510538462	4.197076923	6.9325	30.17034615	4.451	28.19057692	0.981815385	6.2345	1.781038462	4.487576923	19.41357692	6.006269231	6.856192308	3.394442308	3.088480769	3.856230769	5.259423077	12.58707692	156.3986615	196.1301259	65.77202355	9.728173879	77.41871799	32.46312058	8.898214925	6.029903505	16.59503968	4.15769326	2.834394464	14.02392394	25.39934968	26.5289871	30.61017646	9.396967236	8.402779057	4.682204065	69.6704	68.6864	66.3668	red	0.657317305	0.007754725	0.085711618	1.28291453	2.43134404	0.046823982	0.020848075	0.01278419	0.007850247	0.012292484	4.566627203	14.41034514	0.170874985	1.879580386	28.13834055	53.16232873	1.01910373	0.457755978	0.282991906	0.172955253	0.271442397	89.01621725	7.786506532	0.067035592	0.53159464	52.58453979	4.129594028	1.633576047	2.674869455	0.651949773	0.20837325	JH96C	JH96C	agri_aa_oil
AMP_agri_AA_Oil_traits	JI53	Zea	mays cultivar:B73	JI53			7.089785448	3.312537313	5.492397388	22.59034515	4.170629664	18.16837687	0.688941231	4.401795709	2.658768657	3.198889925	12.38367537	5.042397388	4.670242537	3.164659515	3.049025187	2.617826493	4.947901119	9.067490672	116.7156856	134.7377751	37.22232834	9.62316405	60.38090407	31.53798184	6.975481892	5.54898132	10.82247589	3.934830012	2.384835661	13.17868524	20.12744767	27.69598242	12.2379317	9.42422539	8.962651125	4.874381226	68.1714	66.0152	63.3545	white	0.666545316	0.007895549	0.112654459	1.324282779	2.123952763	0.06623849	0.022804972	0.016290557	0.008351029	0.013535317	4.364170061	15.28368538	0.18098524	2.55570962	30.32610409	48.65559136	1.526873121	0.523455726	0.372355708	0.191873817	0.311647853	86.0563126	6.079155151	0.085020103	0.626801696	32.11804862	4.924836025	1.41130592	2.741070924	0.622583303	0.233606354	JI53	JI53	agri_aa_oil
AMP_agri_AA_Oil_traits	JI63	Zea	mays cultivar:B73	JI63			7.486966667	3.405933333	5.703066667	24.44356667	3.437333333	24.76783333	0.502166667	5.083833333	1.391103333	3.952433333	16.6309	4.587366667	5.841166667	2.933143333	2.248706667	2.63749	3.7589	9.4356	128.24751	156.7749469	49.65967284	8.04582891	61.01783169	30.00167727	7.578462573	5.222621726	11.83427539	3.671114582	2.433401409	12.68437154	19.63610656	20.44267646	13.34572674	8.217693406	7.923314148	4.503280502	70.3129	66.1265	62.7967	white	0.674909915	0.007675568	0.077799581	1.14599104	2.015274873	0.054418461	0.017623373	0.012514978	0.00609248	0.011031094	4.02273656	16.84434964	0.190482061	1.932231508	28.39230794	50.06081461	1.345430041	0.447001592	0.316254415	0.153864836	0.278102977	88.8143032	8.742121439	0.067941774	0.567347818	37.70278168	4.328924291	1.429217244	2.950498056	0.576164077	0.245319744	JI63	JI63	agri_aa_oil
AMP_agri_AA_Oil_traits	JI842	Zea	mays cultivar:B73	JI842																						151.8556465	38.20701364	7.117627509	56.33436274	30.24798242	4.992598843	5.006174395	15.05116433	3.147916739	1.729742699	9.977054347	23.59820582	20.1955477	13.66782386				69.9481	68.0392	65.8329	white	0.648436765	0.009184496	0.105542796	1.31752895	1.804164859	0.048087111	0.017705564	0.011483683	0.006821441	0.011548917	3.971186951	16.23383106	0.225841126	2.584220626	32.7733039	45.68972296	1.173397545	0.457408187	0.29623071	0.175176599	0.286825189	73.11784229	6.47361835	0.080231788	0.716569653	39.51743051	5.722605059	1.570075726	2.71519325	0.615531189	0.247119621	JI842	JI842	agri_aa_oil
AMP_agri_AA_Oil_traits	JI846	Zea	mays cultivar:B73	JI846			6.451659125	3.013404977	4.734049774	20.21214178	3.436696833	6.904600302	1.719638009	4.529260935	2.035414781	3.631915535	12.69724736	4.550565611	5.149886878	2.799015837	2.144917044	2.455972851	4.091025641	9.543438914	100.1008522	193.1086595	59.78310819	7.599537136	70.24190852	32.91767283	6.225521183	5.923761408	16.43867067	3.575914406	2.115212025	11.52216835	23.03708392	27.45278732	17.09793576	9.627408904	8.761125004	5.238620935	69.6704	67.0169	64.4702	white	0.64175017	0.011538199	0.097155697	0.919122338	2.619001592	0.048574872	0.017508751	0.010926744	0.008012992	0.014138001	4.390632557	14.63363227	0.261677338	2.188368344	20.92985806	59.66146381	1.099631712	0.402125551	0.252784126	0.184728808	0.325855678	57.28697819	6.938347169	0.103940624	0.354799308	54.72189293	5.476854642	1.609365174	2.225198584	0.570379174	0.216682021	JI846	JI846	agri_aa_oil
AMP_agri_AA_Oil_traits	JI853	Zea	mays cultivar:B73	JI853			9.02752193	4.043347953	7.236878655	31.67280702	4.197770468	11.79020468	2.053782895	6.12127193	2.288439327	4.655080409	20.27624269	6.311440058	7.47375731	3.069510234	3.360120614	3.019568713	5.120760234	12.67971491	144.39822	162.4077199	58.68367564	9.039046876	63.00823052	28.3311325	8.699080694	6.001042703	11.52680683	4.241495942	2.724434343	12.86954118	19.8103759	25.80098644	16.00975412	8.170350296	9.118998378	5.034749753	71.7048	69.4655	67.9288	white	0.704940393	0.01047183	0.140749717	1.510551392	2.018401484	0.055706772	0.022971029	0.012005798	0.006269609	0.01150078	4.493854644	15.69361194	0.233898473	3.085009486	33.6303857	44.82454295	1.235710234	0.51119981	0.268842154	0.14019676	0.255406732	69.02644716	5.201181688	0.092562242	0.749182446	36.52992998	5.974455366	1.927979236	3.754565298	0.562567082	0.246907632	JI853	JI853	agri_aa_oil
AMP_agri_AA_Oil_traits	JIAO51	Zea	mays cultivar:B73	JIAO51			8.279964286	3.796321429	6.671285714	27.78671429	4.353107143	26.65028571	0.789228571	6.145285714	2.546903571	4.313928571	16.85675	4.985714286	5.695285714	3.411878571	3.480164286	3.314367857	5.395357143	10.19760714	144.67015	198.3660198	99.20761841	8.45847273	69.06784713	28.83074878	17.29700222	5.699484971	11.77606053	3.914869703	2.589796409	14.14750332	19.96943397	18.41126276	12.99112862	7.82029821	8.002232285	4.696783022	78.2361	77.0339	74.065	white	0.717481824	0.0076147	0.112047537	1.276568161	2.922260985	0.076700851	0.018033504	0.015645037	0.007054372	0.012624515	5.172239541	13.88715664	0.150989403	2.168473222	24.67011325	56.54184185	1.506721489	0.353689305	0.302844465	0.138127905	0.248324979	96.369992	6.498594365	0.088292056	0.441275188	37.56799597	6.289203502	1.182216117	2.566271603	0.564788946	0.202931574	JIAO51	JIAO51	agri_aa_oil
AMP_agri_AA_Oil_traits	JY01	Zea	mays cultivar:B73	JY01			7.047263682	3.496393035	5.463712687	25.15062189	3.911660448	8.954570896	2.00164801	5.363930348	1.898100124	4.3272699	15.8522699	5.171672886	5.964583333	2.932779851	2.129396766	3.615951493	4.950155473	11.37406716	119.6060479	201.2623311	77.51689557	9.601287002	67.70557174	30.13218858	6.659767678	5.772755124	13.12202021	4.249610671	2.454241884	14.005057	23.12275085	26.1464957	17.82931872	9.553342963	9.634199802	4.569548488	70.4199	69.3542	67.0362	white	0.516127081	0.006679236	0.065649815	0.9754363	1.709209106	0.04771949	0.015303974	0.009984182	0.007173587	0.012381561	3.361553236	15.4137929	0.199077858	1.960986151	28.90757703	50.70272163	1.400527672	0.465943694	0.299627176	0.212393495	0.365693132	81.06851152	7.936983009	0.067752898	0.570924292	36.99560795	4.193762254	1.570435753	2.225908953	0.587156607	0.226880447	JY01	JY01	agri_aa_oil
AMP_agri_AA_Oil_traits	K10	Zea	mays cultivar:B73	K10																						161.1919761	38.58397743	7.523332087	62.00355301	33.27564671	6.465653638	4.94796537	11.13608481	3.555557492	1.943092036	11.5636756	16.21371247	23.07353584	12.86716395	8.726990498	8.445960679	4.768352448	64.531	63.4553	58.2224	red	0.508756464	0.008628796	0.073729172	1.76895834	1.416540171	0.063543045	0.012550325	0.010035542	0.00573616	0.009896902	3.868757568	13.09273181	0.221881795	1.887070425	45.86718996	36.21659862	1.655958431	0.32948301	0.262740531	0.147649006	0.250824788	61.44909506	7.130053439	0.041906362	1.269159913	21.92804795	5.584557177	1.28760122	2.326392164	0.602123539	0.186732026	K10	K10	agri_aa_oil
AMP_agri_AA_Oil_traits	K12	Zea	mays cultivar:B73	K12			8.598560209	4.005301047	7.180366492	30.1375	4.22447644	10.53537304	2.130147251	6.148036649	2.96700589	4.81848822	18.72745419	6.002225131	6.936649215	3.257421466	3.096940445	3.41940445	5.097382199	12.10376309	139.3864954	163.6963663	54.98669845	8.23834693	62.31443436	32.84309494	3.384929953	5.603009836	10.88792446	3.492386282	2.3746015	13.06171025	17.78355907	17.85714841	10.57981267	7.292350802	7.994787178	5.093065581	74.0604	71.0237	69.8254	red	0.505593178	0.008024526	0.064291807	0.757561836	1.537161661	0.059985996	0.012993042	0.007548761	0.005935702	0.013186071	2.968133645	16.94289713	0.261856774	2.147882853	25.30004443	51.91444321	2.036056883	0.432873765	0.258292438	0.200549053	0.439837594	64.73300684	7.970588098	0.084898251	0.492413967	25.54642764	5.005276391	1.68820489	2.29996488	0.448987082	0.253565776	K12	K12	agri_aa_oil
AMP_agri_AA_Oil_traits	K14	Zea	mays cultivar:B73	K14																						143.4925202	49.51761703	7.125513029	65.30618364	35.77404312	9.653280436	5.204009432	12.84828621	3.407782917	2.172541901	12.87205522	21.02025705	24.00846451	11.68952666	8.423949353	8.177950378	5.338578753	72.0156	67.3234	63.6787		0.542150305	0.007874025	0.08899857	1.344779147	2.311957357	0.05339132	0.026079781	0.017649403	0.009406021	0.012434704	4.409098608	12.43352821	0.181057807	2.036517974	30.27273135	52.30040884	1.202745663	0.58534965	0.391173751	0.214559702	0.286279059	72.88607336	6.38102176	0.068208519	0.578559987	44.30637033	3.502986146	1.486205599	2.762820307	0.769840665	0.186865128	K14	K14	agri_aa_oil
AMP_agri_AA_Oil_traits	K22	Zea	mays cultivar:B73	K22			6.922905759	3.186605585	5.57417103	25.25078534	3.803769634	22.68398778	0.512940663	4.838743455	1.756247818	3.886130017	15.43769634	5.744851658	6.062958115	2.851893543	4.529188482	3.121566318	5.538830716	10.14895288	131.8522251	132.6037696	44.00816117	8.872781313	60.60837822	29.29691619	7.285060317	5.245737724	11.07100357	4.499830291	2.738007271	17.61618837	18.18619367	25.60051514	16.48328819	9.201856237	8.227074525	4.9048645	69.8846	66.3491	62.9082	white	0.763930253	0.008873715	0.068042975	0.939334983	2.160654935	0.063281815	0.019764975	0.012589318	0.008100317	0.014944289	4.062796341	18.82161214	0.216695815	1.677011286	23.11285582	53.19228112	1.559247592	0.486861068	0.311226411	0.200003369	0.367131529	88.11396318	11.28179886	0.072245771	0.436811236	34.20456963	3.442218395	1.568390571	2.484664886	0.549094464	0.275607633	K22	K22	agri_aa_oil
AMP_agri_AA_Oil_traits	L3180	Zea	mays cultivar:B73	L3180			6.866125541	3.299195527	5.557539683	23.64664502	4.045851371	23.44945887	0.853394661	5.053102453	1.820862193	3.515104618	14.78697691	4.901443001	5.263708514	3.01202381	2.65034632	2.875519481	4.659451659	9.532467532	125.7892172	182.2670835	57.78552049	9.059562182	75.38848545	42.75225938	6.368038819	5.368108499	14.3894229	4.24924592	2.823974227	14.25032716	21.75027868	25.33210011	19.04193738	9.563385441	8.454894808	5.078486624	70.3885	66.4103	64.5831	red	0.621065444	0.00845899	0.057822281	0.806839584	2.107126953	0.066435073	0.014167146	0.010279894	0.006833864	0.010313436	3.710535688	16.76643871	0.226688391	1.568776278	21.65747516	56.79971164	1.803085444	0.384768086	0.279627234	0.184153831	0.278690508	74.46638171	10.96528042	0.072354281	0.384461904	31.71256954	4.045176713	1.382691118	2.098198605	0.688419537	0.238366233	L3180	L3180	agri_aa_oil
AMP_agri_AA_Oil_traits	LG001	Zea	mays cultivar:B73	LG001			7.63475976	3.270845846	5.002877878	22.08886386	3.808458458	8.068668669	1.684276777	4.551351351	2.793868869	3.357257257	13.12187187	4.449474474	5.40497998	3.104304304	2.48246997	2.423886386	4.66534034	9.16966967	107.0832257	168.6761188	59.77085302	8.037078091	68.70873274	28.07570322	5.872155539	5.520530861	11.66729309	3.407626703	2.104047485	10.82031836	21.49507907	22.05224346	14.3120099	8.485971029	8.316415812	4.646419352	70.527	69.7994	66.2553	white	0.592965073	0.008477548	0.069496619	0.948213946	2.15023893	0.054270306	0.018215009	0.014970898	0.007939184	0.012622839	3.877569535	15.32891886	0.217230284	1.801184633	24.42300086	55.3839714	1.384360607	0.476104762	0.385135032	0.205757347	0.324710099	72.56819588	8.591985281	0.074076904	0.443843191	40.45952263	3.797853776	1.24130487	2.363139479	0.637739563	0.222749433	LG001	LG001	agri_aa_oil
AMP_agri_AA_Oil_traits	LIAO138	Zea	mays cultivar:B73	LIAO138			6.973557692	3.176442308	5.470192308	23.62401018	4.262217195	8.287528281	2.260042421	4.870531674	3.060237557	3.533738688	14.1042138	4.915412896	5.722624434	3.551244344	3.020531674	2.82126414	5.367816742	10.4428733	115.4644796	182.1801492	68.34251848	10.4698058	75.50793512	31.35452022	9.530758951	4.931688425	14.15797629	4.347364109	2.439473342	12.63154413	27.43791554	26.87243633	19.8709969	10.45142741	9.272367588	4.466170429	67.8502	65.9039	63.0198	red	0.590455294	0.007655255	0.067920397	1.169126858	2.127219981	0.05633237	0.021147409	0.015663556	0.009481622	0.014885921	4.073513157	14.44070705	0.184134163	1.64860433	28.37089011	52.45611024	1.37471908	0.521843526	0.387865555	0.234704522	0.370214413	81.86393449	9.142070907	0.057124732	0.549628703	38.44606425	3.19190625	1.392129665	2.278235635	0.636294675	0.208262017	LIAO138	LIAO138	agri_aa_oil
AMP_agri_AA_Oil_traits	LIAO159	Zea	mays cultivar:B73	LIAO159			8.883104396	4.079711538	7.007417582	32.99230769	4.413974359	11.91309524	2.369001832	6.421749084	2.550489927	5.338369963	21.1496337	6.86043956	7.470054945	3.129967949	3.736048535	3.438104396	5.768223443	13.32852564	150.8502198	175.9578407	53.35852695	8.662761655	73.15357765	38.75637596	5.825300426	5.495636709	14.5105912	4.274049031	2.720330082	14.52796533	21.08442795	28.0833541	19.992497	9.677502682	8.502339861	5.24152976	70.9553	68.1299	66.0321	red	0.600963497	0.008129753	0.052610538	0.799371736	2.086327193	0.068760744	0.013468434	0.009654659	0.006714573	0.010288339	3.656525031	16.42170141	0.219115768	1.449957493	21.84195428	57.05700171	1.884745337	0.370990791	0.266500535	0.183444467	0.277281077	76.240499	11.45165216	0.065909633	0.385908445	30.40053789	3.899875473	1.399313125	2.039483828	0.673817704	0.230605281	LIAO159	LIAO159	agri_aa_oil
AMP_agri_AA_Oil_traits	LIAO5114	Zea	mays cultivar:B73	LIAO5114			7.064978903	3.335439522	5.82580872	26.23804501	3.835021097	24.00432489	0.558196203	4.746659634	2.861322082	3.816279887	16.06012658	5.628129395	6.245253165	2.872208158	3.247278481	3.035787623	4.999613221	10.71128692	135.0857595	170.4761908	47.44700688	7.846747776	63.45180511	26.84330356	4.261232127	6.048095385	12.39854819	3.47633721	2.222019456	13.11076428	25.35048458	19.43612012	11.76622542	8.86041199	7.68060365	4.554969531	70.6341	67.9073	65.809	red	0.502930686	0.007343909	0.06760796	0.957511437	1.918921884	0.053992122	0.014983273	0.010669104	0.006153225	0.01204322	3.550364485	14.15585378	0.203222075	1.91275947	26.94551768	53.97702073	1.510088386	0.426029165	0.302161955	0.173610265	0.336276893	72.01134407	7.500558594	0.071039801	0.501124583	35.84783146	4.502332719	1.417682355	2.476454125	0.521034602	0.20600976	LIAO5114	LIAO5114	agri_aa_oil
AMP_agri_AA_Oil_traits	LIAO5262	Zea	mays cultivar:B73	LIAO5262			5.655827586	2.826158621	4.741517241	19.41531034	3.668275862	21.61106897	1.265675862	5.185758621	2.907617241	2.997331034	11.699	4.174448276	4.125068966	2.435144828	2.597924138	2.445648276	3.807931034	7.864137931	109.4238448	194.0330148	66.30992628	9.583785364	72.2573295	28.20509586	9.722083997	5.910220083	11.67861393	4.706097339	3.068663725	16.94829887	20.77119346	26.98834281	18.58452524	10.76561351	8.489142301	4.745821332	69.7775	68.0186	65.2512	red	0.65047376	0.006105211	0.052530973	0.883777154	1.781259068	0.046575518	0.018696645	0.014330463	0.00956757	0.013982251	3.475219778	18.7622854	0.170925149	1.533013675	25.34917621	51.21391351	1.319566299	0.535795733	0.41313939	0.274978234	0.39982261	111.4983034	12.71539153	0.060085188	0.49916834	39.2249661	2.814538984	1.316053848	1.983242899	0.684547299	0.274808259	LIAO5262	LIAO5262	agri_aa_oil
AMP_agri_AA_Oil_traits	LIAO5263	Zea	mays cultivar:B73	LIAO5263			6.814593698	3.225584577	5.681923715	24.226534	3.639606136	21.98872305	0.472077114	4.465215589	2.158362355	3.719407131	15.10567993	5.633457711	5.893864013	2.865186567	4.126119403	2.805327529	5.091376451	9.591334992	127.504374	164.8797583	60.07767397	9.152807524	56.85732947	22.29756799	4.827398077	5.591383447	9.846761548	4.315083589	2.605893549	15.8653368	23.17710167	23.59411284	13.00552646	9.374013001	7.909912955	4.26604111	71.9189	69.5768	65.028	red	0.48965957	0.006395458	0.073976857	0.926047158	2.182253884	0.056616072	0.019607378	0.013117205	0.009499145	0.013021973	3.789431471	12.8921696	0.167266211	1.949084819	24.40687384	57.57667271	1.49421668	0.516602263	0.346407606	0.250046839	0.341963326	78.36514071	6.723895406	0.080062539	0.426504223	38.93683861	3.815772118	1.488770675	2.076770126	0.73055286	0.191001654	LIAO5263	LIAO5263	agri_aa_oil
AMP_agri_AA_Oil_traits	LK11	Zea	mays cultivar:B73	LK11			7.298139159	3.333240291	6.029652104	27.35169903	3.600372168	25.53066343	0.56	5.133940129	1.901161003	4.272249191	17.57831715	5.876658576	6.615614887	2.466949838	3.786444175	3.087010518	4.731755663	11.81654531	140.9704126	139.8256626	45.812763	7.389517478	56.08164262	30.22913984	7.555035017	5.27500887	13.37263153	3.242472584	1.889688321	11.42406028	20.37284221	22.82338504	11.34924619	8.138788223	7.900978826	5.059931588	68.7068	64.7909	62.2388	white	0.565843414	0.00844956	0.088513422	1.044049015	2.006989604	0.043567236	0.019014212	0.012542165	0.006808669	0.011179724	3.806466913	14.8445536	0.220404747	2.323695658	27.43190621	52.66880382	1.126822423	0.499900765	0.330050572	0.179119093	0.291967934	68.11000378	6.494074529	0.084803479	0.522436718	47.29440564	4.65234023	1.517872578	2.82135378	0.624559995	0.222957589	LK11	LK11	agri_aa_oil
AMP_agri_AA_Oil_traits	LV28	Zea	mays cultivar:B73	LV28			9.224822485	4.240621302	7.694763314	31.33550296	4.858284024	11.18032544	2.026133136	6.361982249	3.366568047	4.904142012	19.30426036	6.343461538	7.445710059	3.854585799	2.704180473	3.537928994	6.354408284	13.38408284	148.1217633	141.4889039	50.48043821	7.070112582	58.62935311	20.59740515	9.155918047	5.967668126	11.51145475	3.472324942	2.077810817	12.59003687	19.98948267	20.24746553	10.98004829	9.440006427	7.332172629	4.675577267	71.1694	68.6864	64.9165	white	0.561799369	0.008556636	0.119095279	1.63222973	2.260975184	0.061086122	0.026133046	0.016405158	0.007829181	0.012683883	4.707582771	11.94088192	0.182564097	2.516135497	34.64418552	47.99260373	1.299619742	0.555079689	0.349267179	0.168162218	0.271969047	66.92488053	4.904467339	0.073194921	0.726836292	37.00563979	4.554434537	1.601884001	3.338694907	0.622734998	0.184218768	LV28	LV28	agri_aa_oil
AMP_agri_AA_Oil_traits	LXN	Zea	mays cultivar:B73	LXN			7.417861842	3.822763158	6.403618421	25.76529605	4.308782895	24.86526316	0.779203947	5.508388158	1.953180921	4.006677632	15.98046053	4.922894737	5.921019737	3.619901316	3.474210526	3.532138158	5.351151316	11.76207237	139.3948849	166.833391	69.87971464	9.726533101	65.01682727	31.34035042	10.24920402	5.701492195	11.94748373	3.924252215	2.51490255	11.99761511	21.75316115	27.31532111	20.55568571	9.28219606	9.242587159	4.824017556	74.3816	71.9141	70.9411	red	0.745500093	0.007592076	0.068693244	1.081439217	1.965457985	0.058083185	0.027994558	0.021041934	0.012406142	0.019181519	4.00991461	18.62494364	0.188714769	1.722223343	26.90606449	49.02995082	1.448283376	0.69523695	0.519295431	0.307653821	0.479238091	100.1003251	10.86193756	0.064316558	0.550010913	33.94903986	2.500807378	1.342894464	2.263606655	0.644042326	0.280471733	LXN	LXN	agri_aa_oil
AMP_agri_AA_Oil_traits	LY	Zea	mays cultivar:B73	LY			9.742254902	4.60254902	7.46869281	31.39065359	5.230294118	30.44264706	0.936964052	6.576535948	2.453522876	5.002254902	19.88732026	6.141143791	7.323006536	4.529379085	2.641915033	3.861993464	6.809869281	11.63415033	166.6751471	189.282717	74.45961633	8.917264644	66.07609857	26.8209302	7.804928953	6.22522685	14.59195969	4.156234253	2.91608168	12.72965219	22.25471105	27.07374759	23.86620612	8.602176845	8.968607211	5.179213964	74.0604	70.8011	69.3792	white	1.011942845	0.011022997	0.139054962	2.157436422	2.541872485	0.061506017	0.037872573	0.02532761	0.012659627	0.018632665	6.026108585	16.83232865	0.184282613	2.27163145	35.20646365	42.80305734	1.03921985	0.624898359	0.422078794	0.217057323	0.319747308	91.1580283	7.65571642	0.065413717	0.83144159	41.23747116	3.622123367	1.500018607	2.938657745	0.681462182	0.255287379	LY	LY	agri_aa_oil
AMP_agri_AA_Oil_traits	LY042	Zea	mays cultivar:B73	LY042			6.87716557	3.378426535	5.467735746	25.47935855	3.985224781	8.645723684	2.299572368	5.039528509	2.117286184	3.83089364	15.44597039	4.750904605	5.987582237	2.739424342	2.8796875	3.227658991	4.952412281	11.54928728	118.6538432	184.6045461	60.22451523	9.981947633	72.24368105	31.11661675	4.301393653	5.717769141	15.39414688	3.433843645	2.222019456	11.3900998	21.6535629	26.21969979	13.58872694	8.584961168	8.623154233	5.283917382	69.7775	68.2412	65.1396	white	0.667923944	0.007212258	0.062256528	0.897056992	2.150875067	0.072736048	0.018074699	0.013878186	0.008735124	0.01482493	3.91549447	17.08193202	0.183751799	1.598354128	22.87181463	54.9390964	1.86641042	0.462201082	0.354704372	0.222452514	0.376005017	95.92138027	10.79623289	0.069859764	0.418898493	29.62353469	3.451806436	1.318281133	2.089149848	0.595346015	0.24683244	LY042	LY042	agri_aa_oil
AMP_agri_AA_Oil_traits	M153	Zea	mays cultivar:B73	M153			7.653503937	3.431393701	5.814488189	23.66834646	4.261377953	7.861614173	2.215811024	5.146614173	1.994248031	3.855622047	13.69649606	4.706417323	5.471692913	3.748299213	2.395122047	3.167488189	6.18492126	10.88240157	116.1558583	167.5407007	67.87726354	7.927692852	67.22787602	26.55244979	10.64747248	5.883410997	11.29214906	4.262741823	2.568953881	15.94250358	18.72080198	25.71625794	15.29916844	9.619336389	8.547214138	5.055955509	71.2765	68.7977	64.9165	white	0.8957274	0.008022369	0.086142647	1.032739598	2.88605949	0.054430926	0.025159561	0.01361247	0.009082366	0.016194715	5.036850886	17.88376891	0.162835192	1.720259298	20.58903168	57.2858124	1.087402839	0.498476946	0.273709196	0.181674714	0.327879797	113.0304032	10.43019367	0.083771281	0.368500934	54.36411553	3.452203754	1.825955265	2.750700769	0.5580428	0.260060192	M153	M153	agri_aa_oil
AMP_agri_AA_Oil_traits	M165	Zea	mays cultivar:B73	M165			9.246289063	4.296347656	7.499902344	32.28574219	5.301660156	31.84594727	1.268569336	7.411914063	2.808662109	5.039013672	19.69145508	6.864892578	6.811669922	3.903408203	4.374204102	4.26925293	6.783300781	12.45507813	172.1573096	160.4668285	65.90804493	8.454929702	65.21472978	28.4019815	9.936836598	5.686172717	10.98226609	4.361733621	2.657115376	15.79617203	18.12701301	27.096122	17.10065325	9.204725517	8.432559486	5.163309647	70.8482	67.9073	64.4702	red	0.817431474	0.008751495	0.114511709	1.192654422	2.943023437	0.055345864	0.026143061	0.013211205	0.008453467	0.013628012	5.199735157	15.72610093	0.170353266	2.195410171	23.07480985	56.53558312	1.06891563	0.501282959	0.257557087	0.165391154	0.265467021	92.58066145	7.235295204	0.095510529	0.411332972	53.70419391	4.374943659	1.967692904	3.085753632	0.630065101	0.233120734	M165	M165	agri_aa_oil
AMP_agri_AA_Oil_traits	M97	Zea	mays cultivar:B73	M97			7.506705426	3.49524031	5.74751938	24.26988372	4.439263566	24.53945736	1.142786822	5.980271318	1.825670543	3.976666667	15.20368217	4.875193798	5.359883721	3.378453488	3.062034884	3.266383721	4.822635659	9.854767442	132.7465	176.4448916	63.64437094	8.610256741	69.82108134	32.92513062	6.396486566	5.579893838	11.96131666	4.238460816	2.523914857	15.24986761	21.33808537	26.95490785	16.38005933	10.0282087	9.00881079	4.692806943	67.3149	65.6813	60.7885	red	0.730929891	0.00940012	0.121399916	1.055688352	2.836261597	0.064203152	0.026600972	0.012862884	0.009818729	0.016014998	4.889094639	14.96247906	0.193850009	2.46945105	21.63400112	58.02414902	1.326778293	0.54216657	0.265810959	0.201362856	0.331553399	79.03168098	6.141059862	0.115050358	0.379146858	44.00842556	4.599545284	2.039912753	2.71188888	0.606421855	0.228268981	M97	M97	agri_aa_oil
AMP_agri_AA_Oil_traits	MN	Zea	mays cultivar:B73	MN			8.009482759	3.944689655	7.007172414	30.29841379	4.007206897	22.34837931	2.301841379	6.269862069	3.742793103	4.416344828	18.88906897	5.943206897	6.695137931	3.003648276	3.227841379	3.582862069	4.945206897	11.543	150.1761586	155.3799381	57.63779047	7.33755949	76.2671301	30.58338482	9.847030965	4.471146617	11.30696955	3.980708587	2.401974094	13.42072332	21.3640276	21.76645055	12.99727119	8.277948273	8.353641349	4.529787696	60.2482	57.5563	55.2101	white	0.669634135	0.011900663	0.123308627	1.273858912	2.322752965	0.061090023	0.027324913	0.0137569	0.00983495	0.016271601	4.532174624	14.75884422	0.264907636	2.688883818	28.12578079	51.2396512	1.358110358	0.598831465	0.303375606	0.216655449	0.361149833	65.25604473	5.674560451	0.09953006	0.558988846	38.83967455	4.522453451	1.957738571	2.750432854	0.606238066	0.230277327	MN	MN	agri_aa_oil
AMP_agri_AA_Oil_traits	MO113	Zea	mays cultivar:B73	MO113																						140.4633935	40.91047298	7.579847793	60.33540924	28.82334658	2.684055553	5.209217183	13.17950882	3.282289342	1.921135108	11.63159657	23.86162818	20.75684404	11.78051955	8.692559145	8.033501736	4.448940753	62.8179	61.0066	57.7761	red	0.615383244	0.009089616	0.118624282	1.66066441	2.897133495	0.059738745	0.027945777	0.018835223	0.008475395	0.011984284	5.433429851	11.03034416	0.17483342	2.174034612	30.6916862	53.51303567	1.117201104	0.510320071	0.340456288	0.155889042	0.225743839	69.46360201	5.504696951	0.071153721	0.581492189	49.71212448	4.246871845	1.520988521	3.203129128	0.738533457	0.165369403	MO113	MO113	agri_aa_oil
AMP_agri_AA_Oil_traits	MO17	Zea	mays cultivar:B73	MO17			6.609383469	3.017865854	5.091260163	22.27892954	3.305237127	21.89722222	0.639146341	4.549119241	1.412662602	3.507588076	14.55596206	4.45704607	5.167276423	2.876348238	2.670806233	2.619004065	4.141734417	8.625203252	117.4217954	176.5627765	55.41971457	8.301790368	61.41591146	33.04072635	4.084688755	5.213183833	13.34843688	3.320953015	1.879268084	10.48826031	23.10561747	23.57787212	12.05639625	9.467264581	9.013277854	4.525811617	71.1694	67.0169	64.8049	red	0.555405177	0.008869799	0.078440821	0.743707232	2.420363332	0.043424095	0.017135319	0.010931631	0.008555507	0.013932929	3.901578869	14.21135024	0.225775446	2.008065318	19.10140778	62.00000569	1.097161593	0.44044471	0.281782855	0.218732538	0.355688441	64.39487057	7.132187487	0.105375235	0.312708232	58.08462538	4.589022923	1.570474247	2.024219486	0.616903724	0.209468714	MO17	MO17	agri_aa_oil
AMP_agri_AA_Oil_traits	NAN21-3	Zea	mays cultivar:B73	NAN21-3			9.070234375	4.075078125	7.60203125	34.86457031	4.561953125	12.31625	2.299117188	6.153203125	3.263683594	4.88140625	21.3628125	6.57203125	7.953554688	3.237128906	4.051484375	3.245289063	6.103554688	12.96601563	154.5793984	171.4581121	71.18699043	8.919545406	70.88626747	30.59084261	11.19467326	4.84278074	12.22431348	3.560412461	2.226113121	11.46179415	22.9257169	25.37734396	15.08246349	9.233418311	8.828639194	4.634491115	70.6341	68.0186	64.8049	red	0.632250777	0.009203379	0.096804211	1.317144671	2.149608126	0.046646593	0.025673239	0.01371807	0.008819492	0.011443672	4.311059744	14.67930626	0.213379707	2.229681113	30.50393081	49.83825545	1.068115599	0.597109066	0.322263893	0.206819884	0.26794512	69.86424284	6.674452259	0.073124136	0.612186587	47.30089956	3.800466677	1.876532672	2.915251228	0.776594872	0.220268	NAN21-3	NAN21-3	agri_aa_oil
AMP_agri_AA_Oil_traits	NMJT	Zea	mays cultivar:B73	NMJT			7.801884289	3.6	5.906900212	26.98434183	4.02940552	8.968338641	2.096478238	5.358678344	1.771597665	3.867675159	15.63755308	4.696974522	5.924920382	3.179087049	2.598604034	3.229936306	5.272744161	10.56828556	121.493405	156.5833839	60.4412441	7.310760107	72.62128814	28.67046191	10.00321467	5.207302248	9.823573206	3.45960082	2.092690156	13.29878037	21.41879455	19.9572404	9.734582031	7.643837528	7.613597685	4.4144814	66.6724	65.1248	61.681	white	0.760917989	0.011837022	0.092363982	1.4534864	2.351403164	0.060970637	0.02415185	0.017863787	0.010435051	0.015699494	4.802858983	15.87091244	0.246242119	1.929081399	30.18989122	49.00941294	1.280835293	0.503324605	0.371944722	0.21802971	0.331749196	67.38168716	8.271192651	0.064309756	0.618112902	39.00348533	3.848963263	1.378666209	2.334857413	0.659736882	0.233199937	NMJT	NMJT	agri_aa_oil
AMP_agri_AA_Oil_traits	P138	Zea	mays cultivar:B73	P138			6.993464244	3.495486518	5.476318875	22.9172626	3.857913247	8.30873388	1.620181712	5.082825322	1.365442556	3.693786635	13.98777843	5.101143025	5.705539273	3.383675264	2.517652403	2.901638335	5.830392732	9.719196952	111.958432	155.0132286	64.5716514	9.000755136	70.06179328	28.84944884	7.33247323	5.248768154	11.10019009	4.03039494	2.529788603	13.64281185	20.3899756	24.61478751	13.73881531	8.808764961	8.520411752	4.720639497	73.7947	72.8529	69.1787	red	0.586802385	0.006776913	0.058291037	1.121266994	1.874186844	0.055037894	0.015889063	0.014280685	0.007053333	0.013495313	3.75191768	15.60919663	0.179156955	1.553261677	29.80984365	49.98720975	1.466033969	0.423977771	0.38009995	0.187998907	0.358850103	88.70124675	10.23203806	0.052185378	0.597738638	34.26952194	3.644654922	1.137684256	2.332900667	0.529440389	0.222259252	P138	P138	agri_aa_oil
AMP_agri_AA_Oil_traits	P178	Zea	mays cultivar:B73	P178			6.725920873	3.291964529	5.162619372	22.79914734	3.942667121	8.54324693	1.749283765	4.905491132	2.482568213	3.670600273	14.44989768	5.30579809	5.559038199	2.928560709	3.434276944	2.659716917	5.510197817	10.63482265	113.7558186	153.0295517	57.58479513	9.835371413	61.19981102	21.51844211	6.11424029	4.698339947	10.13966552	3.390349832	2.186709613	13.7797202	17.66148369	19.99105471	11.32309474	7.749875065	7.632187213	5.300373925	73.2038	71.9141	70.8295	white	0.561016407	0.006256804	0.053202258	1.16206781	2.130872182	0.057775945	0.021055163	0.020257063	0.010772731	0.017668583	4.04081962	13.89069379	0.15498074	1.334997529	28.6375308	52.77987788	1.43241116	0.520449379	0.49779663	0.266336974	0.436883828	92.68496873	10.57472061	0.04701893	0.546191161	36.95628014	2.563664941	1.062987419	1.979708649	0.615559647	0.197801285	P178	P178	agri_aa_oil
AMP_agri_AA_Oil_traits	QI205	Zea	mays cultivar:B73	QI205																						170.6662028	55.21722819	8.745894437	75.91738859	32.99225072	3.384372154	5.831707758	12.14206055	4.081460169	2.728145261	20.08021008	21.13527794	18.80168461	17.97702473	8.504621345	7.114775497	4.622562877	73.0967	70.24457	68.375	red	0.80521382	0.010429926	0.125769481	1.760934126	2.109795989	0.055560423	0.027436141	0.016550797	0.009468328	0.014327474	4.938167092	16.3536726	0.212181011	2.518747512	35.48147062	42.85889798	1.127390738	0.555737354	0.335765577	0.193206799	0.292989828	77.60598843	6.644119283	0.071437498	0.828668887	38.59525402	4.563832881	1.657954163	2.89202707	0.665566615	0.249614247	QI205	QI205	agri_aa_oil
AMP_agri_AA_Oil_traits	QI319	Zea	mays cultivar:B73	QI319			7.688676075	3.511223118	5.610282258	23.79005376	4.18625672	9.073219086	1.741444892	5.088508065	1.811898522	3.90047043	14.91286962	5.511290323	5.945497312	3.366364247	5.036626344	2.835698925	5.905577957	10.2452621	120.1612198	170.4909265	58.06937129	8.030514976	74.4274329	31.11288785	8.004063184	4.963695191	13.72733103	3.998479172	2.600497355	12.62022397	24.62750661	24.53112528	18.97475497	8.983791004	8.922447545	4.75642421	68.5997	66.2378	64.4702	red	0.705953052	0.008455782	0.06773334	1.174151282	2.549117777	0.059886305	0.014220705	0.015576211	0.006564501	0.013397918	4.618137204	15.30494454	0.183711697	1.485319427	25.4041003	55.20529972	1.29809762	0.313213734	0.337520967	0.144202085	0.291685408	84.72059045	10.41566883	0.058662444	0.462924822	42.76365952	4.766959103	0.939473032	2.249314132	0.495258318	0.213441204	QI319	QI319	agri_aa_oil
AMP_agri_AA_Oil_traits	R08	Zea	mays cultivar:B73	R08			7.087609012	3.579876453	5.961991279	24.56856831	3.901780523	23.47561773	0.678521076	5.157194767	1.49471657	3.844077035	15.65759448	5.085247093	5.772492733	3.25721657	2.474447674	3.00137718	4.409556686	10.10970203	129.5175872	194.1322863	70.45471411	9.803649694	71.42477411	35.89519515	5.079523209	5.830750291	13.16093557	4.081460168	2.402512849	12.91077477	24.69045578	24.39874788	19.59702608	10.42703854	8.018611521	4.337610535	71.7048	68.5751	67.1478	red	0.604313157	0.007101421	0.093369972	0.63539168	2.481717993	0.052424286	0.017153087	0.008499644	0.006859101	0.012045239	3.92041049	15.39589382	0.180311944	2.371056055	16.26462841	63.26803523	1.331091088	0.438813073	0.220345145	0.175003194	0.305416774	88.09585098	6.557815503	0.146621823	0.262368942	47.85827965	5.455295974	2.038999941	2.551124552	0.580277507	0.230875265	R08	R08	agri_aa_oil
AMP_agri_AA_Oil_traits	R15	Zea	mays cultivar:B73	R15			7.201878981	3.373121019	5.557324841	26.0716242	3.644936306	23.26194268	0.507783439	5.139299363	1.615423567	3.915509554	16.03952229	4.946082803	6.103566879	2.801933121	3.368280255	3.209745223	4.856783439	11.57232484	133.1870828	155.6048502	41.61045313	6.699296623	57.73462145	33.77531858	5.965865765	4.538169333	13.60315563	3.331895564	2.168987892	13.60885136	22.13115607	19.51949145	13.12457954	8.254994038	7.701449951	4.556294891	71.4906	68.909	66.1437	red	0.55390547	0.00660523	0.084093615	1.099357329	2.244491737	0.060812684	0.019225331	0.0119154	0.008149223	0.012882339	4.099846674	13.52240535	0.160939822	2.061212008	26.87868377	54.55317681	1.492414793	0.469632776	0.295749003	0.200076184	0.315321585	86.84345637	6.637559614	0.077166853	0.494968098	36.91732011	4.461205695	1.599561475	2.384795404	0.637578246	0.200459435	R15	R15	agri_aa_oil
AMP_agri_AA_Oil_traits	R15X1141	Zea	mays cultivar:B73	R15X1141			7.932596463	3.832319132	6.415876206	28.17170418	4.873110932	25.46672026	0.692451768	5.953778135	2.044863344	4.055466238	15.85703376	5.50096463	6.626125402	3.802580386	3.992576367	3.856045016	7.041881029	12.9852492	149.1013424	173.6389198	56.30926347	8.166152672	72.28917588	34.55465755	3.477664031	5.143288715	13.29360159	3.81592098	2.545046808	14.88802956	24.24927106	21.54073791	18.88470196	8.452974316	7.677625607	4.46086899	68.8139	67.4621	65.9206	red	0.710659606	0.008228321	0.087612244	1.220479027	2.563395535	0.054859031	0.020812606	0.013222967	0.008811199	0.013124692	4.704266168	15.10700653	0.17566352	1.869192118	25.93879771	54.50398215	1.167176007	0.443578488	0.282967562	0.188212662	0.280716472	86.95636099	8.133970086	0.072094278	0.477878205	47.13962434	4.235240111	1.57184126	2.366907638	0.67453854	0.218754129	R15X1141	R15X1141	agri_aa_oil
AMP_agri_AA_Oil_traits	RY684	Zea	mays cultivar:B73	RY684			9.627795276	4.579133858	7.791732283	33.20318898	4.922992126	32.37606299	0.959744094	6.778110236	2.267492126	5.133031496	21.6142126	7.217834646	7.92	3.864496063	2.653984252	3.634405512	6.835354331	13.20417323	174.5837441	180.9617463	72.05373817	8.247644675	66.31797941	33.23462887	7.152861963	5.059031586	11.88911068	3.680233373	2.128981624	15.06160536	19.14352168	18.92979178	14.01993319	9.280761421	7.157957119	4.700759101	71.2765	65.9039	62.0157	red	1.348794396	0.016375263	0.218258552	3.377265327	4.543156698	0.073868817	0.041914343	0.029604444	0.011511068	0.01641446	9.700305205	14.15984264	0.179370011	2.23488518	34.67234016	46.8562925	0.80109941	0.442994067	0.307247383	0.124217422	0.187160254	81.174344	6.549666409	0.065448814	0.742812327	60.62048782	5.197407583	1.451683683	3.581304701	0.693175022	0.20801298	RY684	RY684	agri_aa_oil
AMP_agri_AA_Oil_traits	RY697	Zea	mays cultivar:B73	RY697																						132.1201532	32.41896297	7.378765406	65.72654662	29.81523254	8.129010152	5.671810707	12.84430601	3.386608309	2.099209518	13.90361742	24.18596642	18.34110883	15.2563754	9.144393164	7.268464459	4.252579259	68.2785	65.3474	62.7967	white	1.168657952	0.014913056	0.187380424	2.64303715	3.591563413	0.076905912	0.043583983	0.024185597	0.015721799	0.016269523	7.805178082	15.09849775	0.202919448	2.408751381	33.81957263	46.10839356	1.014804056	0.56459252	0.305006859	0.203353248	0.222971009	75.71287656	6.347761123	0.072393049	0.734479016	46.05925396	4.355802696	1.827393789	2.754093129	0.950396386	0.228273445	RY697	RY697	agri_aa_oil
AMP_agri_AA_Oil_traits	RY713	Zea	mays cultivar:B73	RY713																						160.2593586	62.38963213	8.110531043	64.26086815	28.90005159	9.260640959	5.191578146	9.685338094	3.869826453	2.377641972	12.69965795	19.63213079	24.00846451	13.31753515	9.255489639	7.338424914	4.64184661	69.8356	67.896	66.8382	white	0.769254433	0.011781475	0.248132339	3.118287311	3.304193525	0.056982067	0.051473852	0.028736124	0.014585034	0.01761864	7.641810142	10.63962028	0.171718764	3.076884042	39.38320847	44.15435599	0.825518973	0.656053617	0.375556619	0.203036339	0.267170618	67.75918514	4.169680613	0.080314128	0.890623451	58.08365229	4.710666123	1.737535091	3.287771211	0.789822115	0.178973194	RY713	RY713	agri_aa_oil
AMP_agri_AA_Oil_traits	RY729	Zea	mays cultivar:B73	RY729			9.212137331	4.562596712	8.12688588	32.77577369	4.755705996	31.36663443	0.95766441	6.689990329	3.892369439	5.126208897	21.6127176	7.739555126	7.937862669	3.897683752	3.92155706	3.505793037	6.02287234	12.42964217	174.5336509	155.2459834	59.26129409	8.749707623	75.95073434	27.05545848	15.52247575	5.661480754	12.46431512	3.54872973	2.085982216	13.83747992	24.90260384	19.7189331	14.1115229	8.548512068	7.423113886	4.419005155	71.7431	70.0436	68.2743		1.076097973	0.011029139	0.335590849	3.50512218	4.153589812	0.078216721	0.062683215	0.036166512	0.013805313	0.016204632	9.315081699	11.83397976	0.126987383	3.46623049	36.89947665	45.21431678	0.891783721	0.657520912	0.391173494	0.163895624	0.198128024	94.37849573	3.777931948	0.094876489	0.815368285	51.60007501	5.287482689	1.669028548	4.292107958	0.838036278	0.197494573	RY729	RY729	agri_aa_oil
AMP_agri_AA_Oil_traits	RY732	Zea	mays cultivar:B73	RY732			10.69037185	4.641799469	8.193227092	35.47244356	5.241533865	33.06165339	0.754166667	6.786055777	2.264339309	5.189442231	22.52606242	7.454913679	8.846281541	4.142994688	3.670152722	3.84684595	7.008333333	14.31503984	184.1056574	138.9927754	46.5866385	6.946291556	60.21211097	27.36289067	11.67256918	5.375561178	9.825196345	3.960641687	2.601234672	16.73375405	18.66264578	17.81247469	13.12404234	7.844901056	6.414210478	4.644667388	71.3343	66.797	62.9606		1.161669607	0.012255184	0.217060245	3.348518407	4.095233543	0.086460301	0.054749844	0.034156398	0.014860879	0.014704235	9.087594572	13.29055282	0.157121694	2.350435125	35.7558255	45.91482392	1.065760781	0.594257208	0.37643141	0.180801163	0.207867091	89.29123951	5.969182031	0.067657636	0.77693999	44.37253075	3.980167329	1.57119124	3.410652615	0.980513694	0.201603546	RY732	RY732	agri_aa_oil
AMP_agri_AA_Oil_traits	RY737	Zea	mays cultivar:B73	RY737			10.12263889	4.724270833	8.270034722	38.38506944	5.181944444	13.27940972	2.648128472	6.920381944	3.137815972	5.152395833	22.83239583	6.546180556	7.921527778	3.590347222	2.528159722	4.008194444	6.028888889	14.00461806	165.2824028	153.4425922	45.28766748	8.652918061	67.74727533	25.23615	2.382425763	6.315228783	10.75172068	3.496033798	2.428563442	13.36706843	18.42102502	21.67189526	11.80196075	8.110859286	7.876015781	5.222926859	69.2422	65.7926	62.462	red	1.200684636	0.014538046	0.211895297	3.417678165	3.366834503	0.070140358	0.041170379	0.026545671	0.011120708	0.012910559	8.393453821	14.31908923	0.184076145	2.490640016	40.50345171	40.44276834	0.890523165	0.48797044	0.31476921	0.135890911	0.172511288	81.06103069	5.923136231	0.061821163	0.997275576	47.47124516	5.105062749	1.557031117	3.582229148	0.868142356	0.214435874	RY737	RY737	agri_aa_oil
AMP_agri_AA_Oil_traits	S37	Zea	mays cultivar:B73	S37			8.236438107	3.70779733	5.992566748	24.62017597	4.583677184	8.996328883	2.185452063	5.446177184	2.202848908	3.666353155	13.77727549	4.651061893	5.315230583	3.772603155	3.341080097	3.164199029	6.177700243	11.33264563	121.1696117	130.1261914	48.79485509	8.877885958	61.07849147	27.99926088	9.545261724	5.7981964	11.40620637	3.852899307	2.353202799	13.75978684	18.21112684	24.27064071	12.2379317	8.267905795	7.954583598	5.230902993	74.2745	73.361	70.3833	white	0.805136087	0.008305718	0.123249111	1.322544197	2.293324086	0.064281156	0.032582497	0.016535247	0.012637095	0.018239296	4.70110615	17.16270714	0.177434516	2.576486892	28.00111681	48.92463023	1.373534663	0.69138033	0.35314302	0.270670503	0.393183522	97.20676322	7.431313229	0.089923411	0.582829252	35.79123377	3.812140329	1.9998797719999999	2.712085482	0.685963511	0.268771364	S37	S37	agri_aa_oil
AMP_agri_AA_Oil_traits	SC55	Zea	mays cultivar:B73	SC55																						185.2074877	89.92752159	7.743925651	67.52359241	22.13743861	17.85144612	6.134130668	9.922115847	4.1890619	2.476012737	16.36342388	17.73001723	20.13460921	13.1313148	9.37831692	7.053725617	4.545692013	77.2725	75.3644	73.5072	white	0.771574968	0.008671429	0.180043274	1.431178201	2.078731841	0.06139713	0.030271232	0.013650349	0.008032576	0.011719566	4.598685002	16.83950126	0.189496713	3.808225367	30.88608475	45.42443632	1.341946478	0.659280469	0.299653482	0.177006462	0.25916314	92.13123895	4.631177756	0.12341199	0.683058973	33.96992266	5.86132808	2.201616261	3.761394508	0.695083738	0.279600742	SC55	SC55	agri_aa_oil
AMP_agri_AA_Oil_traits	SHEN137	Zea	mays cultivar:B73	SHEN137			7.708039747	3.653568202	6.399864499	26.82497742	4.05	8.899661247	2.013649503	5.191869919	2.264588979	3.779132791	15.54649955	5.247064137	6.166915086	3.312420958	2.453748871	2.903794038	5.727077687	10.04001807	122.1828907	164.4260564	69.87971464	8.682450998	73.19907248	30.91898533	9.249628273	4.662640092	12.76293752	4.003768071	2.402140698	13.17491186	24.03607794	21.60601157	16.31318804	9.125820334	8.755677142	5.090414862	68.8139	67.3508	63.8008	white	0.603722291	0.009157035	0.061452833	0.756332478	1.77821267	0.059198427	0.020089293	0.013613138	0.010873591	0.01649549	3.329030935	18.1888581	0.276020175	1.843400132	22.59302358	53.39678405	1.794662236	0.602480654	0.406549821	0.323862328	0.496484742	68.20409795	9.877481114	0.081674965	0.425687947	30.19364259	3.089410779	1.485427725	1.862488832	0.655911198	0.274494297	SHEN137	SHEN137	agri_aa_oil
AMP_agri_AA_Oil_traits	SHEN5003	Zea	mays cultivar:B73	SHEN5003																						122.9404173	37.44755855	7.702359261	60.35815666	27.02974829	9.753320738	5.120993403	10.91767818	3.477796217	2.106652545	13.43904895	18.80085393	18.93894229	8.733487595	9.346754847	7.512344226	4.531113056	72.4543	70.022	66.59	red	0.473477208	0.007489424	0.048721158	0.638406661	1.820489792	0.051482803	0.016777144	0.011608473	0.009204582	0.015050551	3.08956619	15.20792864	0.234902524	1.590273974	20.54675582	58.99298217	1.658343467	0.537822164	0.37933392	0.297474651	0.484521153	65.32999235	9.733873789	0.076686538	0.355851865	35.63790171	2.956583688	1.451138536	1.86692064	0.609392749	0.222660325	SHEN5003	SHEN5003	agri_aa_oil
AMP_agri_AA_Oil_traits	SI273	Zea	mays cultivar:B73	SI273			7.111300417	3.2895758	5.85472879	26.2331363	3.930076495	9.020445063	1.896884562	4.639082058	2.250525035	3.346940195	14.24193324	4.068567455	5.129415855	2.863077191	2.437173157	2.606679416	4.372044506	10.2126217	113.5042072	177.2026126	68.3031032	8.198968244	61.12019506	26.85449025	10.44833825	5.673725641	10.30525531	4.254352443	2.654831449	14.18240619	20.43280907	23.57337168	13.64590346	9.392663317	8.317904834	4.409179961	65.9229	64.457	62.2388	white	0.630009263	0.006182992	0.071314577	1.09890794	2.199751144	0.055205516	0.020226472	0.01392235	0.008588459	0.013370769	4.117825236	15.29851767	0.150666693	1.739862964	26.72955727	53.34079508	1.340992199	0.491696067	0.337268882	0.207745683	0.325942548	104.5907405	8.843759535	0.06515853	0.503113739	39.98738135	3.550020565	1.46312352	2.376285952	0.646899883	0.221226882	SI273	SI273	agri_aa_oil
AMP_agri_AA_Oil_traits	SI434	Zea	mays cultivar:B73	SI434																						119.8731479	34.71280709	7.1672847	59.07232448	30.23546015	6.665141034	5.570732367	10.20020088	3.837905716	2.278454233	11.63079488	17.60502577	22.1020061	10.52189762	8.316219437	9.278907017	4.844942619	71.4706	66.3212	62.9606	white	0.515941211	0.006011859	0.052857648	0.558342647	2.102196915	0.058501212	0.012324088	0.009363672	0.006943669	0.011750577	3.324918288	15.29980461	0.173156938	1.665646024	17.80732597	62.17108587	1.702390226	0.390441346	0.286910085	0.203983557	0.332377735	90.4746543	9.229893514	0.091696422	0.298876746	36.23126346	4.266224351	1.379886082	1.960909998	0.613900491	0.218470513	SI434	SI434	agri_aa_oil
AMP_agri_AA_Oil_traits	SI444	Zea	mays cultivar:B73	SI444			9.199933862	3.930257937	7.714021164	33.66137566	4.047784392	31.60998677	0.864659392	6.367625661	2.238151455	5.000958995	21.90958995	6.004761905	7.568386243	2.874778439	3.32417328	3.696660053	5.196395503	11.80830026	167.0178009	144.325688	43.50298129	8.212460691	63.05744336	31.26204364	7.310161271	5.319873055	11.40443749	3.502234576	1.948116079	11.61272964	21.37514536	24.07847995	8.88595831	8.232492824	8.404330502	4.701335856	66.8866	63.7892	59.3381	white	0.627659179	0.00741651	0.086759688	0.996867539	2.059087958	0.047064738	0.023086453	0.012105103	0.009218895	0.017706332	3.886833007	16.17877268	0.188885445	2.229622499	25.47214182	53.06787492	1.194819217	0.592755609	0.313623716	0.238604949	0.457948868	86.67534696	7.325114613	0.08814252	0.484018706	44.81880829	3.757371384	1.884775694	2.525740194	0.515297948	0.246594746	SI444	SI444	agri_aa_oil
AMP_agri_AA_Oil_traits	SI446	Zea	mays cultivar:B73	SI446			8.103	3.984943478	7.366217391	27.0126087	5.04473913	30.09895652	1.260904348	6.502130435	2.97186087	4.381913043	17.87247826	6.902521739	7.335347826	3.313608696	4.195543478	3.391678261	4.729869565	10.53004348	154.9983652	167.9380846	56.70321119	8.545283131	68.64824866	30.92285558	8.31728637	5.688829583	11.94559796	3.655716646	2.308302506	14.36700063	23.92871208	20.9104696	13.07733718	9.356486435	7.290557234	4.404901266	72.6968	66.4643	64.2532	white	0.650896463	0.007564378	0.078071541	0.790328548	2.813986173	0.062674546	0.015922946	0.01156438	0.006294632	0.011404536	4.452884783	14.65534742	0.1712716	1.787691926	18.36267194	62.5539402	1.404550267	0.372121913	0.268127683	0.14881473	0.259586244	85.73563021	8.333009149	0.09612549	0.296530353	44.65699477	4.773772582	1.418199518	2.728281889	0.565163689	0.208833314	SI446	SI446	agri_aa_oil
AMP_agri_AA_Oil_traits	SW92E114	Zea	mays cultivar:B73	SW92E114			8.903146552	3.278775862	4.927198276	18.67357759	5.027758621	17.44685345	0.658336207	5.109353448	1.316418103	3.287590517	9.731465517	4.727327586	4.928405172	4.616724138	3.338581897	3.786318966	8.015431034	10.54564655	118.3189095	182.3559795	74.49781714	9.301571449	76.62255846	34.3793995	9.347243092	6.149450146	14.1072865	3.802607546	2.64534159	13.23528605	23.30265142	22.97126798	23.37305865	7.975239297	8.431070465	4.728591656	74.3816	73.2497	71.6105	white	0.814113329	0.011678144	0.103062028	1.653682299	2.744346217	0.070725003	0.027853703	0.017846312	0.010943095	0.011749567	5.471753799	14.90696879	0.215358435	1.894646703	30.14391551	50.22733574	1.304426324	0.510008637	0.326585774	0.202461551	0.219370039	70.79548172	7.924608321	0.06314303	0.600914591	38.60417888	3.721118499	1.567698154	2.538108605	0.944246658	0.216463423	SW92E114	SW92E114	agri_aa_oil
AMP_agri_AA_Oil_traits	SY1032	Zea	mays cultivar:B73	SY1032			9.79122191	4.485849719	6.718258427	36.33356742	5.501860955	13.02338483	3.02880618	6.774929775	3.924754213	4.617837079	21.39490871	6.624087079	7.623560393	3.723876404	4.155266854	3.506400983	6.387535112	12.82819522	160.4443013	190.8099498	71.62459336	8.954132115	68.05933852	30.60053587	6.061248405	5.548533642	12.7438631	3.47828821	2.20075973	15.23946488	21.74737081		19.08283006	8.094026486	7.010715413	4.980339959	76.9205	71.2105	68.8488	red	0.810455678	0.012513026	0.216424459	2.886518114	3.618679742	0.054867255	0.040052269	0.024316098	0.010639201	0.0155775	7.713662366	11.06253741	0.179129392	2.703605417	36.32486033	47.53660318	0.790934928	0.522206579	0.325036298	0.156437304	0.240066487	67.13119139	4.670603032	0.076328308	0.761302602	66.50915934	5.212269921	1.619949353	3.572577892	0.673238078	0.175874943	SY1032	SY1032	agri_aa_oil
AMP_agri_AA_Oil_traits	SY1035	Zea	mays cultivar:B73	SY1035			10.30061837	5.135556537	8.520538869	39.84845406	5.5829947	14.01090989	2.879204947	7.351987633	3.052866608	5.44319788	23.30128092	6.895229682	8.275883392	3.881894876	3.021166078	4.386939046	6.458127208	15.37460247	173.7214532	179.9962137	56.30361239	7.215357126	68.69487071	26.3349143	12.47897345	7.058934884	11.10244979	4.110751452	2.591458554	16.10834712	15.98334175		14.53854152	9.151126284	7.272146588	4.607997275	71.5977	68.2412	63.6892	red	1.266982531	0.015268298	0.248093622	3.985921354	4.068977994	0.065548374	0.042519047	0.029836628	0.01115354	0.011913769	9.764511441	13.15492338	0.167926611	2.523338046	40.43992483	41.95634632	0.7028771	0.444270517	0.305935218	0.119366191	0.138976	81.42991349	5.389783654	0.063429497	0.964620568	61.9816931	5.780580037	1.462593236	3.757045366	0.956336305	0.196947601	SY1035	SY1035	agri_aa_oil
AMP_agri_AA_Oil_traits	SY1039	Zea	mays cultivar:B73	SY1039			10.80626559	4.472630923	7.287250623	34.46758105	4.788372818	12.7997818	2.215698254	7.225124688	2.845922693	5.734756858	22.76913965	7.213840399	8.611097257	3.838185786	3.212032419	3.588466334	6.692892768	15.01577307	163.584813	181.3220487	67.86931424	8.310541187	76.97514339	28.49467116	7.676077392	6.373497512	12.24819337	3.362899452	2.225740969	13.21264573	19.63794984	22.3403134	16.86922969	8.388069851	7.633007293	5.033034812	74.9169	72.8045	69.8254	white	1.043211605	0.015034695	0.240658933	3.511465974	4.814029756	0.082676788	0.046422217	0.034540032	0.012708715	0.017364788	9.839145098	10.95377227	0.159000483	2.438204094	35.12239979	49.20877627	0.868533169	0.481502979	0.357003161	0.143415871	0.196056745	70.76556129	4.647324555	0.070848528	0.713466896	56.85320992	5.115616331	1.354752103	3.595933716	0.73312131	0.167720558	SY1039	SY1039	agri_aa_oil
AMP_agri_AA_Oil_traits	SY1052	Zea	mays cultivar:B73	SY1052			9.612033046	4.885704023	7.588074713	33.17826868	5.638397989	32.6996408	1.233721264	7.480783046	3.093477011	5.140912356	21.10122126	6.974568966	7.277298851	4.66641523	3.048908046	4.361853448	7.19529454	15.01925287	180.1958261	168.6101963	64.3523004	8.212094472	69.15003259	29.10674257	16.55902591	5.589468512	11.39597582	3.8316053	2.539836689	14.28051425	17.88705777	25.18874209	15.92581713	8.856845824	7.79840801	5.049265296	68.2785	66.9056	65.028	red	1.048691821	0.011337664	0.1893543	2.409894156	4.695106195	0.05403548	0.038565191	0.026138911	0.010980861	0.013225214	8.515220832	12.60927275	0.139357357	2.236165854	27.88776557	55.33382257	0.660926219	0.461182681	0.313920996	0.14255858	0.173706556	91.62262482	5.749265114	0.081026139	0.504779566	85.93486673	4.917141154	1.471049365	3.456269072	0.829912843	0.186644386	SY1052	SY1052	agri_aa_oil
AMP_agri_AA_Oil_traits	SY1077	Zea	mays cultivar:B73	SY1077			8.575634921	4.188095238	7.203571429	30.06916667	4.509484127	24.34496032	2.661503968	7.074285714	4.483809524	4.704206349	19.59940476	6.826547619	7.055674603	3.639031746	2.613277778	3.300789683	5.976309524	11.10964286	157.9353968	164.8942723	71.68453729	9.452523078	68.17189375	27.46509673	8.640511803	4.915274698	12.11198959	3.531779458	2.235044752	12.54098284	21.64071286	19.48065261	16.31699981	9.319496693	6.928647815	4.179892728	73.9533	71.4689	67.5941	red	1.113885082	0.012095432	0.144532918	3.288953763	3.708547813	0.071360693	0.039896899	0.028036092	0.01135041	0.012067621	8.444695763	13.19000907	0.149484605	1.730549337	38.77481752	44.15576123	0.878946797	0.467739003	0.331871876	0.139286995	0.153864632	90.5968071	7.824515725	0.044735106	0.876089328	51.43765902	3.688869977	1.414140227	3.436076756	0.953126564	0.186285632	SY1077	SY1077	agri_aa_oil
AMP_agri_AA_Oil_traits	SY1128	Zea	mays cultivar:B73	SY1128			9.438058748	4.277362708	7.073850575	30.40450192	5.484003831	11.45210728	3.066047254	6.414176245	3.546711367	4.864272031	18.81890166	6.641347382	7.394316731	4.340102171	2.760587484	3.984770115	6.991028097	12.89549808	149.8476437	160.29543	76.18052968	9.474400126	67.86480364	25.5792083	17.15196621	5.702176101	13.85787439	3.922793209	2.891519693	16.58605372	23.593919	18.44481464	23.28967622	8.419977603	7.058192681	4.688830864	74.5957	72.0254	68.5982	red	1.125312433	0.012853782	0.211507573	2.648396458	4.432856526	0.08197634	0.03967406	0.02908165	0.011225613	0.014417187	8.62831778	13.34416878	0.162616963	2.42036464	30.49590584	51.40068292	0.994655142	0.469631104	0.336657624	0.136501206	0.185152361	85.51472359	5.679519882	0.079804266	0.595177093	52.71716432	5.228592023	1.403185723	3.47072458	0.778294374	0.199769541	SY1128	SY1128	agri_aa_oil
AMP_agri_AA_Oil_traits	SY3073	Zea	mays cultivar:B73	SY3073			9.120423497	4.222404372	7.128312842	33.82786885	5.134870219	12.07670765	2.559272541	5.924829235	2.78489071	4.217486339	18.96386612	5.883469945	6.894945355	3.564105191	3.931181694	3.220163934	5.704474044	13.82735656	148.9866291	166.7337871	58.18220721	8.850904266	68.20601487	25.04970527	7.676077392	6.466508629	9.982257775	3.678409615	2.402512849	14.62011908	20.53728069	20.1955477	17.29948299	8.282252192	7.45576141	4.51255802	72.13307	68.7977	67.37094	red	1.220367619	0.016170308	0.206237171	3.677804971	4.031258349	0.074070161	0.046263964	0.029972163	0.0135128	0.013192007	9.34860233	13.3340946	0.177549435	2.201174942	38.62566243	43.61888726	0.819635861	0.502303942	0.32923514	0.158093479	0.161868011	76.27665715	6.180672159	0.058729298	0.887834624	53.46777038	4.404172387	1.54151025	3.347979798	1.02105006	0.19708022	SY3073	SY3073	agri_aa_oil
AMP_agri_AA_Oil_traits	SY998	Zea	mays cultivar:B73	SY998			10.55052682	4.916091954	8.773227969	33.78539272	5.507519157	12.14923372	2.211666667	7.256226054	2.558802682	5.610296935	20.59746169	7.367049808	8.463266284	4.750627395	2.876039272	3.760996169	7.580124521	13.66800766	162.3825575	164.4710388	42.71871824	7.644385084	72.59626598	34.87534248	12.01798454	6.363102152	10.21931871	3.637375056	2.270399128	15.25027471	17.86943077	17.05698696	11.9969835	9.0540134	7.395508828	4.470378055	72.6684	69.9107	63.5776	white	0.968969852	0.012902687	0.138194259	2.616693141	3.622750057	0.07141977	0.028704371	0.025812685	0.008658428	0.015782309	7.522914921	13.08031296	0.182692134	1.851960501	34.56895206	48.20680836	0.99204638	0.391278652	0.344267283	0.120803833	0.226471314	74.22909071	7.177430089	0.054444096	0.71776099	50.53308118	4.79744697	1.157121185	3.291154999	0.545151441	0.187027748	SY998	SY998	agri_aa_oil
AMP_agri_AA_Oil_traits	SY999	Zea	mays cultivar:B73	SY999			9.267638484	4.577004373	7.106086006	30.42919096	5.345043732	28.48199708	1.000466472	6.850765306	2.253002915	4.851785714	18.22248542	6.165634111	7.004154519	4.246865889	2.845601312	4.105539359	6.081669096	11.63206997	160.4670007	164.1539916	49.40280692	7.539962684	72.82951062	35.24564405	6.211310988	5.691315841	11.20457344	3.431967286	2.267575729	14.45811009	17.64909327	19.0040112	13.41761764	8.080560247	6.509945838	4.472599935	72.15181	69.6141	65.1148	white	1.069900377	0.01408303	0.165034363	2.422599823	3.741467204	0.072703503	0.031664782	0.022619067	0.009142526	0.014809603	7.579578044	14.17674064	0.191220569	2.151020023	31.87799849	49.4958839	1.001871463	0.416836165	0.302189036	0.127253874	0.208585868	75.12266201	6.789305987	0.067317124	0.643716174	51.01532441	5.119278795	1.399245764	3.450816916	0.621827676	0.206770804	SY999	SY999	agri_aa_oil
AMP_agri_AA_Oil_traits	TIAN77	Zea	mays cultivar:B73	TIAN77			7.149136691	3.160154676	5.709532374	24.90082734	4.067086331	22.80589928	0.619539568	4.606834532	1.951485612	3.394140288	13.89888489	4.685503597	5.091079137	2.910158273	2.976183453	2.648503597	4.814388489	9.266115108	124.6554532	147.6678919	68.57569799	8.174903491	61.04057911	27.83146063	13.56810786	5.02059611	13.2727055	3.863506034	2.650886574	14.07433755	21.37555749	20.40660559	12.97391861	7.78227965	8.19486417	5.062994443	74.2745	72.8045	70.2717	white	0.610127719	0.008370204	0.078363394	0.834811194	2.263642041	0.065227593	0.020287744	0.01158137	0.007277632	0.013965936	3.913970033	15.60987965	0.211722015	2.00831108	21.20905415	57.89363314	1.67401073	0.521272142	0.29959287	0.186746959	0.355566227	74.41702426	7.833859016	0.096222772	0.375658282	34.26350782	3.855212827	1.744085338	2.792415427	0.526598352	0.230561095	TIAN77	TIAN77	agri_aa_oil
AMP_agri_AA_Oil_traits	TIE7922	Zea	mays cultivar:B73	TIE7922			6.116938406	2.772309783	4.822599638	21.3348279	3.439492754	17.1321558	0.438192935	4.352518116	1.77567029	3.418500906	13.16956522	5.503940217	5.666440217	2.637961957	3.988980978	2.534225543	4.774728261	9.104483696	112.9835326	187.107496	63.99071759	7.700171556	67.47809758	24.24426404	4.578619739	4.929499928	11.74125483	3.870510171	2.369871811	14.71331862	24.128317	22.12941832	15.90967163	10.23479682	7.743142552	4.394601004	71.2765	68.2412	65.5859	white	0.829688647	0.009663892	0.076744532	1.149248031	2.871102144	0.067299114	0.022492358	0.014855219	0.010122295	0.01569235	5.073303716	16.38972976	0.191539425	1.538291045	22.69638634	56.55894053	1.334371404	0.446119004	0.295720856	0.201792339	0.312778699	85.6599531	10.87432268	0.067509489	0.405030778	42.5730506	3.444041617	1.518261711	2.246136007	0.6461378	0.233745077	TIE7922	TIE7922	agri_aa_oil
AMP_agri_AA_Oil_traits	TT16	Zea	mays cultivar:B73	TT16			7.161733491	3.251385613	5.121137972	21.31400354	3.777505896	7.362588443	1.637744693	4.597110849	1.816132075	3.408726415	12.91403302	4.019988208	5.064829009	3.163915094	3.255955189	2.415798939	4.269840802	9.044221698	103.5966509	188.2527748	75.75877507	7.988948586	72.9846781	27.6804404	8.993877447	5.474572427	12.62231154	4.118847211	2.748613583	13.53338362	22.20611464	26.63452301	14.63934547	9.800100991	9.034124155	4.634491115	69.5634	68.6864	64.8049	red	0.499993969	0.006879162	0.057246298	1.073261957	1.66517535	0.053797368	0.016009487	0.014946066	0.008385423	0.015261764	3.408678316	14.6416256	0.198874855	1.685339782	31.4005329	48.83261083	1.567676854	0.470799299	0.43688387	0.244193208	0.44427596	74.64665476	8.916991696	0.054115602	0.644595063	31.24199394	3.554401923	1.092265505	1.954732279	0.552904068	0.213181544	TT16	TT16	agri_aa_oil
AMP_agri_AA_Oil_traits	TX5	Zea	mays cultivar:B73	TX5			6.980049875	3.256265586	5.393142145	23.05632793	4.004177057	7.933759352	2.073400873	4.742830424	2.124130299	3.432543641	13.51708229	4.47951995	5.519981297	3.382387781	2.841667706	2.601701995	5.358011222	10.10554863	110.8025281	150.5024487	61.42861358	6.713516704	66.6023221	27.49958901	9.42923954	4.88955986	12.14559831	3.543816262	2.144798056	11.75989173	16.89262294	26.31120491	11.88057846	8.851804152	8.831617237	5.114271337	67.7432	66.1265	64.3586	white	0.662684448	0.01362517	0.071464582	1.411481799	2.034361769	0.061138822	0.017908705	0.012900821	0.007605307	0.015866239	4.309861063	15.36887898	0.314276357	1.66948924	32.69841532	47.21367521	1.421768809	0.417547503	0.30055226	0.177539118	0.368938563	50.56372973	9.272986867	0.051447424	0.693116598	33.34241012	3.994276786	1.401571512	2.380142647	0.484595896	0.220313851	TX5	TX5	agri_aa_oil
AMP_agri_AA_Oil_traits	TY1	Zea	mays cultivar:B73	TY1			7.160110585	3.415454186	5.825118483	25.14747235	3.720884676	24.3514613	0.74906793	5.101658768	2.208234597	3.863203002	16.12693523	5.006951027	5.51192733	2.617657978	3.890667457	2.951721959	4.495023697	10.2385466	132.3820972	174.1174395	67.81929988	8.389298559	78.68119952	31.34780821	10.66141745	6.559382964	11.8547944	3.916227679	2.373485046	14.29938119	24.49727325	23.3378985	16.88768115	10.02677406	7.775901024	4.243509995	73.8462	70.13327	68.4866	red	0.638124783	0.007662465	0.068439552	1.258268171	1.812427094	0.052669744	0.024073033	0.013979063	0.010570239	0.014805108	3.899337978	16.38070256	0.193481427	1.770060031	32.1132933	46.53110303	1.339609212	0.615758412	0.360383588	0.270900118	0.378651955	85.93766865	9.293763143	0.05578381	0.691619336	34.85559383	2.86525347	1.714382108	2.30168967	0.719450225	0.241700467	TY1	TY1	agri_aa_oil
AMP_agri_AA_Oil_traits	TY10	Zea	mays cultivar:B73	TY10			8.424256198	3.565115702	6.519421488	29.19227273	4.216363636	27.1892562	0.775669421	5.321818182	1.912376033	4.188677686	17.68297521	5.461033058	6.091652893	2.928714876	3.87672314	3.069842975	4.860082645	11.08342975	146.3596818	187.0010229	71.02739504	8.422114131	75.47381399	34.25410865	5.653498344	4.796685525	12.39766375	3.939207032	2.35227242	15.0804723	24.62462415	25.00268168	14.85375741	9.955042078	7.518300312	4.230256397	67.2078	66.0152	64.3586	red	0.774418842	0.008604286	0.076258925	1.068509935	2.289202823	0.05277412	0.022596922	0.014991237	0.008582652	0.014036449	4.333279553	18.15209544	0.198096321	1.748479724	24.24947848	53.08518682	1.192695452	0.52248637	0.347653567	0.198464662	0.326783615	91.32532738	10.51412603	0.071680138	0.46982118	45.69151761	3.373145946	1.524967541	2.626795876	0.618774057	0.265455888	TY10	TY10	agri_aa_oil
AMP_agri_AA_Oil_traits	TY11	Zea	mays cultivar:B73	TY11			7.616780822	3.571211473	6.190710616	26.27744007	3.604863014	26.15239726	0.91552226	5.482833904	1.842350171	4.095809075	17.15633562	5.29927226	6.143578767	2.868463185	3.23135274	3.136750856	4.575042808	10.52405822	138.6847731	189.0221292	71.12400113	8.918723114	73.5562069	36.05814784	6.041726424	5.126054302	12.61647423	4.009239345	2.321756011	13.49187637	21.56632273	25.19972271	15.5141462	10.118591	8.535301967	4.41315604	69.5634	68.5751	67.0362	white	0.63990417	0.007762471	0.061486629	0.797888185	2.112356102	0.049226533	0.014044436	0.009682803	0.005966567	0.011149473	3.70977868	17.26678823	0.206836731	1.664572731	21.43833836	56.96639181	1.314026947	0.381845493	0.263646774	0.161083139	0.297495047	83.76871476	10.40584652	0.078551356	0.381488967	43.64788484	4.38578476	1.455142591	2.415740014	0.547450288	0.247255053	TY11	TY11	agri_aa_oil
AMP_agri_AA_Oil_traits	TY2	Zea	mays cultivar:B73	TY2			6.149457505	3.017585895	5.093942134	20.84516275	3.604950271	22.62038879	1.371889693	5.421383363	1.849801085	3.281681736	13.22730561	4.426695298	4.593444846	2.512798373	3.65574141	2.994394213	4.042531646	9.335036166	118.0441908	166.4944718	63.01759061	8.389298559	69.43437528	29.60119399	9.921218227	5.66702337	11.80579642	4.05392142	2.59472901	16.39361098	19.86526562	24.10105121	15.76542283	10.44425421	7.954583598	4.41580676	70.9553	69.3542	66.7015	red	0.55190292	0.005627697	0.063340153	0.870117179	1.761782087	0.054077899	0.020097781	0.011451894	0.009114003	0.012461204	3.357920785	16.46730063	0.166267908	1.889765687	25.82971232	52.40317561	1.607823697	0.601845075	0.342182071	0.270386083	0.368989068	101.0110707	8.751086739	0.073284731	0.494657396	32.89932604	3.174810076	1.756032797	2.223303576	0.739412108	0.244759221	TY2	TY2	agri_aa_oil
AMP_agri_AA_Oil_traits	TY3	Zea	mays cultivar:B73	TY3			6.787345679	3.391149691	5.59371142	23.40563272	3.840509259	22.78117284	0.844182099	5.184992284	1.443152006	3.688383488	14.61400463	4.768479938	5.110725309	2.833958333	4.059066358	3.450871914	4.504012346	10.22469136	126.5260417	164.4958567	59.40452271	8.724017389	74.34326746	27.92617455	7.737993077	5.059031586	13.49613838	4.058480816	2.372368592	15.38611664	23.8359281	26.76202015	13.52557672	10.04829366	7.967984792	4.602682481	68.7068	67.4621	64.6933	red	0.635538787	0.007529619	0.075479957	1.029493846	1.99936776	0.059175725	0.01778445	0.010805655	0.007812367	0.014017204	3.85669688	16.55664593	0.191471973	1.978263533	26.41920434	51.95543733	1.538798779	0.465177218	0.285951572	0.204423197	0.362380612	88.23481449	8.409736	0.076105145	0.512203841	33.80074859	4.290556071	1.624126402	2.29173105	0.562701735	0.244490761	TY3	TY3	agri_aa_oil
AMP_agri_AA_Oil_traits	TY4	Zea	mays cultivar:B73	TY4			7.564150943	3.483528302	5.778443396	25.1709434	4.195976415	23.06099057	0.832433962	5.068962264	1.701783019	3.706584906	14.64075472	4.899811321	4.938207547	3.021858491	3.618853774	3.250551887	5.223962264	10.63023585	130.788033	175.3443736	62.28647569	8.964664914	78.72214487	30.42378814	8.800600106	5.557872089	14.15150851	3.853490398	2.251419411	13.8314812	24.97315667	25.34735097	15.41122847	10.31226736	8.624643254	4.761725649	70.8482	68.2412	65.5859	red	0.606545719	0.006418282	0.066019695	0.818541524	1.811180805	0.054703031	0.014837889	0.010230085	0.006677558	0.011967812	3.406298593	17.9136195	0.184777392	1.944344867	23.82273856	53.1790642	1.601788554	0.442175989	0.305753409	0.198009893	0.349750645	99.78421264	9.247563021	0.082043129	0.450222626	33.26149414	4.458083709	1.44988663	2.256980745	0.570131291	0.264587338	TY4	TY4	agri_aa_oil
AMP_agri_AA_Oil_traits	TY5	Zea	mays cultivar:B73	TY5			6.372605364	3.023662197	4.93467433	22.2149106	3.346232439	20.10686462	0.517860792	4.509642401	1.484514687	3.420913155	13.74268838	4.560536398	5.095274585	2.548700511	3.275702427	3.101574074	4.413984674	10.28888889	116.9592305	167.3320753	67.39809731	7.881751052	71.41112566	26.61882411	9.691683953	5.33861206	12.11552735	4.127783626	2.533882268	17.84259159	22.99425045	22.4588393	17.37667129	9.665244859	7.540635633	4.458218271	72.3472	71.3576	67.7056	red	0.622896053	0.007161706	0.082486102	1.183968213	1.921410966	0.056149108	0.024574247	0.01565827	0.009943774	0.013302731	3.937794722	15.81887118	0.181683117	2.093420047	30.02965351	48.76617335	1.422834756	0.624738848	0.396388405	0.251771197	0.337458612	88.90958103	7.621330579	0.070105393	0.61655505	34.38265454	3.395910119	1.573417978	2.476042821	0.755953341	0.237696098	TY5	TY5	agri_aa_oil
AMP_agri_AA_Oil_traits	TY6	Zea	mays cultivar:B73	TY6			9.102248062	3.778434109	6.214534884	26.34686047	4.455658915	28.83189922	1.368856589	6.591395349	2.18505814	4.197906977	17.44007752	5.345930233	5.918565891	3.309527132	2.809860465	3.255492248	4.602984496	11.52151163	147.2768023	169.4066952	65.97760131	8.993105076	74.87555698	30.73533728	7.672172799	5.73979089	12.46841896	4.137084793	2.533510117	18.13314239	21.98552228	22.95601713	16.32605276	10.42416926	7.546591719	4.61063464	72.24015	69.7994	67.37094	red	0.657870178	0.005874794	0.07561035	0.963740953	1.828057185	0.058413765	0.022193177	0.012176883	0.008805214	0.013681918	3.646789602	18.1004587	0.1596047	2.07698214	26.33917637	50.09261761	1.597237412	0.610387644	0.335994827	0.241591639	0.373881366	113.9507475	8.717034326	0.079550523	0.526965949	31.49111672	3.430808263	1.826965852	2.564252489	0.645564665	0.273960973	TY6	TY6	agri_aa_oil
AMP_agri_AA_Oil_traits	TY7	Zea	mays cultivar:B73	TY7			6.998125	3.103675	5.406958333	24.48229167	3.265520833	21.72895833	0.386628333	4.4845	1.467266667	3.848079167	15.509375	5.343833333	5.911916667	2.614779167	3.482833333	2.761583333	4.712708333	10.700375	126.2094075	178.309335	63.35841691	8.892470656	77.19124383	30.1210019	7.652649835	5.672768174	12.54448081	3.979147336	2.345015469	16.71434887	22.82832272	24.26454036	13.24566783	9.666679499	7.576372148	4.835945794	71.0624	69.4655	66.1437	red	0.685808048	0.006748675	0.088151679	0.937525324	2.173841535	0.05663757	0.018844233	0.011710807	0.006975099	0.012899484	4.000344271	17.23589752	0.165831375	2.195754673	23.33088569	54.34845443	1.413107941	0.47097575	0.29408291	0.174469646	0.318939864	105.8026744	7.87692767	0.094167764	0.434043845	38.62200664	4.690474912	1.603824716	2.733743353	0.562639584	0.257269526	TY7	TY7	agri_aa_oil
AMP_agri_AA_Oil_traits	TY8	Zea	mays cultivar:B73	TY8			8.331387363	3.855013736	6.592445055	28.24962225	4.143921703	27.31929945	0.726198489	5.727403846	1.688890797	4.423557692	18.44162088	5.537774725	6.341826923	3.189268544	2.342740385	3.157712912	4.993784341	11.69800824	146.7604773	198.1372722	74.45343354	8.341169054	78.05564561	33.76114878	8.7498404	5.562659426	13.24937959	3.926440725	2.160614487	13.10699089	26.80901475	23.74601134	15.57084625	9.868963696	8.221118439	4.175916648	71.3836	68.909	67.1478	white	0.671363085	0.007369156	0.061362199	0.776195621	2.125475399	0.05832382	0.015486019	0.009742154	0.00661254	0.011421722	3.743644389	18.00050877	0.194736701	1.625054264	20.54697682	56.89807955	1.566053048	0.411511753	0.262106945	0.175081122	0.301862162	93.04727429	11.24243117	0.078749757	0.36745682	36.6197127	3.984587041	1.567327191	2.408522032	0.592519169	0.258554336	TY8	TY8	agri_aa_oil
AMP_agri_AA_Oil_traits	TY9	Zea	mays cultivar:B73	TY9			8.763291855	3.913772624	6.503450226	27.65084842	4.173557692	27.2481052	0.775220588	5.610124434	1.645299774	4.445616516	18.30871041	5.37861991	6.57344457	3.400141403	2.422075792	3.237245475	4.894428733	12.09604072	147.0399943	185.7609043	69.64940572	8.51837314	74.24545358	33.64480727	5.646804757	4.821579676	12.0881097	3.911303532	2.270399128	15.38989003	21.19952814	25.2192438	13.47437391	10.50450908	7.364931101	4.472797228	67.4219	67.5734	66.0321	red	0.740852549	0.008112526	0.068088831	0.925022157	2.160908685	0.052095528	0.020707527	0.012723569	0.008786838	0.014544438	4.014347113	18.5209319	0.199927098	1.720250095	22.98783575	53.81118886	1.294065304	0.516401415	0.319256352	0.219663132	0.363625652	93.41847553	10.83254175	0.075495449	0.433016027	41.92940855	3.3291237	1.616447753	2.382009133	0.607894421	0.272439003	TY9	TY9	agri_aa_oil
AMP_agri_AA_Oil_traits	U8112	Zea	mays cultivar:B73	U8112			6.584693878	3.260983302	5.825974026	23.87230983	3.533961039	23.15361781	0.731349722	4.689564007	1.752101113	3.729165121	15.2211039	5.325231911	5.430009276	2.65804731	3.060630798	2.910018553	4.35724026	9.246985158	125.342987	166.0142901	51.3696559	7.765802699	67.8079351	26.35481837	7.406102693	5.402762374	13.44112016	3.569332294	2.358612055	12.83051943	22.24894611	21.91961443	13.61778262	8.906939602	7.592635918	4.83937445	71.7048	68.909	67.5941	white	0.789663811	0.009565239	0.08691897	1.272298494	2.705622127	0.064924176	0.025594508	0.015341123	0.010046631	0.015103116	5.001116094	15.77106414	0.192722945	1.754193122	25.57109007	54.03038753	1.310498578	0.512101104	0.307309785	0.201148499	0.306024957	82.59903235	9.083815083	0.068201111	0.475642941	41.46704715	3.443068569	1.67915961	2.580575484	0.667901511	0.228435177	U8112	U8112	agri_aa_oil
AMP_agri_AA_Oil_traits	W138	Zea	mays cultivar:B73	W138			9.87993311	4.118536789	6.857316054	30.21885452	4.335744147	28.35631271	0.831789298	6.333528428	1.430200669	4.689799331	18.98808528	5.599038462	6.733570234	3.329427258	3.091492475	3.750167224	5.217098662	11.79577759	155.5566722	136.2187903	40.10318876	7.982415694	54.40251249	28.42161026	5.173985169	5.235087647	12.80294087	3.504427295	2.088857048	10.56725824	18.37490549	28.27425155	13.05732068	9.178547999	9.144858031	4.904296383	69.1544	66.178	61.9554	white	0.436010769	0.008714641	0.057545456	0.60645845	1.843615856	0.04897159	0.011281678	0.008150487	0.005995498	0.010844049	3.033379061	14.3763704	0.28234217	1.891394911	19.9379729	60.66012322	1.580117068	0.382396743	0.271357247	0.196500144	0.349175501	54.60344833	7.855763527	0.095243812	0.334010094	38.6539437	4.864240576	1.430743164	1.978952227	0.572342782	0.208839708	W138	W138	agri_aa_oil
AMP_agri_AA_Oil_traits	WH413	Zea	mays cultivar:B73	WH413			7.113965268	3.186653401	5.708068017	23.86772793	3.335832127	23.02955861	0.699124457	5.127279305	1.693683068	3.715701881	15.05235166	4.526410999	5.160166425	2.825094067	2.838071635	3.026667873	4.271816208	9.036324168	124.2144971	131.3158987	56.72892034	7.492339603	61.88223347	22.88694642	7.19190789	4.435720324	9.259493307	3.620778857	2.361576204	12.97869573	17.22029897	19.67403344	12.13443012	7.451595808	7.763988852	4.764376368	66.6724	67.2395	64.247	white	0.638572536	0.008166885	0.096685254	1.358808721	1.90529181	0.063435576	0.019904735	0.011143781	0.008237603	0.016311854	4.126598704	15.50110679	0.195925745	2.327450665	32.71845849	46.27582718	1.54753889	0.482134902	0.27234037	0.199834946	0.397853606	80.56209617	6.702165423	0.073420554	0.720427549	30.18956129	4.851323121	1.770516645	2.478351387	0.517891755	0.23466697	WH413	WH413	agri_aa_oil
AMP_agri_AA_Oil_traits	WMR	Zea	mays cultivar:B73	WMR			10.66560333	4.715603329	8.589147018	41.05027739	5.411338419	14.2470527	2.368938974	6.900277393	2.732201803	5.169660194	23.35918863	6.206553398	8.019209431	3.339941054	3.366993759	3.502877947	5.71979889	13.57527739	168.9399411	131.6535992	48.22493435	6.543422658	65.94833392	22.38727454	7.523798275	5.316316748	10.98675714	3.277493267	2.13102124	13.75728587	21.30349572	16.8480088	11.64949366	7.375559904	7.160935162	4.476773307	68.0644	67.4621	66.7015	white	0.542965401	0.011567423	0.062576667	0.71509359	1.82232754	0.049770244	0.01850258	0.010890395	0.009371381	0.017428649	3.25786106	16.71377724	0.347172179	1.926257239	21.94168636	55.77001426	1.496103939	0.575646229	0.336926196	0.287771137	0.534819518	51.58013268	8.72062038	0.087827681	0.396786928	37.28660844	3.406332999	1.714679254	2.006593181	0.542233135	0.25170634	WMR	WMR	agri_aa_oil
AMP_agri_AA_Oil_traits	WU109	Zea	mays cultivar:B73	WU109			9.446317104	4.32056804	7.377153558	32.25780275	4.754556804	30.71376404	0.976560549	6.798033708	1.946235955	5.011048689	20.73046192	5.833895131	7.406429463	3.700873908	2.75289638	4.054307116	5.487265918	12.73558052	166.3037516	140.6877516	51.69601889	8.031608829	64.23659093	32.80580599	6.443899478	4.490979869	12.01470117	3.707407369	2.38576604	14.14844571	20.52275935	20.094957	10.28890901	8.33820314	7.890555676	4.968481767	69.5634	66.0152	62.5735	red	0.409649039	0.006332674	0.069256257	0.897300981	1.787257493	0.068125513	0.01554111	0.010333632	0.006160284	0.012487679	3.279822051	12.44949084	0.190811588	2.119038134	27.27275968	54.45374864	2.077905905	0.477733919	0.317402399	0.188807483	0.378000245	67.01176031	6.005937554	0.078310937	0.502372322	26.41323975	4.462359382	1.502363591	2.587852503	0.499265322	0.186536242	WU109	WU109	agri_aa_oil
AMP_agri_AA_Oil_traits	XI502	Zea	mays cultivar:B73	XI502																						131.7869953	43.40544955	8.187300485	59.78662785	26.39583621	3.494816349	5.040429362	11.07268275	3.879238571	2.391062207	13.17488315	20.59557624	20.05426486	11.58998138	8.9077551	8.483186216	4.292548305	64.9593	63.4553	62.0157	white	0.555245812	0.007015592	0.069533306	1.255999967	1.738954237	0.041726409	0.021677033	0.013760561	0.010012258	0.016840935	3.727100195	14.84246491	0.184450199	1.870049992	33.62207015	46.66311736	1.090303899	0.579596358	0.369190281	0.267955693	0.451436946	82.6023096	7.986725875	0.056324841	0.721275042	43.40505713	3.225767874	1.574394126	2.192174582	0.588298993	0.220774728	XI502	XI502	agri_aa_oil
AMP_agri_AA_Oil_traits	XUN971	Zea	mays cultivar:B73	XUN971			7.082550861	3.358861502	5.997652582	25.11686228	3.763943662	23.26709703	0.715054773	4.770109546	1.669800469	4.017840376	15.89761346	4.956377152	5.600586854	2.589244914	3.909393584	2.895301252	4.341353678	10.82116588	130.7708099	155.2700304	53.69416412	9.789648383	66.46583761	26.11989801	7.047437958	5.546519261	13.28829495	4.042796496	2.661530173	14.1786328	18.99360454	25.62346007	17.93414234	10.31657128	8.414691229	5.419104075	67.8502	67.0169	64.8049	white	0.564558922	0.008657183	0.05752591	0.79549075	2.363411107	0.060784987	0.017606243	0.011657177	0.008389896	0.015571892	3.904632775	14.436662	0.219844399	1.485835812	20.40348435	60.49532835	1.555832261	0.452402764	0.299861191	0.214602357	0.397735655	67.72638541	9.912182653	0.072432644	0.341209208	39.05534104	3.275655482	1.522564294	2.113336079	0.543547393	0.205522881	XUN971	XUN971	agri_aa_oil
AMP_agri_AA_Oil_traits	XZ698	Zea	mays cultivar:B73	XZ698			7.662376238	3.30679868	5.886674917	26.04327558	3.930655941	23.98193069	0.473622112	5.118193069	1.872363861	4.02665429	16.06274752	5.832632013	6.371080858	3.120561056	4.098733498	3.030342409	5.672731023	10.34917492	136.8405487	161.3719057	58.01262211	7.299821583	85.58504001	27.0260194	4.582524331	5.373080885	9.127888617	4.309612315	2.863980495	16.67284162	19.82885717	22.57474579	18.02705418	8.564876212	7.717829187	4.486050825	72.8826	73.4723	70.0486	red	0.599122854	0.007694564	0.079297682	1.062482269	2.473319999	0.069453009	0.027089326	0.014060246	0.011414913	0.014628929	4.361213736	13.76858874	0.176257907	1.824296652	24.30334555	56.72097432	1.601823277	0.620235981	0.323849036	0.262918027	0.336252202	79.88736227	7.620392861	0.075115277	0.431235158	35.45744863	2.957370584	1.928483615	2.377332031	0.784045972	0.203366427	XZ698	XZ698	agri_aa_oil
AMP_agri_AA_Oil_traits	YAN414	Zea	mays cultivar:B73	YAN414			5.958741259	3.152687937	5.227884615	22.65930944	3.694291958	20.61835664	0.779265734	4.732298951	1.764729021	3.42486451	13.43876748	4.843269231	4.534659091	2.459562937	2.391324301	3.229562937	4.101586538	9.866302448	116.877465	156.708692	56.44407038	9.857248461	64.74840777	28.13350109	3.540137515	4.843191083	12.42419695	3.742058774	2.496294984	13.61262475	22.72011626	19.77468907	13.1313148	8.560572293	7.778879067	4.55894561	68.2785	66.4604	63.0198	white	0.674267644	0.007113988	0.106700648	1.426960564	1.618192455	0.054504182	0.027502881	0.014933245	0.010027322	0.011471934	3.949994782	17.15340138	0.179178376	2.661995392	35.9192438	40.98424608	1.394305064	0.693555805	0.376317972	0.252224438	0.289746868	95.71178514	6.571902434	0.074942287	0.883590781	29.91423319	3.85065675	1.839363623	2.818031818	0.878926873	0.268059038	YAN414	YAN414	agri_aa_oil
AMP_agri_AA_Oil_traits	YE107	Zea	mays cultivar:B73	YE107			9.35627572	3.635493827	5.853840878	28.13309328	3.965534979	9.096536351	1.894207819	5.033539095	2.365377229	4.094375857	16.57630316	5.565123457	6.711248285	3.131471193	3.152253086	2.572047325	4.575	10.45997942	126.171701	144.7036968	47.99282503	8.920528089	65.65952972	27.59346481	2.617093578	5.68261394	11.25759073	4.006049305	2.412946083	12.59621959	17.38468827	27.82138132	16.70032329	8.794270938	8.756044667	5.014189294	76.2392	72.3343	69.136	red	0.490149373	0.006140934	0.05227652	0.544278146	1.861675201	0.051743108	0.013272268	0.009627947	0.007669235	0.013469502	3.043938235	15.9783478	0.19750683	1.745514458	18.65874337	60.29817385	1.645876638	0.448497404	0.313235546	0.243070595	0.424414068	81.11642684	9.279800906	0.092021095	0.31191179	36.61596307	3.880440272	1.442175835	1.824809869	0.582344114	0.233047073	YE107	YE107	agri_aa_oil
AMP_agri_AA_Oil_traits	YE478	Zea	mays cultivar:B73	YE478			7.149163732	3.211650528	5.517033451	24.94964789	3.70993838	22.96861796	0.532526408	5.084639085	1.607231514	3.748010563	15.35096831	5.734859155	6.132702465	2.900545775	3.81490757	3.250171655	5.22790493	11.14854754	132.0390669	142.4223444	49.73386632	8.478994455	65.22610349	23.29712482	11.46353237	5.016219116	12.12348731	3.796042016	2.157823352	12.70323848	20.78190183	23.83609229	16.61908242	8.772345434	9.066480173	5.409942704	70.9553	69.3542	67.4825	white	0.728131294	0.008434695	0.05473048	1.268965293	2.136461195	0.058416744	0.020062133	0.018910971	0.010078212	0.013561267	4.319292879	16.88646125	0.195793432	1.286811976	29.30462944	49.49124154	1.35238414	0.466535258	0.43468666	0.233002771	0.315181972	86.85844359	13.40827295	0.044040493	0.593688429	36.66953604	2.755394184	1.095722132	2.029072841	0.745121964	0.237999594	YE478	YE478	agri_aa_oil
AMP_agri_AA_Oil_traits	YE515	Zea	mays cultivar:B73	YE515			9.703937008	4.307116142	7.592470472	31.9628937	4.832244094	33.50816929	1.36538878	7.523375984	3.076225394	5.022096457	20.69522638	6.663582677	7.251870079	3.463676181	3.837298228	3.645880906	5.583316929	11.53125	171.5660187	152.3095007	56.57821484	7.805181385	62.03009167	27.712136	5.044381874	5.413294515	10.81451593	4.036778094	2.507145008	13.77865378	18.80085393	22.19652462	18.96606084	8.507490625	8.757166164	5.372716484	71.7048	68.3525	66.0321	white	0.712803959	0.007823371	0.077590975	1.129364633	1.78659624	0.062029618	0.024359671	0.014932405	0.010150511	0.015381127	3.840952062	18.71016536	0.202010854	2.035719103	29.20138814	46.4686124	1.615323895	0.635447513	0.389207879	0.264606391	0.400204797	92.18668704	9.153978779	0.070327526	0.628251668	28.3681886	3.249692068	1.630771675	2.421983597	0.654796694	0.284763746	YE515	YE515	agri_aa_oil
AMP_agri_AA_Oil_traits	YE52106	Zea	mays cultivar:B73	YE52106			7.190806452	3.515842742	6.132217742	24.82028226	4.140725806	20.23189516	2.533044355	6.281008065	4.176895161	4.019879032	15.82201613	4.949032258	5.466169355	2.891153226	3.581935484	3.112495968	4.3525	10.43995968	133.6578589	168.3503841	74.09096747	10.14602549	59.27765444	32.34342306	6.204045923	4.779451112	13.2078109	3.890877441	2.393209066	13.96732313	24.28353784	20.06140512	18.27005439	8.936447894	7.793769281	4.667625108	71.2765	68.6864	66.2553	red	0.517874919	0.007163289	0.066045838	0.768117234	1.806402609	0.045401792	0.020269287	0.011132392	0.010088903	0.016416806	3.266401441	15.84503725	0.213939396	2.033307909	23.26957784	55.40253514	1.364424908	0.622020722	0.345566272	0.311038849	0.502357795	74.54959467	7.838526687	0.088177028	0.424989026	40.73812313	3.271578996	1.801837011	2.047822502	0.608580027	0.241201897	YE52106	YE52106	agri_aa_oil
AMP_agri_AA_Oil_traits	YE8001	Zea	mays cultivar:B73	YE8001			8.137158746	3.798584429	6.309403438	27.47168857	4.443604651	9.494413549	2.307929727	5.837310415	2.143935794	4.228235592	16.98111729	4.941809909	6.523533873	3.347042467	2.21351365	3.526213347	5.30364004	11.06023761	128.0693731	136.2636317	43.136719	7.428896164	69.68459685	26.95144151	8.199292822	4.889423079	11.33279784	3.560777213	2.112793042	12.3787272	19.38553077	22.55278456	10.74528516	8.879062306	8.228563547	4.765701728	68.9209	68.2412	65.6974	white	0.589809391	0.007725127	0.060372388	0.903805585	2.096123118	0.05611069	0.020057386	0.012766664	0.009868237	0.015808592	3.771905955	15.76908244	0.207663184	1.606963563	23.45447387	55.79062297	1.525233202	0.546580478	0.349518319	0.275662562	0.435725116	77.92280333	9.873674476	0.06867228	0.425992443	37.30745088	3.007306804	1.574693881	2.090545329	0.618686972	0.230077867	YE8001	YE8001	agri_aa_oil
AMP_agri_AA_Oil_traits	YU374	Zea	mays cultivar:B73	YU374			7.044100719	3.405183453	5.599568345	22.69284173	3.850215827	23.03017986	0.900244604	5.265683453	1.563589928	3.607841727	14.32600719	4.58557554	5.408165468	3.231413669	2.334964029	2.833676259	4.170251799	8.620359712	122.4698633	164.196491	53.18850023	7.953945309	63.39493657	28.40943929	9.288674201	5.510956187	14.59019081	3.320953015	2.079857649	12.28439252	23.06756779	26.29886591	12.9407264	9.318062053	7.963517727	4.735218454	72.6684	70.4672	68.0403	red	0.545286504	0.008205117	0.058993799	0.979221672	2.116462957	0.044789015	0.017789082	0.015765698	0.008886295	0.013600002	3.808098296	14.41321304	0.216622629	1.573804381	25.50205649	55.57261622	1.165577626	0.475663012	0.419563522	0.243613239	0.363977849	67.68398783	9.253793521	0.061997241	0.461208103	48.29948131	3.315972599	1.144303981	2.071206686	0.657073811	0.207073748	YU374	YU374	agri_aa_oil
AMP_agri_AA_Oil_traits	YU87-1	Zea	mays cultivar:B73	YU87-1																						144.6120793	45.73823829	8.778710008	70.75372536	24.28528188	8.472614314	5.224673442	10.45985544	4.042249368	2.607196079	13.49564975	17.42657263	30.55788623	21.20511566	10.10612549	9.149083011	5.056695324	68.7068	66.1265	64.5817	red	0.789907115	0.008075203	0.101568223	1.187062574	2.400347032	0.060047584	0.021149238	0.012278731	0.007754964	0.012714399	4.6044495	17.15837533	0.174447992	2.204459428	25.89823434	52.02042024	1.315651679	0.461127214	0.27146984	0.170787163	0.277735612	100.0878827	7.821388427	0.085582175	0.50064318	39.87393318	4.800106941	1.718536781	2.748389326	0.617870901	0.255086554	YU87-1	YU87-1	agri_aa_oil
AMP_agri_AA_Oil_traits	Z2018F	Zea	mays cultivar:B73	Z2018F			8.910227273	4.104363636	7.509	29.95709091	4.615363636	10.62177273	2.386272727	6.273227273	1.990395455	4.866818182	18.98509091	6.261	7.138136364	3.576654545	2.540786364	3.755077273	5.687863636	13.18886364	142.3680045	178.3946465	66.60051741	9.826620594	66.15874751	31.86612456	4.972425808	5.577021436	12.02708334	4.115199695	2.613708727	15.3710231	19.95735757	24.63666119	21.55770419	9.6595063	8.097529658	4.801486441	71.1694	71.3576	68.375	white	0.694855491	0.010056459	0.09624508	1.256164479	2.553341002	0.066466914	0.027655566	0.016062152	0.012056647	0.016692251	4.753260264	14.724253	0.212133324	2.029389902	26.22777048	53.79991251	1.407834624	0.587500162	0.34062296	0.257475824	0.355785274	71.13620398	7.301702298	0.07776941	0.489716493	38.33592335	3.492292802	1.725232379	2.304733093	0.723908751	0.219964717	Z2018F	Z2018F	agri_aa_oil
AMP_agri_AA_Oil_traits	ZAC546	Zea	mays cultivar:B73	ZAC546			7.056369427	3.625605096	5.68343949	25.87926752	4.513280255	8.920955414	2.35383758	5.18611465	2.311356688	3.437707006	13.78799363	4.162038217	4.787866242	2.984296178	2.319334395	3.342643312	4.945286624	10.80302548	116.1004172	153.4117914	45.71648812	8.478994455	64.73703406	32.08240044	8.731990833	5.230418246	12.12614063	3.609653932	2.126376565	11.77121189	25.58139192	23.46234547	11.7304901	8.824545997	9.290235845	4.497979063	66.6724	65.2361	63.3545	red	0.570840898	0.006418673	0.0813921	1.006614922	1.886424035	0.049527146	0.019717052	0.01196254	0.00834404	0.013213769	3.653083123	15.70730168	0.176827915	2.2110221	27.4245649	51.60124254	1.354144294	0.542317063	0.326245146	0.228626149	0.366119513	90.8135089	7.165400061	0.08083451	0.532763303	38.41541797	4.107221565	1.678132022	2.375863788	0.640006907	0.236647439	ZAC546	ZAC546	agri_aa_oil
AMP_agri_AA_Oil_traits	ZB648	Zea	mays cultivar:B73	ZB648			7.244826389	3.701666667	5.058611111	24.67003472	4.509201389	8.586041667	2.411229167	5.396041667	2.836277778	3.445645833	13.66774306	4.458368056	4.897013889	3.566284722	2.163225694	3.560347222	5.593368056	10.37892361	116.1448507	168.0789385	61.87841155	8.332965161	65.80616257	29.55420992	9.077826192	5.460210416	10.44924216	4.101521508	2.59044927	14.57106505	20.32144205	25.66761889	13.40290326	9.112908576	8.304503641	4.702084461	69.028	67.5734	64.4702	red	0.650793944	0.005747399	0.078744102	0.902408054	2.243459856	0.046366432	0.018560298	0.014453328	0.007198463	0.013030859	3.981022182	16.5422043	0.144379134	1.997311935	22.35153519	56.41853774	1.147721535	0.473401902	0.366390364	0.18280367	0.328968267	115.9285385	8.407189647	0.089970519	0.401191455	49.36617455	4.217480676	1.302036008	2.603124056	0.561138765	0.244036689	ZB648	ZB648	agri_aa_oil
AMP_agri_AA_Oil_traits	ZH68	Zea	mays cultivar:B73	ZH68																						135.0199677	41.76270433	7.492339603	60.8813472	25.76658526	5.473887078	5.556914621	11.1916327	3.434026021	1.959652771	11.51462157	21.48273108	21.22352016	8.757311144	8.582091889	8.213673332	4.80678788	65.8159	64.3457	62.462	white	0.671861585	0.00720453	0.073937962	1.023406462	2.406655294	0.053610502	0.019645953	0.013637536	0.0082004	0.012606836	4.292046131	15.73425219	0.165693054	1.722045587	23.74274717	56.08553939	1.246985564	0.46289317	0.31770349	0.196914758	0.29994492	96.9044026	9.227116095	0.072790334	0.426322128	45.11893199	3.731148858	1.478595345	2.421674185	0.663459971	0.226426307	ZH68	ZH68	agri_aa_oil
AMP_agri_AA_Oil_traits	ZHENG22	Zea	mays cultivar:B73	ZHENG22			9.02918239	4.014622642	6.551037736	35.11226415	4.526918239	12.42669811	2.32322327	6.123773585	2.993764151	4.912421384	21.15072327	5.981823899	7.189622642	3.061937107	2.326779874	3.311446541	5.308050314	11.81069182	148.1549811	154.9029695	60.80569749	9.579409955	69.49124382	28.68164859	16.70349585	5.689045119	12.81739557	4.133619652	2.569236644	14.81256182	21.32655549	23.05739708	20.08540884	9.765669638	8.358108413	4.977759285	70.4199	68.4638	66.59	red	0.569734919	0.008868794	0.119297321	0.941363519	2.029182365	0.063041506	0.022764707	0.011073663	0.008481019	0.01475371	3.788679986	15.04300415	0.23386791	3.090968614	24.80130189	53.53683051	1.670889065	0.602438784	0.293978226	0.222651694	0.389597042	65.95521266	5.022808635	0.125677967	0.465539991	32.17919528	5.129701101	2.054982426	2.699497898	0.579758347	0.241708878	ZHENG22	ZHENG22	agri_aa_oil
AMP_agri_AA_Oil_traits	ZHENG28	Zea	mays cultivar:B73	ZHENG28			7.189060206	3.456879589	5.892547724	26.2681351	3.995998532	26.74735683	1.044016153	5.856975037	2.007371512	4.044603524	16.51824523	4.888839941	5.501615272	2.852595448	2.153850954	3.127834068	5.111306902	9.835682819	136.4929148	152.7757224	68.85370273	9.500652583	71.82285387	27.782985	7.250476782	4.970671025	11.98639909	4.297393135	2.76033635	14.61257231	22.14400611	24.92886755	17.73371179	9.538996566	8.502543495	4.919443457	72.4543	70.022	67.9288	red	0.53779458	0.006879296	0.071382901	1.260887598	1.756479472	0.049044749	0.018673549	0.013342814	0.009174171	0.011913701	3.733123509	14.36863742	0.183669485	1.909795139	33.7773279	46.97963979	1.310442508	0.497528448	0.354819408	0.243466292	0.315938461	81.92459321	7.581671775	0.057173816	0.719824249	36.80913263	3.856210917	1.418497444	2.051275688	0.773764905	0.210673701	ZHENG28	ZHENG28	agri_aa_oil
AMP_agri_AA_Oil_traits	ZHENG29	Zea	mays cultivar:B73	ZHENG29			7.067450059	3.392009401	5.620505288	25.54618096	4.289512338	9.057432432	2.113454759	4.667185664	3.243155112	3.395740306	13.91930082	4.339629847	5.051645123	2.771157462	2.046477673	2.62617215	4.452115159	9.580229142	113.1793537	165.4459162	56.80852377	8.393673968	62.75800895	29.52437876	7.925971329	5.241907855	13.02296291	3.747712425	2.046177954	14.26919409	23.81236969	22.37038435	13.12791563	10.08415965	7.862264268	4.604007841	71.2765	68.3525	66.0321	red	0.522966452	0.00664559	0.054085635	0.656250468	2.159783091	0.076667096	0.016209856	0.01018494	0.007890459	0.01431873	3.525103936	14.74894557	0.184030661	1.541731932	18.44466231	61.46405567	2.209696905	0.457775728	0.291053355	0.223079249	0.402530735	82.20449847	9.736021179	0.083686986	0.308912845	27.9414441	3.343740431	1.577021645	2.078974543	0.550526907	0.211288275	ZHENG29	ZHENG29	agri_aa_oil
AMP_agri_AA_Oil_traits	ZHENG30	Zea	mays cultivar:B73	ZHENG30			6.456685575	3.043257699	5.275202593	22.38642626	3.609027553	8.489505673	1.971300648	4.644448947	2.562524311	3.633407618	14.21632901	5.101863857	5.505996759	2.758233387	2.227933549	2.74328201	4.805145867	9.469692058	108.9002634	171.0501044	60.64262641	7.894877281	75.42604442	26.86343959	7.890829994	5.636384414	14.03476241	3.748077176	2.365297717	12.79002638	23.80600247	23.81006493	17.46958313	8.464451434	7.909912955	4.728591656	68.2785	66.2378	64.4702	red	0.634240423	0.006000629	0.082213955	1.010086223	2.202187867	0.055338993	0.027026679	0.017709066	0.011062364	0.017072749	4.063970051	15.6118851	0.146806662	2.028875843	24.81774747	54.18923653	1.353108894	0.664549407	0.434623542	0.272289088	0.421247062	108.651577	7.752746156	0.081868992	0.460230953	40.32887997	3.083780267	1.529233249	2.441411655	0.647999122	0.235558227	ZHENG30	ZHENG30	agri_aa_oil
AMP_agri_AA_Oil_traits	ZHENG32	Zea	mays cultivar:B73	ZHENG32			7.925574713	3.400234674	6.23433908	28.56168582	3.790483716	26.12619732	0.482662835	5.374760536	1.848122605	4.148438697	17.65756705	6.336925287	6.926245211	2.943558429	4.066063218	2.882404215	5.67816092	11.90028736	146.2837117	156.4451128	56.38522347	7.813932204	63.49729994	27.641287	4.763251196	5.555136468	12.45249904	3.129093656	1.8416808	11.43538044	19.02057893	21.83965465	10.51548908	9.407009714	7.396200552	4.537739855	72.4543	71.2463	68.8213	white	0.560939771	0.008055402	0.08073045	0.931964543	2.485017615	0.061323805	0.016753971	0.009887993	0.006816598	0.010522706	4.173362388	13.43667095	0.193222316	1.937774659	22.42967943	59.41583035	1.46841408	0.407119495	0.241241065	0.164362734	0.250934626	71.34765103	7.059225974	0.086350553	0.38189679	40.65287312	4.715808924	1.721335368	2.530225737	0.66759222	0.194194255	ZHENG32	ZHENG32	agri_aa_oil
AMP_agri_AA_Oil_traits	ZHENG35	Zea	mays cultivar:B73	ZHENG35			5.52825779	2.668863314	4.540439093	19.6003187	3.345233711	17.81657224	0.456306657	3.906975921	2.374543201	2.843456091	11.23852691	4.661331445	4.601628895	2.371476629	3.572025496	2.246232295	4.192032578	8.240509915	104.2047309	168.3745372	52.85573364	8.048016615	65.26249935	28.2356728	8.054822889	5.728848406	13.00881187	3.655430262	1.966351494	14.48050376	23.28980138	20.33287031	9.512517658	9.584905036	7.954583598	4.75774957	70.2058	69.1316	66.0321	red	0.510696146	0.006766885	0.056830312	0.618522155	2.0957531	0.06775045	0.015682533	0.009490274	0.007585219	0.012676546	3.401508647	14.95331217	0.193820257	1.636353128	17.98071786	61.81449014	2.033840389	0.459050708	0.282610676	0.223909965	0.373552648	78.78665978	9.519270249	0.089956635	0.296726063	31.00366223	3.530967125	1.655444822	2.083881276	0.60312464	0.215293565	ZHENG35	ZHENG35	agri_aa_oil
AMP_agri_AA_Oil_traits	ZHENG58	Zea	mays cultivar:B73	ZHENG58			6.507681941	3.104878706	5.16708221	21.67216981	3.647338275	7.590902965	1.829150943	4.569036388	2.532803235	3.569710243	13.3930593	4.645889488	5.600707547	2.869289084	2.726829515	2.422277628	4.48106469	8.861927224	105.1917992	137.9257651	39.6773376	8.223032996	68.60409463	27.94705636	4.657827192	4.797916554	12.84430601	4.034042456	2.493689924	12.42023446	22.31647323	27.86432573	14.99669871	9.748453962	8.72291867	4.923419536	66.9937	66.1265	63.3545	white	0.642430597	0.006956038	0.056121209	1.026023012	1.797850867	0.05533078	0.020026524	0.013364524	0.009270919	0.012699805	3.639582119	17.65031228	0.18853082	1.551984567	28.15508361	49.37150909	1.514661122	0.549988583	0.36692161	0.253894135	0.345446359	94.25723564	11.61211439	0.055384861	0.572398427	32.65768055	2.823745847	1.504473771	2.166307311	0.738483172	0.256595948	ZHENG58	ZHENG58	agri_aa_oil
AMP_agri_AA_Oil_traits	ZHENG653	Zea	mays cultivar:B73	ZHENG653																						154.2421934	50.920962	7.943006786	62.91724086	26.27651159	6.590600606	5.37116595	9.938035769	3.694823438	2.370879987	13.6277183	22.66454407	19.17990578	12.67390265	8.642346756	7.476607711	4.301825823	73.3109	70.5785	68.4866	red	0.533763625	0.007516877	0.09094179	0.957748639	2.306379067	0.044342295	0.020431818	0.012856257	0.008763517	0.013197713	3.996163353	13.33788905	0.187909529	2.242523366	23.93531865	57.72664424	1.101156024	0.51247249	0.325601141	0.222429203	0.334129487	72.20637172	6.070865634	0.09367908	0.417922184	53.00629527	4.390143009	1.586515109	2.373943097	0.667366803	0.201122987	ZHENG653	ZHENG653	agri_aa_oil
AMP_agri_AA_Oil_traits	ZHI41	Zea	mays cultivar:B73	ZHI41			7.50317662	3.334498094	4.768964422	23.60908513	4.425889454	8.55568615	2.495933926	5.267757306	2.750050826	3.294726811	13.35946633	4.5227446	4.602700127	3.351207116	1.832423761	3.567376112	5.389358323	9.822712834	112.4537579	179.1771854	73.67517485	8.428677245	57.13257319	25.5083593	11.15897413	6.21086484	10.87377342	3.749536183	2.304823126	13.47678282	20.79906335	20.90630241	15.32546369	8.709774822	8.593373803	4.492677624	75.024	74.0288	70.4948	red	0.838434359	0.011015023	0.118807093	2.371071749	2.385709472	0.065421417	0.022329029	0.017598257	0.006506277	0.013237917	5.853519197	14.42081632	0.189819996	2.030341617	40.12727181	41.0169811	1.130478977	0.389054763	0.304045837	0.116914107	0.234096137	77.10642336	7.162976488	0.051452259	0.981081912	36.37733325	5.271740541	1.285261393	3.474180665	0.503654395	0.208282582	ZHI41	ZHI41	agri_aa_oil
AMP_agri_AA_Oil_traits	ZHONG69	Zea	mays cultivar:B73	ZHONG69			7.400445205	3.366982877	5.836541096	24.76541096	3.918219178	23.79886986	0.800058219	5.446849315	1.466058219	3.957431507	15.55174658	4.687363014	5.59119863	3.116493151	2.27039726	3.5075	4.547568493	9.839589041	129.8687226	167.5275162	69.26839129	10.01695091	75.29183467	34.35263518	8.800600106	5.1231819	11.24435383	3.973493685	2.535184798	12.94850864	22.66236971	23.31593727	19.97105581	8.854673431	8.608264018	4.752448131	75.1311	72.8045	69.937	white	0.545626659	0.006639758	0.071039277	0.718071224	1.68285143	0.062868812	0.019514348	0.012429344	0.009122477	0.012612669	3.139369412	17.40042004	0.204694235	2.242529298	22.74688608	53.62116559	2.002634367	0.620665545	0.396673187	0.289486191	0.397116237	87.90744451	7.788128094	0.098775524	0.426869724	26.96817263	3.641723244	1.567853096	2.163839054	0.730829971	0.266207302	ZHONG69	ZHONG69	agri_aa_oil
AMP_agri_AA_Oil_traits	ZI330	Zea	mays cultivar:B73	ZI330			8.763527397	3.946986301	6.659794521	31.1810274	3.837294521	11.20527397	1.682119863	6.001746575	2.285421233	4.993390411	20.24667808	6.155239726	7.508116438	2.777380137	2.685945205	3.068482877	5.191883562	12.67613014	140.8664384	169.8603971	59.51967717	8.877156723	71.33378444	31.29560369	12.1468361	5.911177551	13.66506644	3.638469311	2.194294182	16.00117873	22.83148327	20.74067664	15.71426401	8.817372799	7.557014869	5.042701912	71.4906	67.4621	64.9165	white	0.650321847	0.008000906	0.066934604	0.707223905	2.169154906	0.063838906	0.018125061	0.011424347	0.009627314	0.01604993	3.722540952	17.51398042	0.213233787	1.7981877	18.85555766	58.34086744	1.734842216	0.486676674	0.311218273	0.261849377	0.435676973	82.56968515	9.765683286	0.096166249	0.33018247	33.89504475	3.714129215	1.572754748	2.006139654	0.588180653	0.259434922	ZI330	ZI330	agri_aa_oil
AMP_agri_AA_Oil_traits	ZONG3	Zea	mays cultivar:B73	ZONG3			8.451708633	3.531371403	5.87243705	27.47850719	3.733457734	25.29500899	0.467715827	5.248785971	1.916964928	4.264055755	17.13947842	6.238219424	6.785206835	2.842351619	5.967041367	2.774685252	5.174955036	10.97913669	144.1610881	153.0836193	46.66532557	7.875187938	67.11413894	30.99356323	8.816218477	5.399889972	11.5830944	3.211892276	1.814513753	11.04672158	21.39573478	24.48164273	9.214723291	9.732437348	8.998115713	5.017204433	70.661	67.2693	66.1437	red	0.574510144	0.007746539	0.073044522	0.667885582	1.84729146	0.058170435	0.015276377	0.009426305	0.006866311	0.012569842	3.269647782	17.81696883	0.23601933	2.205505244	19.89949042	56.59709106	1.795489246	0.476859991	0.29281073	0.209078718	0.383604666	77.56582249	8.103190257	0.113216904	0.359493043	32.1755656	4.595683497	1.632599837	2.279275914	0.561137397	0.269256807	ZONG3	ZONG3	agri_aa_oil
AMP_agri_AA_Oil_traits	ZONG31	Zea	mays cultivar:B73	ZONG31			9.464892802	3.422117152	6.603522205	31.46883614	3.051447167	28.54624809	0.388487749	5.475689127	1.846251914	4.73441807	21.09448698	6.351646248	7.98101072	2.121068147	3.934150077	2.493223583	4.372205207	11.87212864	155.22183	149.5665087	52.46472589	7.85710068	63.59466356	31.34509819	6.496866972	4.650817208	12.44747365	3.401233015	2.029204297	11.22087246	24.41345458	22.64989336	12.78709796	10.12002564	8.909046352	4.41315604	71.8119	68.6864	65.028	red	0.582726074	0.006784394	0.076236878	0.657843396	1.998521216	0.061214061	0.015993408	0.009156176	0.00734723	0.014387669	3.42972722	17.21659835	0.197184987	2.263271237	19.12588192	57.91906396	1.799420534	0.480827732	0.27298879	0.219500894	0.431109011	87.07602503	7.72832088	0.120523559	0.334917647	32.4057873	4.662673066	1.772521817	2.241075042	0.523609212	0.261928652	ZONG31	ZONG31	agri_aa_oil
AMP_agri_AA_Oil_traits	ZZ01	Zea	mays cultivar:B73	ZZ01			7.326407507	3.437868633	5.206367292	24.06672252	3.805831099	8.636829759	1.917275469	4.933813673	2.125552949	3.307235255	14.51420912	4.077379357	4.591521448	2.7205563	2.151410858	2.832969169	4.109752011	9.872654155	109.6343566	185.822949	57.42216567	9.041234581	69.40025416	31.57527078	7.336377822	5.889155801	15.31666916	3.732757608	2.353388874	13.21264573	25.83526184	24.50855402	20.41655618	9.262111105	8.286635383	4.66099831	66.7795	66.4604	65.028	red	0.543725587	0.006067277	0.059817633	0.92640353	2.150458158	0.052224143	0.02106523	0.012856407	0.010405008	0.012718884	3.794792775	14.29783217	0.157229717	1.585321227	24.37462609	56.6647476	1.375162468	0.557552032	0.339735839	0.276266157	0.334974136	94.07488949	9.156604544	0.064809585	0.432595176	41.49752109	2.855604719	1.648516537	2.043456458	0.829469626	0.206374796	ZZ01	ZZ01	agri_aa_oil
AMP_agri_AA_Oil_traits	ZZ03	Zea	mays cultivar:B73	ZZ03			6.549958678	3.024165289	5.320661157	21.90231405	3.789181818	20.47909091	0.594764463	4.077876033	1.988797521	3.170367769	12.59586777	4.584421488	4.553140496	2.761801653	4.386942149	2.488640496	4.427231405	8.656818182	115.3520413	178.9034131	66.6940321	8.172715787	78.30586717	28.4653727	7.734646283	5.448720808	14.59160591	3.718532294	2.44196089	12.4655151	25.3329578	23.68073769	20.86634479	8.452974316	8.186870946	4.940649212	68.7068	68.2412	65.9206	red	0.660054709	0.005983806	0.085925327	1.075734712	2.314560892	0.058022632	0.028587164	0.018277377	0.011568447	0.018405378	4.27889587	15.42431519	0.139433805	2.007924618	25.15241889	54.07466922	1.35437125	0.665369546	0.425203161	0.26989084	0.431946541	114.5968139	7.723102733	0.079916236	0.467108115	40.08311429	3.044228545	1.564561913	2.471410044	0.626148623	0.232446513	ZZ03	ZZ03	agri_aa_oil
