*dataset_name	stock_name	genus	species	sample_id	site_name	data_year	#L_Tyrosine_E1	#Vanillin_E1	#N_Acetyl_L_glutamic_acid_E1	#Lyratyl_acetate_E1	#Ferulic_acid_derivative_E1	#Pyridoxine_E1	#LPC1_acyl_16:1_1_E1	#Glutamine_E1	#N1.N10_Dicoumaroylspermidine_E1	#N_Coumaroylspermidine_E1	#L_Lysine_E1	#LPC1_acyl_16:0_1_E1	#Adenosine_E1	#L_Glutamic_acid_E1	#Abscisic_acid_E1	#L_Phenylalanine_E1	#O_Acetyl_L_serine_E1	#LPC1_acyl_18:2_2_E1	#Np._Npp_Coumaroyl._Feruloylspermidine_E1	#Choline_E1	#L_Serine_E1	#L_Valine_E1	#L_Threonine_E1	#Nicotinic_Acid_E1	#Pyroglutamic_acid_E1	#L_Pipecolate_E1	#L_Aspartic_acid_E1	#Phenylpyruvic_acid_E1	#2.6_diformyl_4_methylphenol_E1	#4_Coumaric_acid_E1	#L_Arginine_E1	#5_Hydroxyindoleacetic_acid_E1	#3_2_Hydroxyethyl_4_methyl_1.2.3.4_pentanetetrol_E1	#D_Pantothenic_acid_E1	#Pro_Leu_E1	#N_3_Indolylacetyl_L_alanine_E1	#N_Feruloylputrescine_E1	#12_Hydroxy_6_epi_albrassitriol_E1	#Naringenin_derivative_E1	#L_saccharopine_E1	#Linolenic_acid_E1	#Linoleic_acid_E1	#Norcinnamolaurine_E1	#N_coumaroyl_O_hexoside_spermidine_E1	#5_Methylthioadenosine_E1	#N_Coumaroyltryptamine_E1	#Coumaroylserotonin_E1	#Feruloyltryptamine_E1	#Adenylic_acid_E1	#Feruloylserotonin_E1	#Dicoumaroylputrescine_E1	#Glycerol_1_tetradecanoate_3_phosphocholine_E1	#N_caffeoyl_O_hexoside_spermidine_E1	#Diferuloylputrescine_E1	#N_feruloyl_O_hexoside_spermidine_E1	#LPC1_acyl_16:1_2_E1	#LPC1_acyl_16:0_2_E1	#Np.Npp_Feruloyl.caffeoyl_spermidine_derivative_E1	#2pp.6pp_O_Diacetyloninin_E1	#LPC1_acyl_18:2_1_E1	#LPC1_acyl_20:4_E1	#Apigenin_C_hexosyl_C_pentoside_E1	#Viscumamide_E1	#Indole_3_carboxyaldehyde_E1	#Tryptamine_E1	#L_Carnitine_E1	#IAA_E1	#Pyridoxate_2_E1	#Diaminopimelic_acid_E1	#Carpacin_E1	#Scopoletin_E1	#N_Acetyldopamine_E1	#7_Oxo_11_dodecenoic_acid_E1	#Modiolin_E1	#Nalidixic_acid_E1	#2_Amino_1.3.4_hexadecanetriol_E1	#Hydroxylinoleic_acid_E1	#Gibberellin_A4_E1	#Sinapoyl_glucose_E1	#Benzamidine_E1	#L_Leucine_E1	#L_Isoleucine_E1	#Adenine_E1	#Trigonelline_E1	#L_Tryptophan_E1	#Halaminol_A_E1	#Austricine_E1	#Thiamin_E1	#Crotonoside_E1	#N2.N2_Dimethylguanosine_E1	#Tricin_E1	#Fructose_1.6_diphosphate_E1	#N_Coumaroyl_spermidine_derivative_E1	#Acetosyringone_E1	#Lincomycin_E1	#LPC1_acyl_18:3_1_E1	#LPC1_acyl_18:3_2_E1	#N.N_Di_coumaroyl_N_feruloylspermidine_E1	#Ferulic_acid_E1	#Uracil_E1	#Guanosine_E1	#Quercetin_E1	#Hesperetin_E1	#Feruloylagmatine_derivative_E1	#Glutathione_E1	#L_Proline_E1	#N.N_caffeoyl.Feruloyl_spermidine_derivative_E1	#Asparagine_E1	#DIMBOA_glucoside_E1	#Diosgenin_E1	#Pyridoxate_1_E1	#Pyroglutamic_acid_E2	#L_Pipecolate_E2	#L_Aspartic_acid_E2	#L_Methionine_E2	#Phenylpyruvic_acid_E2	#2.6_diformyl_4_methylphenol_E2	#L_Arginine_E2	#Gluconolactone_E2	#5_Hydroxyindoleacetic_acid_E2	#3_2_Hydroxyethyl_4_methyl_1.2.3.4_pentanetetrol_E2	#DL_Indole_3_lactic_acid_3_Indolelactic_acid_E2	#D_Pantothenic_acid_E2	#Pro_Leu_E2	#N_3_Indolylacetyl_L_alanine_E2	#sn_Glycero_3_Phosphocholine_E2	#N_Feruloylputrescine_E2	#12_Hydroxy_6_epi_albrassitriol_E2	#Naringenin_E2	#Naringenin_derivative_E2	#L_saccharopine_E2	#Glu_Glu_E2	#Linolenic_acid_E2	#Linoleic_acid_E2	#Norcinnamolaurine_E2	#Sakuranetin_E2	#N_coumaroyl_O_hexoside_spermidine_E2	#5_Methylthioadenosine_E2	#N_Coumaroyltryptamine_E2	#Coumaroylserotonin_E2	#Feruloyltryptamine_E2	#Adenylic_acid_E2	#Feruloylserotonin_E2	#Dicoumaroylputrescine_E2	#Glycerol_1_tetradecanoate_3_phosphocholine_E2	#N_caffeoyl_O_hexoside_spermidine_E2	#Diferuloylputrescine_E2	#Methylchrysoeriol_C_hexoside_E2	#N_feruloyl_O_hexoside_spermidine_E2	#LPC1_acyl_16:1_2_E2	#LPC1_acyl_16:0_2_E2	#N1._N10_Diferuloylspermidine_E2	#Np.Npp_Feruloyl.caffeoyl_spermidine_derivative_E2	#2pp.6pp_O_Diacetyloninin_E2	#LPC1_acyl_18:2_1_E2	#LPC1_acyl_18:1_E2	#LPC1_acyl_18:0_E2	#Tricin_4p_O_threo_beta_guaiacylglyceryl_ether_E2	#LPC1_acyl_20:4_E2	#Lehmbachol_A_E2	#Apigenin_C_hexosyl_C_pentoside_E2	#Viscumamide_E2	#Triornicin_E2	#L_Histidine_E2	#L_Carnitine_E2	#Pyridoxate_2_E2	#Diaminopimelic_acid_E2	#Scopoletin_E2	#7_Oxo_11_dodecenoic_acid_E2	#Nalidixic_acid_E2	#2_Amino_1.3.4_hexadecanetriol_E2	#9_Oxo_12_octadecenoic_acid_E2	#Hydroxylinoleic_acid_E2	#N_acetylneuraminic_acid_E2	#Gibberellin_A4_E2	#Acetylintermedine_E2	#Serotonin_E2	#Caffeic_acid_derivative_E2	#L_Tryptophan_E2	#Elaeokanine_C_E2	#Ethyl_syringate_E2	#Halaminol_A_E2	#N_Coumaroylputrescine_E2	#Apodophyllone_E2	#Austricine_E2	#Thiamin_E2	#Apigenin_E2	#N_Coumaroylagmatine_E2	#Crotonoside_E2	#Sphinganine_E2	#N2.N2_Dimethylguanosine_E2	#Caffeoyltryptamine_E2	#2_Amino_9_methyl_4_octadecene_1.3.8_triol_E2	#Tricin_E2	#Fructose_1.6_diphosphate_E2	#N_Coumaroyl_spermidine_derivative_E2	#Zeanoside_B_E2	#trans_Zeatin_O_glucoside_E2	#Succinyladenosine_E2	#Acetosyringone_E2	#Apigenin_C_pentoside_E2	#Lincomycin_E2	#Apigenin_7_O_glucoside_E2	#Vitexin_E2	#Apigenin_8_C_glucoside_E2	#Cyanidin_3_O_glucoside_E2	#Chrysoeriol_O_hexoside_E2	#LPC1_acyl_15:0_1_E2	#LPC1_acyl_15:0_2_E2	#Tricin_4p_O_erythro_beta_guaiacylglyceryl_ether_E2	#LPC1_acyl_18:3_1_E2	#LPC1_acyl_18:3_2_E2	#Apigenin_C_pentosyl_C_pentoside_E2	#Tricin_derivative_E2	#Chrysoeriol_C_hexosyl_O_pentoside_E2	#Chrysoeriol_O_rhamnosyl_O_hexoside_E2	#N.N_Di_coumaroyl_N_feruloylspermidine_E2	#Chrysoeriol_di_O_hexoside_E2	#Tricin_4p_O_threo_beta_guaiacylglyceryl_ether_O_hexoside_E2	#Apigenin_C_pentosyl_O_coumaroylhexoside_E2	#C_pentosyl_apigenin_O_caffeoylhexoside_E2	#Ferulic_acid_E2	#Uracil_E2	#D_Glucose_6_phosphate_E2	#Guanosine_E2	#3_Oxo_2_2_entenylcyclopentaneoctanoic_acid_E2	#Chrysoeriol_E2	#Quercetin_E2	#Hesperetin_E2	#Feruloylagmatine_derivative_E2	#N_Feruloylagmatine_E2	#Glutathione_E2	#Selgin_derivative_E2	#N_Feruloyl._N_methoxyagmatine_E2	#Bufotenine_O_glucoside_E2	#L_Proline_E2	#Tricin_O_hexoside_E2	#Malvidin_3_O_hexoside_E2	#3p.4p.5p_Tricetin_O_hexoside_E2	#N.N_caffeoyl.Feruloyl_spermidine_derivative_E2	#Chrysoeriol_C_hexosyl_O_rhamnoside_E2	#Hesperidin_E2	#Chrysoeriol_di_C_hexoside_E2	#Tricin_O_pentosyl_O_hexoside_E2	#Tricin_O_rhamnosyl_O_hexoside_E2	#3p.4p.5p_Tricetin_O_rhamnosyl_O_hexoside_E2	#Malvidin_di_O_hexoside_E2	stock_name_norm	sample_id_norm	source_book
AMP_metabolite_traits	150	Zea	mays cultivar:B73	150			28700	1010000	93900	176000	334000	107000	294000	1870000	8050000	343000	15900000	14000000	31600000	10000000	247000	42800000	10400000	6950000	4730000	27500000	712000	11300000	795000	207000	161000	5160000	3200000	117000	574000	863000	7500000	2600000	40000	816000	1780000	25400	49500000	435000	12900	210000	103000	364000	4120000	125000	4530000	25600000	582000	24000000	1780000	32400	22600000	916000	2990000	23500	1630000	24900	40700000	939000	5040000	38500000	144000	61600	19500000	123000	8450000	146000	1710000	66400	358000	175000	318000	68900	93800	48700	362	404	74600	16400	126000	438000	6370000	2910000	1710000	5600000	12300000	35400	138000	1220000	924000	546000	368000	115000	10300	509000	1120000	1400000	65700	1430000	386000	44500	2290000	1060000	169000	8740	2860000	38900000	264000	14500000	405000	3620000	694000	729000	26400000	11600000	1800000	645000	1790000	70300000	348000	9240000	199000	206000	2390000	7310000	350000	127000000	18600000	13900000	101000	31900	5010000	3310000	7590000	14600000	5970000	1780	90900000	5680000	41200000	2930000	24300000	2770000	441000	73800000	10700000	32500000	62600	10900	16200000	102000	210000000	10200000	2850000	5370000	162000000	4030000	7460000	1520000	25100000	3620000	156000	58100000	1810000	239000	165000	372000	3660000	749000	681000	61100	420000	9410	232000	419000	97900	424000	1150000	2010000	35000000	82100	392000	2350000	1580000	369000	10800000	7940000	9650	31700	2870000	567000	1750000	64400	280000	857000	1260000	32300	2730	4300000	1510000	1230000	13700	15100	6920	24700	7120	253000	70900	1730000	295000	304000	84100000	5140000	254000	397000	98700	66300	9960000	411000	257000	49600	61700	421000	77700	418000	10400000	76700	82900	2040000	933000	239000	68800	21400000	48300	285000	7510	107000000	5380000	296000	45100	587000	40600	27700	280000	103000	314000	26600	269000	150	150	metabolite_183_known
AMP_metabolite_traits	177	Zea	mays cultivar:B73	177			43200	860000	45300	671000	460000	70100	194000	2050000	3230000	221000	8800000	6490000	18600000	7690000	52000	28300000	8810000	6230000	3230000	41700000	1100000	12600000	1100000	177000	221000	17100000	4280000	108000	814000	520000	4870000	5150000	206000	440000	1350000	50000	17500000	515000	35800	835000	76200	1010000	2790000	39400	7520000	7510000	52400	30200000	3840000	17200	17200000	224000	155000	6350	267000	4700	31500000	395000	13100000	30000000	105000	138000	22200000	112000	1130000	147000	717000	213000	687000	92900	255000	63000	353000	164000	7610	281	90300	36300	88800	299000	7740000	4650000	1650000	9520000	8820000	171000	16200	1260000	785000	525000	462000	101000	88300	1070000	1540000	860000	43300	917000	713000	40300	1530000	10700000	2970000	37100	2300000	70100000	55200	5500000	687000	1200000	1140000	345000	72900000	14800000	7550000	620000	1900000	30500000	570000	15700000	558000	56000	1030000	4710000	498000	151000000	86400000	13200000	262000	281000	5380000	3550000	6810000	16500000	18200000	1030	58800000	33300000	34000000	1010000	52000000	2640000	656000	40000000	2990000	2070000	22400	17100	2990000	7850	230000000	5130000	633000	28900000	113000000	3530000	4500000	99200	15400000	752000	365000	51500000	1030000	654000	273000	305000	2340000	971000	6130000	35900	2830	5700	576000	1110000	143000	489000	581000	422000	11300000	104000	260000	1300000	712000	203000	14300000	11700000	2860	110000	6730000	753000	4660000	342000	540000	1270000	952000	55400	421000	2380000	2210000	2090000	6750	4870	3990	59500	23000	579000	96100	674000	117000	13900	51800000	2480000	437000	3730	84500	20400	2160000	92100	59800	27800	22100	346000	17000	1010000	20900000	109000	292000	19100000	19400000	1550000	684000	17900000	359000	2310000	5110	87000000	3930000	253000	52900	91600	548000	17300	330000	730000	6520	691	259000	177	177	metabolite_183_known
AMP_metabolite_traits	238	Zea	mays cultivar:B73	238			43400	831000	168000	274000	821000	94800	525000	2240000	10300000	74800	1300000	5430000	41400000	9760000	735000	47900000	9560000	4630000	9730000	35000000	555000	9600000	666000	89100	109000	8530000	9520000	98500	921000	1800000	5470000	8810000	51400	1370000	2200000	38200	8780000	315000	1460	335000	136000	1370000	3260000	153000	2060000	636000	59600	1770000	1440000	0	13000000	123000	211000	15900	741000	0	22900000	310000	5110000	41300000	72600	16300	21100000	278000	137000	264000	4190000	147000	163000	40200	57700	2100000	184000	60800	101000	2970	35800	18900	20900	506000	8620000	3210000	1810000	4860000	14100000	114000	75400	773000	993000	979000	14600	203000	2720	985000	1440000	454000	11900	310000	1020000	31700	2380000	6620	652	4400	3510000	43600000	91400	3000000	277000	12000000	1050000	381000	21900000	34500000	3920000	1340000	3260000	15200000	276000	20800000	161000	145000	2350000	7690000	355000	118000000	26800000	12400000	56500	18800	4320000	4510000	10100000	26500000	1240000	869	90500000	23000000	175000	81500	452000	1780000	8080	9360000	1900000	1110000	286000	3040	5240000	19500	180000000	16600000	398000	3430000	103000000	3200000	4140000	19300	16600000	411000	56900	51600000	923000	488000	160000	164000	2680000	301000	3990000	176000	701000	6540	368000	320000	103000	2520000	295000	601000	71200000	1460000	393000	1820000	1710000	382000	17800000	9380000	999	12000	3190000	378000	6160000	3730	568000	68400	883000	1940	646000	10200000	3750000	1350000	9780	12000	2270	33800	4700	84500	17700	1100000	262000	1280	53600000	2860000	160000	923	29000	1080	865000	45400	46000	104000	40300	568000	26200000	1870000	14200000	81700	4610	515000	6730	82500	54000	31500000	975	315000	1680	105000000	2700000	3980	879	37300	647	10500	7670	6750	9590	1880	10500	238	238	metabolite_183_known
AMP_metabolite_traits	268	Zea	mays cultivar:B73	268			14800	517000	31800	108000	413000	20600	242000	6530000	1050000	36200	4380000	3890000	16100000	7040000	172000	30500000	4690000	2940000	3080000	20500000	447000	9500000	1060000	71400	156000	7350000	3290000	83800	944000	109000	7970000	5040000	5630	574000	725000	19600	11800000	90600	914	82800	34000	138000	469000	8460	1970000	6640000	262000	16900000	1640000	6310	5170000	132000	1240000	1760	1740000	21600	22100000	20300	482000	12000000	34900	5770	16200000	67300	3140000	103000	649000	102000	223000	59600	101000	47400	53600	3990	21000	263	14200	6390	17700	289000	6630000	4230000	1240000	5950000	16600000	21200	4630	1170000	521000	264000	365000	86100	73900	1550000	452000	651000	30000	273000	101000	19000	1250000	52300	20400	4120	1000000	30400000	31500	11400000	117000	314000	999000	2190000	31100000	15800000	7870000	1210000	2070000	81700000	348000	6750000	234000	77300	3510000	6220000	382000	134000000	70300000	34200000	85300	78300	1410000	1710000	8720000	14800000	2620000	8160	45800000	16500000	23400000	2460000	27500000	2190000	147000	43600000	6320000	23100000	31000	57000	17200000	14600	192000000	12000000	538000	1800000	139000000	3680000	4620000	1460000	15700000	927000	68800	60500000	1330000	563000	151000	248000	3570000	633000	202000	1650000	7720	8690	243000	751000	57000	1400000	2420000	812000	51400000	105000	180000	1070000	1560000	299000	15200000	16000000	16300	41600	4900000	428000	3040000	77000	289000	2310000	1270000	227000	698000	9230000	2170000	5170000	11500	6470	11700	29900	9740	101000	91300	1420000	281000	79300	61100000	4050000	231000	15200	101000	700000	1140000	153000	103000	29300	14300	313000	829000	771000	18100000	102000	100000	899000	191000	850000	227000	30600000	2740	1590000	5750	95700000	4530000	321000	74000	73600	6580	21200	18600	646000	1050000	243000	551000	268	268	metabolite_183_known
AMP_metabolite_traits	647	Zea	mays cultivar:B73	647			49500	1080000	31400	117000	1210000	14100	9850000	3380000	3060000	302000	2280000	14700000	26300000	9280000	13900	52300000	8150000	7950000	6840000	39000000	579000	9490000	413000	54800	67500	8350000	2410000	45700	497000	245000	8210000	2510000	6970	579000	1260000	47700	2500000	164000	1300	162000	69900	350000	1530000	34200	811000	2420000	89300	1630000	1730000	1280	6240000	753000	1600000	511000	1300000	22100	48300000	61000	1510000	30600000	50600	1430	15000000	71900	1250000	256000	717000	335000	416000	227000	361000	34500	54900	16200	1400	357	24100	39800	55700	441000	5030000	3400000	512000	5980000	16900000	52200	5690	1110000	663000	261000	88800	49400	7160	897000	1200000	1030000	66600	193000	285000	19400	1610000	13600	6860	17200	1220000	10300000	37300	11000000	831000	1860000	875000	0	0	0	0	0	0	0	0	0	0	0	0	0	0	0	0	0	0	0	0	0	0	0	0	0	0	0	0	0	0	0	0	0	0	0	0	0	0	0	0	0	0	0	0	0	0	0	0	0	0	0	0	0	0	0	0	0	0	0	0	0	0	0	0	0	0	0	0	0	0	0	0	0	0	0	0	0	0	0	0	0	0	0	0	0	0	0	0	0	0	0	0	0	0	0	0	0	0	0	0	0	0	0	0	0	0	0	0	0	0	0	0	0	0	0	0	0	0	0	0	0	0	0	0	0	0	0	0	0	0	0	0	0	0	0	0	647	647	metabolite_183_known
AMP_metabolite_traits	4019	Zea	mays cultivar:B73	4019			30900	871000	19500	222000	415000	41900	87300	1920000	5530000	173000	8180000	5650000	42400000	7720000	106000	35300000	8060000	4690000	8510000	35600000	574000	11000000	677000	226000	158000	3310000	3210000	59400	414000	463000	12400000	11300000	363000	713000	717000	60900	23000000	421000	6670	195000	102000	370000	4210000	51800	4070000	44100000	630000	52200000	1820000	22800	22400000	213000	638000	52300	1420000	0	22900000	122000	3520000	20400000	0	12800	19000000	242000	8410000	104000	5010000	116000	347000	59600	143000	155000	166000	226000	13300	597	54500	4890	31900	346000	5740000	2480000	1620000	7260000	18700000	61700	10500	1370000	481000	457000	800000	126000	23000	923000	1370000	542000	27500	533000	716000	32700	1280000	1250000	349000	15700	2510000	50900000	155000	8670000	883000	6480000	539000	929000	49300000	8440000	4560000	1220000	2360000	132000000	365000	20300000	7430000	89500	2570000	5080000	438000	143000000	91800000	11400000	59600	69600	3550000	2470000	8510000	12900000	46900000	295	68900000	37300000	74800000	4280000	70000000	2580000	961000	44700000	4140000	13800000	221000	3340	21100000	66000	197000000	30300000	447000	15100000	159000000	11100000	5280000	1960000	21300000	715000	128000	54200000	2900000	4820000	143000	339000	3030000	342000	535000	677000	239000	7330	570000	571000	103000	1410000	595000	765000	72900000	115000	342000	904000	2310000	558000	15100000	12000000	4470	117000	7600000	613000	2710000	603000	451000	1310000	865000	29500	490000	5230000	3840000	2190000	14500	15800	4970	29700	4080	575000	48800	1090000	443000	169000	65800000	5020000	479000	100000	107000	34600	2580000	996000	168000	53600	77100	740000	170000	997000	34600000	142000	82100	4500000	1430000	3870000	864000	18700000	76300	3500000	23700	94300000	4740000	246000	16200	120000	30600	61600	74700	659000	221000	9790	302000	4019	4019	metabolite_183_known
AMP_metabolite_traits	5213	Zea	mays cultivar:B73	5213			33500	2550000	164000	185000	694000	93600	0	13900000	666000	28500	6870000	12400000	38200000	8830000	3500	63700000	12300000	8080000	362000	37300000	628000	18300000	1150000	191000	195000	22700000	4130000	141000	876000	465000	18400000	16200000	36500	806000	1300000	57800	5300000	348000	2170	399000	90800	824000	16200000	16500	4000000	4000000	255000	5250000	1320000	0	6720000	170000	12200	23800	16200	43100	45600000	84600	2350000	40000000	85800	79400	22400000	170000	442000	226000	2190000	193000	844000	26500	157000	1520000	82000	48000	0	0	7110	15600	14400	698000	13600000	5220000	3130000	6800000	20800000	92100	0	1160000	1660000	1170000	116000	143000	17800	790000	1280000	1080000	41400	25900	437000	42000	3830000	156000	69100	3600	3820000	55600000	26500	6910000	269000	15400000	966000	856000	128000000	13500000	2820000	605000	2240000	52900000	310000	8300000	133000	125000	1950000	5610000	341000	135000000	5380000	13100000	218000	14500	5880000	4610000	6610000	18800000	544000	1140	69800000	5670000	186000	48600	357000	2240000	23400	26700000	18800000	9440000	40800	3700	6540000	255000	197000000	6320000	1560000	6620000	147000000	3620000	6000000	342000	21000000	2550000	82700	57100000	1640000	260000	240000	454000	3520000	139000	503000	1120000	1530000	9030	172000	412000	61900	626000	165000	287000	27800000	466000	792000	1320000	1650000	188000	14100000	14300000	15900	8550	3100000	1310000	1370000	3810	439000	382000	920000	15200	258000	3600000	5330000	854000	54200	5970	2690	39600	12300	63600	26300	1190000	226000	19500	64500000	3830000	233000	23000	32100	14300	1240000	67200	49100	33100	50100	300000	23800	431000	12300000	37900	21800	623000	58600	61800	25400	35100000	1530	33700	5500	108000000	2920000	197000	1880	179000	1020	27600	19700	16700	301000	21000	516000	5213	5213	metabolite_183_known
AMP_metabolite_traits	5237	Zea	mays cultivar:B73	5237			19200	1500000	142000	112000	600000	30800	116000	4150000	8980000	296000	2330000	9440000	26400000	9070000	383000	38400000	7860000	7460000	15800000	37500000	567000	10400000	701000	59900	82500	23500000	2560000	70100	955000	1010000	12200000	1270000	19900	998000	1690000	49600	933000	376000	6820	111000	79800	895000	62300	136000	423000	403000	13500	5140000	2300000	3740	10300000	491000	1760000	100000	3890000	52800	36200000	170000	3330000	30500000	0	10400	22100000	71900	44500	390000	665000	445000	107000	162000	198000	114000	60500	64100	18700	0	41200	8480	6000	366000	4870000	3010000	389000	7560000	13100000	69300	8900	1250000	253000	166000	9690	146000	0	995000	1320000	885000	31100	1060000	725000	15500	564000	21100	6930	0	4030000	11100000	18200	11200000	583000	72500000	1570000	174000	12300000	7240000	4050000	548000	2530000	0	342000	2160000	201000	242000	2270000	5520000	331000	139000000	4100000	7910000	276000	52500	3290000	5010000	6840000	17800000	241000	15400	70300000	1590000	40600	29300	133000	1900000	24800	17000000	5340000	44200000	197000	8750	59500000	61400	186000000	63500000	3880000	12200000	138000000	11500000	5430000	53800	19300000	2840000	18300	61200000	1520000	120000	222000	299000	4810000	722000	194000	907000	2730000	5970	137000	315000	138000	1030000	291000	797000	38300000	129000	425000	2710000	4620000	376000	17700000	22100000	6860	5970	2130000	1040000	525000	4080	769000	220000	1050000	6900	804000	12100000	3840000	727000	17300	9550	5100	33400	4470	89200	14500	2240000	597000	5080	54300000	3580000	122000	2500	14100	5280	4380000	48600	48400	9620	7220	735000	1450000	601000	5650000	16100	15300	502000	45600	28800	19200	31300000	3750	131000	3970	40900000	2830000	72200	3990	748000	187	6290	9050	3080	74200	11200	99300	5237	5237	metabolite_183_known
AMP_metabolite_traits	7327	Zea	mays cultivar:B73	7327			22400	913000	84500	309000	531000	33900	0	2630000	3490000	42400	2930000	11300000	34000000	11300000	79000	45600000	15700000	8800000	2100000	34100000	730000	13300000	1360000	151000	138000	27200000	5310000	110000	697000	242000	7440000	12100000	16700	1140000	1270000	48300	26900000	350000	0	4160000	122000	527000	5740000	38700	5520000	467000	24000	269000	1940000	0	2220000	363000	357000	20800	328000	5270	37500000	1680000	4190000	50400000	112000	63600	15300000	202000	272000	119000	2280000	118000	535000	204000	437000	573000	178000	0	107000	140000	67300	53800	13500	507000	9840000	4870000	2180000	2780000	16000000	91100	0	1090000	752000	681000	124000	169000	801000	106000	1160000	1020000	24800	622000	362000	34900	2250000	7240	1940	2140	2960000	42300000	1770000	3640000	742	4340000	567000	1020000	35800000	7900000	970000	412000	1220000	28800000	355000	5870000	100000	53000	1880000	5930000	527000	144000000	14900000	16700000	148000	15900	26200000	31700000	4810000	17400000	9810000	7420	78000000	8390000	2760000	155000	2580000	3510000	48800	4210000	4930000	6780000	61800	4310	4790000	45800	186000000	6850000	9380000	8650000	151000000	3630000	5020000	1280000	16900000	381000	111000	54400000	2850000	120000	218000	220000	1290000	1610000	616000	58800000	48100000	7250	150000	700000	214000	5930	174000	694000	35000000	87600	168000	1150000	1310000	190000	16700000	16100000	17300	11500	3000000	153000	977000	7320	271000	233000	1150000	1850000	5240	4750000	2760000	262000	58900	7210	7430	33200	8110	126000	10100	871000	156000	274000	52200000	2810000	617000	119000	16200	12100	1610000	298000	33700	24100	27500	175000	84000	233000	13200000	72900	15600	740000	6140	116000	63300	15400000	729	251000	13900	109000000	1870000	11200	90900	2990000	614	12400	3750	8970	199000	13400	8700	7327	7327	metabolite_183_known
AMP_metabolite_traits	7381	Zea	mays cultivar:B73	7381			26500	946000	94000	195000	334000	195000	1150000	1040000	1640000	99800	6400000	8290000	44900000	7630000	94900	37300000	9410000	7790000	3490000	26200000	617000	16500000	1470000	146000	111000	4460000	2720000	138000	700000	197000	11700000	4270000	64000	1570000	1580000	62500	23700000	343000	12100	1860000	91000	638000	2350000	14600	2190000	4240000	68500	2340000	2420000	1310	27300000	590000	208000	139000	415000	8130	27100000	82100	958000	57100000	143000	13200	17800000	136000	121000	98100	1950000	91200	653000	204000	480000	120000	86400	92000	1660	462	24700	10200	47700	384000	8990000	3600000	1280000	6350000	13400000	89200	3040	1600000	542000	458000	392000	110000	92700	642000	971000	947000	23900	217000	266000	23800	1140000	19600	9300	6310	2100000	65800000	52200	3060000	268000	2650000	1240000	1350000	29900000	8460000	1830000	454000	1920000	54200000	159000	4620000	514000	170000	1060000	5230000	293000	141000000	29900000	10800000	69300	38000	4960000	3170000	7960000	14100000	2050000	1660	54500000	26600000	35500000	1110000	99800000	2210000	1810000	14900000	8860000	14700000	55800	2090	13000000	6610	203000000	15500000	976000	3030000	147000000	2220000	5440000	1780000	17600000	68400	55500	56600000	896000	124000	149000	261000	5750000	1150000	482000	2190000	1830000	10300	232000	278000	77000	1400000	1050000	232000	45500000	40000	226000	795000	1550000	264000	10400000	9230000	2510	30400	2820000	1570000	547000	140000	383000	1350000	1660000	57100	288000	5460000	3290000	2560000	8390	8120	4330	30900	4990	86400	13000	1360000	240000	65500	75100000	4350000	257000	13300	32500	582	17500000	480000	138000	6670	18400	381000	120000	432000	8480000	42500	13400	973000	185000	1700000	234000	14600000	3370	1440000	3880	121000000	5450000	162000	88400	237000	24500	32100	2150	18100	1340	437	232000	7381	7381	metabolite_183_known
AMP_metabolite_traits	8902	Zea	mays cultivar:B73	8902			41200	777000	80300	433000	391000	136000	0	1140000	3760000	75500	5390000	13200000	31600000	7720000	82000	37700000	7250000	7700000	5570000	27700000	671000	12500000	978000	205000	82600	3500000	2620000	192000	1610000	260000	11600000	4050000	18100	836000	1400000	43800	50200000	570000	91100	162000	113000	285000	2440000	38700	5510000	12200000	544000	44100000	1340000	31600	10100000	89200	1930000	143000	895000	76500	32700000	1790000	6180000	43600000	112000	105000	19300000	119000	1650000	129000	1500000	186000	334000	74100	326000	115000	240000	57000	6620	577	40300	23700	205000	302000	7650000	3930000	2670000	7450000	14400000	32700	9650	2280000	1530000	651000	107000	118000	19100	2170000	1550000	985000	0	219000	613000	45400	3950000	1950000	508000	22700	2790000	33000000	2500000	5220000	333000	10700000	741000	1020000	14600000	5190000	3720000	665000	5590000	0	379000	7190000	134000	228000	1840000	8390000	324000	146000000	8950000	9390000	175000	255000	2270000	1500000	9440000	15900000	3290000	2060	59800000	6490000	18000000	2250000	88500000	1620000	884000	11400000	3770000	21400000	336000	4840	13300000	150000	199000000	15600000	3110000	19900000	126000000	3260000	4850000	65700	17700000	8510000	157000	65200000	2280000	296000	161000	546000	1110000	869000	283000	689000	27200	9840	253000	461000	126000	580000	1370000	342000	39700000	126000	399000	2570000	1670000	493000	12200000	13100000	4850	32700	2880000	635000	1200000	33700	359000	258000	1040000	65000	13200	10800000	3460000	5140000	7530	7610	2670	26500	3870	210000	16200	1430000	289000	4740	66400000	3410000	248000	717	34300	293000	496000	94800	45100	43100	44300	327000	517000	1290000	9450000	31000	40100	3670000	1400000	212000	124000	35200000	10900	371000	3850	114000000	3400000	316000	14000	2110000	24900	35200	195000	559000	397000	35100	288000	8902	8902	metabolite_183_known
AMP_metabolite_traits	9642	Zea	mays cultivar:B73	9642			23100	559000	169000	374000	783000	54000	227000	4070000	2940000	49400	7790000	11400000	28700000	12000000	84100	51400000	14000000	7380000	2800000	36200000	755000	17100000	717000	329000	142000	6060000	2420000	94300	516000	501000	13600000	11000000	58500	723000	1750000	42500	32900000	294000	0	291000	97100	607000	6830000	43900	5160000	52900000	1510000	72500000	4140000	26800	25800000	349000	205000	91600	218000	4910	44000000	666000	3750000	31700000	0	6300	22000000	217000	5340000	894000	3120000	168000	264000	63300	96300	81100	156000	11200	83300	1130	73100	11100	112000	584000	12800000	5140000	3480000	7600000	14100000	47700	9030	986000	1550000	1070000	26100	222000	90500	1290000	1220000	962000	27200	175000	426000	50000	4550000	10100	2560	14400	3780000	47200000	343000	8080000	528000	1740000	1190000	201000	12600000	9090000	1770000	539000	2290000	45200000	374000	16000000	145000	146000	1610000	7450000	432000	112000000	44800000	11300000	38200	17200	1740000	1870000	9160000	12800000	1740000	2760	58600000	6310000	7420000	1220000	20100000	2770000	85800	9740000	6080000	4510000	166000	2220	4480000	26300	205000000	10100000	1640000	19000000	173000000	3340000	5930000	166000	20600000	1110000	22400	61700000	1820000	164000	987000	329000	1590000	392000	317000	1300000	504000	7940	219000	361000	104000	475000	605000	434000	38300000	118000	365000	1450000	1110000	382000	13600000	19400000	5630	12500	5020000	603000	1580000	16200	377000	99200	1500000	280	680000	5210000	7020000	1760000	4780	5460	6070	37300	4130	157000	17500	1680000	285000	12600	86900000	5400000	222000	4710	13400	2860	1510000	144000	56900	23000	11900	460000	373000	542000	17900000	37500	8350	558000	13800	435000	64700	24400000	1770	907000	1750	75900000	2720000	424000	5720	1120000	4600	29600	6990	5650	78800	5940	374000	9642	9642	metabolite_183_known
AMP_metabolite_traits	81162	Zea	mays cultivar:B73	81162			70400	1100000	174000	87800	522000	229000	647000	5060000	3920000	91900	6700000	12800000	55500000	7760000	14400	87700000	7750000	6100000	2400000	36700000	560000	19300000	765000	221000	73100	7260000	2320000	288000	707000	362000	10300000	6520000	181000	1150000	1310000	26600	19500000	381000	50900	163000	82400	526000	4290000	37600	6810000	4170000	178000	7770000	2190000	34000	7830000	485000	488000	17100	326000	19200	41500000	1360000	4210000	59000000	206000	500000	18600000	81400	2250000	261000	1190000	3780	466000	58100	114000	431000	55800	54000	6090	466	84900	11100	27200	1010000	12500000	4500000	2290000	6000000	29600000	87500	798	1310000	2360000	746000	347000	160000	10300	2890000	1170000	1020000	52300	504000	747000	41500	7810000	1280000	320000	5740	5160000	18500000	5680000	5490000	297000	1470000	3360000	377000	16900000	8130000	2550000	729000	3180000	81900000	352000	4370000	76800	93400	2310000	9900000	451000	114000000	14400000	13200000	291000	325000	2690000	2560000	9940000	13400000	742000	2450	50600000	7660000	1620000	164000	3760000	3060000	23800	65000000	7720000	10400000	89200	12600	2140000	138000	201000000	1380000	5340000	2290000	157000000	4290000	7400000	27800	26600000	1890000	1660000	56800000	1360000	329000	206000	49300	3450000	985000	156000	156000	186000	19000	320000	582000	88300	88600	265000	497000	67400000	190000	465000	1880000	372000	334000	11300000	12400000	12200	29600	6270000	706000	3370000	6420	380000	366000	874000	19500	41200	8110000	5670000	5490000	15900	8670	55400	35600	6160	282000	147000	1530000	271000	4740	77400000	4420000	1150000	5200	115000	160000	568000	345000	34600	58700	58900	163000	95000	495000	24600000	80500	104000	5390000	1610000	151000	57200	32900000	46300	566000	5890	58500000	3750000	209000	20000	14700000	101000	35000	489000	264000	611000	103000	153000	81162	81162	metabolite_183_known
AMP_metabolite_traits	526018	Zea	mays cultivar:B73	526018			18100	453000	117000	34200	714000	76800	263000	4330000	1490000	59200	17200000	6210000	23300000	10600000	225000	49700000	12300000	3220000	605000	40100000	635000	16000000	677000	208000	213000	17300000	3640000	96500	531000	533000	7690000	8020000	983000	655000	1820000	64900	5710000	362000	2580	532000	89700	460000	2730000	9120	3090000	153000	16100	160000	1830000	0	8610000	210000	33000	71000	50600	1860	25800000	214000	10500000	12600000	24800	6780	21100000	149000	55300	197000	1080000	103000	632000	55200	65000	203000	18600	94300	3550	2360	45700	9500	162000	539000	10300000	3470000	2150000	4060000	18100000	49000	8280	1300000	495000	679000	9530	85100	68000	1540000	1100000	794000	19100	450000	1020000	33800	1190000	9880	1060	7470	2850000	74500000	35300	7920000	424000	2020000	986000	661000	22800000	9980000	1680000	390000	2740000	34100000	475000	6050000	372000	145000	1650000	7730000	528000	132000000	29600000	21400000	63100	15300	2980000	3580000	7610000	11100000	3920000	1130	40800000	1060000	132000	21300	242000	2010000	20300	11900000	4230000	3840000	285000	2570	6640000	46000	161000000	14500000	287000	32600000	153000000	5150000	3840000	90600	13800000	892000	28400	53500000	4310000	103000	172000	206000	4630000	210000	980000	143000	84200	8900	215000	504000	128000	130000	144000	219000	31700000	71800	295000	890000	1380000	238000	15100000	12000000	796	10000	1960000	469000	720000	2910	343000	84200	754000	75800	25300	8470000	3490000	5830000	4630	8570	1970	22500	3510	153000	10100	1110000	289000	12500	49700000	2890000	131000	19000	25400	12100	2440000	121000	12000	16000	13200	290000	11800	822000	8570000	102000	3160	741000	80300	408000	48300	12700000	3050	1050000	8180	96300000	767000	193000	2430	21900	41200	39100	5180	10100	275000	13500	384000	526018	526018	metabolite_183_known
AMP_metabolite_traits	05W002	Zea	mays cultivar:B73	05W002			74200	767000	63300	209000	566000	21300	132000	2980000	7740000	307000	8090000	2880000	47100000	9050000	177000	20400000	10800000	4030000	18800000	31500000	980000	11700000	662000	264000	227000	4210000	2310000	167000	1440000	333000	8750000	5680000	115000	1210000	1180000	25500	30300000	200000	1730	233000	62600	559000	1530000	109000	3070000	10900000	231000	29400000	3020000	11400	15600000	212000	865000	11900	1520000	5140	18300000	161000	14400000	32300000	50200	21600	14900000	137000	3100000	110000	2160000	82600	922000	72900	273000	368000	110000	34800	32300	1150	26300	12700	29000	159000	14800000	10600000	2320000	5850000	8220000	69600	51500	682000	758000	525000	53800	18900	9910	412000	1250000	466000	0	308000	307000	44900	2310000	304000	58500	3470	2530000	57400000	20500	2940000	201000	779000	110000	729000	20400000	6520000	2130000	688000	3260000	93300000	151000	10700000	325000	218000	2990000	6610000	358000	146000000	49100000	11700000	1250000	28600	8130000	4280000	6610000	14500000	4650000	31500	85500000	2310000	42600000	2190000	77100000	3440000	262000	67400000	2440000	2200000	55800	47300	9600000	82600	159000000	29300000	606000	25600000	151000000	2190000	3370000	227000	11500000	2040000	341000	66500000	3140000	156000	118000	261000	1710000	1040000	345000	1010000	639000	8450	222000	495000	130000	430000	1160000	288000	42600000	489000	155000	856000	3670000	174000	9850000	9250000	9050	177000	2170000	532000	1420000	26400	358000	159000	124000	75400	21900	7230000	3440000	1590000	11600	8990	13600	34000	11300	116000	50200	989000	193000	22300	36100000	1890000	295000	4610	117000	19100	796000	377000	43500	220000	133000	333000	1410000	804000	7880000	28000	42100	1860000	683000	788000	348000	39500000	34400	1200000	1980	136000000	2920000	377000	53700	47100	98700	34600	150000	187000	68700	3270	1170000	05W002	05W002	metabolite_183_known
AMP_metabolite_traits	05WN230	Zea	mays cultivar:B73	05WN230			24900	896000	44600	123000	412000	156000	0	5050000	1830000	44400	831000	8350000	37400000	3330000	42500	48500000	4830000	2790000	4040000	43500000	388000	10300000	815000	126000	216000	5330000	2470000	63300	365000	441000	10600000	4080000	5010	890000	1070000	41200	4610000	293000	55800	339000	61000	486000	378000	11000	889000	38500000	1660000	86200000	1000000	37600	14100000	41700	16300	4980	163000	6230	16900000	99700	3150000	42700000	0	3300	19200000	115000	2670000	444000	2300000	44900	312000	133000	263000	80100	79400	19200	0	0	36700	25200	17900	429000	10000000	4830000	1800000	6180000	40300000	89400	5870	1150000	1420000	1070000	1000000	92300	262000	1220000	764000	454000	20400	103000	347000	31900	3320000	91600	251000	2520	2620000	63900000	3120	3440000	736000	5130000	721000	1120000	21200000	5770000	1670000	529000	1260000	70800000	375000	12500000	198000	175000	1460000	4330000	137000	124000000	27000000	7160000	2940000	328000	7000000	3470000	7490000	18700000	4330000	491000	63100000	5090000	8610000	546000	45600000	4670000	255000	25400000	3040000	4410000	21600	212000	10800000	82000	161000000	20400000	167000	7630000	153000000	9530000	4950000	21300	17400000	1880000	93800	62800000	5820000	3090000	170000	296000	1360000	516000	302000	191000	545000	9890	271000	355000	117000	173000	841000	298000	63100000	114000	485000	1260000	1690000	388000	17200000	12300000	32500	36800	1980000	805000	1360000	11500	313000	350000	660000	326000	857000	6840000	2990000	1750000	45200	9650	8330	61300	16400	196000	33900	914000	298000	1720	37800000	2300000	291000	2230	276000	13100	955000	233000	46100	7600	11700	345000	450000	1660000	6450000	37000	34000	891000	949000	408000	97000	30200000	15800	1270000	4900	114000000	2770000	189000	536000	36500	125000	179000	26400	4740	47700	5130	217000	05WN230	05WN230	metabolite_183_known
AMP_metabolite_traits	07KS4	Zea	mays cultivar:B73	07KS4			23300	859000	89700	224000	241000	27100	310000	1600000	1260000	55100	3150000	8670000	15700000	9090000	15600	56200000	7290000	5120000	2860000	32700000	192000	8680000	335000	58500	71300	23900000	2270000	50000	563000	238000	9130000	6300000	76500	1220000	1670000	34800	1290000	238000	19300	405000	40500	509000	427000	9280	1260000	1350000	36000	9130000	1360000	6490	9700000	53400	152000	5530	673000	25600	22400000	428000	6990000	39100000	139000	126000	23200000	242000	81800	286000	2690000	64400	279000	228000	336000	264000	150000	12500	1260	757	47300	11200	10000	403000	6570000	2590000	929000	5180000	11500000	47600	0	1020000	450000	216000	66100	117000	53000	853000	954000	599000	18400	821000	254000	18500	1090000	1930000	194000	19300	3590000	28800000	142000	2270000	215000	8990000	1610000	373000	37200000	11100000	4740000	878000	2700000	78900000	453000	18800000	140000	172000	2630000	7670000	211000	119000000	3930000	7660000	173000	150000	4310000	4390000	8500000	15900000	522000	1530	27600000	7300000	188000	91300	705000	3670000	11000	1050000	3590000	10100000	60500	2470	21300000	1610000	195000000	44200000	571000	2190000	155000000	18300000	6660000	21500	26400000	284000	252000	62700000	2350000	1570000	240000	265000	1460000	1110000	346000	316000	5680000	9280	320000	1240000	115000	511000	164000	305000	49100000	88800	146000	1440000	1590000	364000	10800000	10200000	20500	10500	7580000	399000	2940000	3310	614000	335000	890000	45500	52200	10600000	6180000	872000	51800	9070	5270	69000	14900	835000	30200	1210000	421000	2640	65200000	5290000	227000	601	70200	38100	1190000	26800	43500	57000	40200	247000	1090000	984000	27200000	55200	101000	3980000	2440000	64700	25500	37200000	58700	74300	21800	60600000	3310000	226000	2530	46400	56100	12400	140000	74300	122000	14900	416000	07KS4	07KS4	metabolite_183_known
AMP_metabolite_traits	18-599	Zea	mays cultivar:B73	18-599			60500	722000	188000	341000	351000	190000	349000	5500000	1700000	54400	7930000	8180000	33300000	9870000	144000	45200000	12800000	4330000	3030000	34800000	1780000	35900000	1240000	643000	72500	6060000	3600000	235000	978000	493000	18100000	13700000	341000	632000	1120000	34900	56800000	984000	5090	469000	137000	145000	11200000	16600	19300000	32000000	897000	44600000	2610000	31500	34500000	163000	82300	44600	235000	13900	26300000	120000	2510000	54500000	326000	16700	27500000	212000	6610000	136000	2930000	160000	257000	132000	132000	42800	143000	46500	35100	0	82800	20700	161000	480000	28500000	10200000	5170000	7160000	12600000	30400	10700	1330000	2900000	1770000	89400	87500	117000	2210000	1710000	621000	88500	285000	1180000	103000	4550000	343000	82700	17000	2650000	28300000	44500	3650000	59300	3640000	1000000	296000	25900000	11400000	3860000	885000	4840000	47800000	369000	10800000	351000	70800	1960000	5980000	334000	148000000	83900000	24200000	30400	32900	1990000	1710000	6530000	17000000	1950000	398	68800000	36200000	8510000	1510000	17900000	2780000	270000	18700000	2110000	19300000	77800	1280	17300000	23300	163000000	15000000	488000	4230000	147000000	5600000	3030000	528000	10700000	514000	37900	57800000	1470000	1010000	173000	306000	1120000	972000	430000	1030000	22600	6740	243000	318000	112000	1140000	735000	419000	60400000	33200	185000	1280000	1880000	191000	22800000	17200000	2770	101000	4810000	305000	2280000	19800	478000	210000	872000	79100	465000	6040000	3490000	7410000	2620	8220	2040	31800	3990	316000	8420	779000	202000	14100	38400000	2040000	201000	46100	35500	1740	1510000	199000	55900	11300	15300	282000	131000	515000	13400000	43600	4380	843000	133000	2190000	161000	28300000	1880	3920000	1680	68500000	3150000	98700	619	58500	12000	28900	5630	388000	39600	15500	35800	18-599	18-599	metabolite_183_known
AMP_metabolite_traits	303WX	Zea	mays cultivar:B73	303WX			32400	1720000	87300	670000	293000	76700	188000	825000	5740000	66500	1780000	3280000	31200000	8850000	41100	31600000	8670000	1480000	11500000	41600000	296000	6620000	262000	143000	65200	12300000	2550000	105000	1090000	203000	13300000	534000	16300	1620000	1790000	61900	2730000	278000	1730	514000	162000	413000	1250000	74200	843000	11100000	1770000	19600000	1080000	9340	9970000	17800	1050000	762000	3410000	2450	7450000	50000	1780000	33600000	110000	1850	21400000	50000	2800000	120000	927000	94400	177000	1140000	900000	269000	380000	19900	11600	112000	53500	14200	6130	277000	5010000	2570000	478000	6680000	24000000	48000	12100	878000	550000	494000	24400	142000	2130	2090000	1080000	204000	25000	651000	167000	20500	1040000	2670	1150	1460	1940000	28900000	17900	4450000	1090000	2900000	1790000	0	0	0	0	0	0	0	0	0	0	0	0	0	0	0	0	0	0	0	0	0	0	0	0	0	0	0	0	0	0	0	0	0	0	0	0	0	0	0	0	0	0	0	0	0	0	0	0	0	0	0	0	0	0	0	0	0	0	0	0	0	0	0	0	0	0	0	0	0	0	0	0	0	0	0	0	0	0	0	0	0	0	0	0	0	0	0	0	0	0	0	0	0	0	0	0	0	0	0	0	0	0	0	0	0	0	0	0	0	0	0	0	0	0	0	0	0	0	0	0	0	0	0	0	0	0	0	0	0	0	0	0	0	0	0	0	303WX	303WX	metabolite_183_known
AMP_metabolite_traits	4F1	Zea	mays cultivar:B73	4F1			20700	1170000	148000	3770	828000	108000	182000	15800000	3670000	99300	4160000	11600000	31600000	8250000	54600	69600000	11500000	4270000	4660000	39300000	625000	20500000	1530000	218000	181000	6790000	14300000	128000	480000	269000	14100000	6980000	7390	1480000	1070000	314000	8760000	192000	40300	149000	86000	360000	1080000	40600	2310000	638000	102000	180000	1240000	6890	4130000	583000	645000	10600	578000	7210	49000000	468000	2110000	21200000	0	193000	6730000	154000	2650000	261000	2570000	115000	369000	241000	163000	484000	1840	25400	1790	0	43300	9320	59900	751000	11900000	5130000	2400000	6610000	19700000	39100	1420	557000	482000	792000	3450000	173000	29100	2010000	1290000	1110000	33800	169000	445000	44700	1160000	24200	19700	6050	1580000	50700000	1050000	6350000	431000	2810000	1670000	375000	44600000	34300000	5090000	932000	1650000	74800000	360000	10600000	116000	106000	2590000	5880000	478000	135000000	23600000	8540000	447000	157000	2200000	2390000	8090000	15400000	796000	4980	66300000	10300000	4470000	388000	2170000	1870000	133000	44700000	8980000	9540000	93000	22500	13500000	122000	194000000	19800000	1400000	7020000	143000000	4440000	7240000	122000	26300000	953000	959000	56100000	1410000	679000	127000	132000	3080000	591000	182000	192000	132000	8180	292000	354000	129000	856000	348000	381000	32300000	272000	190000	947000	1880000	191000	10500000	8840000	107000	19000	2210000	692000	3010000	36100	387000	837000	1170000	6870	2330	6050000	2380000	2830000	123000	6580	40700	98000	36000	137000	48000	870000	157000	7700	66900000	3970000	1360000	1010	163000	43700	1050000	120000	58100	187000	334000	423000	71300	363000	6450000	99700	64900	476000	48400	279000	63400	13000000	790	481000	3110	74900000	2810000	275000	24500	181000	968	26200	3630	27100	105000	21800	547000	4F1	4F1	metabolite_183_known
AMP_metabolite_traits	7884-4HT	Zea	mays cultivar:B73	7884-4HT			65500	817000	44900	45900	289000	141000	129000	2630000	7240000	71500	3670000	3140000	52900000	10900000	59600	106000000	8520000	2700000	4980000	43000000	750000	17000000	886000	172000	61700	7690000	7000000	275000	1200000	764000	15100000	5790000	21000	762000	1470000	34700	19800000	430000	57900	174000	109000	365000	14600000	77500	1800000	4970000	408000	7940000	1420000	5290	22200000	84300	265000	160000	219000	2890	11800000	682000	2430000	13200000	41400	631000	23100000	151000	1810000	257000	2420000	136000	597000	213000	315000	1800000	20600	37700	13700	0	23800	36700	32600	1190000	17900000	7410000	2110000	5270000	27900000	22800	6660	1800000	1010000	518000	180000	23100	52500	1260000	1250000	331000	9550	361000	466000	38300	1900000	666000	55200	2460	3880000	19900000	728000	8400000	198000	1060000	1240000	726000	24400000	14100000	2690000	742000	2520000	57200000	437000	7520000	133000	136000	1340000	6140000	474000	156000000	15400000	26400000	89800	53100	2060000	3430000	10700000	12200000	6770000	796	95400000	2420000	3370000	472000	10500000	2770000	125000	50400000	3330000	3680000	626000	310000	6030000	88200	141000000	20700000	2420000	4230000	153000000	3690000	4910000	283000	19100000	1190000	1050000	58900000	2260000	198000	71900	211000	4780000	663000	246000	91500	33700	6830	213000	352000	118000	1380000	329000	1610000	66600000	806000	310000	1080000	2850000	263000	17500000	18000000	79700	22900	3990000	530000	1450000	14900	298000	307000	66300	88300	2040000	7150000	2300000	5260000	9840	6010	177000	30100	9930	152000	674000	597000	122000	39400	45600000	2520000	151000	9980	10200	477000	3230000	31800	13500	25800	83400	361000	476000	702000	17800000	92300	430000	1320000	431000	98000	55500	14600000	12000	324000	4690	80500000	1060000	297000	167000	1830000	81900	19900	91000	8500	1230000	212000	605000	7884-4HT	7884-4HT	metabolite_183_known
AMP_metabolite_traits	835A	Zea	mays cultivar:B73	835A			25700	702000	163000	451000	289000	56000	473000	5860000	2770000	66800	5780000	9470000	30000000	7180000	21600	40600000	5380000	6040000	2490000	33000000	549000	10400000	497000	105000	63800	10300000	2910000	74100	922000	255000	8060000	5120000	95700	894000	1510000	53500	21600000	226000	11100	396000	104000	1230000	2240000	42000	9300000	15900000	232000	30700000	1260000	41700	10800000	430000	524000	8880	508000	17100	31600000	150000	522000	46400000	175000	68800	21400000	188000	3360000	226000	2540000	186000	120000	244000	499000	107000	297000	84900	2880	0	54400	21500	10700	402000	7740000	4310000	1270000	7350000	9160000	81200	1810	704000	794000	660000	233000	131000	141000	2880000	1090000	730000	18000	509000	359000	19200	1680000	2430000	1050000	33000	2420000	25400000	55900	4540000	362000	2670000	1430000	1420000	46600000	9720000	2470000	610000	2370000	45700000	355000	12200000	599000	228000	4400000	7640000	416000	164000000	74500000	30700000	60400	109000	8020000	8130000	8700000	17700000	14000000	2020	44200000	44300000	71900000	3310000	70200000	2460000	2240000	63000000	3400000	1920000	33100	13000	2480000	19600	176000000	6030000	324000	2810000	113000000	4650000	5440000	116000	19200000	1320000	223000	58500000	1320000	383000	170000	200000	1480000	1690000	3370000	68200	29600	6290	420000	445000	95500	370000	541000	173000	49200000	153000	336000	2490000	768000	568000	15100000	11500000	6280	217000	4630000	601000	6790000	295000	560000	1560000	1070000	113000	696000	9190000	3740000	9530000	11400	9530	13100	40400	11200	90200	82300	1110000	208000	18300	43400000	2530000	450000	16500	214000	66900	1260000	365000	57700	20300	31100	366000	59100	896000	18500000	99300	179000	10400000	3380000	8350000	1060000	28200000	65400	12800000	5590	103000000	3800000	311000	14200	115000	707000	60800	375000	1010000	453000	17600	363000	835A	835A	metabolite_183_known
AMP_metabolite_traits	835B	Zea	mays cultivar:B73	835B			55300	1070000	76400	238000	421000	22000	438000	891000	1420000	113000	2500000	8850000	35700000	6320000	77700	35600000	4440000	9740000	3760000	34900000	370000	8850000	452000	174000	71600	21200000	2800000	74700	826000	234000	3410000	5980000	37800	863000	1560000	39500	8970000	235000	0	74600	157000	942000	16200	25200	2060000	3550000	85700	16800000	2250000	41500	6630000	275000	384000	6290	415000	8280	40800000	35500	683000	51300000	116000	3890	15900000	202000	374000	110000	1820000	105000	242000	253000	485000	56200	224000	110000	2140	345	55800	23900	43300	260000	6140000	3000000	1050000	5730000	13300000	167000	16800	1550000	666000	828000	168000	138000	136000	2490000	2190000	1080000	0	103000	318000	25700	2350000	15800	2840	10800	2480000	29800000	35800	3400000	729000	2790000	1180000	502000	60000000	8000000	968000	678000	2380000	41800000	364000	12800000	244000	219000	1680000	6270000	291000	148000000	16300000	6450000	31400	43900	3890000	3480000	7040000	14900000	22300	310	27700000	4770000	704000	146000	2450000	2390000	69400	6850000	3750000	4050000	9860	1560	8410000	9580	175000000	13300000	27700	1080000	126000000	3000000	4340000	221000	15500000	1230000	23700	64500000	2150000	149000	216000	216000	2990000	1270000	323000	128000	296000	10600	199000	242000	162000	233000	310000	171000	50300000	37100	886000	943000	1260000	209000	11900000	11900000	5160	30300	2620000	502000	1750000	1590	297000	297000	857000	95900	521000	7510000	1630000	5430000	3760	7570	1690	21900	2630	114000	14400	1130000	191000	29700	51600000	2670000	160000	5140	61300	1120	217000	31100	44100	6460	8930	342000	709000	781000	10100000	31800	6430	495000	14800	186000	29800	28400000	1310	335000	4230	92100000	3100000	147000	10800	6800	1140	63400	5830	13600	3050	131	227000	835B	835B	metabolite_183_known
AMP_metabolite_traits	975-12	Zea	mays cultivar:B73	975-12			80900	950000	106000	246000	888000	88600	219000	4790000	2480000	108000	2430000	4990000	32600000	7290000	136000	19800000	10400000	3740000	2320000	45000000	733000	12500000	887000	239000	121000	14800000	3700000	232000	1610000	485000	13500000	5820000	49700	1420000	1570000	41300	11700000	201000	748	188000	74500	926000	758000	31900	4400000	159000	19900	294000	1890000	911	1700000	286000	478000	218000	526000	0	21500000	627000	1570000	18600000	0	2360	20900000	105000	60400	233000	784000	184000	532000	173000	223000	976000	169000	29600	24600	556	50700	34700	27800	186000	6750000	3660000	1760000	8860000	14500000	74300	6650	928000	487000	542000	31500	203000	52000	1910000	1320000	521000	9630	389000	449000	41700	1320000	5300	3760	1490	4410000	46600000	352000	6850000	942000	10000000	1190000	415000	34600000	14500000	2560000	543000	2190000	53100000	493000	6530000	175000	103000	3020000	6990000	854000	158000000	26600000	23400000	88400	15100	3060000	5660000	6660000	10700000	873000	3030	65600000	4890000	179000	149000	289000	2190000	2620	3020000	8180000	11200000	306000	1910	8770000	34700	168000000	14600000	6280000	2090000	132000000	5160000	4640000	29200	16700000	44100	20900	54400000	2180000	203000	148000	162000	5390000	796000	938000	270000	139000	9330	231000	727000	152000	168000	172000	801000	37400000	373000	78300	631000	1660000	499000	25700000	11600000	2120	8710	1210000	864000	836000	1820	494000	94100	1240000	154000	2060000	9080000	6890000	8640000	6760	11700	2320	15900	3510	107000	16200	856000	226000	6370	49500000	3000000	100000	336	57700	7250	4910000	86100	10800	145000	87300	215000	42100	2320000	6170000	195000	6810	774000	35800	54600	447000	16300000	1120	128000	7110	91700000	629000	121000	2030	885000	15600	5210	5000	12700	54800	8780	154000	975-12	975-12	metabolite_183_known
AMP_metabolite_traits	B11	Zea	mays cultivar:B73	B11			32200	558000	53900	119000	356000	27500	131000	5700000	5550000	197000	10600000	6330000	20400000	7720000	4180	47200000	6110000	5220000	11100000	43700000	1000000	19300000	973000	167000	138000	4470000	2700000	153000	849000	202000	13400000	5680000	58800	712000	1440000	52600	59200000	603000	1040	149000	61500	628000	7420000	59400	11900000	2360000	55800	8690000	1950000	22300	8480000	144000	58000	29000	300000	7290	28100000	68300	4800000	36800000	130000	8700	16800000	231000	1470000	157000	1130000	202000	731000	41500	208000	20100	66600	21600	540	341	75400	4290	167000	582000	9900000	5360000	1580000	8400000	13900000	80800	4390	2040000	2950000	1970000	111000	109000	53100	960000	801000	767000	44800	1390000	341000	55500	9050000	20800	3030	32200	1130000	40700000	16100	6670000	699000	4100000	1530000	701000	15800000	8680000	1650000	644000	2200000	116000000	218000	20900000	165000	195000	1700000	8520000	394000	131000000	99800000	6930000	370000	28100	886000	1040000	11400000	25400000	9620000	61600	69100000	10500000	5140000	426000	27500000	1890000	647000	12500000	4080000	3080000	28800	1430	5980000	45500	196000000	26100000	365000	10800000	180000000	10300000	8330000	851000	27600000	1240000	41000	59900000	2290000	305000	213000	374000	3490000	358000	299000	2990000	3460	26700	946000	539000	63700	631000	264000	113000	42900000	32300	553000	3010000	2900000	111000	7610000	16700000	22800	103000	9560000	272000	4660000	29400	537000	1100000	1130000	1300	55800	6940000	6750000	1860000	27300	9760	5190	35300	6550	729000	59000	1970000	459000	23800	80000000	6080000	259000	114000	28900	6760	2920000	183000	111000	21400	9180	212000	297000	560000	28800000	32300	102000	370000	10100	1870000	1070000	4130000	4570	2500000	18400	76600000	7350000	202000	2610	54000	7380	39400	7170	19700	238000	31200	132000	B11	B11	metabolite_183_known
AMP_metabolite_traits	B110	Zea	mays cultivar:B73	B110			19300	948000	67000	237000	273000	57700	682000	647000	2540000	139000	4430000	14200000	44000000	5110000	255000	30400000	4030000	7440000	3210000	26000000	381000	12300000	491000	162000	185000	4870000	3050000	92200	663000	284000	5960000	3420000	441000	1060000	1170000	31300	32100000	524000	14000	167000	98900	526000	8140000	24000	2120000	42600000	1840000	70700000	628000	74600	10300000	832000	97700	9290	201000	71100	33300000	94100	2100000	103000000	377000	48200	19600000	131000	2560000	80100	1660000	77800	746000	139000	218000	3790000	115000	53400	1240	470	42900	10400	54800	297000	6510000	2990000	934000	3890000	12700000	70800	39600	961000	992000	381000	157000	141000	78000	2540000	1400000	1140000	61600	183000	458000	32400	1980000	108000	45900	11900	1770000	59800000	39000	1450000	577000	1580000	844000	1380000	16500000	11800000	2400000	462000	1680000	27100000	358000	3400000	523000	75900	2200000	5380000	687000	162000000	37200000	28800000	65600	125000	2560000	2750000	8960000	11100000	8920000	664	58500000	8410000	17800000	6550000	47500000	2110000	439000	6110000	6460000	2380000	10000	102000	5400000	286000	204000000	11700000	335000	5080000	141000000	12000000	4090000	18500	21100000	386000	301000	58100000	2550000	220000	124000	237000	5680000	819000	82900	739000	2870	6060	301000	463000	63400	1190000	411000	208000	48000000	427000	141000	1210000	1500000	330000	23100000	9460000	24400	11600	2040000	993000	847000	55300	414000	232000	655000	7440	528000	4470000	2250000	4690000	9860	6310	34800	27600	6230	203000	222000	1040000	274000	3170	67400000	4690000	330000	1330	24500	378000	291000	111000	26900	156000	333000	275000	99900	1730000	8010000	189000	176000	957000	260000	706000	267000	20700000	2040	1740000	4190	128000000	2180000	157000	41700	51200	77700	36200	133000	184000	465000	15100	273000	B110	B110	metabolite_183_known
AMP_metabolite_traits	B111	Zea	mays cultivar:B73	B111			20000	626000	77500	274000	470000	143000	167000	2700000	1310000	59600	5950000	5180000	17300000	15400000	13300	30800000	11800000	4380000	2760000	39600000	414000	9590000	492000	136000	67000	4320000	2340000	64000	1150000	167000	12400000	2050000	21200	1010000	1820000	46600	1410000	284000	229000	78500	66600	760000	127000	13500	440000	170000	11000	322000	2240000	2560	347000	127000	432000	80100	521000	0	25300000	76300	1140000	21600000	0	157000	24900000	101000	103000	478000	912000	115000	716000	158000	280000	459000	134000	56300	9100	104000	6070	6930	33100	304000	5090000	3030000	378000	8520000	21700000	94700	6270	1770000	294000	109000	157000	163000	561000	1650000	1230000	580000	0	118000	208000	7540	648000	323000	97000	722	3530000	28900000	20900	3470000	1750000	3090000	721000	643000	89300000	6010000	5120000	1020000	4270000	119000000	411000	6550000	115000	240000	2990000	6490000	502000	150000000	2890000	10000000	489000	551000	1460000	1640000	7290000	18000000	517000	12200	33800000	3720000	11900	42200	11100	1780000	9950	878000	4080000	2800000	181000	27000	5250000	59800	187000000	11200000	215000	1510000	162000000	10400000	4600000	20700	19000000	36100	387000	58100000	3470000	1490000	121000	222000	3460000	1280000	297000	287000	1230000	8370	576000	540000	75300	347000	213000	157000	61700000	210000	179000	1090000	1420000	174000	18100000	11700000	927000	8550	6250000	535000	923000	4170	371000	503000	839000	1100000	704000	8300000	1610000	1990000	81000	5610	1010000	59100	21100	145000	2480000	1040000	305000	1260	57200000	4050000	310000	2480	89300	485000	260000	41200	49900	86800	116000	192000	78200	864000	20800000	50200	1830000	1320000	486000	9210	14100	19700000	5390	26200	4970	41500000	4130000	142000	11300	32300	208000	8860	21300	228000	560000	42900	63700	B111	B111	metabolite_183_known
AMP_metabolite_traits	B114	Zea	mays cultivar:B73	B114			57800	1060000	62200	346000	537000	130000	670000	4100000	5790000	92100	12300000	7230000	51900000	11700000	142000	45600000	19000000	5250000	7640000	33000000	600000	8940000	709000	127000	570000	9590000	3790000	125000	358000	368000	26000000	2590000	29600	490000	964000	75300	24000000	404000	0	1060000	90300	783000	1210000	55700	2040000	13200000	196000	38900000	1980000	15200	8750000	258000	240000	11900	576000	30900	24800000	445000	7430000	53600000	209000	16700	16000000	88000	1690000	118000	1200000	69500	657000	133000	209000	2690000	183000	112000	29300	1880	39200	36700	32200	339000	12700000	4080000	1500000	4280000	16400000	84700	34400	972000	377000	613000	579000	137000	10900	1140000	1070000	843000	34500	889000	499000	26200	792000	4630	33800	15900	3790000	81900000	59500	2620000	684000	3190000	601000	187000	49200000	16800000	2050000	1240000	1930000	100000000	308000	3890000	158000	135000	1480000	5930000	609000	141000000	5720000	10800000	30800	14400	3230000	4200000	11000000	16900000	2770000	580	88200000	1530000	15500000	589000	62000000	3250000	266000	42200000	3660000	26900000	19300	5790	49300000	64600	181000000	68300000	2080000	18700000	142000000	10400000	5100000	255000	18700000	4700000	71700	62800000	4200000	177000	128000	302000	3940000	660000	468000	2090000	1840000	11300	317000	629000	152000	171000	284000	344000	61300000	2580000	351000	2240000	6770000	502000	15700000	11400000	15200	11400	1820000	919000	1060000	27700	1420000	1300000	1720000	157000	22000	11600000	6660000	3120000	13400	4240	31200	26100	4920	214000	332000	997000	315000	16700	52700000	3430000	140000	3270	39300	559000	18900000	36600	52000	801000	982000	574000	1080000	1420000	7540000	46700	216000	528000	119000	103000	54300	47300000	3900	218000	4870	75800000	2570000	339000	4640	340000	24000	35300	39300	475000	813000	103000	1260000	B114	B114	metabolite_183_known
AMP_metabolite_traits	B151	Zea	mays cultivar:B73	B151			42600	1310000	62900	119000	607000	29500	448000	1630000	5110000	48600	2070000	8600000	29300000	7750000	244000	47200000	5830000	7490000	5290000	30000000	770000	11000000	991000	168000	137000	3680000	3100000	101000	728000	407000	5510000	5720000	11500	1080000	2250000	49300	1960000	714000	1510	239000	58100	943000	91400	64400	1220000	435000	24800	501000	2370000	0	7110000	305000	5210000	131000	903000	9070	31500000	888000	2580000	45000000	113000	3650	19000000	106000	55100	134000	1670000	133000	611000	95700	137000	460000	64800	78100	3680	84800	21800	8690	75800	520000	6030000	4230000	1490000	13600000	25500000	93600	105000	1040000	611000	381000	24000	168000	21600	409000	1450000	828000	33000	416000	261000	24800	1580000	11400	5640	0	2490000	39400000	2200000	10100000	711000	1220000	1260000	221000	14800000	4820000	964000	315000	1020000	22200000	350000	4380000	127000	229000	4080000	7730000	352000	162000000	8540000	12900000	29200	38600	1930000	2450000	5500000	12500000	95800	248	58400000	1570000	85700	38900	154000	1880000	4480	9980000	3650000	29800000	280000	1740	9290000	11100	196000000	20700000	2310000	3140000	148000000	6950000	5030000	233000	18700000	3020000	15300	53500000	891000	309000	214000	254000	2430000	1810000	151000	408000	682000	7890	115000	508000	68300	422000	153000	1360000	29300000	171000	203000	965000	1430000	210000	16200000	11600000	5450	7360	2400000	386000	336000	7680	341000	201000	1360000	28600	1490000	11300000	1890000	734000	16200	5280	2440	28100	8720	519000	16000	842000	187000	29200	56900000	3550000	160000	92700	3090000	3090	833000	29200	31600	138000	174000	242000	113000	773000	6410000	41300	10400	608000	12400	25200	16100	14900000	1300	14200	2140	51900000	2750000	74200	2260	4300000	990	22100	15500	12000	64900	73300	161000	B151	B151	metabolite_183_known
AMP_metabolite_traits	B73	Zea	mays cultivar:B73	B73			52800	717000	49500	339000	323000	22800	466000	789000	2070000	174000	7820000	13100000	44800000	9750000	22900	26900000	8760000	7430000	3320000	35000000	564000	7340000	464000	152000	81500	7720000	2990000	204000	507000	158000	9930000	5600000	57100	903000	1500000	42900	34500000	337000	1250	232000	107000	566000	3160000	27200	3840000	12600000	377000	29800000	1640000	19200	1520000	431000	456000	12500	475000	105000	41800000	651000	4470000	65200000	0	21500	14700000	242000	2640000	175000	1950000	165000	301000	166000	320000	263000	148000	108000	374	0	72700	18600	39800	206000	4730000	1910000	1490000	7440000	10200000	63100	673	1490000	805000	201000	440000	76100	51300	917000	1810000	1020000	60400	171000	377000	25000	1620000	25800	9280	7550	4180000	32000000	838000	4260000	946000	2070000	547000	105000	16800000	6230000	1930000	370000	855000	40400000	354000	6860000	60600	139000	3700000	9350000	551000	122000000	1810000	18400000	975000	71400	1370000	2600000	8900000	10800000	4660000	56100	58300000	8990000	826000	362000	442000	3110000	20800	1410000	11800000	14900000	32800	354000	10500000	792000	208000000	12700000	850000	3260000	174000000	12000000	7600000	315000	29000000	315000	62700	55500000	4480000	202000	152000	192000	6050000	1060000	885000	471000	2840000	7680	520000	398000	152000	689000	301000	349000	29400000	535000	211000	1170000	1400000	653000	22200000	12800000	87900	12100	2590000	355000	582000	6510	453000	331000	1080000	229000	510000	13200000	8160000	1660000	18200	14900	31900	63700	19500	264000	93100	2160000	586000	17700	85600000	6240000	153000	30000	13800	39700	1000000	6960	24900	316000	310000	160000	372000	452000	10100000	685000	111000	663000	196000	41200	13300	25000000	2620	24600	3900	27000000	1540000	283000	44700	1780000	12900	11200	136000	3980	181000	30100	914000	B73	B73	metabolite_183_known
AMP_metabolite_traits	B77	Zea	mays cultivar:B73	B77			35400	871000	107000	402000	570000	83300	488000	732000	5540000	281000	3410000	8140000	32000000	11100000	26800	26100000	8080000	9690000	3300000	46500000	516000	9760000	516000	136000	56900	6910000	2790000	107000	1070000	284000	8870000	3650000	13300	1710000	1490000	49700	13200000	315000	0	191000	75500	601000	1730000	54900	811000	902000	46300	2490000	1390000	7750	6470000	128000	1790000	35400	678000	2220	29600000	4200000	5160000	29600000	81300	16900	22900000	65700	493000	190000	630000	209000	118000	173000	267000	3630000	195000	257000	17700	1960	71300	20900	19700	224000	6590000	3310000	1120000	9430000	9790000	79800	3120	1190000	715000	202000	177000	169000	37700	661000	2120000	863000	55700	1390000	346000	24600	1070000	13400	1120	2430	2760000	19900000	8740000	5570000	220000	15400000	2230000	302000	30700000	12300000	8670000	962000	2740000	66700000	377000	32900000	111000	85400	3800000	6310000	353000	150000000	12800000	11000000	112000	40700	3680000	5760000	14000000	10700000	7530000	3060	75600000	12800000	918000	395000	1610000	1980000	84700	19900000	3640000	28200000	60300	31900	25300000	73300	193000000	24700000	18300000	52800000	152000000	7630000	9570000	252000	33900000	742000	35200	62200000	2950000	1320000	204000	238000	1420000	1340000	386000	589000	995000	8110	763000	3090000	266000	155000	385000	1670000	57500000	648000	329000	2770000	2610000	837000	10100000	11200000	69900	23700	4180000	1230000	1950000	3960	738000	266000	1520000	122000	1300000	15400000	4570000	1490000	11500	5650	83200	27500	5770	134000	71600	1020000	228000	28100	76700000	4260000	139000	56300	69600	5040	3610000	136000	67300	68800	58900	1170000	775000	1460000	16100000	90400	25600	323000	20300	63600	185000	20700000	13900	121000	79700	59000000	3010000	147000	9240	11700000	1050	10400	3760	6420	113000	12300	141000	B77	B77	metabolite_183_known
AMP_metabolite_traits	BS16	Zea	mays cultivar:B73	BS16			15400	984000	93400	88100	637000	92300	201000	2630000	3000000	99300	1460000	5450000	36500000	5530000	26000	34100000	8480000	4240000	2910000	41000000	528000	15600000	639000	114000	146000	14000000	2100000	78100	551000	243000	5080000	3230000	27300	904000	1280000	26400	0	186000	1450	371000	77100	514000	180000	42600	1070000	220000	5490	322000	1870000	1910	1630000	87600	1300000	173000	548000	19200	19000000	224000	687000	26900000	78600	11400	19900000	90200	67900	319000	1100000	344000	643000	125000	248000	550000	55400	31200	26900	0	0	10300	2100	419000	5290000	2420000	1320000	9730000	55800000	49800	1420	514000	1820000	642000	30100	112000	27900	1130000	1100000	570000	28300	360000	344000	23800	5160000	26500	2010	1230	3380000	50300000	702000	14900000	33100	2370000	1450000	350000	84700000	9730000	1880000	395000	2390000	20300000	364000	12800000	111000	67800	1990000	3990000	490000	137000000	8230000	20500000	120000	16600	35200000	27500000	5820000	15700000	403000	4600	78400000	5330000	87000	26400	146000	2140000	12000	7410000	2040000	20700000	141000	53100	13600000	131000	165000000	21900000	2090000	1440000	152000000	5710000	7310000	118000	26200000	96000	30500	60100000	735000	313000	286000	354000	9270000	611000	1870000	572000	161000	7790	148000	397000	159000	1740000	162000	1000000	58100000	517000	249000	958000	2050000	195000	11900000	13200000	28400	7330	4400000	1100000	4120000	1920	530000	191000	1430000	64500	1770000	6190000	2860000	957000	25700	4680	3700	31200	9490	271000	14100	761000	159000	13200	39100000	2060000	159000	35100	35400	11000	2150000	118000	44600	251000	105000	267000	3560000	544000	18100000	23000	19600	430000	42600	24300	40500	31100000	8260	32600	4570	122000000	2960000	145000	28500	1070000	15500	8300	18800	30500	70500	14400	480000	BS16	BS16	metabolite_183_known
AMP_metabolite_traits	BY4839	Zea	mays cultivar:B73	BY4839			31900	915000	54600	80900	1110000	74900	262000	2380000	4250000	235000	12100000	9870000	22800000	4160000	148000	60000000	10000000	5400000	9510000	43800000	458000	12500000	607000	212000	272000	7120000	3570000	70400	352000	307000	11000000	1730000	10500	1090000	1450000	56200	7110000	282000	83300	116000	101000	661000	7680000	53700	1640000	876000	188000	750000	1580000	349	13200000	387000	318000	89500	920000	56600	37700000	84100	10600000	24800000	0	6090000	24200000	132000	1020000	299000	1800000	344000	728000	44700	77900	651000	22200	51600	178000	521	48900	43600	19400	623000	9520000	3500000	1590000	7780000	26400000	73900	1030	912000	393000	380000	61900	201000	417000	594000	1170000	1020000	0	513000	383000	12800	1490000	396000	250000	9170	7230000	77100000	52600	6870000	1600000	4550000	1170000	3300000	17100000	15000000	2850000	353000	1630000	44100000	287000	4950000	78200	209000	1840000	5990000	451000	133000000	11700000	15300000	805000	1200000	1470000	1730000	6390000	15200000	1090000	4970	77700000	2920000	860000	314000	329000	1950000	4480	6560000	5320000	6080000	223000	58600	9450000	188000	201000000	29600000	96000	4560000	141000000	5250000	7130000	78000	27100000	147000	28000000	55600000	860000	153000	179000	282000	3570000	253000	917000	2790000	243000	7570	411000	681000	123000	14100	401000	293000	84800000	363000	112000	999000	1990000	493000	16500000	13600000	84800	16400	2650000	256000	2390000	3550	422000	100000	1220000	14600	58600	10900000	4010000	1530000	156000	11500	374000	546000	192000	245000	274000	950000	180000	17500	66100000	3810000	29100000	431	263000	421000	903000	1750000	56500	184000	294000	227000	1330000	1460000	10700000	105000	80100	1250000	530000	212000	34800	50700000	4740	548000	10100	117000000	3250000	305000	48800	233000	339000	22000	211000	33600	196000	29100	439000	BY4839	BY4839	metabolite_183_known
AMP_metabolite_traits	BY4944	Zea	mays cultivar:B73	BY4944			15500	533000	103000	284000	379000	73700	182000	3600000	3990000	96700	6020000	4700000	26000000	22900000	2770	50400000	19000000	3280000	5460000	53000000	430000	12100000	883000	52100	101000	15500000	3920000	63500	330000	545000	13000000	6020000	24800	1640000	1700000	35000	8840000	379000	32000	168000	110000	724000	5110000	50000	2630000	8620000	99800	7250000	2770000	3550	41400000	158000	228000	37200	497000	18200	20400000	80000	5670000	34100000	173000	194000	18900000	142000	464000	357000	2040000	174000	232000	92300	167000	523000	145000	62800	5230	498	40200	3050	11800	469000	5900000	2460000	832000	7580000	26200000	132000	463	752000	345000	346000	33100	244000	151000	1200000	1100000	339000	22100	372000	227000	19300	1050000	77500	20000	13600	7070000	29600000	15100	8300000	285000	3390000	1150000	370000	139000000	18700000	2580000	381000	1620000	56600000	305000	12300000	261000	224000	3370000	8400000	424000	132000000	10500000	20900000	309000	262000	633000	1230000	8510000	14600000	2560000	2690	67200000	10400000	5700000	574000	8660000	2680000	32500	69700000	2830000	1950000	309000	2640	5320000	26500	189000000	14100000	43900	37900000	128000000	11200000	9550000	149000	34700000	13500000	739000	57500000	936000	116000	181000	379000	1110000	991000	1260000	99100	5500	8840	451000	532000	193000	32500	193000	439000	118000000	260000	489000	1880000	1860000	609000	13100000	11500000	21100	57000	2410000	459000	1160000	15500	818000	196000	1540000	567000	28300	15100000	9840000	4920000	9010	11300	12200	46300	10600	133000	11700	1160000	256000	21900	52900000	3270000	659000	160000	104000	19900	2340000	317000	42600	77200	141000	267000	2190000	1050000	9990000	63000	16300	596000	86500	1290000	251000	55500000	703	3760000	1690	41900000	3030000	427000	2290	9740	9740	32200	25600	19500	99400	18300	552000	BY4944	BY4944	metabolite_183_known
AMP_metabolite_traits	BY4960	Zea	mays cultivar:B73	BY4960			15800	745000	32800	61900	1090000	33400	95900	3050000	1240000	141000	8790000	4970000	39400000	6530000	102000	47900000	8190000	2420000	2620000	31400000	396000	11600000	608000	178000	259000	6880000	2240000	41300	328000	122000	5250000	3240000	31800	1140000	749000	32900	37200000	151000	564000	114000	41600	318000	8300000	7350	10400000	1150000	30700	873000	2210000	0	5590000	177000	102000	26300	258000	22900	17200000	17300	8160000	15100000	108000	1060000	17500000	49600	851000	106000	933000	123000	397000	11600	116000	269000	60100	22900	83200	0	67300	26400	71700	463000	8820000	3550000	2040000	5450000	26300000	43700	1330	1010000	1220000	719000	224000	108000	0	564000	1310000	391000	12500	220000	264000	47300	6560000	7100000	1180000	6650	2790000	52000000	18400	7200000	602000	1020000	753000	0	0	0	0	0	0	0	0	0	0	0	0	0	0	0	0	0	0	0	0	0	0	0	0	0	0	0	0	0	0	0	0	0	0	0	0	0	0	0	0	0	0	0	0	0	0	0	0	0	0	0	0	0	0	0	0	0	0	0	0	0	0	0	0	0	0	0	0	0	0	0	0	0	0	0	0	0	0	0	0	0	0	0	0	0	0	0	0	0	0	0	0	0	0	0	0	0	0	0	0	0	0	0	0	0	0	0	0	0	0	0	0	0	0	0	0	0	0	0	0	0	0	0	0	0	0	0	0	0	0	0	0	0	0	0	0	BY4960	BY4960	metabolite_183_known
AMP_metabolite_traits	BY804	Zea	mays cultivar:B73	BY804			20400	796000	173000	13800	1320000	49600	37800	6800000	845000	64700	3590000	6460000	34400000	9110000	37700	64200000	5490000	3950000	1200000	45500000	322000	12300000	588000	143000	41600	9910000	2750000	106000	1810000	321000	12100000	7880000	7980	1280000	1230000	37100	7260000	202000	2820	378000	25300	590000	3000000	6030	1330000	399000	78900	552000	1940000	0	7470000	32800	7290	41600	43700	9490	24200000	46000	6700000	18100000	49400	71700	15600000	180000	532000	275000	2250000	155000	90600	40000	140000	57700	25900	11100	21700	0	36500	44600	35800	437000	6970000	3860000	2380000	3630000	31300000	51900	4350	979000	1830000	967000	113000	150000	0	878000	1120000	843000	11700	89400	176000	38300	4950000	132000	48900	1440	2590000	15900000	23900	2760000	205000	7910000	1070000	199000	32200000	12800000	29900000	653000	1970000	77500000	335000	4230000	122000	120000	3130000	5530000	584000	134000000	77800000	12100000	44100	159000	1320000	1250000	9290000	16100000	35900000	989	22100000	21400000	8730000	519000	14900000	3150000	62000	44100000	5980000	165000	248000	8430	358000	127000	208000000	6090000	48500	21000000	172000000	5030000	10500000	27200	36200000	569000	2150000	52800000	1170000	250000	101000	487000	1450000	505000	60300	616000	3940	8360	276000	1120000	241000	103000	325000	178000	62500000	58000	935000	1060000	424000	559000	15600000	17500000	5620	233000	7670000	470000	5880000	47100	670000	255000	1650000	889	8090	5890000	10500000	1450000	6420	12300	19800	43700	8480	95600	175000	1310000	225000	1780	87400000	5570000	427000	470	37500	147000	299000	1750000	38000	10300	11300	239000	29000	654000	33600000	106000	42800	4960000	1000000	2310000	999000	30500000	6690	2540000	16400	90100000	4380000	18500	11600	31000	69100	61700	825000	5310	215000	44300	2560	BY804	BY804	metabolite_183_known
AMP_metabolite_traits	BY807	Zea	mays cultivar:B73	BY807			28500	767000	94200	57000	604000	68500	374000	3840000	1070000	106000	2580000	5850000	36600000	5100000	576000	89900000	10900000	4710000	2270000	38500000	234000	13000000	483000	125000	235000	16900000	2110000	93200	666000	219000	21400000	5400000	1780	1670000	1190000	35800	26400000	372000	3120	249000	60700	364000	4080000	10400	2710000	1060000	98700	1430000	978000	0	7260000	88900	31300	171000	180000	16300	24100000	123000	12400000	25400000	136000	156000	16000000	120000	607000	88600	906000	145000	239000	39800	175000	231000	21400	34000	9310	13200	77700	52500	14700	945000	12200000	4810000	2020000	5020000	27700000	47600	155000	1370000	780000	1340000	82900	172000	0	1070000	987000	599000	31100	592000	352000	28200	3080000	452000	106000	9430	2340000	53900000	59700	3540000	450000	7840000	1450000	285000	24700000	6900000	8220000	463000	1400000	53100000	440000	1460000	33200	113000	5100000	5050000	388000	178000000	4110000	12700000	249000	49100	1800000	3530000	8520000	10600000	491000	23800	58800000	2850000	731000	84700	563000	3240000	38000	5810000	4080000	2760000	278000	8160	5030000	390000	166000000	12300000	254000	8870000	144000000	14400000	13000000	39200	45200000	1260000	941000	56600000	985000	83000	93400	256000	2520000	444000	2110000	1830000	7930000	6700	418000	492000	534000	181000	312000	242000	66800000	128000	537000	544000	1670000	501000	30300000	13600000	13400	5870	1410000	1070000	369000	4030	804000	1190000	2930000	3150	22000	14500000	10600000	4780000	101000	7850	4120	109000	53300	42200	48900	1420000	313000	4790	67700000	4580000	195000	682	10500	253000	1640000	42500	10200	19400	22400	212000	118000	3310000	8370000	214000	148000	1220000	1190000	30200	56900	20900000	10400	46900	10700	80900000	1480000	8260	13300	173000	39000	11300	209000	3900	2630000	341000	2410	BY807	BY807	metabolite_183_known
AMP_metabolite_traits	BY809	Zea	mays cultivar:B73	BY809			22700	409000	166000	102000	575000	41900	186000	6160000	1390000	101000	6320000	0	21100000	14400000	102000	89800000	12500000	3870000	1810000	45200000	395000	14500000	509000	86700	57500	8950000	1990000	91400	894000	215000	22100000	4920000	15800	1570000	1520000	46200	7910000	357000	7960	204000	55500	769000	3590000	11700	2270000	966000	54300	1830000	3030000	1530	5860000	26900	48600	80600	91400	187000	36200000	118000	9440000	28600000	189000	81200	14300000	196000	451000	399000	1900000	129000	122000	29900	34800	993000	73100	32400	4260	18800	96800	39200	21900	918000	9610000	4620000	1170000	4330000	22300000	76000	36000	759000	1370000	681000	47100	183000	1960	764000	1120000	827000	1270	199000	241000	31500	3730000	124000	83600	9350	3990000	28600000	16500	4540000	345000	1820000	1050000	0	0	0	0	0	0	0	0	0	0	0	0	0	0	0	0	0	0	0	0	0	0	0	0	0	0	0	0	0	0	0	0	0	0	0	0	0	0	0	0	0	0	0	0	0	0	0	0	0	0	0	0	0	0	0	0	0	0	0	0	0	0	0	0	0	0	0	0	0	0	0	0	0	0	0	0	0	0	0	0	0	0	0	0	0	0	0	0	0	0	0	0	0	0	0	0	0	0	0	0	0	0	0	0	0	0	0	0	0	0	0	0	0	0	0	0	0	0	0	0	0	0	0	0	0	0	0	0	0	0	0	0	0	0	0	0	BY809	BY809	metabolite_183_known
AMP_metabolite_traits	BY813	Zea	mays cultivar:B73	BY813			35400	759000	45000	158000	774000	107000	216000	5170000	2570000	88900	4610000	8680000	32000000	6520000	1770	105000000	4760000	4960000	2940000	51600000	544000	18500000	572000	140000	61600	12400000	2450000	129000	911000	475000	12300000	6650000	22400	1840000	1890000	43700	37700000	304000	28400	240000	82000	458000	3810000	28600	1870000	1060000	57000	1320000	2080000	1910	13800000	102000	18100	163000	72800	23100	35600000	159000	7770000	30700000	171000	394000	20500000	183000	947000	385000	1670000	143000	146000	76100	96400	228000	69500	33800	2410	0	132000	36700	39900	1180000	14100000	5820000	1850000	5370000	20100000	64300	0	1200000	1440000	894000	21500	255000	803	878000	1270000	898000	0	349000	435000	36400	4740000	53200	39300	28500	3790000	30000000	80700	7390000	125000	1880000	2020000	1750000	56200000	12200000	11400000	943000	3180000	86500000	218000	8190000	153000	211000	4150000	7820000	407000	131000000	20800000	10300000	253000	214000	1960000	2050000	6600000	12500000	726000	3750	67800000	2640000	2870000	198000	3500000	4480000	30200	36700000	2310000	1330000	311000	18100	2300000	322000	222000000	14000000	104000	16300000	142000000	17300000	8510000	22900	31600000	1290000	2400000	56000000	670000	106000	169000	447000	704000	559000	4970000	102000	98700	7240	542000	391000	266000	208000	449000	266000	79400000	135000	722000	836000	1230000	265000	17700000	17600000	15600	130000	2110000	229000	495000	12000	497000	90100	1830000	426	14600	13300000	12200000	1940000	193000	11700	6310	141000	50300	42500	28200	835000	206000	3480	57500000	3740000	1920000	224	14800	51300	2000000	838000	51500	25000	38800	349000	52900	1090000	9460000	30200	17900	565000	106000	4190000	145000	43700000	574	2610000	5540	111000000	3090000	17600	11000	168000	27200	53900	7780	2880	55800	10200	5460	BY813	BY813	metabolite_183_known
AMP_metabolite_traits	BY815	Zea	mays cultivar:B73	BY815			37700	619000	72800	648000	729000	110000	168000	3650000	1970000	86900	5330000	8090000	29900000	10700000	8630	93300000	12100000	5760000	1580000	54500000	449000	18600000	599000	76800	46300	9050000	3170000	75400	572000	250000	17100000	5970000	20000	1960000	1680000	27400	28800000	304000	12100	167000	81500	571000	2900000	26800	1980000	2180000	74900	3070000	2490000	2430	5820000	107000	37800	69600	86700	26300	29400000	85400	5690000	35300000	212000	71400	20900000	172000	796000	451000	1630000	191000	172000	62500	93900	301000	318000	28100	0	493	216000	20100	50600	975000	11700000	5340000	1400000	5250000	16000000	86000	1360	1030000	1520000	701000	35900	293000	777	777000	1190000	773000	37000	66600	265000	49100	4600000	17200	11600	45800	3610000	28100000	46900	10700000	105000	1290000	1880000	0	0	0	0	0	0	0	0	0	0	0	0	0	0	0	0	0	0	0	0	0	0	0	0	0	0	0	0	0	0	0	0	0	0	0	0	0	0	0	0	0	0	0	0	0	0	0	0	0	0	0	0	0	0	0	0	0	0	0	0	0	0	0	0	0	0	0	0	0	0	0	0	0	0	0	0	0	0	0	0	0	0	0	0	0	0	0	0	0	0	0	0	0	0	0	0	0	0	0	0	0	0	0	0	0	0	0	0	0	0	0	0	0	0	0	0	0	0	0	0	0	0	0	0	0	0	0	0	0	0	0	0	0	0	0	0	BY815	BY815	metabolite_183_known
AMP_metabolite_traits	BY855	Zea	mays cultivar:B73	BY855			32800	556000	160000	307000	993000	227000	68000	4010000	2000000	53300	5950000	7130000	28800000	5140000	154000	49300000	6740000	4620000	1470000	35200000	477000	9710000	574000	133000	173000	11700000	3030000	175000	536000	315000	15600000	4180000	463000	1520000	785000	48000	16500000	982000	1370000	305000	105000	398000	26300000	17700	3170000	11200000	371000	8980000	2580000	1610	32800000	439000	15700	12700	30900	23700	21100000	151000	5930000	18800000	69800	3950000	22400000	154000	1800000	156000	1790000	216000	135000	57500	100000	85800	136000	7930	170000	1440	73200	28400	58800	477000	7140000	3250000	2210000	4000000	12900000	61000	1380	945000	2470000	878000	203000	289000	35100	829000	1730000	852000	27100	167000	894000	35100	5060000	7670000	1160000	16200	4410000	58200000	41400	4600000	105000	5430000	1490000	511000	57800000	10800000	1620000	657000	3500000	58700000	374000	12700000	147000	219000	3500000	7120000	243000	137000000	4200000	11600000	1550000	3340000	2020000	1760000	11300000	11400000	2930000	217000	59000000	8300000	2020000	237000	1120000	1680000	11000	27400000	7030000	866000	28700	6440	1860000	211000	201000000	3740000	208000	10600000	160000000	8890000	11000000	1390000	40200000	736000	5040000	65000000	1990000	125000	244000	425000	523000	446000	376000	56000000	12800000	10200	454000	389000	282000	8950	303000	171000	46400000	172000	322000	2050000	908000	130000	12100000	14000000	35000	10100	3020000	629000	1270000	2500	425000	549000	1880000	47500	31200	25800000	8360000	1640000	347000	6260	13300	242000	69200	100000	36300	1230000	235000	215000	75200000	4410000	2570000	23700	1190000	37300	831000	48900	163000	88400	54200	273000	516000	518000	10400000	54300	83200	7090000	2010000	55000	71100	45800000	86500	64800	4860	90200000	5430000	401000	34700	163000	71200	16200	202000	754000	197000	30900	631000	BY855	BY855	metabolite_183_known
AMP_metabolite_traits	BZN	Zea	mays cultivar:B73	BZN			31100	1090000	64500	224000	109000	65100	253000	1110000	4060000	55900	3550000	7460000	30500000	6390000	162000	32900000	5640000	12000000	11100000	27900000	456000	9590000	528000	129000	201000	14600000	3440000	49900	476000	147000	5710000	548000	14400	583000	1220000	62700	2880000	472000	1230	390000	101000	661000	816000	60300	663000	349000	6720	885000	977000	4290	6880000	131000	1410000	74900	2910000	36100	25400000	108000	6130000	31500000	0	29800	31300000	82800	367000	133000	1290000	142000	154000	109000	208000	1210000	83800	115000	14400	0	60500	25300	0	267000	5530000	2610000	390000	4340000	18800000	104000	35900	811000	261000	40700	11300	20700	13900	1970000	1370000	816000	51800	4370000	339000	11600	422000	11000	2130	536	3400000	46000000	30200	11500000	647000	10800000	2020000	283000	24800000	8190000	1000000	586000	987000	33900000	364000	1060000	177000	178000	3310000	10500000	528000	147000000	3640000	7730000	78100	14000	479000	884000	9130000	16000000	217000	12500	66000000	1950000	117000	42100	69900	2080000	19900	11500000	7160000	4540000	800000	29300	12000000	300000	204000000	37200000	698000	4400000	180000000	19300000	14500000	71900	54500000	415000	34900	58900000	3750000	144000	110000	226000	1890000	491000	592000	376000	1610000	6860	320000	451000	404000	303000	229000	483000	20200000	2170000	383000	2240000	2490000	273000	15200000	12900000	14100	16500	1930000	359000	464000	10800	489000	126000	118000	120000	504000	7480000	4280000	2280000	61000	11600	6410	34900	12600	45500	29800	1990000	617000	9640	79800000	6530000	271000	19100	32600	5590	1860000	22200	38600	36500	131000	362000	460000	417000	7650000	51100	11200	571000	24600	37100	65600	16400000	660	38900	2390	40400000	2850000	214000	859	104000	387	22200	1120	6010	14800	4020	413000	BZN	BZN	metabolite_183_known
AMP_metabolite_traits	CA47	Zea	mays cultivar:B73	CA47			23400	467000	23800	153000	662000	82900	130000	1730000	1410000	35700	7200000	3450000	7250000	15300000	12600	72000000	9990000	3760000	6060000	19700000	379000	16100000	1760000	106000	66000	17300000	4980000	118000	962000	145000	3660000	1400000	1960	620000	854000	17300	1800000	293000	1110	442000	37100	271000	898000	21200	1210000	1180000	82700	6200000	1820000	0	1710000	152000	252000	8670	871000	19500	20100000	51700	513000	24800000	47000	22300	14700000	23700	374000	169000	476000	66900	463000	243000	334000	396000	70600	38900	1150	510	11800	5040	34200	832000	11800000	6770000	1530000	8660000	18400000	31100	0	764000	478000	402000	4770	89200	195000	1010000	932000	524000	14400	31400	155000	21000	1460000	8550	1840	2130	731000	27500000	63800	10100000	670000	447000	723000	151000	21200000	18500000	1350000	552000	2680000	48000000	411000	1650000	164000	62100	1760000	5420000	394000	123000000	4870000	13000000	64500	50800	5630000	9640000	9670000	11200000	132000	1870	57400000	1660000	155000	30400	204000	2350000	4450	5110000	3900000	10400000	78300	1520	25400000	175000	189000000	58100000	12300	2570000	136000000	4220000	4390000	116000	17200000	963000	70300	56600000	3590000	314000	192000	152000	4530000	635000	2290000	458000	156000	6650	269000	357000	131000	1180000	150000	252000	35800000	164000	284000	546000	3320000	399000	15300000	11400000	4220	13600	2890000	1060000	438000	7380	543000	63100	1000000	5150	754000	3500000	4790000	3020000	10100	5970	3000	25400	8150	111000	5720	933000	196000	4250	62400000	3790000	118000	1870	48900	15100	425000	116000	12900	26000	38200	224000	119000	425000	12400000	103000	8620	775000	20200	172000	41700	5040000	679	239000	4160	58400000	809000	196000	1760	5440	1230	11300	4730	6510	65000	11400	281000	CA47	CA47	metabolite_183_known
AMP_metabolite_traits	CHANG3	Zea	mays cultivar:B73	CHANG3			67600	919000	175000	227000	238000	292000	168000	1940000	1410000	49500	1890000	6780000	35900000	6450000	142000	49300000	7690000	5540000	973000	35400000	1040000	21800000	1210000	172000	314000	4510000	2370000	176000	769000	184000	16600000	5140000	86800	391000	772000	40000	29000000	550000	1850	158000	110000	311000	575000	13800	2600000	431000	15600	543000	3310000	3980	22200000	139000	605000	21200	247000	2490	23700000	1170000	3020000	17000000	67000	34200	22700000	209000	83300	92700	2370000	110000	841000	89600	196000	839000	121000	15500	25100	4700	54100	10100	16400	453000	13800000	6510000	1690000	5320000	22300000	47400	14300	1880000	1180000	942000	272000	146000	1110000	763000	1100000	671000	29600	45900	550000	21300	3110000	16100	5800	9820	4300000	68800000	615000	4060000	180000	1890000	646000	820000	10600000	11500000	4490000	355000	2060000	65300000	336000	12500000	76300	172000	2300000	5610000	340000	111000000	32400000	14500000	54500	25400	2080000	2520000	8350000	15000000	595000	649	54200000	6230000	368000	43800	203000	3070000	6390	38800000	4190000	8340000	158000	2800	3650000	158000	213000000	2140000	2120000	4420000	133000000	6470000	10300000	15200	34000000	184000	53800	53600000	2400000	114000	253000	282000	2290000	761000	1870000	508000	89900	6400	329000	534000	61500	1290000	225000	599000	63100000	1160000	234000	870000	649000	253000	14800000	17100000	11600	6590	5140000	313000	2640000	3830	399000	485000	1050000	1690000	23300	4940000	6010000	1350000	5540	4980	8680	21700	3190	213000	44500	1220000	220000	1710	60700000	3500000	143000	438	20300	105000	215000	56800	31600	978000	1360000	338000	705000	108000	16500000	47300	54900	491000	28600	180000	97700	33600000	5610	516000	5010	73000000	3330000	233000	6830	974000	10000	13700	51700	202000	995000	44800	94100	CHANG3	CHANG3	metabolite_183_known
AMP_metabolite_traits	CHENG698	Zea	mays cultivar:B73	CHENG698			46000	947000	73800	166000	632000	50900	214000	7620000	2390000	84700	4020000	5510000	17800000	7200000	56200	79100000	7220000	4840000	721000	41000000	741000	15100000	751000	147000	78500	18200000	2600000	232000	1170000	295000	18100000	13400000	11200	1140000	1780000	36700	7610000	715000	0	360000	73200	728000	607000	30100	1790000	8400000	532000	7950000	3310000	0	2290000	192000	41000	193000	39600	4490	22700000	213000	847000	25200000	45200	842	20400000	264000	2410000	295000	3180000	157000	359000	178000	314000	532000	71900	18200	3480	24400	7710	24300	12100	805000	6500000	3440000	1930000	7980000	12500000	110000	1830	1680000	535000	445000	2450	228000	141000	1340000	1100000	505000	18800	291000	170000	39300	1390000	5930	0	7430	4220000	34500000	58000	7740000	165000	1680000	929000	392000	33600000	9360000	7390000	633000	1730000	57000000	321000	9640000	174000	149000	2410000	5670000	308000	108000000	8440000	16300000	208000	20800	1180000	1100000	8290000	12700000	340000	40100	69800000	8370000	650000	233000	1540000	2250000	45300	5190000	6900000	1110000	1140000	1210	1390000	55300	189000000	3390000	1370000	2450000	154000000	4110000	6700000	42400	23900000	314000	15100	54300000	1830000	424000	187000	244000	1300000	1060000	156000	189000	1700000	6420	162000	310000	125000	224000	397000	473000	37700000	270000	69200	1250000	918000	832000	14700000	15200000	3240	4640	2390000	237000	2070000	2430	302000	64800	1030000	270000	615000	4410000	11300000	1100000	3820	9030	5950	22000	4090	57400	17900	857000	161000	3750	58600000	3180000	151000	668	75800	1850	1060000	10100	33200	133000	108000	171000	106000	1030000	8320000	59600	2530	677000	9270	23100	160000	25000000	1240	21000	7730	86100000	2270000	173000	1250	287000	1270	6480	2300	6370	8040	2100	116000	CHENG698	CHENG698	metabolite_183_known
AMP_metabolite_traits	CHUAN48-2	Zea	mays cultivar:B73	CHUAN48-2			14000	558000	35800	377000	557000	25900	43900	1810000	640000	20800	4220000	1130000	23000000	11200000	47300	35000000	8480000	1140000	266000	26700000	715000	13300000	1510000	333000	174000	9300000	3540000	95800	567000	284000	3200000	6050000	38000	258000	645000	21000	12100000	325000	1930	209000	37200	261000	2600000	4900	4720000	9830000	169000	9380000	2650000	5750	9710000	27100	10300	225000	34400	529	6340000	12300	493000	12700000	36100	29300	16100000	80000	478000	127000	1240000	96400	424000	117000	124000	8400000	185000	20500	80800	1090	18400	4840	38700	390000	7790000	3820000	3260000	3150000	7160000	44900	0	906000	409000	615000	88600	67000	54800	424000	1060000	183000	15800	50800	360000	51700	820000	3240	8220	9820	1370000	44300000	3860	3570000	145000	1540000	321000	524000	24900000	11300000	1750000	677000	1420000	42300000	340000	5210000	206000	172000	1700000	4190000	214000	157000000	19300000	20200000	160000	32200	5550000	3330000	8540000	21000000	13400000	5330	41900000	7180000	20600000	939000	26300000	3170000	301000	49500000	1930000	1370000	515000	3610	4610000	19400	149000000	14900000	147000	2890000	149000000	3720000	4240000	414000	13100000	3380000	94400	55400000	2280000	167000	144000	304000	1950000	594000	119000	52800000	49300000	5690	237000	511000	139000	18900	265000	392000	29500000	3060000	470000	1550000	1210000	435000	19000000	11300000	3730	82400	2760000	378000	1340000	25700	97900	159000	822000	153000	808000	11700000	3820000	1190000	5350	6660	3340	38800	4460	88900	11800	618000	123000	16500	31100000	1550000	161000	43400	141000	1630	1590000	46500	59500	74300	190000	245000	498000	2080000	7660000	96600	4420	697000	22300	470000	333000	32800000	323	542000	6050	104000000	2930000	432000	11500	46300	496	41100	12000	2410	58200	11300	1020000	CHUAN48-2	CHUAN48-2	metabolite_183_known
AMP_metabolite_traits	CI7	Zea	mays cultivar:B73	CI7			51900	1160000	31500	64000	773000	199000	5550	2360000	3060000	44900	1510000	6300000	38200000	6260000	374000	38800000	4860000	3700000	8620000	46300000	566000	11800000	1930000	160000	73200	19500000	4430000	131000	925000	293000	7090000	7410000	23300	2030000	1700000	52800	16500000	368000	2040	131000	83100	549000	1490000	40200	756000	1020000	146000	5800000	1830000	5800	3690000	39300	877000	7890	1850000	43600	26100000	98400	2100000	33400000	0	658	21800000	178000	1550000	281000	1970000	67900	306000	330000	602000	192000	47800	43300	8440	793	78900	26500	21000	423000	7600000	4030000	3030000	7300000	17400000	115000	33100	1400000	778000	813000	16700	226000	30800	4130000	1260000	607000	19500	121000	431000	34600	2610000	12100	6300	3240	2480000	31500000	46700	5980000	895000	12200000	1620000	845000	61900000	9970000	4100000	621000	1920000	79400000	335000	4180000	689000	79900	2340000	4130000	369000	131000000	74900000	24600000	92300	44800	2570000	1460000	10600000	12200000	2980000	7140	48700000	4560000	10600000	688000	31600000	3160000	1320000	21500000	4660000	9750000	29100	5140	13600000	196000	178000000	20400000	414000	14600000	129000000	22100000	4660000	50500	18900000	232000	48000	57600000	7040000	2140000	91600	252000	1770000	994000	228000	590000	393000	46500	468000	526000	102000	182000	443000	535000	39800000	98700	184000	997000	1810000	393000	12200000	16500000	9460	19200	2910000	598000	1160000	30000	163000	125000	1350000	53500	586000	9190000	3030000	6770000	16600	4760	5790	22600	4080	192000	18700	1010000	598000	5310	54200000	4920000	310000	1250	304000	2920	1660000	66800	40600	16800	29600	403000	169000	1730000	9540000	149000	11600	517000	54100	770000	443000	28300000	2270	1910000	11100	100000000	2740000	157000	2150	87700	1840	58400	5630	55400	16000	9140	171000	CI7	CI7	metabolite_183_known
AMP_metabolite_traits	CIMBL1	Zea	mays cultivar:B73	CIMBL1			17100	544000	35100	37300	559000	23200	116000	1200000	3150000	120000	5610000	932000	33400000	9790000	25400	21500000	5860000	1230000	2130000	18100000	455000	7630000	607000	214000	75800	4190000	3310000	85900	646000	271000	2420000	2650000	138000	444000	684000	11700	16800000	81600	12800	150000	22200	150000	4220000	47000	2610000	31300000	2020000	36200000	1520000	32600	21700000	27300	125000	2000	245000	2020	5200000	59200	3170000	6320000	15600	54500	10300000	41800	9570000	67200	1050000	81800	104000	56300	92300	227000	21000	3580	836	461	12000	3600	24700	251000	4780000	2980000	1300000	5330000	10400000	26600	3700	1110000	744000	350000	12200	61000	14500	492000	736000	170000	7080	253000	358000	18500	1630000	1610000	447000	2040	834000	26400000	65400	6920000	1580000	147000	810000	323000	14700000	9860000	2290000	548000	1530000	63300000	215000	5310000	53400	170000	1110000	3910000	286000	126000000	4600000	14100000	106000	91000	4940000	3230000	8930000	12300000	2100000	5330	76400000	2340000	16200000	1120000	23800000	2490000	18700	30800000	2650000	11400000	13100	17300	8860000	411000	138000000	9490000	215000	8080000	153000000	4530000	3110000	25100	9970000	1050000	174000	60800000	2630000	145000	120000	377000	1120000	395000	123000	925000	901000	9230	184000	610000	61600	766000	459000	275000	51900000	149000	225000	816000	1910000	211000	17700000	15700000	8510	19000	2800000	449000	1760000	35100	349000	162000	1280000	1180	211000	4050000	10300000	868000	13200	5190	5930	50800	12300	213000	48600	671000	147000	3520	37200000	2180000	237000	2420	52400	72800	681000	19100	29300	35500	77100	162000	249000	1650000	7150000	25900	101000	5220000	3260000	37300	48200	15000000	59800	35200	5360	45200000	3100000	123000	9040	55300	142000	9890	133000	1780	62800	4280	112000	CIMBL1	CIMBL1	metabolite_183_known
AMP_metabolite_traits	CIMBL10	Zea	mays cultivar:B73	CIMBL10			50600	540000	44300	203000	266000	48500	1180000	1280000	3000000	112000	6860000	7700000	25700000	12900000	53600	49000000	10900000	6960000	2310000	40900000	698000	15400000	584000	171000	162000	6120000	2520000	131000	925000	282000	6250000	4900000	268000	795000	1260000	42000	51600000	565000	15700	858000	115000	425000	41400000	33000	1880000	67100000	3760000	71500000	1390000	133000	30700000	112000	1440000	22800	516000	22700	35700000	2420000	3530000	60200000	209000	59800	18400000	152000	8650000	116000	3330000	32700	490000	47000	135000	491000	114000	80400	21700	40600	42900	6070	42000	621000	9060000	3910000	1480000	8400000	16200000	64100	8230	1010000	577000	321000	35700	152000	129000	1570000	827000	1070000	43100	1510000	504000	38300	1790000	398000	131000	25600	2830000	61300000	2210000	2950000	1630000	1180000	3080000	747000	8260000	9270000	5620000	654000	2740000	47500000	596000	6520000	307000	151000	1370000	5410000	230000	141000000	40500000	9630000	82300	25200	3620000	2200000	14200000	15700000	9450000	8770	56200000	1710000	21400000	1270000	29400000	1770000	155000	9780000	3280000	24700000	46400	14100	11200000	228000	170000000	8670000	4450000	5300000	167000000	7920000	6060000	17400	20900000	1270000	139000	59500000	1540000	77600	220000	71400	3400000	832000	215000	560000	587000	24200	1030000	287000	42800	513000	517000	1020000	70100000	387000	198000	1040000	869000	155000	14100000	12100000	6480	10700	2000000	570000	414000	16000	377000	131000	1310000	755	841000	6190000	1340000	2580000	11000	13700	4570	29100	5940	271000	20800	1450000	399000	3390	67900000	4700000	205000	1150	13900	26400	4000000	71700	41300	56500	128000	371000	119000	803000	6830000	28900	37500	977000	900000	134000	59800	27900000	4290	323000	4160	120000000	3130000	164000	32200	1790000	61500	28400	105000	27200	137000	8240	183000	CIMBL10	CIMBL10	metabolite_183_known
AMP_metabolite_traits	CIMBL100	Zea	mays cultivar:B73	CIMBL100			36300	1070000	69700	296000	1140000	30100	465000	2010000	1650000	62800	22100000	9360000	18500000	11500000	42000	65000000	8530000	5430000	902000	33200000	936000	15300000	576000	186000	52500	7100000	2760000	162000	668000	399000	6670000	9020000	279000	792000	1380000	359000	57300000	201000	1070	368000	111000	428000	12700000	10800	7370000	4820000	81500	4750000	2140000	1410	9530000	266000	148000	67000	60800	5530	37000000	233000	3820000	29000000	84500	2730	7400000	289000	501000	199000	4600000	300000	597000	29300	71200	278000	195000	22600	27600	717	69900	6170	67200	566000	9400000	3950000	3100000	6180000	19000000	60200	2240	1610000	2450000	759000	14200	161000	30600	1580000	870000	955000	44800	166000	822000	55700	6950000	213	3860	5110	3130000	35500000	172000	3950000	298000	3810000	1650000	412000	22300000	11800000	3970000	563000	1760000	41600000	762000	12300000	136000	142000	1820000	4890000	340000	123000000	72800000	22400000	27100	16800	1770000	1980000	10000000	12300000	43900000	1190	28500000	7180000	11000000	583000	13700000	3160000	81600	25400000	3300000	479000	176000	874	402000	28300	179000000	1600000	723000	11400000	130000000	3600000	3650000	71200	12100000	2060000	21700	63500000	1760000	219000	288000	481000	3390000	324000	270000	774000	5070	11200	307000	1220000	74000	270000	256000	151000	42400000	373000	1160000	858000	255000	397000	14300000	13300000	1710	132000	17900000	305000	3630000	17500	539000	88600	1320000	87700	609000	3090000	10500000	2560000	1720	7190	2210	25800	3880	522000	10100	765000	132000	3900	47900000	2430000	102000	9330	26300	1880	907000	544000	34600	15500	28400	319000	1540000	625000	51700000	53400	3880	699000	7990	2400000	863000	27500000	2380	1850000	74400	73400000	2580000	299000	610	303000	5340	19000	14700	24400	14500	1160	373000	CIMBL100	CIMBL100	metabolite_183_known
AMP_metabolite_traits	CIMBL101	Zea	mays cultivar:B73	CIMBL101			43700	698000	76700	93600	910000	95800	465000	3350000	3720000	170000	5270000	7010000	38000000	8790000	294000	39900000	7980000	4450000	3960000	43800000	1230000	14600000	2240000	362000	95500	18000000	3830000	299000	912000	772000	5940000	16200000	13900	1170000	1140000	44200	19400000	237000	3930	272000	93400	663000	6480000	31500	8730000	3890000	219000	5090000	2240000	2640	25600000	111000	63300	217000	222000	10200	28500000	222000	4810000	26500000	136000	7570	23000000	486000	685000	208000	8570000	233000	929000	238000	885000	27000	71400	52700	141000	1450	54800	18000	194000	404000	11300000	4970000	4790000	4640000	15300000	90100	29700	1710000	2650000	1560000	191000	76400	182000	1830000	1190000	674000	58600	466000	262000	101000	65500000	13100	7760	3860	3730000	46200000	91900	5790000	1640000	2890000	1530000	1070000	38500000	9530000	3800000	1190000	2500000	52300000	358000	22700000	220000	101000	2070000	3930000	377000	144000000	35500000	10600000	111000	11700	5960000	3050000	12900000	19100000	11200000	3530	56800000	27700000	25800000	1930000	42200000	2630000	492000	46200000	3900000	2210000	528000	260	5690000	41900	185000000	10600000	1040000	11600000	159000000	8740000	10000000	1280000	36700000	1610000	28500	63900000	3170000	249000	158000	455000	7680000	1890000	158000	812000	9040	33500	644000	409000	93400	367000	491000	1130000	48800000	23800	234000	2360000	1080000	461000	10400000	18900000	7490	145000	10400000	484000	5260000	41800	429000	681000	562000	1890	517000	2570000	12300000	5590000	19400	12500	2590	26100	5970	302000	15400	1150000	207000	94500	79600000	4760000	410000	145000	40000	1380	1480000	25500	193000	11200	21200	294000	318000	1620000	37600000	15400	8180	243000	35000	793000	553000	24800000	1960	897000	7770	118000000	5770000	226000	2150	291000	3530	28800	5140	13100	130000	8090	79600	CIMBL101	CIMBL101	metabolite_183_known
AMP_metabolite_traits	CIMBL102	Zea	mays cultivar:B73	CIMBL102			35200	678000	88700	195000	633000	70100	720000	6340000	5810000	138000	5870000	5340000	22800000	12500000	46800	48700000	11100000	4310000	6930000	33000000	953000	18200000	1800000	269000	107000	8450000	3600000	160000	983000	731000	13800000	7380000	10700	720000	1070000	59200	39100000	302000	2480	772000	83400	563000	5370000	56700	3340000	2510000	65000	1600000	2110000	998	16000000	111000	681000	426000	848000	1600	27100000	886000	4840000	24900000	74800	11700	17700000	124000	248000	219000	1930000	231000	888000	204000	295000	109000	117000	34300	2590	357	41000	40200	155000	435000	11600000	5800000	3480000	6280000	12100000	93200	9230	1270000	4280000	1230000	42400	45200	1010000	984000	1110000	600000	25300	798000	428000	53100	10300000	4290	2710	8400	1390000	50900000	372000	8080000	875000	2040000	2190000	414000	23200000	5680000	2560000	853000	2470000	112000000	416000	6080000	51000	153000	1550000	5600000	286000	139000000	33600000	19000000	50900	21100	4090000	2820000	9760000	17800000	1730000	1360	85900000	5670000	637000	117000	634000	5030000	14200	34600000	2570000	3410000	580000	1170	10300000	168000	223000000	33500000	535000	6750000	123000000	5740000	6890000	126000	24600000	3290000	27500	65500000	1630000	86800	169000	848000	2860000	703000	177000	97300	16100	13000	690000	397000	137000	1510000	312000	407000	61600000	24500	190000	1300000	3570000	73300	10500000	11800000	2970	131000	5420000	239000	977000	3370	141000	227000	502000	1230000	526000	4390000	3850000	798000	3230	9200	2680	22500	5010	911000	15500	688000	140000	1530	52800000	3270000	111000	7010	13800	1540	1910000	22300	47300	27300	24800	342000	254000	507000	16800000	20600	4240	384000	11100	555000	31800	15300000	379	476000	4020	111000000	3090000	288000	782	111000	2000	24500	4260	3730	9350	2270	712000	CIMBL102	CIMBL102	metabolite_183_known
AMP_metabolite_traits	CIMBL105	Zea	mays cultivar:B73	CIMBL105			49900	793000	50600	187000	1260000	73700	283000	2080000	617000	25500	4390000	6910000	54400000	6950000	57600	63700000	9290000	7780000	1070000	40600000	580000	14700000	1050000	232000	114000	17100000	2930000	62600	323000	894000	4150000	5150000	173000	1090000	974000	42700	50900000	589000	0	497000	107000	404000	19600000	8400	13000000	7990000	616000	7010000	1030000	2210	7530000	257000	4660	178000	28400	6680	34800000	43800	3500000	36100000	91100	4210	18800000	173000	2020000	126000	1180000	88400	1030000	145000	207000	13800	102000	58900	14200	0	35000	29100	845000	737000	17400000	6750000	2790000	6800000	38600000	74800	6650	1590000	2640000	994000	7970	85300	51100	693000	1340000	922000	37800	567000	1110000	72500	4550000	6750	3510	54400	1380000	46600000	7450	3590000	329000	1410000	1480000	257000	14300000	8470000	1590000	393000	1200000	28100000	910000	4640000	86800	238000	3770000	7070000	464000	108000000	55400000	6780000	20200	26900	1720000	2670000	11300000	13800000	361000	3080	27500000	5640000	318000	158000	608000	1500000	14600	2660000	6330000	1250000	576000	2050	2380000	13500	252000000	4940000	109000	3610000	181000000	3890000	9350000	58700	33900000	179000	27700	61100000	1580000	206000	398000	328000	9440000	1320000	73800	1110000	68500	13000	322000	574000	185000	410000	365000	160000	48800000	60900	198000	1030000	641000	129000	9990000	16600000	3250	12000	6000000	235000	1390000	12800	324000	77600	1470000	44200	535000	3220000	1250000	1280000	2570	7160	2380	20600	3610	139000	11600	1410000	268000	6430	96200000	6830000	177000	2700	17700	1320	2700000	74500	57500	9900	13900	335000	635000	599000	19100000	41400	4340	462000	11000	165000	64000	16700000	1490	392000	9370	59800000	3130000	285000	923	24900	4620	25900	12600	2130	50900	1530	846000	CIMBL105	CIMBL105	metabolite_183_known
AMP_metabolite_traits	CIMBL106	Zea	mays cultivar:B73	CIMBL106			25100	1080000	32100	526000	780000	38700	500000	1720000	2810000	101000	8470000	15800000	28000000	9950000	30100	48000000	9850000	7280000	5760000	41100000	626000	14500000	1480000	376000	65800	6960000	4490000	67700	538000	1080000	5050000	5160000	29700	952000	1380000	41000	40700000	515000	2400	274	75800	723000	18100000	30000	4020000	1490000	125000	602000	2920000	916	11100000	511000	153000	28200	816000	9990	55900000	150000	4000000	34600000	61800	3760	27300000	160000	74700	186000	1440000	79900	515000	138000	194000	114000	166000	26300	22100	1120	89800	30700	68400	465000	10500000	5010000	4700000	7650000	12800000	94300	3830	2020000	2510000	1780000	13400	106000	689	2150000	1170000	1490000	86400	372000	1150000	78800	6230000	6510	5550	7660	1930000	30600000	32500	6510000	248000	877000	386000	614000	21600000	12200000	1880000	432000	1890000	67800000	644000	3780000	781000	110000	1380000	5510000	337000	140000000	80800000	24600000	135000	21700	2810000	2010000	11600000	12700000	33000000	5860	60900000	14000000	14600000	1020000	13600000	3080000	63300	42100000	12900000	2320000	140000	1340	5380000	230000	239000000	11700000	293000	8950000	188000000	3270000	10800000	179000	31300000	773000	22000	61200000	2340000	2260000	205000	202000	2740000	1090000	185000	570000	3600	13300	1020000	494000	163000	454000	262000	235000	30500000	336000	300000	817000	1540000	445000	13500000	14900000	1850	275000	5290000	173000	10100000	27200	388000	92300	590000	21900	5490000	2920000	6670000	2000000	5220	13600	2250	18900	4610	475000	23000	2270000	360000	33100	130000000	9600000	197000	20900	21800	1880	1550000	46900	37100	11000	24100	527000	225000	1920000	20900000	36400	5130	363000	33900	6340000	540000	23400000	1180	3920000	31000	90700000	2790000	5570	6050	46400	2080	23000	3740	140000	11200	443	7640	CIMBL106	CIMBL106	metabolite_183_known
AMP_metabolite_traits	CIMBL108	Zea	mays cultivar:B73	CIMBL108			21900	1320000	54900	85000	1300000	55700	156000	1670000	1560000	100000	8530000	16100000	47000000	8670000	43200	33200000	6550000	9040000	3640000	40900000	848000	15500000	1410000	524000	125000	10100000	5230000	114000	546000	685000	6180000	7720000	99800	701000	1430000	316000	58400000	271000	2660	233000	102000	741000	4810000	22300	8090000	1420000	164000	1560000	2620000	0	36700000	286000	52000	38200	283000	11800	65000000	425000	4360000	37300000	84400	42700	5630000	161000	695000	170000	1540000	129000	433000	161000	350000	245000	104000	30700	4660	351	63700	20700	91700	475000	11500000	4690000	6070000	7130000	13900000	64900	4990	2800000	2810000	2380000	121000	147000	49000	1010000	1100000	1910000	127000	113000	1660000	132000	7680000	4250	5680	13200	1800000	31700000	60800	10900000	223000	3380000	933000	339000	16600000	13500000	2670000	436000	3370000	71000000	844000	11500000	659000	167000	1740000	7350000	333000	121000000	76200000	16000000	67200	44700	832000	1080000	12700000	14000000	14900000	1370	53700000	11100000	2380000	294000	3420000	2850000	56100	20800000	6300000	2610000	209000	1660	6260000	449000	260000000	10500000	512000	4150000	184000000	5340000	12200000	123000	43200000	1150000	136000	64300000	1200000	300000	226000	279000	1880000	1440000	187000	11500	2350	12300	817000	343000	67000	707000	355000	294000	35900000	271000	486000	922000	1210000	271000	11300000	18500000	8810	53800	7270000	429000	6870000	3960	268000	208000	1090000	101000	1060000	4630000	5360000	2220000	18400	10500	7330	51300	19600	467000	14900	1730000	318000	12100	124000000	9750000	228000	14800	56400	4310	438000	60800	49400	11200	15200	464000	339000	1090000	26300000	35500	14500	305000	26600	513000	397000	26100000	2690	1380000	9150	60000000	3160000	392000	8380	64300	1590	34700	4460	16200	121000	10300	287000	CIMBL108	CIMBL108	metabolite_183_known
AMP_metabolite_traits	CIMBL109	Zea	mays cultivar:B73	CIMBL109			55900	1030000	53000	29100	1320000	56000	165000	2450000	1970000	71500	8540000	8810000	46200000	11500000	219000	67500000	11300000	6380000	8100000	51100000	631000	16200000	1070000	316000	81900	13400000	4910000	134000	780000	923000	4870000	7580000	29300	970000	892000	60900	40500000	311000	1240	373000	128000	657000	9650000	13500	5740000	405000	158000	864000	3210000	4220	12900000	434000	16000	63800	249000	696	48600000	71300	2180000	33100000	49400	6400	10500000	178000	426000	115000	1090000	118000	737000	83600	197000	346000	21800	35000	84900	386	87000	11100	201000	771000	15500000	5600000	6380000	10800000	17700000	52400	7850	2090000	3010000	3640000	6030	45000	92200	4990000	1200000	1300000	62600	191000	1320000	112000	11200000	44800	4270	129	3250000	36500000	19200	13400000	381000	1120000	951000	757000	53500000	14700000	3250000	512000	1450000	82500000	777000	7080000	479000	137000	1550000	4320000	500000	129000000	85700000	15800000	62900	66800	1690000	1980000	13500000	16300000	35000000	445	44200000	32100000	14600000	1790000	17100000	3270000	120000	27600000	9320000	4310000	172000	2340	4440000	35400	234000000	6580000	193000	4390000	184000000	7580000	8210000	67500	32300000	638000	25500	61800000	9880000	3960000	139000	159000	6940000	825000	139000	2610000	28100	12000	1670000	1160000	79200	311000	246000	188000	37900000	204000	325000	864000	875000	642000	5080000	10700000	5530	105000	7400000	196000	8950000	75400	200000	95000	684000	49300	532000	2890000	4980000	6340000	10700	6530	4530	16900	4770	894000	35400	1360000	262000	5400	122000000	9210000	163000	8380	50300	1350	1560000	86000	40700	6580	7420	369000	290000	2600000	31300000	94400	9160	524000	27000	1230000	224000	16400000	511	931000	18400	83000000	2700000	260000	9960	25500	5450	23000	2530	36000	13800	1930	328000	CIMBL109	CIMBL109	metabolite_183_known
AMP_metabolite_traits	CIMBL11	Zea	mays cultivar:B73	CIMBL11			30800	659000	43500	155000	515000	110000	293000	2210000	3190000	37600	7640000	3530000	13800000	6330000	78800	48200000	6360000	3390000	4950000	41500000	592000	16900000	726000	249000	73300	4810000	3140000	94500	1050000	753000	3820000	6700000	5220	1120000	894000	40400	24000000	1000000	1430	496000	94400	504000	11500000	46500	5890000	10600000	431000	19700000	2290000	59800	14200000	156000	1020000	77500	723000	15300	21000000	4710000	9730000	27500000	140000	9980	17600000	231000	2990000	72600	3030000	75900	587000	69500	386000	27200	36300	35700	4300	0	51800	30800	103000	606000	23400000	9420000	3700000	5550000	10800000	57800	5020	1740000	1870000	1270000	65000	175000	95100	943000	1100000	585000	26000	195000	1240000	108000	4570000	10000	3460	3800	1580000	47200000	2030000	2270000	370000	3180000	1550000	268000	10500000	8620000	2790000	624000	3970000	57900000	949000	20200000	250000	109000	2440000	5270000	513000	101000000	23800000	9940000	80800	19100	5640000	5220000	12900000	22400000	6370000	8400	60600000	9290000	5120000	470000	14800000	2760000	208000	8360000	3950000	62900000	216000	6930	47000000	67600	203000000	61000000	3420000	15900000	145000000	14900000	12000000	237000	46300000	596000	40300	65000000	2600000	280000	202000	168000	2310000	2250000	166000	966000	1820	18300	557000	320000	133000	1740000	1040000	541000	36300000	22500	979000	2630000	4370000	560000	14100000	12600000	35400	48100	5780000	401000	1870000	30300	358000	172000	1010000	2510	2100000	18600000	8540000	1850000	21000	13200	7010	19600	5150	320000	14500	1750000	473000	22400	72700000	5120000	223000	57600	45600	1960	1810000	50500	46500	14000	11900	501000	158000	1060000	20600000	74900	9100	356000	22100	232000	195000	17000000	2810	622000	4790	60000000	3060000	273000	22300	8680000	1830	11500	5040	15700	25500	6540	1550000	CIMBL11	CIMBL11	metabolite_183_known
AMP_metabolite_traits	CIMBL111	Zea	mays cultivar:B73	CIMBL111			15800	489000	79800	469000	506000	73600	427000	1350000	1220000	66700	5310000	6370000	51600000	6650000	76000	38800000	5850000	6150000	1930000	47800000	814000	18300000	1040000	205000	41400	4820000	2440000	80000	695000	458000	5000000	1770000	61900	673000	1060000	39800	61800000	505000	4780	138000	110000	803000	3770000	10200	6760000	2950000	31200	8740000	2290000	5510	35200000	130000	179000	37500	310000	8560	28500000	289000	1740000	31500000	137000	7170	20100000	51100	555000	148000	604000	219000	671000	90600	156000	26800	285000	48800	8290	1060	80800	30100	175000	386000	9940000	5580000	2140000	8040000	14400000	103000	1980	1500000	3190000	1650000	15800	123000	53700	1120000	1180000	823000	37100	70200	1160000	104000	26400000	10700	1720	16600	2410000	17000000	285000	8100000	259000	2330000	2120000	842000	11000000	5990000	3300000	591000	2020000	42400000	310000	1870000	295000	112000	1070000	4490000	580000	132000000	116000000	7940000	41600	38600	868000	795000	7840000	20700000	12000000	614	40100000	3360000	25300000	814000	45700000	3340000	236000	60100000	1630000	11400000	108000	4850	6360000	55300	184000000	12400000	747000	1730000	142000000	5920000	7910000	107000	28300000	941000	38500	62800000	2210000	114000	263000	365000	3420000	284000	225000	723000	19300	18300	312000	475000	196000	569000	283000	203000	45600000	74800	268000	2450000	818000	153000	7920000	10700000	1850	623000	5320000	472000	2740000	22500	200000	140000	843000	73800	877000	3950000	2450000	1600000	2430	12300	4940	16100	5620	384000	15100	493000	96100	5180	40100000	2170000	169000	7080	97800	1700	650000	380000	43500	8260	5650	273000	139000	866000	15800000	111000	7720	523000	10300	4800000	1440000	18900000	1900	3800000	5590	96300000	3020000	272000	6530	378000	2580	38600	13600	22800	10400	1900	506000	CIMBL111	CIMBL111	metabolite_183_known
AMP_metabolite_traits	CIMBL113	Zea	mays cultivar:B73	CIMBL113			37200	765000	54800	274000	1390000	66800	447000	1320000	3710000	144000	6080000	7210000	51000000	7900000	7230	60200000	9450000	5970000	11200000	44300000	565000	11800000	600000	186000	190000	4670000	3840000	89800	583000	366000	3890000	4380000	20800	1550000	1090000	38100	4450000	431000	6820	270000	91700	855000	1680000	46300	1180000	4160000	96000	16800000	2430000	6630	13100000	274000	275000	85400	741000	15300	28200000	117000	1290000	39400000	116000	10900	20000000	346000	487000	192000	3280000	205000	1150000	121000	717000	53200	86000	47800	2250	680	51500	24600	16300	782000	9900000	3940000	1410000	9480000	23300000	134000	992	1570000	1900000	837000	68100	63700	106000	900000	1340000	954000	38600	145000	454000	34200	6940000	4950	3310	20900	3350000	76800000	40200	7220000	717000	2840000	903000	835000	29100000	14200000	1770000	537000	1440000	51300000	330000	6220000	169000	202000	1920000	8220000	558000	159000000	4250000	13300000	240000	38500	1780000	1970000	9780000	15700000	811000	3000	73600000	1550000	541000	118000	1330000	2840000	42500	18200000	4570000	38100000	194000	2720	32700000	34600	209000000	46400000	310000	2440000	164000000	9030000	8180000	189000	28700000	1240000	53800	66200000	1420000	116000	217000	451000	12700000	1930000	222000	81800	567000	37100	566000	404000	77100	196000	1020000	467000	43200000	143000	226000	1090000	3260000	404000	11700000	14500000	9360	17800	3360000	569000	1260000	22600	389000	166000	948000	7070	3510000	15800000	8300000	2640000	10700	17500	3730	23000	5440	104000	11800	876000	189000	15400	71900000	4520000	148000	67800	214000	6110	1230000	1610000	46100	7660	10800	387000	203000	473000	14600000	28000	11100	398000	36900	81300	373000	24600000	1170	166000	3560	125000000	3220000	162000	6890	62100	844	10500	7150	10300	38300	5470	576000	CIMBL113	CIMBL113	metabolite_183_known
AMP_metabolite_traits	CIMBL114	Zea	mays cultivar:B73	CIMBL114			95400	1040000	109000	158000	397000	35500	254000	2360000	7540000	81100	4560000	4550000	23100000	9280000	42600	84100000	11000000	3790000	6440000	42600000	1090000	17100000	1990000	343000	138000	21100000	4040000	260000	1480000	742000	5020000	11900000	18700	1200000	1600000	47800	27500000	312000	3250	582000	81500	478000	4160000	84900	9240000	325000	53500	292000	1910000	509	6010000	156000	276000	136000	420000	4720	26900000	612000	3160000	26700000	130000	6660	17900000	305000	205000	138000	2910000	184000	1100000	498000	555000	459000	106000	68700	23400	570	51800	45200	61600	1280000	14200000	5470000	4720000	9900000	26300000	75100	4880	1950000	1080000	1490000	48900	57300	122000	1110000	1270000	728000	45500	1730000	420000	68100	3010000	7870	3530	12200	1080000	69700000	114000	4210000	286000	2610000	1370000	555000	61300000	14800000	2590000	631000	3190000	53700000	321000	16800000	142000	103000	2200000	5150000	539000	130000000	5980000	8220000	81400	30200	3380000	2510000	10300000	11300000	2780000	1520	77400000	10400000	53500	21300	95000	1740000	6660	11700000	4580000	7410000	213000	3920	5610000	17400	209000000	5860000	1180000	5160000	117000000	8780000	7020000	250000	24500000	439000	28700	61800000	2370000	376000	225000	267000	8720000	2230000	139000	658000	280000	14800	329000	599000	145000	1790000	220000	427000	57600000	341000	255000	942000	1540000	240000	14900000	13700000	7400	11200	2540000	360000	3520000	5480	321000	137000	574000	51800	1060000	9000000	1810000	1580000	20700	9060	5250	16300	5860	181000	22900	785000	182000	12400	74000000	5520000	182000	40000	12500	1720	5910000	15500	42400	42800	29100	260000	108000	1590000	8830000	19800	7690	529000	20800	57100	533000	14500000	971	220000	7150	109000000	2850000	199000	8250	105000	8830	12100	3740	3100	39600	10400	332000	CIMBL114	CIMBL114	metabolite_183_known
AMP_metabolite_traits	CIMBL115	Zea	mays cultivar:B73	CIMBL115			33600	417000	94500	40200	993000	67300	143000	4900000	1960000	79700	4360000	6130000	36500000	7840000	21700	43800000	5890000	4180000	3630000	33800000	622000	11400000	823000	168000	94000	15500000	3260000	150000	943000	110000	7400000	6940000	56800	754000	1080000	29300	22800000	193000	2780	361000	59200	604000	9150000	22600	7020000	1680000	186000	2370000	2460000	2680	60500000	244000	153000	11700	408000	9080	32800000	12700	4510000	29100000	137000	12400	15600000	65300	1210000	178000	1070000	89200	562000	63800	161000	157000	21000	53300	2520	375	46900	28100	85300	465000	11700000	5000000	2130000	7880000	18800000	74200	482	1740000	820000	649000	11300	220000	68500	754000	778000	610000	21700	272000	148000	29200	4050000	5580	2340	60300	3160000	46900000	17900	6980000	122000	5540000	1430000	961000	58200000	8340000	2890000	1100000	2380000	98900000	376000	9840000	298000	99200	2060000	4010000	564000	150000000	75900000	7660000	99500	51600	4250000	2610000	15700000	17300000	66800000	915	73200000	12800000	33600000	2960000	40800000	2910000	253000	43100000	17400000	15100000	42600	1190	24100000	235000	173000000	32200000	323000	15200000	183000000	14800000	17300000	66100	61200000	2620000	59500	66000000	1690000	876000	144000	425000	3100000	401000	160000	51400	304000	18700	449000	1930000	200000	809000	377000	670000	58000000	163000	202000	2530000	2450000	513000	9170000	15900000	3550	1790000	5520000	479000	6300000	53300	294000	146000	1080000	192000	1820000	3060000	10600000	1260000	2790	11100	2510	23500	2520	399000	27000	1610000	386000	2960	97300000	7350000	132000	5900	40200	1100	4590000	119000	38500	22900	33900	501000	604000	391000	26600000	80100	4830	419000	21800	13500000	1350000	28800000	4010	5120000	37600	113000000	3090000	362000	1970	50400	212	31100	5300	8540	15200	1380	722000	CIMBL115	CIMBL115	metabolite_183_known
AMP_metabolite_traits	CIMBL116	Zea	mays cultivar:B73	CIMBL116			17100	502000	37600	68400	819000	130000	170000	3330000	2550000	43300	14300000	5010000	34600000	12600000	50100	43900000	9110000	4720000	2070000	28600000	686000	12300000	1610000	350000	113000	7780000	3710000	102000	613000	433000	5630000	2460000	51400	602000	757000	20100	21800000	122000	2280	140000	53400	295000	12800000	23200	4550000	8720000	363000	4460000	2290000	17100	6080000	168000	37300	39400	99900	15900	28100000	1100000	9890000	22100000	120000	3680	17900000	87800	1640000	179000	1270000	84600	400000	22500	81500	610000	27700	14900	10000	337	8640	35900	48700	474000	11400000	4720000	4540000	5920000	22200000	58400	7720	1870000	3410000	2110000	19800	54700	159000	911000	1840000	527000	22000	237000	332000	138000	12800000	6430	4700	1780	1010000	36900000	439000	9120000	564000	997000	781000	465000	15100000	10800000	3810000	712000	2200000	76700000	155000	2070000	93100	171000	2270000	3390000	277000	119000000	36800000	22500000	300000	23100	3280000	2150000	6310000	11600000	10900000	40100	71400000	5220000	2110000	397000	1310000	2550000	34800	11600000	3380000	8420000	129000	4590	11700000	33500	155000000	18200000	2700000	16600000	136000000	6940000	6310000	80300	20900000	796000	49400	69600000	3260000	214000	317000	278000	4870000	458000	107000	1030000	1910	8240	197000	518000	125000	1470000	491000	278000	36200000	645000	199000	867000	2190000	131000	7010000	14600000	7320	68000	19000000	238000	5300000	4940	213000	72300	991000	138000	844000	9900000	5850000	1360000	7150	6620	5180	31200	2640	159000	15100	880000	177000	4190	47100000	2730000	199000	18300	19200	2550	2370000	23500	38300	32600	66500	270000	347000	1110000	57900000	26200	6270	480000	47700	240000	87200	19800000	6720	410000	1720	94900000	2720000	264000	5920	735000	1430	32900	4020	4920	14300	3680	232000	CIMBL116	CIMBL116	metabolite_183_known
AMP_metabolite_traits	CIMBL119	Zea	mays cultivar:B73	CIMBL119			28000	799000	40100	400000	497000	49300	264000	1300000	1590000	58200	6120000	9870000	39300000	9100000	60000	43900000	12000000	5700000	2620000	33200000	570000	15400000	638000	314000	257000	12900000	2900000	117000	486000	272000	2790000	4730000	436000	1060000	1360000	63000	43000000	354000	573	502000	83400	563000	4830000	14700	4370000	23600000	459000	57800000	5790000	80800	14700000	239000	120000	39600	329000	16600	34800000	30100	1960000	27100000	81100	8270	19500000	74800	2510000	133000	1230000	115000	489000	156000	316000	191000	146000	20700	90000	1610	49500	7310	137000	469000	13300000	4220000	4780000	9480000	14200000	80600	15800	2110000	3170000	1790000	16600	113000	71700	1120000	1100000	905000	47600	274000	1050000	106000	16200000	5630	6070	14100	5200000	68400000	18300	4890000	275000	2180000	801000	1290000	51400000	6690000	2500000	644000	1440000	25800000	266000	2680000	599000	113000	1350000	5640000	514000	155000000	73500000	9820000	80000	48100	3690000	1610000	10900000	13200000	2660000	563	65200000	2120000	7260000	767000	47500000	3510000	889000	22900000	7600000	3470000	104000	703	7560000	770000	241000000	13400000	21200	3640000	174000000	3500000	8490000	23700	34000000	891000	67900	62000000	3400000	108000	108000	186000	1120000	1120000	86500	8690000	12300	14100	274000	320000	91500	278000	529000	324000	50700000	87100	405000	2230000	1870000	331000	10200000	19500000	6430	124000	3560000	252000	2410000	12000	292000	67500	662000	43400	1600000	6880000	7240000	2050000	1800	8770	6190	15300	3650	348000	10500	1830000	348000	2210	112000000	8110000	154000	3110	17800	1430	675000	2130000	29900	9320	3090	408000	431000	1080000	17900000	66200	5820	520000	19700	855000	451000	26600000	680	652000	8670	147000000	2490000	283000	1170	10300	6240	42100	9870	3290	7190	614	396000	CIMBL119	CIMBL119	metabolite_183_known
AMP_metabolite_traits	CIMBL12	Zea	mays cultivar:B73	CIMBL12			33900	893000	31400	69900	985000	93300	266000	1920000	3190000	67100	23300000	5050000	16100000	9060000	51900	48200000	7860000	5200000	5820000	44800000	962000	23900000	843000	170000	61900	7340000	2800000	65100	583000	363000	5120000	8520000	34300	1520000	1180000	47600	35300000	362000	42400	593000	101000	596000	25500000	29000	8290000	28300000	1550000	48700000	3390000	60700	18500000	466000	1380000	104000	4040000	7240	28600000	2770000	17300000	30100000	191000	25900	13900000	242000	4010000	108000	3370000	67600	451000	110000	328000	41000	54300	19900	11500	0	80800	5100	480000	339000	19000000	9090000	3040000	5580000	11900000	74300	7390	1220000	2970000	755000	35900	117000	22600	1020000	1270000	877000	55100	774000	924000	90700	5940000	21800	12000	38100	2080000	36500000	2020000	3170000	187000	2080000	2050000	244000	12600000	8330000	2050000	508000	3140000	60900000	387000	11800000	266000	109000	1640000	4870000	781000	107000000	57900000	12900000	145000	45900	3270000	2530000	14300000	13800000	10400000	19500	47400000	5400000	6750000	598000	30500000	3890000	602000	7500000	8590000	61200000	236000	1880	30600000	59200	178000000	20200000	3880000	30200000	156000000	8510000	11700000	65400	39700000	901000	88900	64000000	1400000	265000	159000	210000	1810000	3230000	140000	1620000	48400	21000	524000	646000	49600	940000	1320000	442000	32300000	22900	836000	1400000	1690000	331000	18700000	17000000	10100	57900	6830000	309000	2460000	23200	419000	122000	846000	1190	969000	15700000	4240000	1150000	12600	9310	2860	29200	8240	419000	11300	1740000	304000	6620	83200000	5380000	190000	6850	44300	2290	2370000	56100	49200	17000	7500	498000	227000	1480000	21200000	38200	7930	377000	33100	1820000	187000	24400000	1930	6420000	1610	57200000	3020000	11300	817	3670000	4830	30700	6590	32800	14300	3570	2120	CIMBL12	CIMBL12	metabolite_183_known
AMP_metabolite_traits	CIMBL120	Zea	mays cultivar:B73	CIMBL120			130000	1480000	45000	188000	571000	52000	494000	2450000	1210000	58500	3310000	6730000	25000000	7710000	59000	41400000	6250000	6440000	2070000	42400000	737000	14000000	1210000	431000	111000	8660000	2980000	356000	1730000	828000	7800000	6210000	15700	1270000	747000	269000	35400000	261000	2050	253000	89600	814000	2800000	8770	4120000	6950000	162000	31500000	1200000	25600	3150000	129000	59400	8950	128000	29600	34600000	54800	1350000	52300000	338000	17500	7230000	236000	565000	198000	3450000	115000	672000	96400	293000	15800	100000	98900	11900	338	71600	38800	129000	655000	15300000	6450000	3360000	7370000	16200000	97900	1530	2000000	1660000	564000	207000	185000	220000	857000	888000	712000	51900	31300	903000	89600	4820000	5710	1790	4050	2490000	62700000	51000	2280000	128000	3520000	1250000	325000	10400000	8860000	2310000	1280000	4740000	85600000	395000	14600000	202000	266000	3960000	5590000	338000	152000000	53700000	13100000	25000	16200	2100000	2720000	7180000	13400000	470000	1100	39700000	3260000	2950000	163000	14000000	1440000	55700	6680000	2000000	2220000	11900	1810	4870000	57100	153000000	12000000	176000	5920000	153000000	10400000	4340000	1330000	15200000	1670000	84500	63400000	3140000	176000	411000	189000	4140000	1520000	313000	90600	732000	8680	275000	269000	204000	790000	322000	304000	38400000	63900	119000	1110000	942000	594000	14800000	15400000	1540	22000	4180000	816000	941000	5640	612000	599000	2660000	8410	954000	16900000	8360000	1330000	3140	22700	2860	24900	4050	625000	11100	521000	168000	51600	37800000	2630000	202000	185000	16200	3740	64200	381000	187000	12100	9060	276000	134000	1110000	15000000	19900	10600	553000	24800	291000	180000	22700000	1870	412000	4630	65700000	4320000	331000	14200	144000	466	16900	10800	1590	121000	10000	1070000	CIMBL120	CIMBL120	metabolite_183_known
AMP_metabolite_traits	CIMBL121	Zea	mays cultivar:B73	CIMBL121			19900	852000	21500	243000	922000	114000	385000	1190000	1370000	78900	12200000	6030000	24800000	4970000	43200	33700000	5820000	3960000	1140000	37200000	643000	13600000	908000	208000	326000	5540000	2870000	115000	742000	418000	3140000	4890000	48400	1230000	1600000	49700	15000000	694000	619	210000	66700	618000	3700000	9750	2610000	9680000	240000	35800000	4500000	3850	3820000	104000	737000	80300	186000	8280	22100000	718000	1420000	31400000	97700	6150	15700000	176000	1290000	175000	1560000	106000	672000	103000	352000	11300	134000	46900	6120	0	59000	18000	72300	255000	7690000	4420000	2420000	7260000	24400000	106000	0	1110000	1600000	565000	7960	65600	9710	1010000	1340000	652000	29100	238000	590000	47900	19500000	1850	1080	20100	2920000	75900000	1310000	10800000	347000	2730000	528000	1060000	8140000	5450000	1880000	412000	2160000	30400000	353000	6740000	50400	175000	2680000	7820000	342000	136000000	44700000	20200000	40000	43600	1750000	1170000	8810000	11200000	1940000	232	44300000	1960000	2740000	271000	10200000	2960000	60900	37800000	4580000	5900000	193000	2090	1690000	27200	220000000	2720000	999000	1290000	166000000	2370000	5930000	62800	19900000	1440000	26100	62800000	736000	150000	176000	231000	1410000	2250000	97500	20300	3080	20700	344000	345000	156000	921000	241000	165000	47500000	51100	262000	1530000	433000	154000	14700000	13400000	3500	36300	4660000	263000	1660000	6640	260000	72800	782000	110000	521000	23100000	1420000	1850000	3360	8090	3810	28800	5380	140000	16300	1160000	204000	4030	74400000	4630000	130000	5760	15300	1800	322000	210000	40300	9940	6080	249000	109000	618000	18500000	33200	3100	400000	13500	2060000	56900	16200000	838	2540000	5520	103000000	2990000	138000	843	407000	1110	21500	4000	5850	14500	2000	13400	CIMBL121	CIMBL121	metabolite_183_known
AMP_metabolite_traits	CIMBL122	Zea	mays cultivar:B73	CIMBL122			31800	759000	40200	54600	1120000	81700	292000	1720000	1000000	28100	12400000	8340000	24000000	11000000	288000	38400000	11600000	7830000	821000	33400000	940000	19000000	1900000	300000	188000	12400000	3770000	132000	931000	589000	5490000	3480000	73300	603000	1110000	53200	2630000	565000	7040	570000	89700	408000	12900000	14800	4860000	6500000	282000	14300000	1620000	67700	7570000	281000	1350000	40800	473000	4200	49400000	1520000	13600000	36400000	133000	19800	15500000	149000	3000000	75000	1040000	162000	541000	164000	496000	320000	18300	43600	69700	330	35300	12200	32700	498000	12800000	4960000	2940000	10700000	35200000	55400	34800	2380000	1570000	1870000	94500	37600	242000	859000	1320000	1210000	42100	161000	847000	78500	4730000	9640	5000	2650	1640000	74500000	1550000	7560000	649000	2190000	1080000	1060000	59300000	10500000	7840000	961000	2820000	98500000	648000	9580000	295000	76500	838000	3740000	489000	132000000	14900000	9030000	89100	46600	2940000	1910000	14200000	17500000	37500000	128	54400000	17000000	35900000	1250000	72700000	3880000	1490000	27300000	8410000	35000000	91500	4930	6540000	365000	229000000	6230000	4710000	41800000	200000000	15500000	12800000	72900	45100000	384000	66600	64000000	6980000	1800000	107000	173000	3530000	1330000	144000	1800000	380000	12000	414000	1410000	59900	441000	408000	2980000	64900000	801000	517000	2410000	496000	348000	14800000	19200000	7080	52400	12000000	446000	8050000	486000	273000	157000	751000	868000	386000	1560000	3130000	923000	4590	11800	7930	16900	4990	301000	19100	1340000	385000	7800	108000000	9340000	296000	21300	30800	3500	500000	4160000	37100	19800	21100	391000	479000	1220000	54700000	101000	11400	487000	40800	872000	129000	18500000	3720	1310000	31100	106000000	2840000	236000	6220	3890000	1710	13700	5870	15200	55200	5720	253000	CIMBL122	CIMBL122	metabolite_183_known
AMP_metabolite_traits	CIMBL123	Zea	mays cultivar:B73	CIMBL123			34200	1560000	38700	12300	517000	122000	275000	2960000	2360000	117000	5380000	7870000	31400000	7300000	47600	64400000	8480000	4860000	1730000	43300000	1250000	26800000	1390000	324000	287000	4760000	3830000	139000	820000	294000	8750000	6830000	37000	1200000	1120000	53100	35800000	266000	1020	105000	82300	362000	6160000	17500	7610000	2450000	1800000	9920000	2520000	51900	14100000	183000	117000	11200	157000	7760	29700000	131000	1820000	28100000	108000	3070	20300000	77600	2060000	140000	836000	78900	512000	80100	299000	120000	8360	25800	1490	0	39900	0	78600	753000	11500000	5320000	2630000	6050000	18600000	64400	4360	2020000	2240000	1760000	12400	144000	4100	2100000	1650000	627000	36500	27100	458000	69700	7340000	18000	3800	95200	3900000	55900000	147000	9490000	732000	2020000	1260000	546000	24600000	8420000	2640000	482000	1900000	116000000	394000	3360000	190000	133000	1950000	5890000	693000	103000000	12500000	11700000	93600	36700	1300000	1870000	10800000	11900000	2720000	7260	89100000	7300000	492000	187000	4420000	2470000	139000	29400000	5020000	18700000	23700	6470	11300000	486000	175000000	17100000	362000	2450000	171000000	15300000	16800000	18700	54900000	338000	47300	69100000	2530000	148000	250000	365000	2090000	406000	53600	401000	205000	15400	524000	609000	17600	656000	1210000	802000	48900000	38000	280000	1690000	2360000	189000	13200000	18000000	8090	8680	4950000	262000	6180000	5090	164000	50200	740000	60300	313000	3010000	2010000	2700000	11900	8220	7220	23900	7970	443000	11300	1470000	283000	980	78800000	4980000	193000	8990	102000	2070	446000	278000	32800	13100	22300	241000	193000	1200000	15100000	25600	2220	514000	15400	154000	64000	25300000	679	1790000	1730	85100000	2780000	212000	18700	179000	2140	21800	5290	73300	7270	1850	838000	CIMBL123	CIMBL123	metabolite_183_known
AMP_metabolite_traits	CIMBL124	Zea	mays cultivar:B73	CIMBL124			58300	648000	45100	256000	570000	5470	491000	4010000	2190000	68700	16800000	14800000	24300000	16700000	35400	83300000	18000000	9430000	7390000	36300000	518000	19800000	1510000	111000	231000	11900000	7040000	119000	775000	689000	8640000	1560000	103000	639000	1240000	27700	19800000	530000	818	1940000	87000	396000	5820000	29200	8020000	10500000	275000	25400000	1450000	17900	31400000	621000	313000	103000	1040000	104000	60500000	1360	1090000	60900000	278000	2240	14400000	83900	2570000	72700	733000	191000	730000	74000	98900	14300	129000	49600	1730	348	45200	22500	135000	1220000	19000000	6440000	1180000	7920000	20600000	51900	3920	1690000	2300000	414000	36700	9120	14500	997000	824000	1910000	184000	357000	809000	54600	5250000	15900	3660	9150	1350000	78800000	9420	10900000	194000	1850000	1280000	720000	56500000	17700000	2570000	796000	4500000	84100000	290000	3510000	190000	124000	1520000	8740000	590000	161000000	27200000	8160000	58400	18800	9930000	8790000	13800000	20900000	4140000	1250	40800000	8220000	15600000	682000	44000000	2390000	102000	14000000	14300000	5220000	300000	1680	7690000	178000	218000000	22600000	63600	1650000	190000000	13300000	13700000	937000	51300000	840000	39200	66800000	4250000	96600	176000	507000	1380000	805000	287000	128000	5720	18700	481000	270000	105000	1470000	705000	208000	45400000	25400	810000	1700000	1860000	813000	8270000	15800000	6480	42800	1960000	286000	286000	16300	349000	169000	119000	35100	851000	11300000	27800000	3080000	5440	5630	4290	28300	4040	182000	20600	3040000	636000	30000	158000000	17000000	179000	62900	123000	6680	1240000	370000	88900	7840	5120	229000	131000	1310000	8240000	62800	6190	525000	43200	620000	204000	22000000	652	1240000	5810	98400000	3480000	158000	10100	14000	8560	36800	12300	46800	59400	10100	200000	CIMBL124	CIMBL124	metabolite_183_known
AMP_metabolite_traits	CIMBL125	Zea	mays cultivar:B73	CIMBL125			38300	1010000	42000	99100	1930000	36100	900000	1180000	3300000	37600	8550000	11400000	18200000	8840000	396000	50300000	8020000	9560000	7290000	46100000	1000000	16100000	860000	78200	103000	10200000	6590000	127000	612000	459000	6170000	2350000	646000	659000	898000	403000	3240000	261000	3990	635000	131000	444000	4400000	28200	2530000	8040000	153000	33100000	4080000	120000	13800000	536000	87000	39500	657000	14200	65800000	90100	4740000	48900000	163000	8780	7060000	115000	1600000	184000	469000	157000	1130000	34500	66600	77700	57300	51500	71800	2730	53900	10200	11300	747000	8710000	3440000	1670000	7940000	13800000	58400	43500	1440000	824000	1000000	224000	52400	4190000	1570000	714000	1920000	93000	737000	717000	35800	2170000	4840	5940	6190	3880000	50800000	35000	5100000	750000	4580000	2230000	387000	17000000	10700000	3660000	765000	3750000	0	435000	8220000	133000	177000	1310000	5630000	373000	111000000	11300000	11500000	95800	81700	1740000	1490000	8220000	11400000	12000000	1430	60600000	6320000	25400000	1600000	43700000	3340000	438000	18600000	4110000	3910000	63600	2840	9840000	233000	197000000	18000000	382000	4810000	149000000	6070000	6110000	239000	21100000	813000	31100	66600000	2340000	202000	201000	462000	3130000	934000	190000	392000	198000	9870	197000	604000	75200	1360000	565000	245000	43400000	61600	420000	843000	2380000	213000	17400000	14800000	6550	56500	11700000	363000	4020000	37900	260000	192000	1210000	3680000	745000	6450000	7580000	1670000	2620	6750	3490	28100	4270	385000	12800	1070000	285000	16200	68100000	4290000	138000	37800	45200	2250	838000	29000	38900	7810	9980	284000	243000	543000	32100000	40200	8500	582000	51700	419000	592000	26100000	1830	1290000	3250	50700000	2840000	3280	5120	52900	3490	8730	4760	4590	93400	11500	3150	CIMBL125	CIMBL125	metabolite_183_known
AMP_metabolite_traits	CIMBL127	Zea	mays cultivar:B73	CIMBL127			65000	611000	62000	12600	760000	64900	317000	7290000	4210000	134000	10700000	8720000	32600000	8200000	164000	69800000	9800000	6790000	7530000	42900000	662000	12800000	1080000	436000	313000	11200000	3210000	421000	1490000	590000	11600000	2170000	31900	1090000	866000	42500	31800000	307000	1720	1680000	119000	576000	16200000	66900	6300000	1620000	429000	2850000	3360000	6160	8030000	573000	229000	64900	772000	12800	48700000	145000	3300000	37200000	154000	3340	20100000	119000	1870000	79600	1570000	202000	1250000	72100	574000	21700	2570	11700	5420	0	72600	4920	86700	1010000	22100000	5850000	3130000	8520000	24900000	67600	8750	1750000	1270000	1040000	8070	56100	33800	1170000	1170000	1380000	189000	2870000	820000	85000	4110000	7010	3930	8110	1920000	83800000	13700	8720000	283000	9150000	1200000	1260000	67400000	11400000	3330000	1090000	2850000	111000000	525000	9780000	519000	108000	2580000	5770000	347000	158000000	69700000	12100000	55300	20900	10300000	8550000	12400000	15400000	43000000	631	96300000	11900000	23300000	2170000	50800000	3730000	324000	44200000	10200000	14700000	114000	6870	31900000	45100	203000000	38600000	634000	11100000	183000000	13500000	8010000	71400	27100000	556000	14400	64100000	14900000	4160000	152000	243000	8320000	1470000	153000	685000	472000	8490	451000	1300000	133000	1710000	307000	1720000	47500000	49800	775000	1400000	4560000	459000	12700000	17600000	7780	83500	7370000	649000	8850000	50400	347000	72300	1010000	65400	985000	1560000	5930000	3910000	4310	9470	5020	26100	2290	594000	12400	942000	233000	5180	76300000	5780000	157000	9430	21600	1770	11200000	71800	38800	8350	9260	602000	826000	1250000	35300000	134000	4830	645000	10600	1190000	588000	16200000	3530	1930000	23100	120000000	2930000	199000	10000	31300	1290	41300	3980	5470	17500	1090	343000	CIMBL127	CIMBL127	metabolite_183_known
AMP_metabolite_traits	CIMBL129	Zea	mays cultivar:B73	CIMBL129			87400	617000	67700	188000	498000	13200	739000	4190000	1560000	136000	8540000	13100000	27400000	10200000	62500	44500000	10500000	11800000	1620000	38300000	488000	10300000	887000	353000	150000	15200000	7570000	380000	1630000	137000	11000000	1470000	1190	1170000	1080000	37700	32700000	546000	3750	1300000	92700	720000	5610000	26600	2500000	5740000	469000	19900000	2640000	7010	1900000	466000	1170000	35000	473000	11900	64400000	1420000	1450000	51200000	136000	14500	16800000	69800	1850000	184000	597000	133000	757000	124000	422000	72000	151000	37700	6120	1020	92800	27900	54700	503000	11800000	5520000	687000	3750000	24800000	95200	5610	2560000	323000	105000	586000	10800	14000	1090000	865000	1430000	81200	279000	378000	16200	911000	24900	10000	36900	836000	58900000	1050000	9500000	792000	13400000	935000	780000	34400000	16000000	1640000	1290000	3310000	122000000	426000	1420000	139000	143000	1480000	4950000	380000	137000000	92500000	6600000	250000	68900	14300000	9110000	12500000	12100000	6930000	14300	54300000	2100000	2790000	450000	6480000	4180000	200000	11100000	7940000	22000000	74100	72600	13000000	315000	239000000	13000000	1870000	3270000	164000000	7710000	8420000	7430000	32900000	465000	69600	62900000	2980000	63200	136000	153000	4440000	952000	287000	1400000	657000	13400	377000	286000	87600	506000	755000	706000	63900000	46000	187000	1090000	1280000	210000	10200000	10500000	12800	93100	2230000	640000	302000	17900	207000	1380000	50000	12000	1370000	5410000	4660000	1310000	8110	8360	17400	28000	6390	642000	176000	1500000	301000	481000	86300000	6200000	235000	1280000	20500	3620	1320000	386000	788000	9900	21900	343000	185000	595000	7240000	32200	36000	599000	132000	8760000	2340000	18300000	9070	9980000	7870	115000000	9610000	137000	551000	338000	78900	21700	18600	10300	565000	37500	244000	CIMBL129	CIMBL129	metabolite_183_known
AMP_metabolite_traits	CIMBL13	Zea	mays cultivar:B73	CIMBL13			65000	676000	42900	433000	1050000	164000	1090000	1050000	3840000	199000	11400000	11700000	13600000	6130000	62300	46100000	7720000	6530000	4390000	29100000	400000	8490000	304000	148000	179000	5190000	2220000	158000	477000	169000	2760000	4070000	86400	1450000	852000	275000	22800000	256000	32300	215000	100000	511000	10800000	33900	2780000	33600000	453000	61300000	2740000	135000	13300000	275000	336000	24600	606000	46100	51000000	223000	2640000	69900000	332000	316000	7220000	73400	3480000	77200	1680000	173000	500000	17900	212000	2750000	154000	56100	1950	740	100000	10500	3300	538000	9450000	2980000	3470000	4490000	14800000	82200	5940	1700000	1410000	1090000	1350000	225000	389000	973000	1220000	1330000	48200	440000	243000	52200	6190000	2530000	1640000	197	3170000	53500000	44700	1920000	569000	7700000	823000	989000	17800000	6150000	4560000	631000	1680000	136000000	893000	3080000	84900	164000	2040000	4970000	611000	152000000	8680000	8940000	377000	76700	1340000	1330000	9170000	21900000	5580000	2190	63400000	11000000	32900000	3270000	35800000	3640000	175000	7420000	5200000	6870000	101000	718	8260000	2780000	202000000	14000000	224000	2810000	191000000	46100000	13500000	83000	26600000	282000	1380000	63600000	11000000	8210000	136000	410000	2470000	689000	283000	92800	32400	15300	586000	752000	99700	936000	984000	150000	46000000	769000	382000	1940000	1460000	385000	9860000	14700000	19600	14300	3580000	288000	1440000	34300	291000	2280000	802000	308000	744000	4230000	8270000	1280000	25100	12000	17700	47000	14800	166000	121000	1470000	1680000	4810	58500000	9450000	806000	17000	203000	284000	324000	23400	42600	85900	224000	206000	200000	3380000	14900000	185000	314000	5070000	7290000	50000	44800	24500000	98100	58900	9890	98000000	4530000	369000	7240	142000	105000	14000	575000	2380000	373000	29400	1110000	CIMBL13	CIMBL13	metabolite_183_known
AMP_metabolite_traits	CIMBL133	Zea	mays cultivar:B73	CIMBL133			21800	647000	63900	226000	836000	62600	412000	2490000	2200000	67700	4800000	7940000	34600000	8270000	14500	59200000	10700000	5930000	1700000	32400000	508000	16000000	955000	305000	146000	5930000	2880000	167000	658000	652000	6350000	8180000	37900	1160000	1030000	42700	21300000	318000	384000	375000	103000	873000	14400000	13500	9030000	11800000	348000	12900000	698000	3240	7320000	247000	19000	68700	56500	5200	38200000	58200	1950000	25900000	87300	819000	19600000	142000	944000	97600	1940000	107000	694000	99100	218000	43700	159000	33900	8830	981	85900	15900	102000	698000	20200000	9760000	4010000	7960000	18900000	104000	1160	1590000	945000	1890000	91500	146000	16200	1190000	1270000	1060000	45700	418000	781000	87300	6800000	1310000	278000	4580	2590000	50200000	84800	2520000	432000	1610000	796000	586000	26100000	11500000	2670000	604000	2560000	71800000	680000	13800000	1230000	107000	2230000	5810000	506000	149000000	13300000	6630000	780000	1380000	13900000	15000000	12600000	19400000	6970000	30300	71000000	4380000	4740000	490000	10300000	1790000	114000	8830000	11900000	4390000	228000	2520	4260000	15500	173000000	4700000	225000	7180000	184000000	3720000	14300000	29900	56800000	452000	3340000	63000000	987000	176000	176000	217000	4600000	966000	160000	6090000	495000	14400	555000	643000	33600	2350000	214000	816000	72600000	82400	415000	1240000	1100000	493000	11300000	15700000	21500	47500	2520000	246000	6260000	11100	320000	340000	1540000	45200	596000	4860000	5910000	2250000	18700	11200	38400	109000	49400	198000	47700	3140000	488000	1570	141000000	10400000	467000	2400	224000	39600	4150000	115000	43400	15200	24100	476000	144000	1080000	12100000	76700	43400	1860000	795000	342000	658000	25000000	18000	454000	14100	116000000	2990000	174000	16500	110000	102000	42900	139000	126000	312000	35600	535000	CIMBL133	CIMBL133	metabolite_183_known
AMP_metabolite_traits	CIMBL137	Zea	mays cultivar:B73	CIMBL137			70700	918000	94000	193000	793000	45700	2940	4590000	3510000	22400	10000000	6400000	34300000	8280000	21800	101000000	8070000	7380000	3480000	35800000	677000	19200000	1120000	216000	116000	9000000	3070000	318000	857000	222000	6340000	11300000	295000	1230000	1150000	23100	51200000	267000	3430	1600000	56200	387000	30500000	32800	6260000	11000000	1080000	8930000	2710000	3420	3800000	124000	135000	56000	531000	5150	39600000	857000	1650000	25500000	109000	1580	19300000	170000	831000	110000	1630000	109000	2380000	61000	139000	8370	142000	15300	15200	3130	41500	28400	58500	1460000	25700000	8450000	3390000	9320000	27200000	65400	7760	1870000	1220000	1310000	5780	91100	87300	1150000	903000	749000	28200	1210000	336000	57400	6530000	10400	2380	6830	1880000	43600000	210000	4860000	124000	3410000	1030000	929000	24900000	8900000	6430000	1390000	3710000	122000000	1050000	9690000	330000	134000	2010000	5830000	592000	144000000	28400000	6730000	51500	29600	6820000	7480000	10700000	18100000	1610000	772	60400000	3890000	912000	283000	1870000	2170000	17900	8960000	6520000	5580000	184000	863	11700000	97100	218000000	14900000	524000	2650000	184000000	11100000	16600000	19300	58800000	140000	17700	66800000	943000	490000	162000	218000	17200000	573000	287000	114000	682000	19700	694000	686000	237000	83700	191000	378000	71500000	17600	226000	1160000	2200000	231000	11900000	14900000	2980	10600	4040000	479000	4410000	3160	299000	89500	590000	64200	24700	6050000	1220000	1580000	10400	9060	2040	24200	4870	162000	18700	1850000	368000	1820	107000000	8310000	145000	331	20600	1220	1540000	85500	35400	10100	6840	368000	321000	577000	15900000	165000	3520	462000	23400	92600	38600	21800000	2650	356000	13200	86700000	3080000	160000	2960	65300	10800	18100	12300	6780	19300	2420	252000	CIMBL137	CIMBL137	metabolite_183_known
AMP_metabolite_traits	CIMBL139	Zea	mays cultivar:B73	CIMBL139			14100	841000	27400	183000	513000	34700	163000	2240000	1230000	27900	3540000	3710000	10100000	7830000	7630	52900000	8510000	1940000	2370000	15800000	613000	14600000	1310000	453000	164000	6200000	2550000	90200	416000	301000	2280000	4150000	50500	750000	838000	14900	15100000	249000	535	172000	21400	217000	7880000	14200	2890000	6740000	352000	9670000	1950000	3860	3480000	358000	213000	5490	665000	10400	11700000	121000	1680000	15400000	58200	3360	14800000	141000	872000	91800	1850000	55300	539000	148000	321000	1040000	75700	16500	2220	241	23200	7880	67400	875000	12700000	5200000	4100000	7100000	13100000	28700	986	714000	640000	698000	14100	106000	156000	684000	780000	295000	43900	23300	499000	34200	1910000	1940	1260	456	1290000	40800000	11500	3290000	618000	403000	996000	1120000	15700000	15400000	4460000	730000	1680000	78600000	238000	5580000	231000	107000	2330000	7840000	406000	108000000	34300000	9960000	62300	37200	5670000	3240000	12300000	14700000	12100000	421	51300000	6210000	8800000	1020000	15200000	1930000	21900	15600000	7930000	23200000	25700	1990	24000000	1390000	201000000	22900000	308000	6150000	169000000	17900000	8130000	255000	28400000	252000	43500	60200000	1710000	140000	182000	234000	4930000	1490000	203000	54700	8630	21300	467000	404000	83100	37800	472000	308000	67600000	122000	222000	1990000	1540000	210000	14300000	10500000	6710	49500	2660000	556000	1290000	11900	229000	176000	1140000	4000	701000	5300000	1980000	1570000	4720	14100	37400	24300	4310	429000	34300	1520000	362000	15400	77600000	6080000	167000	29900	25500	1730	295000	77400	59000	93500	84200	241000	258000	2070000	11500000	56400	10800	426000	12100	184000	147000	28200000	1110	371000	12900	110000000	3130000	230000	1830	43700	3480	14000	2780	6990	53500	6550	187000	CIMBL139	CIMBL139	metabolite_183_known
AMP_metabolite_traits	CIMBL140	Zea	mays cultivar:B73	CIMBL140			93700	1200000	92900	202000	1610000	49100	384000	3150000	1850000	61700	3760000	12700000	31200000	6860000	23100	54600000	7590000	5990000	2850000	42800000	719000	18000000	1440000	534000	148000	6710000	3810000	352000	1140000	538000	9460000	9490000	35400	1210000	1260000	249000	19800000	108000	182	428000	89800	872000	1840000	14500	2900000	5350000	48600	29600000	1880000	12200	4010000	237000	61700	4680	145000	21800	37300000	37100	1080000	43100000	226000	7300	7610000	181000	633000	191000	2870000	85500	569000	117000	366000	24800	103000	47000	6040	0	56300	11600	79000	644000	17300000	7660000	4940000	8000000	19900000	146000	4110	1430000	2110000	1740000	109000	238000	209000	699000	1200000	1090000	52100	42600	631000	105000	5180000	1840	3070	17100	2310000	55900000	56200	2800000	69700	5320000	1250000	361000	15100000	7220000	2450000	1310000	4470000	64600000	363000	11900000	219000	235000	2950000	5310000	306000	156000000	19500000	11800000	26500	21200	2420000	3030000	6870000	11400000	585000	575	40300000	2550000	807000	126000	4280000	1600000	20400	5910000	3320000	1870000	8860	513	4400000	51400	178000000	14100000	154000	4510000	135000000	5620000	3490000	386000	11900000	1140000	34300	60500000	2380000	151000	403000	229000	4350000	1860000	261000	32900	14900	11500	214000	399000	135000	787000	318000	288000	46400000	79300	133000	697000	1380000	430000	15400000	13400000	2680	7300	4670000	955000	1080000	4820	561000	167000	1810000	4290	1360000	14200000	7950000	1360000	1680	21100	3960	19800	3550	547000	10500	760000	182000	24100	52900000	3460000	150000	51800	179000	2050	147000	112000	71400	16900	13500	354000	757000	1790000	15100000	26100	6200	606000	10600	115000	112000	17000000	1810	162000	8230	49100000	2960000	276000	2980	206000	545	16100	8470	1970	27600	4920	795000	CIMBL140	CIMBL140	metabolite_183_known
AMP_metabolite_traits	CIMBL141	Zea	mays cultivar:B73	CIMBL141			144000	1410000	68700	215000	626000	39600	974000	5300000	3510000	244000	6360000	14900000	23900000	6160000	76100	45700000	8160000	5740000	4970000	38900000	384000	9310000	861000	288000	144000	4690000	2850000	197000	1060000	206000	6660000	9270000	13000	1380000	1380000	32400	19300000	511000	739	349000	101000	643000	8230000	32800	3720000	44400000	4010000	43400000	1800000	5050	19600000	272000	114000	93700	368000	39600	29800000	518000	1900000	64900000	446000	1900	16900000	212000	19600000	130000	2360000	306000	4630000	188000	335000	366000	59600	34800	63900	0	68400	9290	52600	521000	8370000	4110000	2260000	6690000	10100000	79100	11200	1260000	1160000	418000	19400	128000	8370	1450000	2400000	790000	61700	1520000	264000	56700	2980000	4970	2300	5190	1720000	52700000	203000	4290000	701000	2910000	1500000	372000	9460000	6570000	2310000	605000	1780000	50400000	257000	8650000	107000	119000	2950000	7490000	348000	108000000	11400000	15000000	65300	20200	3820000	3230000	11600000	16000000	8290000	617	62600000	4370000	46300000	4830000	24700000	2750000	26700	28700000	4160000	7090000	210000	392	6010000	150000	154000000	11600000	919000	2340000	150000000	13900000	6790000	22600	26300000	153000	20400	65000000	1220000	159000	165000	491000	61200000	1090000	207000	387000	2980	21400	538000	263000	49300	301000	866000	273000	41200000	99100	207000	1080000	1430000	286000	9590000	11300000	3690	11300	2890000	653000	283000	76500	350000	185000	946000	14000	1100000	4650000	4620000	2050000	12100	13400	3300	22000	3650	336000	15500	1140000	303000	3960	70600000	5950000	151000	210	20200	1060	2100000	48300	44700	93400	114000	251000	199000	1150000	9490000	73600	7780	295000	11500	58700	24800	23900000	608	112000	4190	56700000	3000000	164000	743	934000	1230	11200	5400	5290	17900	2530	8390	CIMBL141	CIMBL141	metabolite_183_known
AMP_metabolite_traits	CIMBL142	Zea	mays cultivar:B73	CIMBL142			33200	378000	23200	165000	401000	25900	220000	1120000	2200000	181000	5030000	6470000	15700000	12200000	29600	26000000	10500000	6760000	3520000	31400000	678000	9610000	619000	111000	164000	9720000	2480000	111000	528000	236000	4020000	3300000	151000	665000	1540000	37500	76400000	312000	8560	557000	85800	428000	15900000	18100	728000	60500000	1820000	74700000	2620000	278000	18700000	212000	398000	18900	349000	103000	40600000	68300	2270000	45800000	268000	63400	19900000	59600	3320000	125000	1160000	120000	105000	44000	203000	52200	80700	28000	3040	348	76000	4500	98000	282000	6420000	2940000	2250000	8280000	8110000	66300	137	1000000	615000	348000	507000	162000	41500	1890000	1070000	1060000	26800	528000	217000	34100	2180000	621000	178000	36500	2840000	57200000	28200	5650000	618000	3690000	329000	581000	16200000	10600000	2830000	500000	1430000	59100000	436000	6080000	1770000	108000	1130000	6110000	378000	112000000	76100000	5320000	55900	31700	3990000	2710000	10400000	13600000	6960000	480	36300000	1490000	63200000	5070000	102000000	2330000	1380000	9620000	5440000	3000000	90100	2660	6020000	930000	170000000	11500000	349000	2670000	161000000	4300000	6680000	2640000	25100000	1790000	85400	66500000	3850000	172000	127000	173000	1480000	394000	268000	8210	102000	12600	563000	218000	46300	835000	586000	187000	43200000	123000	168000	776000	871000	295000	10700000	13400000	44500	93900	3170000	312000	649000	104000	224000	1150000	1560000	752	326000	3200000	6720000	2170000	14700	12900	82000	29300	3580	192000	391000	1120000	233000	215000	72700000	4760000	236000	57200	22900	185000	308000	45100	140000	16400	16900	338000	187000	638000	10500000	33100	585000	717000	352000	1480000	162000	35200000	4990	1730000	1830	107000000	4480000	268000	4830	94600	5310	26200	34900	49500	334000	87400	226000	CIMBL142	CIMBL142	metabolite_183_known
AMP_metabolite_traits	CIMBL143	Zea	mays cultivar:B73	CIMBL143			34800	1070000	31100	282000	1330000	26100	353000	1390000	3500000	104000	2240000	10100000	34300000	4520000	12800	102000000	6500000	7030000	3860000	43900000	397000	12400000	1260000	204000	36400	10600000	2830000	101000	401000	747000	2310000	23000000	203000	1670000	1840000	45400	39500000	486000	366	111000	89200	834000	1660000	24100	4410000	5360000	853000	9200000	1140000	898	5200000	329000	130000	255000	530000	5390	35200000	46600	1400000	38100000	171000	1700	20500000	344000	335000	120000	2110000	81500	199000	259000	234000	87700	147000	48300	23000	0	88000	23400	50500	1690000	8930000	4150000	2050000	4350000	14700000	73700	0	1230000	1050000	1050000	7480	104000	274000	3320000	657000	975000	42400	393000	1100000	56300	3440000	6430	834	51700	1710000	35300000	17000	2360000	363000	1860000	1180000	402000	29400000	12400000	1950000	905000	3690000	88700000	928000	46400000	182000	96600	2040000	6890000	501000	138000000	8630000	8880000	41500	22700	743000	1720000	10800000	14800000	248000	1190	71400000	10500000	280000	82600	679000	1630000	11100	4250000	2720000	17900000	546000	2250	14000000	67600	196000000	12400000	133000	3390000	159000000	15400000	8130000	104000	29500000	243000	11300	60900000	1740000	3280000	198000	378000	734000	1940000	320000	8990000	3800000	19700	633000	391000	128000	9040	183000	172000	46700000	165000	404000	1220000	1720000	125000	11300000	10700000	1400	8150	8310000	277000	1400000	3400	282000	117000	836000	1230000	424000	11000000	3940000	2960000	9140	15900	3000	20600	2740	362000	20700	603000	180000	13000	54800000	4500000	177000	43100	16000	1150	648000	67200	41500	132000	11200	293000	282000	483000	29200000	48000	5270	445000	5540	40500	37400	9300000	891	49400	7570	40100000	3370000	351000	4750	34000	196	23700	4330	6240	31200	1620	415000	CIMBL143	CIMBL143	metabolite_183_known
AMP_metabolite_traits	CIMBL144	Zea	mays cultivar:B73	CIMBL144			58700	1060000	39500	155000	358000	45500	592000	3160000	1130000	74200	6540000	10400000	27300000	7050000	247000	28400000	7550000	13900000	1260000	31900000	1110000	20800000	840000	89700	345000	4720000	2250000	163000	776000	98200	4740000	1540000	31800	783000	1010000	256000	18600000	332000	1180	315000	116000	766000	7400000	19100	1160000	31200000	1340000	40200000	1780000	56100	40200000	537000	8680	7960	20700	17300	58500000	489000	3070000	65700000	256000	26400	6140000	33700	554000	105000	504000	229000	345000	86900	171000	2440000	98900	174000	313	21100	65100	9430	72400	368000	10200000	4280000	934000	5280000	18300000	107000	20300	1800000	627000	202000	39400	67700	154000	1510000	1390000	2280000	66200	25500	462000	24200	3310000	9340	15800	6530	2970000	84500000	31900	1910000	1430000	3900000	1020000	1440000	10100000	6240000	2750000	618000	1340000	38500000	309000	1020000	136000	125000	1520000	6930000	519000	145000000	11600000	12200000	54100	32800	2230000	1390000	10900000	15700000	268000	984	32700000	2700000	1140000	428000	2410000	1770000	23800	5270000	8420000	1370000	14700	2890	1960000	543000	214000000	3180000	303000	3160000	178000000	7250000	7880000	48200	28000000	67500	76700	64800000	2620000	247000	115000	357000	803000	828000	205000	25900	94200	16700	445000	266000	67900	125000	290000	202000	52500000	184000	166000	1290000	628000	203000	14000000	10100000	8340	6590	1550000	652000	324000	6320	204000	147000	433000	278000	365000	4220000	2370000	2690000	5760	8050	4820	18500	3320	307000	23400	1520000	325000	5400	88900000	6130000	197000	428	29900	27400	80600	138000	45100	21200	56200	192000	209000	1650000	7380000	41100	40000	550000	102000	59800	37800	34400000	3140	170000	3350	135000000	3340000	259000	9070	51400	13300	8150	49500	48400	54800	5340	707000	CIMBL144	CIMBL144	metabolite_183_known
AMP_metabolite_traits	CIMBL145	Zea	mays cultivar:B73	CIMBL145			20700	974000	41900	279000	529000	26900	182000	3680000	1260000	135000	5860000	3330000	32900000	6510000	30600	32600000	5610000	2720000	774000	20200000	441000	16200000	1010000	271000	197000	9360000	1950000	88900	614000	108000	3670000	5760000	109000	785000	1250000	14100	41100000	154000	285	301000	44300	227000	1340000	14500	2430000	18500000	908000	26700000	1820000	26600	1550000	254000	38100	6420	38200	10200	14900000	217000	5080000	9190000	21300	1950	17000000	102000	6060000	95000	1630000	83800	668000	95500	329000	3020000	167000	8680	898	502	16300	19900	77000	329000	9500000	4650000	2470000	3570000	9680000	46900	3420	1090000	1510000	597000	25500	69400	62400	528000	921000	352000	13600	7390	361000	50300	3390000	26000	10700	7990	1510000	47900000	72300	2360000	485000	371000	641000	1970000	44100000	11000000	6270000	831000	1140000	93400000	338000	13900000	868000	78100	1910000	5470000	590000	133000000	77300000	11400000	1260000	54000	10100000	6380000	18300000	11100000	19200000	14000	59100000	21700000	30900000	1880000	68100000	4910000	3150000	18000000	13800000	1760000	21700	37900	2160000	118000	218000000	4530000	2700000	10900000	194000000	8790000	15400000	28300	53200000	475000	116000	64300000	3330000	294000	100000	147000	7000000	914000	263000	1120000	5910000	17400	1630000	1120000	104000	986000	597000	443000	37000000	1900000	206000	1720000	891000	487000	6030000	11600000	201000	49600	4870000	1300000	3390000	80800	345000	188000	984000	860	859000	2730000	4970000	1160000	34500	11900	4130	151000	63900	580000	13000	1850000	471000	3080	108000000	9270000	181000	1190	16900	6620	305000	101000	42900	1250000	1820000	359000	212000	804000	29900000	5610000	45900	567000	52400	885000	309000	30400000	2580	1740000	10200	140000000	3170000	265000	30800	827000	8220	24100	49000	8990	32400	2300	344000	CIMBL145	CIMBL145	metabolite_183_known
AMP_metabolite_traits	CIMBL147	Zea	mays cultivar:B73	CIMBL147			65900	1170000	37700	161000	928000	32900	358000	1990000	5860000	244000	14700000	16400000	30100000	10300000	50600	74700000	10500000	7310000	6760000	41900000	603000	13500000	697000	118000	197000	7080000	3270000	240000	1030000	447000	9890000	9470000	45400	1210000	1700000	416000	46600000	225000	2410	769000	125000	539000	14300000	50800	2540000	9230000	711000	17100000	2310000	6760	17400000	800000	6510000	105000	2280000	9670	56100000	1510000	6910000	35100000	87200	12200	7630000	491000	643000	187000	6840000	422000	770000	85300	272000	661000	84700	44600	49400	414	67600	11400	37600	902000	9200000	4760000	2320000	9170000	26400000	77100	2050	1630000	2390000	1350000	289000	206000	56200	897000	644000	1620000	84500	451000	569000	73900	44200000	23800	1750	20300	3130000	74100000	2740000	8090000	348000	4440000	1610000	723000	43600000	8210000	4330000	1560000	4410000	115000000	991000	8730000	213000	153000	1730000	6570000	548000	138000000	87300000	11800000	68400	38600	1240000	1460000	15400000	14100000	32900000	62	73400000	4150000	12700000	1090000	16400000	3110000	82700	26500000	12400000	57000000	247000	1470	15100000	93200	226000000	20700000	3580000	16800000	182000000	16400000	9930000	683000	38300000	3930000	61300	61700000	5240000	3930000	248000	775000	3200000	1520000	273000	1200000	8170	18800	632000	612000	125000	603000	290000	861000	65300000	143000	545000	866000	1720000	239000	8790000	12600000	3770	88200	8980000	531000	2050000	19300	406000	492000	1100000	5060	984000	6670000	4450000	1450000	3150	9790	2970	26200	6100	118000	46800	1910000	626000	25200	106000000	9450000	164000	150000	15200	9360	1400000	161000	93500	27800	15000	470000	253000	1040000	38500000	81000	20300	445000	31200	1860000	798000	28700000	1310	3420000	22200	82000000	4180000	239000	1550	3600000	4460	46200	9020	7880	369000	27300	545000	CIMBL147	CIMBL147	metabolite_183_known
AMP_metabolite_traits	CIMBL149	Zea	mays cultivar:B73	CIMBL149			27200	712000	38700	304000	510000	71600	225000	1410000	1580000	39000	5830000	4300000	14300000	9810000	70700	29900000	8990000	5610000	1560000	40500000	571000	10400000	883000	155000	117000	8900000	2290000	95600	710000	262000	6620000	6640000	186000	548000	1970000	42000	7920000	187000	2720	465000	67200	566000	6000000	11700	1690000	9360000	177000	18500000	2900000	8780	5730000	131000	635000	64700	410000	334	24900000	239000	3700000	22900000	51300	4590	17300000	232000	1030000	140000	2080000	155000	540000	44500	118000	28100	144000	65200	84000	3390	55400	27900	42900	316000	8760000	4260000	1360000	6420000	16900000	77800	7360	1160000	623000	659000	156000	176000	261000	557000	1070000	737000	22700	699000	769000	32500	2200000	9450	7710	5580	2750000	60000000	274000	4070000	1260000	3220000	1700000	915000	32900000	9280000	2960000	653000	1730000	59700000	605000	15200000	250000	129000	1910000	5190000	316000	145000000	65400000	7320000	128000	12800	3280000	2820000	17500000	18000000	37600000	1850	58300000	10900000	24000000	1640000	23400000	2440000	128000	21800000	4300000	18000000	140000	2160	8970000	71200	195000000	8940000	1610000	12100000	170000000	14200000	12100000	792000	38700000	943000	40400	58000000	2920000	512000	297000	251000	8220000	617000	233000	3110000	1060000	22100	736000	816000	179000	193000	259000	1280000	42400000	38600	657000	1180000	755000	410000	13000000	13000000	5100	95900	12500000	351000	4910000	19900	663000	316000	1260000	3320	377000	4900000	5340000	862000	5240	14100	3880	30700	6820	253000	32700	2460000	542000	50700	72800000	5630000	258000	90200	30400	6470	7090000	152000	119000	11100	5210	502000	372000	544000	49200000	38600	9840	419000	65100	1620000	291000	14500000	1110	1790000	13400	106000000	3400000	284000	1460	1060000	12600	28900	2760	18400	334000	35400	378000	CIMBL149	CIMBL149	metabolite_183_known
AMP_metabolite_traits	CIMBL15	Zea	mays cultivar:B73	CIMBL15			27800	666000	37100	60700	721000	56100	447000	1560000	3210000	58000	4890000	14000000	21000000	7360000	121000	53300000	6990000	6830000	3870000	41500000	501000	13300000	987000	299000	114000	12800000	3960000	115000	1040000	217000	6190000	10500000	48700	1730000	1370000	50700	22300000	330000	4750	385000	82300	305000	26300000	27000	4990000	4820000	460000	4280000	3550000	6250	7500000	289000	1180000	38600	843000	9630	38500000	0	2010000	35200000	141000	22400	17800000	250000	4310000	135000	3230000	145000	648000	123000	593000	155000	22100	24200	13900	218	63600	15500	30600	463000	10100000	4700000	5320000	8250000	18000000	70100	5620	1890000	2320000	1520000	17600	156000	540	528000	1220000	960000	66400	471000	272000	72000	5990000	18200	1630	2310	3060000	45400000	164000	4840000	289000	1570000	1750000	553000	24600000	7490000	1430000	560000	4630000	66700000	342000	9580000	139000	127000	2080000	5200000	887000	158000000	85600000	8280000	58000	36300	2290000	1900000	10700000	15500000	57900000	277	55000000	3200000	5210000	670000	3900000	1950000	124000	13200000	4820000	26900000	99600	1040	9980000	52600	175000000	11000000	339000	4850000	170000000	7900000	7280000	77000	25800000	310000	33600	62200000	3390000	170000	139000	493000	5620000	2610000	112000	557000	4390	15700	437000	223000	82200	956000	385000	223000	34500000	314000	385000	2010000	1260000	400000	15700000	21200000	4660	42800	4480000	152000	3600000	9440	264000	78900	827000	3400	2090000	9720000	8480000	910000	2170	8260	4950	24900	2170	311000	12800	1690000	341000	3630	94300000	6840000	142000	12100	15800	1070	2950000	330000	37300	10900	9210	187000	133000	939000	13200000	46400	3220	470000	11100	490000	82100	20800000	646	948000	2660	73800000	3260000	32800	1640	210000	641	38400	10800	7280	20100	3620	25600	CIMBL15	CIMBL15	metabolite_183_known
AMP_metabolite_traits	CIMBL150	Zea	mays cultivar:B73	CIMBL150			81600	480000	76000	664000	367000	22100	331000	4200000	4570000	130000	6840000	12500000	19400000	11200000	17000	124000000	18400000	7990000	13900000	37600000	478000	27700000	1310000	164000	160000	8990000	5880000	237000	499000	822000	8930000	1060000	117000	1370000	838000	41400	64800000	315000	544	742000	101000	527000	33300000	52400	5740000	36500000	4990000	60900000	1360000	15300	15300000	507000	502000	1670	1760000	31100	43000000	32900	3060000	36400000	167000	125	19900000	14700	6850000	69700	155000	176000	2020000	49900	123000	61400	306000	44900	3450	396	89800	10400	350000	2110000	33100000	10600000	1530000	7110000	24800000	90800	10100	1710000	799000	198000	4430	8190	187000	1560000	1020000	1310000	68500	725000	1080000	55900	9140000	9230	4880	4740	1990000	68400000	4080	11600000	228000	5150000	1490000	1550000	44200000	25600000	925000	1650000	1710000	103000000	469000	2760000	360000	40100	1720000	1890000	322000	152000000	69100000	11400000	24400	19800	5360000	4600000	8100000	12100000	29100000	2780	67100000	9680000	39300000	5450000	102000000	2770000	416000	15800000	4430000	22300000	9480	2730	55100000	702000	175000000	82400000	55900	23400000	109000000	5530000	6930000	9450	21000000	1370000	18500	65600000	2900000	77700	106000	231000	11900000	388000	503000	1900000	239000	12300	206000	1080000	92700	288000	679000	282000	57300000	75200	767000	870000	8480000	885000	16900000	12500000	3810	11900	3490000	1400000	399000	41500	420000	50600	95200	77100	194000	10600000	12000000	1800000	1680	6070	8280	21100	1280	806000	21100	758000	148000	1380	44200000	2530000	96400	531	10800	3940	2310000	32100	27200	17800	10000	610000	524000	859000	15900000	45100	4550	482000	9530	272000	649000	6130000	1600	268000	9440	135000000	2500000	206000	1120	10200	3640	3780	12100	3570	1130	555	850000	CIMBL150	CIMBL150	metabolite_183_known
AMP_metabolite_traits	CIMBL151	Zea	mays cultivar:B73	CIMBL151			137000	951000	74800	311000	771000	51500	821000	16400000	1290000	71200	12500000	12300000	25400000	18900000	15300	170000000	21400000	6840000	1660000	30200000	779000	27500000	1420000	95300	437000	8820000	4930000	326000	1070000	197000	15000000	3770000	3290	1240000	2330000	39300	48700000	346000	589	2230000	98100	831000	704000	14800	2920000	224000	5510	465000	1410000	0	3340000	396000	72500	10100	176000	303000	60100000	4880	810000	80100000	274000	4040	16000000	106000	41100	103000	980000	166000	747000	89700	379000	230000	141000	29000	15200	788	87500	18700	11700	3010000	30500000	11700000	1110000	6760000	29300000	96400	4960	2270000	1240000	409000	844	155000	280000	1110000	1090000	1100000	42700	161000	208000	21000	5950000	3560	2050	12600	1790000	84300000	12400	10300000	474000	5410000	1400000	816000	48000000	34800000	6400000	2600000	3320000	171000000	399000	9870000	250000	51300	3800000	7580000	309000	169000000	6230000	9230000	34700	17300	24500000	24800000	6890000	17000000	1180000	4010	34200000	13100000	1140000	62600	3770000	2640000	26400	1680000	5450000	11900000	16500	1700	9070000	732000	190000000	21000000	132000	1130000	178000000	37600000	7930000	28100	14400000	686000	19100	73100000	4800000	151000	107000	323000	7610000	734000	712000	2180000	4900000	8560	194000	1150000	110000	1410000	252000	122000	60500000	202000	453000	2010000	1800000	455000	15400000	12900000	7840	11200	11400000	772000	4300000	3580	583000	92100	2080000	5380	1590000	3940000	13900000	1580000	17400	11100	3540	27600	4440	559000	12100	1110000	600000	1390	62000000	6660000	160000	8470	159000	4730	326000	117000	36800	164000	105000	313000	276000	268000	57200000	98200	14000	580000	18200	88300	84300	19300000	193	171000	30800	133000000	2800000	163000	5650	22800	1870	9460	3460	3790	10700	4760	129000	CIMBL151	CIMBL151	metabolite_183_known
AMP_metabolite_traits	CIMBL152	Zea	mays cultivar:B73	CIMBL152			147000	746000	37800	978000	444000	5890	1050000	5260000	2270000	49400	11300000	34000000	27600000	6200000	48200	135000000	13400000	14500000	5290000	40600000	239000	13300000	1070000	169000	340000	12000000	4660000	371000	837000	502000	8100000	1420000	3220	1110000	1390000	37900	20000000	181000	1160	3240000	162000	754000	908000	31200	4230000	11700000	251000	29400000	2100000	58700	10000000	2300000	437000	4870	590000	61000	99000000	14400	393000	107000000	511000	3190	15600000	45500	3270000	101000	771000	119000	1020000	169000	727000	19700	281000	34800	20900	705	51800	14600	33500	2280000	17300000	4190000	565000	12200000	28600000	102000	8400	2140000	198000	210000	65000	125000	109000	984000	667000	2660000	285000	168000	391000	20600	656000	21300	4110	3020	1340000	95000000	8880	12700000	2400000	3720000	1530000	1180000	64100000	22500000	3360000	1950000	2470000	81100000	439000	7050000	97300	67500	1880000	9010000	439000	141000000	74900000	16000000	37400	57200	15500000	9940000	16500000	16000000	1280000	528	46900000	18100000	12200000	502000	47400000	2030000	301000	23200000	26100000	3910000	88800	849	7380000	403000	221000000	14900000	128000	1150000	191000000	12800000	18600000	1330000	60600000	1040000	27500	55500000	5470000	189000	86000	242000	13300000	1350000	1090000	484000	20200	15900	2240000	1250000	104000	726000	322000	297000	47200000	11500	785000	1780000	1520000	544000	12000000	17100000	4960	179000	1830000	280000	2270000	12700	424000	307000	788000	240000	368000	4630000	4840000	1710000	10300	8710	3220	17500	5760	791000	15500	2810000	788000	78500	154000000	18900000	237000	300000	19800	1040	354000	81600	77200	7260	8060	211000	224000	412000	10300000	187000	8480	633000	40000	625000	360000	1930000	734	1010000	9970	141000000	3120000	120000	5480	12200	2020	24200	3050	8720	24300	3200	325000	CIMBL152	CIMBL152	metabolite_183_known
AMP_metabolite_traits	CIMBL153	Zea	mays cultivar:B73	CIMBL153			227000	1070000	59500	705000	1360000	70200	622000	14700000	2660000	124000	4940000	18800000	22400000	4690000	45600	142000000	16100000	8620000	7650000	31700000	661000	18100000	991000	477000	483000	8260000	3580000	398000	728000	468000	17800000	937000	14300	1240000	1310000	44300	10300000	450000	1690	5890000	98400	668000	7770000	38100	4060000	2000000	104000	3840000	1470000	1060	1190000	894000	180000	3440	423000	80100	57600000	12400	864000	65000000	310000	10900	14600000	50300	1180000	77400	322000	282000	2130000	152000	396000	71400	443000	73600	7770	371	125000	25100	33100	2580000	32200000	6770000	573000	12600	39700000	119000	3740	1420000	396000	677000	216000	71100	6970	1840000	1210000	1640000	94600	238000	357000	22500	2150000	6870	6850	0	3630000	91800000	16400	8180000	3480000	4500000	1360000	1110000	34800000	25000000	2780000	1290000	2370000	101000000	656000	4080000	94300	69000	2040000	6930000	574000	131000000	36600000	11300000	51600	38800	11100000	14600000	14100000	15800000	3080000	425	47200000	5830000	1510000	145000	2310000	2450000	10300	1120000	23500000	6360000	10700	1250	9320000	615000	227000000	16900000	50600	1380000	189000000	13800000	13100000	737000	45900000	92300	39700	64400000	6630000	86900	223000	373000	10700000	1170000	343000	73600	97300	21200	1400000	314000	65900	1680000	354000	232000	57600000	30500	166000	1510000	1320000	727000	12200000	15400000	3500	7130	2080000	252000	1270000	1980	337000	404000	1460000	324	3700	5980000	16100000	2600000	8970	10500	4360	29500	5270	1190000	42200	2880000	696000	84300	142000000	15000000	188000	104000	17900	847	63800	64700	123000	15500	13600	189000	128000	2000000	10000000	39200	11600	483000	20300	16100	28000	25900000	1210	75200	6500	109000000	4690000	15500	8670	48100	2550	5080	4520	4760	118000	10500	5180	CIMBL153	CIMBL153	metabolite_183_known
AMP_metabolite_traits	CIMBL156	Zea	mays cultivar:B73	CIMBL156			42200	862000	76000	116000	972000	97700	236000	3100000	2160000	65500	8740000	11000000	72100000	6330000	61500	63800000	7670000	5250000	4930000	41400000	463000	14600000	996000	382000	163000	9980000	2430000	203000	591000	434000	12100000	9030000	89300	925000	818000	284000	12300000	532000	768	345000	132000	680000	12300000	27000	8090000	49600000	1400000	62500000	2590000	26700	12300000	169000	14000	172000	105000	42700	47600000	17900	2510000	48700000	228000	3600	4800000	131000	21700000	137000	2290000	37800	1680000	118000	583000	267000	63800	39100	58000	352	127000	32200	163000	848000	15000000	4810000	3590000	7000000	39400000	118000	209	2320000	7030000	1630000	57800	82600	51200	1410000	1530000	2140000	75300	260000	680000	210000	20200000	781	8400	726	2880000	55400000	7990	6810000	309000	15300000	1800000	1710000	28200000	5380000	2100000	665000	1490000	111000000	335000	4820000	229000	85900	1410000	3560000	407000	111000000	44200000	7360000	111000	60300	5790000	3040000	11700000	16700000	36000000	682	52100000	8120000	81100000	5190000	62400000	3250000	799000	37900000	4870000	118000	318000	895	567000	153000	158000000	8150000	28500	8270000	157000000	5430000	8980000	789000	31300000	410000	23200	58600000	2100000	229000	143000	41600	5840000	1040000	91500	1460000	2320	18800	535000	381000	156000	207000	555000	119000	46500000	239000	1490000	1000000	1250000	355000	17400000	15000000	2990	158000	12300000	330000	4880000	551000	187000	275000	755000	4890	544000	3450000	9610000	984000	4400	10000	3860	18800	6020	205000	9470	1130000	188000	42700	86500000	4780000	237000	66000	29900	5480	596000	169000	103000	25000	89600	359000	704000	407000	52100000	18300	6290	511000	64100	996000	6380000	31000000	947	2390000	2450	132000000	3610000	204000	6840	15100	2380	90400	11400	10300	34600	3220	408000	CIMBL156	CIMBL156	metabolite_183_known
AMP_metabolite_traits	CIMBL157	Zea	mays cultivar:B73	CIMBL157			21900	950000	74400	124000	751000	71500	483000	3580000	3520000	167000	3960000	10600000	35200000	7730000	44600	73300000	4110000	6300000	4970000	39000000	750000	18000000	1060000	199000	94500	5580000	5090000	96700	563000	284000	6810000	8480000	15800	798000	847000	43300	36400000	249000	3330	178000	96700	442000	2630000	32000	5450000	6810000	386000	17600000	1220000	27800	4530000	556000	289000	51500	505000	6010	35200000	90200	2170000	32400000	106000	39500	17400000	156000	3490000	124000	2180000	106000	798000	110000	451000	16000	63200	26100	1410	887	40600	17600	71300	909000	7370000	4230000	2340000	1110000	27900000	66500	2350	1070000	3360000	930000	181000	181000	51700	1130000	1600000	1050000	48100	51800	464000	64600	11700000	48700	16800	13200	3320000	30700000	29300	20700000	1030000	2790000	1270000	290000	26100000	16800000	2650000	428000	2190000	44900000	673000	10700000	146000	101000	1550000	5170000	482000	138000000	8680000	9700000	114000	31800	843000	1870000	12100000	16000000	2430000	327	57100000	13700000	2030000	213000	9100000	1320000	115000	9780000	7630000	34100000	225000	1890	21700000	57300	213000000	28200000	2260000	3170000	159000000	6770000	8390000	722000	30600000	531000	115000	70000000	1160000	299000	168000	251000	4580000	1070000	145000	784000	361000	23600	511000	255000	119000	608000	549000	613000	41400000	5510	547000	2320000	2820000	374000	10000000	13000000	15500	10800	8650000	626000	2010000	7220	320000	380000	1710000	5540	659000	11400000	9950000	1910000	21600	16300	4130	59300	20000	932000	22200	2240000	442000	94300	102000000	6750000	361000	138000	65900	9050	481000	59400	63600	23700	5750	324000	163000	1200000	26700000	34700	44500	439000	108000	47600	81000	16500000	1880	181000	2840	57300000	3780000	102000	3890	2480000	61600	24800	46300	31100	102000	6950	68700	CIMBL157	CIMBL157	metabolite_183_known
AMP_metabolite_traits	CIMBL16	Zea	mays cultivar:B73	CIMBL16			137000	681000	69500	342000	590000	19700	450000	3760000	6640000	73500	6240000	7130000	23700000	5570000	20200	41500000	6340000	7740000	15700000	36900000	543000	12500000	1090000	154000	173000	11700000	4680000	277000	2460000	792000	9700000	8430000	65900	747000	1310000	39600	46000000	164000	2320	1310000	113000	686000	26800000	79300	1950000	23300000	449000	38900000	1890000	18100	20800000	426000	708000	8450	1800000	18200	39800000	51600	597000	46900000	127000	2580	15600000	117000	1690000	156000	1920000	162000	184000	187000	165000	17300	129000	121000	3210	655	68400	4090	68600	463000	11300000	6280000	1550000	7730000	12700000	82700	790	1190000	2030000	656000	273000	110000	1130000	1230000	975000	1100000	50800	254000	767000	71100	4190000	3840	8070	35500	2100000	54200000	76000	8300000	341000	1080000	1910000	0	0	0	0	0	0	0	0	0	0	0	0	0	0	0	0	0	0	0	0	0	0	0	0	0	0	0	0	0	0	0	0	0	0	0	0	0	0	0	0	0	0	0	0	0	0	0	0	0	0	0	0	0	0	0	0	0	0	0	0	0	0	0	0	0	0	0	0	0	0	0	0	0	0	0	0	0	0	0	0	0	0	0	0	0	0	0	0	0	0	0	0	0	0	0	0	0	0	0	0	0	0	0	0	0	0	0	0	0	0	0	0	0	0	0	0	0	0	0	0	0	0	0	0	0	0	0	0	0	0	0	0	0	0	0	0	CIMBL16	CIMBL16	metabolite_183_known
AMP_metabolite_traits	CIMBL17	Zea	mays cultivar:B73	CIMBL17			52900	886000	40600	175000	940000	58800	236000	1840000	2550000	73400	5960000	10200000	20900000	12100000	37700	40300000	9690000	7550000	2990000	32900000	1140000	10300000	1140000	139000	214000	4960000	3830000	138000	1000000	507000	5300000	6330000	35000	1070000	1700000	307000	34900000	419000	58200	796000	110000	472000	24300000	32100	1300000	22800000	576000	9400000	1880000	5260	56900000	143000	210000	6540	138000	125000	51200000	136000	4120000	60700000	228000	215000	8480000	176000	694000	187000	2060000	163000	253000	228000	699000	250000	95000	47600	5250	709	60700	25700	60700	449000	7970000	3400000	1280000	4720000	17000000	64300	1970	1260000	569000	322000	337000	150000	137000	1140000	987000	1380000	47700	467000	464000	32300	1680000	316000	107000	12800	2260000	67400000	24100	3160000	252000	6760000	1230000	812000	14700000	6020000	2270000	581000	2190000	47500000	321000	5700000	157000	142000	1300000	4990000	462000	95800000	25600000	6950000	8000000	673000	7370000	3930000	10400000	22800000	16400000	32300	46900000	1180000	25800000	1720000	36800000	1740000	90100	50500000	5040000	1340000	30400	3320000	1790000	851000	196000000	3120000	188000	4440000	174000000	8960000	6780000	201000	24100000	4720000	1800000	63500000	2530000	82900	118000	225000	1130000	1290000	127000	1200000	17500	22200	315000	397000	148000	324000	289000	255000	46900000	96000	193000	1670000	496000	74400	10700000	11900000	1680000	79500	2690000	418000	493000	14300	257000	2080000	686000	77300	664000	5120000	714000	1370000	22500	12300	759000	55400	17700	241000	678000	1390000	324000	29600	85900000	6400000	449000	57200	112000	111000	566000	634000	48400	24300	20000	249000	127000	515000	7570000	198000	1010000	1110000	659000	364000	145000	22100000	12400	618000	5110	106000000	3450000	251000	1030000	46700	62300	42000	129000	91100	314000	16700	750000	CIMBL17	CIMBL17	metabolite_183_known
AMP_metabolite_traits	CIMBL18	Zea	mays cultivar:B73	CIMBL18			22400	450000	51400	195000	347000	25000	323000	2470000	2540000	65000	18400000	7330000	16200000	14000000	8910	45900000	13600000	6180000	3970000	44300000	600000	14300000	1070000	159000	202000	8280000	6260000	96800	721000	737000	6740000	1360000	200000	957000	843000	32200	3950000	528000	603	434000	70400	460000	4040000	30000	5330000	22400000	656000	47800000	1380000	33100	48400000	233000	163000	23600	264000	4680	39000000	47100	546000	32100000	184000	4800	18200000	163000	2050000	136000	1840000	150000	1400000	110000	348000	72500	80400	15200	868	1030	34000	11800	415000	574000	10300000	3560000	2660000	7930000	19300000	63200	0	980000	1630000	754000	1440	15600	718000	796000	1490000	914000	95500	902000	273000	38400	5640000	3630	4280	3180	874000	61200000	26300	13500000	983000	3140000	1310000	1130000	30000000	21400000	2710000	670000	1460000	64500000	226000	6590000	440000	58100	1970000	3400000	403000	133000000	9700000	11900000	66600	42100	2010000	2290000	14500000	15200000	31500000	1670	68800000	17600000	41700000	5640000	51200000	1640000	187000	45300000	11700000	10400000	87400	3230	10300000	169000	210000000	13400000	494000	2630000	159000000	12600000	12500000	18400	42000000	1330000	30100	62100000	909000	356000	139000	119000	15200000	891000	316000	5830	1410	27100	640000	1160000	166000	186000	697000	513000	43600000	186000	294000	1810000	1620000	428000	9570000	11800000	6600	33100	14900000	1750000	4850000	68300	428000	92300	82700	337	398000	2110000	5900000	1990000	2720	11900	13000	26100	4180	291000	11100	1680000	358000	1540	86000000	6080000	126000	2100	21000	7720	3090000	31400	51500	60700	299000	474000	316000	2220000	53600000	59500	7120	342000	81900	173000	441000	11000000	768	296000	19400	95000000	2810000	101000	1630	223000	7880	13000	4620	3520	9090	1720	93200	CIMBL18	CIMBL18	metabolite_183_known
AMP_metabolite_traits	CIMBL19	Zea	mays cultivar:B73	CIMBL19			20300	695000	38700	35100	458000	60100	541000	2000000	4390000	32800	8860000	10000000	34200000	9160000	45200	41200000	8020000	5860000	13100000	43400000	733000	15600000	812000	350000	91500	11200000	3890000	80000	537000	374000	4880000	12200000	39600	1080000	1530000	48900	54900000	402000	1580	171000	86800	498000	12200000	38800	4680000	3910000	362000	18300000	2410000	14700	7520000	358000	716000	61800	2830000	7570	33800000	49500	3280000	32300000	98600	6540	19600000	193000	3980000	114000	1940000	147000	571000	74000	203000	75200	18600	19100	9430	0	42000	1640	106000	368000	12100000	5380000	5060000	5680000	11800000	104000	1700	1470000	1020000	951000	7450	236000	19300	781000	1290000	867000	42200	330000	721000	86200	5750000	15200	7070	34000	4320000	44600000	15900	3450000	418000	2340000	965000	1540000	66300000	12000000	3680000	763000	1460000	70600000	745000	5170000	328000	72100	1740000	4480000	522000	131000000	66500000	8450000	42200	54500	1610000	3120000	14100000	14800000	47300000	551	44300000	11800000	47300000	2100000	61800000	4130000	457000	20500000	13200000	5280000	243000	4120	12600000	36400	211000000	63700000	247000	55800000	148000000	5690000	4890000	35400	16300000	3370000	75700	68300000	3220000	208000	154000	137000	6000000	1550000	136000	2020000	141000	15800	433000	1340000	10400	1190000	518000	99200	36700000	2820000	2050000	1780000	3210000	1020000	6590000	11100000	12000	1540000	6150000	840000	6220000	47400	371000	71300	1340000	12300	480000	3510000	9070000	1220000	6750	9740	7680	28300	4100	1080000	19300	1520000	301000	2630	75400000	4370000	259000	26800	23800	12800	5510000	513000	51900	24500	16200	568000	417000	4540000	31700000	801000	5390	527000	17400	21000000	4560000	7090000	2820	12800000	13500	109000000	2980000	96200	4830	38700	17300	89700	15100	19900	29500	1510	330000	CIMBL19	CIMBL19	metabolite_183_known
AMP_metabolite_traits	CIMBL2	Zea	mays cultivar:B73	CIMBL2			29800	828000	30300	305000	1720000	94700	142000	1570000	4540000	32500	3020000	4820000	31700000	8900000	232000	54300000	5090000	6010000	2080000	44600000	420000	13800000	773000	268000	49500	4950000	3070000	141000	1310000	584000	4300000	5980000	76600	820000	1020000	27900	5820000	165000	1520	237000	75000	563000	4050000	52000	4750000	40200000	904000	80200000	3020000	21100	45800000	190000	124000	47500	300000	3940	31200000	244000	1880000	25500000	61700	2820	18600000	259000	5890000	128000	2780000	17900	324000	67300	158000	43900	135000	44700	23100	2030	37600	14200	128000	591000	13000000	5480000	3230000	4350000	11900000	75600	15700	1510000	3090000	1080000	41400	74400	908	2880000	632000	792000	29400	322000	516000	111000	8200000	11700	519	3700	1620000	27300000	245000	3230000	255000	2390000	2940000	419000	10600000	6730000	2520000	871000	7080000	81600000	667000	3270000	223000	221000	2160000	6950000	398000	138000000	8150000	13000000	19800	40600	2060000	1880000	9840000	17200000	2880000	647	66600000	1160000	6520000	589000	14500000	1790000	447000	12800000	4300000	11100000	157000	901	9600000	122000	236000000	10400000	648000	2120000	174000000	5750000	8450000	25600	23200000	3140000	31900	61500000	2170000	108000	220000	130000	994000	1140000	270000	232000	13900	13700	470000	323000	142000	812000	466000	513000	64300000	49600	384000	2640000	1080000	292000	12600000	12400000	1220	5630	2520000	205000	280000	7500	1150000	114000	1040000	24900	1620000	12800000	6850000	4500000	6020	8520	2860	24000	6700	794000	16200	1650000	330000	4010	69200000	4010000	226000	3270	18400	738	1620000	41900	51700	12300	32300	211000	98900	427000	7000000	19800	4340	485000	21300	88300	82500	24100000	497	243000	9560	81700000	3740000	128000	1720	172000	1410	44800	5330	6250	18800	2130	140000	CIMBL2	CIMBL2	metabolite_183_known
AMP_metabolite_traits	CIMBL21	Zea	mays cultivar:B73	CIMBL21			38000	714000	27200	328000	445000	76700	509000	4680000	2780000	97400	4470000	9250000	27200000	5200000	15800	37700000	5530000	7340000	4260000	36200000	637000	18700000	1150000	191000	127000	9430000	4020000	60800	636000	321000	11400000	4770000	13300	1550000	1940000	50500	15700000	263000	229	127000	62000	592000	8710000	25900	1800000	5310000	122000	6580000	1660000	313	2490000	341000	570000	181000	1100000	13700	33100000	42100	1060000	37000000	111000	5070	21700000	79000	552000	107000	814000	267000	580000	193000	238000	3330000	146000	58100	972	1050	70600	8570	103000	378000	14100000	8300000	1440000	7180000	7480000	94700	0	1950000	1150000	400000	38800	816000	166000	485000	1170000	878000	47800	453000	339000	69900	3590000	3990	20300	2110	1470000	39600000	30800	12400000	189000	2030000	2660000	1540000	41100000	8690000	2030000	520000	919000	157000000	645000	2120000	252000	75300	1160000	4850000	614000	135000000	92100000	8660000	137000	62300	4680000	2260000	8210000	17800000	62500000	3080	40400000	4310000	52600000	2610000	56200000	3240000	149000	36800000	9810000	7280000	411000	1750	10300000	453000	215000000	18400000	122000	5770000	174000000	5470000	7280000	52400	25200000	2740000	14400	65100000	2690000	226000	79200	556000	3030000	702000	86800	367000	55100	18700	305000	585000	47400	210000	398000	305000	28900000	671000	179000	1530000	1760000	419000	14800000	15500000	5560	233000	4250000	407000	1510000	56400	198000	160000	2570000	51100	598000	1610000	3910000	902000	2560	17300	3020	15100	2450	702000	16300	1720000	344000	2920	78400000	5290000	165000	5220	13000	3680	1570000	3390000	46400	97900	159000	316000	186000	443000	16900000	51400	17500	503000	58600	1900000	641000	18000000	2050	1520000	4410	116000000	2990000	319000	2210	31200	1690	45200	2550	2890	4750	1510	147000	CIMBL21	CIMBL21	metabolite_183_known
AMP_metabolite_traits	CIMBL22	Zea	mays cultivar:B73	CIMBL22			37000	859000	58300	70400	893000	116000	317000	9170000	1720000	44300	13500000	9940000	19100000	12800000	54400	63200000	10800000	6770000	2550000	43500000	669000	18900000	852000	229000	130000	7610000	3090000	133000	554000	342000	10100000	4220000	563	855000	1290000	318000	9180000	705000	5220	1340000	108000	764000	20700000	22300	12800000	37200000	1920000	40600000	2500000	53600	4010000	250000	268000	4040	331000	1610	59000000	529000	4350000	37900000	193000	16300	8080000	233000	11200000	113000	3370000	11900	186000	117000	461000	29800	27300	26200	16500	354	67700	16800	218000	700000	18400000	5980000	4560000	8680000	17500000	109000	1540	1870000	3150000	1830000	1190000	168000	11200	848000	1790000	1720000	83100	278000	297000	87600	12900000	3430	625	2320	2590000	58000000	138000	3250000	219000	4600000	2980000	1240000	35400000	9990000	4830000	699000	1350000	85100000	939000	5920000	123000	136000	1620000	5280000	523000	131000000	59000000	8910000	3200000	61800	1500000	2030000	17400000	16900000	67900000	4360	53700000	33800000	36300000	20100000	40900000	2200000	830000	30400000	7510000	3390000	28900	1550	3940000	65800	223000000	12500000	719000	14200000	185000000	13600000	16800000	1350000	57900000	834000	53600	64900000	4580000	266000	205000	30300	1330000	1280000	90000	1310000	10800	18100	636000	814000	136000	2110000	551000	696000	42700000	61700	203000	2820000	1030000	414000	4870000	13100000	136000	125000	15000000	149000	8860000	1180000	290000	3850000	784000	42900	391000	2940000	7790000	932000	9390	12800	12200	33400	5370	1320000	24300	2010000	415000	47400	128000000	10200000	543000	45500	65900	4200	481000	110000	236000	21500	21000	370000	704000	1770000	64800000	145000	79200	473000	73300	883000	364000	30300000	1700	904000	8040	117000000	7710000	107000	28200	265000	623	10400	1280	18700	307000	16000	67800	CIMBL22	CIMBL22	metabolite_183_known
AMP_metabolite_traits	CIMBL23	Zea	mays cultivar:B73	CIMBL23			24400	1770000	23000	79500	765000	40600	419000	1430000	3050000	75000	10100000	8320000	15700000	7800000	32700	43200000	7560000	7130000	9680000	39700000	655000	11900000	678000	215000	124000	9260000	3010000	46900	556000	563000	4560000	3080000	48000	627000	1660000	331000	45500000	270000	585	289000	78800	629000	3470000	39600	5460000	19100000	1750000	28900000	3020000	27900	33100000	766000	75600	13700	268000	8610	50100000	105000	4950000	32400000	96700	10400	7140000	155000	2800000	167000	2400000	104000	47500	54300	69100	240000	35900	106000	1540	274	77700	12000	158000	407000	7780000	4200000	2190000	9210000	10400000	91900	1090	1550000	2290000	1310000	1460000	87800	549000	1160000	1140000	1520000	47800	406000	866000	50400	5130000	8550	3650	29500	2320000	53700000	243000	5030000	322000	2550000	1090000	1000000	25000000	6530000	1310000	447000	1600000	43700000	437000	5180000	418000	213000	1870000	5180000	431000	122000000	89900000	20400000	73500	34500	1320000	1660000	12800000	14100000	3720000	285	57600000	12200000	86700000	24500000	74900000	1650000	1490000	55200000	7970000	1160000	57300	3650	2980000	48200	173000000	12300000	72700	10100000	179000000	4860000	14600000	1380000	51900000	3080000	43600	63000000	866000	142000	118000	365000	356000	333000	145000	20700	2210	17900	602000	499000	53100	1000000	1350000	205000	44500000	59900	251000	1140000	1670000	172000	13400000	13100000	12400	521000	5830000	327000	2350000	1590000	219000	3030000	849000	3500	233000	5790000	2260000	1230000	6750	11300	2730	17100	3670	511000	22600	2310000	347000	20000	111000000	7090000	299000	105000	15000	10000	754000	407000	70600	20400	23700	439000	194000	788000	25800000	41900	51900	426000	24300	9420000	936000	18100000	266	4330000	2610	126000000	4240000	395000	60400	31700	2420	51400	4400	9000	304000	36600	222000	CIMBL23	CIMBL23	metabolite_183_known
AMP_metabolite_traits	CIMBL25	Zea	mays cultivar:B73	CIMBL25			36000	1060000	42500	447000	1070000	29100	448000	1680000	540000	34800	10700000	12600000	38600000	6620000	60800	38400000	7610000	8770000	2350000	37900000	467000	13700000	527000	137000	197000	6370000	2360000	82600	904000	239000	3480000	3090000	37200	594000	743000	351000	62300000	130000	15100	432000	66200	906000	24200000	7190	5620000	15900000	740000	16900000	1800000	6820	23000000	869000	71000	177000	393000	17100	48500000	162000	1310000	48700000	166000	12100	7460000	118000	3920000	152000	1310000	200000	392000	13800	48000	42500	277000	54800	84700	725	74700	12500	255000	408000	10200000	4540000	1550000	9710000	26500000	184000	1410	1490000	1700000	727000	31400	85200	277000	900000	922000	1450000	59800	424000	670000	55200	7620000	7440	52000	30900	1930000	69100000	112000	3310000	94700	4650000	1630000	986000	25100000	7000000	4020000	559000	2510000	34800000	286000	5580000	194000	129000	1380000	2110000	396000	107000000	88200000	7130000	405000	34600	2810000	1440000	11300000	12800000	51700000	4260	42500000	5390000	52500000	1810000	50200000	2160000	310000	31000000	9140000	24600000	785000	2700	19400000	544000	211000000	21000000	571000	3350000	170000000	15100000	11200000	189000	40900000	903000	138000	62700000	2050000	187000	194000	357000	3720000	243000	222000	692000	2470	20500	637000	531000	106000	240000	536000	673000	57400000	19200	625000	762000	1420000	136000	8510000	15300000	7300	178000	11600000	1030000	1810000	43600	281000	146000	1500000	120000	613000	10400000	4390000	2070000	3930	14500	4950	36700	7530	385000	24500	2300000	494000	7740	92100000	7980000	137000	12800	22100	3050	2810000	130000	54300	16400	32900	361000	371000	1720000	47700000	53300	11000	423000	118000	2470000	1750000	20700000	2980	2750000	52300	93900000	3060000	213000	1420	460000	4700	20600	27200	14800	9430	2650	342000	CIMBL25	CIMBL25	metabolite_183_known
AMP_metabolite_traits	CIMBL27	Zea	mays cultivar:B73	CIMBL27			39500	643000	27500	293000	540000	116000	165000	1690000	5780000	258000	15600000	9530000	20500000	14300000	35600	38400000	9680000	6170000	4630000	39800000	1740000	10900000	1940000	147000	116000	12000000	3780000	170000	1610000	292000	5300000	10800000	174000	1430000	611000	42000	47900000	671000	10400	504000	43900	493000	12400000	66200	638000	16500000	485000	25300000	1800000	6010	26700000	360000	1200000	234000	826000	89000	38200000	1300000	4200000	38600000	148000	10600	18000000	180000	2810000	151000	1910000	22400	358000	31900	169000	217000	113000	44700	25800	2240	40600	9330	248000	434000	8450000	3730000	2700000	8560000	31800000	85000	2670	2780000	2180000	1230000	6420	13700	685000	1300000	996000	765000	32100	894000	267000	66700	9650000	45000	11400	17400	4040000	55700000	3230000	1750000	2420000	4780000	512000	923000	25800000	7340000	11700000	790000	3440000	72000000	294000	12000000	88400	135000	2500000	1900000	377000	147000000	21000000	9950000	340000	49900	728000	791000	7790000	9810000	981000	2470	70300000	1500000	438000	61700	468000	2000000	4850	11600000	9440000	36800000	243000	3250	16400000	4180000	228000000	14500000	2180000	3530000	145000000	7450000	8720000	75500	25300000	1150000	136000	60400000	935000	151000	129000	128000	2220000	548000	182000	108000	5000	14700	383000	322000	77900	909000	280000	653000	60200000	42500	247000	1210000	1520000	186000	4450000	15400000	372000	34600	4120000	613000	1220000	4030	208000	123000	88900	398	730000	4420000	2690000	2090000	7440	14100	52400	28700	12700	535000	51100	881000	195000	12300	56600000	3860000	197000	7700	25300	25200	1310000	13500	53000	44400	51800	329000	150000	1260000	16300000	32600	230000	419000	127000	83900	388000	30800000	4010	159000	13500	117000000	3920000	101000	3620	8270000	2910	13300	30500	12700	9570	5370	246000	CIMBL27	CIMBL27	metabolite_183_known
AMP_metabolite_traits	CIMBL28	Zea	mays cultivar:B73	CIMBL28			47000	675000	24500	386000	519000	65100	421000	1620000	2760000	60800	3630000	10400000	22200000	9590000	49700	42200000	8830000	7220000	2170000	39500000	663000	15000000	1390000	140000	161000	10300000	6320000	181000	1600000	345000	5200000	4680000	19200	1380000	658000	42200	2700000	292000	1790	429000	72600	440000	1810000	21800	1390000	10800000	257000	27800000	1360000	4970	10200000	508000	569000	148000	497000	15200	42500000	787000	1310000	31000000	87000	28700	19500000	108000	1780000	171000	1180000	280000	660000	77400	320000	201000	237000	43600	30800	637	43500	9590	281000	500000	9710000	5430000	1580000	10200000	24800000	78400	4910	1280000	757000	351000	8070	2410	72000	1520000	1200000	1140000	56200	717000	244000	29000	6960000	10700	2880	4260	1790000	67300000	599000	8410000	447000	6680000	2180000	586000	15000000	9170000	3810000	684000	5220000	43200000	285000	4410000	167000	124000	1800000	2300000	485000	109000000	3350000	16800000	71900	30300	1790000	1490000	5860000	15200000	343000	11500	61700000	1430000	1330000	126000	1470000	1390000	6430	10400000	9210000	27600000	339000	5790	22300000	943000	208000000	38100000	1540000	3020000	141000000	5730000	6860000	209000	24700000	586000	79900	64100000	1420000	109000	173000	320000	1410000	617000	146000	362000	533000	18600	136000	310000	73900	407000	190000	1720000	56400000	81700	443000	2060000	1450000	170000	8980000	14800000	13700	8290	2440000	564000	430000	5500	143000	314000	14400	118000	536000	4170000	2770000	2850000	5940	14400	5840	27500	6790	95900	41500	914000	184000	5320	74500000	4830000	158000	18600	45000	3010	1480000	133000	39400	48200	56400	344000	95700	1100000	7540000	27800	52400	366000	62900	34600	46500	22600000	2500	54900	2740	98700000	3150000	167000	5200	3020000	3310	10700	20300	13100	14600	6650	523000	CIMBL28	CIMBL28	metabolite_183_known
AMP_metabolite_traits	CIMBL29	Zea	mays cultivar:B73	CIMBL29			15900	1200000	45800	292000	786000	117000	462000	1750000	2920000	133000	7200000	12600000	35800000	13700000	155000	71100000	9470000	6950000	1730000	28400000	784000	13900000	1210000	215000	89100	12400000	4100000	110000	1050000	332000	6370000	12900000	897	1050000	1040000	71000	40200000	638000	2850	259000	64900	452000	4500000	34700	3210000	11800000	410000	25400000	2630000	50600	4040000	404000	240000	21300	199000	6050	48000000	1790000	1700000	37600000	100000	17400	20300000	186000	1120000	128000	2160000	6640	359000	81200	282000	192000	130000	44700	40800	1020	48200	9500	103000	894000	9940000	4950000	3490000	7890000	10200000	58500	3320	2270000	5420000	1720000	847000	119000	197000	1440000	1560000	1080000	54600	129000	647000	90700	466000000	16100	10800	2700	1220000	46100000	692000	5470000	510000	3890000	3360000	640000	29700000	9260000	3040000	588000	2410000	55100000	1030000	12300000	131000	97200	1540000	3920000	458000	130000000	89900000	8550000	358000	32900	1970000	1580000	11400000	13900000	8010000	10700	64800000	8020000	29800000	1370000	52400000	2530000	2560000	24000000	6480000	7140000	87500	4730	4830000	23700	258000000	6140000	4390000	9540000	183000000	4100000	8120000	5580000	29800000	269000	91200	58600000	1590000	286000	208000	18300	2880000	728000	311000	7780000	1370000	10700	462000	634000	89700	1280000	491000	1290000	44600000	159000	475000	2260000	858000	110000	17000000	13400000	13600	22800	17500000	553000	3640000	70000	284000	2770000	978000	447000	615000	2540000	2540000	2240000	7120	6210	5420	19700	5240	295000	36500	1360000	263000	564000	102000000	7130000	320000	1170000	29200	5380	1910000	70800	439000	76200	83200	349000	640000	740000	57700000	44500	65300	529000	59200	362000	329000	19700000	1850	822000	6160	102000000	7420000	335000	90500	1660000	14700	15900	5750	13800	470000	17200	615000	CIMBL29	CIMBL29	metabolite_183_known
AMP_metabolite_traits	CIMBL3	Zea	mays cultivar:B73	CIMBL3			35200	1080000	28800	47200	794000	135000	556000	2870000	1840000	129000	7380000	6730000	45700000	9190000	58500	56000000	10300000	6840000	1710000	34200000	1020000	11200000	806000	175000	84300	5740000	1780000	71300	441000	427000	9610000	2070000	188000	651000	1600000	36700	60200000	297000	5210	628000	97100	542000	1540000	14900	18300000	64500000	9780000	58300000	3550000	35900	47500000	251000	20400	14600	104000	9820	34500000	242000	2720000	32700000	88300	5080	16600000	53500	3390000	118000	1070000	96400	425000	36200	58600	205000	31900	19900	16600	0	64800	20900	68200	765000	10200000	3740000	2440000	5970000	11900000	62100	2600	1630000	2220000	1070000	48500	168000	68100	1830000	1230000	1040000	57200	383000	459000	67200	6260000	14800	5640	13800	2640000	40300000	116000	4580000	668000	1560000	1200000	678000	25300000	12500000	2810000	651000	1260000	53400000	585000	4180000	80100	145000	2210000	5030000	479000	113000000	3170000	8570000	356000	16100	12100000	10000000	11400000	16500000	579000	1270	55800000	5840000	179000	55600	207000	3200000	16700	6290000	11100000	6360000	29800	2090	6450000	330000	209000000	9060000	80600	1670000	174000000	18800000	21400000	25500	73600000	757000	84200	61400000	1850000	260000	206000	150000	1350000	498000	149000	5430000	9250000	19100	534000	510000	50600	699000	269000	130000	43700000	433000	232000	2480000	1510000	354000	10400000	22300000	17900	9030	9190000	599000	7010000	2190	491000	84000	1040000	75000	740000	7490000	8610000	1180000	18300	8910	4420	43900	11400	164000	21200	2430000	432000	3240	110000000	8340000	159000	6780	40700	3430	86100	66200	39700	7470	6970	203000	697000	3260000	40300000	18900	10200	473000	16500	50100	56500	31900000	696	285000	3830	112000000	2970000	129000	2360	31400	424	4830	3000	8100	7910	1600	279000	CIMBL3	CIMBL3	metabolite_183_known
AMP_metabolite_traits	CIMBL32	Zea	mays cultivar:B73	CIMBL32			23300	680000	63400	112000	926000	139000	199000	2000000	2810000	51500	2110000	5770000	35700000	6140000	64700	39600000	4570000	3150000	2430000	29800000	313000	8370000	685000	179000	204000	15600000	2270000	80500	483000	607000	3090000	2780000	72000	596000	1180000	26800	14100000	380000	0	111000	58600	307000	22800000	27800	3580000	3900000	1000000	5720000	1620000	1770	15500000	137000	94000	9060	182000	20900	19000000	1020000	5590000	18200000	67100	4910	13700000	90900	2740000	150000	1160000	98700	494000	68100	189000	19800	29000	14000	51700	352	21400	21700	184000	388000	8430000	3530000	2510000	6600000	17600000	31000	5630	1970000	1740000	1280000	8090	142000	150000	2130000	917000	461000	15500	773000	726000	68800	8130000	4410	1290	14800	1100000	52800000	283000	10100000	972000	910000	936000	807000	38700000	8270000	1880000	523000	2560000	37400000	296000	3800000	228000	167000	1170000	4770000	378000	142000000	58100000	12200000	30700	15100	825000	1240000	10200000	13000000	67000000	1230	64900000	8030000	37500000	3900000	59100000	3940000	248000	56000000	3810000	4730000	56900	2110	6090000	326000	213000000	11500000	3030000	22700000	172000000	9570000	12000000	12000	42400000	3540000	20400	62900000	2380000	135000	157000	318000	1970000	557000	113000	117000	3240	17300	350000	563000	98900	92800	1300000	223000	41100000	9380	239000	764000	1490000	237000	7150000	23000000	3440	472000	10200000	137000	2680000	37600	194000	76800	1060000	735000	583000	3320000	3950000	2550000	4230	11600	11200	27300	4550	232000	9200	1080000	200000	1320	81500000	5180000	139000	1150	88600	2730	3140000	240000	41500	12400	13200	427000	328000	1080000	34500000	70500	4120	446000	9920	3970000	1200000	17700000	2490	2330000	4700	105000000	2920000	355000	1900	738000	3360	24800	3170	12900	5110	1810	583000	CIMBL32	CIMBL32	metabolite_183_known
AMP_metabolite_traits	CIMBL38	Zea	mays cultivar:B73	CIMBL38			49200	439000	26500	96400	572000	31300	1020000	2020000	1860000	87100	7380000	8020000	19500000	5290000	21100	65000000	7530000	6450000	1120000	54900000	1000000	18500000	1470000	263000	221000	3580000	2210000	118000	698000	897000	4510000	3430000	213000	963000	900000	58100	29700000	579000	1410	655000	113000	566000	6710000	28400	3400000	19700000	1450000	33300000	1530000	18700	35400000	175000	385000	19100	234000	7290	46400000	2940000	4630000	38000000	119000	65900	24800000	119000	4990000	139000	1280000	395000	1630000	90000	371000	20000	48900	15400	3590	334	46100	34600	79500	759000	13500000	5680000	2380000	9280000	17400000	82800	129	2000000	1990000	2350000	80700	154000	33400	2080000	1400000	1270000	30300	703000	1170000	105000	8310000	15700	2530	17300	3560000	104000000	1830000	1160000	209000	3670000	3240000	936000	10600000	5660000	1930000	436000	1890000	27400000	723000	5850000	683000	161000	2010000	3920000	437000	132000000	92400000	7740000	65700	25700	1760000	1700000	11000000	15500000	18600000	279	61600000	3770000	55200000	12700000	31900000	2080000	244000	50800000	6540000	20700000	54200	1400	10700000	39700	209000000	11000000	2260000	11400000	174000000	8950000	16000000	33700	54900000	8560000	107000	56600000	2620000	203000	224000	388000	3020000	1100000	83200	1290000	4700	23600	231000	573000	180000	244000	7060000	252000	42800000	6150	263000	1060000	914000	208000	9080000	18000000	8940	611000	3600000	452000	3250000	206000	296000	276000	1170000	148000	1060000	5960000	1410000	6320000	8080	14000	3010	87600	22700	380000	17600	1590000	260000	3800	95600000	5990000	201000	18900	52600	8920	2840000	585000	42800	6610	10200	392000	181000	1310000	13100000	73800	9780	455000	31400	3290000	1680000	26700000	826	2140000	6980	115000000	3170000	212000	1850	2260000	3380	40600	6700	62200	140000	25800	695000	CIMBL38	CIMBL38	metabolite_183_known
AMP_metabolite_traits	CIMBL4	Zea	mays cultivar:B73	CIMBL4			32200	480000	25200	144000	568000	139000	1470000	1220000	1880000	35200	4560000	9420000	33300000	5530000	65800	37400000	5440000	8370000	836000	39900000	572000	14500000	731000	417000	168000	10300000	2250000	139000	475000	1130000	3420000	1320000	32600	567000	810000	52700	63900000	691000	4300	126000	95300	640000	16700000	28500	7920000	5970000	847000	6460000	2270000	2470	20100000	189000	20400	26500	58700	17300	44800000	493000	4670000	43400000	160000	14800	15400000	95200	1720000	149000	1110000	91500	715000	87700	85000	109000	37100	60000	18400	690	73400	31400	72900	511000	9670000	4180000	3190000	6010000	16300000	77900	4680	2020000	3990000	3220000	22900	68400	143000	3060000	888000	1070000	50900	126000	883000	148000	9560000	26100	4250	20500	711000	46500000	172000	5070000	429000	3380000	1410000	504000	31400000	7590000	2050000	511000	1840000	52300000	804000	1320000	220000	215000	1750000	7090000	279000	101000000	85100000	20400000	28100	27600	1470000	1550000	8680000	13400000	10300000	1260	61400000	3810000	21400000	2510000	26500000	2840000	39100	61200000	3900000	6580000	69500	3340	4820000	28100	186000000	8020000	1190000	5430000	151000000	4020000	7690000	139000	27700000	6050000	26900	67300000	975000	116000	179000	365000	8960000	292000	140000	2350000	4280	12000	291000	415000	132000	1560000	940000	185000	63700000	222000	216000	2040000	1060000	91800	10500000	22800000	4780	370000	5700000	258000	3390000	18100	146000	188000	1350000	190000	896000	4020000	2160000	3570000	5970	7780	5940	24600	4060	183000	14000	1110000	201000	3620	58400000	3710000	172000	20400	15600	5470	2120000	182000	48500	9190	11100	396000	629000	696000	23200000	47600	8750	459000	30200	1040000	321000	18900000	2350	1930000	2740	103000000	3220000	372000	1620	1060000	10000	71800	7080	5840	29300	7820	228000	CIMBL4	CIMBL4	metabolite_183_known
AMP_metabolite_traits	CIMBL40	Zea	mays cultivar:B73	CIMBL40			36700	850000	175000	280000	642000	123000	215000	5510000	2490000	50100	6480000	8760000	34300000	6890000	101000	38600000	6960000	5880000	1690000	33700000	947000	14200000	1440000	255000	275000	12600000	2960000	87600	290000	358000	5150000	3500000	44500	769000	1290000	26900	59900000	381000	6720	623000	86700	563000	6840000	18200	5970000	2050000	228000	4360000	2540000	12400	19900000	214000	4270	77000	36000	14100	31600000	62000	9900000	24200000	276000	36900	14100000	49500	726000	90300	540000	66500	498000	52300	211000	686000	104000	11800	30900	385	86400	66700	209000	447000	8070000	3440000	2110000	9560000	13900000	94600	24100	2170000	1400000	1280000	35600	125000	109000	480000	1060000	597000	24500	1560000	460000	74100	4170000	11200	5030	34700	1530000	62500000	17300	4210000	269000	2430000	446000	1010000	37100000	5320000	2020000	556000	1280000	49100000	960000	6620000	497000	98400	1920000	4830000	566000	159000000	90200000	6570000	82500	33600	4680000	6070000	15400000	14000000	16600000	1920	70600000	4950000	16300000	1530000	36000000	3070000	473000	55000000	6020000	2580000	368000	12500	3450000	162000	180000000	9680000	667000	26600000	174000000	8940000	14900000	186000	54800000	702000	124000	66000000	3670000	162000	203000	353000	2140000	616000	246000	1340000	283000	22800	736000	410000	165000	907000	282000	851000	34800000	697000	324000	1730000	1190000	192000	10500000	15400000	11900	164000	5870000	669000	3100000	31800	199000	170000	1750000	228000	368000	11600000	2650000	900000	13500	8590	11300	47800	9160	433000	35000	1680000	277000	11400	104000000	7190000	345000	31800	134000	2550	2330000	325000	43000	131000	84600	559000	304000	1610000	22300000	85500	8820	304000	24200	1970000	1450000	19900000	1380	2080000	7620	99000000	3220000	338000	46000	233000	3300	27000	12100	210000	44000	1820	1010000	CIMBL40	CIMBL40	metabolite_183_known
AMP_metabolite_traits	CIMBL42	Zea	mays cultivar:B73	CIMBL42			35700	819000	77400	312000	333000	276000	176000	4560000	4120000	94100	5900000	9100000	20700000	3530000	69200	53700000	4280000	6550000	8140000	44400000	857000	22800000	1050000	353000	104000	14700000	3450000	108000	419000	1020000	7140000	18100000	49500	1410000	1020000	60800	40600000	441000	11200	988000	88300	595000	48200000	44400	6580000	21400000	1630000	22300000	2840000	9380	12800000	381000	645000	9210	1550000	6610	35700000	54000	11900000	25900000	78300	23700	18800000	207000	4700000	143000	1780000	63900	1330000	89000	205000	185000	121000	25500	19300	712	65300	17800	117000	720000	29900000	10300000	4180000	6890000	14800000	75900	11900	2620000	1060000	1090000	43200	116000	23300	1870000	1130000	749000	26200	393000	1310000	74300	3780000	11000	24200	16300	2180000	48700000	15200	3710000	437000	14900000	886000	612000	41800000	6980000	1660000	487000	1190000	48500000	380000	35600000	704000	107000	2320000	4980000	315000	150000000	47400000	13400000	276000	35700	3550000	2030000	9770000	13700000	27800000	12200	88100000	1680000	6040000	963000	16600000	2920000	60200	13700000	6370000	26200000	55300	14000	31000000	78300	197000000	37000000	149000	21200000	165000000	3500000	10400000	792000	28500000	2060000	88700	63500000	1050000	118000	207000	435000	8970000	532000	193000	492000	11700	16600	570000	241000	114000	480000	296000	898000	59300000	187000	169000	1620000	3430000	331000	9990000	18600000	10800	59700	2700000	202000	1150000	17200	709000	264000	552000	41900	415000	2500000	6560000	2190000	14700	11400	2170	19100	5770	157000	15000	1420000	253000	81200	62700000	3570000	270000	17100	20200	1460	3050000	30900	153000	16500	5790	594000	165000	652000	10500000	25500	9650	507000	56700	2300000	927000	21200000	4270	4240000	18400	122000000	5330000	247000	18100	84600	16300	51900	3880	5920	41800	1370	177000	CIMBL42	CIMBL42	metabolite_183_known
AMP_metabolite_traits	CIMBL43	Zea	mays cultivar:B73	CIMBL43			117000	938000	89700	241000	508000	28100	835000	17000000	2660000	95500	7810000	25400000	18900000	17600000	484000	140000000	22700000	8630000	2670000	33500000	709000	24000000	1510000	87000	563000	10300000	3510000	406000	859000	274000	20300000	4590000	45700	1250000	1440000	223000	60000000	166000	4150	2050000	112000	525000	2030000	23700	2760000	12900000	228000	32400000	2770000	5560	24500000	1270000	116000	17200	322000	67700	60100000	7710	1450000	58600000	317000	133	9930000	127000	225000	75700	956000	168000	642000	33000	177000	99100	106000	61100	171000	55700	62800	6160	33100	2420000	38300000	12700000	1310000	5760000	31800000	106000	64500	1560000	1620000	564000	4330	128000	131000	1170000	1310000	2130000	198000	1190000	415000	24600	11000000	6850	2170	134000	2140000	77000000	3490	4790000	735000	7340000	1230000	1570000	62400000	29500000	2910000	2220000	2630000	157000000	562000	4520000	151000	72100	2540000	5470000	367000	147000000	46300000	10400000	15000	9470	13600000	17600000	11600000	13200000	3840000	1620	43400000	5410000	5620000	516000	32200000	2690000	192000	6390000	13200000	1460000	33700	2750	3270000	1180000	227000000	14100000	51800	1900000	182000000	22400000	8310000	28200	27800000	4030000	12800	58900000	1560000	109000	87900	267000	11300000	447000	301000	417000	4350	23300	292000	1650000	83100	187000	279000	116000	71500000	165000	1620000	1430000	1210000	448000	6320000	10600000	2170	140000	4460000	1430000	810000	14700	473000	71300	1330000	924	1370000	3180000	11200000	2070000	4520	15400	2480	22500	3900	353000	14500	1790000	585000	1580	95700000	10300000	135000	1760	19200	3670	1890000	1480000	45500	45200	19700	282000	193000	146000	22600000	33600	6430	321000	4620	2570000	382000	16900000	374	2470000	33200	125000000	2800000	145000	1230	12400	838	34000	2730	9010	5860	2040	143000	CIMBL43	CIMBL43	metabolite_183_known
AMP_metabolite_traits	CIMBL46	Zea	mays cultivar:B73	CIMBL46			6100	655000	22600	201000	692000	21600	100000	1110000	4140000	155000	3070000	1170000	12200000	4180000	122000	25000000	2220000	2760000	3160000	17600000	218000	7400000	660000	144000	159000	15800000	2100000	43000	339000	571000	2180000	2890000	1920	200000	794000	94000	13300000	75700	55900	70000	25400	226000	1520000	63900	982000	5720000	57200	4470000	2180000	4810	12500000	42300	860000	69100	512000	10000	8280000	1230000	2820000	8410000	50100	5510	5190000	44800	412000	77200	1060000	53800	138000	40300	69200	93400	82800	6940	130000	474	14300	3190	168000	321000	3920000	2280000	1460000	4390000	17000000	31800	19200	1420000	602000	587000	81500	6620	117000	707000	687000	175000	4210	552000	420000	19000	1030000	122000	32300	10700	913000	46000000	1650000	8750000	460000	397000	1200000	262000	10600000	13300000	2580000	561000	2170000	75800000	282000	4930000	142000	166000	1280000	3370000	333000	100000000	11100000	8110000	614000	89200	1210000	1470000	7640000	15100000	977000	3330	64200000	2750000	510000	120000	588000	3440000	13900	15600000	2290000	46000000	518000	1870	36300000	375000	197000000	32600000	4690000	6710000	123000000	9270000	8030000	89100	25200000	312000	28200	62900000	4670000	960000	180000	467000	1530000	647000	136000	3590000	33000	18000	136000	418000	57100	641000	266000	1780000	64600000	74700	421000	976000	3450000	286000	14300000	20900000	27600	5620	3210000	544000	1210000	2280	491000	284000	75900	65500	327000	3710000	3330000	1500000	3750	11100	5110	18500	2780	828000	15300	912000	195000	9790	40200000	2670000	171000	23300	26700	9940	350000	15400	49900	9220	11800	383000	190000	1030000	8220000	9510	32900	528000	283000	25100	36600	33200000	2810	94000	5980	65800000	3080000	206000	944	3610000	1130	61000	3250	7980	89600	14200	566000	CIMBL46	CIMBL46	metabolite_183_known
AMP_metabolite_traits	CIMBL47	Zea	mays cultivar:B73	CIMBL47			50500	876000	44300	12300	1250000	157000	443000	1930000	3860000	125000	3480000	26600000	24100000	7230000	8300	57200000	5880000	7340000	7510000	30100000	350000	11100000	417000	237000	79000	3170000	3050000	177000	1170000	804000	6910000	2080000	70600	767000	446000	298000	18700000	100000	21000	81800	123000	430000	18100000	45400	1490000	3410000	553000	5700000	1730000	23400	10500000	635000	191000	25900	726000	54100	63400000	275000	2240000	34600000	140000	1070	7920000	77200	2710000	183000	1210000	81600	357000	202000	592000	178000	10500	14800	96	179	50100	12600	116000	588000	6850000	4030000	2510000	8890000	14500000	79700	609	1870000	2330000	801000	61900	87700	74700	762000	1220000	1670000	152000	264000	453000	43500	7040000	216000	17500	5940	1900000	40600000	38900	5300000	152000	2460000	1890000	412000	14300000	11400000	2730000	565000	2810000	51700000	183000	1640000	147000	242000	1520000	1980000	238000	115000000	29600000	21600000	1270000	59300	2100000	1510000	6670000	17900000	3960000	140000	56400000	1460000	3120000	938000	5720000	2990000	104000	10800000	4780000	18800000	162000	151000	25900000	452000	186000000	35300000	1380000	8170000	163000000	14100000	5220000	183000	17800000	2800000	28800	68300000	1640000	87100	151000	132000	4980000	4880000	224000	1030000	7490000	8700	172000	418000	289000	495000	383000	381000	51500000	248000	180000	1310000	3040000	199000	11900000	16400000	17000	11900	3440000	429000	487000	10700	307000	104000	949000	316000	944000	14800000	4940000	1460000	8630	9240	10200	34900	6550	240000	32400	1300000	499000	10700	55300000	4540000	181000	25800	14900	7760	4010000	25900	43400	11600	16400	365000	118000	842000	10000000	16900	20700	623000	114000	267000	859000	19100000	2340	1140000	1320	101000000	2850000	416000	18200	261000	67000	33500	6530	12900	40100	8820	1020000	CIMBL47	CIMBL47	metabolite_183_known
AMP_metabolite_traits	CIMBL48	Zea	mays cultivar:B73	CIMBL48			137000	1220000	54600	287000	819000	113000	879000	1720000	3080000	24700	1020000	12300000	37900000	6300000	28900	74300000	7200000	8360000	3590000	36700000	604000	15400000	844000	260000	211000	5750000	3920000	403000	1490000	292000	4820000	2200000	32400	1020000	542000	29500	440000	260000	2530	315000	84700	435000	8230000	30800	1920000	12400000	1520000	31300000	2800000	22500	2670000	261000	280000	160000	562000	111000	37700000	66500	3040000	43800000	179000	9040	20700000	176000	1880000	101000	2440000	5230	405000	132000	430000	60000	117000	32300	1440	439	60300	52500	33300	896000	9170000	3750000	2870000	4960000	32600000	69000	3130	1660000	2450000	921000	83500	50500	29800	1160000	1010000	1140000	88400	287000	355000	59500	13700000	8980	14400	10900	4990000	60300000	22100	9540000	759000	2910000	2300000	679000	33000000	8740000	1740000	585000	2780000	41100000	295000	1900000	95100	210000	1880000	2600000	348000	135000000	13800000	10400000	35000	29500	4250000	2370000	11900000	15100000	3440000	1030	58800000	1740000	3960000	246000	11600000	2500000	84300	12400000	4400000	11100000	970000	6200	14100000	350000	243000000	16500000	611000	4070000	165000000	6300000	9190000	199000	28200000	894000	36500	55300000	1680000	85600	120000	73400	3200000	1340000	174000	121000	14000	17300	433000	198000	194000	934000	326000	227000	65900000	80800	207000	1030000	1910000	222000	15100000	15100000	4280	69000	1930000	257000	668000	10400	354000	106000	596000	219000	334000	4970000	6000000	1590000	9030	9550	2990	27600	6240	133000	33000	1010000	205000	6430	66900000	4470000	284000	16700	24500	3920	1840000	520000	67400	17600	4870	300000	81000	1180000	6800000	20600	4440	483000	24000	1840000	1070000	18400000	1150	1070000	2060	122000000	3930000	221000	6840	98100	2320	24000	3640	18400	16300	2310	643000	CIMBL48	CIMBL48	metabolite_183_known
AMP_metabolite_traits	CIMBL49	Zea	mays cultivar:B73	CIMBL49			39200	643000	35700	230000	540000	139000	503000	1150000	3880000	63000	5680000	7350000	33400000	5050000	290000	53000000	8650000	6430000	1740000	37900000	520000	11700000	754000	551000	283000	14700000	2200000	161000	602000	1340000	3400000	5570000	16900	956000	1570000	51600	28000000	1010000	702	261000	105000	596000	13000000	61900	2660000	21100000	2040000	19800000	1570000	19400	21900000	827000	164000	31000	82200	1030	48300000	3340000	6920000	46100000	137000	23100	18500000	94300	10700000	85400	589000	29100	519000	31000	150000	81400	108000	33500	101000	333	38900	34700	61800	549000	15500000	5630000	3330000	8180000	17200000	61600	51400	2520000	955000	536000	130000	81100	283000	1470000	737000	1220000	39300	1190000	1090000	88400	3660000	6060	1480	18500	1290000	82800000	816000	2990000	1030000	4950000	3530000	2510000	43200000	8460000	3290000	1170000	1510000	49600000	1040000	12900000	1060000	120000	1790000	3680000	489000	121000000	77400000	8570000	119000	33200	6130000	4270000	18500000	13500000	25400000	1500	55500000	12300000	31000000	20400000	36800000	4210000	1920000	49700000	36400000	2100000	107000	1700	2240000	33000	217000000	3990000	1410000	25100000	188000000	4560000	9510000	716000	32800000	420000	59200	61100000	2430000	226000	155000	14200	2450000	214000	149000	2340000	68900	22700	674000	1790000	92600	335000	806000	644000	57100000	241000	296000	1250000	474000	684000	11600000	19500000	13900	1430000	8830000	208000	4650000	890000	263000	576000	704000	221000	778000	1880000	5290000	3650000	4380	12400	4700	29800	6480	653000	16500	2310000	431000	75100	132000000	10900000	190000	69000	16300	1640	4660000	335000	62000	19000	14700	1320000	649000	711000	53000000	465000	20600	406000	26400	5250000	752000	13600000	2970	2850000	29900	138000000	4580000	515000	8810	511000	268	66000	5510	9890	87700	3120	1190000	CIMBL49	CIMBL49	metabolite_183_known
AMP_metabolite_traits	CIMBL5	Zea	mays cultivar:B73	CIMBL5			44000	713000	33800	18400	1970000	25300	288000	2050000	936000	137000	7390000	11300000	40500000	10800000	52700	38700000	9580000	8450000	2970000	35600000	641000	11100000	1040000	101000	134000	16900000	4470000	47700	365000	283000	6460000	3720000	12800	442000	1660000	52000	32200000	269000	445	133000	95200	634000	6630000	15800	4070000	491000	125000	3220000	1300000	4290	10500000	373000	6530	56600	100000	11300	50900000	137000	4670000	35600000	0	2630	21900000	182000	751000	136000	1600000	140000	219000	48000	88800	814000	13900	28200	4840	881	59500	11100	94200	392000	9950000	4720000	2150000	3880000	8940000	94000	3320	2730000	1470000	945000	5270	50200	24700	884000	1390000	1380000	57600	251000	885000	52700	3020000	15700	2320	2650	2090000	57100000	83600	6680000	178000	1090000	920000	256000	13400000	10100000	2270000	550000	1700000	68100000	364000	3530000	83800	132000	1140000	7520000	351000	105000000	3860000	7250000	31500	11400	947000	1190000	12000000	14600000	3030000	894	37200000	1320000	376000	176000	595000	1560000	12600	3000000	6110000	713000	93300	1190	1830000	516000	223000000	5260000	103000	1910000	184000000	3920000	10000000	8210	35900000	110000	13200	66900000	3140000	108000	159000	446000	1020000	916000	45300	14800	2320	10400	498000	224000	68400	129000	301000	190000	52600000	414000	140000	1930000	863000	70600	3230000	15200000	5440	4140	2630000	211000	791000	4320	260000	71300	1090000	116000	664000	5850000	2160000	1190000	3500	9920	2890	18200	3040	114000	16500	1390000	293000	1060	104000000	7260000	119000	1140	17600	765	505000	12600	41100	40000	89200	307000	179000	385000	6590000	27700	3620	358000	17300	43100	253000	16300000	1230	175000	1970	59700000	2840000	27000	2280	22100	2410	5850	5870	5890	2280	1200	4360	CIMBL5	CIMBL5	metabolite_183_known
AMP_metabolite_traits	CIMBL50	Zea	mays cultivar:B73	CIMBL50			86100	1260000	70900	268000	657000	118000	212000	1670000	5820000	284000	1060000	4740000	30300000	9040000	27500	77500000	8810000	2980000	3510000	41700000	401000	15700000	704000	197000	58000	15800000	3850000	209000	1350000	329000	6600000	3220000	2600	1430000	568000	284000	3630000	150000	1810	658000	95500	698000	2150000	60300	1220000	7530000	796000	8240000	2080000	2010	17600000	78900	677000	18000	257000	5300	23000000	1700000	1300000	17700000	55200	3430	5650000	58800	502000	103000	971000	25500	389000	142000	263000	72400	102000	21800	360	589	76300	33700	10700	832000	10400000	4700000	1430000	6880000	23000000	110000	1100	1640000	1080000	415000	3060000	202000	192000	858000	1290000	655000	31000	321000	324000	43900	4120000	12600	3930	9390	3600000	33100000	3570000	8240000	210000	3840000	3680000	212000	45400000	11700000	3380000	965000	5860000	46600000	704000	5460000	143000	243000	3700000	3530000	798000	162000000	13000000	5650000	70100	25700	5930000	7800000	18500000	17400000	3110000	1280	74900000	6460000	827000	175000	1470000	4670000	32300	20400000	3060000	26600000	131000	3600	11600000	38600	203000000	20600000	11700000	4630000	166000000	4300000	7150000	1470000	26100000	676000	23100	63100000	1730000	134000	339000	80600	2850000	1660000	508000	84800	12000	18200	1460000	532000	168000	742000	448000	895000	52000000	108000	198000	2160000	1590000	563000	17000000	17100000	7260	43700	6310000	230000	1900000	1520	589000	1760000	1740000	218000	24600	18200000	15000000	4260000	9950	9020	2750	21000	4360	332000	18700	1170000	250000	15900	75000000	5240000	185000	38300	18200	1220	663000	40000	75400	8140	4720	324000	581000	1470000	28900000	51000	9090	419000	14100	618000	202000	21400000	1060	1990000	9110	21000000	3570000	432000	56900	24800000	5980	6340	3000	4840	71800	16700	1710000	CIMBL50	CIMBL50	metabolite_183_known
AMP_metabolite_traits	CIMBL51	Zea	mays cultivar:B73	CIMBL51			41700	648000	33900	87800	873000	51800	461000	1510000	2930000	53700	9770000	5540000	38400000	5470000	186000	34400000	4000000	7100000	3550000	37100000	589000	10500000	714000	262000	228000	19100000	2350000	93000	311000	418000	3920000	1330000	25800	877000	1330000	42300	42700000	906000	1540	283000	84500	473000	17400000	59600	3390000	11300000	1160000	22500000	2010000	151000	2390000	265000	604000	38600	442000	5830	43200000	697000	6020000	37800000	107000	6470	18500000	25100	9950000	115000	269000	247000	739000	291000	180000	63300	68300	23800	29200	0	43500	14500	142000	572000	10500000	4060000	3160000	6900000	12700000	63300	26700	2450000	3120000	995000	261000	133000	175000	6580000	622000	1010000	40900	948000	1420000	130000	8700000	1450	0	10300	1030000	67000000	192000	3680000	265000	2260000	3600000	1870000	36100000	8010000	3500000	638000	1060000	31300000	728000	2200000	1280000	70800	2370000	3610000	467000	130000000	67800000	10000000	40600	33000	3650000	3140000	14900000	14100000	53900000	458	68800000	12900000	57900000	18500000	39700000	2850000	10100000	19100000	14100000	6880000	164000	4150	9450000	50100	214000000	11700000	1430000	17800000	185000000	7940000	18500000	1930000	64600000	126000	77800	63700000	1440000	326000	182000	318000	5250000	751000	150000	930000	3260	22400	578000	826000	148000	793000	1490000	2150000	52700000	86500	339000	902000	1210000	349000	9100000	19400000	11100	317000	9300000	602000	5730000	691000	267000	1340000	731000	275000	2430	1940000	2070000	12500000	5250	12600	54300	45200	9900	240000	164000	2020000	321000	136000	133000000	9440000	525000	191000	19800	60300	1030000	1910000	660000	16700	21700	729000	473000	987000	42700000	424000	22200	480000	31000	6960000	2310000	13400000	284	6940000	13800	133000000	10600000	287000	9630	597000	94900	54300	7630	14400	455000	18300	191000	CIMBL51	CIMBL51	metabolite_183_known
AMP_metabolite_traits	CIMBL52	Zea	mays cultivar:B73	CIMBL52			19500	1280000	23700	58300	704000	37500	50700	1800000	3830000	50800	6800000	2500000	14500000	6270000	44700	37900000	2950000	3450000	5440000	23000000	364000	8640000	732000	276000	67400	17900000	1930000	104000	651000	335000	3410000	2630000	28000	505000	756000	197000	41200000	207000	1660	79700	36100	167000	1710000	62000	3060000	7670000	401000	11500000	2260000	1680	15600000	144000	1120000	328000	1180000	10300	14400000	99100	4510000	9640000	29300	8020	5880000	41700	2910000	107000	948000	100000	263000	89400	154000	267000	28700	6840	8060	268	15500	21100	35600	420000	6190000	2920000	2750000	5970000	48900000	62300	4570	987000	622000	954000	73000	47200	63600	2370000	761000	349000	0	1010000	453000	49400	1840000	4620	2170	5440	544000	19300000	33400	5350000	324000	706000	1140000	365000	46500000	9490000	3710000	739000	1950000	87200000	756000	11400000	237000	147000	1950000	3720000	534000	113000000	48400000	11700000	69400	48900	1690000	1500000	10500000	12800000	874000	748	72100000	2400000	3160000	562000	7250000	3400000	45800	34400000	6230000	13100000	565000	1650	13200000	1060000	243000000	25100000	343000	8700000	162000000	15500000	8340000	59600	28000000	1550000	39400	59600000	3650000	2160000	196000	304000	884000	569000	73100	30600	26800	16500	307000	482000	337000	437000	381000	921000	74500000	95600	640000	1690000	2090000	102000	13600000	9500000	8370	55100	1800000	523000	2530000	7040	404000	619000	692000	706	1100000	2860000	1340000	2370000	3970	11600	3860	23000	3970	14700	29400	1070000	273000	10800	69300000	5410000	164000	2060	68700	10900	2850000	82900	40400	13500	13500	455000	32300	641000	6120000	14500	18700	414000	31200	936000	201000	18700000	1160	1110000	12900	63400000	3490000	178000	4690	74300	1600	83300	4480	11600	132000	31500	394000	CIMBL52	CIMBL52	metabolite_183_known
AMP_metabolite_traits	CIMBL53	Zea	mays cultivar:B73	CIMBL53			36900	522000	53200	337000	650000	31000	651000	1450000	5080000	325000	11000000	7520000	28400000	12100000	59300	76100000	11000000	4690000	4060000	37900000	867000	17900000	921000	240000	183000	9850000	3710000	196000	1100000	238000	5530000	6900000	107000	1440000	996000	42500	38300000	247000	105000	430000	75800	555000	7020000	53000	3160000	29400000	845000	63400000	2200000	59800	24000000	290000	35200	23100	122000	12400	27500000	147000	3950000	43100000	272000	168000	15000000	397000	9930000	93100	5900000	130000	791000	46700	69400	23200	137000	37100	80400	12500	58900	7510	86800	979000	10500000	5520000	2900000	5550000	20900000	106000	2370	1770000	1070000	1500000	244000	222000	344000	347000	1330000	742000	38800	408000	312000	61900	2340000	44200	74000	19200	4200000	68700000	30700	9040000	601	2550000	1450000	601000	16300000	8360000	2230000	530000	2320000	53400000	892000	8840000	416000	111000	1350000	3500000	486000	125000000	72600000	8440000	4970000	365000	4610000	6160000	13600000	18100000	33900000	58700	74000000	10100000	68900000	3700000	59800000	2000000	332000	41400000	12000000	1480000	182000	212000	1520000	170000	168000000	11500000	1320000	13800000	176000000	14900000	13400000	1170000	47300000	5770000	531000	63400000	3300000	270000	171000	181000	3390000	234000	175000	1450000	20100	18100	552000	1070000	71000	438000	337000	169000	41900000	17200	476000	1250000	1250000	484000	9170000	12400000	131000	558000	2760000	715000	5430000	115000	311000	1190000	1320000	3960	906000	3730000	2390000	513000	14600	11400	12300	194000	56800	311000	25100	1680000	406000	207000	81000000	6390000	174000	91900	62800	10000	3140000	161000	135000	17400	8340	410000	138000	1350000	11700000	195000	61800	521000	475000	8520000	748000	21600000	5420	8300000	13300	102000000	9420000	263000	128000	123000	9460	72500	9300	31900	542000	33200	281000	CIMBL53	CIMBL53	metabolite_183_known
AMP_metabolite_traits	CIMBL54	Zea	mays cultivar:B73	CIMBL54			106000	553000	66100	194000	504000	69900	325000	1800000	1550000	65600	5280000	11100000	24800000	6480000	69400	50300000	7590000	7380000	1820000	28300000	694000	11500000	910000	184000	282000	5940000	2900000	355000	1290000	500000	5540000	4110000	127000	716000	779000	47600	23800000	1010000	1220	301000	80900	458000	6990000	24600	1370000	25900000	1830000	25200000	1050000	25100	4820000	166000	238000	219000	142000	62200	35700000	488000	3100000	37000000	109000	27100	16800000	161000	3090000	176000	2160000	220000	1980000	90600	317000	208000	79300	42300	2470	655	59300	32200	75800	689000	7750000	2890000	2190000	7560000	28600000	56900	1570	1820000	1260000	373000	21100	87700	419000	1290000	1180000	849000	44000	499000	594000	43800	3670000	200000	67200	14000	2580000	80200000	455000	3680000	264000	4770000	1200000	967000	30600000	8670000	1900000	548000	2140000	33400000	248000	2820000	67100	163000	1410000	4800000	362000	129000000	57000000	15900000	91600	55900	3860000	2540000	6020000	12000000	2840000	36000	58000000	2790000	23700000	1590000	61400000	1750000	416000	19000000	4040000	12800000	64500	2250	6150000	91100	156000000	13700000	359000	9930000	129000000	3550000	3910000	198000	12700000	524000	172000	61500000	2540000	161000	378000	258000	3530000	872000	130000	63000	13700	10300	182000	521000	117000	184000	251000	511000	38600000	737000	158000	2120000	1200000	123000	13900000	11900000	3060	217000	3480000	328000	2400000	24100	307000	196000	823000	423000	971000	4180000	2060000	2120000	4360	9630	5070	30200	5750	173000	16100	658000	119000	19700	47200000	2590000	219000	21500	56600	17300	2140000	591000	38300	5720	7630	225000	112000	786000	9770000	33600	42400	948000	558000	3520000	212000	31400000	58000	4860000	3800	118000000	2750000	360000	2490	310000	67300	34800	74900	153000	71600	15100	336000	CIMBL54	CIMBL54	metabolite_183_known
AMP_metabolite_traits	CIMBL55	Zea	mays cultivar:B73	CIMBL55			44300	653000	84200	997000	493000	46400	657000	3940000	4200000	258000	6670000	7210000	17800000	5660000	23600	54800000	8610000	4900000	3200000	41400000	452000	10900000	1060000	334000	211000	27300000	3630000	51900	337000	785000	5280000	3410000	13800	870000	830000	52100	22600000	565000	57500	1310000	114000	642000	22500000	54500	3530000	7480000	407000	14300000	2220000	2180	10600000	170000	744000	9370	649000	15300	36500000	2180000	1090000	39900000	229000	340000	15300000	385000	1560000	203000	3190000	213000	402000	47100	63800	13400	599000	113000	20400	0	109000	50600	78000	835000	11100000	3610000	3090000	10900000	16300000	80500	2020	2230000	954000	670000	258000	148000	231000	1820000	1300000	1320000	46900	364000	942000	79000	3880000	32400	44200	3330	3110000	89700000	2090000	2180000	1520000	2910000	1240000	1780000	52800000	8600000	2210000	486000	1000000	71200000	337000	8300000	294000	105000	2070000	4470000	513000	144000000	24300000	8060000	1050000	139000	11300000	6290000	15800000	14500000	25100000	5010	70400000	15600000	24500000	4280000	44300000	1720000	219000	45500000	8170000	26900000	31600	1710	7930000	119000	182000000	5910000	4830000	921000	179000000	8800000	11000000	110000	40400000	181000	1470000	65800000	5730000	177000	133000	199000	5140000	240000	339000	47100	3020	14600	1900000	371000	285000	220000	360000	1580000	44000000	36200	406000	1510000	1120000	247000	11900000	17000000	23600	51100	3450000	378000	3590000	42300	248000	246000	1180000	1390	576000	2240000	2790000	2610000	12400	6790	3400	35200	16000	182000	33500	1990000	439000	8280	116000000	9230000	1810000	16200	83300	4970	676000	1280000	53400	7270	10300	347000	111000	671000	16700000	47600	40500	584000	176000	1830000	251000	17800000	2260	1280000	7330	147000000	3030000	181000	7330	4910000	2080	24300	3410	17400	30700	3110	129000	CIMBL55	CIMBL55	metabolite_183_known
AMP_metabolite_traits	CIMBL56	Zea	mays cultivar:B73	CIMBL56			40600	671000	34700	39900	1060000	84400	224000	3420000	3070000	83000	9880000	7900000	29400000	7970000	150000	34000000	9890000	6770000	3500000	44300000	895000	14400000	1050000	369000	244000	6200000	3860000	83500	615000	761000	7260000	1700000	15000	705000	877000	43700	46100000	376000	3010	821000	86400	441000	9830000	27600	3460000	7480000	2000000	7180000	775000	6760	6990000	416000	122000	297000	216000	2550	39400000	1060000	6690000	24700000	71300	11400	21400000	86600	1910000	113000	1130000	125000	1040000	30100	69900	39300	23900	23200	23500	202	50300	36300	73100	449000	9910000	3970000	2660000	8320000	17500000	52000	4660	2790000	700000	832000	1980	116000	829000	1700000	1450000	1140000	44300	824000	567000	54600	2320000	6280	712	7720	3370000	80200000	583000	7720000	290000	1730000	1320000	306000	10400000	11100000	1860000	831000	2840000	55600000	829000	1260000	209000	254000	1250000	7930000	474000	112000000	3840000	4510000	49500	19600	1170000	1720000	11000000	14900000	279000	21300	39400000	982000	875000	469000	1550000	2420000	13100	6810000	4860000	25500000	526000	965	27600000	25800	204000000	36600000	4470000	2060000	147000000	5100000	9390000	38600	36100000	246000	128000	64000000	1400000	60600	207000	626000	8810000	681000	241000	12300000	100000	14300	336000	382000	133000	1450000	451000	441000	32700000	209000	178000	871000	1680000	189000	9350000	17800000	3790	2340	1660000	312000	54800	16500	337000	78800	2330000	255000	449000	10200000	6560000	3290000	48900	5730	4010	62700	15400	204000	17000	1040000	200000	3070	70600000	4640000	198000	3560	48300	1750	969000	93900	49400	4010	624	546000	480000	895000	6030000	25100	4080	404000	5190	16000	28700	23600000	1560	28500	3170	56100000	2960000	286000	2890	10600000	1970	9730	5650	5820	15200	4380	301000	CIMBL56	CIMBL56	metabolite_183_known
AMP_metabolite_traits	CIMBL58	Zea	mays cultivar:B73	CIMBL58			26400	244000	73600	113000	1070000	98400	448000	1590000	2330000	56700	7730000	9640000	19200000	7090000	184000	52700000	4370000	8880000	3500000	35300000	784000	12600000	746000	160000	122000	7670000	3700000	131000	1230000	235000	6360000	5230000	1230	773000	1150000	29600	13900000	326000	903	852000	51800	633000	7230000	24700	2320000	2090000	86600	8430000	2110000	33400	6010000	291000	357000	116000	1210000	28900	43200000	2410000	1900000	35700000	95500	21500	16600000	254000	3270000	134000	2340000	10700	991000	72600	155000	21500	92900	43900	85200	967	64400	9110	34500	596000	9800000	4500000	2710000	5200000	12600000	82400	22400	1760000	1050000	605000	115000	231000	3200	1070000	1180000	1410000	53600	136000	348000	55000	2000000	10700	3040	1190	2520000	57600000	2690000	3350000	539000	1160000	2360000	850000	60400000	8570000	3710000	973000	2220000	129000000	334000	13900000	152000	102000	2180000	3610000	288000	138000000	80200000	6550000	269000	33500	15300000	11000000	12000000	16000000	29900000	34000	54200000	15500000	7820000	944000	23000000	2910000	1050000	7000000	10800000	33400000	330000	1320	18500000	202000	234000000	8950000	3130000	6630000	195000000	35800000	14300000	16300	45400000	567000	93700	61700000	9960000	7980000	119000	29500	13200000	834000	145000	2410000	288000	25500	836000	889000	58600	1360000	474000	364000	59300000	8330	930000	1840000	943000	538000	14400000	16600000	8150	15100	10900000	592000	6090000	35000	543000	78100	1890000	2520	1070000	7650000	11700000	1850000	3140	19100	3100	25400	5760	206000	17300	2330000	998000	4810	95200000	10200000	124000	2890	28300	2930	829000	862000	49500	5150	13200	287000	305000	1890000	46600000	55600	4740	352000	10500	281000	237000	15900000	1480	770000	26500	85700000	2880000	44300	2750	3460000	992	23600	8500	12400	41600	6450	55600	CIMBL58	CIMBL58	metabolite_183_known
AMP_metabolite_traits	CIMBL59	Zea	mays cultivar:B73	CIMBL59			39300	1120000	79500	158000	427000	47800	226000	4630000	678000	17700	3870000	7720000	41700000	9050000	84300	83200000	9760000	6550000	552000	39900000	667000	16700000	815000	607000	90600	13800000	3030000	148000	457000	830000	7720000	3100000	29400	1070000	682000	34100	44600000	473000	12400	545000	70900	373000	9650000	17500	8640000	25000000	1240000	29400000	2600000	40100	21500000	302000	89000	21300	32000	10300	29000000	417000	4130000	31800000	219000	7640	17100000	142000	3950000	475000	2240000	180000	453000	278000	295000	400000	61600	45000	5840	982	78500	84400	35600	1450000	14400000	5770000	5160000	7250000	16400000	50200	7180	2270000	2220000	2070000	65300	156000	86300	792000	1110000	809000	61700	94400	1030000	127000	6400000	70100	62400	6410	2480000	36400000	114000	8590000	1530000	1430000	1140000	932000	56600000	8540000	4950000	748000	1070000	73200000	522000	8660000	236000	145000	1820000	6170000	684000	166000000	64000000	7900000	599000	86100	10500000	13700000	19700000	19800000	46100000	47600	53700000	13000000	80100000	7950000	64300000	2060000	1270000	55700000	9320000	2080000	77300	2890	1110000	219000	212000000	4600000	2690000	15600000	184000000	19700000	24600000	2210000	81600000	3980000	68000	68400000	1760000	357000	998000	218000	3140000	1290000	202000	861000	77200	18700	865000	1970000	141000	432000	609000	390000	62000000	894000	431000	1620000	621000	343000	11900000	12900000	14600	382000	9420000	1180000	10200000	245000	405000	701000	1510000	110000	303000	5510000	4420000	942000	10500	8850	2900	42200	11300	404000	27300	2330000	625000	30200	92700000	7580000	305000	190000	22900	9370	2490000	445000	292000	27300	12900	592000	370000	800000	54000000	161000	15900	714000	247000	1920000	4000000	20400000	7230	2160000	16400	87200000	4840000	351000	7530	713000	6380	102000	10600	7870	316000	14000	201000	CIMBL59	CIMBL59	metabolite_183_known
AMP_metabolite_traits	CIMBL6	Zea	mays cultivar:B73	CIMBL6			118000	727000	66600	133000	895000	105000	308000	5930000	4040000	40300	7440000	11400000	30400000	11200000	63100	33000000	8140000	6060000	2100000	36900000	879000	12400000	1020000	371000	212000	6340000	3950000	391000	1750000	489000	11500000	5990000	3980	741000	818000	36700	44100000	1290000	0	244000	74500	621000	25400000	52300	5680000	3820000	402000	3800000	1490000	3180	7920000	107000	296000	18600	271000	38400	37000000	1190000	1560000	40300000	88200	15100	18700000	120000	2080000	182000	1360000	99200	961000	69300	97100	19200	31700	38600	13200	361	33700	56600	45800	374000	9510000	3850000	4680000	7050000	31800000	69800	5710	2740000	3200000	979000	49400	206000	19900	1230000	1040000	939000	35300	374000	328000	91900	12700000	9170	4340	23500	1080000	51700000	616000	2580000	313000	9320000	969000	407000	18900000	9910000	2870000	975000	3970000	79600000	840000	5070000	123000	167000	2000000	4760000	335000	107000000	55300000	7560000	41000	35800	1450000	1790000	10900000	17700000	6650000	1320	66400000	2640000	878000	213000	571000	2220000	14100	14400000	4950000	22400000	51700	1050	13200000	22400	209000000	4970000	4570000	2160000	161000000	4110000	9370000	438000	32100000	36700	57700	62200000	594000	191000	122000	303000	10200000	405000	151000	1080000	13100	13000	483000	667000	143000	579000	582000	699000	37900000	49600	61600	984000	887000	220000	12000000	15400000	3430	153000	4770000	386000	1860000	5040	292000	179000	1640000	8120	616000	5000000	3740000	1670000	7640	10000	3230	25400	4790	171000	15400	1230000	202000	11100	66300000	3800000	262000	85200	23700	5670	1800000	45900	112000	3390	3420	261000	124000	1160000	15200000	32100	8660	545000	17900	321000	39400	20300000	735	469000	3690	79500000	3530000	199000	3920	1430000	10700	3950	4490	6220	174000	25900	222000	CIMBL6	CIMBL6	metabolite_183_known
AMP_metabolite_traits	CIMBL60	Zea	mays cultivar:B73	CIMBL60			19800	845000	75900	99300	1080000	70000	161000	1530000	1340000	81800	11700000	5040000	35500000	8670000	118000	38700000	7240000	4770000	1570000	33700000	824000	11300000	1230000	221000	75900	9550000	4540000	47400	641000	204000	5390000	6220000	37700	1620000	1600000	53900	14000000	331000	91	184000	49500	496000	1430000	17800	1550000	889000	66700	721000	3270000	503	6220000	451000	77500	72100	214000	41000	24600000	64000	2800000	28600000	143000	5490	22100000	132000	114000	185000	1060000	103000	143000	58000	182000	165000	42100	26500	14100	200	24500	9240	43400	397000	6760000	3700000	1660000	7870000	16400000	69400	9910	2110000	982000	638000	86100	63300	15700	1270000	1950000	816000	30600	144000	349000	30900	2360000	1360	947	27000	2300000	21000000	46000	8400000	259000	1280000	477000	687000	38900000	6510000	1150000	419000	1320000	98700000	723000	14700000	71600	159000	1850000	6700000	497000	128000000	2760000	11500000	31400	63500	1740000	1230000	10000000	15700000	325000	803	61700000	3640000	134000	99000	166000	3370000	4320	25900000	6530000	5350000	95500	2140	2210000	860000	206000000	1540000	882000	6490000	156000000	13900000	11900000	160000	45700000	1790000	36700	61800000	8910000	4150000	273000	221000	852000	546000	160000	557000	319000	14900	409000	220000	67700	1440000	256000	575000	31300000	93300	130000	3230000	516000	339000	12200000	13000000	6100	19300	2620000	490000	821000	1910	180000	127000	705000	69500	292000	7340000	2420000	1050000	4170	8390	5650	16400	5440	158000	10900	992000	262000	12000	69100000	4660000	176000	12200	19200	404	219000	20300	39600	17500	11400	156000	227000	610000	8610000	23000	6750	487000	13000	77400	69300	21100000	599	89400	6950	83100000	2570000	7400	22400	291000	1920	11000	4460	1920	3630	2770	14300	CIMBL60	CIMBL60	metabolite_183_known
AMP_metabolite_traits	CIMBL62	Zea	mays cultivar:B73	CIMBL62			28500	361000	68500	95500	465000	82000	387000	2020000	1740000	38300	4030000	5340000	31200000	6080000	199000	55500000	6020000	5140000	1710000	35500000	1070000	15200000	791000	190000	170000	19900000	2960000	69000	310000	336000	4150000	2630000	169000	567000	1200000	52600	65600000	273000	2090	160000	74300	488000	3270000	16500	7940000	2520000	523000	10100000	1940000	10700	9680000	289000	8450	138000	44500	14700	34200000	94200	10200000	20400000	35000	2730	19300000	158000	796000	123000	2230000	147000	118000	72800	209000	37400	24000	9240	28400	384	68300	16000	145000	768000	13700000	5550000	2990000	3180000	14500000	56800	20000	1340000	1590000	1520000	20100	87600	27700	2350000	961000	705000	17500	375000	993000	86700	5360000	6930	1340	13000	1670000	55300000	37600	4930000	279000	2310000	1880000	967000	55300000	7930000	1750000	592000	1310000	49800000	806000	3930000	1170000	181000	1430000	4660000	709000	128000000	103000000	7330000	101000	57000	1520000	1630000	10600000	13400000	6600000	479	36200000	8120000	13500000	1620000	41500000	2450000	64500	43200000	11900000	2620000	466000	1490	3460000	104000	174000000	8310000	280000	20100000	182000000	5920000	13600000	44500	46100000	1260000	41600	61200000	2690000	134000	162000	339000	805000	916000	129000	1530000	69000	18400	461000	660000	60100	1060000	605000	104000	39700000	56000	308000	1890000	553000	246000	11300000	18900000	14100	498000	7130000	315000	3380000	74200	189000	153000	688000	83600	559000	2080000	3430000	5540000	3280	7460	4450	14400	6480	613000	23500	1580000	252000	4100	96200000	5450000	199000	12000	22700	8100	2060000	170000	45100	9260	7120	482000	517000	764000	28000000	49600	4950	533000	17600	4670000	1620000	13900000	179	3390000	8770	111000000	3500000	346000	3760	62700	6330	37700	9540	8530	122000	4970	255000	CIMBL62	CIMBL62	metabolite_183_known
AMP_metabolite_traits	CIMBL63	Zea	mays cultivar:B73	CIMBL63			33600	614000	63900	42400	372000	97200	250000	3370000	2110000	77600	6300000	8200000	40300000	5880000	143000	75100000	7160000	5110000	1200000	43400000	1090000	20400000	1600000	571000	126000	10900000	3010000	90800	328000	750000	6630000	11800000	37000	1460000	1450000	38500	37100000	166000	3370	93300	94600	312000	11900000	18900	8160000	5160000	365000	12800000	1990000	7250	12300000	196000	23300	66500	82200	2660	28800000	88800	4360000	26800000	66400	16100	14900000	405000	2650000	127000	6980000	65100	731000	65700	104000	46100	32400	12700	64500	339	66500	3730	81600	825000	17700000	6590000	6850000	3630000	20500000	58500	25700	2440000	5060000	3320000	106000	304000	13100	1910000	1070000	736000	39700	108000	1020000	264000	16900000	13900	5460	29500	2970000	49500000	21200	9990000	76700	1550000	1160000	565000	56700000	10000000	4960000	1080000	3390000	128000000	905000	29600000	348000	132000	3390000	6060000	317000	120000000	76800000	14600000	114000	28900	1360000	1870000	9380000	12100000	25200000	2560	56600000	16800000	38400000	4240000	66500000	2470000	192000	58700000	5040000	1450000	193000	9180	2890000	72900	200000000	7540000	311000	21500000	186000000	16800000	8310000	119000	16800000	3920000	27800	63900000	6430000	6660000	167000	162000	4080000	508000	157000	1540000	566000	9620	526000	884000	34800	736000	806000	214000	52200000	46800	489000	1190000	1080000	391000	11600000	17900000	12200	1840000	28500000	152000	14100000	49500	342000	354000	1940000	41300	978000	3890000	7440000	2960000	9150	12700	3900	25000	8500	872000	13400	1220000	547000	8420	61700000	5880000	216000	42400	12600	3130	1680000	164000	76500	9220	45300	509000	2040000	1690000	102000000	44700	7740	496000	17200	7620000	1440000	20500000	1900	6830000	21300	103000000	3810000	234000	37900	81200	30900	188000	11400	6080	44000	7490	406000	CIMBL63	CIMBL63	metabolite_183_known
AMP_metabolite_traits	CIMBL68	Zea	mays cultivar:B73	CIMBL68			43600	1130000	41500	88800	717000	70200	442000	1370000	2590000	42100	4730000	11700000	27700000	16500000	123000	78000000	12500000	9070000	2560000	38100000	753000	12300000	1080000	478000	31300	7880000	4440000	138000	1050000	1220000	3120000	9730000	52000	735000	962000	46700	30900000	263000	487	254000	98100	546000	31400000	30800	4620000	7010000	572000	5250000	3410000	655	26800000	390000	956000	83900	762000	8980	50000000	1100000	8270000	40000000	120000	1050	20400000	501000	901000	139000	4400000	46700	650000	80100	197000	1440	35100	32000	43700	270	82600	10600	276000	1020000	13300000	5040000	4170000	8300000	20400000	60000	27800	1100000	1920000	2710000	3110	105000	6800	1230000	903000	1360000	75800	316000	653000	90600	3670000	6980	4360	17100	3160000	15600000	3080000	5810000	71900	3030000	438000	461000	38900000	10800000	2740000	679000	3530000	35900000	1000000	17600000	1260000	184000	2170000	5860000	561000	100000000	63400000	9260000	31600	23000	3690000	3730000	16700000	14400000	57900000	1860	73100000	15500000	20900000	1960000	35700000	4380000	37500	36700000	5580000	30700000	100000	1450	21700000	37300	218000000	20800000	7670000	40600000	185000000	14300000	17500000	18100	60000000	3450000	14800	61000000	1760000	191000	242000	524000	1670000	953000	223000	23800000	100000	19600	796000	682000	58400	450000	170000	4150000	59300000	10200	335000	1160000	1340000	666000	10700000	14700000	6460	125000	9880000	437000	14200000	38100	469000	56100	733000	18000	1140000	8100000	6320000	2480000	2610	15500	5920	23900	4100	654000	29300	2870000	608000	3260	116000000	11800000	166000	1750	11000	414	4440000	930000	49300	14900	13900	980000	394000	889000	40800000	513000	4270	381000	7670	4000000	2460000	27600000	3580	8730000	32000	79800000	3040000	143000	1810	5650000	2390	86500	4050	2820	8440	1480	119000	CIMBL68	CIMBL68	metabolite_183_known
AMP_metabolite_traits	CIMBL69	Zea	mays cultivar:B73	CIMBL69			44800	703000	36300	179000	555000	68700	432000	2990000	5070000	283000	3470000	8400000	38600000	6950000	71000	54100000	4320000	6880000	4270000	37000000	401000	10100000	667000	180000	182000	12200000	2860000	148000	867000	151000	9510000	2870000	144000	1010000	1450000	41500	19700000	464000	2840	367000	92800	620000	10700000	50400	1430000	981000	30600	689000	1720000	1790	15000000	827000	138000	4420	240000	20800	45400000	39200	449000	31100000	69300	4120	22600000	73200	156000	164000	667000	272000	486000	68800	529000	99000	95700	55200	41100	1780	44000	10300	114000	643000	7880000	2820000	1190000	15000000	46700000	84900	2570	2390000	1240000	599000	27500	91200	84000	1140000	1230000	860000	81100	1040000	338000	54700	3090000	11400	9770	5650	2390000	64900000	18500	7240000	1270000	2810000	2000000	383000	12500000	5130000	3400000	468000	2340000	76700000	884000	3360000	258000	157000	1400000	4240000	434000	118000000	44600000	17800000	194000	43400	1280000	1010000	8220000	16200000	4240000	9630	55400000	2050000	481000	43100	523000	2610000	9760	25300000	16400000	2010000	32200	57600	2990000	187000	233000000	7030000	116000	2260000	160000000	2980000	8590000	49400	29000000	514000	17400	62600000	684000	123000	139000	588000	1510000	965000	264000	1930000	542000	13100	332000	360000	50600	1040000	200000	115000	58100000	85600	270000	1620000	1140000	131000	5960000	18900000	14700	55600	3360000	236000	850000	6560	194000	126000	1100000	303000	503000	8420000	1660000	1380000	4540	6180	15200	29100	5910	1650000	21000	1410000	217000	1430	97700000	5960000	142000	633	19100	1010	694000	2860000	38800	18300	78900	223000	50100	543000	10600000	28100	20400	476000	45100	537000	98000	19300000	925	513000	2650	106000000	2690000	227000	53200	25200	919	27100	4850	7210	3050	806	123000	CIMBL69	CIMBL69	metabolite_183_known
AMP_metabolite_traits	CIMBL7	Zea	mays cultivar:B73	CIMBL7			54700	803000	70400	273000	668000	30700	756000	4770000	4080000	54500	4210000	10500000	19000000	6710000	248000	57500000	9090000	5740000	4250000	40300000	623000	24300000	1460000	514000	219000	7080000	2820000	216000	1260000	845000	13700000	8090000	9640	1200000	1420000	49200	12700000	179000	18800	542000	71900	260000	20400000	39900	8310000	30400000	785000	20300000	3760000	3590	33100000	380000	44800	27500	148000	12400	34900000	79200	3170000	33500000	155000	1770	17300000	204000	3100000	125000	2670000	34000	373000	76800	132000	59000	107000	29800	38100	1520	44300	14800	60600	782000	19600000	7170000	4910000	6780000	22500000	63200	7410	1830000	1240000	1900000	48800	106000	9040	734000	1330000	820000	58800	545000	437000	80600	4800000	118000	25800	8800	3610000	68200000	12400	3200000	356000	1810000	1250000	1360000	54400000	9330000	2930000	672000	1830000	118000000	338000	8140000	81000	111000	1340000	5020000	479000	142000000	30000000	9510000	77900	68100	3190000	2450000	9820000	15000000	13100000	1630	69900000	7560000	44000000	5950000	31500000	3720000	75400	48600000	8310000	18800000	61200	2780	22000000	197000	205000000	20400000	149000	11900000	175000000	17400000	9060000	92500	32800000	329000	26500	63400000	7040000	3870000	137000	248000	1250000	575000	119000	429000	139000	14400	359000	463000	119000	662000	514000	116000	56500000	60500	563000	909000	3850000	330000	13500000	11600000	2890	148000	3310000	390000	2690000	15800	308000	277000	596000	7570	747000	6860000	2450000	1460000	7280	6740	2430	16000	4290	127000	19500	890000	351000	14600	67800000	6080000	140000	42100	22600	10000	4210000	3310000	39200	5940	10200	233000	186000	156000	15900000	78600	15600	714000	140000	922000	206000	30200000	3450	1730000	10600	127000000	2890000	184000	12800	29000	9540	27400	9830	10900	126000	12400	339000	CIMBL7	CIMBL7	metabolite_183_known
AMP_metabolite_traits	CIMBL70	Zea	mays cultivar:B73	CIMBL70			30000	568000	88500	45000	996000	71500	245000	1630000	2510000	45200	6240000	14600000	46100000	7300000	146000	67200000	8490000	6810000	3160000	46100000	924000	23600000	1050000	504000	124000	8170000	4590000	131000	775000	546000	5850000	5560000	190000	1100000	1430000	55900	37300000	384000	15800	307000	74100	407000	16300000	27400	6900000	852000	119000	903000	2830000	0	9700000	446000	119000	48800	330000	6520	47900000	240000	8200000	29900000	93500	10800	22600000	156000	448000	147000	1590000	192000	1690000	125000	310000	13300	43400	30500	17400	420	56600	5610	117000	655000	17300000	7130000	3930000	7890000	30000000	55200	20400	1290000	3350000	1350000	142000	276000	51700	2520000	1390000	1350000	75000	383000	713000	118000	39200000	58900	8570	11500	3480000	50400000	38300	7850000	1560000	1750000	2050000	768000	28500000	12600000	2440000	729000	3400000	35800000	268000	9060000	1580000	112000	1780000	5340000	452000	127000000	79000000	8790000	90700	40100	5590000	5740000	11700000	15300000	54800000	8720	47900000	11700000	11400000	625000	19600000	2510000	181000	26700000	7480000	4640000	104000	3280	9080000	12600	207000000	19500000	380000	17500000	180000000	4350000	11200000	198000	38500000	240000	74500	62300000	1220000	326000	187000	275000	9200000	1210000	124000	865000	171000	21700	434000	858000	45000	342000	242000	433000	45400000	36000	517000	2600000	1360000	753000	7370000	11000000	2120	64200	5710000	532000	2920000	10400	387000	198000	1690000	612	378000	4600000	6090000	5090000	7590	10400	3640	27800	5160	216000	13400	2010000	359000	21300	97700000	6540000	161000	39700	84200	3430	3900000	118000	119000	11000	5880	558000	234000	1770000	19900000	113000	8160	444000	44300	1140000	360000	18300000	2160	1260000	24300	95300000	3880000	154000	12800	81300	1040	26700	4250	39700	44200	7900	54300	CIMBL70	CIMBL70	metabolite_183_known
AMP_metabolite_traits	CIMBL71	Zea	mays cultivar:B73	CIMBL71			24800	494000	95300	15900	437000	75800	129000	1140000	6730000	97000	9300000	6960000	9940000	9350000	32200	53100000	9120000	4840000	6780000	33000000	660000	8360000	865000	201000	177000	15600000	2080000	96100	695000	479000	2610000	9360000	185000	1130000	977000	25600	58500000	476000	7900	313000	51400	396000	22200000	71600	6880000	3400000	927000	7040000	2550000	7940	12900000	287000	212000	52100	542000	1920	31400000	829000	8190000	14500000	26600	2630	20700000	85800	536000	131000	2980000	168000	1060000	191000	579000	837000	2510	17600	9250	0	24700	6420	24700	501000	6900000	2650000	4960000	8360000	13500000	43600	2840	1770000	365000	1470000	36700	191000	249000	795000	1040000	795000	16800	792000	688000	57900	2170000	22000	30100	31900	940000	73200000	98300	2540000	548000	2220000	1110000	780000	41700000	9000000	4810000	720000	3380000	44800000	293000	15800000	3370000	123000	2310000	3850000	302000	138000000	82500000	7740000	4420000	116000	2610000	1770000	15100000	14600000	51900000	4540	88700000	11900000	38500000	8490000	49400000	2990000	304000	27600000	5960000	5230000	164000	1980	5310000	29200	209000000	8360000	1140000	13500000	176000000	5500000	8810000	319000	28000000	1780000	43600	60400000	1090000	372000	179000	435000	7310000	2060000	78100	620000	5350	29800	620000	646000	163000	442000	325000	1210000	65800000	646000	287000	1740000	1670000	615000	15500000	16100000	14300	1730000	2580000	522000	7470000	324000	889000	255000	1200000	200000	1250000	9140000	4570000	1330000	5360	17800	3200	32200	5010	215000	28900	1440000	279000	7810	84000000	6610000	242000	32700	16400	5460	4370000	75100	78900	69500	59000	565000	182000	1100000	12500000	26000	13100	418000	367000	14900000	5070000	15400000	4750	5890000	13400	122000000	4080000	283000	774	209000	22300	20600	7050	4660	76100	7100	189000	CIMBL71	CIMBL71	metabolite_183_known
AMP_metabolite_traits	CIMBL74	Zea	mays cultivar:B73	CIMBL74			60100	759000	29300	180000	1060000	102000	323000	1340000	2800000	58800	7730000	7160000	36600000	6810000	33600	56000000	7400000	6710000	3360000	40500000	605000	11400000	784000	246000	102000	8510000	2470000	187000	783000	282000	5150000	1080000	1930	844000	1150000	24100	46600000	610000	4960	144000	101000	491000	4150000	28900	6970000	2630000	224000	1650000	2710000	1550	18600000	278000	51900	29300	210000	8100	45500000	480000	2220000	31000000	107000	7830	20100000	61700	1600000	103000	421000	157000	137000	95900	306000	77000	87500	19200	3720	731	86300	41000	49400	760000	11000000	4330000	2480000	6350000	39200000	59300	1620	2470000	1320000	1010000	57600	179000	307000	1000000	962000	946000	78700	1180000	503000	63000	3970000	11200	6420	20000	2060000	40100000	268000	1630000	1160000	2090000	3580000	754000	22200000	7480000	2250000	774000	2090000	47200000	686000	4470000	170000	127000	1940000	4500000	277000	113000000	84600000	7180000	310000	40800	1430000	1890000	12800000	13900000	6410000	1060	66600000	6960000	26600000	618000	26000000	2550000	59000	38100000	10600000	5440000	184000	1650	5230000	46700	230000000	14200000	888000	4550000	179000000	7760000	12500000	437000	45300000	1150000	20900	58500000	1590000	117000	161000	372000	1590000	636000	138000	88700	1050	23700	437000	1150000	142000	920000	306000	469000	68900000	72600	257000	1870000	1280000	217000	14200000	18400000	18600	965000	5710000	304000	2230000	56400	400000	408000	1090000	398000	1230000	5930000	2360000	1850000	4270	16300	6230	29000	3350	343000	31200	1560000	291000	20200	101000000	7430000	130000	6910	29100	2810	4230000	90500	65000	14100	13300	363000	213000	896000	19400000	42300	16300	437000	63900	6730000	333000	26700000	738	2390000	36300	106000000	3250000	365000	2770	519000	9630	20800	5670	45600	48700	13600	454000	CIMBL74	CIMBL74	metabolite_183_known
AMP_metabolite_traits	CIMBL75	Zea	mays cultivar:B73	CIMBL75			65400	338000	10300	217000	258000	14700	114000	931000	736000	8010	9290000	2000000	8630000	12100000	3890	8410000	54400	2140000	1790000	14900000	718000	5440000	470000	72100	69800	9210000	3300000	155000	327000	95600	2310000	794000	36600	87200	251000	5750	426000	39200	538	50000	30100	130000	378000	11000	803000	2470000	231000	7510000	1300000	861	1650000	74500	18900	33000	173000	12800	9110000	91800	308000	13200000	88900	480	4030000	53000	1730000	23600	391000	514	585000	9180	26100	74900	123000	22100	1170	278	14400	5090	9730	92000	2990000	143000	502000	2870000	6660000	24700	0	189000	1250	185000	20000	10700	22100	330000	162000	302000	5480	136000	103000	25800	3510000	3270	1700	914	1390000	25400000	78900	10200000	66400	1230000	243000	728000	55100000	16400000	1640000	582000	2150000	67500000	352000	5100000	153000	113000	2180000	5680000	536000	114000000	5080000	14200000	101000	32600	1420000	1880000	9590000	12900000	638000	897	67000000	6070000	2990000	864000	4420000	3010000	32900	7980000	6250000	4630000	192000	6470	8810000	164000	210000000	16600000	379000	3460000	166000000	5990000	11400000	565000	37700000	76800	37100	61800000	1160000	88100	209000	358000	7850000	579000	337000	889000	102000	16000	382000	472000	109000	1810000	997000	499000	41200000	340000	204000	1820000	1770000	250000	15900000	13900000	7650	14400	5990000	477000	2250000	4780	199000	155000	653000	143000	933000	3770000	5960000	984000	6380	15000	5880	17800	4420	209000	31900	970000	181000	50400	77400000	4800000	207000	10400	38300	1280	816000	33800	87900	106000	118000	212000	134000	726000	20400000	38300	5540	560000	25400	151000	72500	21700000	577	127000	2310	103000000	3530000	397000	12100	111000	1040	7070	8940	17100	64500	17900	569000	CIMBL75	CIMBL75	metabolite_183_known
AMP_metabolite_traits	CIMBL77	Zea	mays cultivar:B73	CIMBL77			99700	698000	41500	293000	1230000	127000	209000	4790000	1320000	46300	2950000	6960000	24300000	6730000	110000	45500000	6650000	6310000	864000	41800000	527000	14000000	963000	257000	116000	7070000	2080000	427000	1880000	646000	6300000	5710000	316000	1460000	893000	26700	34600000	233000	336	466000	104000	441000	6510000	17300	6320000	29400000	1450000	52300000	2160000	33800	44300000	117000	422000	18600	328000	33800	39500000	455000	5450000	56400000	295000	8280	16500000	287000	4180000	65000	1860000	13000	498000	38500	121000	15800	122000	28800	10100	337	41200	13500	106000	514000	22900000	9980000	3250000	3980000	18300000	81800	10600	1730000	2690000	1350000	17900	135000	11400	1180000	1390000	931000	46300	747000	1140000	122000	9210000	13200	1800	10500	1740000	61600000	113000	4170000	187000	3730000	2960000	461000	36100000	8270000	1430000	1380000	4050000	65100000	704000	9570000	553000	165000	2200000	4380000	392000	144000000	48100000	11600000	40800	35900	3420000	2340000	9270000	10500000	4170000	1330	63400000	2240000	6850000	433000	24100000	2430000	268000	21900000	4550000	11100000	116000	1260	8250000	50800	238000000	9000000	1540000	5370000	170000000	8960000	6940000	210000	21100000	2940000	43800	69400000	4510000	131000	153000	30500	1420000	324000	290000	365000	311000	14400	566000	477000	124000	2910000	311000	726000	52100000	41100	414000	1390000	1060000	159000	13900000	15000000	4830	36600	3630000	260000	5050000	25300	706000	151000	769000	26100	655000	3790000	3560000	2100000	4500	20000	875	21400	4520	450000	7800	1390000	305000	13400	66400000	4250000	274000	17000	26400	1090	1800000	21800	50400	9250	5690	276000	120000	523000	14000000	17700	5140	454000	14300	939000	152000	32800000	994	1630000	8870	125000000	2930000	126000	195	662000	850	60400	4570	6250	16300	1580	83400	CIMBL77	CIMBL77	metabolite_183_known
AMP_metabolite_traits	CIMBL79	Zea	mays cultivar:B73	CIMBL79			21400	979000	71200	453000	909000	112000	610000	7140000	4130000	85500	8280000	8010000	45600000	7850000	64600	46100000	6110000	4170000	1970000	38400000	789000	19300000	981000	152000	170000	7420000	2940000	89100	956000	436000	12700000	6730000	152000	1330000	1400000	36200	18200000	349000	3290	212000	86600	254000	4470000	35900	4940000	24900000	2690000	56400000	2220000	21100	5980000	224000	741000	132000	378000	19900	21300000	759000	2060000	42500000	209000	15100	17500000	260000	7390000	69400	3510000	171000	475000	88500	132000	175000	202000	20800	21500	234	34600	26700	61800	433000	7640000	3650000	1750000	7520000	14700000	47400	5300	1760000	2580000	724000	26600	155000	61400	668000	1770000	533000	62600	389000	622000	52900	6740000	5590	8660	5300	3740000	47900000	592000	9090000	387000	3440000	1510000	832000	27600000	8810000	2610000	817000	3290000	60500000	712000	12400000	938000	124000	2340000	6030000	525000	134000000	26000000	9180000	64500	23000	2320000	2410000	11100000	11800000	67300000	400	62000000	11300000	74000000	11300000	71000000	1540000	277000	24200000	7160000	8680000	482000	2360	4370000	54600	217000000	6710000	2400000	4880000	169000000	6310000	7480000	124000	29000000	325000	38400	61400000	2710000	343000	228000	274000	2390000	538000	108000	503000	1180000	12700	359000	360000	96800	1400000	2760000	861000	40600000	203000	356000	1770000	916000	324000	9550000	17700000	2740	58600	11800000	371000	4150000	57000	294000	168000	1040000	371000	606000	2400000	12700000	1480000	4800	36600	2500	18700	2760	718000	12000	1580000	329000	13200	80300000	4900000	136000	16800	14600	1710	1160000	36700	31000	15400	34900	306000	113000	798000	43800000	84100	4000	466000	16900	718000	352000	12900000	424	1230000	13500	107000000	2680000	300000	3690	1840000	45300	32400	17500	1490	45200	6050	540000	CIMBL79	CIMBL79	metabolite_183_known
AMP_metabolite_traits	CIMBL81	Zea	mays cultivar:B73	CIMBL81			37500	855000	44500	58000	782000	68400	217000	1660000	3140000	194000	5870000	10600000	21600000	5790000	28900	37100000	5180000	6410000	4490000	30300000	547000	10700000	751000	106000	289000	8350000	3150000	124000	1010000	485000	5360000	3360000	160000	893000	1620000	334000	42800000	252000	4940	727000	108000	953000	4720000	39300	3030000	10000000	155000	20300000	2340000	23100	14400000	380000	11300	27900	89700	20900	60200000	114000	18200000	32000000	73500	18600	8550000	93500	2540000	182000	1030000	194000	460000	114000	371000	78700	10500	60100	5140	0	41200	17800	57400	476000	10200000	4090000	1290000	6260000	40100000	117000	1630	1730000	478000	752000	261000	62800	35700	507000	780000	1200000	69800	1820000	1010000	24900	1410000	2890	1290	201000	938000	61600000	29100	8740000	1080	3650000	1330000	1320000	26100000	7900000	2560000	600000	2280000	78600000	327000	3190000	482000	150000	1730000	5820000	458000	125000000	82500000	6800000	335000	66900	8760000	4250000	13800000	13200000	25800000	1680	46900000	7150000	52100000	2770000	29700000	2500000	510000	49600000	12100000	390000	165000	2710	1780000	96100	218000000	22100000	226000	45600000	176000000	5340000	13700000	28700	45400000	737000	91400	58900000	2850000	134000	165000	211000	2170000	1000000	58900	155000	1350	27900	227000	534000	188000	722000	709000	194000	65700000	97600	710000	1700000	1620000	180000	10200000	14100000	17500	1600000	3670000	528000	2600000	236000	300000	547000	648000	8030	1880000	2030000	1760000	739000	3250	10600	12200	26700	4900	243000	26800	1760000	307000	2750	122000000	9500000	189000	4280	19000	7120	3410000	245000	48400	13100	7370	461000	165000	661000	13000000	35400	26200	426000	34900	15500000	2020000	23700000	2070	9910000	7900	121000000	3240000	233000	3090	21800	24600	91800	10200	4630	69500	4350	214000	CIMBL81	CIMBL81	metabolite_183_known
AMP_metabolite_traits	CIMBL82	Zea	mays cultivar:B73	CIMBL82			25400	1280000	16300	138000	596000	21000	506000	2150000	4010000	39000	20300000	9790000	17300000	9180000	28000	46500000	8600000	7390000	6760000	36700000	639000	10200000	1030000	321000	180000	16500000	3440000	112000	1180000	506000	5360000	6210000	205000	1330000	1240000	25600	5350000	257000	5070	570000	103000	510000	2380000	39000	2420000	3560000	72500	27500000	2200000	12900	14000000	489000	73900	79100	385000	6720	41900000	43500	7360000	31100000	155000	6070	17100000	197000	985000	255000	2430000	41400	354000	48600	89700	19900	57300	15400	95800	391	59900	5640	43000	491000	7890000	3840000	2570000	6330000	24000000	55600	6730	1790000	2160000	854000	24500	121000	1200000	381000	1160000	1190000	36600	1270000	778000	41700	4840000	10300	6800	2260	1620000	58400000	11600	5770000	54200	2140000	945000	521000	25500000	10700000	2580000	617000	3750000	59800000	326000	7550000	398000	203000	2820000	7140000	502000	109000000	19400000	18200000	74800	9730	3960000	4280000	15900000	12800000	3840000	1980	60100000	2580000	5890000	254000	45300000	2310000	121000	15100000	14000000	7150000	208000	346	13600000	61200	228000000	30500000	218000	7860000	183000000	11400000	15500000	193000	55900000	1040000	32800	65600000	1960000	214000	250000	271000	2990000	627000	162000	372000	495000	20800	930000	463000	62800	90600	260000	301000	41000000	116000	367000	2070000	2030000	481000	12500000	19700000	5230	39200	7920000	639000	4560000	14400	336000	175000	1370000	1370000	832000	8270000	6760000	369000	5320	9560	4860	24900	4190	311000	12100	2660000	495000	15500	128000000	10700000	141000	32600	20400	1860	4270000	54900	38100	13700	14000	318000	259000	1570000	27500000	31100	6320	341000	21500	794000	186000	23500000	2210	1250000	5890	85400000	2960000	73400	1910	25500	671	33400	8830	6800	19000	3220	153000	CIMBL82	CIMBL82	metabolite_183_known
AMP_metabolite_traits	CIMBL83	Zea	mays cultivar:B73	CIMBL83			53000	1710000	31200	350000	556000	46200	571000	1810000	7920000	87300	3700000	12700000	52900000	7800000	329000	61300000	12200000	6920000	4860000	36200000	489000	15900000	958000	246000	309000	10200000	2980000	245000	1350000	635000	5000000	3480000	134000	1940000	2150000	338000	49300000	138000	6780	325000	135000	560000	3190000	70300	3550000	2930000	152000	11900000	1260000	12100	9470000	321000	290000	11300	395000	8360	40000000	181000	4310000	43300000	249000	24300	8050000	124000	1100000	115000	2070000	47400	909000	202000	292000	70800	211000	41800	34400	62100	116000	142000	146000	715000	26700000	10000000	3620000	7260000	28500000	99800	42600	2100000	1360000	1120000	563000	164000	245000	674000	1540000	1260000	71700	1110000	1380000	54900	6410000	67800	13600	20100	3830000	65800000	68000	3570000	356000	4320000	1060000	1490000	16900000	12400000	5540000	956000	4460000	42200000	902000	5330000	3040000	98400	1960000	4320000	434000	138000000	86800000	3640000	51000	39100	3290000	3030000	15200000	15300000	39800000	1040	56300000	4480000	39600000	990000	70400000	2910000	1110000	45800000	5450000	576000	113000	14600	1400000	43600	265000000	5390000	387000	15300000	163000000	7130000	10500000	1250000	40500000	2030000	81600	60800000	1260000	194000	267000	68500	12500000	326000	172000	1220000	8810	13300	736000	856000	412000	1230000	530000	321000	47100000	50400	485000	1050000	853000	259000	11400000	10800000	23800	400000	3910000	640000	4040000	107000	341000	2190000	730000	316000	761000	1590000	1530000	1090000	18600	6360	8930	39300	7090	355000	76100	1290000	224000	102000	109000000	7520000	440000	24600	21100	5190	1820000	975000	183000	12000	9930	781000	339000	889000	18800000	49500	47900	427000	47800	5190000	588000	32600000	1160	3790000	19400	138000000	6430000	270000	18500	39600	7210	74400	12800	3130	170000	17800	399000	CIMBL83	CIMBL83	metabolite_183_known
AMP_metabolite_traits	CIMBL84	Zea	mays cultivar:B73	CIMBL84			63300	645000	43200	73400	410000	36100	289000	1160000	1820000	76900	6600000	4060000	29900000	13600000	112000	41100000	8060000	4610000	6600000	38900000	903000	17200000	1440000	305000	86600	8900000	4110000	154000	1180000	207000	3970000	3030000	130000	984000	447000	47200	44500000	466000	4750	260000	114000	573000	22700000	35800	3470000	5350000	252000	6070000	3860000	8720	27500000	159000	354000	293000	1040000	5000	28400000	339000	1110000	26200000	75200	10800	17400000	120000	969000	190000	1430000	295000	514000	86600	144000	9220	23200	45900	13300	1140	50200	8740	75600	302000	10300000	4470000	3050000	5850000	16100000	78600	22800	1390000	1170000	812000	51400	52400	90500	2030000	1200000	826000	23500	278000	507000	76000	3310000	6800	5460	127000	2480000	41300000	412000	5290000	674000	2890000	1490000	348000	14200000	11700000	2110000	942000	7400000	66400000	276000	8260000	37600	178000	2170000	3010000	423000	102000000	20800000	8740000	38700	26900	3650000	3150000	9510000	17400000	1020000	335	49100000	1490000	86000	28700	141000	4110000	4110	20200000	3590000	18100000	675000	2560	10900000	260000	169000000	12300000	471000	625000	171000000	5740000	8560000	564000	31300000	404000	35300	63800000	2870000	142000	206000	412000	8780000	678000	79900	39500	9140	22300	178000	291000	116000	214000	280000	235000	56100000	86000	163000	1330000	1200000	414000	10300000	18300000	727	92400	5310000	239000	2280000	917	262000	150000	613000	3520	1360	6300000	5110000	2350000	16100	10500	2790	27600	4340	76900	15300	1050000	215000	13700	79000000	5920000	265000	48500	32700	1430	1370000	52100	69200	17500	13500	279000	215000	1560000	19200000	23500	5140	408000	53400	1210000	36400	26000000	456	1550000	4230	67600000	3260000	105000	5990	442000	5570	23000	2220	15500	15000	4890	136000	CIMBL84	CIMBL84	metabolite_183_known
AMP_metabolite_traits	CIMBL86	Zea	mays cultivar:B73	CIMBL86			145000	898000	29900	52700	392000	95500	180000	2270000	3040000	89500	3810000	3760000	27600000	4570000	132000	67900000	3880000	5140000	5990000	42300000	579000	11400000	1070000	179000	86200	6390000	2760000	508000	2540000	644000	7140000	5630000	6090	1120000	1470000	48100	6650000	459000	4230	258000	74200	329000	9090000	44300	1300000	9730000	983000	22700000	1980000	7580	15200000	164000	29100	183000	139000	2230	23700000	41100	8410000	25700000	82500	18300	16500000	189000	3800000	174000	989000	175000	274000	287000	698000	240000	14000	36100	70800	740	53500	11400	92700	818000	12700000	4890000	2040000	9130000	26500000	54200	15500	1380000	1520000	833000	7180	31800	249000	620000	1280000	914000	33800	713000	478000	42500	3700000	7620	638	5130	2360000	45000000	23800	6740000	111000	1190000	1880000	710000	11800000	11400000	2700000	1490000	4560000	62600000	663000	7470000	137000	110000	2780000	5680000	391000	96900000	19800000	7110000	121000	46100	1540000	1340000	11500000	13600000	57500000	1540	45200000	5130000	34600000	22100000	32900000	1820000	435000	31100000	9650000	413000	351000	1440	1760000	31000	194000000	6870000	43700	13600000	171000000	6120000	12100000	17000	44500000	949000	101000	67100000	1610000	115000	159000	370000	2070000	1950000	103000	670000	1510	23100	449000	510000	85400	1970000	1580000	207000	57700000	445000	525000	1030000	889000	151000	8450000	19100000	9710	190000	9050000	293000	4170000	126000	296000	67400	850000	343000	1110000	5080000	4370000	1040000	8990	16000	5350	97600	23000	877000	7310	1770000	299000	1950	99300000	6650000	248000	1970	73400	1330	1810000	111000	44000	323000	433000	298000	236000	840000	27700000	70600	6910	404000	24000	384000	678000	16800000	1160	589000	3240	95400000	3000000	285000	346	13900	3530	18700	2350	35600	11100	2000	297000	CIMBL86	CIMBL86	metabolite_183_known
AMP_metabolite_traits	CIMBL87	Zea	mays cultivar:B73	CIMBL87			42700	1010000	56500	75000	722000	54400	840000	4910000	2150000	47700	8420000	8700000	29000000	9070000	67400	47300000	12100000	6220000	5280000	40800000	1120000	23900000	1720000	461000	180000	4410000	3640000	112000	766000	1030000	5580000	4400000	118000	1530000	1360000	283000	24700000	141000	1490	1160000	94400	874000	6990000	25900	5800000	6450000	415000	8450000	2060000	8980	9220000	399000	233000	61100	454000	17200	33300000	120000	12400000	40800000	319000	3760	6500000	94900	1050000	92900	1710000	49300	774000	42700	69800	15200	35600	39900	64200	219	59400	10500	255000	633000	15600000	5730000	3390000	5270000	19200000	98500	15900	1970000	1290000	1060000	41000	107000	134000	854000	1260000	1240000	37500	250000	1010000	73500	2020000	17500	1240	9810	2470000	85300000	64800	3440000	622000	2340000	951000	958000	24800000	9440000	2580000	731000	2060000	61800000	895000	7360000	1090000	83900	2900000	6400000	511000	159000000	33100000	7220000	60100	29600	11400000	6890000	11000000	14200000	11100000	415	57300000	4890000	53100000	4790000	92900000	2020000	3300000	33200000	5880000	943000	192000	761	3630000	327000	267000000	8660000	588000	32700000	177000000	10700000	12100000	412000	43500000	2030000	28500	68100000	3460000	181000	160000	254000	2190000	628000	129000	61100	7220	13400	636000	374000	41700	719000	652000	267000	63500000	63400	543000	1370000	1100000	338000	10100000	16400000	6650	59600	2850000	330000	2340000	270000	294000	268000	768000	292000	564000	6530000	5810000	1660000	2490	7190	6890	25800	2650	257000	13600	1320000	259000	18200	80000000	6010000	206000	47400	83500	3850	1310000	49600	86900	8860	8130	453000	56000	1180000	13900000	40900	6910	523000	29300	560000	209000	28200000	1280	418000	11700	144000000	3670000	355000	6620	23600	6350	36300	1770	11800	101000	12600	572000	CIMBL87	CIMBL87	metabolite_183_known
AMP_metabolite_traits	CIMBL88	Zea	mays cultivar:B73	CIMBL88			23800	845000	67200	178000	756000	144000	65000	6160000	1960000	39600	9450000	4370000	30000000	5850000	66100	38000000	5160000	4270000	4690000	27400000	319000	6820000	560000	123000	149000	12300000	3430000	103000	679000	157000	4140000	2210000	15400	778000	1320000	41600	37100000	190000	0	291000	66300	312000	1240000	25500	959000	141000	19200	323000	1700000	4770	16700000	148000	24000	62900	169000	5450	30700000	37100	4640000	16000000	15500	2910	17800000	86000	212000	106000	1370000	21900	896000	110000	597000	56700	64500	24100	8440	312	29200	9410	84400	414000	4890000	2360000	1880000	6010000	22500000	52300	16900	1780000	1150000	2260000	20800	111000	216000	674000	766000	516000	31200	18400	210000	34200	4810000	4450	299	27200	1840000	44500000	8420	4310000	547000	1880000	1470000	504000	27400000	9500000	2130000	666000	3010000	63100000	327000	3150000	201000	173000	969000	6030000	273000	144000000	27400000	18500000	26700	35400	1910000	1720000	9270000	10900000	1940000	602	59800000	643000	818000	94500	945000	2560000	190000	47500000	3610000	412000	177000	2880	2950000	116000	228000000	38300000	224000	12300000	164000000	2810000	5390000	48800	20900000	989000	22600	62200000	2800000	144000	133000	75400	5220000	937000	198000	347000	14300	13800	638000	597000	76200	1310000	1210000	158000	63600000	37200	341000	1220000	2650000	128000	11000000	14200000	4100	77000	2370000	132000	1930000	4060	197000	78600	1110000	1140	459000	5620000	3260000	1230000	4190	9500	2940	16800	5250	658000	17900	1140000	228000	4190	84000000	5820000	120000	6820	23500	4220	405000	587000	29000	11700	9160	309000	122000	806000	8220000	19200	5330	408000	14000	326000	97300	22800000	2370	372000	8100	120000000	2380000	254000	3800	42600	1320	47500	3970	4100	32400	19600	503000	CIMBL88	CIMBL88	metabolite_183_known
AMP_metabolite_traits	CIMBL89	Zea	mays cultivar:B73	CIMBL89			43300	667000	25600	533000	1540000	134000	437000	3800000	4300000	29900	4360000	10800000	45800000	10000000	71300	50600000	7180000	8360000	7220000	52700000	389000	13400000	814000	141000	162000	6780000	4670000	144000	1170000	466000	9280000	2380000	73400	1800000	2050000	42600	41200000	736000	4340	245000	100000	376000	9380000	45700	1230000	8620000	356000	19100000	1190000	2480	15400000	433000	391000	73400	943000	11000	47600000	296000	1420000	38600000	136000	14200	23200000	109000	1550000	123000	1340000	9530	866000	66400	163000	113000	255000	18800	7400	719	68800	31300	15100	545000	10900000	4980000	1490000	7490000	25300000	66000	2300	1560000	2520000	642000	1560000	74600	163000	994000	1110000	1190000	53900	851000	598000	73400	6810000	14500	2850	14100	726000	41200000	123000	15700000	357000	6250000	1630000	510000	33000000	9660000	1910000	807000	4110000	60600000	710000	1820000	239000	100000	2370000	6710000	314000	149000000	66100000	8770000	19200	33000	949000	1470000	10800000	12100000	16700000	816	53900000	1390000	19800000	923000	33000000	1660000	36100	38900000	6740000	5950000	215000	2470	14900000	20100	191000000	28300000	543000	6960000	162000000	5110000	7870000	2850000	26000000	975000	77900	61500000	1150000	106000	143000	24500	3070000	344000	393000	1380000	52900	14100	528000	457000	135000	1010000	449000	247000	74600000	68000	485000	862000	2610000	163000	10500000	11600000	8990	78900	3530000	485000	597000	13700	269000	4230000	475000	286000	17800	5680000	4770000	1390000	4750	7560	29600	23200	2220	142000	124000	1320000	235000	51000	81600000	5560000	444000	222000	42600	14900	1850000	246000	230000	11400	15700	353000	114000	470000	13300000	14600	144000	472000	10500	1610000	301000	10400000	4400	1500000	16600	101000000	11500000	153000	2690	64300	1970	54800	14100	12700	1320000	73500	684000	CIMBL89	CIMBL89	metabolite_183_known
AMP_metabolite_traits	CIMBL9	Zea	mays cultivar:B73	CIMBL9			94800	459000	71200	379000	655000	20500	410000	1490000	1010000	87200	7840000	10800000	26300000	8410000	71000	51500000	11600000	6770000	1340000	29600000	797000	16100000	1110000	508000	86200	8620000	2700000	158000	577000	812000	5600000	8240000	150000	1110000	957000	20800	62600000	238000	5710	426000	110000	517000	7730000	17500	11600000	15600000	240000	23800000	2380000	74200	6350000	217000	26400	22900	68600	8300	47100000	40200	1390000	36700000	159000	2640	18700000	324000	3570000	87700	3620000	92000	968000	117000	197000	34700	206000	42200	10400	652	81300	36900	398000	501000	23800000	6880000	6740000	5310000	18700000	74600	21100	1430000	1380000	2250000	62100	100000	158000	1100000	1110000	1250000	64700	215000	1900000	101000	9160000	35500	43400	36200	3370000	58300000	25000	1140000	505000	2330000	1360000	427000	12900000	16100000	1330000	675000	1850000	74500000	828000	8620000	107000	134000	2580000	8230000	565000	129000000	24400000	9480000	454000	104000	2500000	2790000	10400000	14900000	938000	557	27600000	6730000	1630000	631000	7530000	2340000	80000	1970000	12200000	571000	85400	1570	810000	68400	166000000	2440000	52100	678000	174000000	7740000	11500000	41800	39900000	337000	19000	61000000	2460000	252000	171000	219000	15400000	450000	453000	19200	7870	18400	829000	308000	129000	174000	301000	105000	48900000	33400	222000	1670000	389000	388000	11900000	16000000	2950	9820	4100000	530000	5060000	3960	404000	123000	1290000	2520	557000	4080000	5360000	1040000	7470	9510	2300	19400	2750	182000	13400	1420000	276000	2910	89500000	6310000	158000	3430	21000	3580	188000	79600	46700	6980	13700	150000	206000	1850000	15400000	23300	7250	538000	114000	221000	83700	26300000	475	498000	2570	75900000	3090000	261000	4280	39800	4690	16000	11400	3270	17100	1170	259000	CIMBL9	CIMBL9	metabolite_183_known
AMP_metabolite_traits	CIMBL91	Zea	mays cultivar:B73	CIMBL91			20200	828000	23900	44700	693000	37300	577000	1300000	3370000	35700	3960000	5200000	25900000	8280000	295000	29700000	5740000	3970000	4100000	19200000	367000	7760000	527000	141000	85800	7920000	3010000	181000	1420000	244000	3660000	2170000	19600	623000	477000	24500	1420000	227000	712	33700	39200	283000	3040000	50400	1890000	1060000	250000	2800000	1360000	184000	5390000	329000	2010000	6380	1310000	596	24700000	345000	4680000	16800000	25700	11000	17000000	43900	1200000	74100	853000	20900	276000	164000	441000	153000	29100	14000	177000	291	16800	10900	40200	274000	3710000	2070000	1750000	3260000	7580000	30500	66400	2160000	1060000	749000	252000	85800	51800	1330000	654000	605000	17200	252000	223000	36300	2880000	4280	2910	774	1140000	31900000	372000	13000000	711000	728000	1620000	562000	32900000	8680000	2030000	1030000	4660000	55500000	799000	2090000	182000	133000	1600000	2100000	288000	119000000	8500000	10700000	92900	50300	2290000	1460000	9800000	8840000	14800000	1040	65100000	4220000	8490000	1310000	16300000	2730000	1160000	17900000	10400000	7050000	54700	2540	12600000	188000	205000000	17000000	1110000	11600000	184000000	3090000	6940000	186000	24300000	563000	53500	59500000	1510000	112000	115000	52600	1510000	1610000	139000	2400000	392000	12600	424000	284000	165000	4550000	521000	319000	48200000	65600	307000	829000	2090000	271000	8520000	20700000	8190	23900	5970000	394000	3190000	15900	316000	360000	701000	123000	981000	4390000	11800000	1710000	9560	7150	4560	23000	4250	197000	25000	1520000	285000	29700	101000000	7560000	306000	4840	13100	9110	460000	41400	50800	8100	9970	281000	66100	1740000	16500000	42800	15100	406000	37100	124000	168000	18800000	924	225000	5610	114000000	3500000	178000	2130	305000	1680	8500	11900	4110	210000	13200	396000	CIMBL91	CIMBL91	metabolite_183_known
AMP_metabolite_traits	CIMBL92	Zea	mays cultivar:B73	CIMBL92			35800	461000	26700	21500	454000	74200	234000	1780000	5510000	80500	1720000	7810000	25800000	7290000	57500	45200000	8880000	6080000	7990000	32800000	422000	7550000	668000	113000	119000	5410000	1910000	97900	806000	335000	4840000	1900000	0	856000	1360000	34000	1590000	561000	1080	237000	70600	672000	2530000	55300	2270000	281000	52300	2530000	2140000	4040	10900000	309000	1180000	1690	1330000	10300	35200000	323000	6060000	30600000	37000	15200	17200000	77200	886000	179000	1330000	14400	512000	136000	139000	75400	11300	25700	2690	0	44500	14400	16300	499000	4780000	2520000	1690000	5890000	11100000	76700	10500	2130000	756000	716000	63100	175000	21000	991000	1660000	909000	28600	121000	148000	28900	1220000	9030	3440	3180	2720000	60000000	576000	3500000	421000	2010000	2340000	856000	25300000	5770000	2330000	581000	1900000	65800000	314000	1810000	85600	152000	1970000	4680000	421000	116000000	4290000	5440000	29200	22300	2390000	1200000	7960000	14700000	4640000	326	65500000	2510000	989000	170000	2550000	3170000	44500	9790000	6740000	20700000	46500	1020	27000000	159000	214000000	24000000	2460000	18600000	171000000	2960000	5510000	428000	25300000	738000	60500	72700000	2320000	81400	112000	46600	7620000	1110000	137000	120000	8670	12300	267000	174000	122000	1000000	283000	194000	43000000	149000	285000	1160000	2350000	83600	4640000	14000000	6500	6050	2660000	297000	548000	5360	237000	250000	954000	82100	819000	3880000	1050000	1850000	5270	8670	5140	23400	4170	29500	36900	1160000	211000	34900	77900000	5030000	287000	8120	22500	13200	556000	36100	147000	8170	15500	300000	153000	905000	8220000	32800	22400	524000	44600	53100	48600	25200000	3490	150000	2190	126000000	4520000	279000	1010	700000	4660	18800	8180	10400	155000	17700	870000	CIMBL92	CIMBL92	metabolite_183_known
AMP_metabolite_traits	CIMBL93	Zea	mays cultivar:B73	CIMBL93			19300	923000	39900	65600	550000	47900	2260000	745000	2760000	66600	4310000	11000000	29300000	4700000	25400	33400000	6260000	5770000	947000	25800000	637000	11700000	546000	194000	285000	7990000	1440000	92800	419000	483000	3210000	3800000	228000	366000	737000	57200	36600000	297000	8090	176000	68900	478000	9510000	28600	6260000	17900000	1280000	23000000	659000	16100	14800000	241000	64100	74000	72200	9730	36100000	2000000	3970000	41800000	85300	23300	16300000	40900	8670000	87900	804000	101000	455000	21600	63600	18500	39400	24500	15800	179	52500	18900	22000	234000	11100000	5200000	1510000	6310000	10200000	91600	12000	1270000	1840000	2300000	136000	95200	101000	855000	1110000	868000	45600	298000	1360000	66400	4400000	13900	11300	9380	1430000	71900000	657000	1960000	886000	5940000	942000	1620000	18900000	7450000	2270000	814000	1430000	40300000	778000	16700000	3830000	132000	1420000	5210000	300000	128000000	57500000	13300000	54600	15600	2180000	2560000	6530000	13700000	27900000	19100	48900000	10000000	21400000	3920000	39200000	2250000	632000	21700000	6320000	2430000	222000	2500	3710000	37300	198000000	3800000	2120000	19700000	175000000	2960000	3600000	979000	11900000	217000	110000	60300000	2190000	320000	105000	267000	3460000	324000	105000	1560000	5080	9830	173000	605000	19600	720000	829000	175000	33100000	41900	161000	2080000	587000	260000	16500000	18100000	7930	218000	6230000	163000	10200000	156000	454000	242000	1270000	141000	353000	3670000	2330000	2250000	6750	8750	4430	32100	6810	138000	14300	1160000	273000	45000	62400000	3670000	182000	159000	53200	1020	1790000	204000	133000	7380	13500	579000	267000	571000	25000000	27800	16500	617000	44000	1140000	132000	18900000	650	1530000	10300	135000000	4410000	392000	3420	1350000	39200	41200	17400	18600	110000	5290	1230000	CIMBL93	CIMBL93	metabolite_183_known
AMP_metabolite_traits	CIMBL94	Zea	mays cultivar:B73	CIMBL94			165000	1290000	128000	328000	833000	91200	241000	2940000	2030000	39500	1740000	8390000	25300000	5370000	122000	60500000	6610000	8000000	2590000	36500000	272000	12400000	734000	367000	212000	16200000	2670000	392000	1310000	314000	4660000	9950000	27300	431000	1470000	158000	3230000	260000	4020	200000	79700	698000	19100000	22700	4660000	51200000	8220000	42400000	2640000	22700	24800000	421000	65200	19100	224000	4360	49100000	159000	4550000	39300000	113000	25500	6260000	102000	33400000	202000	2340000	2110	781000	211000	393000	187000	137000	73600	76600	1520	82200	98100	15300	725000	10100000	3250000	4560000	6060000	14600000	82700	21900	2360000	1720000	3390000	209000	150000	312000	1440000	980000	1100000	50800	175000	189000	144000	7630000	8240	4630	6650	2300000	66000000	135000	4340000	132000	6300000	2640000	654000	32700000	7770000	1620000	470000	1570000	34200000	304000	9900000	85800	188000	3260000	5800000	356000	127000000	3120000	6950000	175000	16600	2810000	2020000	9270000	11400000	2490000	5970	47200000	2010000	11600000	4860000	7110000	2840000	365000	39000000	20100000	11600000	350000	2760	18900000	69700	214000000	21300000	581000	4040000	182000000	4230000	9580000	464000	33300000	205000	59200	62200000	1270000	641000	327000	25000	8610000	633000	113000	1450000	6730	13800	319000	237000	245000	510000	3940000	247000	46800000	52200	91100	1630000	1410000	280000	8280000	13600000	4150	21000	12400000	338000	21700000	45000	343000	178000	1300000	235	233000	5590000	5000000	2670000	17400	8850	2760	35400	8190	98500	10200	1380000	262000	29900	97000000	6450000	214000	36700	25800	1350	845000	13700	59400	7370	7450	224000	581000	705000	51100000	21700	4080	373000	57300	49900	63100	14500000	4060	146000	6990	120000000	3110000	257000	9550	131000	729	7910	10800	54000	38600	4870	635000	CIMBL94	CIMBL94	metabolite_183_known
AMP_metabolite_traits	CIMBL95	Zea	mays cultivar:B73	CIMBL95			33300	672000	42700	16400	823000	54900	324000	1950000	7460000	172000	3890000	15200000	32100000	4920000	439000	57800000	6750000	7930000	2610000	41500000	708000	13300000	1220000	144000	190000	4460000	3200000	218000	1180000	291000	6250000	3310000	19900	1530000	818000	48300	35900000	363000	606	313000	91300	619000	569000	72100	5300000	122000	8620	459000	2720000	450	35000000	416000	1130000	37400	253000	7140	47900000	631000	2350000	32800000	110000	5850	18500000	109000	282000	168000	1290000	257000	531000	39700	138000	41300	9490	25100	21800	195000	60600	7580	49900	742000	12400000	5220000	1470000	5590000	19700000	67200	65900	3420000	2110000	469000	23400	80800	256000	1040000	1240000	1250000	63200	787000	231000	60100	36100000	9590	1280	34600	1690000	63500000	2060000	5740000	111000	1590000	946000	984000	16700000	10500000	3720000	923000	3280000	43200000	346000	7750000	306000	154000	2570000	4890000	278000	122000000	98000000	10600000	37200	6130	6860000	4320000	14600000	12800000	7440000	5600	61300000	22700000	4270000	336000	3190000	3160000	28300	63000000	11600000	1140000	146000	1690	1270000	30600	234000000	7650000	1370000	6280000	177000000	6010000	20400000	95200	74700000	165000	50000	61800000	3970000	157000	148000	320000	2200000	984000	111000	17900	2360	16200	510000	498000	80000	553000	259000	126000	56200000	78500	151000	1860000	1100000	476000	10600000	22100000	5920	1720000	12300000	798000	3680000	7990	221000	99900	822000	1380000	698000	4880000	8690000	1910000	3570	9210	2870	18900	4260	905000	10700	1450000	305000	5450	119000000	8100000	140000	6840	75300	2000	3710000	124000	51500	8870	6690	310000	421000	2210000	50900000	103000	3780	478000	14100	13500000	1280000	17700000	610	9660000	17000	127000000	2570000	228000	1620	1600000	3800	22100	271000	886000	24800	4310	99300	CIMBL95	CIMBL95	metabolite_183_known
AMP_metabolite_traits	CIMBL96	Zea	mays cultivar:B73	CIMBL96			36100	715000	37100	112000	379000	116000	163000	2200000	5100000	87400	2820000	4040000	30800000	5060000	40400	35100000	8750000	4260000	2960000	39600000	320000	7020000	339000	242000	240000	13200000	1060000	112000	633000	764000	7380000	751000	102000	803000	1130000	32400	62500000	579000	1230	271000	53600	240000	5610000	71500	5880000	38100000	2130000	49800000	4030000	45000	37200000	142000	74600	10300	129000	3640	25800000	853000	3360000	23700000	97400	5290	16200000	34400	7110000	116000	295000	183000	953000	34400	94100	220000	57800	50000	15200	706	77800	8540	88000	437000	8090000	2220000	2150000	7940000	24400000	33100	2780	2290000	1850000	1820000	130000	83700	461000	2700000	1120000	682000	24700	784000	1070000	95800	6910000	12000	3800	59600	1410000	64200000	274000	3570000	894000	3840000	1380000	1110000	26200000	6120000	1690000	809000	3110000	69300000	730000	2040000	3560000	168000	1520000	3840000	562000	137000000	90100000	6950000	120000	69500	2540000	2500000	11500000	14800000	7330000	3080	79900000	12000000	46900000	3800000	65700000	2700000	317000	61800000	7610000	5420000	103000	4470	4280000	22100	180000000	6440000	3160000	7210000	173000000	6280000	10300000	1040000	40000000	2500000	52000	67900000	2050000	102000	130000	294000	12200000	390000	158000	1540000	967000	15000	627000	407000	80900	2040000	776000	350000	61400000	135000	261000	1710000	1430000	124000	6160000	11900000	8040	1190000	16700000	287000	6280000	88900	238000	682000	1190000	676000	1240000	4130000	8440000	3800000	10000	10700	13900	18800	4180	374000	59700	1230000	224000	50300	98500000	6550000	355000	141000	19100	6390	5250000	230000	136000	11500	11500	417000	522000	956000	63900000	54900	22200	584000	42300	6180000	757000	16700000	1830	2680000	11200	130000000	5480000	425000	4150	1500000	5770	94900	3500	6120	183000	18100	953000	CIMBL96	CIMBL96	metabolite_183_known
AMP_metabolite_traits	CIMBL98	Zea	mays cultivar:B73	CIMBL98			51500	825000	27600	81300	1150000	157000	423000	1800000	2560000	29600	6830000	6690000	33300000	5560000	173000	67800000	5920000	5670000	741000	36700000	621000	16000000	864000	313000	68800	9330000	2610000	92400	704000	1040000	3400000	7240000	8510	1200000	1040000	54000	58900000	382000	464	104000	105000	554000	12000000	27000	7560000	14300000	739000	15700000	2650000	8750	21200000	242000	11000	55800	37100	11100	36600000	3270000	3610000	33400000	100000	4420	17000000	238000	1900000	116000	2140000	3500	605000	40100	72700	232000	39300	17200	13100	754	82300	26400	172000	661000	16800000	5790000	3840000	5830000	21000000	73500	29300	1450000	1770000	1560000	89800	119000	152000	1920000	950000	1010000	55600	181000	1080000	84700	9540000	8030	2940	12600	1580000	31800000	3220000	4540000	225000	1330000	2450000	821000	37500000	8410000	3660000	609000	2660000	34400000	353000	2820000	330000	79400	1740000	4070000	489000	145000000	90400000	6750000	73600	34600	1910000	1450000	13500000	18400000	45100000	247	63700000	14500000	58300000	5950000	59900000	4650000	233000	53100000	5890000	3360000	169000	1420	2720000	89100	173000000	6500000	6310000	13300000	170000000	8820000	11900000	51100	43400000	2450000	22100	63300000	3740000	233000	139000	35100	3760000	313000	128000	704000	3210	20400	597000	548000	202000	610000	723000	602000	36100000	465000	329000	2820000	890000	457000	10800000	15800000	3250	877000	5000000	309000	5010000	445000	216000	166000	1410000	309000	805000	2240000	3420000	3180000	4460	12900	4870	25100	3380	297000	12900	1450000	276000	2390	88100000	5900000	173000	7230	15000	2780	2730000	203000	41600	13400	15000	463000	270000	944000	20600000	121000	5370	500000	20700	6990000	532000	21800000	765	3390000	8620	108000000	3320000	454000	1430	4430000	3830	26900	13900	5780	49700	15300	358000	CIMBL98	CIMBL98	metabolite_183_known
AMP_metabolite_traits	CIMBL99	Zea	mays cultivar:B73	CIMBL99			42500	579000	27200	150000	513000	105000	474000	3040000	532000	20600	7920000	7300000	20200000	8280000	472000	74100000	12200000	5210000	1020000	42000000	634000	17200000	1000000	292000	155000	22700000	2740000	174000	856000	293000	3440000	7860000	57100	1260000	688000	27500	27400000	208000	317000	2810000	91100	399000	8470000	4770	5330000	11800000	154000	17900000	1100000	5590	25900000	230000	80400	30700	128000	3270	32200000	1090000	24800000	44700000	266000	1060000	21200000	161000	954000	99400	2430000	166000	896000	137000	257000	203000	139000	33200	370000	13600	67800	14000	140000	729000	10700000	3920000	3710000	7620000	11700000	91500	59900	1910000	854000	1510000	676000	117000	251000	1580000	1080000	909000	36300	92700	434000	58800	1630000	1650000	455000	374000	821000	82200000	941000	1750000	848000	1990000	2390000	0	0	0	0	0	0	0	0	0	0	0	0	0	0	0	0	0	0	0	0	0	0	0	0	0	0	0	0	0	0	0	0	0	0	0	0	0	0	0	0	0	0	0	0	0	0	0	0	0	0	0	0	0	0	0	0	0	0	0	0	0	0	0	0	0	0	0	0	0	0	0	0	0	0	0	0	0	0	0	0	0	0	0	0	0	0	0	0	0	0	0	0	0	0	0	0	0	0	0	0	0	0	0	0	0	0	0	0	0	0	0	0	0	0	0	0	0	0	0	0	0	0	0	0	0	0	0	0	0	0	0	0	0	0	0	0	CIMBL99	CIMBL99	metabolite_183_known
AMP_metabolite_traits	CML114	Zea	mays cultivar:B73	CML114			13400	428000	25600	88100	900000	21000	99100	2560000	1140000	6520	8330000	1230000	24000000	10600000	3330	36300000	10300000	1450000	3730000	18000000	595000	10400000	1250000	306000	272000	8310000	3060000	176000	518000	210000	3600000	5120000	17000	567000	493000	12500	12500000	179000	768	239000	31900	160000	494000	15700	5310000	1000000	90800	5390000	1350000	4380	2000000	32300	67700	119000	439000	7030	6560000	0	841000	16200000	25800	1760	12700000	64900	815000	87100	916000	63300	128000	45100	134000	25800	44500	13300	356	234	10200	17600	29300	413000	9080000	3600000	2930000	6610000	13500000	18000	3850	736000	974000	1300000	22900	79000	79700	1560000	638000	166000	6020	128000	432000	50500	3890000	3780	495	6260	1670000	48800000	52100	4800000	3660000	492000	770000	1420000	29100000	11000000	3500000	792000	1790000	56700000	249000	6990000	177000	116000	1930000	4370000	502000	124000000	8120000	15300000	23300	10200	2600000	1740000	15000000	13900000	280000	360	67900000	5820000	672000	108000	6390000	2260000	86400	8370000	6740000	12300000	497000	2470	19500000	651000	191000000	20400000	316000	2510000	170000000	11000000	7530000	50900	24900000	1130000	16000	61000000	3260000	364000	142000	203000	1260000	504000	150000	64400	4440	20700	396000	264000	139000	223000	247000	605000	42300000	32700	233000	2410000	2110000	136000	12800000	12200000	3960	11900	5210000	335000	2590000	3130	200000	105000	1210000	140000	789000	2920000	2840000	6490000	4830	11400	4520	24700	6020	120000	11600	1150000	283000	4200	75700000	4890000	145000	9410	18000	734	1290000	105000	41700	16300	23200	345000	171000	2570000	19700000	28900	4600	297000	7360	132000	24300	20600000	470	221000	4770	117000000	2820000	295000	662	64500	8240	19000	3440	2700	8280	2320	259000	CML114	CML114	metabolite_183_known
AMP_metabolite_traits	CML115	Zea	mays cultivar:B73	CML115			46100	520000	37600	108000	1310000	36500	585000	3020000	1310000	14900	8150000	6130000	34400000	13400000	15700	54500000	11700000	4870000	5060000	38800000	1010000	23800000	1730000	400000	232000	9070000	3950000	212000	814000	373000	7040000	6610000	21300	1390000	926000	38000	24100000	441000	1120	407000	122000	698000	2350000	12800	9610000	2970000	147000	8040000	1970000	10200	7970000	209000	96400	145000	513000	44600	34200000	130000	2320000	44000000	140000	3860	17200000	189000	1430000	130000	2320000	145000	315000	33900	216000	224000	76700	25900	6020	368	90700	61600	64300	898000	18700000	6560000	4120000	7430000	21900000	82700	4920	1430000	1860000	1820000	22600	199000	105000	2590000	1280000	880000	29300	208000	842000	102000	9590000	8300	969	13000	1880000	57600000	88300	5600000	3350000	1840000	1250000	658000	25800000	12000000	4340000	782000	2020000	121000000	381000	11800000	143000	125000	2150000	5400000	504000	141000000	7190000	4500000	21600	47400	6800000	4820000	13800000	14900000	189000	980	52300000	6580000	360000	108000	1580000	4400000	9980	8220000	6470000	4140000	500000	647	9530000	924000	251000000	12100000	237000	1800000	174000000	13200000	7540000	92600	30400000	809000	19900	55600000	9140000	5140000	164000	278000	1770000	509000	160000	52900	168000	12400	537000	272000	154000	225000	244000	229000	53800000	66300	214000	1130000	1600000	115000	8330000	12500000	6170	10300	6280000	410000	2890000	4320	225000	158000	1230000	141000	1820000	3120000	3110000	4780000	7070	10400	2320	20400	3330	107000	26500	983000	327000	8730	77300000	6510000	151000	31800	19900	1480	463000	224000	57200	10600	13700	304000	263000	1750000	28700000	32800	6000	430000	16400	33800	29400	31700000	609	78000	3610	101000000	2970000	288000	1100	30800	1090	15700	3090	2730	18600	5110	424000	CML115	CML115	metabolite_183_known
AMP_metabolite_traits	CML116	Zea	mays cultivar:B73	CML116			49800	574000	77200	307000	222000	82800	370000	2580000	5940000	80900	4360000	8610000	23500000	13000000	13200	69200000	11300000	7280000	10300000	36500000	494000	18300000	1550000	154000	140000	25500000	6060000	193000	861000	855000	11400000	6600000	17700	1990000	1260000	42700	1530000	452000	798	958000	65300	543000	1220000	64000	6360000	3950000	96400	8560000	2590000	1710	21300000	275000	487000	268000	1780000	5590	34900000	72600	887000	32700000	108000	28000	18000000	189000	218000	160000	1850000	86300	880000	47400	104000	399000	179000	48800	2690	421	69100	19900	95300	718000	13500000	6330000	2230000	9280000	18800000	78700	2060	2050000	365000	553000	55700	141000	779000	1730000	1610000	924000	47500	1170000	586000	33100	3690000	5410	3220	1650	2890000	65100000	23800	5310000	112000	4350000	1300000	386000	30600000	12600000	2720000	786000	3020000	102000000	392000	5520000	90800	102000	2170000	5810000	563000	142000000	2550000	9190000	74100	42700	2320000	2890000	10900000	14100000	1690000	696	80100000	11600000	1990000	169000	2370000	1650000	22200	18700000	5310000	19400000	646000	2690	35200000	76500	149000000	45700000	753000	1760000	162000000	11500000	7260000	377000	27100000	260000	97300	66700000	2280000	1600000	173000	219000	2240000	518000	225000	8390	5120	20600	571000	404000	130000	418000	250000	835000	41500000	323000	186000	1860000	3270000	190000	10900000	13400000	5010	3660	4870000	378000	928000	7240	396000	240000	1100000	449000	1530000	16100000	3960000	2480000	9680	9270	3010	42900	9220	57000	14600	1250000	279000	38200	77500000	5570000	208000	6080	18000	1720	1220000	22000	59100	60600	120000	379000	94000	239000	13700000	21100	7260	349000	10900	19900	24200	12900000	1230	62000	1740	52500000	3310000	255000	4460	61900	38800	4740	3800	3180	21000	7610	573000	CML116	CML116	metabolite_183_known
AMP_metabolite_traits	CML118	Zea	mays cultivar:B73	CML118			11100	315000	25800	147000	790000	188000	226000	935000	7740000	251000	7980000	2560000	39400000	14000000	25400	19100000	4080000	2930000	12300000	25500000	182000	7840000	455000	144000	26700	19700000	2610000	66400	995000	57600	3240000	3570000	9620	775000	1130000	20800	39700000	168000	20800	118000	32600	181000	2130000	105000	2050000	709000	11400	678000	2650000	2280	3660000	102000	93100	9620	504000	7850	14800000	25800	386000	12600000	47600	0	14300000	144000	258000	205000	2810000	17100	405000	94400	441000	669000	66100	8000	2950	281	13600	19100	20400	188000	2820000	1890000	647000	8570000	17800000	29000	4590	779000	2300000	437000	162000	198000	173000	2160000	1410000	331000	11100	323000	128000	18700	6040000	240000	91200	2360	1030000	13900000	26100	5630000	902000	2190000	223000	152000	10100000	10000000	2310000	538000	4710000	42800000	647000	12700000	91400	287000	2770000	6980000	436000	120000000	70000000	8130000	138000	42800	516000	918000	8850000	12800000	329000	938	95900000	3850000	274000	56300	183000	2160000	4880	13300000	4290000	1470000	88800	2400	3030000	86600	169000000	7590000	14700	1040000	169000000	14600000	11000000	465000	40900000	53900	11900	63300000	599000	100000	505000	74200	1970000	3340000	124000	38400	11100	20500	394000	693000	189000	227000	231000	108000	69200000	156000	151000	1500000	2190000	71400	8420000	13800000	14300	328000	3780000	324000	3370000	4680	407000	893000	2090000	170000	1020000	13600000	3820000	3650000	2780	9950	10600	203000	32300	259000	47600	778000	215000	20000	78100000	6430000	128000	39600	12200	13600	1730000	79800	71300	63400	72100	291000	163000	705000	10800000	46900	51600	763000	390000	1740000	234000	14700000	12000	2440000	8890	7620000	5660000	269000	8820	1480	19100	10100	9630	9590	239000	104000	617000	CML118	CML118	metabolite_183_known
AMP_metabolite_traits	CML121	Zea	mays cultivar:B73	CML121			65300	424000	73000	306000	536000	36000	418000	5000000	5200000	119000	12500000	4050000	20500000	16200000	62300	55100000	15600000	4120000	12900000	35600000	629000	20000000	884000	137000	201000	7800000	5010000	113000	602000	389000	9300000	1540000	56400	745000	754000	54800	15900000	391000	2170000	1040000	56400	442000	2360000	50300	8570000	19400000	171000	32000000	3220000	74800	21200000	160000	974000	182000	2600000	30000	25400000	92700	11800000	33300000	137000	5320000	18500000	96900	617000	120000	1830000	167000	2770000	14200	77900	27500	108000	83500	24400	376	42300	12000	69000	541000	17700000	5840000	1610000	6770000	19300000	90000	1990	2050000	740000	739000	778000	4230	313000	868000	1230000	512000	0	1910000	237000	31100	1620000	56500	84200	24500	2370000	73900000	121000	9980000	1250000	3470000	671000	996000	22700000	11500000	3130000	608000	3640000	66800000	272000	3100000	149000	114000	1410000	4220000	512000	114000000	29600000	9120000	13700000	5930000	4710000	2130000	11300000	14000000	3410000	90100	52300000	5970000	14400000	640000	39400000	4100000	363000	39300000	5020000	19000000	781000	66200	23600000	86900	199000000	33200000	156000	25300000	175000000	10700000	11700000	387000	39700000	8000000	31500000	59600000	2750000	142000	117000	370000	17100000	370000	112000	375000	2860	45800	356000	316000	160000	202000	1650000	679000	53300000	7280	281000	2310000	2700000	263000	9130000	18800000	429000	164000	2750000	303000	1860000	62200	302000	1290000	72000	12700	372000	2050000	4010000	1420000	231000	10700	617000	2170000	717000	181000	231000	1100000	245000	48000	81000000	5690000	4780000	45100	34300	203000	10100000	37700	62700	10200	5350	266000	184000	730000	10400000	43600	345000	574000	1130000	1290000	200000	21000000	27500	1570000	4360	125000000	3720000	234000	121000	42300	138000	43800	31800	18500	967000	52800	114000	CML121	CML121	metabolite_183_known
AMP_metabolite_traits	CML122	Zea	mays cultivar:B73	CML122			53200	1130000	79600	32800	1950000	25800	258000	10900000	5680000	89600	7180000	8230000	69500000	9880000	186000	51200000	11600000	3580000	5810000	49600000	905000	14500000	671000	219000	215000	6370000	4180000	108000	398000	1480000	25300000	5400000	29900	910000	1710000	35900	17300000	554000	3090	1100000	89800	671000	14600000	56700	7520000	912000	430000	735000	2070000	6340	12400000	283000	11100	68100	76300	5250	43600000	131000	8740000	25800000	69800	53800	31400000	149000	248000	102000	2580000	163000	2620000	117000	225000	32800	24300	30500	81900	0	64000	12500	309000	421000	12100000	3790000	3570000	4480000	21000000	64100	24600	2680000	2230000	3930000	121000	99900	61500	1730000	1260000	757000	19500	1300000	669000	102000	7240000	13000	1250	12200	2620000	77600000	108000	8110000	541000	4340000	2420000	701000	28700000	9560000	4120000	408000	2960000	108000000	996000	48000000	136000	99700	2040000	6430000	518000	147000000	13600000	10600000	68500	22200	5190000	6950000	12400000	16200000	7940000	1680	86400000	4420000	991000	324000	854000	2330000	89600	22100000	5120000	1260000	187000	6960	2150000	98300	164000000	12900000	862000	8140000	183000000	20100000	18700000	476000	63300000	526000	134000	66700000	1530000	581000	274000	280000	7990000	1130000	143000	238000	28800	20600	489000	3730000	150000	521000	145000	330000	37700000	31800	329000	2570000	1960000	373000	12100000	17700000	8530	51900	6210000	193000	8400000	6520	320000	258000	956000	20900	372000	3300000	2510000	2360000	2630	5550	2900	27000	2940	259000	17500	1360000	309000	68700	79200000	5450000	279000	139000	229000	1480	2380000	38000	70300	25300	19400	346000	491000	1090000	25500000	71300	2710	296000	12900	67600	90800	16200000	4540	129000	34300	67800000	4090000	141000	89500	643000	970	18100	8170	35400	50100	7590	212000	CML122	CML122	metabolite_183_known
AMP_metabolite_traits	CML130	Zea	mays cultivar:B73	CML130			61600	1250000	81500	76800	543000	27400	314000	1620000	3830000	22000	2860000	4370000	44100000	7420000	9850	25700000	6610000	5300000	1990000	37700000	457000	10800000	747000	166000	132000	12500000	3620000	195000	2950000	648000	5090000	2880000	10300	1690000	1390000	54700	14000000	287000	1460	154000	88100	484000	2190000	42200	864000	4310000	279000	9250000	1550000	7390	7370000	127000	43400	175000	107000	22200	29000000	366000	8970000	29300000	106000	25200	15600000	128000	972000	153000	935000	158000	210000	239000	266000	128000	39500	32800	13800	333	26600	39000	175000	382000	5600000	3430000	1580000	13200000	17900000	53300	1980	871000	879000	324000	423000	245000	85000	1150000	1420000	699000	20400	348000	342000	25000	2570000	5950	7720	10300	2050000	49000000	262000	10100000	303000	2560000	1090000	440000	30800000	10500000	2790000	953000	6010000	64600000	391000	5580000	354000	186000	2710000	6210000	280000	161000000	20200000	10000000	43900	23900	1880000	1850000	7650000	10300000	21700000	565	49100000	3790000	9050000	503000	17900000	2630000	156000	10200000	2130000	602000	370000	1940	822000	54600	165000000	2300000	794000	57300000	111000000	5030000	4850000	1210000	15500000	1860000	55500	62900000	2080000	182000	298000	248000	1970000	1080000	140000	795000	530000	6670	160000	696000	193000	405000	322000	187000	39400000	373000	831000	1440000	423000	187000	13200000	13300000	5610	29400	8790000	394000	1900000	7490	268000	582000	2020000	117000	948000	13500000	8020000	1730000	7900	10700	3290	27900	3930	144000	28200	541000	114000	18600	39400000	2130000	251000	6980	37600	6210	669000	90700	73300	17300	27400	354000	260000	891000	28100000	25000	6690	569000	31600	294000	553000	15200000	980	678000	10600	75700000	3640000	398000	4240	803000	306	64500	5360	24800	182000	25900	150000	CML130	CML130	metabolite_183_known
AMP_metabolite_traits	CML134	Zea	mays cultivar:B73	CML134			48000	580000	38100	66200	1310000	10900	355000	1370000	3200000	57200	11700000	6300000	15500000	11900000	10900	47800000	10300000	4570000	2780000	35800000	778000	11800000	1520000	247000	317000	10700000	4460000	85800	359000	841000	4420000	5340000	9010	1800000	1540000	53400	1460000	528000	25300	284000	95100	538000	4010000	29300	989000	961000	124000	2720000	3130000	1020	49600000	202000	729000	13600	135000	4730	32700000	2540000	573000	38200000	96100	15400	14900000	238000	81500	152000	1890000	156000	141000	132000	141000	71400	44700	44700	1370	385	29100	10200	53000	698000	15700000	5100000	2720000	6500000	21500000	58600	704	1360000	977000	1010000	615000	49700	29300	2430000	756000	799000	33400	251000	230000	71900	1730000	52600	83200	3900	2320000	89400000	3730000	5910000	2150000	2060000	2290000	1160000	27500000	11800000	2800000	580000	732000	30300000	222000	8450000	296000	96100	2970000	4830000	346000	122000000	44100000	6810000	31500000	1230000	5050000	4340000	12700000	15700000	11000000	86700	66500000	5000000	57700000	2980000	64800000	2780000	181000	57700000	3800000	26900000	79200	25200	7230000	33700	196000000	8140000	2830000	3320000	144000000	3970000	4020000	739000	14400000	2550000	75900	65200000	2940000	377000	122000	233000	1210000	507000	64300	482000	66700	11600	239000	599000	46900	88800	244000	7170000	31000000	35700	459000	1050000	829000	259000	12300000	14100000	603000	660000	2980000	297000	2900000	77500	501000	5700000	768000	26900	502000	3260000	2550000	2730000	43100	17900	27600	29700	6110	87100	92200	731000	132000	23400	71300000	4190000	597000	40200	93700	13800	11400000	49300	71400	11800	15100	717000	309000	560000	9980000	32900	874000	1300000	6110000	5150000	100000	17400000	8400	3450000	4240	129000000	4180000	196000	35700	4050000	563	76300	3390	45100	72100	5360	218000	CML134	CML134	metabolite_183_known
AMP_metabolite_traits	CML139	Zea	mays cultivar:B73	CML139			17500	1420000	38100	67200	742000	22900	283000	6460000	3170000	32200	5520000	5610000	37700000	11600000	21000	40500000	11500000	4960000	2440000	37700000	639000	16900000	915000	298000	161000	4850000	3500000	131000	398000	1080000	19900000	9410000	23600	850000	1170000	376000	20800000	253000	1740	300000	72200	501000	16000000	27800	6560000	1420000	374000	946000	3230000	2790	8680000	235000	21500	159000	59000	1840	25300000	87300	6180000	31700000	130000	49800	6450000	245000	419000	37200	3170000	142000	1550000	75600	192000	17300	33200	27900	14400	410	94900	16600	306000	376000	11300000	5610000	2010000	3670000	14100000	67500	2690	2290000	1180000	2200000	174000	61000	18100	1110000	1430000	688000	27700	323000	995000	79700	53200000	2760	1250	4560	2160000	58600000	56600	9620000	422000	3530000	1370000	985000	21400000	10100000	7020000	726000	2160000	122000000	831000	25600000	803000	88100	1490000	4080000	255000	140000000	51100000	13100000	38300	23600	3680000	3450000	7250000	13400000	65400000	738	74200000	10900000	13100000	3060000	4970000	2720000	93200	29400000	3140000	78000	133000	1400	575000	13900	154000000	5160000	319000	23800000	155000000	3120000	6910000	847000	22000000	597000	115000	61400000	1430000	419000	138000	295000	9770000	568000	67400	929000	7920	9330	204000	1240000	50700	109000	207000	419000	49900000	74700	304000	1130000	1380000	192000	9680000	15800000	3250	159000	11400000	204000	9660000	10500	326000	393000	743000	11500	208000	2080000	6640000	1970000	896	8930	2740	34400	4090	286000	8460	760000	130000	71700	46900000	2490000	271000	214000	149000	3000	2730000	30100	65700	15100	7330	417000	369000	1240000	45800000	45200	2400	668000	5790	1150000	144000	22500000	3050	781000	13700	122000000	3890000	177000	28900	68600	3580	24500	3360	34400	125000	10200	334000	CML139	CML139	metabolite_183_known
AMP_metabolite_traits	CML162	Zea	mays cultivar:B73	CML162			56300	1070000	13700	383000	1090000	15400	774000	4030000	975000	49900	24000000	12600000	42800000	11100000	57900	110000000	13500000	11000000	2700000	39200000	611000	26400000	1010000	359000	233000	8720000	3980000	251000	566000	974000	11300000	4700000	304000	487000	1080000	238000	27700000	455000	2790	604000	123000	659000	20100000	17300	8270000	3880000	37500	7960000	1760000	9630	3000000	931000	17900	21200	61200	6990	62700000	0	2230000	63300000	144000	18400	6820000	183000	411000	85200	1980000	82500	2640000	117000	93400	52300	230000	83900	58300	564	79300	25700	595000	1600000	42600000	13100000	2670000	8750000	26300000	128000	11000	1430000	1090000	983000	104000	33200	931000	2280000	952000	2220000	80200	165000	802000	73100	6410000	19000	12300	6160	1410000	85800000	21600	9250000	473000	5160000	548000	1100000	32800000	20800000	2840000	2130000	3450000	122000000	404000	11200000	227000	114000	1590000	5700000	584000	160000000	7170000	11300000	43300	39800	2780000	2510000	9720000	13800000	4110000	1470	48000000	10500000	5180000	440000	12800000	2280000	100000	5670000	10000000	671000	30000	12800	2280000	99000	215000000	14000000	10500	463000	187000000	6950000	12500000	99200	43300000	1800000	58700	63100000	4950000	251000	143000	402000	12500000	815000	255000	40900	11000	84700	367000	478000	108000	1710000	276000	88000	71100000	33400	507000	1860000	1170000	350000	7510000	15700000	8740	11800	6080000	194000	2380000	8360	276000	113000	671000	91	639000	2630000	12800000	3490000	2300	7280	6050	21000	4750	385000	42600	2200000	406000	5970	112000000	8230000	141000	7650	15100	4110	781000	3890000	57000	8850	4220	224000	280000	1370000	24200000	38200	8220	504000	11200	210000	45900	12800000	736	387000	3080	120000000	2940000	380000	10500	24500	1030	8890	13800	2350	36300	3560	135000	CML162	CML162	metabolite_183_known
AMP_metabolite_traits	CML163	Zea	mays cultivar:B73	CML163			137000	1380000	34500	181000	663000	21800	560000	6090000	4780000	114000	13800000	9670000	21300000	13300000	15100	147000000	20000000	5930000	9870000	29800000	464000	16100000	990000	132000	164000	14700000	4230000	262000	665000	353000	12300000	2760000	1310000	1080000	1030000	46900	30800000	711000	2710	1060000	81700	510000	45300000	30600	4600000	36300000	1130000	32200000	2300000	3560	27300000	259000	1770000	30900	1790000	21600	33500000	35700	2500000	53600000	419000	2890	15800000	114000	1830000	99700	1140000	61900	696000	68200	151000	23200	93900	22200	15900	580	50000	12500	223000	2930000	26100000	7340000	1920000	11500000	26100000	80900	0	1490000	2120000	1630000	10900	187000	209000	796000	1720000	1010000	37600	611000	664000	42600	6730000	2010	1240	67100	4600000	60300000	63900	6840000	1970000	1160000	1210000	1030000	47200000	29600000	4810000	1450000	2070000	163000000	294000	29100000	3630000	24700	2190000	4560000	338000	118000000	74500000	9670000	30700	19000	9060000	7400000	16600000	14400000	76600000	1350	49100000	14100000	79300000	12200000	107000000	3140000	207000	63900000	5300000	22600000	410000	7190	15500000	50200	171000000	12900000	255000	3750000	177000000	8350000	9160000	48100	33400000	944000	12200	66900000	3570000	295000	149000	149000	11500000	823000	336000	536000	22800	10300	767000	1080000	127000	3560000	470000	376000	43800000	23700	428000	779000	1160000	398000	10000000	14000000	2510	1230000	21100000	733000	14700000	160000	371000	88200	969000	349000	361000	2360000	10800000	1350000	4080	20700	1490	18500	6710	2550000	6580	1440000	301000	10100	85500000	5940000	158000	1510	15900	901	1550000	66800	41400	13200	9290	541000	1090000	717000	101000000	84300	5680	414000	2330	10900000	1250000	32200000	584	10900000	14400	116000000	2700000	259000	7890	76000	1240	22600	4770	3720	5790	1320	446000	CML163	CML163	metabolite_183_known
AMP_metabolite_traits	CML165	Zea	mays cultivar:B73	CML165			48500	756000	61100	5360	1170000	44600	1890000	4410000	2490000	72200	9600000	22300000	35400000	9380000	46800	83000000	16500000	6570000	1740000	32300000	505000	19300000	893000	347000	209000	11000000	3760000	250000	567000	515000	11900000	6020000	42200	946000	1190000	44700	24200000	538000	6340	1370000	74600	368000	12200000	26600	5830000	1950000	237000	4510000	2260000	8890	43700000	431000	83800	4600	123000	61100	56800000	170000	6400000	35900000	71500	2140	19000000	77400	2540000	108000	1380000	210000	1090000	225000	220000	36500	2110	14400	32300	357	17300	2770	203000	777000	22600000	7190000	3000000	9810000	21400000	91100	6030	1740000	3010000	1260000	444000	184000	63400	1690000	1920000	1310000	83200	128000	779000	72100	7960000	6270	2670	27400	1740000	59100000	26200	5340000	579000	1790000	2690000	1540000	45900000	22900000	3930000	1060000	2290000	153000000	354000	2130000	162000	97500	1790000	4780000	391000	120000000	82600000	13100000	33100	31200	7550000	4420000	9810000	12300000	18700000	1370	43200000	6770000	43200000	2540000	84500000	2900000	566000	61500000	12400000	4300000	17300	2400	2860000	2650000	255000000	7760000	59300	6800000	185000000	12500000	10700000	1710000	38400000	1560000	39200	59900000	2610000	78700	131000	531000	4360000	1600000	104000	163000	11000	12500	314000	346000	107000	645000	696000	237000	51500000	74400	954000	939000	501000	179000	9640000	15800000	14300	686000	3700000	89400	807000	138000	296000	2320000	1020000	172000	461000	5310000	5980000	1940000	4840	12000	25200	25200	4100	443000	176000	1810000	416000	117000	134000000	12700000	148000	63700	27000	10400	816000	531000	299000	13100	7530	300000	143000	767000	17700000	38200	118000	551000	25200	9700000	324000	29400000	786	6240000	10100	152000000	9540000	322000	1210	32700	536	54800	6810	9170	535000	37700	595000	CML165	CML165	metabolite_183_known
AMP_metabolite_traits	CML169	Zea	mays cultivar:B73	CML169			113000	760000	95000	224000	584000	80000	929000	13500000	3480000	67200	12700000	10400000	25300000	10000000	48200	118000000	19200000	8290000	3100000	35900000	874000	27200000	1070000	216000	266000	12200000	4260000	587000	831000	290000	24600000	2820000	24200	1040000	1220000	34800	21200000	444000	930	2410000	147000	524000	27000000	45700	5800000	40800000	2470000	34300000	1890000	13900	37600000	690000	1120000	109000	375000	87300	59300000	441000	5210000	59800000	259000	2960	19100000	83400	4350000	83400	1560000	77200	1230000	52300	152000	142000	118000	42700	18100	743	71700	18900	151000	1600000	37700000	9540000	2090000	9600000	21600000	76400	5900	1950000	1250000	1500000	36400	309000	731000	1700000	970000	1260000	50300	606000	292000	32800	7710000	16600	1950	8990	1930000	67200000	1220000	10600000	527000	4620000	2170000	1220000	67600000	28600000	5690000	1510000	2040000	171000000	700000	3000000	174000	34100	1470000	5740000	528000	144000000	46600000	7160000	182000	15300	11900000	10500000	18700000	19200000	50800000	3100	99500000	20600000	50500000	1590000	51400000	2070000	114000	56500000	15700000	27300000	244000	2610	13000000	670000	231000000	13500000	5290000	6140000	184000000	19100000	11500000	125000	46600000	73600	23600	64600000	10900000	204000	111000	156000	7710000	454000	322000	1320000	9890	11500	1110000	729000	191000	1850000	636000	2290000	50600000	215000	261000	1490000	2450000	333000	15100000	9720000	9690	59700	9160000	1140000	2920000	136000	289000	269000	1220000	530000	510000	7190000	13300000	1120000	3480	6780	2780	18900	5330	406000	12500	1540000	375000	5220	99500000	8320000	205000	14000	19000	3540	2870000	86700	36800	10400	19600	541000	299000	2650000	52800000	74700	8880	419000	38300	206000	465000	14800000	2440	570000	16100	119000000	2900000	251000	4160	1630000	4230	16000	5290	5830	69900	3560	290000	CML169	CML169	metabolite_183_known
AMP_metabolite_traits	CML170	Zea	mays cultivar:B73	CML170			63600	582000	64900	671000	806000	48100	447000	2540000	1530000	22400	16900000	9000000	24200000	14800000	15500	90200000	17500000	6820000	4270000	38300000	491000	19900000	1910000	168000	147000	24300000	7990000	122000	644000	572000	6080000	1800000	5180	820000	976000	39100	28200000	473000	1140	774000	120000	524000	883000	31600	3840000	12600000	174000	34500000	1510000	11400	11900000	525000	907000	10200	878000	20800	40200000	86000	1440000	41400000	176000	18800	17300000	45800	947000	75000	670000	106000	1930000	646000	423000	100000	296000	40700	21000	241	77700	7150	56500	1100000	14600000	5700000	1200000	5950000	23500000	65600	8190	1010000	2280000	1780000	1080000	87800	72700	1740000	1240000	1090000	47500	76800	570000	74200	6850000	25700	4460	12100	722000	66900000	506000	20400000	662000	1870000	1430000	700000	77700000	32800000	3360000	1400000	2900000	95700000	812000	2900000	277000	59100	2750000	8510000	487000	121000000	70400000	9310000	36900	21400	7390000	9460000	15800000	14400000	3640000	2080	65400000	14100000	34100000	735000	38100000	2300000	534000	39800000	20900000	47900000	43200	4720	15700000	1400000	231000000	12200000	519000	6650000	188000000	31500000	19000000	2750000	68300000	799000	41600	63900000	5240000	612000	221000	157000	13600000	2760000	419000	1830000	34600	20500	604000	2130000	160000	1940000	519000	2040000	66000000	19300	371000	852000	1540000	320000	9880000	8230000	8680	114000	5320000	955000	10800000	84200	392000	1400000	1190000	87500	12100	7330000	12800000	1780000	10000	6940	5320	30200	5860	647000	24700	1580000	477000	102000	101000000	10800000	238000	293000	49400	6710	446000	1830000	354000	6560	13600	571000	316000	515000	27000000	93100	24700	461000	15100	1000000	259000	2200000	10000	1270000	62700	76600000	6430000	204000	27700	277000	778	45400	4040	11300	362000	16800	324000	CML170	CML170	metabolite_183_known
AMP_metabolite_traits	CML171	Zea	mays cultivar:B73	CML171			22900	899000	65700	357000	1460000	26900	330000	4240000	2090000	17000	17000000	22500000	34800000	14700000	27500	66000000	12700000	9040000	2320000	30600000	389000	20500000	1280000	196000	142000	9020000	4860000	128000	533000	194000	9890000	2680000	143000	726000	1070000	228000	31800000	161000	2900	821000	122000	605000	1950000	25500	4970000	2960000	228000	12500000	2580000	14000	36000000	572000	2080000	18500	1520000	11200	75800000	92800	1890000	39100000	209000	5200	6390000	50400	1010000	91100	837000	155000	1010000	219000	635000	14400	149000	41900	31800	318	94900	14900	56400	724000	25100000	8380000	2640000	9910000	15600000	95900	3780	1760000	2150000	1310000	34300	60400	59800	1890000	1150000	1920000	127000	574000	314000	65300	9910000	713	908	11700	1740000	52700000	129000	10000000	1170000	6630000	1210000	1600000	24900000	26500000	3190000	1400000	2640000	133000000	737000	7030000	473000	65700	1770000	5620000	660000	129000000	69400000	10800000	78900	66700	15600000	11600000	18400000	23000000	6360000	2460	61800000	15900000	9070000	544000	18200000	3100000	92700	52600000	11400000	56700000	111000	786	23800000	112000	221000000	17900000	2170000	6450000	179000000	24500000	18700000	303000	63400000	749000	42300	68300000	4910000	734000	115000	305000	11400000	2560000	565000	92500	18800	21100	1270000	657000	165000	223000	366000	1590000	46700000	6240	575000	1480000	1330000	553000	11600000	13900000	4200	377000	10200000	770000	2710000	75800	256000	299000	542000	162000	2070	3560000	15400000	3170000	4740	11700	3300	22100	4160	390000	13500	2180000	529000	33000	122000000	12200000	265000	53100	45900	1400	1930000	434000	63800	10000	3730	307000	350000	567000	59700000	246000	7590	500000	11600	4310000	772000	16400000	605	4700000	8340	125000000	3750000	232000	9780	224000	859	17600	4040	9540	58200	17100	283000	CML171	CML171	metabolite_183_known
AMP_metabolite_traits	CML172	Zea	mays cultivar:B73	CML172			49400	817000	66700	351000	1060000	47300	465000	4180000	2340000	26600	5020000	17000000	46800000	11900000	33000	77300000	15700000	9050000	3030000	45000000	491000	26700000	1570000	357000	134000	7550000	6940000	183000	479000	785000	8060000	3060000	181000	1380000	1460000	27800	55400000	272000	1510	555000	135000	677000	5800000	26100	8750000	5130000	256000	18400000	2740000	4020	33800000	648000	1550000	50100	1370000	2770	50400000	274000	2790000	33800000	164000	7450	17300000	62600	1650000	85300	806000	288000	1280000	250000	436000	6890	274000	48400	12300	438	93400	13200	68600	897000	27200000	9660000	4570000	10100000	20100000	109000	6250	1920000	5560000	1390000	56500	64500	30600	2300000	1530000	1550000	113000	361000	1390000	168000	28400000	4010	4610	36300	4040000	73800000	324000	8240000	683000	3790000	1690000	856000	27800000	22700000	2250000	807000	2480000	134000000	448000	6960000	295000	45100	2010000	5320000	307000	137000000	94100000	10800000	54300	57600	11300000	4710000	13600000	17700000	3990000	368	53000000	5560000	5750000	428000	15600000	3420000	60300	44000000	12700000	18100000	144000	623	17000000	1130000	282000000	13800000	1070000	1130000	191000000	22100000	14800000	133000	48400000	371000	25700	59200000	5370000	1720000	115000	537000	4450000	2040000	380000	55000	4540	12300	786000	344000	168000	632000	384000	661000	53800000	36100	436000	2130000	1250000	326000	12600000	14000000	1530	251000	6170000	541000	1740000	29400	465000	153000	470000	112000	21700	4740000	7520000	2830000	4110	5420	2810	26800	5950	299000	13700	2120000	527000	9920	92700000	9140000	195000	12700	38100	1770	821000	271000	53300	5690	2350	303000	426000	741000	27800000	78500	5190	502000	17800	3590000	430000	25300000	382	2890000	17400	141000000	3150000	251000	3070	159000	668	9990	14400	7540	29500	12300	323000	CML172	CML172	metabolite_183_known
AMP_metabolite_traits	CML189	Zea	mays cultivar:B73	CML189			90200	701000	46700	359000	627000	61700	1850000	8340000	4110000	282000	38000000	13500000	22700000	21200000	53600	164000000	23600000	6010000	6590000	30600000	326000	25500000	872000	65800	157000	13400000	4040000	284000	565000	359000	20900000	1700000	4720	600000	849000	49400	964000	191000	1090	1890000	79700	734000	2600000	36000	2940000	3420000	200000	7020000	743000	1340	9260000	810000	276000	17200	382000	22100	44100000	6760	1990000	32500000	55600	14200	14700000	50700	205000	57700	894000	105000	4000000	61200	214000	15300	155000	42100	18500	357	49900	30600	52500	2840000	29800000	8300000	1290000	5650000	24700000	108000	4090	1820000	706000	717000	57200	94700	102000	613000	1260000	963000	63700	2210000	358000	13600	2640000	9390	3560	1180	1460000	59900000	4820	14000000	164	1760000	1930000	1160000	49400000	27800000	2420000	2160000	2490000	146000000	258000	2080000	102000	77700	1410000	5300000	414000	132000000	3600000	7420000	50100	22600	10300000	9880000	12400000	14600000	977000	1680	65200000	6330000	765000	293000	551000	2190000	14900	23000000	13600000	3240000	49000	3650	8230000	42800	213000000	41700000	66800	1330000	171000000	6870000	5690000	315000	20500000	1120000	69100	62000000	5160000	113000	117000	305000	65400000	549000	353000	184000	178000	22000	314000	610000	163000	1020000	321000	129000	65100000	10500	182000	2810000	2350000	550000	6220000	17300000	12300	5360	1970000	396000	282000	2440	393000	175000	718000	220000	1390000	6010000	6210000	607000	5280	10600	4190	27000	6400	235000	20900	1820000	401000	37300	103000000	8350000	178000	96000	66200	21700	3230000	63200	61600	7840	5320	310000	92800	451000	8060000	30500	17200	272000	14800	17100	114000	4980000	754	91000	4940	124000000	3030000	337000	2410	15500	2390	20500	4480	7820	352000	56300	3240000	CML189	CML189	metabolite_183_known
AMP_metabolite_traits	CML191	Zea	mays cultivar:B73	CML191			195000	414000	17400	299000	456000	5530	469000	3110000	1140000	20400	68700000	7580000	6940000	44400000	12200	52500000	6230000	5080000	2900000	24800000	627000	21200000	801000	131000	306000	12600000	10800000	468000	485000	102000	8980000	282000	1670	472000	915000	16800	18800000	96700	0	1410000	45700	171000	4070000	13100	2920000	20100000	233000	44500000	2540000	14900	7310000	296000	39800	2740	136000	44900	28900000	10800	2020000	32000000	91900	4950	9680000	9200	920000	58800	138000	2820	1840000	119000	231000	169000	163000	22700	4160	458	33600	2410	22000	549000	15800000	3390000	2630000	3430000	13900000	37100	2640	551000	422000	184000	107000	37700	22900	625000	564000	795000	35500	56800	185000	30400	3140000	2540	3710	2870	2570000	64500000	12300	14600000	230000	1930000	409000	744000	74900000	27600000	1950000	1600000	1820000	161000000	334000	1910000	101000	51700	1510000	6460000	259000	143000000	7060000	21700000	344000	22400	26300000	19500000	5980000	13600000	2120000	51600	74000000	12400000	4140000	353000	9070000	3430000	128000	8000000	7140000	3440000	17200	12100	8350000	2140000	192000000	20900000	155000	12100000	164000000	7320000	4440000	1100000	15000000	1610000	38500	64400000	3540000	88900	100000	93900	15400000	1060000	342000	1750000	16000000	7600	294000	730000	74000	2950000	546000	182000	56300000	193000	295000	914000	2730000	716000	14100000	15000000	6830	13100	3350000	350000	1190000	8810	372000	280000	919000	27900	231000	6460000	14800000	999000	16000	10600	3580	21900	3980	274000	8440	1170000	313000	42600	60100000	4580000	226000	219000	28400	4850	1690000	70800	99300	21300	24400	263000	362000	144000	16400000	73100	11300	455000	6940	72100	63700	1740000	1710	169000	5800	119000000	3360000	297000	2470	18200	3370	16300	5970	12500	268000	52200	406000	CML191	CML191	metabolite_183_known
AMP_metabolite_traits	CML192	Zea	mays cultivar:B73	CML192			40200	851000	42800	284000	336000	20400	564000	6670000	4890000	507000	6090000	10900000	19500000	7700000	33700	71000000	8560000	5830000	11600000	38300000	611000	13800000	620000	174000	109000	12000000	4290000	175000	562000	424000	26400000	6490000	38600	1150000	1310000	284000	2640000	149000	1130	559000	92600	620000	177000	52500	2130000	951000	29300	1540000	1880000	454	13400000	286000	1570000	33000	3490000	16900	39700000	33000	11600000	30400000	120000	2960	6890000	113000	260000	125000	1890000	90300	1660000	191000	182000	111000	162000	20100	10900	179	115000	9710	46200	759000	9850000	4520000	1210000	7250000	19600000	100000	17100	1540000	969000	422000	2580	117000	40900	365000	1220000	1180000	86100	432000	461000	28800	3530000	11100	5610	4730	2120000	58100000	17700	11800000	570	2810000	1500000	882000	43400000	21100000	4770000	1010000	1850000	168000000	353000	5740000	121000	133000	1640000	4850000	238000	130000000	10700000	10300000	96000	34500	4650000	2850000	10900000	16200000	436000	21900	59300000	5780000	1360000	115000	3960000	2510000	65900	13700000	7950000	13800000	91600	33500	26700000	206000	203000000	42600000	75700	42600000	168000000	6440000	8470000	12500	26500000	385000	32500	61700000	1690000	80600	94100	358000	13600000	447000	330000	253000	3020	13000	334000	262000	113000	471000	341000	592000	62300000	97200	1720000	1440000	2450000	166000	17800000	12800000	13000	16500	2100000	1130000	282000	6650	470000	69500	1280000	144000	474000	5350000	3190000	398000	19500	13400	4470	24900	2560	358000	6460	1640000	345000	1430	73700000	5370000	307000	2230	27700	1400	1310000	193000	44100	17500	21200	359000	54500	415000	7110000	20000	7550	456000	17900	160000	269000	21700000	1050	327000	1960	130000000	2890000	167000	4130	15100	1050	59300	5090	5190	1350	457	794000	CML192	CML192	metabolite_183_known
AMP_metabolite_traits	CML20	Zea	mays cultivar:B73	CML20			27600	810000	85500	144000	560000	150000	695000	1750000	3000000	61000	4770000	11000000	40900000	4770000	59200	47100000	4310000	7940000	3270000	42100000	662000	16300000	742000	263000	133000	6610000	4230000	133000	1260000	475000	7880000	9750000	78900	1290000	1170000	44300	56600000	183000	43700	451000	88500	433000	20100000	22600	3910000	16000000	658000	23600000	2310000	16700	12700000	330000	341000	132000	816000	3680	39900000	79500	9410000	38600000	124000	55900	13000000	341000	14100000	131000	2920000	181000	467000	86500	225000	91200	88400	39100	19200	223	69300	7620	205000	496000	15200000	6660000	3240000	9570000	20400000	85300	7830	1840000	2390000	939000	54100	182000	141000	1040000	919000	1110000	54500	439000	717000	77900	10100000	615000	230000	10300	3710000	45200000	16900	7430000	411000	1860000	1330000	772000	21000000	8520000	2400000	690000	3540000	53000000	268000	2260000	239000	107000	1520000	4480000	335000	105000000	91700000	8570000	123000	155000	3290000	2820000	10400000	15500000	54300000	942	58200000	3030000	64500000	3900000	59100000	1960000	705000	27600000	6320000	27600000	345000	1330	26100000	162000	220000000	32700000	400000	10600000	171000000	6730000	11600000	17200	40900000	1020000	212000	50200000	1140000	181000	203000	450000	1100000	782000	127000	878000	4750	23200	426000	578000	93300	907000	996000	508000	45300000	121000	476000	942000	1610000	244000	10500000	19800000	5630	128000	4230000	357000	1320000	215000	260000	147000	1430000	311000	441000	3200000	4670000	924000	3760	7080	3990	32600	7290	567000	25200	1780000	308000	1930	92900000	6150000	230000	1590	26000	4630	1740000	1120000	37200	19200	19000	350000	149000	853000	13300000	72800	26800	2690000	1580000	1600000	574000	27000000	103000	1600000	3200	99100000	3040000	256000	1620	120000	9710	32100	41200	103000	14500	2070	138000	CML20	CML20	metabolite_183_known
AMP_metabolite_traits	CML290	Zea	mays cultivar:B73	CML290			53200	575000	52400	101000	819000	71900	389000	1740000	799000	29300	4130000	9190000	35500000	8800000	61600	36300000	7250000	5860000	1330000	32700000	475000	9780000	670000	278000	102000	8740000	3020000	198000	557000	410000	4020000	3530000	963000	1020000	1050000	29500	64400000	760000	5380	322000	79400	675000	1570000	12500	3710000	1720000	246000	6760000	3660000	6900	7670000	177000	35600	8690	141000	67600	38600000	1010000	1950000	27700000	198000	22700	22600000	46100	645000	166000	599000	166000	729000	90300	183000	38000	42400	43600	1120	0	42200	26200	26400	289000	13200000	5270000	3970000	9820000	18900000	71400	31900	2290000	1640000	1920000	198000	155000	67400	1280000	1110000	797000	28100	56400	747000	93600	5450000	29600	5270	15900	1310000	42700000	287000	1210000	190000	6890000	1100000	417000	29700000	8600000	2600000	572000	2930000	56200000	298000	4710000	1240000	199000	1750000	4090000	631000	109000000	73200000	18300000	60700	22500	2970000	1880000	10700000	13100000	6320000	856	58800000	4900000	11800000	2640000	34800000	3310000	62800	11000000	7450000	6280000	127000	6570	9720000	397000	212000000	13100000	1910000	4700000	170000000	24100000	21700000	282000	73400000	139000	53100	61200000	3590000	994000	210000	307000	4300000	503000	78800	22000	10500	20200	239000	874000	93300	91800	344000	554000	42200000	50200	126000	1870000	1160000	417000	11000000	21600000	16400	71100	3940000	226000	4480000	52500	254000	594000	1150000	157000	579000	6070000	4590000	1560000	4470	16500	4600	22600	5660	273000	20700	2130000	375000	17300	93000000	6900000	267000	75500	18900	13300	1020000	37300	53700	12700	34500	551000	215000	714000	14200000	116000	38500	358000	67400	1120000	438000	15200000	3290	916000	4480	57200000	3090000	143000	8890	364000	33300	14400	3820	9770	109000	16100	109000	CML290	CML290	metabolite_183_known
AMP_metabolite_traits	CML304	Zea	mays cultivar:B73	CML304			37300	477000	48600	78200	1050000	46300	223000	2670000	6890000	226000	7900000	14000000	29700000	6710000	101000	44300000	7740000	9690000	8450000	34400000	504000	11500000	646000	242000	166000	9470000	2170000	78000	411000	468000	10700000	3300000	894	723000	1550000	46100	28500000	539000	88700	105000	89800	477000	8720000	102000	1430000	3200000	201000	2270000	2580000	2590	15300000	701000	637000	13900	1440000	30900	61100000	282000	361000	33800000	98400	29300	15400000	269000	676000	116000	1880000	219000	533000	109000	137000	12000	61300	20300	256000	722	58000	17900	13600	464000	8830000	4380000	3110000	8090000	26300000	67500	1410	2240000	3690000	759000	186000	97800	31000	1460000	1250000	1770000	120000	141000	423000	81400	12800000	35300	29200	3190	2510000	64400000	387000	3510000	375000	3100000	2820000	866000	11400000	5510000	2410000	457000	884000	122000000	415000	3340000	79700	83900	1030000	3920000	519000	109000000	8660000	15700000	2650000	314000	1280000	766000	7390000	14300000	1960000	4980	76800000	1270000	939000	333000	1250000	2130000	5590	12500000	8990000	12200000	37500	2190	15900000	455000	221000000	25600000	184000	511000	170000000	3820000	9380000	414000	30100000	171000	115000	58800000	850000	166000	92100	306000	1930000	251000	98400	3200000	59100	15500	181000	312000	57600	3180	418000	298000	44300000	20500	384000	2100000	2420000	248000	11700000	16800000	28300	17400	4500000	337000	1760000	9120	186000	212000	1060000	27600	573000	3650000	3610000	1310000	12800	14200	14400	44300	20300	256000	22600	1480000	257000	52700	106000000	7660000	336000	141000	248000	3360	473000	14100	50200	8600	14800	178000	127000	559000	16400000	51200	25400	662000	153000	51500	34800	27900000	1570	151000	5490	134000000	2810000	109000	3810	96700	816	12300	10900	16600	57400	8650	306000	CML304	CML304	metabolite_183_known
AMP_metabolite_traits	CML31	Zea	mays cultivar:B73	CML31			23700	896000	43900	210000	896000	25000	178000	2440000	2280000	72500	3960000	7550000	14800000	5570000	83000	33700000	6190000	4860000	2020000	28800000	768000	12400000	3320000	540000	204000	12500000	2370000	154000	614000	1210000	4340000	5040000	44300	426000	1800000	18100	58000000	338000	0	250000	40000	313000	15800000	20500	7400000	7720000	933000	2740000	2380000	0	71600000	147000	354000	235000	69900	2500	22100000	2220000	5770000	20100000	73600	7870	15900000	31200	1100000	163000	464000	72300	196000	88300	267000	148000	62300	9540	2310	688	41800	12300	50800	421000	19800000	5280000	6180000	10900000	15700000	48300	4040	1100000	1060000	1660000	72000	10100	302000	1000000	1120000	564000	24400	252000	1390000	83700	2980000	2790	1530	31100	1470000	56600000	2770000	2560000	515000	3310000	1190000	1120000	56200000	7860000	2900000	603000	1640000	74300000	307000	4850000	469000	145000	1730000	4770000	314000	149000000	109000000	13700000	2090000	86000	3470000	1780000	12100000	18600000	72100000	6040	69700000	7620000	54300000	3230000	38300000	2370000	142000	53000000	6990000	3410000	884000	2250	1350000	66600	254000000	5530000	4090000	32200000	187000000	4240000	10100000	1560000	34200000	5440000	67200	65900000	2460000	170000	152000	312000	1300000	1410000	131000	467000	5410	15100	1110000	402000	120000	1010000	409000	645000	52700000	68400	1260000	1150000	862000	333000	4000000	12000000	33300	1320000	3980000	315000	3170000	59200	540000	916000	100000	1010	466000	2250000	4160000	2210000	7480	5300	11600	23200	7870	683000	31600	1490000	256000	65800	91000000	5250000	346000	157000	32100	4850	4270000	129000	105000	26000	17200	516000	83100	903000	15700000	43300	33600	428000	212000	12700000	2990000	17700000	2070	14300000	19300	140000000	4710000	117000	1930	4720000	1830	82400	4910	14400	75700	2100	60200	CML31	CML31	metabolite_183_known
AMP_metabolite_traits	CML32	Zea	mays cultivar:B73	CML32			26600	292000	59500	68500	2590000	85000	818000	2560000	1350000	61700	11600000	6330000	27600000	7810000	11000	19900000	7080000	3670000	2980000	35800000	971000	12400000	1050000	192000	264000	5450000	3790000	86300	626000	115000	5510000	1660000	53200	902000	1190000	34000	31700000	307000	3140	311000	53100	773000	4870000	9460	6000000	3360000	111000	4740000	2570000	3630	22700000	357000	22600	9910	165000	30500	35500000	55700	3810000	23400000	202000	366	17500000	19700	954000	157000	375000	122000	455000	63100	391000	6150	28000	25000	632	0	18000	7770	12600	207000	9660000	3650000	1520000	6520000	14000000	118000	1520	885000	1180000	704000	31000	89100	416000	562000	1650000	547000	0	286000	199000	45600	3530000	10100	692	37400	3390000	57900000	15500	9340000	97600	8730000	667000	764000	20500000	9520000	4370000	732000	1620000	73800000	806000	2170000	140000	131000	1280000	5190000	297000	132000000	25200000	26900000	25000	8770	1130000	1460000	7100000	17800000	2820000	438	41600000	2800000	7420000	361000	16500000	1890000	107000	38500000	4890000	5750000	24800	5850	9010000	58200	187000000	14000000	103000	10200000	153000000	5270000	6520000	111000	21900000	1960000	15800	70700000	905000	236000	157000	334000	2800000	714000	56400	476000	1460000	10800	95600	760000	20800	329000	321000	167000	45700000	48700	196000	1480000	1110000	263000	11300000	13700000	2090	68300	5250000	163000	2070000	18700	376000	94800	969000	150000	658000	3400000	7640000	860000	2870	5900	7660	32200	4970	108000	10400	965000	160000	2790	54500000	3000000	155000	15100	148000	1700	4120000	851000	35700	7320	10700	338000	101000	605000	16200000	24500	5970	306000	10900	1790000	242000	25900000	834	1450000	7330	110000000	2690000	209000	1680	10200	598	36800	8730	4590	11200	2980	611000	CML32	CML32	metabolite_183_known
AMP_metabolite_traits	CML323	Zea	mays cultivar:B73	CML323			45600	924000	121000	99100	1130000	151000	255000	1690000	2570000	63100	9660000	15700000	43400000	7510000	75500	57600000	6390000	6950000	5590000	32300000	929000	12300000	1290000	318000	128000	8560000	3040000	369000	2170000	270000	3700000	20900000	11500	1210000	1270000	26200	5370000	996000	1820	338000	64000	487000	5370000	21800	3760000	3960000	287000	3150000	1480000	3600	2750000	516000	700000	6930	741000	13500	59500000	200000	2570000	35800000	75500	7880	15300000	270000	846000	175000	2220000	187000	148000	207000	809000	148000	53700	29700	12400	393	39300	36600	29900	606000	15200000	6020000	5960000	12000000	35500000	71400	6000	2790000	1220000	1200000	75300	124000	291000	1390000	1420000	1200000	69700	57100	310000	64300	7040000	8430	0	0	1240000	37400000	99000	2680000	193000	12700000	583000	1050000	4940000	3550000	3830000	851000	6510000	43400000	352000	24800000	69700	281000	2950000	6680000	641000	155000000	1840000	20800000	25000	13400	846000	841000	12500000	14500000	4510000	316	60800000	2440000	268000	278000	188000	2030000	1670	11400000	18200000	10600000	33900	1120	6390000	130000	215000000	5350000	407000	2860000	189000000	6570000	12800000	59100	43200000	29300	26400	61500000	2190000	113000	355000	532000	474000	4350000	122000	18600	10700	19400	564000	366000	138000	944000	527000	172000	58300000	187000	149000	1250000	999000	138000	16500000	22100000	3960	19900	3020000	243000	925000	3310	259000	113000	748000	85800	1290000	25700000	3000000	2970000	3360	16300	5010	26200	4620	112000	17100	3420000	662000	3520	146000000	13800000	135000	15100	14800	5200	69600	17000	46900	54100	7300	188000	201000	918000	10100000	25900	14100	398000	24100	11400	19700	19300000	2290	21800	8890	41100000	3380000	429000	5290	163000	18200	4820	7240	7900	43700	4800	648000	CML323	CML323	metabolite_183_known
AMP_metabolite_traits	CML324	Zea	mays cultivar:B73	CML324			200000	562000	62800	294000	910000	81300	539000	5610000	4730000	106000	7930000	12800000	18500000	15100000	13300	90100000	15800000	6770000	7230000	41300000	1150000	35500000	1440000	212000	178000	4510000	8150000	392000	1560000	456000	8140000	14700000	67400	1350000	904000	48800	6420000	155000	2570	515000	110000	457000	21900000	35600	3860000	5330000	234000	22100000	3880000	4800	7230000	191000	134000	17400	591000	28400	36200000	521000	11300000	42600000	386000	7880	12200000	469000	1950000	149000	3470000	140000	856000	242000	375000	31000	113000	39000	885	1140	50900	36800	47900	934000	25700000	10500000	4390000	9940000	31800000	82600	395	1530000	1570000	854000	21500	117000	28900	3630000	1280000	959000	66800	408000	459000	36700	6220000	9060	2960	9820	7660000	49400000	45900	14400000	1230000	3020000	1800000	736000	14200000	20100000	7430000	1940000	5080000	102000000	225000	16800000	220000	90800	1810000	3220000	460000	120000000	15200000	8430000	19500	22700	6970000	3900000	14800000	15800000	32300000	9840	53700000	6730000	3300000	536000	7800000	2450000	71800	33600000	3030000	5370000	55700	2120	12000000	464000	183000000	32000000	982000	24600000	156000000	24300000	12800000	125000	43600000	206000	25500	59000000	2400000	206000	126000	236000	4530000	926000	177000	23300	2990	24800	308000	350000	270000	410000	402000	207000	53800000	80500	179000	1070000	3060000	265000	9140000	15200000	3800	85000	4950000	588000	1840000	5640	313000	139000	921000	48700	1570000	3560000	3250000	3270000	5190	12900	4830	27000	3270	347000	20000	861000	216000	18300	69500000	5410000	221000	4080	50800	1060	2210000	326000	60100	21300	2810	378000	239000	914000	17700000	28300	4760	373000	8800	986000	132000	36700000	2450	981000	4880	96400000	3200000	243000	2110	87300	2240	40800	8030	20400	17500	1470	716000	CML324	CML324	metabolite_183_known
AMP_metabolite_traits	CML325	Zea	mays cultivar:B73	CML325			30800	976000	23200	248000	692000	46300	188000	1430000	3730000	94100	6730000	3250000	17700000	6020000	53300	35600000	5010000	4420000	8510000	40800000	639000	14000000	699000	138000	189000	11300000	3660000	168000	1210000	419000	6160000	2320000	30300	1360000	950000	31500	4850000	315000	209	318000	59700	561000	1650000	47200	2590000	641000	58100	1090000	1850000	0	7670000	70700	1520000	24400	1340000	25300	28100000	120000	3360000	23500000	154000	1720	18200000	114000	554000	162000	1210000	169000	270000	182000	617000	29400	105000	29300	157	329	18700	24400	18200	407000	12700000	5700000	1150000	10700000	42700000	88600	2660	1620000	1640000	559000	8300	97700	28700	1720000	885000	569000	26500	2200000	441000	76800	6570000	5590	0	2720	2240000	63000000	20700	13800000	330000	4780000	2530000	549000	14800000	8330000	3260000	579000	3850000	72500000	715000	6270000	199000	139000	1540000	5060000	327000	113000000	2440000	7330000	48500	36800	1310000	1540000	10400000	15900000	203000	5030	57200000	2290000	34300	8920	33900	1780000	4030	15000000	3290000	23000000	109000	1320	36700000	183000	192000000	39200000	534000	9800000	134000000	10600000	8930000	78100	30200000	48300	17700	62700000	1250000	340000	342000	413000	982000	675000	229000	510000	1490000	13600	402000	250000	146000	906000	200000	1200000	71000000	47600	262000	2140000	3020000	126000	11100000	11500000	4380	5270	6210000	404000	1760000	3550	294000	132000	1120000	160000	731000	11100000	2750000	1360000	13400	11300	2130	36000	8810	232000	20600	882000	209000	9270	51100000	3070000	149000	7830	18700	1220	2220000	5770	45200	22100	20000	383000	154000	1630000	16000000	15200	7060	391000	51900	14100	21700	24100000	2140	29500	8770	84600000	2900000	258000	2710	56900	11300	19300	4780	3450	7570	1440	721000	CML325	CML325	metabolite_183_known
AMP_metabolite_traits	CML327	Zea	mays cultivar:B73	CML327			47800	743000	95500	257000	1470000	37700	353000	3640000	4190000	82400	12200000	5670000	24600000	11600000	30500	52400000	11100000	6310000	10100000	40500000	689000	14700000	1010000	116000	164000	8300000	4910000	91500	789000	428000	9090000	6090000	38800	853000	2130000	53000	32000000	165000	357	990000	102000	628000	11700000	52000	3390000	7800000	91300	30600000	3270000	20500	11700000	817000	45400	20200	463000	3970	37700000	127000	15400000	28400000	111000	4580	17100000	208000	1320000	199000	1440000	60400	872000	247000	325000	3600000	150000	78700	42500	10900	53400	29600	13700	640000	10800000	4910000	2320000	9170000	22300000	93600	745	1670000	1650000	760000	23400	113000	49900	707000	839000	1450000	32900	651000	493000	58500	7410000	14200	3840	125000	1510000	55900000	20500	8180000	241000	2040000	1100000	838000	14700000	12600000	947000	736000	2810000	81500000	726000	5270000	190000	106000	1310000	5780000	363000	151000000	47700000	6650000	42400	68200	7190000	3760000	11900000	15000000	10100000	586	58800000	6250000	2200000	266000	19100000	1650000	171000	17400000	13800000	1760000	79200	2360	8260000	31600	256000000	22200000	520000	36500000	171000000	5600000	12600000	59000	44100000	308000	36400	61200000	2500000	95600	185000	203000	5590000	1440000	103000	176000	11800	15100	456000	212000	99600	95300	554000	225000	69500000	1260000	575000	1780000	3090000	336000	10900000	15800000	3340	274000	1910000	1270000	249000	14600	403000	144000	1320000	46300	973000	5400000	9430000	1360000	15100	3840	3010	35400	8620	234000	10900	1930000	333000	4560	83500000	5340000	170000	501	36800	834	5360000	348000	67400	473000	479000	518000	75600	608000	6130000	29000	4720	442000	31400	16000000	573000	13400000	2670	14200000	5870	132000000	3230000	72600	12800	36100	525	52600	5800	43700	30300	2380	151000	CML327	CML327	metabolite_183_known
AMP_metabolite_traits	CML338	Zea	mays cultivar:B73	CML338			36400	814000	80400	45000	419000	21400	443000	2690000	1200000	50900	3560000	10100000	38200000	8020000	7640	43900000	6880000	5920000	3720000	32600000	380000	10900000	567000	276000	103000	6060000	2920000	141000	369000	290000	4520000	3710000	32900	1360000	1170000	44000	13800000	768000	339	381000	70700	454000	2010000	20900	1830000	498000	36600	849000	2110000	21600	1810000	191000	162000	22200	275000	21600	59300000	45000	1620000	35700000	265000	22000	22300000	244000	652000	120000	1700000	121000	240000	36800	161000	741000	8520	9810	1400	0	45900	3880	45000	585000	13500000	4640000	2580000	6970000	12900000	71300	131	2630000	2540000	2020000	9840	94600	69000	1290000	953000	1490000	65000	69300	350000	88200	10700000	6080	902	12600	2950000	42100000	15500	4230000	2930000	1630000	443000	425000	27000000	7240000	2690000	634000	1890000	77300000	729000	4250000	193000	215000	1700000	4930000	452000	109000000	88900000	10400000	56200	36700	2620000	2870000	11100000	15900000	376000	3280	63200000	8970000	64400000	7740000	32900000	3320000	585000	51400000	5540000	6350000	117000	6860	5650000	74900	169000000	9040000	931000	8880000	168000000	5810000	8820000	137000	32900000	6200000	25100	64700000	1530000	151000	231000	249000	4210000	200000	139000	1150000	104000	24300	387000	506000	162000	468000	3940000	399000	46200000	410000	282000	1340000	868000	184000	8450000	16100000	7770	951000	7920000	269000	3340000	85600	234000	252000	1430000	185000	1060000	3480000	3710000	3510000	3690	14800	4920	24600	2760	282000	15500	1440000	271000	4920	83500000	5970000	163000	31200	17500	2730	2320000	443000	73800	15300	9930	425000	278000	1780000	26200000	88300	8700	458000	20000	3980000	1250000	14800000	676	4610000	7560	59500000	3770000	339000	2080	394000	2700	62800	4980	4140	63500	14900	225000	CML338	CML338	metabolite_183_known
AMP_metabolite_traits	CML360	Zea	mays cultivar:B73	CML360			20700	940000	50600	244000	634000	90100	110000	1290000	5580000	29600	4920000	6610000	21000000	5010000	68800	58600000	2760000	2980000	4390000	27600000	489000	12400000	1290000	349000	102000	4330000	2760000	70200	575000	439000	2060000	2410000	6010	757000	906000	22600	6480000	263000	115	106000	39500	300000	4460000	75600	2420000	5090000	359000	23700000	1040000	15400	9810000	98800	2370000	15200	608000	1730	15300000	2390000	4120000	20100000	52600	5640	14800000	91200	1420000	127000	950000	55200	225000	158000	147000	89400	71300	5420	37900	286	40000	18400	63000	657000	8830000	5100000	3820000	6910000	24300000	46800	9720	1050000	1370000	1380000	130000	53600	232000	827000	624000	443000	14300	153000	449000	73400	4940000	10800	5380	4120	758000	38300000	1800000	4430000	384000	492000	829000	646000	15300000	9880000	2810000	745000	2140000	79700000	682000	7460000	290000	126000	3110000	5100000	237000	116000000	61600000	6520000	157000	41200	1510000	1520000	14000000	11800000	15000000	1110	83800000	20800000	6630000	1160000	17400000	2900000	189000	53200000	6260000	39300000	64700	6350	11300000	37000	211000000	12100000	3960000	3820000	183000000	12500000	10200000	1500000	33200000	441000	66500	63500000	7610000	2440000	236000	247000	1790000	660000	205000	184000	2200	24300	509000	415000	99500	794000	280000	2880000	71400000	21300	189000	1080000	1690000	361000	14600000	15300000	15100	120000	4150000	266000	4290000	19900	460000	428000	825000	3170	566000	5230000	7510000	1180000	11200	13300	3700	57400	12400	918000	22800	1870000	444000	42400	87400000	6580000	221000	92800	20600	1370	742000	35000	100000	9960	10200	306000	207000	1240000	13300000	54700	15800	532000	100000	880000	336000	18300000	712	1530000	4340	83800000	4210000	331000	24600	4810000	54800	17300	10200	16100	64200	9250	3240000	CML360	CML360	metabolite_183_known
AMP_metabolite_traits	CML361	Zea	mays cultivar:B73	CML361			34800	1040000	24100	8740	1120000	20100	334000	4800000	1290000	49600	2590000	7630000	30600000	7070000	23500	31100000	6500000	5480000	4190000	39500000	900000	15600000	1280000	310000	226000	9010000	3580000	142000	811000	263000	12200000	6380000	14500	1480000	1010000	412000	19700000	294000	11400	2350000	93900	583000	1020000	11700	2290000	391000	70600	2240000	1290000	26000	3660000	376000	203000	24200	590000	5040	42600000	36800	4110000	26100000	62900	124000	8890000	73600	1760000	126000	866000	403000	312000	94000	322000	496000	3400	9940	45900	0	25500	4430	165000	375000	11200000	4480000	1960000	10800000	19700000	70700	3230	1890000	596000	781000	116000	151000	195000	1510000	1080000	1130000	46600	103000	295000	67700	1970000	546000	50000	5240	3630000	63200000	9880	9440000	267000	3530000	2390000	610000	17300000	12200000	1390000	663000	2490000	152000000	342000	8590000	166000	120000	1780000	7660000	330000	135000000	6120000	6040000	122000	85700	9470000	5580000	13300000	14100000	1700000	571	57800000	2440000	586000	174000	3420000	3260000	32100	15200000	7240000	6280000	132000	812	14600000	42000	272000000	36200000	57100	5250000	172000000	3270000	7970000	858000	30000000	398000	842000	61500000	1250000	116000	163000	718000	2450000	427000	60700	105000	10000	13200	492000	344000	57400	276000	421000	354000	69500000	3400000	182000	1820000	2010000	504000	11200000	22000000	6780	18400	1660000	361000	992000	5790	402000	983000	1480000	2650	1280000	10900000	5410000	2680000	12100	11600	13500	56000	13200	637000	59700	2210000	411000	136000	97600000	7230000	716000	150000	13500	5820	488000	46200	238000	28500	27900	460000	114000	623000	6490000	16100	27200	1520000	710000	157000	33300	43200000	35100	401000	11700	111000000	5000000	461000	1330	10100	18500	19500	38900	11000	118000	41800	337000	CML361	CML361	metabolite_183_known
AMP_metabolite_traits	CML411	Zea	mays cultivar:B73	CML411			46200	300000	36300	195000	432000	41600	224000	1840000	513000	42500	5590000	4550000	9550000	9580000	14600	49100000	11200000	3570000	1490000	40000000	621000	17700000	781000	444000	179000	5860000	2970000	179000	1060000	122000	4670000	15000000	11000	1650000	932000	53000	27000000	345000	2400	370000	85800	473000	41200000	15800	2280000	39300000	4130000	27600000	2930000	40300	10600000	75200	38800	381000	171000	159000	27400000	195000	8070000	44600000	253000	6550	21600000	163000	12600000	128000	3370000	233000	491000	125000	422000	9970	68700	11400	175	339	75700	4990	55000	825000	14900000	4820000	4850000	7640000	14200000	59700	2380	970000	1330000	986000	327000	154000	38700	926000	1380000	594000	54300	153000	209000	131000	5620000	7810	3470	32000	2210000	82500000	26300	7880000	642000	8950000	2740000	936000	36600000	10500000	7300000	1140000	4150000	83700000	876000	33700000	159000	191000	4300000	7880000	513000	134000000	32900000	5390000	73800	26300	2250000	2900000	16400000	22100000	7730000	1350	53900000	16300000	11800000	2010000	19800000	2860000	250000	19100000	5890000	27900000	1330000	21300	26400000	667000	186000000	25100000	890000	17300000	187000000	19700000	13500000	903000	51000000	1390000	33800	66700000	4580000	2210000	231000	382000	1870000	957000	265000	382000	528000	20500	1720000	563000	121000	1660000	292000	959000	46700000	38800	402000	2180000	2120000	599000	10900000	14400000	10900	109000	9590000	287000	12200000	5820	461000	1160000	1550000	65000	855000	6900000	6770000	1400000	33400	13000	3930	27400	5780	729000	29200	1520000	445000	65500	99500000	9560000	512000	127000	18600	24300	2750000	547000	150000	10200	8950	231000	304000	801000	50800000	99600	23800	367000	19600	1550000	57000	13900000	6110	1910000	10900	117000000	5070000	265000	57800	136000	3710	66700	5400	30700	666000	131000	474000	CML411	CML411	metabolite_183_known
AMP_metabolite_traits	CML415	Zea	mays cultivar:B73	CML415			50300	510000	94800	106000	1140000	23900	700000	1440000	1430000	157000	8090000	17800000	24400000	6070000	121000	42600000	4990000	3100000	2890000	52400000	696000	15200000	1200000	473000	82100	6900000	4790000	230000	1750000	655000	4950000	5530000	65300	731000	953000	36200	13800000	462000	8550	346000	99300	642000	7480000	8700	7140000	455000	29400	242000	2100000	759	69400000	413000	48200	28900	172000	5720	53900000	38800	3460000	22700000	68400	39400	18100000	98500	362000	189000	2160000	199000	495000	24300	101000	872000	40100	43500	83900	399	62900	42800	122000	383000	11300000	5210000	8890000	6060000	29800000	79300	9080	1970000	3170000	2280000	1240000	127000	64200	1140000	980000	1270000	59900	130000	638000	128000	10400000	5430	2760	3320	2710000	23900000	15000	7410000	385000	5850000	1150000	923000	12400000	10200000	2700000	1200000	6880000	52300000	379000	4390000	328000	192000	1720000	5450000	460000	153000000	19500000	12200000	87100	46500	2420000	1570000	14500000	9790000	34700000	1130	60500000	2390000	634000	68300	664000	2220000	17000	43100000	4550000	10000000	146000	2030	10300000	18000	258000000	13900000	178000	2960000	161000000	3600000	7920000	1160000	25800000	560000	103000	56800000	2150000	172000	260000	504000	1780000	292000	192000	1290000	11300	11400	870000	569000	274000	320000	264000	515000	58600000	590000	455000	1560000	1760000	728000	10800000	12600000	7090	11700	5140000	439000	2170000	6880	273000	1830000	909000	1260	11100	3270000	25300000	2190000	3320	4450	8460	25300	4370	179000	51900	1180000	205000	351000	69800000	4030000	261000	178000	33800	3450	940000	41500	188000	11600	18600	322000	332000	1490000	16100000	56500	23000	514000	16400	247000	488000	20300000	1090	1540000	88000	98000000	6930000	383000	15600	30600	1490	53800	2320	14600	257000	62200	786000	CML415	CML415	metabolite_183_known
AMP_metabolite_traits	CML422	Zea	mays cultivar:B73	CML422			9390	739000	27000	8700	636000	41900	143000	1460000	1770000	52300	3040000	4020000	32200000	7030000	36700	29400000	7480000	1870000	4050000	28000000	304000	6880000	656000	209000	143000	5220000	2820000	53300	394000	341000	3100000	5820000	49300	549000	1060000	44600	51000000	48100	7770	87100	41100	115000	9820000	24500	1490000	1440000	713000	888000	1330000	1580	13900000	50400	31300	11900	302000	4600	19700000	48100	3260000	20200000	34900	241000	9450000	71400	999000	105000	1050000	180000	400000	27800	146000	3840000	8850	2970	4170	612	32900	6540	65000	328000	7990000	3000000	3110000	5930000	7950000	19500	474	1140000	1220000	740000	27300	33200	280000	950000	924000	434000	19200	243000	384000	65300	4490000	114000	18900	8280	1570000	57100000	19500	7950000	854000	936000	640000	731000	19900000	9680000	2030000	489000	2240000	66900000	226000	4590000	163000	163000	1960000	4110000	392000	122000000	49400000	12200000	157000	64700	1160000	1220000	9130000	11100000	6580000	1720	59200000	2230000	2840000	970000	5700000	2860000	52200	10300000	3380000	7870000	32600	27600	17500000	116000	179000000	35600000	132000	7830000	162000000	10200000	6740000	1160000	22100000	1260000	644000	56900000	2030000	120000	142000	438000	2030000	311000	128000	933000	282000	32800	276000	356000	106000	331000	515000	284000	41300000	1430000	263000	1120000	1890000	147000	10600000	12800000	4780	28500	4460000	529000	1130000	11200	367000	318000	189000	3320	498000	4810000	2640000	1700000	32500	12500	10400	51500	9360	506000	59800	1170000	309000	66600	63500000	4170000	635000	169000	133000	3820	523000	312000	119000	195000	343000	230000	222000	511000	14400000	21000	43700	576000	128000	406000	59700	28300000	2870	220000	6300	110000000	3230000	311000	29600	27100	98200	19600	17700	44400	59600	17900	803000	CML422	CML422	metabolite_183_known
AMP_metabolite_traits	CML423	Zea	mays cultivar:B73	CML423			68300	1100000	69000	245000	970000	19400	1780000	1630000	1770000	70900	9130000	8430000	17800000	6390000	283000	50300000	4530000	4420000	1570000	32500000	603000	17400000	907000	193000	296000	8450000	4300000	261000	767000	325000	5340000	5390000	165000	683000	1620000	35700	13600000	337000	1630	422000	116000	437000	2540000	23200	2220000	2490000	90400	4260000	1460000	892	7010000	131000	429000	81400	243000	162000	32400000	773000	6430000	66400000	463000	1190	17300000	161000	138000	173000	1450000	137000	828000	76800	221000	36800	122000	32800	1230	14000	56700	17300	49500	570000	10900000	4020000	3240000	13900000	32100000	49500	14400	3140000	1560000	754000	6710	110000	59500	763000	887000	733000	39100	302000	424000	49400	5010000	144	0	7530	1680000	69600000	331000	6410000	1370000	6410000	1110000	674000	23900000	12600000	1880000	741000	1890000	39200000	830000	4920000	337000	111000	1960000	7580000	321000	131000000	8160000	8340000	16400	20900	5780000	4650000	9970000	13300000	1470000	1030	51300000	5710000	965000	253000	762000	2180000	6400	5980000	4600000	25400000	89900	1030	12500000	982000	240000000	11800000	2260000	14100000	134000000	13700000	8170000	17700	30900000	2030000	13100	61700000	4130000	142000	157000	338000	2380000	464000	230000	501000	5820	14000	417000	350000	83900	1020000	180000	482000	57000000	37900	398000	1670000	1190000	218000	13100000	15600000	2980	26500	3090000	725000	902000	6730	391000	98900	945000	54200	9370	7950000	5810000	1490000	3090	9650	3690	24500	4160	65400	36900	1450000	351000	3400	67500000	4730000	132000	2390	16800	542	1260000	91500	41800	10300	12700	269000	158000	418000	11400000	32800	7950	452000	4530	279000	72200	24100000	2840	1100000	8560	120000000	2930000	108000	900	1350000	1280	34000	2200	3120	2220	333	416000	CML423	CML423	metabolite_183_known
AMP_metabolite_traits	CML426	Zea	mays cultivar:B73	CML426			64200	1860000	54100	103000	499000	59000	310000	5920000	2480000	27500	11200000	6740000	49800000	5770000	84200	92300000	12300000	5380000	6380000	39700000	874000	25700000	1160000	881000	311000	16100000	3330000	291000	668000	606000	12700000	6860000	39400	1190000	853000	37300	51100000	505000	2500	1110000	83400	500000	14500000	31800	5980000	1060000	95700	3640000	2630000	25000	15400000	251000	267000	19700	696000	67100	34600000	80100	1410000	27900000	185000	8270	24100000	180000	764000	90800	1350000	312000	1570000	163000	656000	167000	44600	25300	2440	0	55000	25000	37200	1390000	26700000	8220000	3450000	34200	34800000	51600	12400	2800000	2370000	1550000	169000	85300	60700	1430000	1090000	1060000	52400	107000	553000	125000	9320000	17200	2090	9860	2280000	84200000	40000	7430000	1250000	4360000	2480000	1330000	34600000	11500000	1530000	676000	1710000	89000000	532000	12000000	142000	109000	1930000	4380000	468000	128000000	8380000	9110000	45400	41000	5190000	2580000	12100000	11200000	823000	2420	41900000	4250000	110000	10600	342000	3030000	20000	31500000	4710000	16000000	68200	3690	22100000	84300	206000000	25600000	184000	1980000	151000000	9930000	13600000	1910000	52100000	136000	37100	65500000	2130000	97500	130000	301000	9310000	783000	124000	257000	1110000	17900	299000	238000	129000	1520000	179000	630000	46400000	69600	359000	1220000	2270000	300000	12600000	11500000	28500	6020	3240000	583000	945000	6190	199000	764000	720000	52700	1050000	3320000	5520000	1540000	55400	17700	4150	15700	6340	863000	16700	870000	175000	225000	74600000	4950000	321000	354000	17100	3250	820000	65100	103000	37900	19100	364000	182000	424000	11800000	28400	48000	378000	24800	30700	35500	19600000	920	32200	1240	137000000	3200000	215000	9240	72500	4120	61300	3620	9830	60300	12200	269000	CML426	CML426	metabolite_183_known
AMP_metabolite_traits	CML431	Zea	mays cultivar:B73	CML431			20500	618000	64400	38900	404000	115000	64900	2410000	2140000	41700	8130000	2330000	11600000	9060000	154000	31300000	5700000	1540000	2540000	20600000	316000	8600000	1160000	317000	130000	6520000	2600000	151000	909000	320000	3900000	3830000	15400	652000	530000	19200	29800000	164000	5020	141000	41200	132000	5070000	37600	2220000	26400000	8580000	12900000	1170000	6580	21700000	86600	45900	29800	141000	5430	10300000	27800	793000	8080000	21000	6010	11200000	58400	6680000	128000	1240000	56700	372000	79900	147000	903	15800	19100	772	0	29800	6020	244000	375000	7460000	3940000	5140000	7430000	12400000	18700	2370	1530000	1470000	1630000	17500	71400	105000	1300000	840000	292000	8260	135000	489000	49700	4490000	460	3600	4890	1070000	38800000	24900	5700000	260000	469000	778000	0	0	0	0	0	0	0	0	0	0	0	0	0	0	0	0	0	0	0	0	0	0	0	0	0	0	0	0	0	0	0	0	0	0	0	0	0	0	0	0	0	0	0	0	0	0	0	0	0	0	0	0	0	0	0	0	0	0	0	0	0	0	0	0	0	0	0	0	0	0	0	0	0	0	0	0	0	0	0	0	0	0	0	0	0	0	0	0	0	0	0	0	0	0	0	0	0	0	0	0	0	0	0	0	0	0	0	0	0	0	0	0	0	0	0	0	0	0	0	0	0	0	0	0	0	0	0	0	0	0	0	0	0	0	0	0	CML431	CML431	metabolite_183_known
AMP_metabolite_traits	CML432	Zea	mays cultivar:B73	CML432			57700	688000	56100	97200	610000	31100	346000	13100000	1350000	29100	7590000	13200000	25600000	11100000	29300	95800000	13600000	8540000	1980000	32600000	1370000	17000000	1510000	622000	121000	8440000	3950000	180000	562000	1040000	8770000	6710000	25800	1360000	1320000	29000	46300000	526000	3060	1300000	98200	614000	30100000	18700	8120000	48000000	2310000	48300000	3690000	50100	20100000	614000	5800	2110	51000	6960	49500000	43600	1700000	30700000	0	12600	18700000	195000	27200000	130000	3700000	71700	1430000	29300	54500	77400	55800	69900	2190	0	181000	6550	34800	1620000	28700000	8810000	5930000	7160000	14500000	81100	2320	1670000	2510000	1890000	181000	44400	67400	3070000	1140000	1340000	63600	143000	1110000	70700	10800000	15600	27400	25400	1780000	39000000	5040	4190000	1020000	3310000	393000	973000	57900000	15100000	5860000	788000	1320000	92000000	452000	9930000	304000	72000	2340000	4940000	315000	142000000	87700000	15600000	118000	22400	5120000	3260000	9870000	17000000	75200000	441	47900000	14600000	40800000	23200000	85600000	4920000	1590000	56000000	4870000	3890000	19300	4520	6010000	31300	214000000	12800000	216000	4390000	137000000	3380000	9290000	224000	31400000	2760000	51500	62500000	272000	146000	189000	243000	6930000	280000	270000	597000	77700	12600	1890000	838000	82100	723000	1670000	474000	38000000	66100	605000	1440000	1600000	409000	10800000	14600000	10600	584000	11600000	374000	3360000	1520000	176000	389000	809000	63400	557000	3040000	10700000	2450000	6740	5060	3420	96500	28000	633000	8310	999000	171000	8270	66100000	3820000	138000	34300	31200	9270	950000	42500	43600	9500	10300	591000	1510000	683000	45700000	80300	18200	511000	42700	5930000	1180000	24800000	957	5350000	7910	97700000	3000000	237000	18700	32700	3990	18000	2690	40100	92000	20400	197000	CML432	CML432	metabolite_183_known
AMP_metabolite_traits	CML433	Zea	mays cultivar:B73	CML433			33100	854000	70400	95700	768000	74000	292000	9490000	2580000	18800	3550000	18700000	28200000	5500000	36000	54200000	8600000	7940000	1930000	37400000	683000	18400000	784000	321000	188000	19900000	13700000	160000	410000	635000	6300000	12400000	28000	3140000	2860000	53100	39600000	266000	13300	223000	76000	287000	1700000	24500	3800000	715000	99300	534000	3300000	4080	20700000	307000	22700	295000	109000	15400	54300000	57000	6510000	37400000	162000	11000	19100000	254000	275000	98100	2730000	274000	424000	73300	234000	154000	55600	12700	43400	678	61000	7190	382000	735000	13200000	5930000	4000000	9380000	19600000	49000	1090	1300000	1670000	711000	184000	233000	398000	1430000	1210000	1560000	79400	188000	462000	59200	6770000	38900	7760	10100	3890000	68600000	22600	3910000	174000	3450000	1840000	746000	48300000	40300000	4830000	1380000	2320000	120000000	500000	11400000	89300	94100	2790000	8210000	380000	95800000	29300000	9920000	970000	36800	1220000	1210000	11600000	15400000	1350000	2920	56500000	14300000	299000	39200	551000	2670000	5960	27600000	7050000	7490000	664000	4730	18900000	68500	214000000	35700000	363000	14500000	186000000	16200000	13400000	207000	49000000	1180000	41300	62500000	6700000	1700000	192000	360000	1440000	846000	143000	3210000	7210	18500	528000	700000	143000	13100	242000	353000	56400000	127000	222000	2170000	3300000	230000	11700000	9870000	41600	36100	11900000	791000	3510000	1420	339000	212000	1010000	5180	423000	11100000	7610000	2820000	7850	14700	1140	30400	3830	1050000	14300	1720000	414000	12300	98800000	7630000	213000	26000	26300	4270	3530000	50900	52400	13500	4310	279000	276000	2360000	46800000	51700	26300	453000	66100	131000	268000	18400000	3120	478000	14500	85100000	3320000	302000	7750	28200	12600	12200	7910	15900	49600	14900	436000	CML433	CML433	metabolite_183_known
AMP_metabolite_traits	CML454	Zea	mays cultivar:B73	CML454			40000	1010000	56300	42700	1480000	112000	220000	4970000	1760000	70900	5720000	13400000	28100000	10800000	418000	56100000	7390000	6260000	2470000	29000000	511000	9900000	904000	168000	178000	20800000	2730000	132000	1020000	237000	7280000	6130000	28400	721000	1190000	45900	43000000	914000	2570	1130000	83500	518000	3650000	18800	3280000	15000000	1090000	30000000	575000	52200	9570000	480000	206000	7350	340000	28100	49700000	1380000	4540000	34800000	72400	48800	17800000	171000	4940000	134000	2780000	16200	59600	40300	120000	216000	7830	29000	87800	6880	34400	7310	46300	612000	9250000	3660000	2670000	7410000	16700000	54400	34500	2190000	1440000	472000	527000	101000	854000	1260000	825000	1010000	46100	439000	376000	67400	5480000	3610	4000	36500	1170000	63300000	1450000	5800000	990000	2590000	3050000	648000	31100000	5800000	2140000	667000	2660000	75800000	705000	5880000	123000	149000	1620000	5670000	332000	144000000	44900000	10100000	85000	31800	2440000	2030000	12200000	17800000	2090000	3090	67100000	4560000	11500000	1830000	33300000	1260000	505000	9130000	13800000	16200000	68800	3920	23000000	301000	255000000	33400000	1820000	14000000	187000000	4810000	13200000	244000	38700000	1390000	73600	62800000	3410000	138000	199000	54700	489000	501000	58400	3280000	12700	14600	414000	522000	39300	1560000	675000	896000	65700000	204000	113000	1430000	2630000	206000	12300000	15000000	11100	11700	5110000	492000	1340000	54300	673000	1290000	708000	756000	682000	4760000	4610000	2280000	7660	11600	5080	36400	12600	413000	12500	2320000	373000	18800	113000000	7970000	164000	34200	72300	2950	439000	55400	50500	26400	22300	259000	101000	1280000	16400000	15100	6510	441000	18500	506000	115000	20700000	1640	919000	7330	132000000	4270000	245000	62100	1590000	3050	25600	6300	9540	227000	24300	72500	CML454	CML454	metabolite_183_known
AMP_metabolite_traits	CML470	Zea	mays cultivar:B73	CML470			77800	907000	52200	269000	715000	31000	310000	4000000	1530000	57600	6750000	10700000	33900000	9350000	51800	88700000	14600000	5100000	3790000	30200000	1080000	17400000	1460000	729000	215000	17600000	4150000	208000	405000	190000	12900000	15400000	21300	1180000	1030000	56400	25500000	165000	2370	301000	98800	607000	4450000	14000	7060000	2620000	39100	5780000	1750000	4810	5730000	189000	197000	61500	683000	38200	34100000	30200	795000	30700000	173000	3560	13900000	200000	1800000	91900	3200000	90600	1270000	220000	300000	66500	145000	21400	2830	179	38300	23900	37900	1110000	16400000	5280000	3560000	21100	29400000	84100	8920	2200000	2460000	2690000	83600	89000	40300	1010000	1190000	933000	57200	191000	358000	106000	10200000	2600	4730	11000	3010000	66800000	10200	6250000	1360000	2220000	1960000	1610000	54100000	10700000	2320000	546000	1040000	57000000	425000	10100000	163000	102000	1890000	5250000	549000	141000000	40400000	6140000	56200	30000	1960000	1660000	10500000	18400000	1640000	3100	35600000	2630000	32800	12800	162000	2870000	31300	21400000	3720000	30400000	105000	2260	34000000	91400	206000000	45600000	61100	2250000	151000000	10700000	13200000	967000	46000000	795000	25700	65000000	1160000	115000	131000	317000	10800000	1050000	169000	631000	123000	52800	417000	235000	102000	1860000	190000	727000	55600000	80800	503000	2670000	2180000	326000	9760000	15600000	1800	12700	1780000	810000	399000	2050	248000	273000	688000	77400	1150000	2930000	4280000	2700000	10600	13100	4250	19700	4260	852000	13100	831000	176000	210000	73100000	4470000	373000	296000	17400	4840	2070000	102000	95700	43700	15000	376000	143000	454000	8000000	31600	12200	433000	16000	339000	102000	17600000	920	505000	3660	127000000	3770000	306000	11100	12300	5900	66800	8450	14000	46400	6900	611000	CML470	CML470	metabolite_183_known
AMP_metabolite_traits	CML480	Zea	mays cultivar:B73	CML480			22600	690000	26200	149000	682000	26300	306000	2430000	2980000	45100	7430000	5830000	26300000	7100000	74000	48100000	11200000	4380000	1940000	40000000	563000	35000000	769000	443000	167000	6710000	2510000	119000	369000	818000	9100000	2940000	76300	1280000	1180000	34600	41000000	173000	1970	295000	74800	337000	9870000	23500	8540000	4960000	388000	7330000	3210000	4620	30300000	297000	466000	188000	241000	15800	23300000	859000	762000	29900000	98000	24900	19000000	85400	1760000	59500	1230000	231000	659000	88200	215000	55800	116000	18300	3400	0	59800	4100	43600	435000	10700000	3650000	5160000	6560000	22300000	54300	5250	1990000	2970000	1770000	85000	134000	14200	2710000	1260000	638000	36200	680000	823000	121000	13100000	6060	8110	22900	3420000	65300000	1890000	3960000	1070000	1790000	1820000	846000	41000000	9800000	4600000	786000	1980000	115000000	866000	3590000	290000	79700	1730000	4520000	684000	130000000	79000000	12100000	788000	152000	2150000	2420000	13700000	15300000	38700000	7780	66600000	10700000	28300000	2450000	30100000	3460000	381000	41900000	6320000	6970000	645000	2950	4200000	1580000	211000000	5300000	2760000	3040000	171000000	12100000	10100000	517000	34300000	367000	52700	61200000	6130000	315000	157000	361000	3820000	647000	127000	345000	20600	21100	606000	780000	78900	260000	454000	528000	54500000	42600	233000	2140000	945000	425000	15400000	14600000	21000	653000	10600000	411000	4820000	103000	210000	292000	623000	39300	1340000	6550000	10700000	3560000	8880	10100	23000	31200	5880	450000	23000	1920000	414000	17300	78200000	4940000	345000	27900	64900	4060	483000	304000	274000	13800	8980	301000	617000	1410000	49700000	149000	16800	549000	72500	4050000	8830000	23200000	1750	6430000	9840	108000000	5250000	213000	5930	4030000	939	17900	8000	54100	155000	9250	90000	CML480	CML480	metabolite_183_known
AMP_metabolite_traits	CML486	Zea	mays cultivar:B73	CML486			32200	1080000	51000	243000	530000	35900	693000	2240000	2080000	96900	10400000	9130000	12100000	9970000	30000	45800000	10100000	9590000	3290000	37900000	586000	14600000	1050000	172000	130000	8670000	2960000	138000	1430000	327000	8270000	4630000	1780000	1680000	1230000	253000	7580000	159000	1500	328000	92100	751000	8050000	33500	6380000	35700000	1070000	52900000	2510000	70400	17800000	337000	102000	3880	136000	21500	52300000	196000	3100000	46900000	182000	17200	8910000	161000	5540000	135000	1660000	189000	213000	153000	223000	65900	103000	52500	1980	332	63100	12800	105000	635000	9770000	3870000	1930000	6580000	17200000	113000	1410	1970000	892000	1190000	85500	175000	117000	1200000	982000	1410000	66000	493000	1190000	69500	2560000	31000	14200	3190	1470000	62800000	27300	6490000	627000	5210000	1820000	1420000	23100000	9210000	3120000	868000	5070000	64400000	926000	15000000	6670000	120000	2320000	6380000	458000	145000000	49200000	6000000	96100	58900	5270000	4310000	14600000	16300000	37000000	3660	72100000	45900000	38400000	33200000	38900000	3040000	1920000	60700000	8120000	2090000	25200	2580	6530000	214000	269000000	18600000	819000	16500000	181000000	9960000	12000000	999000	47600000	2070000	66100	61400000	4660000	226000	217000	337000	1090000	853000	214000	165000	1950	11400	445000	1050000	74700	200000	2810000	280000	45100000	67100	627000	1130000	2110000	561000	7070000	10700000	5650	713000	6670000	705000	4260000	1070000	394000	822000	911000	0	783000	5220000	8690000	2160000	10500	6930	3050	29700	4290	1180000	9930	1400000	297000	320000	120000000	9360000	177000	9700	79300	5220	9120000	79300	185000	63300	113000	1330000	205000	571000	29300000	85400	14700	659000	280000	2480000	227000	27800000	3600	2350000	15900	135000000	7370000	205000	1330	50800	12200	26900	5580	167000	320000	14700	139000	CML486	CML486	metabolite_183_known
AMP_metabolite_traits	CML493	Zea	mays cultivar:B73	CML493			59300	570000	55600	272000	1580000	9120	841000	2650000	1250000	19500	10100000	24000000	22800000	9650000	23100	80900000	13800000	7800000	1540000	38200000	433000	16400000	643000	160000	185000	13900000	5340000	139000	880000	462000	3860000	3740000	62500	1170000	1430000	39700	18400000	932000	8520	1380000	133000	751000	4850000	10500	6200000	1290000	46200	8920000	1390000	3200	6090000	1360000	190000	13400	334000	17600	64400000	92200	372000	40000000	142000	12700	30700000	145000	266000	136000	1900000	83500	870000	149000	206000	29300	185000	35300	1260	189	97300	12300	133000	983000	15900000	7430000	1690000	4530000	17200000	81600	3430	1970000	1080000	589000	471000	55400	708000	705000	1360000	1840000	119000	35100	508000	47800	3420000	15100	11400	6520	2370000	69900000	109000	11700000	396000	1480000	850000	0	0	0	0	0	0	0	0	0	0	0	0	0	0	0	0	0	0	0	0	0	0	0	0	0	0	0	0	0	0	0	0	0	0	0	0	0	0	0	0	0	0	0	0	0	0	0	0	0	0	0	0	0	0	0	0	0	0	0	0	0	0	0	0	0	0	0	0	0	0	0	0	0	0	0	0	0	0	0	0	0	0	0	0	0	0	0	0	0	0	0	0	0	0	0	0	0	0	0	0	0	0	0	0	0	0	0	0	0	0	0	0	0	0	0	0	0	0	0	0	0	0	0	0	0	0	0	0	0	0	0	0	0	0	0	0	CML493	CML493	metabolite_183_known
AMP_metabolite_traits	CML496	Zea	mays cultivar:B73	CML496			49600	1010000	51900	4890	472000	31200	424000	4580000	3390000	87000	9360000	5110000	19100000	10700000	11100	64900000	10800000	5620000	8990000	36400000	679000	16000000	1730000	281000	162000	16400000	4760000	97100	420000	760000	10800000	4930000	208000	1050000	354000	345000	22500000	307000	1330	244000	71800	621000	4490000	56500	2740000	3950000	367000	13700000	1510000	20200	22300000	136000	237000	53800	618000	11900	32800000	44700	2660000	45900000	168000	6760	6710000	127000	1590000	65000	1480000	85000	808000	81900	196000	47500	3870	40200	1740	0	30700	2000	51200	748000	16600000	5480000	3620000	7470000	26400000	67700	4340	1590000	2100000	1010000	25000	156000	22400	403000	951000	1040000	44200	331000	690000	82100	8240000	5620	614	4960	3000000	72900000	20200	8590000	143000	2580000	1310000	892000	47400000	11400000	2700000	646000	1260000	104000000	667000	3480000	482000	90800	1910000	3110000	302000	141000000	16500000	7690000	38200	23300	1270000	1060000	13000000	13400000	761000	2640	62900000	4780000	1640000	194000	9350000	1720000	112000	30300000	7180000	15800000	313000	4190	29300000	115000	236000000	33700000	100000	3990000	183000000	18300000	13500000	26700	55400000	975000	20700	63000000	8320000	755000	105000	115000	5920000	563000	44000	1200000	184000	12800	445000	624000	26300	972000	415000	401000	50700000	44200	158000	1320000	4710000	276000	11400000	14300000	1790	24700	4560000	354000	2750000	6770	266000	91900	1070000	76700	349000	5840000	2270000	557000	4880	2970	3000	12200	2890	121000	10200	1570000	446000	2530	103000000	8440000	211000	23900	15000	1230	4020000	41400	39600	7290	5600	329000	90600	433000	18300000	57900	1260	485000	15400	110000	243000	24000000	2010	172000	11000	115000000	2470000	155000	3840	7980	1760	23900	2760	5100	18500	2910	413000	CML496	CML496	metabolite_183_known
AMP_metabolite_traits	CML50	Zea	mays cultivar:B73	CML50			32400	650000	80600	123000	834000	80000	401000	2990000	2740000	26100	3970000	15600000	37900000	8550000	36800	63500000	9640000	9120000	6680000	36300000	478000	14200000	1200000	551000	123000	8470000	3020000	104000	655000	292000	4760000	6850000	9030	1650000	1160000	37500	55000000	351000	4150	335000	89500	754000	1640000	29600	2810000	1740000	179000	2800000	1820000	967	14000000	583000	86000	78900	343000	21300	52100000	168000	4730000	41500000	201000	19800	27000000	204000	277000	179000	1700000	79700	248000	136000	218000	75900	56700	17600	5920	0	137000	10800	126000	802000	13400000	5550000	4940000	7600000	16000000	84600	2630	2670000	2300000	1090000	56100	56200	156000	1580000	935000	1520000	73000	946000	462000	77000	4440000	22400	7910	19500	2510000	44900000	42200	4520000	409000	836000	1340000	515000	27800000	9750000	2510000	742000	1960000	46600000	924000	7140000	114000	172000	3040000	6190000	444000	138000000	81700000	7620000	38000	37500	1900000	2320000	16000000	13500000	714000	379	30200000	2800000	1600000	255000	2140000	2400000	20300	45900000	10000000	4590000	176000	1400	12500000	161000	248000000	29700000	558000	13200000	185000000	10700000	13600000	284000	51400000	1630000	124000	62200000	2150000	139000	194000	366000	3220000	916000	345000	497000	1680	12300	1020000	390000	36900	1520000	359000	156000	48200000	174000	703000	1610000	1860000	157000	5910000	22800000	2150	98900	3690000	429000	2110000	10600	374000	167000	924000	129000	645000	8980000	1060000	4040000	5370	4160	8070	33400	8960	237000	17000	2190000	499000	15400	124000000	11100000	170000	64900	27400	3930	2240000	588000	58300	169000	279000	405000	411000	735000	14000000	66300	9490	524000	50400	360000	156000	12800000	1030	815000	5750	93900000	3200000	257000	2280	20500	56500	83300	12100	7510	49000	10800	825000	CML50	CML50	metabolite_183_known
AMP_metabolite_traits	CML69	Zea	mays cultivar:B73	CML69			33600	918000	21400	38600	847000	38200	484000	2320000	2830000	57500	11800000	5290000	14100000	13600000	28500	65500000	9940000	5560000	4750000	39700000	1070000	15600000	844000	190000	104000	28000000	3160000	82300	819000	184000	11300000	8640000	18000	1130000	809000	303000	24900000	201000	460	341000	98700	613000	27000000	47000	1600000	3970000	168000	2540000	1430000	4210	4920000	453000	60300	68400	655000	5990	37100000	284000	4040000	20700000	48700	915	6180000	309000	879000	125000	2260000	113000	973000	80400	201000	46300	25400	36000	11200	357	46300	17800	168000	744000	9960000	4510000	2330000	11200000	28000000	74300	1430	1450000	897000	806000	5660	69900	5020	1410000	608000	1290000	55800	863000	293000	23300	2990000	12500	5740	7230	2580000	58100000	26000	5770000	768000	2110000	744000	1010000	59900000	6280000	4840000	1200000	3290000	143000000	884000	18500000	172000	106000	3280000	4360000	289000	160000000	88400000	6870000	770000	10400	2400000	2640000	15700000	14200000	10500000	5970	58500000	17800000	1000000	49500	1270000	1650000	14500	16600000	14400000	22200000	207000	2890	15900000	558000	212000000	16600000	505000	8290000	183000000	17100000	9430000	122000	33300000	674000	24900	64500000	7760000	3930000	222000	147000	1850000	629000	108000	6580000	1120000	28100	475000	897000	84200	796000	194000	669000	78400000	12200	242000	2320000	1120000	300000	6330000	17300000	21300	72700	7930000	491000	7960000	4320	628000	210000	828000	18900	449000	4380000	3840000	1900000	4600	12800	11400	43900	4260	505000	26200	1330000	385000	5170	82200000	6280000	135000	13500	15200	736	2070000	47600	54600	18100	4960	375000	404000	1600000	34100000	21200	20300	240000	63200	1290000	71600	18900000	12200	2650000	29400	101000000	2920000	39400	663	83800	2880	33700	3930	12000	5130	699	11300	CML69	CML69	metabolite_183_known
AMP_metabolite_traits	D863F	Zea	mays cultivar:B73	D863F			45900	584000	58500	296000	938000	23800	599000	2200000	651000	75300	3810000	11200000	29200000	10100000	14300	66200000	9880000	5480000	697000	31500000	669000	15500000	763000	177000	172000	12100000	2790000	164000	761000	428000	4440000	9190000	180000	895000	1460000	30400	55300000	244000	3880	603000	68000	421000	1640000	4970	11900000	12200000	160000	33600000	2610000	19800	17400000	178000	22000	24400	52700	18800	31300000	15400	888000	45700000	376000	16400	20800000	120000	2940000	243000	2150000	121000	429000	150000	212000	33400	161000	22800	4100	358	74600	53000	146000	649000	14000000	5810000	2720000	7940000	9690000	100000	1310	1340000	1250000	1080000	78400	105000	456000	4020000	1660000	705000	52900	173000	618000	39700	4890000	1540000	361000	5920	2980000	52000000	13700	2810000	229000	1870000	1160000	1310000	51600000	7540000	2610000	785000	2390000	32600000	525000	5470000	334000	161000	2000000	6810000	727000	184000000	54100000	24200000	49300	38200	2870000	3090000	7590000	9370000	6460000	754	26700000	18500000	63800000	2380000	85000000	3400000	1140000	45100000	5290000	3650000	44000	5630	15100000	12900	194000000	35100000	121000	5090000	120000000	7260000	5110000	304000	18000000	2570000	64800	54000000	2760000	93300	155000	172000	3170000	313000	4740000	618000	6320000	8030	297000	1300000	161000	193000	391000	177000	47600000	63600	490000	1470000	1570000	215000	19900000	10600000	3800	22400	2360000	1420000	1130000	60700	684000	218000	884000	366000	1760000	3820000	1980000	38200000	10700	6490	2460	14800	6210	101000	18300	957000	226000	14300	57300000	3300000	162000	28300	38100	17800	2320000	214000	16500	10700	9960	228000	25000	549000	15000000	151000	31900	1740000	924000	720000	139000	18900000	31100	1130000	34600	125000000	597000	341000	16900	27000	74400	50700	22500	632000	5600	5690	602000	D863F	D863F	metabolite_183_known
AMP_metabolite_traits	DAN3130	Zea	mays cultivar:B73	DAN3130			32600	937000	83300	289000	953000	91800	163000	22800000	7430000	187000	8840000	17100000	39400000	10300000	115000	80000000	9320000	5030000	5070000	38600000	742000	14300000	1510000	301000	128000	16800000	3690000	140000	497000	1040000	20800000	16300000	225000	1120000	1280000	86200	37000000	237000	16500	203000	62700	615000	6160000	61200	6320000	17000000	270000	18400000	1290000	7810	9590000	69900	558000	6940	781000	10900	30800000	198000	6110000	0	21600	136000	19000000	494000	6920000	515000	8250000	81000	170000	111000	141000	299000	187000	39100	62800	2670	79300	13500	44800	732000	14000000	7110000	3910000	8020000	15500000	71900	18300	1100000	1140000	1120000	801000	55300	29000	1680000	1170000	628000	25400	216000	846000	69000	2840000	202000	56000	9090	3560000	31100000	67800	7270000	595000	8480000	1070000	442000	95100000	8910000	2490000	1300000	1220000	174000000	379000	71300000	377000	170000	4330000	5780000	515000	159000000	51100000	11900000	51400	27700	3470000	4500000	7550000	11500000	9420000	8440	81000000	20800000	6860000	231000	13900000	2590000	367000	15000000	9890000	12800000	40200	39800	19800000	37700	213000000	33300000	1340000	6690000	185000000	20600000	10100000	48100	23600000	513000	486000	54800000	6470000	12500000	418000	189000	1930000	707000	162000	815000	59700	6230	897000	1990000	155000	250000	212000	1870000	80300000	304000	211000	1790000	2310000	540000	12800000	12200000	6360	42300	3350000	786000	4220000	58200	565000	732000	516000	3090	1500000	6590000	4920000	2880000	40400	9820	5380	44600	8920	410000	21800	1180000	492000	3910	79000000	7170000	610000	2030	25400	26700	1410000	129000	34500	439000	449000	264000	130000	2750000	16700000	264000	27700	845000	198000	3070000	374000	26500000	3490	4070000	37800	34400000	4110000	145000	143000	250000	69900	36100	66400	15500	539000	21100	310000	DAN3130	DAN3130	metabolite_183_known
AMP_metabolite_traits	DAN340	Zea	mays cultivar:B73	DAN340			22100	1390000	103000	214000	699000	103000	641000	2510000	2620000	113000	2000000	12900000	41900000	8690000	130000	63200000	10700000	5770000	4400000	38700000	395000	11700000	688000	77400	52600	4700000	2680000	76100	996000	290000	9070000	6690000	30000	2350000	2270000	50800	66500000	260000	1460	57500	90900	879000	148000	31400	6440000	371000	74800	1030000	1170000	4410	907000	240000	156000	45100	569000	49000	46500000	27900	3380000	59600000	275000	9110	21600000	63800	484000	292000	439000	167000	745000	336000	351000	260000	99200	44600	12100	0	22700	47900	34600	713000	7130000	3650000	894000	7120000	17500000	42400	2000	831000	777000	583000	21700	200000	0	1030000	1200000	936000	0	302000	323000	29200	2050000	7830	1950	7410	1770000	25600000	5410	4540000	389000	1700000	1500000	204000	50800000	7910000	3320000	595000	1630000	18200000	405000	5700000	93900	129000	2520000	5160000	630000	158000000	3860000	13700000	68900	26900	3940000	4910000	6480000	11500000	557000	14800	70800000	2640000	50600	31800	121000	2020000	44100	1350000	4080000	8320000	66600	9890	17500000	53500	205000000	56600000	451000	4120000	115000000	17700000	7560000	30900	27300000	1070000	17300	56800000	1290000	234000	172000	232000	5830000	2080000	6200000	190000	1590000	6410	190000	346000	149000	964000	235000	282000	34200000	63800	277000	1370000	1380000	517000	24200000	10500000	8530	10900	1260000	1540000	363000	5000	1260000	118000	2130000	20300	28500	12200000	5830000	1170000	31200	13400	2770	32400	7600	88800	22100	1430000	406000	5240	49300000	3230000	165000	3720	16800	8790	1520000	8130	36300	21000	8890	282000	727000	3180000	5920000	24500	10100	482000	10000	31400	18700	16400000	458	13900	3270	117000000	2970000	22400	4760	18500	1180	9460	10600	4740	99300	11900	1220	DAN340	DAN340	metabolite_183_known
AMP_metabolite_traits	DAN360	Zea	mays cultivar:B73	DAN360			74100	737000	97900	786000	508000	83100	196000	2710000	4740000	86000	2880000	7470000	48300000	7080000	136000	92300000	9220000	4020000	4480000	35400000	376000	14000000	631000	332000	129000	4460000	2320000	181000	468000	313000	13100000	12100000	145000	1510000	1360000	38600	52700000	201000	0	617000	74600	620000	7730000	44000	8550000	18200000	883000	18500000	993000	6710	6600000	163000	940000	4880	637000	37900	21100000	1110000	4460000	38200000	235000	6050	15700000	291000	2650000	97400	3800000	83900	981000	197000	244000	211000	365000	86700	1210	1010	50000	9770	182000	906000	11200000	3530000	2240000	6530000	11800000	66000	13400	911000	870000	634000	29100	60300	32900	742000	1300000	733000	51100	167000	977000	42200	2070000	3780	1140	19600	3750000	46900000	790000	2750000	472000	23900000	849000	396000	22200000	19500000	2520000	389000	1840000	26100000	299000	14100000	1130000	203000	2510000	5480000	386000	139000000	80300000	10500000	69000	43800	4090000	4720000	5840000	13700000	12400000	3500	58800000	13500000	10800000	3580000	6880000	2240000	136000	22000000	2280000	7190000	11600	60200	4790000	61700	174000000	6580000	1680000	8590000	157000000	5670000	5480000	30800	19300000	865000	20700	56900000	887000	155000	145000	244000	9610000	1470000	2920000	657000	74900	6270	341000	609000	68900	1820000	1240000	477000	34500000	166000	133000	1820000	990000	690000	15700000	10200000	11800	25400	2200000	403000	735000	24000	383000	143000	576000	29400	692000	11600000	5410000	1650000	4010	8570	4510	22500	1880	462000	19400	735000	146000	3110	41400000	2480000	150000	1990	35500	3830	344000	86200	42000	165000	50900	214000	2220000	2260000	9010000	53900	10500	499000	9940	1940000	151000	37900000	927	2240000	4650	125000000	3140000	130000	97900	1610000	2850	23200	2300	32600	56400	7810	246000	DAN360	DAN360	metabolite_183_known
AMP_metabolite_traits	DAN4245	Zea	mays cultivar:B73	DAN4245			57600	943000	92600	129000	632000	187000	853000	2030000	8470000	94100	7610000	16500000	15700000	8780000	26200	42700000	11900000	13600000	5120000	42700000	431000	9680000	471000	149000	185000	14100000	2230000	218000	1430000	578000	10100000	6350000	20800	894000	2200000	323000	20900000	189000	54300	207000	111000	867000	33400000	94300	1630000	46300000	2420000	91900000	3010000	43400	39200000	98500	134000	3070	714000	23200	74100000	283000	14600000	45400000	96300	10400	6530000	102000	21200000	229000	2030000	98700	1370000	129000	319000	572000	89900	2190	9260	0	96400	44800	31000	441000	8420000	3910000	1690000	6740000	35600000	98000	3370	1160000	542000	387000	184000	228000	530	1290000	1240000	3080000	46800	390000	458000	16400	1420000	59900	98100	3890	5530000	59700000	78000	3700000	471000	3910000	1160000	1330000	42200000	5720000	5260000	738000	3450000	66500000	364000	8820000	160000	164000	1920000	6740000	381000	165000000	2570000	28000000	920000	118000	4740000	3430000	9150000	15000000	7900000	59700	83700000	3040000	9530000	2480000	11700000	3520000	52000	17700000	6760000	4270000	18300	10000	10900000	3200000	197000000	18800000	239000	10900000	183000000	24000000	8910000	728000	18500000	1690000	23400	58100000	5970000	190000	174000	366000	3190000	815000	445000	5200000	17400000	6370	321000	438000	245000	1730000	1200000	316000	65000000	1250000	282000	2270000	2350000	523000	9330000	15000000	12100	11800	1960000	423000	1250000	14800	302000	369000	1150000	10200	3120000	15500000	6590000	833000	19700	7020	6350	30400	6440	345000	59000	2600000	1510000	13700	64600000	5840000	142000	76800	11300	2700	1460000	22200	56100	586000	724000	303000	503000	1600000	8300000	561000	11400	471000	146000	39800	50400	37700000	9420	70000	5320	125000000	2570000	24600	15000	67800	6490	9920	15000	8160	72900	5370	20600	DAN4245	DAN4245	metabolite_183_known
AMP_metabolite_traits	DAN599	Zea	mays cultivar:B73	DAN599			59600	580000	130000	189000	958000	34100	547000	6000000	1600000	89300	9110000	5900000	20900000	10900000	42700	47100000	10200000	4660000	2450000	33400000	973000	14700000	1280000	294000	265000	13600000	3630000	149000	909000	256000	4700000	14900000	385000	616000	1300000	25600	15800000	360000	3080	1360000	88000	483000	1960000	17000	11900000	47100000	1160000	66900000	2600000	81500	34400000	192000	62200	4040	468000	14600	28500000	324000	5900000	41000000	227000	12800	16500000	104000	6910000	113000	2400000	101000	319000	79400	382000	18000	75900	43700	37200	717	68900	19100	74700	499000	17400000	6420000	2500000	3710000	10500000	72600	7750	1130000	496000	749000	441000	176000	98500	1920000	1160000	752000	27600	363000	337000	19600	2620000	48600	24100	17400	2240000	62800000	34500	3720000	379000	990000	654000	817000	37500000	11400000	3650000	593000	1760000	48600000	506000	8040000	718000	153000	1740000	4990000	470000	132000000	32600000	15900000	57500	54900	5700000	3290000	9550000	15200000	818000	638	44400000	39000000	8890000	342000	48600000	2250000	402000	14400000	6140000	20900000	7400	963	19000000	34100	209000000	19100000	812000	13800000	142000000	7620000	8410000	532000	30300000	1090000	101000	65300000	1020000	136000	171000	335000	2970000	1410000	254000	216000	3980	16200	400000	319000	82400	119000	767000	267000	50600000	27800	521000	1010000	1820000	443000	6290000	12400000	3670	36800	2830000	1420000	863000	5950	252000	1470000	918000	93500	522000	3470000	3830000	3410000	5630	12400	6410	39100	19200	175000	23900	1630000	308000	32200	72200000	4450000	307000	52300	109000	4270	1020000	337000	98400	11500	3170	324000	71100	849000	10800000	34100	14200	555000	176000	1040000	122000	36800000	8950	1980000	2590	115000000	3920000	95800	16200	154000	286000	76300	12200	215000	3220	1320	130000	DAN599	DAN599	metabolite_183_known
AMP_metabolite_traits	DH3732	Zea	mays cultivar:B73	DH3732			31700	532000	167000	451000	710000	128000	213000	4140000	4080000	106000	9230000	6400000	32900000	7270000	33800	52800000	5040000	4950000	5300000	38200000	818000	10900000	1200000	196000	78500	25700000	3230000	76000	1160000	395000	9230000	13200000	99200	900000	1580000	49500	114000000	507000	113000	70700	84500	869000	1640000	38900	4700000	216000	15800	570000	1930000	7740	1390000	137000	975000	0	1310000	4520	27300000	622000	16600000	20600000	54300	58800	22000000	257000	150000	238000	2400000	221000	233000	71900	257000	39000	225000	46100	95400	1120	82500	12200	64800	584000	6380000	3580000	1460000	5110000	22100000	83800	10700	461000	1630000	601000	96500	90700	0	3200000	1310000	656000	22400	34600	1780000	35300	3080000	1220000	353000	6030	3040000	31400000	237000	5620000	222000	18200000	1370000	359000	72100000	11100000	2460000	865000	1970000	34000000	370000	14800000	557000	132000	1960000	7900000	631000	141000000	26600000	15500000	915000	358000	696000	911000	4130000	22400000	4870000	4500	48400000	1700000	647000	179000	10400000	2570000	493000	1600000	3980000	9870000	13600	7000	10700000	9040	186000000	7550000	559000	26200000	122000000	2510000	4500000	117000	16700000	1440000	86600	56900000	850000	266000	290000	501000	1680000	1980000	3540000	235000	306000	7550	176000	435000	77500	276000	546000	303000	102000000	70000	381000	1510000	1510000	406000	17800000	12900000	3050	8340	4560000	578000	2160000	6090	910000	396000	634000	12800	794000	9210000	2410000	7400000	7010	9400	10600	26600	4660	910000	33700	1160000	191000	13600	52300000	2640000	281000	30500	106000	8610	97500	33700	64400	22600	11900	341000	1220000	299000	13700000	31800	18800	2520000	907000	1780000	357000	21800000	1500	1660000	8160	72800000	3590000	96800	38200	167000	47500	12200	6880	186000	198000	12400	77000	DH3732	DH3732	metabolite_183_known
AMP_metabolite_traits	DONG237	Zea	mays cultivar:B73	DONG237			51000	556000	97800	78300	1010000	139000	271000	7460000	1210000	31500	9480000	9070000	34500000	10700000	20700	80600000	12300000	6460000	2540000	34800000	1080000	17500000	1810000	138000	387000	6500000	3380000	128000	644000	218000	23300000	5130000	22000	413000	1120000	34300	45300000	199000	30400	236000	60300	238000	3790000	11600	5490000	23200000	316000	36900000	1900000	25700	15000000	584000	666000	105000	620000	1600	38800000	191000	2390000	26200000	53900	6920	13500000	289000	4160000	255000	3930000	119000	1380000	163000	186000	133000	49400	0	1600	955	15100	16000	94500	901000	15200000	6360000	1370000	5080000	19400000	80700	0	2080000	886000	531000	316000	98700	61300	676000	1290000	1060000	27800	296000	331000	22400	2440000	9790	23800	7580	4570000	88200000	94000	9520000	182000	1740000	941000	1280000	22400000	15600000	9740000	829000	1120000	88200000	329000	19800000	101000	151000	1350000	6530000	363000	148000000	81500000	10500000	589000	112000	2970000	2520000	10200000	13800000	25100000	11300	46600000	39100000	39600000	2760000	57700000	1900000	337000	69900000	14400000	4550000	729000	36200	4610000	28200	214000000	4370000	611000	4720000	180000000	3200000	7120000	207000	25800000	1100000	36800	56200000	3950000	627000	126000	252000	10800000	901000	58100	12400	2490	6340	158000	766000	111000	55800	655000	857000	56400000	124000	193000	1860000	905000	454000	13100000	16900000	27400	143000	5160000	383000	4800000	166000	393000	942000	495000	383000	577000	1700000	2690000	1610000	5450	7450	72000	18200	3440	383000	233000	2200000	350000	18300	101000000	6310000	191000	2160	2270000	110000	2840000	2070000	52500	117000	51900	291000	1040000	766000	24500000	99400	61600	620000	152000	2290000	819000	31300000	2550	3580000	10500	137000000	4630000	350000	99500	157000	683	13800	3300	706000	1180000	141000	617000	DONG237	DONG237	metabolite_183_known
AMP_metabolite_traits	DONG46	Zea	mays cultivar:B73	DONG46			90900	757000	62000	135000	399000	299000	0	7860000	4270000	49900	3370000	5700000	30200000	4390000	33400	64000000	8050000	4450000	3610000	34100000	478000	12400000	899000	154000	442000	7510000	2980000	152000	637000	330000	20900000	6540000	17600	992000	2160000	38600	430000	313000	0	747000	61600	613000	2610000	45800	739000	7830000	131000	23700000	2100000	15600	2280000	589000	54500	4140	152000	13500	22500000	41400	1980000	36400000	54800	2390	17700000	178000	1630000	218000	1820000	102000	267000	105000	294000	1140000	58600	54200	1130	1430	2600	14500	28600	600000	9340000	3330000	1820000	11100000	21600000	45200	1470	1700000	740000	572000	17500	108000	130000	1180000	911000	671000	1110	162000	225000	27800	2320000	6810	656	0	4330000	79400000	13100	9720000	276000	2590000	1140000	0	0	0	0	0	0	0	0	0	0	0	0	0	0	0	0	0	0	0	0	0	0	0	0	0	0	0	0	0	0	0	0	0	0	0	0	0	0	0	0	0	0	0	0	0	0	0	0	0	0	0	0	0	0	0	0	0	0	0	0	0	0	0	0	0	0	0	0	0	0	0	0	0	0	0	0	0	0	0	0	0	0	0	0	0	0	0	0	0	0	0	0	0	0	0	0	0	0	0	0	0	0	0	0	0	0	0	0	0	0	0	0	0	0	0	0	0	0	0	0	0	0	0	0	0	0	0	0	0	0	0	0	0	0	0	0	DONG46	DONG46	metabolite_183_known
AMP_metabolite_traits	EN25	Zea	mays cultivar:B73	EN25			37200	672000	59900	315000	798000	206000	0	23800000	2060000	27900	9800000	7250000	14700000	9590000	60500	36700000	11800000	5210000	1390000	41500000	1150000	14400000	1720000	210000	168000	11400000	4510000	135000	803000	534000	25300000	7770000	94800	1010000	1090000	61100	7420000	357000	1440	432000	74400	690000	2600000	26500	4310000	4100000	143000	22600000	1900000	3320	9640000	45600	25800	29000	60300	0	35000000	84200	2920000	23900000	81700	5570	26600000	156000	527000	296000	1770000	176000	361000	204000	323000	53400	182000	38500	88100	0	35000	85900	23400	366000	13200000	6830000	2030000	7610000	17400000	118000	2440	1010000	621000	637000	29600	194000	57600	854000	1360000	704000	29100	382000	312000	25000	1680000	266000	72600	27700	2850000	55300000	91100	8420000	110000	8000000	1060000	1150000	64800000	12200000	8650000	978000	1740000	128000000	324000	12300000	2690000	89900	1120000	3050000	453000	153000000	46400000	13200000	99800	24500	5290000	3410000	6150000	15400000	13400000	6370	63400000	5350000	18200000	1680000	44800000	2060000	200000	51500000	6540000	1360000	126000	10400	1700000	10200	183000000	4040000	397000	43000000	121000000	1840000	4300000	49300	13700000	1560000	113000	60600000	2880000	309000	94300	151000	2930000	427000	296000	16400000	5300000	8050	207000	1600000	367000	212000	326000	366000	51800000	33100	77400	1090000	809000	165000	24900000	16200000	7300	679000	3220000	894000	2680000	42300	213000	133000	1410000	235000	18000	1340000	847000	863000	3940	11300	7610	43700	4500	422000	67000	799000	144000	3930	52600000	2940000	168000	3160	72800	80200	2950000	58600	35600	5800	10400	500000	701000	990000	11500000	54200	39400	2370000	1270000	8450000	2330000	24900000	34600	4570000	15000	123000000	2880000	183000	24200	178000	821000	29700	228000	66500	22800	1900	122000	EN25	EN25	metabolite_183_known
AMP_metabolite_traits	ES40	Zea	mays cultivar:B73	ES40			18600	898000	183000	250000	380000	37300	825000	4400000	2120000	41800	649000	10800000	24300000	6780000	25100	31200000	9540000	6560000	3650000	34600000	498000	8190000	564000	121000	92200	5370000	3300000	85400	626000	104000	26500000	8480000	2260	1900000	1840000	43200	872000	410000	4590	150000	85700	586000	785000	24300	1180000	117000	5630	126000	1410000	0	1160000	688000	114000	144000	333000	8250	31000000	66300	7170000	27800000	69900	14700	22400000	264000	36300	118000	3470000	188000	170000	279000	460000	824000	83900	69700	0	466	42500	10300	44900	269000	6280000	2810000	1620000	8490000	11500000	33400	226	1470000	524000	602000	89300	112000	72100	693000	2050000	824000	31400	59900	201000	22600	1210000	61700	18100	0	2650000	48700000	38600	1780000	465000	3330000	1020000	174000	15900000	11500000	1810000	475000	1040000	51700000	337000	16500000	99200	111000	3410000	6310000	317000	170000000	4600000	23300000	51800	31800	2970000	3490000	5810000	20000000	6090000	4380	59800000	3650000	52100	19800	126000	1840000	11000	3790000	7180000	3690000	136000	6620	9760000	15500	198000000	18100000	701000	11100000	142000000	2560000	5670000	92600	19700000	128000	30900	57400000	223000	362000	152000	222000	1630000	2180000	455000	761000	1290000	11600	167000	332000	58900	502000	111000	223000	20900000	414000	262000	1150000	2440000	385000	18900000	8900000	5270	20500	1250000	351000	2460000	2470	1740000	152000	947000	132000	781000	14900000	2700000	1070000	6500	9980	1760	25400	4810	196000	11800	964000	177000	2440	61200000	3650000	144000	1110	122000	5620	409000	40200	41100	93300	72500	325000	75500	771000	4560000	27300	7280	528000	63400	71400	27500	14400000	3660	110000	8300	124000000	2780000	247000	25200	70200	1230	22200	2990	23300	150000	21800	874000	ES40	ES40	metabolite_183_known
AMP_metabolite_traits	FCD0602	Zea	mays cultivar:B73	FCD0602			24300	852000	80700	591000	791000	85000	192000	3180000	5530000	86800	4690000	6030000	44500000	6930000	162000	75500000	9560000	4520000	7690000	41000000	445000	11300000	588000	290000	102000	5330000	2290000	108000	341000	525000	6460000	15800000	96800	1390000	1580000	334000	75400000	137000	2180	342000	106000	1300000	9660000	61400	7980000	22900000	1310000	35100000	915000	7770	11900000	33500	895000	10500	713000	6080	25700000	496000	3200000	19700000	156000	3780	6730000	288000	2760000	280000	3100000	167000	999000	129000	264000	26100	313000	51900	16400	1270	121000	7650	89000	834000	8510000	3190000	2620000	7110000	12100000	98700	10500	660000	1010000	510000	53400	75900	125000	857000	1070000	820000	50000	170000	1180000	40500	3000000	2860	0	35200	3260000	41800000	80200	3960000	677000	10600000	1070000	665000	22800000	12100000	2610000	555000	916000	34500000	299000	15900000	1340000	121000	1810000	4220000	346000	138000000	86000000	14500000	247000	13600	5200000	3750000	8170000	15600000	27600000	15300	41400000	9780000	53700000	2440000	66300000	2990000	678000	55800000	2700000	2410000	21200	45000	3930000	45200	175000000	13700000	621000	22100000	146000000	2800000	5740000	68000	20100000	1400000	39500	63600000	1870000	159000	204000	435000	10800000	1100000	613000	809000	155000	8620	408000	1090000	65300	599000	1180000	201000	32300000	66500	115000	1410000	1510000	860000	17100000	7450000	47800	74600	4430000	249000	1190000	70000	283000	178000	598000	274000	525000	9990000	7580000	1820000	7370	6580	2770	30800	5510	393000	17100	1050000	173000	10000	55000000	2890000	182000	2760	40400	9220	840000	80700	47400	11100	9150	555000	59000	1550000	14000000	58900	44300	414000	50600	1970000	336000	45800000	1340	2180000	11600	126000000	2920000	238000	58600	130000	3200	34700	7590	17400	60100	4890	433000	FCD0602	FCD0602	metabolite_183_known
AMP_metabolite_traits	GEMS1	Zea	mays cultivar:B73	GEMS1			21500	633000	25000	68600	528000	156000	0	5170000	1540000	58200	4900000	11900000	43100000	6170000	60500	42700000	8120000	3700000	3440000	30300000	570000	9740000	734000	159000	170000	5720000	2960000	109000	712000	252000	13100000	3620000	16700	1080000	1320000	31200	25600000	125000	36000	153000	58300	357000	660000	18500	1660000	1850000	170000	7760000	1100000	4060	3270000	56900	46900	4940	126000	17200	18500000	402000	3570000	20800000	77600	105000	22500000	69600	874000	227000	1970000	89300	425000	123000	142000	152000	29600	41100	10600	792	14700	18100	34000	323000	6930000	3420000	609000	6420000	13400000	38000	2480	1480000	2290000	399000	69800	84700	203000	1900000	984000	443000	8070	126000	320000	44300	6610000	495000	253000	2520	2500000	59100000	44200	4340000	620000	8600000	711000	1070000	26400000	8090000	7450000	765000	1740000	54100000	328000	4480000	85100	81500	2240000	5510000	505000	144000000	13000000	12000000	139000	218000	1240000	1440000	6160000	14300000	444000	486	61600000	4450000	2950000	514000	8350000	1770000	40300	10400000	6060000	1890000	13200	47700	5420000	602000	188000000	12100000	1330000	26000000	134000000	4130000	5320000	20000	20400000	155000	414000	55900000	1990000	295000	128000	174000	5480000	920000	349000	41300	12700	9740	316000	324000	83300	361000	503000	385000	34800000	126000	152000	1280000	2020000	360000	4570000	12200000	29400	16300	3260000	1570000	934000	6620	816000	153000	711000	193000	568000	2790000	7340000	1790000	27700	5970	31200	34600	7340	150000	155000	1120000	200000	3720	62700000	3570000	480000	3470	347000	110000	1480000	31700	41900	21300	27200	313000	154000	1160000	14900000	82900	105000	1900000	395000	88900	52800	29400000	4350	93800	5800	130000000	3020000	142000	42600	61500	23500	4880	47600	84200	178000	10400	154000	GEMS1	GEMS1	metabolite_183_known
AMP_metabolite_traits	GEMS10	Zea	mays cultivar:B73	GEMS10			28400	791000	79800	181000	972000	96100	501000	2010000	2580000	137000	10100000	11800000	38200000	10800000	38200	33600000	7130000	6970000	2010000	33600000	1250000	12700000	985000	176000	40000	7840000	3320000	108000	823000	596000	10100000	8180000	82900	761000	1370000	49000	40700000	606000	0	117000	95000	876000	2400000	22400	16800000	10300000	388000	22400000	2720000	6980	4050000	281000	527000	32000	357000	4270	38100000	691000	3210000	42400000	0	2040	19300000	288000	2300000	345000	3600000	74700	487000	243000	298000	1830000	107000	25000	6140	597	21200	29000	99100	317000	7880000	3770000	3600000	4110000	14800000	97600	1280	1740000	1420000	1300000	62300	14700	30600	1300000	1210000	891000	49200	159000	637000	45000	4940000	12400	45900	5280	2170000	16600000	674000	6990000	174000	8280000	896000	377000	28600000	11700000	3870000	475000	2800000	19700000	266000	14500000	306000	222000	1070000	6420000	450000	133000000	97500000	20700000	388000	24600	2710000	2100000	9160000	13000000	11800000	759	69300000	35800000	33000000	2370000	63100000	2660000	586000	24300000	2780000	12800000	48200	576	8680000	32300	178000000	7420000	1930000	7890000	152000000	2930000	3980000	91200	14100000	520000	39800	55600000	1590000	770000	221000	257000	1990000	1100000	115000	38400	3560	7180	215000	368000	126000	72900	683000	1350000	37700000	1110000	183000	1640000	1150000	273000	13000000	18900000	1960	47400	4670000	81400	1400000	42500	284000	81600	93300	37000	593000	5950000	4890000	2960000	5540	5950	3510	26100	7170	437000	13300	1130000	184000	13500	69900000	3690000	162000	620	18600	5000	713000	45500	35800	64300	75800	303000	207000	783000	14700000	46100	6770	467000	229000	326000	434000	17700000	1220	883000	3370	79700000	3000000	179000	912	1210000	26000	14300	12900	7470	51300	6120	158000	GEMS10	GEMS10	metabolite_183_known
AMP_metabolite_traits	GEMS11	Zea	mays cultivar:B73	GEMS11			19700	1250000	80700	114000	603000	150000	228000	4260000	3100000	70500	6820000	7350000	29400000	6230000	117000	30900000	8120000	4710000	1130000	38600000	686000	9360000	717000	101000	111000	8160000	2610000	54100	587000	290000	10300000	4920000	208000	1070000	1260000	28800	38800000	299000	2400	156000	120000	710000	3040000	37700	9400000	12000000	1060000	29800000	2240000	46900	3810000	225000	264000	1800	160000	2540	30100000	510000	1960000	24400000	63500	32300	16700000	122000	2580000	325000	1420000	42100	147000	317000	181000	501000	65500	64200	5510	510	34100	44400	60000	283000	5120000	2560000	1900000	6720000	11400000	72000	7830	711000	1250000	399000	46400	18300	29900	989000	1550000	617000	0	47900	638000	28700	2710000	368000	69400	6230	2210000	42900000	268000	11800000	769000	6640000	1870000	648000	29500000	9830000	1200000	515000	2360000	43600000	366000	5650000	856000	94800	3050000	7700000	355000	146000000	52700000	25800000	55000	22000	2180000	2790000	6160000	14700000	807000	498	61700000	28200000	3870000	752000	26200000	1530000	64700	13300000	3440000	4700000	11000	874	4350000	27600	166000000	3960000	3870000	10700000	123000000	3170000	4650000	108000	17300000	425000	106000	54400000	2950000	141000	141000	37500	642000	630000	511000	920000	24900	9230	307000	255000	276000	223000	632000	475000	38300000	235000	305000	1230000	798000	264000	6130000	9210000	5010	30800	3450000	288000	947000	16800	251000	166000	72900	306000	547000	6190000	4310000	3210000	5210	11400	2900	18900	3810	758000	8870	815000	139000	11200	58700000	3060000	187000	23700	39900	11100	103000	10900	22000	148000	139000	283000	76000	836000	14200000	49600	13000	768000	150000	97300	180000	18900000	3060	132000	4120	129000000	1460000	328000	3240	1630000	7540	32500	23000	8030	192000	11100	770000	GEMS11	GEMS11	metabolite_183_known
AMP_metabolite_traits	GEMS14	Zea	mays cultivar:B73	GEMS14			50700	1580000	185000	127000	595000	46700	314000	4710000	2430000	227000	11000000	10800000	57300000	11500000	1720	51700000	16500000	6750000	1660000	31500000	780000	13100000	770000	204000	103000	6870000	3720000	157000	1160000	430000	16200000	8550000	2440000	804000	1920000	37100	96800000	183000	1540	377000	87800	466000	8350000	25900	6600000	7400000	137000	4530000	3700000	0	64300000	339000	56600	5300	95200	46400	43800000	349000	9850000	31100000	0	20000	18500000	79000	772000	406000	2120000	257000	385000	80400	144000	410000	64400	113000	0	536	18900	11400	138000	567000	9740000	3870000	1410000	5790000	36100000	33400	2210	1320000	1940000	739000	244000	125000	47600	1480000	1180000	1050000	30700	95500	1660000	84000	6730000	121000	42200	52800	5050000	32200000	144000	10500000	411000	6800000	606000	553000	27000000	14700000	2010000	412000	2510000	27400000	313000	16600000	3630000	190000	1800000	7840000	453000	110000000	76000000	19700000	25800	20300	2810000	2830000	8290000	12500000	20200000	705	49000000	7440000	29300000	1410000	33800000	2050000	124000	77900000	4600000	407000	40500	1750	1130000	238000	212000000	10600000	343000	16100000	166000000	4230000	5930000	783000	21200000	3480000	124000	55000000	2240000	265000	228000	339000	887000	715000	100000	54700	6190	6250	279000	630000	65700	305000	389000	454000	120000000	504000	452000	987000	622000	307000	16800000	19900000	2070	940000	14100000	296000	3660000	19600	496000	961000	1190000	2290	651000	8830000	7420000	3620000	11300	4560	3650	24400	5730	495000	21500	1060000	202000	31300	83900000	5450000	311000	139000	21800	13700	2580000	503000	70900	7360	19700	728000	23100000	1620000	51400000	22200	21300	633000	246000	8310000	710000	32500000	1340	4450000	37600	75500000	4030000	340000	10000	118000	27500	34100	80800	67500	581000	32100	467000	GEMS14	GEMS14	metabolite_183_known
AMP_metabolite_traits	GEMS15	Zea	mays cultivar:B73	GEMS15			60200	1120000	219000	171000	357000	43800	530000	3070000	1980000	57400	4560000	9690000	28500000	6770000	14000	26800000	10100000	6130000	2360000	41000000	304000	7820000	516000	130000	105000	8570000	2320000	270000	1390000	224000	10700000	3970000	33000	1510000	2180000	46400	6040000	422000	16300	418000	84200	1050000	1180000	19900	828000	523000	19400	587000	2550000	0	365000	317000	152000	35200	271000	15500	37500000	199000	2630000	42300000	77600	296000	19700000	52100	292000	395000	395000	186000	444000	178000	320000	1480000	83000	73800	2580	495	32400	30300	12900	239000	5400000	2940000	795000	9710000	22200000	166000	1820	1130000	488000	135000	228000	286000	264000	2070000	1210000	742000	26700	46000	274000	30800	1340000	14100	17100	674	2730000	56700000	59700	5400000	1650000	2760000	1660000	477000	23300000	7960000	2890000	553000	2390000	36200000	348000	5490000	148000	143000	2850000	6900000	557000	160000000	4270000	15400000	155000	91100	1110000	1160000	7150000	24200000	248000	888	57200000	1650000	394000	59800	439000	2550000	9640	1280000	5190000	2730000	236000	2000	4910000	22400	171000000	16600000	352000	2520000	148000000	3010000	4560000	325000	15700000	105000	286000	58400000	940000	68400	156000	344000	1740000	548000	1510000	38300	38500	7810	102000	259000	167000	397000	410000	295000	28600000	350000	309000	1550000	1500000	119000	18600000	13300000	12900	5880	1990000	210000	177000	2220	293000	312000	1280000	626000	1800000	5620000	4480000	4360000	12200	7250	8310	47900	12800	64200	26600	483000	81500	20200	42500000	2100000	378000	105000	53300	37100	106000	29800	35500	46100	49400	184000	52600	1300000	5240000	41300	18200	575000	110000	36900	12200	25700000	422	30300	1810	90200000	2900000	265000	5060	433000	16500	11800	12600	9980	68100	17300	315000	GEMS15	GEMS15	metabolite_183_known
AMP_metabolite_traits	GEMS16	Zea	mays cultivar:B73	GEMS16			19300	1270000	63800	139000	488000	110000	476000	1430000	1210000	38500	5820000	6100000	33800000	5650000	28500	30100000	7300000	4490000	507000	39300000	643000	7640000	612000	215000	293000	5940000	2730000	74700	564000	227000	14000000	3640000	83200	534000	1370000	33600	16100000	841000	3950	203000	110000	334000	3140000	9860	2310000	1540000	137000	2510000	1060000	10600	3780000	84700	10600	14300	16100	8030	19900000	62700	1980000	36700000	89200	40200	18200000	66200	640000	122000	1210000	134000	768000	241000	393000	1330000	47300	72500	16700	0	50800	54000	40700	294000	5020000	2700000	1940000	6400000	13100000	40100	0	1040000	1200000	404000	90500	11500	59100	816000	915000	625000	19500	51300	463000	34200	2110000	20100	7080	1970	1810000	71200000	56100	4150000	691000	1360000	953000	1710000	20100000	6110000	1450000	471000	1880000	49600000	173000	2960000	121000	176000	1200000	4940000	279000	150000000	6140000	29900000	64600	35700	5480000	2870000	9110000	13200000	794000	967	42800000	2980000	617000	113000	1210000	2090000	12900	14000000	2210000	749000	36700	2560	965000	104000	159000000	2000000	80500	4520000	143000000	7090000	5350000	291000	19500000	1870000	47500	54900000	3170000	194000	104000	295000	11400000	678000	135000	352000	2860000	7710	139000	213000	414000	573000	358000	112000	46600000	330000	183000	1180000	555000	128000	12700000	15700000	6860	6630	2250000	475000	686000	2230	93200	157000	95000	177000	388000	6050000	2380000	1120000	18800	7460	2540	28300	8030	117000	15100	542000	110000	21800	41500000	2100000	181000	3180	62900	1590	937000	24900	34900	46300	34400	220000	271000	1040000	6110000	60000	10600	448000	40500	45700	39500	24600000	626	26300	5240	141000000	2710000	248000	1450	24700	2900	23700	10900	5310	10100	3850	499000	GEMS16	GEMS16	metabolite_183_known
AMP_metabolite_traits	GEMS17	Zea	mays cultivar:B73	GEMS17			25000	705000	32300	113000	568000	82600	179000	1300000	2200000	85500	11300000	6640000	17000000	10700000	6950	37200000	8320000	5430000	1970000	22100000	649000	10600000	760000	103000	106000	9180000	1990000	62600	550000	179000	4810000	5090000	50300	423000	1920000	24600	6370000	388000	0	106000	62400	434000	3280000	29900	2460000	476000	15500	1240000	2490000	4730	1810000	333000	582000	5350	375000	26700	31800000	1110000	5000000	15900000	40200	18000	18300000	109000	143000	114000	1280000	47000	733000	78900	134000	20500	82800	24300	3490	2550	32800	22000	130000	386000	4080000	2910000	1430000	4090000	13300000	46800	3210	1550000	1060000	662000	116000	253000	42700	1150000	1260000	747000	30900	170000	273000	29400	2700000	7000	2970	963	1740000	38400000	926000	8630000	434000	2090000	767000	937000	17600000	5570000	2250000	421000	943000	56000000	329000	6080000	950000	150000	1870000	5470000	350000	132000000	76000000	23100000	145000	20900	1730000	1500000	6030000	17700000	24900000	1630	58100000	2510000	12900000	716000	19600000	2190000	333000	19700000	14200000	9050000	58200	418	6990000	218000	206000000	7810000	3150000	13200000	144000000	3100000	5030000	134000	18700000	843000	59000	50900000	2220000	91400	151000	301000	2840000	684000	136000	97500	5940	8770	171000	464000	102000	37900	345000	665000	32600000	109000	333000	1170000	873000	137000	14300000	21700000	3930	34300	5330000	257000	915000	27100	143000	227000	931000	181000	530000	2220000	2850000	3580000	6130	7900	3780	24700	7520	296000	25200	985000	177000	11500	82100000	4820000	235000	25800	23600	4320	2440000	59600	44200	12700	12800	272000	38000	918000	18600000	172000	6920	631000	72800	461000	154000	20200000	1140	358000	8540	118000000	3330000	247000	3910	2630000	109000	22800	7830	2330	102000	7760	139000	GEMS17	GEMS17	metabolite_183_known
AMP_metabolite_traits	GEMS2	Zea	mays cultivar:B73	GEMS2			24000	900000	80300	50900	562000	49200	467000	1540000	1980000	33600	2830000	6760000	18400000	6630000	93100	48900000	4580000	5430000	2110000	33600000	670000	10200000	841000	119000	174000	10200000	4140000	60700	435000	229000	9020000	5870000	21200	769000	1270000	52500	37300000	525000	5320	303000	105000	360000	5140000	17900	4190000	2740000	52700	4010000	1230000	1530	26000000	92800	59700	122000	133000	0	21400000	408000	7800000	21600000	33500	7540	19800000	95200	177000	152000	1120000	148000	889000	86700	150000	177000	15800	5720	2380	0	32700	21500	48800	339000	7550000	4470000	2420000	5020000	20400000	36000	11200	1300000	872000	438000	52700	79200	43800	632000	1030000	594000	27100	199000	338000	39100	1760000	15500	15800	10400	1850000	56800000	126000	2050000	449000	16700000	2300000	431000	31000000	20000000	4790000	442000	1310000	17400000	333000	24700000	480000	71900	1510000	7430000	433000	124000000	60200000	16700000	53000	39500	2320000	2620000	6910000	17900000	20000000	4530	59700000	23000000	17800000	820000	37200000	2270000	349000	52900000	6320000	1580000	645000	3840	4830000	73200	200000000	18800000	1740000	25100000	165000000	3710000	4850000	251000	18700000	4810000	51200	52900000	1280000	380000	172000	295000	3760000	2160000	86900	905000	1100000	8710	193000	773000	76600	756000	261000	379000	25700000	1640000	194000	1210000	1100000	500000	18600000	12700000	3250	31100	6640000	333000	3860000	28600	509000	147000	896000	68100	477000	4300000	6720000	1620000	4370	6920	2490	28500	5000	408000	11700	1010000	207000	22000	68900000	4070000	177000	2500	21400	2640	1860000	40800	52600	431000	850000	356000	3360000	532000	23100000	55400	4720	515000	6600	1040000	223000	19000000	1500	1520000	10200	73700000	2890000	177000	13100	364000	411	37600	3830	9310	55300	6290	548000	GEMS2	GEMS2	metabolite_183_known
AMP_metabolite_traits	GEMS20	Zea	mays cultivar:B73	GEMS20			69300	360000	97300	228000	532000	52100	403000	1020000	1740000	55800	11000000	8410000	33800000	10100000	24100	41600000	5630000	6930000	2180000	38700000	454000	10200000	622000	143000	56100	9340000	3810000	126000	890000	395000	14400000	10300000	978000	643000	1180000	38300	71200000	321000	1300	118000	138000	339000	4900000	20100	3720000	25600000	682000	65300000	1410000	25800	16100000	177000	133000	133000	182000	2410	25000000	196000	8630000	35100000	166000	20900	20400000	213000	3500000	208000	4990000	121000	673000	194000	195000	147000	106000	29100	3340	0	21100	38200	484000	327000	5640000	3000000	1540000	5500000	10200000	58800	2120	1560000	1690000	264000	249000	171000	4850	1330000	1200000	917000	42600	30400	1540000	30400	3130000	19800	16600	21800	2670000	20500000	230000	1890000	421000	1430000	712000	712000	56300000	12800000	3110000	572000	1540000	97000000	371000	20600000	5490000	164000	1830000	5750000	215000	152000000	52900000	13200000	137000	32600	3090000	2660000	14500000	18400000	28500000	649	47300000	9620000	29900000	2270000	53700000	3380000	158000	52000000	7520000	611000	380000	17200	2310000	1180000	205000000	8910000	270000	18300000	165000000	26900000	6860000	184000	26100000	1310000	43700	52600000	10600000	4090000	223000	287000	4300000	824000	195000	320000	478000	6320	242000	456000	387000	188000	384000	296000	44000000	240000	487000	1530000	1110000	412000	19000000	14500000	5860	29400	4400000	557000	1100000	56600	305000	144000	825000	27500	390000	3530000	7490000	1920000	8060	12900	2690	21000	3940	114000	15100	1200000	641000	6840	82100000	7220000	286000	21700	33300	3580	947000	243000	65000	12200	18500	818000	98300	2050000	17900000	167000	9080	575000	49000	779000	184000	25900000	3360	780000	17300	116000000	3030000	138000	19900	80800	22600	39500	13200	5550	24600	1230	146000	GEMS20	GEMS20	metabolite_183_known
AMP_metabolite_traits	GEMS21	Zea	mays cultivar:B73	GEMS21			15600	876000	73100	49300	705000	92000	325000	3630000	3000000	162000	11700000	8080000	31000000	9560000	71000	31100000	10500000	5480000	3350000	35900000	846000	7510000	736000	157000	163000	12700000	2780000	71700	748000	518000	11700000	6400000	63700	719000	1770000	56100	30300000	310000	1450	126000	94100	799000	4650000	23500	4770000	417000	55800	699000	2430000	4920	1350000	261000	100000	30700	253000	82700	32900000	223000	3830000	25600000	0	30100	19200000	180000	415000	408000	2670000	159000	301000	151000	246000	549000	14000	0	29100	2060	49100	29800	44300	325000	5750000	2920000	1640000	5520000	17000000	77400	15300	866000	899000	428000	62400	8210	0	676000	1320000	826000	31200	209000	519000	40900	1970000	7430	30500	1290	3160000	42500000	63300	11000000	572000	2840000	459000	1570000	33700000	6890000	2570000	402000	1880000	63800000	345000	7000000	212000	207000	1810000	7030000	344000	163000000	44800000	17700000	157000	28900	9420000	4200000	8630000	3210000	1020000	11700	59200000	5810000	598000	118000	931000	3150000	12500	12100000	4020000	2150000	154000	27800	3710000	388000	191000000	10400000	498000	15500000	118000000	4690000	5060000	59300	17300000	1750000	47100	54800000	2370000	199000	122000	367000	1820000	738000	209000	1180000	5610000	6080	248000	382000	68900	503000	296000	508000	42900000	1720000	123000	3680000	1400000	310000	17900000	13700000	12300	34900	3670000	363000	1150000	5600	83200	112000	165000	20500	391000	5860000	2350000	1050000	11900	5950	2770	27300	2820	62300	14200	1170000	244000	4340	56400000	2920000	164000	1200	36800	1830	1100000	94800	45100	18800	58900	205000	316000	1150000	10800000	243000	13600	565000	58300	313000	55300	35700000	961	309000	7540	124000000	2830000	259000	5090	235000	9830	15700	22100	7160	19300	2960	370000	GEMS21	GEMS21	metabolite_183_known
AMP_metabolite_traits	GEMS23	Zea	mays cultivar:B73	GEMS23			50900	1180000	63800	37400	859000	145000	107000	5090000	3270000	203000	13700000	3370000	28500000	13200000	95800	41700000	11100000	3950000	3510000	35500000	617000	9780000	712000	123000	200000	11500000	2400000	86700	623000	169000	18800000	6540000	95000	1210000	1270000	131000	2240000	633000	18000	510000	57200	270000	16300000	52300	6240000	1120000	110000	1280000	1670000	1710	5570000	21000	64800	19700	222000	4230	16200000	123000	4370000	14600000	36500	46300	21500000	116000	513000	249000	489000	37300	960000	135000	222000	126000	14600	24400	19000	0	25100	3770	20200	390000	6620000	3760000	1990000	5310000	16700000	25200	10300	1610000	1180000	438000	60300	20000	59700	1170000	1270000	345000	9230	140000	241000	32100	2980000	52500	43400	0	3170000	63800000	61100	2610000	341000	6150000	644000	477000	30300000	4650000	2890000	541000	2540000	28700000	306000	4340000	788000	173000	1520000	6070000	481000	134000000	9500000	20700000	245000	63000	7080000	4730000	7330000	16800000	4180000	5870	75700000	5930000	822000	204000	2210000	2030000	17200	16300000	3830000	4510000	46000	11800	4560000	49500	188000000	6110000	317000	16900000	112000000	3130000	5060000	35100	17900000	1230000	90900	53300000	1240000	202000	117000	301000	1880000	550000	99000	900000	8590	7190	218000	504000	43600	187000	394000	213000	53900000	53500	205000	1540000	974000	273000	6910000	16400000	1170	71500	1890000	373000	639000	3920	458000	124000	128000	7510	643000	4920000	4700000	1800000	3740	8990	2840	24300	5400	93900	4940	747000	129000	8080	53800000	2870000	153000	11400	29200	3450	383000	17200	37100	19400	17200	203000	13200000	837000	6180000	25000	9610	722000	99400	216000	41000	35100000	9490	269000	2250	117000000	2560000	259000	23700	222000	3880	21200	6460	13400	57500	13500	640000	GEMS23	GEMS23	metabolite_183_known
AMP_metabolite_traits	GEMS25	Zea	mays cultivar:B73	GEMS25			36900	1220000	52500	252000	605000	152000	1360000	11300000	4290000	18400	4650000	10900000	36000000	9090000	67300	32600000	9380000	5350000	5100000	30500000	790000	9400000	871000	148000	153000	9950000	2900000	142000	1000000	472000	12900000	14800000	72700	1280000	1260000	75500	4870000	303000	0	467000	66200	528000	8270000	43200	902000	3300000	167000	7040000	1370000	9420	4080000	22600	505000	1940	538000	251000	30100000	771000	5940000	92700000	489000	13500	19600000	91500	402000	264000	1230000	109000	343000	135000	284000	56800	168000	29600	82400	0	36500	40800	83300	290000	8880000	3300000	2590000	9910000	18900000	41100	8940	727000	1300000	565000	44700	108000	170000	279000	1100000	542000	20600	422000	721000	39600	3230000	8970	739	17300	2620000	46500000	187000	7820000	6570	2520000	666000	335000	23600000	13000000	5120000	601000	2530000	109000000	365000	17700000	242000	89200	2100000	7280000	351000	120000000	2650000	6430000	30200	30300	2000000	2460000	10900000	12900000	1050000	6150	82000000	2820000	471000	104000	1160000	2150000	79400	14000000	10400000	5270000	23000	18300	8890000	594000	194000000	16200000	779000	3980000	125000000	5330000	3720000	968000	14400000	542000	78800	60100000	3160000	332000	143000	439000	2910000	1390000	232000	387000	302000	10800	231000	682000	72100	467000	270000	315000	51000000	139000	287000	791000	2380000	392000	13600000	14500000	8640	6580	6990000	394000	4110000	2980	662000	236000	1130000	266000	601000	9910000	3020000	603000	11800	11300	2140	36700	5680	236000	14500	1210000	250000	58200	67700000	3940000	144000	160000	70000	1670	1750000	70800	135000	43800	48400	352000	1480000	1190000	26200000	34000	6040	565000	9150	77400	222000	29400000	1110	89500	2810	84600000	4800000	223000	89900	136000	770	15400	2790	6300	47000	3230	452000	GEMS25	GEMS25	metabolite_183_known
AMP_metabolite_traits	GEMS28	Zea	mays cultivar:B73	GEMS28			18900	922000	27300	338000	623000	91100	192000	5430000	2500000	113000	5000000	10400000	21700000	9670000	66300	37000000	9380000	5470000	2430000	30500000	755000	10700000	748000	124000	74100	6730000	4100000	61200	639000	256000	11600000	3150000	3660	1120000	1080000	32800	5850000	466000	257	181000	127000	885000	7580000	38200	1360000	1140000	71100	1690000	1160000	1980	5640000	439000	64700	67000	156000	29300	46700000	34900	1240000	29400000	75500	19400	20500000	89800	300000	257000	874000	144000	320000	90700	136000	518000	184000	26900	45800	1070	53400	5630	25700	372000	5360000	2760000	1330000	7390000	12300000	69500	5500	560000	1070000	464000	645000	194000	16700	717000	1140000	880000	26400	474000	273000	44300	2430000	117000	19200	4330	2120000	24100000	12600	10300000	176000	6760000	1050000	1120000	38200000	11800000	2040000	483000	2570000	41500000	367000	11000000	2770000	117000	1520000	5130000	252000	113000000	53500000	13700000	119000	27700	2970000	1940000	12200000	14200000	14600000	3300	63300000	2900000	20200000	1800000	36600000	2420000	129000	28300000	5950000	2270000	189000	49400	7100000	122000	205000000	20100000	173000	7450000	155000000	3640000	6930000	332000	25300000	1250000	97200	56400000	2930000	99600	197000	367000	1740000	593000	87300	403000	24700	7670	189000	483000	92000	450000	366000	298000	32500000	137000	276000	1000000	2130000	611000	8330000	11200000	17000	18100	3750000	442000	654000	44200	245000	664000	880000	27400	436000	5060000	3350000	1530000	16600	5270	12800	32200	8790	364000	95700	1390000	217000	26000	90500000	5390000	238000	102000	112000	84500	2380000	122000	62300	30800	37700	587000	599000	1020000	11400000	207000	66500	746000	114000	874000	67800	22400000	3790	1090000	18800	98100000	3360000	181000	25300	25700	11100	32500	9150	203000	256000	25800	586000	GEMS28	GEMS28	metabolite_183_known
AMP_metabolite_traits	GEMS3	Zea	mays cultivar:B73	GEMS3			36400	699000	21500	36400	442000	172000	450000	1950000	620000	21500	13600000	3650000	34200000	10600000	102000	44900000	9680000	3220000	453000	35100000	1430000	13200000	858000	172000	123000	17000000	3790000	155000	421000	214000	6620000	1420000	79100	963000	902000	26700	52600000	525000	12300	405000	69400	409000	2530000	6400	3660000	2050000	287000	2310000	2160000	5900	6100000	397000	25800	19600	32200	4850	20400000	151000	13900000	14300000	41000	30600	16900000	49100	2210000	183000	414000	114000	672000	40800	80300	10200	22200	27600	30900	0	42200	29000	121000	383000	9370000	4120000	1330000	6700000	8790000	48500	23500	999000	1460000	1260000	412000	63000	195000	837000	1160000	636000	0	66200	707000	41000	3000000	1330000	170000	1740	4300000	33500000	61700	1980000	560000	410000	667000	293000	221000000	16800000	4510000	870000	2470000	123000000	362000	11400000	294000	174000	2350000	8400000	428000	162000000	75800000	38500000	85800	90600	2680000	3610000	7490000	20900000	4100000	2140	40500000	16300000	8710000	1110000	10700000	3260000	449000	11200000	7990000	5710000	109000	10300	3920000	1880000	215000000	4570000	157000	13000000	147000000	40100000	8620000	1350000	17100000	262000	148000	58500000	7820000	17700000	263000	377000	2670000	846000	663000	4610000	101000	6360	358000	768000	184000	159000	321000	314000	77800000	162000	255000	5680000	855000	489000	14800000	19500000	6270	62600	4590000	197000	2940000	26500	313000	646000	614000	389000	845000	5780000	5800000	1760000	4360	21500	50900	27100	8350	332000	561000	1110000	351000	24300	53200000	4730000	220000	38800	45400	153000	440000	239000	114000	14300	9850	436000	130000	1500000	20000000	76600	156000	4500000	1070000	824000	312000	37700000	13100	991000	6770	59100000	6880000	217000	12100	26600	22100	12600	112000	312000	789000	92500	363000	GEMS3	GEMS3	metabolite_183_known
AMP_metabolite_traits	GEMS30	Zea	mays cultivar:B73	GEMS30			112000	1030000	113000	148000	879000	33600	0	18200000	5890000	155000	5080000	0	24100000	12400000	21000	40600000	11300000	6880000	4470000	36700000	750000	13500000	853000	313000	48000	4390000	2960000	538000	2330000	1170000	22200000	10100000	216000	847000	1270000	51700	52400000	216000	1330	179000	112000	362000	1700000	76900	1800000	6420000	343000	28200000	3390000	4180	10200000	240000	74500	120000	251000	31800	49200000	256000	4150000	38300000	64000	4310	21300000	112000	1040000	172000	1010000	168000	387000	241000	160000	206000	86900	12300	55000	751	3670	17100	122000	368000	10900000	4470000	4530000	7230000	16200000	38200	765	855000	1660000	1150000	70600	133000	13000	679000	1130000	1070000	53800	278000	952000	60900	4150000	86600	10400	10900	3340000	13000000	29700	10200000	226000	8040000	1070000	142000	16700000	6580000	4080000	3090000	9630000	103000000	340000	9370000	193000	184000	2650000	7470000	338000	136000000	76000000	10200000	61000	101000	1790000	1460000	7600000	18400000	1060000	1690	86200000	1660000	903000	380000	1910000	2570000	16900	13500000	9240000	1070000	212000	2170	3470000	10100	161000000	12600000	96200	1970000	114000000	3680000	3950000	933000	13500000	295000	105000	58500000	1740000	73900	151000	501000	1650000	1860000	207000	91600	17000	7960	120000	590000	63800	89400	460000	217000	62300000	160000	152000	1390000	1870000	143000	17300000	12700000	3770	180000	2440000	360000	181000	2290	785000	385000	1300000	24200	1620000	13800000	2880000	1800000	10600	8590	4170	47400	6320	78300	61800	837000	162000	41100	51200000	2840000	168000	195000	190000	9840	1850000	40400	128000	9110	5450	249000	651000	918000	6870000	15500	22400	2630000	355000	2460000	253000	23300000	3330	2930000	4200	32800000	4760000	239000	1060	46700	208000	15400	49200	129000	237000	55300	282000	GEMS30	GEMS30	metabolite_183_known
AMP_metabolite_traits	GEMS31	Zea	mays cultivar:B73	GEMS31			70500	1650000	84300	17700	549000	97400	740000	6240000	3040000	187000	5840000	10900000	20200000	5100000	35400	34000000	6110000	5540000	5400000	36500000	620000	9470000	732000	173000	195000	5230000	3670000	199000	1430000	425000	13200000	6030000	31100	1590000	2060000	457000	22200000	187000	1970	120000	187000	502000	1070000	49400	3610000	3940000	513000	7700000	2600000	9610	7680000	286000	91100	38000	238000	0	44600000	51300	3170000	33100000	79500	16000	8570000	68600	710000	228000	497000	344000	208000	209000	110000	166000	9520	0	23000	0	3180	13400	61400	341000	5140000	2500000	1280000	13300000	19300000	54300	2530	777000	845000	415000	224000	146000	46800	1670000	1240000	1040000	24400	71000	316000	26800	2040000	8680	3170	5280	2460000	50600000	13600	7020000	191000	6300000	1850000	175000	18700000	19200000	3190000	945000	3820000	25700000	323000	3480000	708000	354000	2850000	9040000	315000	105000000	69800000	13300000	118000	39100	2170000	2330000	13600000	14300000	4590000	298	35900000	34100000	3440000	600000	6940000	3640000	110000	7850000	3650000	2960000	47600	1890	4320000	53700	206000000	7910000	129000	8150000	127000000	10100000	5500000	149000	21900000	851000	48600	53600000	2390000	149000	253000	469000	809000	343000	413000	150000	7430	4970	138000	323000	97800	919000	930000	219000	100000000	138000	295000	951000	918000	727000	14200000	14700000	2550	67800	1560000	239000	502000	3080	604000	210000	1270000	2950	1080000	7660000	10800000	3080000	39600	16500	2460	28600	6000	238000	16900	1140000	262000	10400	67400000	4590000	196000	11000	19200	5910	118000	43200	45100	31500	47500	277000	238000	2880000	6480000	26800	8270	751000	60800	1800000	139000	26500000	749	4200000	10100	85300000	3170000	336000	1020	52000	5500	18600	2340	5910	54600	11200	550000	GEMS31	GEMS31	metabolite_183_known
AMP_metabolite_traits	GEMS32	Zea	mays cultivar:B73	GEMS32			143000	1080000	37200	237000	491000	109000	2310000	7930000	4800000	72300	12600000	8960000	28300000	9310000	62700	81800000	6750000	7840000	5180000	30000000	745000	18900000	771000	169000	69400	8290000	3040000	359000	1300000	603000	22300000	3990000	179000	1200000	1050000	20500	36300000	204000	1400	229000	69700	308000	3670000	30100	2590000	3760000	91800	6720000	2030000	11600	4840000	41600	52900	10900	212000	21500	32500000	31800	1970000	34800000	91700	5860	19900000	70500	786000	247000	1060000	82400	268000	114000	314000	1280000	159000	26100	25300	0	25500	4600	54000	710000	15600000	6610000	2540000	8260000	26400000	33600	0	1440000	1430000	515000	107000	193000	58200	335000	912000	814000	40700	423000	778000	36800	4870000	15500	1400	14300	2540000	21400000	14300	6910000	131000	36300000	1320000	992000	25000000	7630000	849000	373000	1740000	107000000	437000	7000000	1010000	126000	2760000	4680000	500000	159000000	108000000	17300000	41200	24500	892000	1450000	13000000	10800000	4040000	1940	66100000	2040000	3030000	340000	3890000	2300000	60500	24600000	8280000	813000	27500	1700	6690000	41100	214000000	32500000	189000	10700000	174000000	3850000	6890000	351000	27700000	1300000	28700	52800000	1990000	87900	197000	290000	1210000	761000	160000	876000	7420	5910	333000	587000	156000	23200	212000	1020000	38600000	259000	298000	491000	1910000	127000	19200000	15700000	2370	161000	4290000	216000	856000	7750	481000	157000	1250000	111000	923000	4910000	3170000	2470000	5440	6000	2360	15500	5090	245000	16400	1950000	328000	21000	114000000	7860000	153000	55600	10300	2370	1770000	135000	21800	39700	59900	432000	180000	1450000	15300000	110000	9380	775000	25000	2650000	140000	11300000	2200	2860000	9280	76200000	931000	345000	2200	31200	283	26500	1290	12800	38600	2930	684000	GEMS32	GEMS32	metabolite_183_known
AMP_metabolite_traits	GEMS33	Zea	mays cultivar:B73	GEMS33			62000	638000	111000	342000	356000	93300	0	5620000	1610000	51200	4280000	12600000	29500000	7040000	40000	70200000	11300000	5050000	1230000	30400000	658000	16700000	977000	589000	107000	13700000	3750000	165000	534000	1020000	4530000	11600000	49800	1900000	1310000	42700	29600000	480000	171000	681000	116000	800000	14800000	21700	13600000	44400000	1790000	63200000	3310000	13200	15000000	239000	11800	30000	28100	18200	19900000	12700	2990000	37700000	146000	465000	18500000	363000	12700000	85400	4250000	88400	720000	117000	153000	511000	189000	37000	3230	721	153000	40100	90500	588000	22100000	6850000	5740000	5250000	15500000	82600	9600	1480000	1230000	1320000	294000	60800	31100	1270000	1960000	434000	25200	72200	760000	122000	5420000	920000	414000	2150	3070000	26200000	14700	3480000	371000	3660000	1240000	404000	57700000	14800000	2740000	1220000	2470000	39800000	344000	13800000	290000	191000	3270000	7300000	910000	153000000	52400000	22800000	164000	111000	4510000	6090000	11000000	13400000	6880000	8860	63200000	68900000	30300000	2510000	38700000	2770000	534000	43200000	3360000	3770000	77600	13400	8080000	92000	185000000	10400000	683000	7190000	127000000	6020000	6170000	832000	20300000	1710000	691000	54100000	1390000	1470000	171000	137000	4950000	598000	327000	845000	56200	5730	772000	664000	469000	861000	374000	910000	43800000	234000	171000	1870000	1610000	1210000	30700000	12800000	4570	96200	2920000	720000	14100000	18200	562000	2000000	451000	73200	870000	9000000	8350000	2660000	23200	11500	14100	53800	17000	212000	20600	794000	175000	9050	43800000	2450000	215000	102000	24800	40500	699000	2550000	92300	82700	67500	386000	1910000	2650000	13600000	66900	16200	1070000	146000	1690000	406000	23400000	7310	3130000	5960	58900000	5000000	189000	95600	145000	12800	47000	60500	75100	410000	32300	111000	GEMS33	GEMS33	metabolite_183_known
AMP_metabolite_traits	GEMS35	Zea	mays cultivar:B73	GEMS35			66100	863000	91900	18700	737000	211000	149000	17000000	5400000	62300	7070000	12800000	38100000	9770000	112000	66600000	14800000	4960000	5190000	31600000	1160000	13200000	2460000	189000	190000	8830000	5460000	153000	853000	601000	14200000	14400000	21400	786000	1030000	34200	51500000	340000	621000	1120000	56500	395000	3930000	38300	7390000	5230000	348000	3130000	1780000	0	9850000	96200	22000	116000	142000	0	62900000	142000	3400000	23700000	25700	2500000	21600000	154000	3420000	317000	1890000	82800	1240000	112000	173000	1060000	9180	121000	6220	0	11500	11600	10100	500000	11100000	4120000	3200000	7890000	11300000	82300	12300	1220000	856000	1280000	611000	100000	85000	514000	1090000	1150000	155000	147000	358000	54300	2110000	3620000	1310000	2710	2850000	59900000	14200	6930000	258000	1450000	1430000	0	0	0	0	0	0	0	0	0	0	0	0	0	0	0	0	0	0	0	0	0	0	0	0	0	0	0	0	0	0	0	0	0	0	0	0	0	0	0	0	0	0	0	0	0	0	0	0	0	0	0	0	0	0	0	0	0	0	0	0	0	0	0	0	0	0	0	0	0	0	0	0	0	0	0	0	0	0	0	0	0	0	0	0	0	0	0	0	0	0	0	0	0	0	0	0	0	0	0	0	0	0	0	0	0	0	0	0	0	0	0	0	0	0	0	0	0	0	0	0	0	0	0	0	0	0	0	0	0	0	0	0	0	0	0	0	GEMS35	GEMS35	metabolite_183_known
AMP_metabolite_traits	GEMS4	Zea	mays cultivar:B73	GEMS4			29800	735000	108000	57100	602000	86200	254000	7050000	2560000	228000	9410000	3250000	35200000	8590000	211000	41800000	11900000	2410000	3860000	39300000	975000	15300000	939000	111000	119000	12700000	2130000	117000	414000	201000	17400000	2420000	50100	1020000	1060000	34400	16700000	296000	0	442000	110000	482000	4600000	36700	6100000	8370000	340000	27400000	1570000	37100	7520000	151000	70900	18200	264000	20600	17200000	72600	2530000	21600000	100000	3260	18100000	77100	2620000	219000	1120000	72900	1540000	104000	66900	206000	37800	39500	2460	512	24300	26500	131000	422000	13000000	4370000	1090000	5040000	16900000	54900	44400	969000	917000	459000	70000	17100	96600	771000	1100000	399000	11400	547000	389000	52800	2930000	5830	6870	9020	3400000	66600000	8920	6130000	722000	4760000	762000	953000	81200000	7260000	4270000	495000	1430000	97700000	387000	3660000	530000	108000	1600000	4010000	478000	130000000	20600000	7810000	544000	35700	4630000	4640000	8020000	19800000	13400000	5910	62400000	7210000	78500000	4220000	99600000	2300000	1660000	18000000	4350000	2690000	47300	2940	5230000	202000	159000000	13600000	332000	19400000	147000000	24100000	5900000	91900	23700000	627000	19200	65600000	3470000	196000	135000	186000	17300000	238000	177000	454000	2830000	8290	163000	517000	65500	815000	2650000	246000	39200000	94500	332000	1320000	1770000	349000	16500000	11900000	31000	46200	2720000	1150000	1250000	257000	519000	192000	104000	13600	679000	2850000	2770000	970000	7310	11700	5650	27800	4710	129000	10200	733000	274000	3790	38400000	3030000	156000	16200	23400	6700	1200000	53000	46300	8880	9240	350000	783000	2160000	12000000	17800	30900	508000	115000	203000	265000	53200000	2400	307000	6150	140000000	2730000	183000	2710	63500	907	21500	5580	4840	29700	3690	304000	GEMS4	GEMS4	metabolite_183_known
AMP_metabolite_traits	GEMS40	Zea	mays cultivar:B73	GEMS40			53900	675000	50100	127000	663000	129000	932000	12200000	2190000	81700	7560000	7340000	39700000	9540000	92500	50200000	8150000	5450000	1700000	35600000	710000	19100000	921000	211000	103000	16100000	4400000	185000	812000	441000	12100000	16600000	7950	1420000	1420000	48900	21000000	688000	27000	306000	58400	904000	7310000	15100	6960000	21600000	1170000	21900000	3020000	12700	15200000	22000	39900	7210	117000	144000	34200000	73100	589000	36500000	135000	598000	19400000	191000	4720000	317000	3210000	43000	497000	47000	114000	255000	62100	13600	4700	1020	41900	50800	45100	494000	14700000	6150000	2560000	11400000	19100000	117000	5320	945000	2510000	1190000	74700	115000	175000	758000	1080000	789000	37000	398000	481000	61600	7630000	1150000	334000	5190	3330000	35300000	50000	5460000	763000	1920000	966000	562000	46000000	18400000	13400000	600000	3330000	79200000	390000	7170000	155000	139000	4890000	4360000	324000	134000000	20700000	25800000	136000	79100	5230000	4800000	11200000	15600000	12000000	3400	34800000	22300000	16200000	1080000	23100000	2420000	429000	40600000	6470000	550000	42700	27300	994000	998000	200000000	1570000	520000	4160000	162000000	8420000	9600000	80100	36100000	3030000	947000	63600000	2250000	427000	110000	96100	4720000	459000	127000	385000	726000	8390	361000	402000	97200	683000	798000	137000	27800000	34900	183000	3550000	426000	827000	9260000	5750000	16400	69100	3860000	1210000	1700000	16100	509000	369000	1090000	133000	1380000	9540000	15100000	908000	84400	7090	4000	115000	27000	215000	29100	1190000	235000	17500	80200000	4830000	1020000	9850	77300	166000	1910000	22500	44500	14100	14300	358000	859000	1290000	16800000	52300	74700	1120000	882000	919000	557000	27200000	31700	2790000	1260	94800000	2750000	94700	25000	111000	54800	33900	50700	103000	487000	76700	210000	GEMS40	GEMS40	metabolite_183_known
AMP_metabolite_traits	GEMS41	Zea	mays cultivar:B73	GEMS41			46100	908000	108000	524000	397000	116000	4450000	5460000	957000	12500	10300000	13400000	18100000	7370000	15700	64000000	13500000	7830000	1110000	27000000	462000	13800000	1230000	160000	164000	18800000	4370000	120000	674000	396000	13500000	14200000	1070000	1210000	926000	192000	85000000	254000	163000	360000	95700	619000	14900000	8430	6090000	28000000	798000	74300000	2170000	129000	6290000	245000	47400	12800	93800	21100	54700000	232000	4270000	45100000	102000	347000	6130000	266000	9580000	208000	3320000	112000	527000	89800	215000	182000	207000	79600	2730	0	62900	16400	63700	626000	16200000	6280000	1940000	7840000	12500000	71900	2300	892000	575000	619000	333000	217000	102000	856000	1160000	1750000	43100	16500	535000	18800	2260000	1880000	485000	5060	3120000	51500000	84400	5520000	123000	5780000	1320000	1320000	150000000	8480000	5940000	946000	2340000	41000000	309000	3470000	302000	89100	4040000	5130000	379000	157000000	70000000	38200000	248000	223000	2290000	2880000	6240000	13700000	7060000	9330	60800000	7170000	6500000	988000	30100000	1780000	842000	10400000	3840000	10100000	43100	20500	20500000	62100	184000000	29600000	1360000	7730000	113000000	7680000	5080000	140000	18300000	3740000	626000	57600000	2010000	179000	655000	181000	3430000	1260000	1900000	687000	581000	6920	241000	932000	296000	971000	531000	901000	116000000	125000	181000	1680000	1280000	453000	18900000	7930000	30000	4550	1820000	1330000	1310000	17900	473000	596000	2060000	85300	701000	10300000	4870000	790000	54900	5970	22000	63400	21600	145000	80200	1150000	225000	16800	52100000	2710000	281000	40600	14000	151000	259000	32600	45300	42500	34500	410000	2740000	1900000	8240000	39500	107000	2260000	800000	227000	60100	26100000	52200	308000	34300	116000000	3070000	147000	33100	365000	49800	12800	132000	2670	651000	71500	114000	GEMS41	GEMS41	metabolite_183_known
AMP_metabolite_traits	GEMS44	Zea	mays cultivar:B73	GEMS44			30400	878000	60200	412000	760000	128000	336000	2960000	4590000	42600	4220000	9230000	13500000	6820000	2280	26400000	7070000	7390000	560000	34300000	603000	10000000	551000	97800	98100	18500000	3510000	141000	1770000	672000	11500000	16700000	113000	815000	1260000	45000	34100000	282000	8140	119000	84200	917000	1290000	49000	928000	15600000	249000	40900000	1220000	17000	13800000	237000	48100	76800	28900	5540	40100000	20300	1930000	30800000	76300	35200	22400000	147000	2920000	346000	1260000	183000	289000	77300	138000	601000	194000	127000	0	1020	30400	18600	55300	293000	6680000	3230000	2150000	9580000	12800000	147000	0	1450000	661000	534000	149000	182000	125000	875000	1220000	876000	17300	532000	573000	28900	1780000	3130000	987000	10500	2330000	45600000	11000	5290000	492000	11200000	1730000	696000	41100000	14600000	2740000	589000	4250000	62200000	352000	42900000	1640000	187000	1730000	5470000	220000	122000000	72500000	11700000	68600	80500	2500000	2310000	7870000	18900000	19100000	743	59700000	2030000	51500000	5000000	75700000	2380000	896000	43000000	4040000	124000	17200	35900	168000	19500	190000000	2170000	97800	5840000	145000000	2750000	5150000	46500	19000000	2680000	184000	67400000	1910000	407000	306000	292000	3830000	758000	275000	39100	5450	9120	162000	674000	130000	161000	1620000	108000	36100000	699000	279000	1460000	320000	408000	8490000	12000000	13100	87400	2840000	466000	2860000	221000	412000	1190000	835000	40500	2520000	3200000	2620000	1950000	9700	27000	16000	58700	12700	136000	158000	966000	194000	2660	64000000	3800000	285000	5440	31100	74200	230000	2060000	47000	952000	316000	532000	495000	585000	8730000	63300	209000	9010000	4350000	2180000	272000	26700000	56300	3020000	5690	90000000	4150000	214000	139000	12000	255000	29600	207000	172000	412000	18300	478000	GEMS44	GEMS44	metabolite_183_known
AMP_metabolite_traits	GEMS46	Zea	mays cultivar:B73	GEMS46			34900	1260000	55600	415000	354000	49100	613000	21000000	3670000	32300	6030000	11900000	21400000	6680000	20000	95200000	10300000	4430000	2840000	33500000	620000	17000000	955000	124000	176000	14300000	4420000	163000	619000	434000	25800000	12600000	175000	727000	1650000	39100	12200000	384000	19400	89300	61500	563000	645000	29400	5390000	7580000	337000	27800000	1560000	12700	27600000	19300	65300	76000	290000	423000	20500000	43100	399000	45300000	186000	671	16500000	206000	1680000	246000	3660000	28500	758000	50000	163000	668000	264000	20400	2790	2020	105000	22000	6180	871000	8600000	3840000	3050000	5470000	22800000	111000	0	1050000	1600000	1060000	25100	184000	36600	1030000	1150000	386000	16300	430000	424000	24900	5510000	5070	5860	4090	1730000	41800000	15300	9080000	708000	9180000	262000	388000	49300000	20200000	10900000	884000	1520000	87500000	429000	9190000	316000	133000	1620000	4010000	478000	134000000	31600000	18800000	72400	18700	1090000	1670000	7930000	13900000	2500000	346	66300000	13600000	4070000	367000	16900000	2040000	69000	22800000	2470000	1030000	254000	2930	5960000	211000	179000000	18900000	54600	674000	154000000	6420000	4870000	162000	17400000	1630000	15100	54500000	2540000	478000	207000	155000	12700000	910000	366000	378000	199000	8220	225000	341000	164000	332000	428000	894000	44900000	208000	361000	909000	2230000	462000	19300000	14400000	3320	52300	5180000	519000	1840000	33900	873000	79800	1140000	20600	705000	4660000	6510000	1800000	2340	7460	3360	23800	3450	128000	5950	752000	165000	6900	42600000	2630000	163000	74700	11600	1120	1760000	182000	43600	57800	49400	356000	2660000	1150000	19200000	36100	4220	648000	17900	427000	247000	21000000	6350	530000	3710	97500000	2520000	103000	1610	13500	803	34100	2240	13500	65500	6910	186000	GEMS46	GEMS46	metabolite_183_known
AMP_metabolite_traits	GEMS48	Zea	mays cultivar:B73	GEMS48			21400	1110000	93400	247000	325000	148000	476000	1910000	3460000	16500	5560000	8750000	22300000	9040000	84300	20800000	6940000	5740000	4460000	32900000	602000	7150000	603000	90800	53400	20800000	2900000	67000	812000	147000	9470000	3850000	14100	1750000	1100000	39300	10600000	388000	19100	360000	100000	523000	1130000	25100	2460000	2160000	81500	5630000	2370000	3150	20700000	178000	60200	13100	153000	2530	31600000	148000	4160000	41400000	1500	80600	16200000	112000	119000	174000	1110000	125000	579000	139000	377000	6740000	110000	5510	737	1060	41900	10200	45600	199000	5390000	3310000	1370000	8010000	6880000	62600	7180	910000	1110000	753000	1010000	194000	106000	767000	1180000	1010000	49000	90400	407000	31100	1570000	197000	41900	982	1850000	24300000	38500	3340000	317000	1600000	755000	577000	103000000	11000000	3470000	1210000	2920000	113000000	407000	21100000	563000	137000	2890000	4390000	449000	156000000	55300000	13600000	186000	336000	2300000	3530000	8090000	14700000	22900000	10300	53800000	34500000	7560000	719000	21100000	3180000	83000	74600000	7820000	2330000	61400	15200	2990000	79900	193000000	9160000	384000	12400000	142000000	22900000	8510000	2940000	19100000	171000	1170000	54900000	5490000	6160000	183000	176000	4330000	3100000	2790000	473000	3170	7210	438000	935000	138000	1570000	207000	184000	110000000	4990000	180000	1900000	1250000	605000	14400000	10400000	10600	86400	10100000	866000	5810000	7820	868000	815000	1700000	132000	1900000	6860000	10300000	1980000	9320	10900	15900	29000	6730	392000	92500	1050000	454000	77800	58900000	4400000	859000	39200	46800	27400	1280000	2460000	343000	1840000	2110000	427000	15000000	4010000	48000000	56700	36700	1200000	139000	871000	792000	21000000	7320	3640000	57900	42200000	10900000	111000	71100	26500	25800	113000	9730	80300	587000	23500	204000	GEMS48	GEMS48	metabolite_183_known
AMP_metabolite_traits	GEMS50	Zea	mays cultivar:B73	GEMS50			41500	1290000	167000	87700	631000	42300	332000	3210000	793000	46400	4970000	12000000	40600000	13200000	20900	47900000	8390000	6900000	1120000	42800000	482000	14700000	629000	96800	49900	7160000	3670000	109000	961000	186000	14400000	2260000	56000	1020000	2550000	269000	11500000	245000	4360	598000	114000	614000	1090000	4480	1240000	7430	4140	13900	2140000	3850	428000	238000	89900	56300	114000	14300	48000000	84700	1610000	33100000	0	79200	5440000	43400	50600	445000	708000	125000	276000	214000	281000	169000	24300	34400	1540	0	16800	29900	16000	485000	6330000	3300000	643000	8460000	19100000	80700	808	1840000	521000	170000	465000	179000	796000	1330000	1210000	1330000	49000	5790	355000	15400	1240000	268000	51700	642	4080000	13600000	19300	1960000	719000	2550000	1230000	833000	44900000	7050000	3760000	581000	2040000	181000000	417000	13000000	458000	189000	1740000	6120000	247000	166000000	82800000	8980000	155000	253000	4160000	3340000	9010000	19800000	6850000	1570	35600000	7890000	6430000	324000	7920000	2820000	121000	5580000	8810000	473000	89100	11200	558000	1190000	204000000	1280000	267000	11600000	192000000	36000000	10900000	1840000	21700000	334000	293000	64600000	9590000	12000000	228000	319000	1260000	934000	119000	38000	4890	9080	280000	4440000	136000	227000	291000	182000	60400000	176000	356000	1240000	328000	381000	11500000	14300000	12700	26300	3430000	374000	3880000	10800	396000	1970000	549000	1240000	761000	6440000	2580000	2140000	7230	8220	153000	27100	4220	386000	330000	1410000	762000	91700	72800000	8240000	270000	34200	28200	71500	331000	91700	563000	12900	8490	305000	1020000	1580000	15600000	69000	73900	1470000	532000	484000	132000	27000000	11000	961000	68400	77600000	10400000	362000	247000	32700	48900	30400	190000	70300	1380000	121000	597000	GEMS50	GEMS50	metabolite_183_known
AMP_metabolite_traits	GEMS54	Zea	mays cultivar:B73	GEMS54			61200	465000	145000	294000	858000	68600	0	4830000	3430000	92400	4420000	12900000	20100000	8250000	71200	38800000	8430000	7250000	3180000	37900000	686000	10700000	710000	142000	73800	10100000	4220000	236000	1680000	759000	11600000	11200000	5180	1200000	1600000	47200	32300000	432000	5540	71000	97100	605000	1850000	36900	1020000	8030000	300000	11500000	1810000	10600	5820000	593000	155000	16000	286000	9540	47000000	125000	1130000	25800000	47000	37500	23600000	354000	3320000	352000	3470000	219000	441000	113000	149000	282000	154000	17000	0	566	25400	25800	19200	368000	6570000	3480000	1450000	8940000	14600000	29100	6390	854000	751000	849000	51200	169000	59800	373000	1190000	1040000	35600	99700	426000	22600	1870000	152000	65700	2270	3380000	27400000	116000	9100000	141000	2050000	1340000	73700	27200000	13200000	4380000	343000	2660000	34900000	333000	5680000	26800	181000	2230000	7550000	581000	111000000	44400000	24000000	140000	70400	6990000	5410000	7620000	13200000	663000	1880	68200000	1400000	736000	128000	1520000	2090000	22300	10200000	7760000	17700000	96100	4470	18300000	58800	167000000	27200000	382000	1680000	137000000	6130000	10000000	135000	36600000	467000	89300	53600000	609000	129000	198000	338000	3460000	918000	204000	563000	22900	7470	526000	417000	125000	924000	240000	666000	17500000	244000	134000	3550000	1140000	239000	9710000	14800000	8380	3520	2140000	743000	726000	3450	371000	155000	1080000	118000	493000	5830000	1950000	547000	10400	11700	9510	25400	4580	194000	24600	1030000	197000	8220	82600000	5140000	244000	6910	121000	14300	1190000	28800	51600	127000	225000	194000	0	1090000	6420000	46200	15700	884000	335000	81200	29600	34900000	5880	526000	1760	74300000	3320000	136000	1280	163000	7350	20500	18700	29500	57600	14700	299000	GEMS54	GEMS54	metabolite_183_known
AMP_metabolite_traits	GEMS55	Zea	mays cultivar:B73	GEMS55			40900	811000	75100	154000	881000	150000	123000	4140000	1020000	29300	4890000	7490000	37700000	8340000	1770	60200000	8020000	6000000	688000	39700000	581000	16400000	742000	147000	150000	13400000	4040000	91800	696000	416000	8690000	9000000	61400	721000	1550000	45200	46500000	380000	0	349000	82200	536000	15000000	6610	2560000	27400000	1030000	25600000	1240000	19900	12400000	275000	1070	4040	20900	0	34400000	86800	2740000	23200000	35600	4280	20900000	362000	4010000	425000	5170000	51000	494000	139000	154000	70400	78300	72800	0	0	33500	27400	27600	628000	10400000	5220000	2030000	6510000	14600000	68500	0	1350000	758000	585000	105000	115000	1620	1040000	1250000	1000000	28400	22300	472000	21400	2180000	8460	1050	1730	4000000	50600000	18700	4000000	270000	5910000	625000	855000	47200000	7260000	1250000	557000	2330000	37700000	340000	11700000	217000	214000	1170000	8920000	256000	158000000	11100000	14500000	141000	36500	4520000	2890000	7880000	16700000	3000000	16500	64500000	3050000	21500000	1800000	22700000	1950000	47500	17100000	3510000	8150000	26900	6440	8790000	94200	193000000	8080000	310000	11800000	144000000	7560000	6530000	2040000	24800000	1260000	38300	64800000	2850000	165000	157000	169000	1580000	598000	116000	1380000	4900000	7960	113000	414000	136000	1090000	314000	1040000	30100000	171000	156000	1510000	1320000	156000	14200000	13700000	10800	46100	2220000	326000	385000	13100	246000	1340000	449000	8340	499000	4750000	1520000	1780000	12000	4860	5550	28900	6030	269000	10600	1770000	459000	436000	67400000	4110000	189000	112000	41400	4750	1980000	12900	64700	22200	10500	254000	572000	612000	7120000	22500	15900	421000	44700	198000	41200	24300000	4480	155000	2470	113000000	3300000	251000	34900	55800	8660	21200	4860	17400	265000	62900	660000	GEMS55	GEMS55	metabolite_183_known
AMP_metabolite_traits	GEMS6	Zea	mays cultivar:B73	GEMS6			24400	720000	47400	232000	1110000	78400	253000	4510000	945000	83400	6570000	9730000	38900000	7280000	55500	38700000	11100000	7810000	1070000	30700000	802000	7330000	870000	141000	168000	11100000	2000000	90600	711000	439000	10200000	4120000	529000	638000	1230000	49000	47000000	280000	1980	161000	92900	767000	7120000	7460	3000000	27800000	555000	46300000	2300000	47600	5460000	213000	96900	35000	129000	5730	37300000	339000	2320000	33900000	234	5690	22900000	110000	2440000	252000	1790000	124000	405000	162000	145000	170000	104000	59400	1740	0	57600	23200	87600	400000	7080000	3100000	1680000	8340000	10100000	98900	2730	1200000	1220000	601000	350000	104000	20300	1300000	1400000	940000	30000	346000	997000	29400	3460000	156000	52100	5180	2880000	79900000	56900	6230000	1060000	1560000	711000	365000	24500000	5930000	1050000	191000	2230000	38000000	495000	3770000	536000	110000	1800000	8790000	569000	177000000	7920000	17900000	212000	19300	1750000	2050000	8580000	10600000	179000	4630	47600000	2330000	934000	110000	4080000	1590000	14100	2760000	4070000	4670000	65400	2330	6530000	21800	201000000	6890000	452000	2950000	154000000	4190000	5550000	159000	20800000	1440000	89800	58100000	3740000	70700	186000	207000	1560000	805000	374000	110000	301000	8260	402000	396000	95200	237000	309000	139000	20900000	150000	297000	654000	1100000	375000	14600000	14700000	3380	5460	2450000	941000	547000	5930	515000	297000	662000	83900	5560000	10500000	3310000	26300000	5170	7920	2230	16600	7320	212000	10400	1090000	191000	17300	75700000	4660000	155000	10100	183000	112000	235000	32900	7530	17900	37600	242000	53100	352000	10700000	69300	24000	909000	171000	43100	51300	13700000	2920	266000	3240	97200000	482000	250000	575	57900	6770	6790	7860	14700	3280000	210000	795000	GEMS6	GEMS6	metabolite_183_known
AMP_metabolite_traits	GEMS61	Zea	mays cultivar:B73	GEMS61			40500	655000	124000	143000	486000	141000	194000	5750000	2650000	42900	3480000	10200000	33600000	7400000	25300	40700000	4050000	5690000	4130000	33600000	410000	9200000	465000	152000	73200	13200000	4020000	153000	581000	229000	12500000	9130000	1480	757000	1080000	250000	23100000	173000	4310	254000	84100	461000	3720000	20300	4700000	21200000	965000	49400000	1170000	38900	6350000	59000	240000	55400	497000	49300	29100000	131000	2150000	29200000	0	2270	6640000	248000	1960000	298000	3060000	88000	421000	108000	244000	2680000	90400	54500	0	685	66400	8360	17700	355000	5350000	3140000	1470000	5740000	10300000	65400	2370	1580000	965000	329000	188000	117000	44500	2350000	1090000	847000	40500	390000	250000	30700	2050000	8490	14800	1490	2610000	30900000	70200	5100000	430000	6070000	629000	496000	38000000	13100000	2810000	736000	1540000	45000000	162000	4660000	63000	204000	1960000	5400000	377000	165000000	18700000	27300000	99300	13200	3610000	3350000	9960000	17400000	1450000	5190	63500000	6170000	5990000	325000	14300000	2400000	57500	15500000	5790000	8660000	268000	73700	10900000	377000	206000000	20300000	411000	9590000	147000000	6920000	6010000	265000	22200000	996000	31300	57900000	1770000	206000	124000	155000	1320000	673000	980000	134000	388000	8620	187000	365000	110000	727000	369000	388000	32100000	4700000	135000	1250000	2390000	431000	11200000	16400000	12200	17200	2010000	394000	673000	8700	306000	195000	951000	207000	326000	5260000	8350000	3810000	5620	14300	3170	24500	5240	104000	11500	1060000	212000	12500	69800000	4260000	145000	29000	164000	4910	3020000	52000	43600	132000	171000	244000	188000	862000	6560000	66100	15400	523000	41600	100000	222000	28900000	1150	136000	2520	111000000	2930000	218000	87200	121000	2310	16000	2790	10300	48100	6060	496000	GEMS61	GEMS61	metabolite_183_known
AMP_metabolite_traits	GEMS62	Zea	mays cultivar:B73	GEMS62			163000	1030000	34600	223000	444000	46200	588000	5080000	2620000	35100	3510000	6420000	35800000	6130000	67900	32700000	7560000	7590000	3290000	32000000	682000	17800000	638000	200000	163000	9010000	4030000	316000	1120000	301000	10400000	11100000	29100	889000	2630000	44600	10200000	446000	46500	258000	52100	382000	3030000	48800	4260000	13500000	267000	14300000	3320000	3290	19300000	192000	54600	1300	130000	12700	23600000	19500	411000	21600000	48700	593000	17100000	106000	1470000	91600	1080000	116000	873000	56200	171000	1450000	102000	23000	745	840	49300	29000	23500	326000	9620000	4760000	607000	7060000	15800000	59100	14100	1750000	705000	473000	79800	96700	99200	604000	1070000	830000	37700	122000	204000	26200	3510000	10300	10500	2330	2610000	59100000	23800	2430000	1570000	3750000	610000	254000	20600000	45700000	6470000	849000	3080000	50400000	344000	7870000	44400	181000	1510000	7830000	464000	121000000	18900000	16900000	525000	106000	2690000	2410000	8220000	14200000	595000	3470	40500000	6080000	4420000	344000	17500000	2600000	219000	38600000	4730000	1440000	106000	2270	5640000	976000	209000000	16000000	186000	1620000	154000000	4120000	7570000	125000	27200000	2150000	839000	52900000	952000	194000	208000	159000	4870000	618000	73500	112000	3920	7660	177000	334000	117000	1950000	286000	169000	39800000	361000	171000	1530000	1670000	493000	19900000	18200000	4950	12900	2080000	562000	539000	6350	374000	212000	789000	127000	378000	3940000	8190000	2240000	13100	8240	7340	51500	12400	107000	10900	1100000	198000	6040	75300000	4600000	666000	7140	389000	5580	327000	93700	58400	296000	210000	214000	7050000	1020000	6260000	34600	9290	621000	86200	123000	101000	22900000	2170	251000	1440	80900000	3310000	296000	4890	29100	576	42200	3110	34900	28600	15500	1050000	GEMS62	GEMS62	metabolite_183_known
AMP_metabolite_traits	GEMS63	Zea	mays cultivar:B73	GEMS63			25000	674000	60900	103000	573000	118000	257000	3850000	4080000	288000	5860000	7680000	30800000	7240000	279000	49800000	5290000	8250000	3730000	32400000	611000	11400000	616000	128000	161000	4300000	2490000	78400	684000	249000	10400000	5280000	138000	1420000	1360000	61600	21200000	171000	3480	455000	42300	321000	1190000	31800	1370000	5150000	129000	19600000	1350000	9100	2160000	63600	340000	20900	463000	40900	23300000	232000	3460000	26900000	0	10300	13100000	116000	819000	256000	1160000	34000	484000	154000	375000	305000	59900	19400	1880	0	15900	48600	64700	409000	6640000	3130000	1740000	4990000	11500000	52600	41400	1060000	1020000	599000	191000	35400	8280	766000	866000	745000	26900	168000	316000	20000	2340000	83200	19400	5060	3890000	46300000	112000	5940000	516000	1420000	341000	392000	17500000	7340000	1660000	490000	1550000	39400000	315000	16600000	169000	214000	1960000	5610000	366000	137000000	10900000	7050000	46300	48500	3600000	4330000	8660000	16400000	543000	1890	69600000	2640000	2030000	244000	4140000	1750000	40700	17700000	3890000	5280000	84900	10500	6910000	217000	188000000	8680000	311000	10500000	135000000	5610000	5400000	316000	20200000	1190000	66000	69600000	2180000	200000	180000	182000	2290000	906000	277000	148000	83500	9480	196000	545000	125000	435000	662000	274000	32800000	482000	160000	1580000	1670000	232000	9960000	11200000	7740	18900	2520000	322000	834000	5180	519000	346000	319000	89600	514000	8160000	3440000	1820000	6420	13400	4100	28200	2180	259000	21900	814000	186000	6110	54300000	3110000	156000	3930	25400	14700	860000	48200	60500	155000	126000	220000	346000	395000	8090000	30900	31500	990000	348000	66200	36400	18600000	3200	65800	3130	103000000	3650000	240000	15500	257000	16000	18100	115000	51600	159000	14800	485000	GEMS63	GEMS63	metabolite_183_known
AMP_metabolite_traits	GEMS65	Zea	mays cultivar:B73	GEMS65			31500	1000000	109000	122000	650000	98400	240000	5910000	2970000	45000	6530000	8690000	23700000	5840000	46500	76700000	8750000	6220000	1870000	34200000	684000	12500000	676000	132000	151000	8210000	2310000	93000	723000	223000	11900000	7530000	1240000	1140000	1210000	47200	36200000	376000	4470	367000	139000	811000	1370000	27200	1300000	6560000	150000	13000000	2790000	2700	4120000	398000	60700	45100	104000	16600	38600000	97300	7590000	34800000	111000	14300	22400000	170000	971000	317000	1710000	98000	887000	197000	254000	590000	65000	25800	0	0	37100	45400	122000	804000	7920000	4310000	2240000	5980000	18700000	76400	4250	1020000	1300000	1230000	206000	135000	64100	955000	1230000	711000	30300	48200	544000	44800	3510000	36000	12900	6140	3230000	44000000	24100	10500000	587000	2400000	551000	1030000	71500000	14100000	11500000	678000	1450000	66400000	360000	10700000	8120000	35600	2470000	3780000	500000	138000000	72200000	6960000	111000	54700	13000000	7350000	10700000	12500000	28200000	829	61200000	16700000	76400000	2780000	79500000	3060000	792000	62900000	15500000	1330000	165000	1340	2200000	137000	200000000	6840000	1690000	45100000	138000000	7070000	8580000	1130000	32700000	1150000	75200	61200000	4270000	375000	115000	267000	4370000	1150000	287000	1920000	911000	9490	214000	1680000	143000	2210000	726000	564000	40600000	484000	251000	2040000	1080000	404000	14100000	12400000	40100	77400	6170000	736000	5290000	424000	359000	1110000	810000	86200	1240000	5740000	4250000	2000000	9980	7810	6750	40100	10800	275000	50600	823000	160000	34200	74600000	4260000	338000	35500	16700	30400	1460000	258000	97700	109000	181000	686000	2490000	1170000	26900000	74900	69400	564000	40500	900000	549000	35900000	3890	895000	7250	140000000	5790000	172000	2460	143000	36000	53000	66700	13300	762000	21100	597000	GEMS65	GEMS65	metabolite_183_known
AMP_metabolite_traits	GEMS66	Zea	mays cultivar:B73	GEMS66			25900	1010000	36800	142000	412000	39200	78100	683000	3900000	136000	6000000	5520000	22600000	8930000	50100	28300000	8160000	5430000	10700000	28900000	577000	10100000	537000	241000	99900	9780000	2930000	63800	548000	642000	2250000	7880000	202000	1140000	1460000	73100	39000000	854000	2290	446000	66600	359000	1740000	46400	4360000	17800000	377000	34500000	2180000	27300	12200000	224000	2350000	24600	1940000	5740	27200000	490000	2150000	23600000	60300	11800	17200000	155000	2200000	97500	1480000	105000	137000	130000	85700	63500	97400	20300	34100	305	41600	26900	61700	236000	5930000	4300000	2540000	6220000	6960000	45900	19100	2400000	844000	1110000	1040000	98800	92100	1000000	1400000	612000	0	462000	635000	45400	2520000	70800	31200	5480	1390000	40000000	160000	6010000	863000	4270000	353000	0	0	0	0	0	0	0	0	0	0	0	0	0	0	0	0	0	0	0	0	0	0	0	0	0	0	0	0	0	0	0	0	0	0	0	0	0	0	0	0	0	0	0	0	0	0	0	0	0	0	0	0	0	0	0	0	0	0	0	0	0	0	0	0	0	0	0	0	0	0	0	0	0	0	0	0	0	0	0	0	0	0	0	0	0	0	0	0	0	0	0	0	0	0	0	0	0	0	0	0	0	0	0	0	0	0	0	0	0	0	0	0	0	0	0	0	0	0	0	0	0	0	0	0	0	0	0	0	0	0	0	0	0	0	0	0	GEMS66	GEMS66	metabolite_183_known
AMP_metabolite_traits	GEMS9	Zea	mays cultivar:B73	GEMS9			19900	816000	45200	222000	735000	128000	421000	4590000	1540000	87000	6440000	10500000	38000000	7320000	19700	24300000	6040000	5860000	1570000	31400000	619000	7310000	589000	79200	115000	7280000	3270000	47400	467000	283000	17400000	3370000	85700	698000	1170000	51100	32300000	367000	1360	141000	54500	819000	1270000	16700	8400000	5440000	104000	28900000	1800000	18800	1460000	435000	614000	24900	494000	19000	38200000	259000	1970000	32100000	78800	20300	19500000	87900	1090000	296000	1470000	145000	601000	103000	231000	209000	104000	143000	1060	0	27300	22600	46600	251000	3700000	1750000	968000	4120000	7510000	217000	3220	1270000	770000	394000	143000	7200	54900	765000	1120000	817000	43600	353000	473000	19800	1940000	72700	60400	1690	2200000	62700000	119000	9690000	1020000	2150000	741000	215000	16600000	12600000	1810000	480000	1500000	74900000	384000	12300000	107000	158000	4050000	8430000	491000	153000000	4880000	13900000	114000	20900	1270000	2130000	7490000	13300000	315000	1600	65600000	29600000	188000	43400	1130000	2240000	25600	4550000	4230000	32000000	81000	5860	31400000	61100	196000000	31900000	2120000	7410000	146000000	5410000	5180000	94200	18500000	912000	61100	55800000	2000000	154000	145000	328000	6110000	929000	2420000	229000	1520000	8040	305000	297000	131000	470000	386000	318000	21500000	756000	282000	2450000	2670000	721000	8000000	6950000	11300	7440	2640000	463000	377000	1430	768000	441000	407000	104000	737000	11800000	6490000	2580000	29400	9580	3300	50000	10000	528000	12600	1130000	245000	4830	65700000	3890000	250000	6760	18000	13500	1750000	34500	39800	610000	393000	198000	6770	595000	8600000	53200	24800	619000	59600	26100	67500	23600000	2590	31200	2340	53600000	2830000	233000	7330	999000	3570	13000	14900	22800	322000	15900	758000	GEMS9	GEMS9	metabolite_183_known
AMP_metabolite_traits	GY1007	Zea	mays cultivar:B73	GY1007			25300	727000	65400	201000	1280000	40800	66000	1180000	3480000	52600	3590000	2840000	40300000	11900000	271000	31100000	9830000	3540000	3170000	46300000	590000	14700000	771000	243000	51700	7510000	3320000	67300	547000	623000	4100000	5660000	50800	1360000	1700000	32300	51700000	287000	82000	1540000	60200	300000	16500000	50300	5490000	11200000	304000	8920000	4080000	973	13300000	162000	291000	77700	300000	767	14600000	188000	1440000	27300000	0	244000	18500000	90700	1040000	204000	1760000	273000	201000	104000	251000	1020000	144000	20600	25500	294	70500	16600	14400	310000	9230000	4370000	2820000	5480000	13500000	32400	52200	967000	916000	1290000	326000	177000	156000	801000	1300000	389000	16000	2210000	532000	46100	4240000	210000	54700	37200	4040000	26300000	86800	4490000	139000	4890000	1280000	0	0	0	0	0	0	0	0	0	0	0	0	0	0	0	0	0	0	0	0	0	0	0	0	0	0	0	0	0	0	0	0	0	0	0	0	0	0	0	0	0	0	0	0	0	0	0	0	0	0	0	0	0	0	0	0	0	0	0	0	0	0	0	0	0	0	0	0	0	0	0	0	0	0	0	0	0	0	0	0	0	0	0	0	0	0	0	0	0	0	0	0	0	0	0	0	0	0	0	0	0	0	0	0	0	0	0	0	0	0	0	0	0	0	0	0	0	0	0	0	0	0	0	0	0	0	0	0	0	0	0	0	0	0	0	0	GY1007	GY1007	metabolite_183_known
AMP_metabolite_traits	GY1032	Zea	mays cultivar:B73	GY1032			25300	1110000	118000	24300	610000	61600	0	2200000	2230000	18800	4160000	3920000	40500000	12500000	36000	34100000	14500000	3940000	5280000	50800000	501000	9580000	488000	160000	230000	4180000	3030000	72900	443000	818000	9070000	3850000	66400	1510000	1740000	54600	39700000	241000	217000	286000	84900	466000	5710000	31000	2230000	3870000	1320000	5980000	2530000	2520	18200000	335000	285000	61200	681000	1880	20500000	103000	3300000	19600000	83200	1020000	21600000	64100	377000	796000	840000	158000	725000	229000	235000	116000	5130	35000	3960	0	39700	5720	26700	346000	5370000	2210000	1890000	5460000	22100000	51400	4170	887000	900000	1140000	1050000	201000	357000	5040000	1110000	468000	14000	2090000	767000	37500	2390000	99100	50800	69400	2600000	68800000	30400	7430000	570000	6600000	1180000	673000	25800000	7770000	1240000	483000	1500000	57400000	331000	6280000	144000	276000	4170000	7260000	375000	124000000	10700000	13600000	858000	713000	4230000	3160000	11700000	17500000	693000	69400	47600000	6280000	2200000	214000	5310000	2720000	46000	44000000	5710000	1770000	305000	13600	3890000	29400	185000000	9480000	207000	5010000	133000000	4190000	7550000	378000	27600000	9170000	918000	56300000	2040000	271000	160000	393000	4660000	740000	386000	442000	2860000	8150	306000	287000	57200	5320000	383000	413000	78200000	73100	394000	1620000	1570000	169000	12100000	10200000	39600	36400	4280000	406000	2640000	15000	388000	1450000	1510000	503000	6130	5020000	1580000	5720000	95100	7270	165000	113000	37100	39100	53300	770000	132000	22900	52600000	2720000	335000	165000	1690000	106000	1310000	86500	55200	7040	14300	226000	39500	492000	13900000	86400	26000	754000	157000	333000	71600	26800000	1890	566000	3440	112000000	2940000	379000	4300	43100	35200	74300	33000	324000	488000	37600	959000	GY1032	GY1032	metabolite_183_known
AMP_metabolite_traits	GY386	Zea	mays cultivar:B73	GY386			30100	1090000	51900	159000	488000	256000	172000	6770000	2370000	57700	1710000	5770000	35000000	4130000	55900	59100000	7380000	3850000	3210000	42300000	228000	10600000	456000	81200	271000	11900000	3390000	106000	831000	362000	9630000	2320000	12700	1630000	1330000	26700	1240000	398000	14200	980000	56900	395000	723000	39200	940000	602000	18800	752000	1120000	0	8030000	115000	339000	49500	420000	17400	20000000	147000	10400000	26500000	162000	252000	19600000	56900	60700	186000	817000	164000	136000	64900	248000	362000	88800	85300	6180	0	29800	38800	36100	626000	6000000	2430000	493000	5630000	41200000	57500	4810	868000	256000	142000	602000	80700	166000	1070000	978000	539000	14500	782000	336000	5610	731000	226000	125000	4970	3810000	86500000	138000	6170000	344000	1560000	654000	822000	44800000	13000000	3110000	539000	2330000	51300000	460000	3870000	147000	118000	2770000	6190000	393000	146000000	7710000	20800000	1850000	688000	5080000	6490000	8800000	9440000	1050000	21800	58800000	5680000	3060000	205000	4350000	1790000	7570	53200000	2550000	7350000	200000	3360	7220000	23900	161000000	11000000	379000	35300000	145000000	6600000	6720000	222000	28100000	428000	1820000	57000000	1720000	110000	106000	274000	984000	253000	1170000	248000	61500	6180	159000	413000	233000	331000	116000	312000	63800000	736000	173000	1030000	1390000	206000	12700000	14200000	29100	40300	1620000	1140000	856000	7210	413000	1230000	659000	9840	189000	6810000	2880000	15800000	20400	10300	16500	47800	22400	47400	22600	507000	99900	26700	54300000	3120000	1140000	20900	610000	292000	2260000	725000	11200	17200	28100	324000	129000	670000	11200000	66700	66300	2010000	2180000	146000	115000	21700000	28400	298000	2930	133000000	736000	375000	6230	487000	84100	27600	38900	360000	20000000	441000	843000	GY386	GY386	metabolite_183_known
AMP_metabolite_traits	GY462	Zea	mays cultivar:B73	GY462			99600	1620000	204000	218000	1980000	185000	0	17100000	1600000	127000	16000000	10300000	66300000	15500000	90900	178000000	18800000	5800000	1730000	65800000	715000	16300000	1570000	309000	222000	8410000	6610000	279000	1570000	793000	25600000	15200000	14000	1930000	3380000	82900	108000000	702000	129000	835000	57100	703000	7640000	15300	5990000	34100000	1860000	54700000	3750000	29500	27800000	307000	130000	47000	162000	8640	37700000	174000	14200000	29400000	108000	10300000	35600000	316000	11700000	491000	3950000	454000	1210000	228000	241000	6570000	129000	55700	44200	0	40000	139000	284000	1800000	24300000	8020000	4880000	8270000	42700000	76000	15900	1580000	2220000	1640000	896000	180000	220000	1330000	2530000	835000	29500	157000	1560000	59100	7720000	618000	480000	45200	9410000	50900000	42100	11500000	920000	10200000	2390000	574000	32200000	8000000	3610000	885000	3540000	72100000	416000	13600000	140000	146000	2510000	6400000	444000	132000000	93400000	12200000	1600000	525000	3960000	5390000	6770000	11300000	11000000	8520	39000000	6830000	16100000	1910000	23200000	2620000	200000	27800000	5360000	4050000	155000	19300	4510000	259000	199000000	8880000	859000	24700000	160000000	14000000	9360000	364000	35900000	3840000	16800000	52900000	4820000	729000	108000	260000	2030000	370000	1370000	1610000	331000	7330	259000	506000	386000	131000	454000	336000	69800000	2380000	353000	1030000	1020000	132000	15400000	9990000	126000	126000	4540000	625000	6550000	43200	360000	716000	795000	175000	37300	4230000	4000000	3070000	384000	6380	138000	512000	245000	155000	202000	801000	183000	33100	70200000	4540000	8020000	10100	707000	487000	601000	969000	24000	71600	166000	271000	198000	644000	25600000	106000	247000	2740000	1580000	3360000	253000	24000000	15800	3770000	7290	75800000	1520000	405000	66700	363000	498000	39700	318000	329000	2430000	186000	439000	GY462	GY462	metabolite_183_known
AMP_metabolite_traits	GY798	Zea	mays cultivar:B73	GY798			33500	528000	152000	9140	697000	324000	411000	7590000	3350000	132000	3330000	7920000	6620000	4030000	200000	75600000	17400000	4560000	5000000	36100000	456000	11100000	760000	278000	338000	7300000	2660000	130000	336000	1180000	12300000	2890000	71100	2050000	1400000	42900	6340000	241000	431000	750000	59200	343000	11100000	42800	10200000	423000	84400	610000	2920000	4880	6980000	124000	447000	0	565000	28300	27700000	160000	1760000	33700000	293000	528000	16700000	54300	919000	171000	912000	37900	879000	52800	128000	2310000	848	35500	30000	0	27900	2580	46400	806000	15700000	3680000	2160000	5610000	28600000	56600	28100	568000	415000	732000	72600	241000	82500	1660000	1110000	657000	87100	663000	925000	52800	1930000	306000	64100	1850	3970000	77700000	395000	7560000	700000	1900000	596000	0	0	0	0	0	0	0	0	0	0	0	0	0	0	0	0	0	0	0	0	0	0	0	0	0	0	0	0	0	0	0	0	0	0	0	0	0	0	0	0	0	0	0	0	0	0	0	0	0	0	0	0	0	0	0	0	0	0	0	0	0	0	0	0	0	0	0	0	0	0	0	0	0	0	0	0	0	0	0	0	0	0	0	0	0	0	0	0	0	0	0	0	0	0	0	0	0	0	0	0	0	0	0	0	0	0	0	0	0	0	0	0	0	0	0	0	0	0	0	0	0	0	0	0	0	0	0	0	0	0	0	0	0	0	0	0	GY798	GY798	metabolite_183_known
AMP_metabolite_traits	GY923	Zea	mays cultivar:B73	GY923			32000	676000	69400	51800	451000	40400	142000	2990000	7940000	107000	2780000	6360000	52600000	5900000	580000	84700000	8480000	4160000	4280000	41800000	293000	13400000	657000	173000	130000	11900000	3630000	106000	435000	531000	17800000	3600000	400000	1590000	1920000	33000	10000000	364000	12700	222000	69000	487000	4460000	79700	2850000	910000	55300	1590000	3010000	1590	36600000	53900	167000	27500	227000	32900	18700000	55900	7550000	20500000	0	51600	16000000	99300	256000	98700	1350000	264000	235000	132000	238000	2520000	28400	23400	37500	0	58800	39600	26300	829000	9680000	3470000	1720000	7440000	16800000	51200	55600	637000	680000	817000	60000	146000	183000	3250000	1330000	725000	25200	1500000	759000	35100	2560000	331000	46000	8440	5670000	51300000	96400	8570000	200000	1950000	2720000	0	0	0	0	0	0	0	0	0	0	0	0	0	0	0	0	0	0	0	0	0	0	0	0	0	0	0	0	0	0	0	0	0	0	0	0	0	0	0	0	0	0	0	0	0	0	0	0	0	0	0	0	0	0	0	0	0	0	0	0	0	0	0	0	0	0	0	0	0	0	0	0	0	0	0	0	0	0	0	0	0	0	0	0	0	0	0	0	0	0	0	0	0	0	0	0	0	0	0	0	0	0	0	0	0	0	0	0	0	0	0	0	0	0	0	0	0	0	0	0	0	0	0	0	0	0	0	0	0	0	0	0	0	0	0	0	GY923	GY923	metabolite_183_known
AMP_metabolite_traits	HUA83-2	Zea	mays cultivar:B73	HUA83-2			20000	682000	155000	28300	1110000	71300	474000	3360000	1380000	33800	4700000	10600000	34300000	11300000	55400	40400000	8890000	6040000	408000	39000000	618000	9810000	928000	194000	44400	27700000	2930000	57000	404000	257000	0	5050000	270000	1020000	1340000	30100	38000000	320000	4480	141000	101000	627000	3850000	20700	4020000	1600000	46500	5250000	2350000	2920	4190000	343000	19500	19900	20200	0	40500000	93000	3590000	24900000	63600	13600	23400000	98800	1350000	284000	1300000	200000	761000	114000	138000	284000	18600	32800	63300	538	84600	11400	20000	383000	8870000	3840000	3810000	7180000	14800000	77600	1120	802000	3580000	2330000	1070000	232000	26000	2690000	1210000	824000	22900	29200	1470000	81600	8590000	20200	43400	11600	2860000	12300000	41500	11500000	993000	1630000	1570000	346000	30100000	8480000	3440000	448000	1600000	0	348000	2680000	66700	159000	1620000	5510000	314000	138000000	12200000	14100000	249000	36700	1610000	1820000	8180000	16800000	657000	70100	74900000	3490000	87800	45600	427000	1990000	6040	7790000	5090000	11000000	27200	2090	8190000	384000	206000000	9790000	585000	4650000	146000000	3390000	4740000	1790000	17300000	405000	28100	56900000	2210000	255000	159000	394000	3960000	446000	123000	1630000	2490000	9170	124000	307000	55900	850000	245000	322000	31500000	91200	211000	1330000	1430000	279000	9330000	11200000	4600	7140	4370000	301000	4230000	4010	311000	825000	1210000	20800	248000	8780000	5540000	2770000	74300	9920	4040	39900	11200	42400	29000	1150000	196000	291000	75700000	4140000	229000	210000	14600	1780	556000	69400	46400	10200	14100	264000	864000	363000	13100000	30000	9860	660000	59800	28000	30800	15500000	2960	24700	3350	70500000	2690000	114000	2130	463000	3050	18700	2630	6160	21700	20200	124000	HUA83-2	HUA83-2	metabolite_183_known
AMP_metabolite_traits	HYS	Zea	mays cultivar:B73	HYS			50700	1160000	21900	17000	540000	29000	0	6650000	13000000	310000	2790000	5130000	20200000	2390000	189000	106000000	6030000	4430000	6190000	40800000	697000	18300000	863000	105000	519000	17800000	1900000	127000	869000	421000	12000000	4720000	21400	799000	1520000	32200	144000	346000	2400	502000	38400	723000	26200	130000	1360000	48800	14500	130000	2450000	0	3710000	71800	1010000	9600	607000	16700	21300000	1310000	6100000	21700000	60800	19600	16300000	139000	77400	240000	1650000	139000	1540000	84300	121000	70400	5070	18600	12500	0	22300	6590	41000	1150000	12000000	5260000	984000	11200000	68300000	78500	22800	1060000	621000	459000	102000	71700	5990	733000	1100000	494000	10300	2210000	430000	24500	1440000	15200	12500	0	3540000	90800000	925000	12300000	117000	1960000	1570000	851000	12700000	7450000	1040000	531000	3260000	32900000	342000	10200000	142000	124000	2810000	5660000	444000	116000000	4160000	25300000	387000	16200	3320000	2130000	9930000	18400000	4080000	6660	88900000	2800000	2050000	465000	2920000	1330000	43200	7470000	4830000	10700000	54400	2370	3850000	48500	189000000	4110000	4870000	8220000	155000000	6250000	9070000	3230000	31500000	1100000	79900	58400000	1480000	542000	243000	523000	3770000	1200000	93700	161000	5220	8580	342000	217000	143000	1300000	419000	802000	43100000	203000	339000	1550000	1090000	273000	18400000	18500000	5120	8700	6670000	624000	2600000	4530	301000	897000	977000	19700	1350000	15700000	4670000	1970000	24200	7510	1110	28900	4620	353000	20400	1060000	197000	191000	65500000	3500000	265000	783000	216000	11200	1230000	48800	308000	33500	59600	500000	405000	536000	19100000	97000	14200	505000	96100	57000	32200	23400000	1270	110000	16600	99700000	4600000	165000	9210	4780000	9640	9970	3520	134000	880000	34300	127000	HYS	HYS	metabolite_183_known
AMP_metabolite_traits	HZS	Zea	mays cultivar:B73	HZS			22300	970000	50700	43900	476000	34500	76600	8920000	5160000	233000	2500000	3070000	26800000	4750000	50900	48800000	5890000	3520000	6390000	35800000	543000	10000000	670000	96400	332000	14600000	3110000	47900	292000	259000	16100000	3360000	4920	661000	1150000	48200	1270000	384000	0	336000	61500	517000	46500	52200	416000	11900	600	23400	1160000	0	6800000	77000	3160000	8010	1210000	41800	17300000	2440000	4530000	14400000	52100	19000	16000000	160000	25600	371000	2070000	142000	880000	173000	279000	1060000	27400	0	1680	724	13200	15700	6760	450000	7000000	3590000	956000	10800000	16600000	61900	24100	1730000	873000	658000	180000	148000	5810	619000	1090000	322000	14500	424000	359000	17600	1830000	21500	14500	2500	2040000	64700000	2110000	18200000	39700	4190000	1610000	0	0	0	0	0	0	0	0	0	0	0	0	0	0	0	0	0	0	0	0	0	0	0	0	0	0	0	0	0	0	0	0	0	0	0	0	0	0	0	0	0	0	0	0	0	0	0	0	0	0	0	0	0	0	0	0	0	0	0	0	0	0	0	0	0	0	0	0	0	0	0	0	0	0	0	0	0	0	0	0	0	0	0	0	0	0	0	0	0	0	0	0	0	0	0	0	0	0	0	0	0	0	0	0	0	0	0	0	0	0	0	0	0	0	0	0	0	0	0	0	0	0	0	0	0	0	0	0	0	0	0	0	0	0	0	0	HZS	HZS	metabolite_183_known
AMP_metabolite_traits	IRF314	Zea	mays cultivar:B73	IRF314			51100	1360000	94900	199000	690000	68300	448000	5200000	2900000	173000	4040000	11200000	25500000	4970000	47500	101000000	7740000	8790000	3640000	31100000	502000	18300000	1610000	145000	133000	5110000	4250000	154000	603000	204000	13600000	10300000	12500	448000	951000	428000	2330000	321000	0	350000	104000	611000	2470000	27500	2190000	5730000	371000	6940000	1450000	7890	11400000	146000	18600	23700	92600	29500	31400000	77000	3880000	58900000	231000	0	4720000	496000	1210000	182000	9810000	66900	760000	30400	87600	422000	99100	16900	2080	9090	69700	52200	38000	1070000	15200000	6620000	1880000	5390000	22200000	68400	0	1220000	1540000	614000	3540	19300	40500	804000	992000	1260000	0	413000	233000	21900	2620000	1020	634	1490	2600000	66400000	67500	10500000	120000	3790000	585000	822000	22900000	12600000	1810000	625000	1530000	40100000	437000	10800000	107000	153000	2070000	5350000	684000	139000000	22500000	20200000	54000	34400	6570000	6650000	9840000	14800000	3220000	8810	64400000	12400000	2230000	443000	2700000	1730000	35300	61200000	7910000	650000	175000	1910	2340000	28100	189000000	7230000	468000	9690000	143000000	10300000	7380000	35700	26600000	772000	25400	52900000	2120000	193000	130000	127000	4510000	269000	526000	186000	3500000	6890	416000	376000	158000	2450000	305000	331000	45800000	473000	399000	1640000	1320000	165000	24400000	12800000	2580	21600	2690000	1070000	1040000	3170	531000	76400	101000	347000	1560000	5860000	2840000	1510000	2670	6610	2400	17600	4140	605000	13300	829000	193000	2720	60900000	4040000	118000	14400	21500	1890	2390000	35500	13900	335000	411000	236000	10600	632000	10800000	179000	5680	692000	26500	150000	133000	14700000	1980	610000	4400	117000000	1020000	429000	2770	53100	2400	17300	8130	3300	16700	4430	2540000	IRF314	IRF314	metabolite_183_known
AMP_metabolite_traits	J4112	Zea	mays cultivar:B73	J4112			35300	576000	62000	183000	589000	143000	242000	2830000	2630000	80200	6380000	18600000	33900000	9250000	87800	41700000	9060000	7210000	2950000	30200000	1090000	14600000	1130000	177000	95700	3990000	2840000	121000	1530000	331000	8260000	3470000	22500	784000	1600000	64900	54700000	237000	46100	91600	63700	1040000	3030000	27400	5630000	9510000	283000	41500000	1820000	24300	10500000	85200	710000	53000	459000	24500	53200000	920000	6350000	36700000	71100	49700	19200000	51000	2100000	247000	738000	154000	505000	60100	248000	289000	127000	56200	4010	0	19700	23500	75200	393000	10800000	5160000	2670000	7220000	12900000	101000	11900	1090000	1060000	500000	70200	153000	35600	1760000	1000000	1090000	54400	113000	558000	36000	2820000	3200000	662000	15100	4280000	35600000	727000	5440000	456000	10800000	1260000	1850000	10900000	5150000	3120000	498000	4320000	31100000	385000	3900000	154000	88500	2740000	7430000	382000	140000000	54500000	35500000	921000	616000	2780000	2690000	5520000	13100000	12400000	1160	34000000	8960000	72200000	6540000	76700000	1370000	3180000	15500000	3600000	9610000	124000	2940	6990000	148000	164000000	9920000	3920000	26600000	110000000	2930000	4030000	50800	13500000	3560000	461000	56000000	1640000	181000	177000	238000	1970000	619000	961000	452000	12800	6820	194000	591000	138000	329000	782000	328000	47100000	77800	388000	1480000	1020000	272000	13800000	11200000	11000	202000	2800000	682000	924000	542000	173000	217000	886000	57200	14000	6090000	3480000	4170000	3850	7050	3090	18500	4800	221000	22000	1080000	194000	2540	51500000	2620000	360000	2440	166000	585000	434000	83000	13700	14000	12200	298000	112000	1450000	12100000	102000	35400	10100000	2240000	3570000	1050000	24300000	5610	2920000	6400	133000000	1570000	317000	11200	2280000	111000	40100	346000	1210000	914000	62400	280000	J4112	J4112	metabolite_183_known
AMP_metabolite_traits	JH59	Zea	mays cultivar:B73	JH59			33900	1210000	116000	279000	741000	98700	550000	10200000	2550000	89400	6040000	11800000	31200000	8530000	45400	55900000	7770000	7820000	1990000	32000000	636000	12800000	1040000	227000	106000	22900000	4060000	103000	552000	355000	13800000	13800000	57300	994000	919000	26500	11000000	290000	109000	128000	80600	710000	2150000	38600	4180000	8980000	259000	9020000	1870000	3050	13900000	262000	30000	35000	136000	3030	46900000	34000	8940000	48900000	83000	1530000	19600000	328000	403000	271000	4430000	125000	340000	98000	135000	908000	151000	11700	2970	2120	106000	24400	56600	581000	7700000	3380000	2330000	7020000	15200000	45600	3200	651000	1710000	1290000	666000	60700	2180	855000	1220000	1050000	23600	123000	416000	74900	4500000	1030000	210000	18500	2830000	31100000	6200	8130000	245000	2050000	747000	1110000	192000000	19600000	7330000	842000	2150000	109000000	391000	16700000	1510000	80400	2050000	4010000	616000	151000000	79800000	15200000	1280000	422000	3550000	3570000	8080000	13900000	45900000	394000	64600000	47900000	24600000	1970000	19300000	2430000	80700	69300000	8960000	1060000	180000	102000	3310000	23100	198000000	10300000	569000	44800000	154000000	8140000	5860000	1590000	20900000	1760000	4410000	58800000	1390000	1060000	133000	284000	3010000	691000	1170000	2430000	35700	8150	357000	1390000	75800	1170000	475000	443000	39500000	116000	196000	1040000	1510000	741000	16300000	6860000	117000	307000	8250000	562000	6970000	25300	523000	1710000	513000	4100	554000	3720000	7160000	2400000	181000	7530	233000	233000	73500	969000	287000	789000	193000	101000	64200000	4160000	5660000	66400	21400	121000	1240000	1950000	279000	178000	226000	522000	568000	1020000	38000000	186000	115000	2060000	640000	6630000	1750000	21100000	24400	9600000	15300	113000000	9180000	8060	229000	22400	108000	72700	147000	6780	1480000	176000	17000	JH59	JH59	metabolite_183_known
AMP_metabolite_traits	JH96C	Zea	mays cultivar:B73	JH96C			18600	850000	146000	283000	341000	58500	183000	2640000	1790000	111000	4010000	4410000	24000000	9740000	281000	23400000	7120000	3450000	2790000	39600000	508000	9030000	621000	134000	109000	5160000	3770000	104000	1250000	397000	8880000	5440000	6060	912000	1500000	42000	4080000	385000	6850	294000	43900	1200000	1920000	25100	1180000	53300	7980	86600	2570000	1590	3510000	124000	489000	0	597000	3590	19300000	274000	8290000	22900000	43700	41600	23900000	145000	43900	294000	1380000	180000	355000	171000	390000	251000	142000	63800	174000	544	34600	40400	70100	249000	6030000	3060000	1540000	5440000	21300000	140000	65900	636000	548000	401000	118000	138000	136000	1900000	1280000	494000	1020	143000	216000	30700	1390000	167000	71700	2320	3620000	45200000	85400	10400000	165000	5740000	1830000	462000	19700000	10900000	2590000	511000	2430000	43300000	327000	6020000	180000	171000	2410000	4970000	377000	114000000	41800000	13600000	63000	71800	2020000	1870000	5590000	21800000	13100000	884	48100000	13500000	667000	92900	280000	1930000	13700	22900000	2630000	3640000	13000	4380	5690000	20400	143000000	6950000	370000	35400000	154000000	2880000	5360000	168000	18700000	339000	448000	53600000	1710000	234000	157000	324000	4370000	872000	1190000	1590000	3920	7240	182000	268000	326000	193000	272000	300000	47400000	169000	331000	1490000	1230000	178000	13800000	10900000	14500	11000	2120000	444000	1140000	7550	406000	376000	885000	3000	8090	4290000	3900000	3390000	10700	8650	13400	79400	22700	171000	69400	558000	102000	25200	35900000	1740000	733000	25700	53900	114000	695000	32200	47200	12400	7030	246000	226000	797000	7110000	42400	67700	1690000	640000	296000	105000	27000000	28200	3810000	7310	116000000	3210000	214000	1040	42800	205000	49700	138000	96300	654000	26800	207000	JH96C	JH96C	metabolite_183_known
AMP_metabolite_traits	JI63	Zea	mays cultivar:B73	JI63			41200	753000	40900	30200	375000	145000	251000	4330000	2470000	50500	9510000	0	21200000	10300000	48900	47200000	8610000	4690000	1030000	26400000	988000	10700000	1450000	118000	292000	11400000	3930000	116000	1170000	974000	14500000	10000000	181000	744000	997000	50400	57700000	246000	2240	441000	65200	346000	3330000	18800	2860000	342000	17200	271000	2530000	4880	4880000	56800	1000000	155000	361000	61200	21200000	1220000	5230000	24900000	0	647	17700000	312000	872000	68800	4610000	116000	364000	116000	194000	33300	45000	15800	2280	0	9130	5240	19100	406000	11000000	4940000	1880000	5320000	39000000	33500	13100	1090000	627000	255000	28600	72800	62800	733000	1230000	543000	14500	411000	527000	22400	1510000	4970	1260	4980	3310000	66300000	3030000	9080000	20300	1650000	1350000	517000	50400000	9820000	3590000	456000	2620000	68900000	390000	5530000	266000	181000	1340000	4870000	443000	149000000	48400000	15600000	83400	22300	4560000	2760000	5670000	13400000	309000	13200	52500000	4480000	169000	11700	387000	1960000	116000	13400000	5480000	12400000	119000	295000	5410000	38500	198000000	2770000	4730000	24400000	142000000	3720000	5770000	30300	20100000	299000	46200	56700000	1300000	220000	119000	197000	3530000	668000	387000	1040000	759000	7760	119000	637000	70100	378000	354000	625000	19200000	201000	291000	1170000	853000	89600	18400000	12500000	49800	13600	2930000	706000	630000	6460	311000	106000	1080000	143000	459000	2820000	666000	548000	6390	9980	4330	24800	4060	94900	29400	809000	141000	7230	57400000	3030000	233000	3680	27400	11100	2020000	30100	42700	6780	18300	189000	47200	190000	8320000	53800	14300	617000	21500	263000	272000	25700000	1240	968000	9000	118000000	2930000	81400	83000	5520000	538	51500	10900	13000	14800	3590	109000	JI63	JI63	metabolite_183_known
AMP_metabolite_traits	JI842	Zea	mays cultivar:B73	JI842			35000	449000	122000	191000	480000	33900	0	6430000	3400000	48900	11000000	10200000	9400000	12700000	147000	58400000	13800000	5830000	2820000	38500000	1050000	14800000	1470000	138000	62400	4320000	6520000	139000	1180000	328000	15500000	12000000	126000	1320000	1180000	40500	9230000	431000	4550	245000	111000	974000	4100000	49000	1540000	2430000	94500	2120000	2400000	6510	15600000	261000	1810000	8340	1090000	3740	35300000	136000	1220000	27500000	100000	1360	21600000	310000	1840000	280000	2930000	75600	562000	138000	163000	174000	95200	15600	57700	4920	34700	8190	39600	586000	8290000	4090000	2040000	7190000	26300000	67400	0	626000	738000	1040000	157000	93700	154000	2660000	1290000	764000	14600	100000	315000	23000	2020000	15600	27700	6620	3050000	18700000	176000	11000000	698000	2230000	1520000	0	0	0	0	0	0	0	0	0	0	0	0	0	0	0	0	0	0	0	0	0	0	0	0	0	0	0	0	0	0	0	0	0	0	0	0	0	0	0	0	0	0	0	0	0	0	0	0	0	0	0	0	0	0	0	0	0	0	0	0	0	0	0	0	0	0	0	0	0	0	0	0	0	0	0	0	0	0	0	0	0	0	0	0	0	0	0	0	0	0	0	0	0	0	0	0	0	0	0	0	0	0	0	0	0	0	0	0	0	0	0	0	0	0	0	0	0	0	0	0	0	0	0	0	0	0	0	0	0	0	0	0	0	0	0	0	JI842	JI842	metabolite_183_known
AMP_metabolite_traits	JI846	Zea	mays cultivar:B73	JI846			90000	840000	157000	654000	795000	151000	355000	4040000	3620000	87200	12500000	9840000	26400000	14900000	152000	70100000	16400000	6670000	2490000	29100000	841000	18200000	1390000	152000	183000	5760000	6570000	240000	1150000	513000	24000000	7470000	234000	977000	799000	49100	27800000	726000	4000	430000	72700	514000	1700000	27300	4150000	18600000	234000	27100000	2270000	3700	53600000	656000	1470000	11200	478000	3070	28700000	411000	9740000	44200000	86200	1810	15600000	199000	1790000	93700	2310000	103000	532000	132000	330000	108000	377000	63100	1760	590	74600	6440	25800	655000	21000000	7500000	3390000	7610000	27100000	71700	65700	973000	1400000	659000	61500	135000	3880	1010000	1250000	966000	44900	445000	543000	42300	4940000	7190	1220	64800	3380000	46100000	767000	5490000	51800	2900000	762000	903000	26000000	16200000	1800000	709000	6360000	80400000	343000	16100000	798000	101000	2190000	5210000	450000	153000000	19800000	13300000	299000	25800	7740000	5100000	7280000	12000000	3230000	260000	101000000	4840000	2690000	280000	5850000	2590000	26400	63900000	4760000	41500000	26200	43000	8100000	17700	177000000	9320000	6200000	23100000	116000000	4960000	4130000	174000	15200000	2440000	23900	50500000	897000	286000	169000	220000	3910000	642000	427000	662000	2530000	6140	175000	500000	43100	389000	313000	3730000	38400000	94800	122000	1460000	756000	138000	14200000	11100000	17100	32600	2680000	980000	937000	6930	217000	152000	911000	3840	11600	6410000	1590000	2360000	24300	8940	3660	48000	11000	53600	37600	693000	161000	23200	52800000	2990000	343000	6700	18800	4470	3070000	173000	42700	68500	81900	355000	58300	524000	7050000	123000	16500	553000	35600	1630000	449000	34500000	1350	3490000	23600	106000000	2790000	15800	10700	2510000	886	21400	9620	7050	22100	13000	3040	JI846	JI846	metabolite_183_known
AMP_metabolite_traits	JI853	Zea	mays cultivar:B73	JI853			28100	1140000	101000	22000	630000	165000	6040000	8010000	2780000	41800	5920000	4750000	48700000	7690000	39800	63400000	17000000	4040000	1490000	31700000	981000	9400000	1080000	230000	292000	23400000	3150000	128000	413000	309000	18500000	6890000	38300	829000	861000	30200	49100000	119000	7240	1330000	58400	398000	6660000	38100	10500000	2920000	198000	2790000	3450000	5070	8740000	75200	734000	10900	504000	105000	19200000	1520000	7230000	22800000	151000	15100	11500000	56700	2740000	131000	1220000	106000	460000	84600	106000	486000	5840	39200	31000	0	30000	3500	23700	564000	27100000	8470000	2450000	8240000	31900000	39900	13700	2180000	1520000	1410000	252000	94100	1110	1050000	942000	470000	7510	242000	412000	60300	4980000	19200	14700	24900	6570000	64300000	6450000	8600000	41200	1060000	2130000	1610000	60000000	9810000	3570000	363000	2580000	73400000	377000	11800000	74500	164000	2080000	4900000	281000	130000000	22500000	10600000	301000	56900	7190000	4440000	8810000	20000000	16000000	551000	55500000	10200000	396000	58700	514000	2470000	16400	13800000	4170000	23900000	55500	24000	8760000	42000	147000000	3210000	12600000	11400000	140000000	7270000	4810000	339000	17100000	943000	74900	56700000	1140000	400000	150000	373000	4050000	491000	142000	953000	7650	7040	237000	332000	45800	377000	248000	780000	47000000	184000	170000	1300000	607000	212000	21000000	18000000	16700	10100	6520000	977000	3420000	3090	194000	334000	1030000	5330	729000	5760000	2850000	1400000	51500	8890	2830	35900	8060	61400	11700	625000	163000	47700	35400000	2090000	275000	44900	108000	2600	1130000	68300	58800	30000	61500	337000	34400	484000	20900000	245000	5670	500000	17900	219000	164000	58700000	2940	402000	7370	113000000	3310000	53100	16400	16300000	1750	69700	10700	24100	248000	15900	106000	JI853	JI853	metabolite_183_known
AMP_metabolite_traits	JIAO51	Zea	mays cultivar:B73	JIAO51			28900	980000	52900	114000	192000	35500	121000	1070000	3800000	58800	8420000	6060000	37100000	11200000	13600	27400000	10900000	5060000	5660000	30700000	381000	12600000	642000	250000	67300	14500000	1760000	114000	422000	383000	5570000	4410000	76600	1090000	1650000	42800	29600000	584000	2850	228000	103000	497000	5910000	39700	3190000	6150000	214000	6710000	1710000	2550	21600000	288000	1000000	46100	1100000	1760	23800000	759000	8160000	20600000	75600	3560	15200000	175000	151000	179000	2170000	162000	291000	163000	496000	4390000	80900	37500	1500	634	47700	3410	65200	295000	7570000	3520000	2490000	5650000	25400000	48700	0	1310000	503000	910000	18600	160000	28800	825000	1280000	1060000	23300	146000	639000	55000	1540000	9620	5430	14900	2050000	27800000	252000	4010000	1150000	3340000	1290000	471000	28100000	10100000	1500000	307000	1180000	25100000	272000	11000000	233000	154000	3090000	7690000	202000	131000000	29100000	9420000	39600	15500	2540000	3200000	8030000	17000000	3330000	632	83600000	7960000	4710000	1700000	5520000	2790000	20000	49400000	2270000	16800000	324000	2760	18800000	47800	173000000	20000000	1620000	16900000	156000000	4360000	5420000	153000	21300000	4550000	30000	57600000	650000	332000	168000	374000	3590000	881000	230000	148000	165000	6810	229000	408000	57900	676000	246000	1180000	111000000	2120000	425000	2550000	2060000	597000	7810000	12700000	931	76700	4650000	450000	1480000	8260	959000	104000	1550000	27300	667000	10300000	12300000	2010000	3110	5890	2610	23800	4790	274000	14800	837000	155000	6030	48200000	2450000	150000	30200	68100	1600	1580000	121000	61000	1200000	781000	832000	1590000	1300000	15300000	65800	4870	434000	24100	868000	207000	36200000	699	943000	19500	77300000	3270000	188000	2890	461000	3950	20800	3410	14600	64500	5700	327000	JIAO51	JIAO51	metabolite_183_known
AMP_metabolite_traits	JY01	Zea	mays cultivar:B73	JY01			27200	1070000	60800	174000	692000	16900	0	699000	942000	31600	2020000	3670000	35800000	6830000	8760	21000000	5300000	2900000	1220000	45100000	404000	7980000	540000	149000	39000	14800000	2150000	171000	1640000	273000	3080000	3620000	194000	893000	1990000	27300	48500000	198000	12700	92700	80800	494000	2550000	11200	898000	35300000	1370000	88100000	2270000	57800	4320000	54200	61800	3410	107000	1500	15400000	78700	6900000	35500000	174000	3220	20600000	66900	8300000	166000	1400000	301000	177000	153000	363000	105000	120000	66400	6160	290	27300	11000	19500	173000	5140000	2750000	728000	5460000	6840000	53900	2380	794000	787000	310000	27400	65500	354000	1460000	1340000	322000	26800	44700	547000	27400	2580000	149000	27100	14900	2950000	8400000	13200	3100000	641000	1870000	1130000	448000	40700000	9430000	2270000	691000	4260000	41400000	349000	5210000	693000	211000	2070000	8430000	240000	128000000	84500000	11000000	78800	148000	882000	1040000	7420000	19300000	6150000	2160	24300000	2410000	24400000	1530000	85400000	1710000	2020000	4620000	1460000	1020000	25700	4430	1550000	36800	132000000	4600000	31800	15100000	135000000	5370000	4660000	374000	16400000	819000	63100	64200000	1990000	634000	273000	257000	2540000	1150000	348000	51800	92500	10100	237000	411000	71900	148000	630000	120000	39100000	326000	298000	2200000	465000	502000	11100000	13800000	3360	113000	3920000	601000	2980000	124000	321000	188000	713000	6660	371000	9590000	2250000	4310000	6310	10500	3640	30700	4610	534000	21200	570000	130000	11600	31800000	1800000	222000	78200	358000	4500	73600	567000	179000	99800	76600	290000	1090000	521000	12400000	54900	17500	1720000	311000	6780000	275000	25200000	4400	4090000	4420	48100000	3580000	162000	11100	7200	3090	39700	3790	441000	104000	4460	36200	JY01	JY01	metabolite_183_known
AMP_metabolite_traits	K10	Zea	mays cultivar:B73	K10			52400	949000	473000	254000	704000	298000	235000	4670000	454000	36700	3390000	8260000	49200000	10200000	30000	51900000	9060000	5130000	407000	40800000	872000	29300000	1160000	420000	180000	8290000	2940000	197000	733000	524000	11200000	9550000	107000	612000	1020000	34000	62700000	306000	1700	227000	145000	400000	2440000	2910	9150000	294000	21500	310000	2460000	2400	31000000	240000	108000	14300	49700	15900	34400000	1340000	3770000	20400000	98100	12600	21900000	121000	129000	283000	1560000	55700	668000	272000	158000	1630000	115000	64000	8170	0	98400	21400	264000	551000	20000000	8920000	4530000	4370000	21600000	65900	430	1860000	1380000	1400000	130000	141000	913000	614000	1150000	802000	32900	22100	954000	73900	4400000	16800	4300	12500	3670000	50400000	501000	2170000	85000	1740000	702000	252000	11500000	10500000	2960000	766000	1440000	43000000	364000	7880000	22900	70300	2940000	5910000	426000	126000000	3700000	17700000	27200	32100	1120000	1840000	9190000	18900000	531000	2010	92000000	19600000	71500	60300	47500	2870000	6150	9180000	4700000	24200000	85500	3060	15700000	385000	208000000	21000000	5250000	3810000	169000000	11500000	12900000	16300	48100000	87100	20800	54100000	2160000	156000	231000	294000	3410000	936000	4630000	686000	2980000	6390	463000	513000	129000	827000	204000	1530000	44600000	1770000	123000	5640000	2090000	413000	17100000	8260000	12400	7490	2690000	292000	993000	2440	1560000	79900	1810000	688000	6090	7060000	13600000	1230000	10400	6090	3420	32700	7210	45000	31900	2300000	481000	1860	82400000	5400000	153000	339	14600	54500	851000	11700	34400	813000	1560000	414000	2180000	182000	9650000	26300	26500	520000	12600	23000	42300	25900000	1010	41100	3500	16300000	2750000	428000	3100	6930000	4730	8030	32000	328000	18900	2300	316000	K10	K10	metabolite_183_known
AMP_metabolite_traits	K14	Zea	mays cultivar:B73	K14			57500	915000	139000	124000	1160000	70500	479000	1790000	974000	19200	9340000	11400000	35800000	23700000	259000	90000000	17700000	4100000	1980000	50600000	818000	16500000	1010000	504000	48700	10300000	3900000	170000	557000	345000	19000000	16300000	181000	2350000	3230000	57000	85500000	688000	94200	201000	101000	572000	16100000	6400	10800000	7840000	438000	5010000	3390000	0	14900000	199000	136000	73900	308000	41300	33800000	1340000	11400000	47000000	0	255000	24100000	270000	912000	229000	5060000	282000	1020000	150000	430000	116000	50400	12900	165000	1600	53000	30600	67900	701000	14700000	5380000	5270000	7810000	22900000	47500	1440	1890000	2180000	1590000	186000	217000	1540	1610000	2110000	946000	36500	78100	549000	76100	4720000	237000	73600	57500	6060000	18900000	872000	6540000	649000	4020000	2380000	0	0	0	0	0	0	0	0	0	0	0	0	0	0	0	0	0	0	0	0	0	0	0	0	0	0	0	0	0	0	0	0	0	0	0	0	0	0	0	0	0	0	0	0	0	0	0	0	0	0	0	0	0	0	0	0	0	0	0	0	0	0	0	0	0	0	0	0	0	0	0	0	0	0	0	0	0	0	0	0	0	0	0	0	0	0	0	0	0	0	0	0	0	0	0	0	0	0	0	0	0	0	0	0	0	0	0	0	0	0	0	0	0	0	0	0	0	0	0	0	0	0	0	0	0	0	0	0	0	0	0	0	0	0	0	0	K14	K14	metabolite_183_known
AMP_metabolite_traits	K22	Zea	mays cultivar:B73	K22			18000	735000	124000	426000	592000	51400	276000	4520000	7340000	132000	4460000	12100000	22800000	7970000	269000	30900000	5550000	7090000	12600000	36300000	687000	14300000	1490000	93600	110000	16800000	2660000	82200	601000	395000	15900000	4350000	61700	1030000	2430000	46400	6230000	491000	17800	216000	82300	483000	3440000	93400	3560000	163000	12900	180000	2510000	1740	4510000	264000	1300000	0	2240000	0	41600000	278000	3830000	25900000	0	59500	21700000	127000	35900	295000	1020000	135000	418000	122000	188000	414000	222000	16700	49300	7960	54100	19900	20700	300000	9070000	4300000	1120000	11700000	15000000	66300	9770	658000	654000	457000	117000	196000	7780	2840000	1070000	948000	2330	370000	313000	37600	1800000	5470000	908000	3050	3940000	44300000	50900	3910000	674000	5180000	1060000	323000	13300000	7270000	3500000	358000	1810000	74700000	321000	4470000	246000	189000	1820000	5190000	498000	112000000	85800000	12800000	61100	174000	1050000	1050000	5780000	21400000	389000	1010	58500000	6320000	116000	46500	323000	3180000	11300	1600000	5080000	4080000	807	7280	8180000	206000	200000000	21300000	194000	4090000	140000000	4190000	4200000	21900	16000000	201000	637000	56700000	1430000	149000	111000	299000	1520000	936000	3390000	281000	3410	7030	162000	476000	145000	760000	210000	167000	46300000	448000	167000	1380000	1330000	294000	14800000	13200000	4290	15400	1870000	195000	1120000	3430	343000	291000	755000	29700	804000	5840000	2360000	4720000	21900	7070	3370	34900	12200	126000	131000	1030000	222000	1590	63400000	3900000	544000	918	25200	241000	328000	102000	42100	57600	64100	248000	4710000	638000	6840000	31200	134000	16200000	4130000	312000	63600	35800000	11400	445000	3710	110000000	4410000	130000	6180	14300	1310000	20400	1060000	514000	285000	31000	259000	K22	K22	metabolite_183_known
AMP_metabolite_traits	L3180	Zea	mays cultivar:B73	L3180			20200	870000	202000	236000	858000	220000	175000	5200000	3170000	34800	3090000	5960000	39400000	10300000	58400	44200000	7530000	5490000	2210000	54900000	889000	10800000	1090000	204000	127000	2350000	4310000	84000	1020000	490000	14200000	12900000	3620	1150000	1630000	46600	59600000	306000	27200	394000	113000	625000	3730000	33100	653000	4360000	71200	3680000	1530000	0	7710000	239000	273000	114000	322000	2060	31000000	1050000	6570000	19100000	0	26000	24000000	123000	224000	382000	1600000	123000	423000	858000	774000	669000	124000	40700	7880	486	24500	29100	88900	463000	8750000	4620000	1660000	9050000	12100000	128000	9600	1020000	956000	645000	94600	185000	182000	1260000	1260000	674000	21800	382000	339000	19800	1880000	416000	149000	4640	3290000	36700000	419000	10100000	431000	4700000	1110000	771000	19200000	8960000	1930000	801000	3390000	54200000	358000	6540000	145000	160000	4760000	7470000	399000	132000000	15900000	26900000	64800	16800	4480000	3740000	7380000	13500000	1040000	356	64800000	1990000	702000	157000	490000	2130000	21200	11700000	3800000	9920000	448000	11900	12400000	8410	186000000	13500000	7270000	15700000	127000000	2150000	3720000	83100	15200000	1020000	41600	56800000	2480000	286000	382000	217000	4930000	1720000	554000	1570000	85900	5620	238000	467000	243000	1370000	208000	1160000	48400000	658000	111000	1030000	1580000	190000	15500000	10800000	4350	21200	7230000	851000	3170000	5710	251000	195000	999000	960000	40700	5540000	2650000	1850000	11800	5120	4840	22300	7090	291000	15300	1130000	210000	10400	48300000	2580000	154000	25700	19300	14200	2110000	24600	32400	337000	402000	210000	26000	505000	29900000	87100	23400	1050000	529000	37200	35000	25000000	18300	48200	6470	126000000	2670000	303000	5130	1420000	6400	13000	32100	23100	95700	8130	620000	L3180	L3180	metabolite_183_known
AMP_metabolite_traits	LG001	Zea	mays cultivar:B73	LG001			67000	566000	96200	221000	544000	119000	444000	11000000	1830000	108000	7750000	6320000	40700000	10000000	321000	73600000	15700000	5550000	2530000	32900000	875000	25300000	1320000	435000	124000	16700000	3500000	227000	593000	519000	19000000	12900000	257000	1020000	672000	26800	48900000	167000	1380	515000	59900	315000	3050000	12000	5790000	4260000	221000	5510000	1790000	17000	7640000	158000	121000	28400	506000	22000	25700000	56500	1400000	24900000	63600	7740	18100000	138000	1970000	194000	2990000	59700	705000	123000	205000	36600	133000	16800	29600	1200000	92800	40000	114000	665000	26500000	7880000	4610000	4910000	16200000	32600	32900	1210000	1200000	2230000	5260	85300	99100	1510000	804000	561000	28000	348000	656000	57100	4130000	111000	19600	7560	2890000	40500000	21300	3160000	275000	21200000	889000	774000	86100000	24100000	7050000	1300000	3420000	133000000	341000	14000000	2280000	73800	2610000	4860000	346000	155000000	81700000	33100000	48500	31500	8670000	7530000	8570000	14100000	3620000	859	40100000	6130000	62700000	2680000	79100000	2000000	5640000	29100000	9840000	4550000	95200	1980	8370000	4560	199000000	14300000	283000	4460000	142000000	2890000	5500000	140000	19100000	1000000	48800	59900000	1180000	410000	100000	259000	9970000	1510000	467000	113000	4810	6200	391000	1670000	78900	510000	2710000	403000	59400000	42800	161000	1880000	1180000	448000	14200000	13400000	4710	136000	2450000	690000	4780000	147000	174000	96600	1130000	102000	614000	4280000	986000	7430000	3620	11000	3240	31200	5730	897000	14100	881000	159000	9220	64300000	3360000	215000	37400	207000	593	2910000	559000	94500	7910	8150	889000	7460	582000	9060000	160000	4720	549000	97900	8190000	411000	39600000	2750	7520000	20200	127000000	2800000	118000	2050	31900	34500	36800	5830	160000	12800	697	82800	LG001	LG001	metabolite_183_known
AMP_metabolite_traits	LIAO159	Zea	mays cultivar:B73	LIAO159			28700	691000	263000	379000	1040000	134000	115000	8030000	2270000	35100	5830000	6780000	37000000	8620000	52200	42200000	10100000	5650000	1210000	48400000	829000	10800000	1050000	193000	87400	3470000	3450000	74700	1050000	567000	13500000	16100000	7790	1230000	1430000	87000	98500000	339000	91400	238000	143000	953000	9880000	32600	1340000	12700000	293000	11400000	1620000	0	9610000	209000	232000	213000	141000	8110	27800000	2100000	5290000	20800000	43500	32500	21300000	174000	1260000	400000	2410000	103000	625000	663000	832000	430000	212000	61000	4700	516	65400	39500	79700	472000	8680000	4860000	1880000	9160000	12000000	101000	4630	614000	1300000	616000	129000	158000	201000	1280000	1130000	541000	15300	264000	563000	32900	3180000	572000	167000	14500	2550000	31300000	1210000	6630000	249000	5580000	799000	1230000	16000000	9080000	4830000	539000	2360000	94400000	359000	5540000	168000	161000	1680000	4930000	305000	142000000	51600000	7460000	157000	80300	4320000	2730000	7940000	17100000	4250000	1660	61900000	2850000	3120000	230000	3300000	2640000	220000	20500000	3840000	4560000	376000	51000	3970000	19300	174000000	5010000	5220000	17300000	118000000	2370000	4620000	162000	15400000	408000	72000	61400000	3230000	461000	390000	198000	4770000	1900000	260000	4520000	24500	8360	200000	599000	224000	685000	353000	1010000	48100000	434000	200000	2240000	985000	354000	14300000	10000000	10200	27800	4970000	743000	3190000	12700	242000	258000	809000	885000	24300	2720000	6680000	2040000	4030	7140	7160	24500	3050	387000	73200	1080000	201000	14900	43700000	2370000	162000	13600	23300	32900	1080000	81000	49100	32700	46600	265000	2570000	694000	16100000	49800	50200	2620000	798000	128000	138000	34500000	29000	366000	6090	122000000	3300000	267000	49400	1460000	33700	20500	69200	26500	163000	12900	353000	LIAO159	LIAO159	metabolite_183_known
AMP_metabolite_traits	LIAO5114	Zea	mays cultivar:B73	LIAO5114			46200	1640000	31400	103000	981000	36700	511000	4740000	2450000	73300	3360000	15800000	22000000	7710000	42000	37400000	5560000	8820000	5220000	30800000	884000	15100000	1110000	146000	164000	16100000	5020000	177000	1570000	471000	11900000	15500000	5350	961000	1400000	52000	3560000	501000	2280	141000	86800	408000	801000	18000	5080000	6190000	252000	17000000	1730000	1100	2520000	541000	1420000	7610	1510000	21500	47000000	57200	1600000	36500000	109000	53800	19400000	448000	666000	92100	3630000	136000	485000	98900	305000	669000	72500	35900	2260	652	35400	9020	7030	386000	6550000	4280000	1110000	5940000	11100000	89800	3640	1260000	845000	639000	350000	140000	374000	1050000	1140000	1360000	87100	174000	220000	43800	4470000	780000	205000	1230	4160000	44200000	57000	9570000	1610000	2670000	1270000	41500	32900000	11400000	6670000	269000	1870000	67800000	301000	11800000	52400	64300	1660000	6430000	312000	116000000	19000000	20100000	1250000	53000	3340000	2700000	8360000	13800000	3740000	45700	39900000	28600000	6480000	716000	13400000	3700000	126000	10500000	11100000	2490000	24000	60400	4390000	401000	157000000	6610000	246000	15000000	186000000	26000000	6830000	51300	27700000	5790000	570000	56300000	2440000	800000	144000	196000	2340000	1200000	366000	568000	2620000	4430	718000	493000	71800	378000	495000	1010000	24500000	857000	237000	869000	579000	671000	14200000	13300000	12100	20300	3050000	788000	1650000	16300	509000	420000	745000	514000	540000	4730000	6500000	2240000	13100	5040	2790	49900	11000	70600	46700	1750000	550000	4370	95300000	7370000	515000	5030	20900	139000	502000	103000	35000	142000	89600	240000	458000	1020000	12300000	1030000	23100	1810000	598000	599000	36000	38600000	19300	519000	4640	44900000	3230000	243000	34700	35500	34500	36800	298000	17800	661000	71200	219000	LIAO5114	LIAO5114	metabolite_183_known
AMP_metabolite_traits	LIAO5262	Zea	mays cultivar:B73	LIAO5262			25100	754000	48300	188000	444000	64100	373000	2070000	2000000	30000	1860000	11000000	15800000	7400000	657000	40300000	3110000	6990000	3000000	33700000	371000	13100000	558000	62600	54900	4610000	3130000	58700	765000	420000	6590000	2410000	2930	811000	2630000	27000	1180000	206000	2780	190000	61300	574000	478000	17400	228000	497000	220000	1330000	1610000	0	1180000	49400	152000	0	410000	13000	41500000	76300	3070000	24200000	71200	21500	16100000	47500	174000	289000	906000	67500	853000	104000	131000	261000	113000	64400	6700	5820	21900	20000	12300	303000	5850000	3440000	266000	6600000	15200000	119000	62200	796000	195000	147000	65100	156000	800	886000	1070000	832000	42500	45500	355000	20000	446000	49600	71400	506	2100000	26600000	67400	4940000	743000	2240000	1000000	318000	36000000	17700000	2660000	755000	2910000	43600000	360000	3790000	59300	98400	1120000	7920000	339000	125000000	5490000	11500000	650000	675000	1950000	3290000	7860000	20600000	3010000	22600	43200000	11100000	2410000	1230000	4910000	2860000	22500	5990000	4190000	2020000	28100	112000	6070000	976000	201000000	13500000	346000	8350000	117000000	9380000	5000000	1310000	21200000	1330000	677000	53000000	3130000	3110000	239000	187000	11100000	845000	5100000	84900	529000	7880	468000	584000	136000	219000	238000	267000	30800000	65100	307000	1560000	1400000	558000	15300000	9540000	16100	5420	1210000	1690000	1210000	9920	1010000	828000	1190000	9210	352000	9420000	9750000	1070000	90200	15100	1490	71000	18800	83100	15800	1240000	316000	46700	73100000	5110000	513000	202000	19800	53300	434000	34700	110000	21800	40800	538000	8550000	1750000	3990000	49100	69800	2930000	1720000	37900	51000	32600000	37100	80600	2460	74700000	3060000	56800	28600	50600	37300	27000	97800	4260	141000	19800	1770	LIAO5262	LIAO5262	metabolite_183_known
AMP_metabolite_traits	LIAO5263	Zea	mays cultivar:B73	LIAO5263			34400	1730000	19000	338000	543000	103000	494000	3340000	1730000	13900	4630000	13700000	31100000	8620000	32500	26000000	7610000	8250000	2870000	36000000	799000	11100000	911000	89300	115000	17200000	3520000	118000	815000	303000	9470000	3460000	2700	1530000	1830000	47000	10900000	306000	838	180000	90800	865000	5150000	22000	1960000	685000	53500	795000	1440000	2320	2880000	58100	221000	13500	385000	10600	51900000	36900	2990000	32300000	113000	26900	16600000	82500	199000	328000	624000	58600	1420000	129000	401000	535000	191000	26000	2940	0	47900	45800	32500	203000	10400000	6760000	962000	9990000	18300000	177000	6620	817000	592000	727000	92900	108000	5750	604000	1170000	1160000	12000	89900	305000	19400	1580000	548000	225000	10000	3330000	51000000	24900	6260000	612000	13800000	954000	114000	22700000	8240000	1900000	319000	1740000	46200000	315000	2660000	48400	308000	1610000	8070000	301000	144000000	3310000	15400000	118000	15500	4010000	4320000	7000000	15200000	715000	2670	53200000	3130000	82700	71600	236000	1780000	5890	2040000	6750000	5670000	23100	11600	5380000	51600	205000000	5190000	250000	4160000	151000000	3490000	6950000	105000	24700000	325000	89500	55600000	2200000	111000	392000	312000	5260000	1180000	3110000	379000	1220000	7410	197000	436000	120000	449000	235000	414000	37400000	301000	219000	1310000	742000	260000	14000000	12700000	14600	2830	1700000	464000	918000	1940	538000	390000	838000	17100	479000	17700000	2500000	1110000	25400	5710	3630	37700	11300	55800	27400	1660000	295000	8080	71700000	4130000	187000	2210	16500	230000	156000	21600	35400	140000	287000	241000	3050000	638000	5690000	24700	78900	1280000	908000	20400	12100	29000000	19000	9950	3990	92700000	2970000	67500	16700	61900	25500	15400	128000	3820	395000	93000	11400	LIAO5263	LIAO5263	metabolite_183_known
AMP_metabolite_traits	LK11	Zea	mays cultivar:B73	LK11			126000	1940000	215000	54100	1420000	133000	479000	9470000	1260000	123000	7060000	21900000	67600000	12800000	110000	187000000	20400000	7330000	1420000	53100000	1000000	25200000	2090000	455000	158000	18900000	17800000	317000	1730000	619000	28200000	10400000	24600	3180000	2090000	75400	51000000	686000	1700000	288000	180000	1910000	2500000	11000	11300000	113000	70300	556000	1940000	1500	7820000	295000	19500	46200	50900	44800	69400000	214000	3540000	45700000	210000	10600000	26200000	416000	2470000	324000	4920000	169000	939000	75700	256000	302000	24300	69500	84700	0	138000	55500	243000	2140000	39200000	14500000	6580000	5740000	55200000	128000	225	1470000	1710000	2460000	2600000	497000	956000	1400000	2580000	2040000	0	56500	1150000	70500	4750000	48800	38400	13800	4330000	43000000	135000	4330000	691000	2950000	2050000	330000	79300000	28100000	7970000	833000	2870000	70800000	291000	12200000	146000	115000	1710000	4820000	455000	112000000	27200000	13700000	9490000	13400000	3790000	4290000	7220000	17200000	6660000	208000	53500000	13400000	586000	177000	1990000	1630000	21200	29900000	5110000	6790000	62200	329000	12000000	240000	193000000	16100000	1340000	5340000	121000000	4960000	6560000	524000	23600000	257000	23900000	53100000	1550000	448000	127000	87900	4280000	251000	399000	20400000	25000000	7250	174000	738000	110000	19100	403000	521000	98600000	102000	200000	1200000	940000	269000	14100000	11600000	819000	6200	4060000	629000	7840000	5230	337000	3910000	1580000	11200	433000	4290000	3370000	2490000	306000	5030	571000	3150000	563000	143000	691000	745000	142000	106000	49300000	2730000	8170000	77200	17300	219000	845000	69700	83400	22800	28800	394000	14100	1360000	16800000	38000	746000	569000	249000	247000	133000	28200000	18500	1170000	22500	97400000	12400000	244000	508000	335000	32600	28000	9620	4850	1540000	114000	661000	LK11	LK11	metabolite_183_known
AMP_metabolite_traits	LV28	Zea	mays cultivar:B73	LV28			60600	1380000	57500	89100	435000	32700	442000	4720000	3110000	151000	3640000	4880000	35500000	5270000	11700	67800000	5980000	5360000	2730000	39900000	1160000	10100000	501000	69300	197000	9550000	2750000	120000	1580000	146000	9600000	7350000	4630	1200000	907000	35200	5670000	328000	1100	165000	69500	651000	922000	21900	522000	257000	9370	804000	2160000	13200	4060000	177000	134000	1790	239000	15400	24600000	14300	1220000	36700000	173000	2880	16500000	172000	220000	146000	1180000	146000	283000	42500	90900	143000	42500	35700	627	210	38600	21900	17200	859000	5720000	2040000	556000	9490000	38400000	93500	1910	1180000	371000	297000	48800	152000	37700	2290000	1610000	658000	25000	83200	141000	18400	813000	7840	3930	10400	3280000	60500000	73400	9510000	145000	1300000	1780000	399000	16500000	7500000	8350000	1210000	5850000	73800000	373000	37800000	122000	182000	2850000	6850000	554000	132000000	2340000	9400000	59700	40800	4400000	5140000	11800000	14100000	106000	2960	81000000	2930000	87700	25300	236000	3700000	17700	6660000	2690000	7190000	15200	2000	14200000	119000	185000000	39300000	188000	2910000	157000000	17000000	7740000	369000	30500000	184000	14500	62700000	3500000	742000	202000	324000	2220000	520000	191000	915000	17000	8200	316000	9370000	235000	1080000	355000	110000	57100000	267000	527000	2470000	3930000	962000	16500000	9550000	3990	18400	8220000	325000	5240000	3600	1260000	288000	1200000	27200	1260000	30900000	4810000	3920000	11700	5490	2130	25600	2670	772000	12000	1580000	498000	18600	62600000	4780000	216000	134000	17500	3130	565000	42300	53400	488000	432000	350000	2140000	763000	34900000	95800	8480	552000	18400	61000	29100	18900000	750	371000	148000	80100000	3070000	156000	11400	53700	361	13700	12300	5510	58400	6080	434000	LV28	LV28	metabolite_183_known
AMP_metabolite_traits	LX9801	Zea	mays cultivar:B73	LX9801			61600	1740000	127000	186000	738000	118000	373000	5060000	3730000	97700	2340000	7910000	50600000	8070000	11600	70300000	10700000	5110000	1040000	42400000	611000	13500000	1010000	218000	174000	8920000	2270000	129000	452000	424000	13400000	11300000	33200	1410000	1470000	288000	18100000	223000	6810	288000	120000	598000	1380000	25000	3250000	5850000	120000	9920000	1570000	2430	4900000	264000	306000	14600	107000	15700	32000000	231000	5810000	45200000	247000	11100	6060000	125000	284000	250000	1690000	150000	499000	43200	95400	1360000	113000	97700	54000	480	98300	15500	7020	727000	12700000	5130000	2800000	6650000	28500000	87300	2570	1490000	2270000	1740000	21500	182000	0	474000	1400000	957000	1520	66900	454000	52300	7650000	26200	11300	32300	3580000	70600000	337000	6720000	40900	3310000	1510000	0	0	0	0	0	0	0	0	0	0	0	0	0	0	0	0	0	0	0	0	0	0	0	0	0	0	0	0	0	0	0	0	0	0	0	0	0	0	0	0	0	0	0	0	0	0	0	0	0	0	0	0	0	0	0	0	0	0	0	0	0	0	0	0	0	0	0	0	0	0	0	0	0	0	0	0	0	0	0	0	0	0	0	0	0	0	0	0	0	0	0	0	0	0	0	0	0	0	0	0	0	0	0	0	0	0	0	0	0	0	0	0	0	0	0	0	0	0	0	0	0	0	0	0	0	0	0	0	0	0	0	0	0	0	0	0	LX9801	LX9801	metabolite_183_known
AMP_metabolite_traits	LXN	Zea	mays cultivar:B73	LXN			40800	1200000	164000	452000	1500000	51500	551000	14600000	2440000	99700	15300000	9570000	19700000	10000000	208000	68700000	11300000	6070000	1820000	41900000	1090000	23200000	1420000	177000	403000	18100000	3930000	162000	817000	411000	11800000	12900000	70900	1220000	1190000	259000	3640000	437000	898	3070000	104000	779000	16800000	24300	4190000	19600000	549000	21600000	2910000	6980	4280000	460000	220000	135000	172000	8610	52700000	131000	412000	45600000	124000	315000	5370000	156000	795000	120000	2580000	186000	979000	209000	101000	508000	187000	38400	524000	592000	71800	9280	21300	801000	22000000	8980000	3220000	8670000	23600000	94400	0	1470000	2720000	1160000	21000	144000	70000	928000	905000	1320000	103000	734000	163000	67600	9760000	27500	43900	0	1770000	63700000	260000	5780000	486000	4970000	1760000	858000	35500000	6970000	2050000	1230000	4380000	68800000	384000	10400000	57900	66400	1310000	4890000	469000	171000000	9070000	16500000	230000	46800	13600000	12300000	8010000	13800000	838000	36500	65500000	8950000	363000	150000	731000	5140000	23200	15600000	9570000	9990000	360000	1620	5120000	34500	206000000	6150000	591000	647000	133000000	9920000	6160000	17000	24500000	52600	1760000	58200000	697000	283000	108000	122000	5050000	606000	1530000	21200000	63800000	10500	573000	234000	111000	5010	266000	691000	68700000	202000	136000	1200000	1440000	137000	23100000	15800000	46500	18400	4970000	517000	1440000	4730	882000	65600	677000	9310	784000	4260000	1640000	666000	111000	7580	5900	784000	278000	92900	15700	1340000	271000	716	76300000	4420000	352000	1570	20300	60300	2090000	96200	35100	80300	119000	154000	536000	536000	16400000	1730000	63200	591000	170000	33900	39900	11200000	3980	81400	6910	111000000	2560000	122000	2350	369000	166000	32600	211000	21200	13500	1260	386000	LXN	LXN	metabolite_183_known
AMP_metabolite_traits	LY042	Zea	mays cultivar:B73	LY042			75600	1090000	92800	369000	910000	249000	561000	4390000	704000	50900	3680000	12700000	38600000	7130000	410000	26300000	9110000	10200000	936000	35300000	515000	7330000	829000	202000	276000	10400000	2090000	325000	1720000	525000	12100000	8800000	33800	950000	1720000	45900	66600000	441000	2270	282000	147000	890000	8760000	11800	2610000	13100000	653000	22200000	1540000	315	11000000	276000	85600	14000	80700	3670	45400000	327000	11600000	76100000	140000	24800	19400000	131000	1300000	229000	1440000	119000	95300	155000	291000	190000	225000	25300	117000	1630	44100	38300	288000	253000	7000000	2350000	1290000	7930000	15400000	95600	80400	1110000	547000	670000	30000	116000	134000	1200000	1250000	1050000	28900	53100	597000	34600	1830000	9840	10400	22500	3480000	78800000	94900	3560000	346000	2390000	1250000	1570000	51700000	7810000	3050000	577000	2170000	80400000	364000	4810000	320000	95200	1340000	5750000	473000	157000000	27800000	10200000	13300000	662000	3210000	2000000	9350000	14200000	64100000	126000	35100000	5960000	72100000	16900000	80600000	2990000	1230000	25500000	4340000	615000	27800	23100	1370000	27700	205000000	4930000	684000	23700000	165000000	2910000	6890000	61100	25100000	6520000	152000	53700000	2360000	150000	225000	251000	798000	591000	607000	11800000	6770000	7760	230000	604000	154000	244000	1350000	240000	41400000	115000	418000	2500000	970000	167000	14600000	17700000	123000	57600	3010000	825000	1880000	819000	239000	469000	1140000	326	17100	4030000	1810000	1450000	48900	6660	11600	56400	17700	402000	48500	1360000	234000	7940	74200000	3940000	212000	5430	34500	27500	1930000	99200	52600	19300	23700	469000	174000	555000	11700000	81000	64900	1040000	1870000	838000	822000	48100000	18900	1760000	3720	128000000	2860000	266000	14100	68400	553	32100	14200	20900	153000	13500	206000	LY042	LY042	metabolite_183_known
AMP_metabolite_traits	M153	Zea	mays cultivar:B73	M153			73600	703000	175000	511000	656000	241000	496000	6340000	5640000	316000	6740000	9810000	42600000	5100000	487000	36800000	6810000	7580000	8940000	34100000	529000	15800000	1330000	186000	95800	5430000	3490000	272000	1110000	333000	36100000	4510000	118000	1380000	1980000	17100	40100000	217000	30400	134000	110000	684000	2290000	70900	4850000	633000	44400	1580000	1770000	0	4170000	610000	382000	19600	528000	133000	34200000	183000	4260000	30500000	0	1160000	24000000	147000	89000	122000	1740000	120000	219000	133000	285000	188000	258000	59100	133000	7960	71500	34900	74100	371000	14000000	6540000	2320000	11700000	17400000	78700	32600	2170000	1380000	852000	184000	207000	16900	1040000	1100000	1240000	43300	474000	861000	35600	4650000	732000	184000	8470	3410000	39700000	146000	4940000	576000	3790000	880000	513000	8520000	7300000	7310000	480000	1100000	164000000	370000	4810000	448000	165000	2460000	10000000	600000	161000000	27100000	16400000	279000	255000	3540000	3990000	7740000	11100000	3460000	7430	73500000	4680000	450000	258000	882000	4300000	18600	8110000	10600000	7520000	85400	70300	15100000	433000	214000000	38800000	885000	7620000	179000000	6250000	5530000	124000	19900000	388000	7080000	52800000	2220000	126000	111000	377000	2520000	1100000	470000	10800000	5770000	6470	313000	520000	153000	649000	207000	153000	54200000	80400	218000	853000	3060000	308000	20400000	12200000	18800	13600	2630000	530000	868000	2850	480000	237000	1350000	4870	772000	4140000	4480000	2500000	144000	3980	8480	165000	64800	379000	91100	2430000	504000	24900	91100000	6530000	1120000	2250	83600	144000	2010000	123000	33900	36000	40200	296000	452000	1160000	11100000	167000	68000	2120000	932000	200000	162000	25900000	5330	377000	17400	86400000	2090000	160000	28700	147000	329000	13600	928000	121000	294000	34200	154000	M153	M153	metabolite_183_known
AMP_metabolite_traits	M97	Zea	mays cultivar:B73	M97			20300	956000	179000	78000	660000	52900	429000	3760000	3340000	70600	3030000	7910000	27200000	5630000	235000	33100000	9310000	5060000	3030000	37900000	437000	9160000	767000	70600	60300	5560000	3860000	48200	706000	229000	13400000	2100000	23000	1040000	1430000	41500	20800000	309000	18600	40400	81400	866000	565000	51400	1750000	81600	66300	117000	1990000	0	1270000	247000	146000	6360	195000	128000	29600000	95600	3120000	29600000	116000	26500	24900000	112000	271000	317000	1170000	202000	199000	78900	211000	723000	45700	44400	12100	0	32200	44900	6150	356000	4870000	2670000	923000	8750000	13100000	58600	12700	828000	591000	364000	168000	144000	157000	2200000	1210000	646000	29700	164000	379000	17000	1750000	2590000	600000	5230	4870000	31900000	68700	5510000	269000	1670000	1240000	186000	8510000	12500000	3590000	476000	2270000	71100000	358000	4700000	85100	229000	4060000	7340000	370000	127000000	13200000	12800000	167000	31300	794000	1310000	8190000	15900000	990000	1390	84600000	3640000	198000	126000	151000	1760000	11100	5950000	3880000	4480000	4190	23400	7370000	63300	202000000	20900000	823000	21700000	165000000	6080000	6820000	49800	25600000	66400	78400	57000000	1480000	149000	128000	283000	1870000	775000	1910000	1080000	374000	6370	571000	385000	215000	803000	236000	337000	41800000	570000	182000	1130000	2440000	514000	15600000	11900000	17200	5150	1810000	295000	420000	2020	809000	427000	724000	234000	10800	17500000	7010000	3650000	13300	9190	4980	29400	3610	104000	26400	1690000	409000	13300	71900000	4570000	189000	3770	43700	53200	379000	19800	37300	72000	221000	235000	30600	897000	6050000	66900	41800	2080000	941000	51600	23300	32600000	3270	162000	6340	45600000	3160000	281000	15100	392000	70700	7000	167000	291000	379000	70400	1350000	M97	M97	metabolite_183_known
AMP_metabolite_traits	MO17	Zea	mays cultivar:B73	MO17			41500	995000	84100	23200	1100000	26900	0	18000000	2360000	41800	5680000	10400000	32900000	9280000	373000	77900000	7670000	5710000	2930000	48800000	530000	12200000	1800000	146000	49200	5830000	16900000	112000	529000	154000	16900000	7690000	6690	2220000	1520000	47300	4130000	243000	93600	188000	78900	439000	245000	21500	1670000	33800	10800	32300	1920000	405	14300000	53900	1670000	5860	1180000	0	42700000	559000	1930000	27200000	55900	892000	24500000	220000	133000	348000	2220000	69900	115000	95400	177000	278000	8240	19900	137000	1900	32600	20500	38900	604000	7430000	4030000	1230000	7830000	23900000	55900	0	769000	1190000	656000	391000	178000	1270	1420000	1190000	1010000	32600	86700	194000	33900	3450000	118000	31300	16400	2280000	18300000	1080000	7160000	626000	2190000	1160000	485000	28200000	47700000	2180000	741000	1650000	108000000	271000	8780000	101000	98700	1770000	3900000	361000	102000000	19700000	15500000	446000	589000	2290000	2250000	10500000	14400000	191000	8590	36500000	3070000	95200	17800	118000	1970000	2510	29600000	9270000	19800000	52200	172000	9490000	65800	236000000	11300000	767000	3880000	180000000	16700000	9940000	173000	41300000	230000	4040000	64800000	2200000	3230000	181000	159000	699000	475000	166000	3040000	14700	20500	673000	376000	60200	2280	221000	280000	51700000	97100	147000	1500000	792000	335000	10800000	8100000	399000	15000	2950000	708000	1150000	3440	316000	764000	939000	718	39200	8280000	3890000	2950000	239000	14500	590000	240000	81400	596000	359000	1330000	358000	25000	107000000	8710000	2350000	13100	72700	43700	301000	449000	49500	131000	170000	183000	188000	1200000	8270000	46100	246000	562000	125000	331000	36700	17400000	7470	1130000	6380	42200000	3570000	10100	89000	639000	66400	22500	62100	23600	192000	135000	1340	MO17	MO17	metabolite_183_known
AMP_metabolite_traits	NAN21-3	Zea	mays cultivar:B73	NAN21-3			56200	1550000	36800	279000	450000	32100	333000	1500000	4340000	110000	2210000	6250000	29000000	11600000	11000	35300000	8170000	9060000	1660000	41300000	384000	10200000	545000	136000	61600	4310000	3410000	136000	1190000	333000	4180000	5220000	18900	1570000	919000	301000	2860000	244000	3840	369000	111000	744000	3230000	76900	5100000	1710000	109000	3940000	826000	10700	5190000	125000	1330000	6990	262000	6510	44000000	704000	2680000	45400000	231000	18300	7140000	221000	202000	170000	2300000	188000	299000	103000	282000	299000	131000	63100	2400	1980	85100	20400	14200	462000	8010000	3750000	2320000	9540000	13000000	84900	2420	1580000	1950000	814000	47300	109000	3490	467000	2210000	1040000	67400	386000	365000	51600	4840000	50400	27100	5030	2080000	19300000	1560000	3970000	658000	4040000	1060000	1240000	11800000	6920000	6440000	523000	1310000	63000000	434000	3300000	144000	144000	1630000	6200000	419000	151000000	11000000	25400000	167000	34300	8360000	4590000	10400000	17200000	29300000	4510	53900000	5350000	7000000	303000	10000000	2810000	54800	24800000	5630000	23800000	23800	2560	4210000	266000	208000000	4380000	1470000	4950000	164000000	8570000	9280000	56600	31100000	1150000	25700	64800000	720000	151000	114000	213000	2640000	299000	142000	193000	1170000	21800	321000	377000	109000	381000	406000	247000	41600000	984000	161000	2540000	729000	154000	13700000	20700000	7700	103000	4220000	1090000	1420000	6090	165000	124000	713000	23100	12600	1960000	3790000	524000	4630	6080	4410	23900	3820	69400	25200	697000	143000	6490	62900000	3490000	131000	1480	20500	1600	1390000	64000	31700	16600	11200	180000	210000	898000	15300000	42900	8930	589000	83600	684000	178000	28600000	2910	1490000	1970	117000000	2820000	18400	3690	2130000	2880	16600	6650	19900	22300	7260	6140	NAN21-3	NAN21-3	metabolite_183_known
AMP_metabolite_traits	P178	Zea	mays cultivar:B73	P178			34100	1010000	64600	406000	339000	73500	174000	1680000	3750000	79100	9910000	4800000	16800000	11700000	144000	29900000	9350000	4700000	4790000	43200000	1030000	16000000	616000	156000	109000	14100000	2900000	151000	635000	466000	2430000	8740000	700000	861000	1270000	269000	21800000	240000	1220	668000	87000	1130000	5320000	39000	7920000	37900000	1160000	67200000	1050000	122000	9240000	241000	96200	4040	245000	2240	33600000	948000	8110000	23100000	102000	15300	6830000	106000	1580000	107000	2010000	192000	283000	60300	274000	304000	148000	42100	149000	398	132000	31000	27600	339000	10800000	4490000	3690000	9630000	18900000	112000	15000	1250000	1450000	1800000	27600	127000	213000	1430000	1070000	679000	23700	306000	626000	38800	2700000	51400	18200	20800	1330000	51100000	108000	4890000	253000	5130000	765000	1160000	39400000	9040000	2730000	529000	1570000	41300000	574000	5790000	6050000	191000	1580000	4850000	318000	148000000	86600000	17200000	43500	38400	11900000	10700000	6930000	13900000	10400000	1860	55900000	19600000	69300000	2930000	106000000	2250000	1050000	29000000	3680000	5070000	38000	7510	6920000	10200	155000000	6320000	793000	20800000	146000000	3310000	5340000	109000	18900000	4770000	46300	62200000	1530000	202000	139000	237000	2970000	454000	472000	1180000	1160000	11200	192000	523000	88700	676000	628000	463000	60800000	71000	232000	1300000	1260000	449000	15900000	12100000	1120	134000	3100000	724000	1760000	82200	208000	133000	992000	79100	16200	4050000	1510000	2170000	5450	9540	5480	28200	6020	765000	9250	814000	183000	6200	39000000	2050000	173000	13400	31500	1970	1130000	79500	35000	33200	36300	966000	40100	912000	10800000	134000	9840	638000	148000	4350000	591000	18500000	3240	5100000	4630	111000000	2590000	190000	38700	332000	9060	26600	3980	55100	2320	366	113000	P178	P178	metabolite_183_known
AMP_metabolite_traits	Q1261	Zea	mays cultivar:B73	Q1261			31000	861000	151000	109000	898000	82400	797000	3160000	2210000	317000	4550000	9180000	34100000	6530000	31700	47800000	6820000	6240000	2210000	40600000	522000	11000000	616000	101000	148000	22600000	2710000	109000	488000	190000	8400000	5910000	39500	1190000	1720000	47600	10900000	382000	3290	189000	149000	1040000	1170000	22900	1240000	1060000	24900	2540000	810000	0	5800000	283000	38300	50100	151000	50100	33700000	149000	5740000	61400000	142000	22200	20900000	274000	91000	137000	4520000	135000	521000	168000	201000	556000	79400	179000	87900	0	74900	45600	3490	479000	9760000	3880000	1810000	9850000	25300000	138000	939	1080000	671000	647000	323000	190000	0	252000	1640000	710000	19800	1760000	286000	16400	1860000	135000	38700	9140	4220000	44300000	6040	6490000	29100	8490000	1360000	829000	63500000	17100000	876000	483000	1240000	18500000	394000	6950000	177000	162000	1040000	2100000	801000	135000000	21200000	15200000	12400000	157000	1990000	4410000	9690000	18700000	3770000	341000	39100000	2560000	1270000	168000	1270000	2730000	13900	21200000	4570000	1080000	55100	92300	2940000	362000	198000000	11100000	617000	27400000	135000000	4930000	4370000	868000	16600000	1570000	129000	54000000	960000	347000	203000	96000	6540000	849000	4290000	3570000	7650000	6720	191000	690000	146000	165000	172000	282000	16800000	433000	592000	1670000	1250000	254000	21000000	18200000	239000	8060	2210000	308000	1950000	4880	1050000	1000000	1520000	8310	570000	2700000	2710000	494000	35600	11500	10000	41200	8080	69900	50100	1190000	250000	60600	61300000	3810000	313000	137000	111000	22800	2250000	64000	91600	120000	97400	200000	8340000	1120000	6970000	320000	49400	3380000	1740000	486000	82800	31100000	24300	1520000	26300	73100000	4200000	177000	139000	53700	96400	50200	112000	2040000	428000	14400	250000	Q1261	Q1261	metabolite_183_known
AMP_metabolite_traits	QI205	Zea	mays cultivar:B73	QI205			113000	1100000	149000	231000	420000	62300	741000	3010000	3300000	7610	12200000	14900000	39300000	15500000	152000	113000000	23200000	10100000	6640000	25100000	710000	20300000	1650000	72800	248000	16000000	7510000	246000	725000	430000	8360000	1860000	27700	1200000	1460000	49600	13900000	426000	207000	1900000	127000	569000	1640000	30300	2950000	1860000	65900	3100000	1640000	1290	30700000	774000	1590000	17100	1140000	68700	51800000	600000	11300000	54700000	117000	276000	18200000	70500	90600	94600	927000	100000	617000	246000	295000	262000	105000	59800	565000	1230	65100	12200	111000	1470000	21000000	7120000	924000	6670000	26100000	83300	688	818000	2340000	838000	401000	445000	29400	699000	1430000	1530000	71400	489000	528000	68700	6990000	161000	85200	42700	1390000	71900000	297000	3850000	1020	5280000	718000	0	0	0	0	0	0	0	0	0	0	0	0	0	0	0	0	0	0	0	0	0	0	0	0	0	0	0	0	0	0	0	0	0	0	0	0	0	0	0	0	0	0	0	0	0	0	0	0	0	0	0	0	0	0	0	0	0	0	0	0	0	0	0	0	0	0	0	0	0	0	0	0	0	0	0	0	0	0	0	0	0	0	0	0	0	0	0	0	0	0	0	0	0	0	0	0	0	0	0	0	0	0	0	0	0	0	0	0	0	0	0	0	0	0	0	0	0	0	0	0	0	0	0	0	0	0	0	0	0	0	0	0	0	0	0	0	QI205	QI205	metabolite_183_known
AMP_metabolite_traits	R15X1141	Zea	mays cultivar:B73	R15X1141			27500	719000	51300	286000	378000	16000	0	1910000	4350000	194000	3190000	5370000	22200000	4660000	35300	35800000	4970000	6370000	8020000	28700000	271000	6790000	508000	137000	210000	4430000	2240000	103000	1050000	155000	6560000	11200000	17100	965000	2050000	37200	19700000	486000	4690	572000	75600	576000	7460000	64400	932000	869000	13700	1440000	2070000	1010	19300000	255000	2320000	4360	1380000	0	26400000	163000	9780000	21000000	37200	50700	14300000	164000	187000	84000	2770000	82400	145000	154000	484000	1320000	166000	18800	707	626	57300	19700	57400	311000	6330000	2870000	1590000	7150000	17200000	55300	15300	1000000	221000	525000	114000	128000	150000	924000	1330000	627000	15700	696000	242000	22900	1030000	31300	27400	5660	1810000	73400000	106000	2920000	238000	707000	832000	264000	20100000	6910000	2630000	568000	2010000	102000000	216000	14700000	529000	201000	1350000	5290000	373000	151000000	79100000	13300000	169000	252000	3000000	2080000	6050000	16500000	45600000	270	62900000	14900000	11400000	382000	19600000	3550000	182000	47800000	3960000	22500000	70700	17800	14600000	44800	164000000	22800000	638000	63600000	122000000	9780000	3500000	87700	13100000	4060000	596000	53200000	2890000	940000	178000	274000	1160000	1100000	7670000	190000	19900	7220	270000	959000	120000	33400	190000	1220000	78800000	989000	544000	3930000	1010000	330000	11600000	14400000	20500	121000	3990000	257000	1240000	21500	506000	443000	689000	9230	30300	2700000	2290000	1650000	3090	6690	219000	31700	8250	422000	316000	643000	165000	10100	39800000	2280000	457000	11100	93000	36200	4450000	605000	41900	336000	380000	451000	18500	606000	18300000	116000	89400	821000	198000	5020000	1180000	29200000	5470	5870000	19900	148000000	4460000	229000	370000	345000	25200	65100	73000	35900	267000	11000	633000	R15X1141	R15X1141	metabolite_183_known
AMP_metabolite_traits	RY713	Zea	mays cultivar:B73	RY713			52300	516000	124000	120000	544000	66900	193000	16800000	1800000	7330	2580000	4600000	37300000	8220000	21500	71300000	12500000	3010000	2110000	36200000	366000	17800000	613000	138000	144000	4130000	4590000	121000	485000	262000	52200000	6900000	23500	4090000	1450000	45400	22800000	298000	1460	1080000	36700	459000	3410000	22900	2610000	3810000	118000	2150000	2090000	0	33200000	104000	41000	5460	62700	77700	19400000	32900	1110000	12500000	74300	709	19600000	129000	1170000	436000	1410000	101000	501000	37800	110000	795000	56800	17200	7520	1250	30200	35600	40600	772000	8870000	3930000	734000	8680000	42400000	29500	0	691000	725000	459000	32300	97200	18400	1190000	1180000	496000	15800	424000	256000	32800	2360000	3340	0	168000	4960000	56300000	10700	9560000	179000	9990000	835000	0	0	0	0	0	0	0	0	0	0	0	0	0	0	0	0	0	0	0	0	0	0	0	0	0	0	0	0	0	0	0	0	0	0	0	0	0	0	0	0	0	0	0	0	0	0	0	0	0	0	0	0	0	0	0	0	0	0	0	0	0	0	0	0	0	0	0	0	0	0	0	0	0	0	0	0	0	0	0	0	0	0	0	0	0	0	0	0	0	0	0	0	0	0	0	0	0	0	0	0	0	0	0	0	0	0	0	0	0	0	0	0	0	0	0	0	0	0	0	0	0	0	0	0	0	0	0	0	0	0	0	0	0	0	0	0	RY713	RY713	metabolite_183_known
AMP_metabolite_traits	RY729	Zea	mays cultivar:B73	RY729			56600	963000	39300	14000	386000	55400	0	1870000	2770000	50400	1770000	4450000	34700000	8170000	30500	64000000	11000000	3520000	3460000	43500000	500000	11200000	793000	136000	161000	12300000	5380000	123000	420000	150000	17300000	4040000	1360	1770000	1820000	46000	962000	594000	1320	248000	59900	439000	383000	34500	814000	43700	20400	41700	1370000	1790	3930000	57800	2170000	16700	618000	103000	18900000	580000	595000	24500000	232000	23700	17500000	58000	92600	171000	404000	243000	254000	68700	112000	7030000	1690	0	1610	0	5820	13000	38900	614000	7190000	3440000	818000	10600000	57200000	61000	1470	1610000	517000	306000	59700	150000	120000	884000	1040000	417000	24600	82300	261000	13300	1170000	166000	136000	4430	4140000	56300000	1300000	6890000	346000	6160000	1710000	599000	22800000	10500000	1880000	830000	1660000	87500000	386000	925000	64000	84300	4020000	6290000	363000	142000000	20000000	31900000	111000	30200	2860000	2030000	6140000	12100000	391000	10200	41300000	2310000	982000	85600	1390000	2940000	41800	9000000	4190000	25100000	11300	3950	22100000	108000	162000000	48200000	1010000	1290000	113000000	8240000	8470000	64600	29700000	1040000	85600	57800000	1230000	223000	117000	675000	4110000	244000	1460000	589000	7950000	7460	171000	380000	142000	350000	294000	189000	28400000	1510000	292000	1410000	2750000	231000	19600000	19800000	12600	61500	2210000	188000	383000	8910	145000	122000	515000	6010	7450	14100000	3620000	1100000	30000	12100	3290	45200	15200	95100	34000	840000	165000	8040	40100000	2220000	171000	4980	96100	58700	2860000	2230000	40000	187000	814000	213000	661000	611000	8510000	79700	56900	931000	341000	2210000	28800	26200000	20200	1670000	7650	122000000	2830000	169000	4090	1120000	15800	27900	140000	11000	61400	31400	304000	RY729	RY729	metabolite_183_known
AMP_metabolite_traits	S22	Zea	mays cultivar:B73	S22			32400	974000	150000	426000	535000	121000	284000	6740000	2610000	181000	6670000	7850000	25100000	8340000	50900	80400000	16700000	5680000	1270000	44200000	1460000	20100000	1940000	344000	85800	10500000	4910000	128000	899000	227000	9780000	21600000	1650	1550000	2060000	40600	29200000	1110000	26200	622000	138000	916000	3190000	25000	5370000	1090000	29900	1860000	2730000	3370	5530000	312000	1160000	32700	368000	8230	30400000	1060000	12300000	40000000	141000	402000	16700000	96100	385000	148000	1440000	157000	617000	166000	286000	867000	246000	22600	169000	518	75900	11800	32100	853000	28300000	10600000	3420000	12100000	13100000	86900	7790	1650000	1600000	1140000	1360000	241000	28400	326000	1010000	572000	13600	239000	450000	100000	5610000	3500000	871000	15700	5330000	31600000	725000	10700000	25600	1520000	1250000	368000	35200000	22400000	9430000	815000	4480000	36200000	330000	30900000	72300	70600	2350000	6600000	323000	151000000	5110000	10700000	202000	151000	8470000	8680000	9200000	14600000	1020000	961	49800000	6490000	135000	64000	147000	1970000	13600	7780000	4340000	19200000	67800	75900	9690000	34700	149000000	4930000	3470000	15800000	115000000	8970000	5470000	3670000	19800000	1150000	617000	56200000	981000	546000	195000	223000	4730000	1340000	307000	441000	2780000	8610	338000	442000	71500	288000	241000	364000	39800000	803000	338000	2820000	955000	385000	13700000	19200000	25400	6770	9380000	733000	6460000	2220	393000	2990000	1120000	44700	25400	13600000	3600000	759000	61800	10500	5100	78500	21500	542000	194000	708000	170000	334000	49400000	3180000	240000	386000	111000	413000	221000	31600	90200	88200	120000	226000	1100000	1020000	31500000	64200	517000	10200000	6380000	84700	74000	41100000	355000	63000	4210	69000000	4960000	99000	88000	2810000	688000	13600	923000	373000	1590000	161000	51300	S22	S22	metabolite_183_known
AMP_metabolite_traits	S37	Zea	mays cultivar:B73	S37			148000	775000	90200	814000	1600000	55500	507000	3540000	1260000	43900	8450000	10900000	31800000	8730000	81200	92800000	13600000	7900000	337000	35300000	1280000	26600000	1340000	198000	397000	8990000	3790000	357000	1220000	1070000	5090000	8850000	62000	1370000	1400000	55100	44000000	205000	2500	689000	82600	932000	9290000	9440	3440000	6920000	506000	9200000	1910000	4380	5050000	268000	19500	16100	35900	13400	40500000	119000	3650000	40900000	221000	6200	11500000	136000	1630000	83500	1560000	169000	1230000	65200	160000	212000	372000	42000	7770	1350	123000	40500	128000	1120000	25400000	8190000	3770000	7420000	27900000	128000	3080	1800000	1880000	909000	12600	98700	756000	1420000	1210000	1160000	92700	140000	817000	53300	6140000	18100	7540	21200	3690000	79400000	124000	3560000	107000	7190000	1300000	1470000	27400000	14400000	11000000	996000	2670000	48700000	510000	5460000	520000	111000	1670000	3780000	517000	125000000	84800000	10400000	610000	36900	6050000	4520000	14800000	13700000	63300000	28500	58700000	10200000	83900000	5050000	77200000	5650000	292000	55900000	4250000	2450000	41200	2020	1850000	40800	209000000	3000000	2680000	12400000	159000000	5850000	9740000	593000	35000000	984000	75600	66300000	3480000	167000	193000	229000	13600000	545000	652000	473000	6140000	16000	1140000	856000	217000	2270000	403000	1200000	57800000	598000	278000	2600000	604000	675000	12800000	9320000	13700	889000	6270000	1110000	2700000	307000	460000	287000	826000	1180000	308000	2850000	13300000	2050000	15600	8300	6480	24100	10300	555000	16700	1370000	259000	83300	82000000	5370000	322000	341000	30300	7090	1630000	107000	59400	13000	10400	532000	264000	964000	29500000	252000	15700	528000	91500	3230000	778000	18900000	2840	2510000	19200	116000000	3180000	552000	11900	399000	1580	30700	4420	19100	351000	17100	722000	S37	S37	metabolite_183_known
AMP_metabolite_traits	SC55	Zea	mays cultivar:B73	SC55			59400	659000	47900	32100	718000	69100	362000	2410000	1010000	11700	5840000	13000000	40700000	12000000	30300	36800000	14800000	7200000	1750000	31500000	909000	20700000	1690000	518000	82900	9300000	4310000	101000	313000	292000	3490000	3090000	46100	1780000	973000	33800	40300000	315000	1390	2950000	71400	439000	6140000	6930	7160000	535000	47400	1330000	1900000	4940	1230000	1200000	18700	32900	49700	22300	44900000	62500	2960000	32100000	152000	5780	25800000	128000	1130000	130000	1850000	39700	337000	80200	105000	142000	6620	16500	5330	0	74600	840	26300	772000	20500000	8790000	4040000	2820000	23100000	71000	3940	1640000	2770000	1950000	43600	59300	14200	586000	1100000	1160000	49500	241000	556000	128000	7330000	2630	532	10900	2330000	43200000	19600	2980000	257000	2310000	940000	0	0	0	0	0	0	0	0	0	0	0	0	0	0	0	0	0	0	0	0	0	0	0	0	0	0	0	0	0	0	0	0	0	0	0	0	0	0	0	0	0	0	0	0	0	0	0	0	0	0	0	0	0	0	0	0	0	0	0	0	0	0	0	0	0	0	0	0	0	0	0	0	0	0	0	0	0	0	0	0	0	0	0	0	0	0	0	0	0	0	0	0	0	0	0	0	0	0	0	0	0	0	0	0	0	0	0	0	0	0	0	0	0	0	0	0	0	0	0	0	0	0	0	0	0	0	0	0	0	0	0	0	0	0	0	0	SC55	SC55	metabolite_183_known
AMP_metabolite_traits	SHEN5003	Zea	mays cultivar:B73	SHEN5003			39700	930000	92800	88800	362000	116000	467000	1220000	6140000	205000	2920000	7800000	44000000	10300000	36300	51600000	8470000	5390000	2020000	42900000	367000	13000000	602000	104000	18800	5000000	3190000	99700	919000	310000	11300000	1600000	86400	1810000	2980000	39100	27500000	660000	1310	83100	100000	749000	1620000	68500	1340000	120000	56000	104000	3260000	1160	3490000	112000	322000	6640	117000	23600	25900000	473000	19900000	24600000	61000	27200	20500000	233000	492000	185000	3460000	387000	399000	163000	502000	523000	17900	44400	10400	2690	20800	35500	85300	574000	7040000	4650000	474000	8320000	24100000	82900	2840	2160000	736000	312000	95300	197000	121000	2030000	1270000	596000	16500	163000	432000	26700	1660000	307000	237000	5090	5670000	7450000	1130000	5630000	807000	4680000	1450000	674000	15700000	5960000	3910000	376000	2220000	52100000	344000	3760000	730000	266000	2690000	10100000	294000	129000000	44800000	18400000	104000	39700	1670000	1490000	8650000	14200000	13600000	2760	61100000	4040000	1120000	99400	1740000	5890000	52100	6810000	6620000	2830000	11700	62800	1510000	259000	207000000	3860000	2330000	6300000	177000000	4330000	6370000	171000	22200000	511000	181000	50100000	1960000	154000	212000	693000	3710000	1130000	186000	3100000	9370000	7480	197000	705000	168000	123000	366000	999000	45400000	242000	250000	1380000	712000	382000	14400000	16400000	21800	23800	4560000	264000	1670000	13800	248000	220000	1390000	6060	1930000	17100000	4650000	3200000	47800	7380	24000	29400	8010	263000	259000	2030000	378000	16500	83500000	5190000	356000	23100	148000	73800	622000	62000	51500	4800	4710	398000	432000	1580000	14200000	178000	79000	2380000	725000	588000	56600	48500000	71200	810000	17600	62600000	3340000	264000	43700	2390000	433000	10600	1030000	39700	130000	13600	177000	SHEN5003	SHEN5003	metabolite_183_known
AMP_metabolite_traits	SI273	Zea	mays cultivar:B73	SI273			45600	1610000	169000	497000	659000	84100	202000	7230000	1490000	68700	6130000	16100000	38400000	7820000	23900	62000000	6330000	10600000	1160000	31800000	648000	16500000	1080000	355000	98200	5950000	2960000	189000	1240000	511000	17900000	18200000	432000	678000	1300000	30400	10400000	314000	0	414000	71500	565000	4400000	17600	6300000	21200000	691000	33800000	1810000	25500	4630000	426000	77800	13800	100000	42900	50800000	131000	1460000	40300000	138000	22300	20200000	348000	4020000	290000	3260000	98100	414000	245000	378000	56100	260000	60100	0	565	88000	20800	106000	660000	8690000	4690000	2340000	6890000	25100000	89500	1710	1520000	1630000	1240000	192000	97200	30600	1110000	1350000	1260000	48100	27400	1010000	36600	4300000	9480	1570	7310	3090000	36700000	70700	8320000	1620000	6640000	645000	493000	32200000	9250000	3080000	665000	2530000	67400000	136000	20400000	258000	147000	1530000	5310000	322000	139000000	27600000	12100000	37700	16000	7810000	5710000	6180000	13100000	58800000	422	53800000	19500000	62600000	11700000	68300000	2130000	544000	9080000	7400000	3430000	10800	958	7050000	36200	179000000	8640000	175000	658000	114000000	2350000	5250000	342000	19100000	454000	41900	60700000	1500000	157000	174000	202000	1810000	594000	233000	28400	12800	10600	211000	508000	80900	838000	2370000	258000	40000000	66500	274000	1100000	1220000	320000	13000000	14700000	4000	27000	2720000	661000	1580000	51700	299000	199000	614000	32100	311000	3530000	2210000	2560000	6860	9140	2270	25500	3990	325000	15000	724000	116000	45800	58000000	3110000	174000	14100	29200	2070	596000	45700	85100	23600	18300	229000	788000	461000	6440000	33700	5970	611000	6320	525000	65600	32500000	1200	823000	3320	88700000	4020000	262000	5440	18900	726	12800	8160	53400	130000	24500	259000	SI273	SI273	metabolite_183_known
AMP_metabolite_traits	SI446	Zea	mays cultivar:B73	SI446			45700	704000	111000	572000	670000	114000	307000	7100000	277000	33700	8720000	4410000	43900000	7260000	29500	76900000	10800000	3840000	459000	44600000	1040000	28700000	1820000	212000	175000	5110000	3370000	139000	465000	574000	10800000	1610000	168000	917000	1520000	53400	30000000	434000	255000	843000	157000	918000	6360000	4030	12200000	7750000	80700	20400000	2430000	10600	16600000	186000	11500	11000	33600	0	24600000	34500	3690000	22200000	48300	4530000	24200000	48700	738000	209000	690000	92900	891000	33900	88300	147000	295000	53000	292	499	80300	15300	257000	838000	23600000	8910000	3100000	4280000	52000000	86800	155	1510000	797000	1850000	501000	67600	40700	789000	1270000	393000	11600	89200	1140000	41200	2880000	892000	340000	18400	4180000	66000000	8030	6060000	231000	5610000	961000	281000	32200000	6010000	3110000	1170000	1400000	50800000	405000	2030000	175000	148000	3150000	6350000	393000	162000000	16600000	12500000	347000	1940000	2590000	3320000	13000000	14600000	5650000	9330	28000000	7520000	200000	79100	535000	2390000	245000	13200000	5470000	276000	58300	303000	1170000	227000	169000000	6160000	77300	5860000	164000000	13900000	4630000	210000	18700000	1230000	5230000	57100000	4210000	1000000	131000	210000	1240000	455000	202000	153000	1840000	5910	549000	933000	189000	1660000	310000	209000	53200000	130000	664000	1900000	743000	445000	20100000	15400000	149000	14200	12700000	209000	10600000	1930	829000	1480000	747000	153000	878000	6010000	5090000	2260000	184000	9760	974000	174000	67200	127000	2970000	977000	300000	20500	61200000	4710000	1560000	3050	17600	978000	333000	106000	53500	10100	20900	392000	2890000	2290000	56000000	54700	602000	4910000	1020000	99600	87500	19300000	15700	357000	37100	83400000	9660000	495000	80500	9470	359000	35600	144000	2250	2080000	80600	1330000	SI446	SI446	metabolite_183_known
AMP_metabolite_traits	SW92E114	Zea	mays cultivar:B73	SW92E114			114000	611000	88100	226000	907000	157000	199000	15200000	4900000	36200	23800000	9680000	29700000	15700000	10100	215000000	30400000	6090000	8160000	41200000	1120000	29000000	1400000	224000	512000	16400000	5340000	358000	718000	602000	25500000	5820000	92700	794000	1220000	74800	31900000	234000	720	2280000	126000	673000	3380000	62300	5090000	10400000	264000	15200000	2550000	11200	51600000	36500	187000	2740	548000	66100	40300000	29500	5550000	22100000	70000	29500	23100000	102000	1620000	165000	1770000	10900	964000	153000	475000	354000	114000	35000	30100	827	26800	5360	58000	2540000	43200000	9800000	4000000	6270000	38700000	72500	1340	1150000	3730000	1670000	118000	184000	1710000	2480000	986000	928000	23600	1200000	400000	98400	17700000	9820	4240	29600	3540000	73700000	54800	13200000	631000	14600000	357000	210000	68700000	32600000	20100000	1020000	3400000	143000000	353000	12100000	247000	119000	2570000	5790000	443000	137000000	24300000	11800000	122000	44800	11400000	7310000	8640000	11600000	971000	2420	48500000	2620000	2680000	275000	2000000	3120000	27800	14700000	4690000	2350000	21400	1370	5660000	376000	240000000	19400000	14700	1030000	157000000	2960000	4900000	3450000	16700000	418000	152000	54300000	2410000	5050000	83300	62000	9150000	2930000	9790000	93300	2610	6320	198000	302000	43900	1390000	426000	162000	57900000	196000	464000	1280000	1180000	1050000	20200000	14000000	3320	35800	4310000	409000	911000	8120	552000	460000	1040000	711000	3030	18500000	15100000	2670000	10700	5370	1590	24100	6210	163000	22100	680000	119000	272000	60300000	3250000	291000	624000	12700	3000	973000	1140000	235000	153000	78200	360000	64500	1240000	17900000	29200	7500	475000	30100	261000	209000	25700000	5300	636000	4080	128000000	6490000	189000	988	3230	727	45800	4640	5400	169000	15900	266000	SW92E114	SW92E114	metabolite_183_known
AMP_metabolite_traits	SY1032	Zea	mays cultivar:B73	SY1032			27200	985000	159000	107000	381000	46000	0	2080000	3060000	41400	4000000	7810000	39800000	9320000	203000	43700000	6280000	4850000	1550000	29700000	510000	14000000	505000	260000	53900	6600000	3350000	71700	375000	388000	7970000	11500000	5240	1310000	1980000	36800	65700000	242000	6310	174000	100000	273000	3830000	42500	3070000	4010000	76500	1410000	1950000	3630	27800000	523000	109000	5020	162000	28200	25800000	156000	1780000	26300000	104000	73300	18000000	206000	1040000	128000	2920000	77500	233000	87800	365000	962000	39800	88200	129000	0	49900	9050	81100	555000	7900000	3670000	2390000	5730000	24000000	27100	48600	1500000	1480000	753000	82900	8170	53500	694000	1210000	867000	0	302000	274000	48100	3430000	39700	7040	22000	1910000	24800000	159000	5810000	682000	577000	712000	404000	23900000	8630000	2720000	411000	896000	80200000	409000	25400000	115000	145000	2390000	7250000	547000	123000000	73000000	20600000	76500	71200	966000	1860000	9290000	11600000	28400000	18500	70000000	8300000	14100000	760000	5700000	3760000	179000	48400000	7490000	2330000	46600	2850000	2610000	68500	194000000	5150000	355000	7220000	156000000	5250000	6450000	36500	23500000	1460000	484000	52100000	2830000	119000	144000	279000	1410000	768000	246000	2130000	3780000	7410	224000	1080000	80100	166000	175000	281000	38700000	189000	155000	914000	877000	536000	16400000	16600000	53300	283000	5100000	246000	1510000	20000	304000	513000	101000	115000	391000	7060000	8270000	1820000	16400	9320	96900	26900	9080	483000	1810000	1220000	227000	2540	73500000	4570000	463000	782	260000	1490000	2300000	105000	15100	408000	271000	181000	190000	545000	19300000	109000	1770000	798000	80000	3150000	211000	28900000	3180	5360000	45600	72100000	1750000	335000	395000	142000	85700	33200	109000	1030000	661000	145000	596000	SY1032	SY1032	metabolite_183_known
AMP_metabolite_traits	SY1035	Zea	mays cultivar:B73	SY1035			60700	1290000	324000	57300	526000	27600	845000	5380000	1460000	122000	2530000	7700000	34200000	11600000	122000	41100000	11100000	3600000	3780000	35000000	669000	16800000	896000	350000	80100	3440000	4610000	71100	587000	227000	5400000	14600000	30500	1480000	1600000	36600	54300000	270000	0	1070000	84900	742000	7450000	27900	6880000	21900000	993000	22200000	2110000	0	10600000	123000	731000	444000	613000	32300	20800000	1390000	8200000	22800000	220000	28200	17100000	96500	4160000	136000	775000	119000	672000	138000	143000	202000	33200	51500	4210	660	86600	63700	52700	513000	11000000	6470000	3560000	4790000	18700000	112000	12700	1390000	1790000	1260000	940000	176000	40200	1200000	1920000	487000	29700	705000	435000	70000	3530000	22700	12500	14000	4160000	28400000	678000	6390000	238000	676000	850000	397000	16900000	6580000	1490000	409000	2090000	49800000	361000	5930000	258000	287000	4510000	9350000	374000	123000000	94800000	17900000	30100	46900	5830000	8060000	6940000	11600000	11400000	497	35500000	8900000	31200000	7570000	25400000	2640000	14400	36800000	2000000	5680000	1880000	141000	5590000	259000	167000000	4570000	7210000	24000000	150000000	6960000	7230000	47800	25800000	2670000	121000	52300000	1670000	93100	143000	267000	2110000	802000	489000	187000	264000	10300	520000	266000	261000	450000	3030000	230000	34600000	164000	233000	578000	671000	390000	11500000	13200000	3850	114000	2580000	196000	589000	38700	403000	777000	1820000	254000	132000	13500000	6600000	3660000	7070	6550	6330	22400	6510	129000	73100	853000	165000	3060	42900000	2250000	161000	6330	11700	145000	2200000	59100	18100	57600	91000	198000	37800	247000	10200000	104000	28000	951000	82900	2170000	114000	27300000	3480	2240000	5320	93200000	1440000	359000	276000	1640000	327000	43400	346000	20500	1020000	31500	961000	SY1035	SY1035	metabolite_183_known
AMP_metabolite_traits	SY1039	Zea	mays cultivar:B73	SY1039			14900	740000	102000	196000	1350000	103000	224000	2310000	1910000	33900	4010000	8900000	44100000	5610000	35100	44800000	12300000	5480000	3070000	46000000	542000	12300000	593000	375000	164000	12700000	4040000	78100	563000	1070000	5730000	2740000	40500	1580000	1220000	33700	71000000	284000	3990	200000	95300	695000	22000000	28700	3410000	2450000	163000	1690000	2540000	0	2690000	404000	80600	26800	348000	2620	35300000	62100	4210000	23200000	71800	5000	20400000	80600	1450000	301000	779000	125000	796000	258000	337000	435000	102000	39000	3730	0	65300	38200	41400	463000	7550000	2850000	3500000	10400000	27600000	80700	14400	1040000	534000	1330000	307000	146000	81500	2290000	1110000	780000	23000	225000	774000	43500	1870000	9990	4030	20600	3830000	72400000	15700	10500000	743000	8130000	962000	787000	54400000	10200000	4410000	1050000	1920000	44600000	322000	1980000	412000	211000	2970000	3970000	228000	125000000	37400000	14000000	325000	45800	4410000	3030000	10800000	16100000	19000000	5090	44100000	3940000	2660000	247000	6790000	3880000	73000	5180000	6300000	675000	43100	86100	2940000	109000	201000000	20100000	80500	9770000	152000000	8130000	12900000	218000	45400000	155000	33900	67100000	2130000	140000	158000	336000	7060000	1320000	389000	1050000	2880000	8460	213000	1180000	195000	49400	181000	331000	45800000	257000	231000	3600000	1460000	877000	14400000	12200000	24900	23400	1980000	797000	1650000	2450	266000	579000	1030000	203000	580000	8360000	4190000	2990000	9910	5380	10800	26100	2590	74000	18400	1060000	199000	19000	69800000	4140000	147000	10100	36600	8610	3400000	1360000	57600	28600	21200	468000	263000	363000	9060000	61100	29100	536000	23200	1220000	192000	29000000	1670	1660000	9940	128000000	3240000	418000	96400	24400	753	13300	1880	9790	226000	48400	1620000	SY1039	SY1039	metabolite_183_known
AMP_metabolite_traits	SY1052	Zea	mays cultivar:B73	SY1052			96500	1010000	205000	195000	819000	32900	240000	40800000	785000	17400	9840000	9490000	39400000	5250000	22800	102000000	15400000	7130000	331000	41700000	774000	29700000	640000	271000	185000	6220000	3730000	287000	774000	450000	64400000	6230000	137000	1440000	2740000	28900	47700000	344000	3370	545000	70800	297000	6010000	9110	2970000	825000	33100	551000	3780000	2380	13200000	227000	79600	139000	41800	247000	41500000	65900	250000	29500000	78600	14100	15500000	136000	428000	265000	2980000	389000	1190000	152000	275000	2400000	94100	52300	0	483	76600	7800	61400	1100000	25600000	8880000	2610000	7480000	109000000	34100	216	1670000	746000	1090000	457000	81900	1250000	2240000	1130000	1090000	27500	43400	426000	21100	4520000	82600	19900	2870	9120000	85400000	217000	6380000	1400000	1640000	1560000	1070000	41300000	8020000	4170000	669000	1930000	151000000	306000	3630000	143000	240000	4650000	8020000	374000	132000000	31500000	28900000	110000	19800	7590000	2980000	5400000	14200000	963000	10100	28100000	1380000	1270000	155000	1530000	4340000	748000	25200000	4310000	3530000	133000	1510	2030000	260000	187000000	1530000	253000	1150000	143000000	3720000	6100000	760000	21400000	209000	99100	55200000	480000	74000	97900	933000	7320000	986000	1380000	1550000	4710000	7530	159000	410000	79800	324000	305000	357000	86500000	369000	223000	913000	330000	237000	15000000	12600000	15900	6240	2010000	311000	1120000	7970	236000	1070000	690000	489000	1160000	7730000	3670000	3480000	13800	7190	3590	40300	12200	175000	38600	870000	182000	12700	50100000	2600000	277000	32100	35800	21800	269000	13800	56600	194000	170000	287000	141000	669000	11100000	95600	23000	594000	117000	54900	32200	51400000	5510	143000	7750	163000000	4070000	253000	10600	601000	102000	11700	144000	23900	638000	54100	426000	SY1052	SY1052	metabolite_183_known
AMP_metabolite_traits	SY1128	Zea	mays cultivar:B73	SY1128			31200	1400000	62300	414000	768000	79300	353000	1460000	1110000	40000	6450000	9290000	36100000	12000000	22700	32700000	11000000	6760000	568000	46800000	520000	14300000	878000	270000	41800	11100000	2570000	104000	650000	370000	5160000	5250000	113000	1830000	2390000	351000	42800000	282000	2910	264000	99600	582000	25300000	7920	3180000	13400000	401000	19300000	3830000	3810	6860000	409000	34300	21800	23900	20400	38400000	323000	3300000	37300000	163000	240	7760000	88300	1220000	122000	936000	125000	171000	68700	69400	1440000	141000	34500	23100	763	98000	42700	53800	390000	7060000	4410000	2130000	10100000	13600000	102000	469	1170000	1020000	566000	172000	369000	108000	2760000	1060000	929000	47000	337000	479000	40700	3290000	191000	29200	22600	4710000	27200000	236000	4770000	274000	4400000	1370000	651000	34900000	11300000	5160000	753000	1630000	81200000	313000	5190000	239000	169000	3080000	6320000	356000	163000000	81000000	22200000	45500	65400	3010000	1490000	10700000	16300000	31900000	2970	34300000	6700000	25600000	2180000	18200000	4380000	87400	19500000	7600000	1280000	112000	322000	2170000	140000	194000000	5880000	290000	6260000	163000000	6170000	9330000	33500	30900000	1100000	13200	57200000	1450000	405000	130000	327000	2280000	505000	349000	1000000	183000	6230	319000	422000	326000	229000	363000	262000	62400000	1780000	518000	1250000	784000	277000	15600000	14700000	4970	63700	4220000	781000	3140000	130000	217000	249000	1590000	186000	4720	6800000	3950000	1860000	1810	9490	2120	118000	36200	118000	29200	1380000	255000	2960	71300000	4300000	131000	7010	254000	28400	1080000	113000	39300	54000	54900	332000	177000	663000	17000000	143000	28800	1180000	202000	850000	347000	47300000	3570	1800000	11200	146000000	2880000	383000	21000	195000	6870	14700	8750	76100	264000	23900	1110000	SY1128	SY1128	metabolite_183_known
AMP_metabolite_traits	TIAN77	Zea	mays cultivar:B73	TIAN77			21100	1930000	90000	96800	695000	27600	431000	3980000	8920000	73800	3430000	11600000	32300000	10900000	21300	58200000	10200000	9060000	8610000	35700000	736000	14600000	795000	105000	104000	2060000	3850000	93100	766000	591000	15900000	4540000	3900	1590000	1800000	44000	1060000	286000	0	87500	38900	724000	30500	105000	1020000	102000	5130	253000	1540000	3030	8000000	344000	6820000	260000	2400000	15800	37800000	899000	1460000	43900000	99800	1330	18400000	91400	21200	402000	1170000	135000	399000	83200	128000	552000	45300	29400	1140	4590	9120	9450	41400	620000	8570000	4460000	676000	18600000	23600000	107000	2370	1680000	366000	223000	15500	156000	69900	409000	1280000	967000	45700	492000	238000	12100	946000	26000	6310	1590	2980000	21200000	1800000	13100000	892000	2190000	1110000	1380000	23400000	6060000	3390000	632000	1850000	65600000	411000	8780000	141000	207000	3170000	5420000	484000	155000000	5730000	9680000	203000	14400	8390000	5930000	7810000	16400000	2620000	17700	69600000	4030000	543000	55800	825000	3210000	11600	30900000	7160000	45000000	122000	36400	12100000	63200	207000000	9670000	4140000	5530000	172000000	7530000	9840000	173000	36400000	3660000	20200	58700000	1050000	363000	240000	198000	8100000	867000	229000	971000	15600000	10400	382000	619000	83800	1350000	239000	2410000	65700000	85700	191000	1530000	1110000	322000	18500000	19500000	56200	10900	4230000	1090000	2850000	4950	528000	232000	1210000	31700	990000	6650000	3040000	844000	13500	7880	2930	23600	3770	885000	16300	1470000	313000	12000	76200000	4770000	146000	67800	54900	840	999000	17700	46600	54800	33400	243000	1580000	934000	14800000	284000	39100	632000	26700	33900	52600	16200000	3480	53600	11700	113000000	2870000	99000	9240	5380000	2940	31900	6080	35300	31200	12200	171000	TIAN77	TIAN77	metabolite_183_known
AMP_metabolite_traits	TIE7922	Zea	mays cultivar:B73	TIE7922			52300	1770000	233000	376000	829000	252000	723000	3720000	1970000	23700	3910000	14600000	72300000	13200000	59900	61400000	16100000	7800000	1380000	62100000	616000	15100000	1430000	409000	115000	19100000	5570000	142000	1040000	485000	17700000	16700000	66400	2700000	3140000	413000	52100000	336000	0	352000	202000	1760000	1340000	17900	4730000	8730000	334000	13600000	1760000	14700	6560000	429000	74800	174000	62300	13000	59500000	144000	2710000	64300000	197000	8170	11100000	281000	2230000	462000	2350000	226000	1030000	189000	240000	6000000	168000	181000	7100	982	98900	56200	53400	666000	14200000	5670000	3390000	6780000	17800000	239000	900	1960000	1610000	1690000	35800	435000	460000	2180000	2370000	1870000	74600	51900	908000	54800	5300000	5680	1650	5040	4630000	48100000	83300	8380000	610000	7220000	2800000	156000	275000000	17100000	3910000	1200000	1730000	131000000	222000	32200000	589000	122000	1960000	5270000	678000	122000000	39200000	24900000	35000	40100	2830000	2960000	7720000	14700000	3080000	1760	69900000	43900000	1670000	724000	5130000	2100000	72000	10700000	4370000	42400000	24900	29600	37800000	197000	230000000	46800000	2140000	3230000	150000000	16500000	4970000	81400	14400000	1170000	30300	53300000	2370000	7340000	155000	225000	5580000	760000	182000	1350000	24700	6270	1080000	532000	118000	1280000	376000	4630000	86900000	86200	103000	851000	1170000	550000	16300000	9320000	3850	11300	2450000	295000	1920000	5500	590000	147000	646000	539000	420000	4980000	2790000	1660000	7150	3540	3170	24200	4870	288000	9490	1040000	431000	6000	60600000	4460000	168000	3230	17800	4830	616000	36500	37400	68200	41000	201000	138000	1640000	10700000	44600	5340	810000	65700	119000	60800	29100000	994	211000	8000	113000000	3300000	226000	148000	710000	18700	46900	10900	12600	105000	22700	615000	TIE7922	TIE7922	metabolite_183_known
AMP_metabolite_traits	TY1	Zea	mays cultivar:B73	TY1			27800	393000	118000	37100	365000	158000	243000	3590000	4320000	152000	6730000	5010000	16700000	12900000	57200	41200000	11000000	2940000	4640000	36700000	608000	12400000	1190000	220000	64700	9600000	4280000	62900	541000	328000	9560000	3580000	11100	950000	1240000	47800	6830000	339000	0	369000	51800	422000	3270000	34400	4910000	440000	38200	238000	2270000	0	10300000	33600	155000	20900	383000	10600	16800000	77300	5180000	18500000	56200	47600	17200000	87100	93300	308000	1060000	59700	886000	93600	369000	12300	17200	25200	13500	0	34000	14500	16800	287000	7770000	4190000	2960000	8160000	13900000	57100	3280	773000	951000	1020000	232000	161000	596000	2070000	762000	451000	13900	629000	281000	54400	1930000	5580	2020	12800	1460000	51600000	27800	5850000	453000	1110000	1740000	563000	75000000	12200000	3620000	2390000	3370000	78500000	412000	6970000	59300	42600	1460000	3800000	413000	152000000	24100000	16700000	59300	23600	2940000	3760000	7150000	14100000	1360000	1190	84100000	20600000	250000	101000	480000	2160000	2870	14800000	3130000	4760000	79800	16100	11100000	95900	180000000	22500000	81900	6070000	167000000	33200000	9750000	608000	20500000	258000	216000	57600000	5170000	4120000	428000	215000	8610000	1750000	291000	604000	6050	8820	263000	830000	132000	1350000	202000	220000	94100000	70000	273000	1060000	2350000	501000	18800000	8820000	23700	179000	13000000	468000	3020000	1990	582000	370000	735000	1190000	253000	3140000	6800000	2910000	4730	7910	67000	35700	14200	172000	57300	666000	419000	77800	47900000	5030000	375000	49600	298000	4420	2320000	238000	159000	6690	6010	160000	399000	1450000	53700000	42400	26800	650000	14400	899000	3370000	19900000	4860	1290000	11800	85200000	5570000	183000	39000	12800	2460	17300	7270	73400	3750	647	439000	TY1	TY1	metabolite_183_known
AMP_metabolite_traits	TY11	Zea	mays cultivar:B73	TY11			45200	752000	44400	211000	449000	159000	436000	2930000	1260000	131000	8470000	10600000	13600000	12600000	110000	39700000	11700000	7800000	2160000	27500000	770000	9350000	1570000	202000	219000	13000000	3220000	299000	1400000	131000	16000000	7600000	18900	1130000	774000	44300	4160000	356000	3290	366000	84800	540000	567000	11800	4130000	4500000	184000	14700000	1960000	16500	2460000	181000	17700	112000	69100	10900	33600000	31700	2660000	42900000	0	6590	13300000	112000	959000	105000	1250000	119000	427000	104000	168000	1320000	70300	23400	12200	2750	19100	18900	97900	349000	10200000	3800000	2300000	8840000	10600000	62700	8030	899000	659000	387000	220000	89400	719000	1180000	1770000	932000	42200	566000	154000	29400	1130000	3240	1180	986	4340000	69200000	22300	6870000	1270000	8560000	1900000	406000	61500000	12800000	2650000	907000	5960000	40500000	355000	18200000	341000	159000	1400000	4580000	434000	149000000	21600000	19500000	75700	24400	3670000	2570000	5810000	13400000	329000	111000	33700000	4440000	986000	326000	2180000	2510000	44000	4120000	6320000	1540000	280000	2050	3900000	25400	161000000	8640000	239000	4100000	139000000	2560000	4390000	362000	16300000	90400	27500	54100000	1660000	217000	313000	323000	4950000	629000	795000	1590000	41600	9320	187000	614000	96700	1490000	498000	281000	21100000	256000	85400	1220000	972000	312000	21300000	13000000	11100	7480	2500000	618000	1270000	4300	293000	261000	497000	405000	554000	3180000	2750000	1990000	2990	17500	2110	20200	2930	165000	18300	953000	169000	21600	65000000	3650000	170000	8150	42600	980	567000	316000	91800	274000	227000	223000	13000000	857000	8730000	55500	13300	558000	32900	124000	1910000	30800000	2940	486000	4390	138000000	4340000	169000	4460	30600	2280	25600	2820	11100	2800	628	115000	TY11	TY11	metabolite_183_known
AMP_metabolite_traits	TY2	Zea	mays cultivar:B73	TY2			92000	877000	239000	340000	474000	129000	143000	5390000	4050000	117000	6640000	8280000	17100000	11500000	130000	83500000	11000000	7430000	4070000	42500000	911000	16000000	1120000	254000	135000	11100000	3850000	239000	1240000	384000	12000000	12700000	21900	1090000	1320000	59100	15300000	593000	9430	694000	110000	708000	1010000	36800	5930000	7150000	171000	15600000	2350000	4080	10100000	329000	241000	30400	691000	0	38000000	26100	1380000	34300000	89000	126000	19100000	303000	1830000	316000	4440000	106000	572000	95300	261000	7130	122000	91600	25600	0	58000	12500	18800	919000	16300000	6400000	3230000	6170000	14700000	116000	3360	918000	1150000	910000	321000	189000	1350000	1020000	1100000	882000	29000	741000	271000	49600	3790000	8120	11700	10300	1670000	55000000	9680	6790000	679000	7020000	1080000	334000	20100000	14300000	1380000	1240000	1760000	51600000	170000	7340000	56500	131000	2620000	5250000	320000	165000000	11700000	39000000	65000	34800	2640000	2250000	5790000	15800000	575000	606	64600000	15200000	770000	249000	1530000	2270000	7310	5890000	3310000	7320000	89300	15900	10200000	35600	181000000	14000000	55900	1480000	133000000	4800000	5600000	83800	19400000	130000	270000	57600000	1570000	216000	303000	367000	2710000	1060000	1740000	1350000	447000	8200	195000	484000	96600	2290000	387000	81100	28100000	45800	169000	939000	1870000	165000	20200000	9110000	77200	7540	3170000	354000	1010000	2050	537000	308000	772000	1060000	415000	5540000	2690000	1520000	16800	7850	183000	83600	29500	113000	55400	735000	144000	9540	45900000	2510000	350000	2290	466000	323000	1040000	391000	40500	8730	6630	246000	172000	1590000	12300000	15800	90000	500000	15200	123000	36800	17700000	2940	415000	2260	120000000	3370000	174000	12500	11400	2140	19800	8910	43000	415000	76600	235000	TY2	TY2	metabolite_183_known
AMP_metabolite_traits	TY3	Zea	mays cultivar:B73	TY3			45800	1080000	88900	183000	447000	181000	340000	9780000	3880000	203000	6590000	6340000	34000000	8920000	62400	58600000	13500000	4350000	4430000	36000000	802000	17100000	1270000	151000	168000	6740000	3950000	167000	933000	479000	15700000	10600000	5090	769000	1200000	44300	51800000	508000	49800	234000	49700	466000	6290000	29700	4820000	11500000	462000	11500000	1500000	12100	6430000	150000	80800	62200	240000	1220	24100000	26200	1910000	28200000	0	173000	25100000	180000	3280000	192000	2230000	148000	702000	220000	327000	13300	103000	52300	7150	545	24300	12200	77500	591000	15400000	6610000	2480000	4320000	15900000	110000	1590	788000	649000	633000	85900	79700	859000	771000	1150000	546000	0	440000	355000	54100	2240000	55600	10500	15800	1470000	59800000	39000	6210000	209000	6200000	1200000	1500000	30500000	19400000	2090000	906000	2490000	63600000	400000	8770000	109000	101000	2700000	5840000	387000	163000000	63800000	23100000	495000	498000	1780000	2170000	6290000	21900000	14200000	12500	77000000	3940000	12100000	954000	17400000	2220000	100000	8490000	2390000	5980000	87500	3780	14400000	21600	191000000	28100000	40000	5010000	121000000	4420000	5700000	40100	21100000	378000	450000	57600000	1640000	446000	276000	488000	4810000	1420000	899000	2230000	5360	7390	169000	743000	98100	3670000	379000	141000	35300000	27200	303000	1520000	3220000	227000	15900000	8100000	53200	165000	3020000	428000	962000	47800	289000	156000	753000	916000	505000	4000000	3840000	1960000	4910	7740	52400	43900	15200	239000	32500	644000	123000	6870	53800000	2850000	411000	372	311000	38400	1730000	153000	33700	11000	11000	396000	230000	929000	10800000	120000	27100	621000	101000	2860000	8910000	24400000	1140	7360000	5390	104000000	3140000	184000	5300	6870	2490	20400	8490	335000	57500	9300	432000	TY3	TY3	metabolite_183_known
AMP_metabolite_traits	TY4	Zea	mays cultivar:B73	TY4			42700	858000	176000	168000	541000	203000	287000	8370000	3700000	166000	7110000	7040000	38100000	9080000	25500	54500000	12200000	4720000	3290000	40300000	859000	16300000	873000	64900	94400	6290000	4390000	195000	1200000	524000	14000000	14800000	18800	1030000	1540000	32800	30800000	358000	17600	270000	111000	765000	6270000	42700	3650000	378000	14100	362000	1480000	420	4040000	153000	157000	64100	264000	8330	25100000	25400	1060000	40100000	106000	140000	23100000	282000	107000	344000	2720000	168000	1010000	246000	313000	43600	76700	63100	1250	488	18500	12900	93400	578000	12900000	6440000	1680000	5930000	23200000	173000	883	805000	1210000	372000	140000	173000	1740000	801000	1120000	680000	18000	344000	316000	33500	3210000	9450	3820	5330	2010000	39900000	19200	8130000	229000	4720000	1470000	1050000	18600000	11400000	2460000	485000	1730000	68300000	364000	8280000	102000	172000	1480000	4420000	576000	150000000	6790000	16700000	83000	62800	1740000	1430000	7250000	14200000	1380000	1960	65700000	1610000	159000	37000	164000	2570000	3370	4950000	3140000	6850000	144000	83800	9340000	33700	189000000	12700000	17700	1070000	118000000	4680000	5470000	80100	19600000	107000	320000	54600000	1760000	148000	244000	428000	4210000	1010000	251000	154000	8910	6380	139000	410000	67400	2060000	173000	210000	41800000	62400	199000	2970000	2010000	187000	11400000	6610000	467000	8110	2550000	385000	517000	4280	141000	613000	713000	732000	239000	3890000	2860000	1460000	10000	7060	2030000	54700	11700	149000	577000	866000	179000	8570	60700000	3190000	393000	690	1110000	772000	833000	145000	48500	5530	3910	253000	22900	905000	6760000	182000	225000	591000	6290	46700	1940000	24700000	2760	289000	5780	118000000	6470000	192000	62800	7350	970	22900	4840	79800	589000	73200	585000	TY4	TY4	metabolite_183_known
AMP_metabolite_traits	TY5	Zea	mays cultivar:B73	TY5			42500	719000	144000	165000	459000	154000	0	4460000	5370000	112000	8280000	8850000	16100000	12800000	73400	58200000	11900000	8040000	4910000	35000000	711000	10100000	980000	141000	202000	7420000	3580000	145000	815000	281000	11100000	5130000	40500	589000	1210000	24900	28200000	268000	213000	859000	81100	946000	7360000	62900	8150000	30100000	2130000	38200000	2720000	34200	17800000	126000	178000	76100	450000	34100	42400000	80200	4720000	42300000	164000	185000	19900000	206000	9260000	246000	2480000	114000	227000	71900	274000	374000	85900	56100	66100	782	48600	9290	30400	613000	13400000	4990000	2760000	5250000	13600000	91500	5470	764000	656000	530000	110000	115000	549000	1010000	1150000	1040000	41500	1440000	290000	49900	1800000	165000	176000	7110	1110000	65400000	5790	5920000	441000	2570000	1110000	343000	20800000	18100000	2380000	1090000	2930000	43200000	244000	7630000	208000	87800	1230000	3700000	384000	127000000	81400000	14400000	480000	380000	2290000	2140000	6130000	14600000	11100000	11500	71300000	27400000	13500000	2090000	16500000	2420000	146000	12500000	8400000	3340000	173000	8220	6770000	21000	199000000	10300000	82000	8460000	154000000	4070000	6590000	49400	23800000	65400	379000	53900000	2500000	244000	305000	189000	5030000	976000	205000	4760000	61100	7710	124000	561000	71500	2660000	796000	219000	49400000	405000	179000	915000	1530000	240000	15200000	9020000	46700	38400	5200000	520000	2510000	46100	282000	95900	617000	635000	359000	2330000	3210000	1900000	6570	6210	53800	46000	13000	109000	49500	939000	157000	4820	62600000	3370000	400000	1510	278000	43400	2090000	485000	44400	60700	65300	277000	243000	1430000	22000000	50600	17800	686000	198000	454000	5730000	13700000	1570	1140000	11800	129000000	3080000	185000	11400	9560	1850	18900	2010	123000	58700	10500	482000	TY5	TY5	metabolite_183_known
AMP_metabolite_traits	TY6	Zea	mays cultivar:B73	TY6			67900	619000	144000	185000	306000	145000	303000	8970000	1650000	61600	6590000	7590000	34500000	11300000	23700	117000000	12100000	4210000	1380000	33800000	905000	21000000	1290000	331000	83200	5190000	4170000	251000	1150000	347000	16500000	24500000	38600	1040000	940000	41000	31200000	319000	154000	317000	47300	438000	6650000	12000	7700000	1680000	132000	2130000	1800000	3350	4460000	105000	51500	56900	95100	52700	20900000	38600	557000	46500000	208000	551000	14900000	184000	457000	160000	2680000	79000	537000	98000	269000	349000	98600	2060	3240	0	51000	26800	171000	1240000	23500000	8130000	4320000	7920000	18700000	31600	2420	876000	2720000	981000	173000	103000	90800	1140000	1410000	513000	28300	187000	368000	104000	6350000	65900	49000	6530	2080000	35200000	59100	7270000	436000	3690000	866000	1200000	71900000	10400000	3230000	890000	1610000	103000000	395000	35300000	227000	26700	3310000	2420000	506000	173000000	13100000	11900000	344000	51500	9090000	5530000	8330000	16400000	13900000	13100	45700000	22600000	2620000	561000	2400000	16500000	88000	5720000	10700000	1760000	35000	14000	4700000	129000	204000000	13800000	32400	1690000	158000000	11200000	7260000	371000	24200000	25100	196000	57300000	2750000	321000	89300	124000	4120000	498000	1180000	2030000	30300000	7370	677000	450000	120000	2430000	178000	409000	35300000	1270000	149000	2760000	1310000	373000	19000000	4100000	107000	29900	6360000	627000	4530000	8250	867000	350000	763000	94000	117000	1640000	8000000	1020000	168000	12000	62200	119000	33200	269000	38800	2420000	466000	85900	66100000	3990000	367000	12500	53800	44300	1210000	65900	42900	241000	230000	345000	836000	1280000	43600000	5240000	27400	584000	32600	101000	824000	8920000	599	186000	9860	64100000	2940000	231000	12700	25200	615	11300	6310	29200	55400	9870	767000	TY6	TY6	metabolite_183_known
AMP_metabolite_traits	U8112	Zea	mays cultivar:B73	U8112			82000	725000	62000	93500	456000	111000	878000	4710000	4380000	131000	6450000	6360000	43400000	5430000	1070000	26000000	5170000	5520000	7270000	32700000	978000	11800000	1580000	388000	184000	3720000	2540000	322000	929000	219000	17100000	14200000	8160	852000	1130000	16000	58200000	437000	2670	725000	92300	346000	1750000	49900	5870000	3400000	166000	3400000	1410000	25200	3960000	181000	623000	26600	1410000	25600	24400000	578000	7820000	23700000	86300	4510	16700000	346000	1840000	86900	4160000	72400	1080000	217000	297000	3530000	44800	40600	4110	0	19200	65100	65100	234000	6780000	3320000	3420000	10100000	8740000	34900	242000	951000	1580000	1150000	277000	90600	23800	778000	1710000	615000	29800	210000	706000	54100	2490000	13100	1850	7940	2900000	58300000	143000	8800000	229000	1350000	577000	248000	7960000	8000000	1720000	441000	1250000	41100000	165000	4430000	21100	120000	1900000	8040000	356000	158000000	18500000	41500000	253000	22300	2460000	2860000	5410000	12400000	982000	18000	54800000	6500000	745000	249000	2930000	2550000	50700	2700000	4140000	19000000	55800	12900	24300000	16000	191000000	36900000	1850000	7950000	129000000	4850000	4520000	108000	14900000	260000	60600	56300000	1140000	151000	153000	319000	2770000	1200000	4260000	1210000	8280000	6700	358000	314000	101000	400000	240000	562000	19700000	528000	106000	1290000	1980000	404000	22100000	9950000	4900	11300	2170000	223000	606000	6450	660000	196000	970000	468000	419000	14100000	6460000	1550000	7990	10900	2790	35700	13100	156000	8550	1570000	290000	10500	52200000	2770000	138000	17300	18900	12000	1170000	9490	36300	48100	58600	200000	153000	890000	6530000	15700	29700	1480000	219000	337000	26100	26500000	1310	271000	3580	91800000	2550000	263000	4040	471000	68300	11800	32800	21400	78100	21800	218000	U8112	U8112	metabolite_183_known
AMP_metabolite_traits	W138	Zea	mays cultivar:B73	W138			33000	801000	95200	337000	715000	58800	686000	18400000	2230000	157000	7020000	5120000	42500000	7240000	6810	78000000	9930000	3100000	2880000	35000000	611000	13100000	1450000	144000	191000	2640000	4170000	178000	726000	227000	16600000	5570000	382	758000	1360000	41400	5370000	538000	0	599000	70500	760000	563000	22400	2200000	130000	2010	376000	1260000	0	5420000	195000	503000	124000	469000	12800	19000000	112000	1840000	54200000	127000	5170	20600000	130000	90500	374000	1890000	93800	470000	85400	64700	2590000	122000	186000	92800	471	54800	16000	48100	882000	9710000	4240000	1530000	6400000	31000000	82700	0	1220000	1040000	813000	152000	106000	43200	945000	1310000	486000	13600	184000	207000	36500	2750000	16000	11000	30200	4180000	62300000	92900	21500000	246000	9810000	519000	467000	20200000	13600000	2090000	1390000	1700000	56800000	326000	12300000	238000	74600	2510000	6210000	268000	130000000	19300000	10300000	44400	24000	5360000	4930000	7480000	13500000	258000	492	56000000	8730000	413000	29700	590000	1500000	20800	8800000	3320000	11700000	483000	20600	10300000	10400	189000000	10900000	377000	3560000	130000000	2990000	5440000	51000	19500000	35800	15200	56900000	778000	226000	126000	237000	2170000	276000	1900000	1740000	471000	30200	299000	245000	81500	9930	268000	187000	52200000	4000000	325000	1700000	1720000	180000	18600000	9210000	5190	55800	4540000	405000	2610000	1940	404000	207000	676000	62500	932000	4950000	3110000	2780000	3890	14000	4450	19500	4530	183000	35900	618000	115000	6280	51100000	2840000	148000	787	294000	6990	1660000	241000	39200	76700	85200	187000	300000	562000	19000000	67300	17200	587000	10100	4440000	98500	27700000	731	5280000	3530	121000000	3230000	385000	63600	67000	361	15500	13700	3910	130000	28700	674000	W138	W138	metabolite_183_known
AMP_metabolite_traits	WH413	Zea	mays cultivar:B73	WH413			30100	1740000	32400	33400	435000	42000	0	15600000	9280000	190000	2530000	8260000	24400000	7810000	17300	55000000	10900000	5860000	6720000	35800000	527000	10400000	1020000	312000	202000	12800000	4970000	87000	650000	746000	14900000	6660000	1780	1220000	1850000	342000	1290000	324000	2520	285000	82400	505000	107000	110000	1390000	26300	15700	44500	909000	0	10500000	141000	1110000	118000	1390000	45900	41100000	398000	2220000	21800000	0	29100	7920000	180000	91000	278000	2200000	262000	1470000	92800	125000	37700	14600	0	0	16300	26700	20000	0	531000	7290000	3790000	2020000	5930000	34400000	53500	797	1080000	563000	438000	203000	135000	0	482000	1250000	1010000	26100	733000	608000	57300	1370000	22500	14100	4630	1850000	56200000	142000	21500000	29600	5220000	2390000	60900	6970000	9100000	1190000	256000	1120000	35400000	257000	6350000	79000	149000	1690000	4980000	525000	130000000	3620000	23100000	724000	101000	2120000	1900000	9450000	16400000	313000	5650	67400000	5780000	232000	99200	701000	1780000	12600	16000000	9880000	6350000	355000	1340	6700000	67700	179000000	4610000	1870000	3100000	136000000	3510000	5720000	4280000	19300000	3100000	211000	58500000	376000	252000	112000	457000	6740000	709000	236000	183000	72600	5970	220000	224000	66200	159000	227000	516000	33200000	75100	347000	1720000	674000	270000	21600000	22500000	4620	21100	3430000	483000	1260000	2620	1480000	1620000	1380000	5940	407000	12300000	4500000	864000	27600	6800	2400	41500	11300	528000	13400	621000	107000	1370000	42400000	2280000	445000	1960000	135000	14500	3310000	43600	390000	7970	8150	168000	44600	419000	9780000	20500	19400	716000	146000	67700	33500	28000000	1660	107000	3990	107000000	5600000	95600	4050	273000	364	28100	5670	25400	495000	76900	117000	WH413	WH413	metabolite_183_known
AMP_metabolite_traits	WU109	Zea	mays cultivar:B73	WU109			76100	1260000	30300	16700	347000	11200	0	4590000	3800000	242000	3130000	3780000	19600000	6590000	15500	85700000	8860000	6360000	7980000	29400000	414000	17700000	1210000	112000	322000	7410000	2530000	202000	1110000	520000	11500000	10400000	12700	724000	1290000	40100	1620000	414000	454	133000	76400	556000	2120000	37600	2120000	195000	21600	268000	1470000	1900	3910000	263000	3730000	43300	1940000	3200	20700000	789000	1590000	11600000	36500	20800	15900000	142000	92800	133000	892000	137000	818000	141000	132000	1630000	6270	107000	0	0	12000	5600	37700	1000000	15600000	6840000	920000	8690000	27600000	45800	7730	1400000	384000	552000	202000	80900	22100	726000	997000	507000	16800	1280000	427000	14500	1290000	5230	15300	3880	2390000	57200000	1250000	6070000	172000	610000	1780000	285000	20300000	10100000	5030000	872000	3450000	76300000	342000	30200000	146000	300000	4150000	4780000	379000	122000000	11700000	19100000	60000	28000	3070000	2980000	12300000	14900000	947000	1370	58400000	15300000	807000	401000	1500000	2510000	12900	7870000	4450000	35500000	181000	17100	10300000	7030	194000000	5500000	6630000	1640000	152000000	1910000	4840000	245000	16800000	312000	82700	55900000	2630000	480000	140000	541000	6080000	689000	22700	389000	7290	6920	220000	380000	46900	27100	403000	1820000	54000000	307000	169000	1060000	776000	472000	14100000	13300000	10300	33300	4030000	549000	1370000	5000	604000	1690000	1070000	268	451000	4460000	5420000	2090000	11100	8200	4480	21200	5470	139000	14300	1100000	190000	7530	63400000	3530000	213000	49800	226000	30000	1210000	388000	48600	195000	193000	234000	10400	499000	14300000	61100	38500	632000	181000	112000	61000	28800000	2480	908000	9150	71100000	3020000	193000	73000	8810000	9610	34600	79300	87700	394000	48000	323000	WU109	WU109	metabolite_183_known
AMP_metabolite_traits	XI502	Zea	mays cultivar:B73	XI502			82500	1780000	172000	141000	339000	10400	1890000	2790000	2240000	64800	1710000	28700000	37900000	5550000	76900	52900000	6170000	8620000	6930000	36300000	559000	12200000	673000	89200	146000	19500000	2800000	131000	672000	201000	12800000	1790000	3440	823000	1620000	43200	532000	299000	0	55100	104000	501000	71600	30000	378000	57900	8080	185000	2280000	229	4020000	852000	562000	151000	996000	195000	38500000	49700	4560000	74300000	418000	7430	20600000	90900	28700	124000	1150000	238000	275000	113000	186000	79000	107000	302000	46800	2120	46000	13500	2110	485000	6300000	3310000	442000	4550000	12200000	80100	5000	1400000	306000	304000	20600	303000	9550	801000	1090000	1210000	79100	679000	191000	12600	619000	17800	1580	2230	2830000	26000000	35800	11500000	412000	23700000	1430000	0	0	0	0	0	0	0	0	0	0	0	0	0	0	0	0	0	0	0	0	0	0	0	0	0	0	0	0	0	0	0	0	0	0	0	0	0	0	0	0	0	0	0	0	0	0	0	0	0	0	0	0	0	0	0	0	0	0	0	0	0	0	0	0	0	0	0	0	0	0	0	0	0	0	0	0	0	0	0	0	0	0	0	0	0	0	0	0	0	0	0	0	0	0	0	0	0	0	0	0	0	0	0	0	0	0	0	0	0	0	0	0	0	0	0	0	0	0	0	0	0	0	0	0	0	0	0	0	0	0	0	0	0	0	0	0	XI502	XI502	metabolite_183_known
AMP_metabolite_traits	XUN971	Zea	mays cultivar:B73	XUN971			55500	843000	50200	246000	396000	41400	87900	2200000	2010000	32300	4780000	0	35500000	5670000	151000	33400000	11100000	2380000	2140000	34100000	481000	13700000	702000	140000	77700	8090000	2310000	125000	537000	355000	10200000	4160000	60800	795000	1360000	57000	35900000	212000	4920	251000	37200	421000	15600000	17600	2530000	3130000	267000	3900000	3070000	8300	4720000	24800	109000	4330	201000	7930	15800000	77500	509000	12000000	23300	7930	20200000	94800	262000	129000	1980000	165000	356000	135000	309000	667000	143000	39400	195000	1770	54500	4750	50400	215000	12300000	5030000	2050000	6740000	19200000	200000	8580	1120000	351000	514000	27800	88600	2240	1910000	771000	338000	10100	46700	247000	43100	1450000	4810	2120	8120	6040000	31300000	87600	3610000	1040000	6330000	1560000	428000	27600000	15000000	4640000	336000	2290000	21600000	317000	6270000	175000	78000	1500000	4510000	375000	120000000	93700000	13800000	41900	25700	1690000	1310000	6490000	15500000	35500000	956	26300000	6420000	10900000	1260000	14500000	3050000	151000	13900000	2620000	1650000	69700	3690	4000000	177000	182000000	10500000	217000	1660000	111000000	2530000	4030000	143000	14400000	1450000	21800	52900000	2170000	149000	161000	285000	1650000	787000	3270000	2800000	503000	7610	267000	481000	110000	739000	296000	214000	52400000	357000	179000	941000	977000	483000	13900000	11200000	5960	115000	2900000	116000	1200000	29600	277000	151000	482000	16000	303000	4410000	5860000	1710000	8370	4990	4050	18100	3050	801000	21200	795000	150000	6310	48700000	2750000	232000	2400	15300	4840	353000	139000	55200	16200	18800	275000	2420000	1800000	9960000	32800	7950	522000	11300	2080000	163000	50200000	1920	2150000	21100	103000000	3110000	238000	5400	23400	822	25400	1990	6230	99100	16600	124000	XUN971	XUN971	metabolite_183_known
AMP_metabolite_traits	XZ698	Zea	mays cultivar:B73	XZ698			57400	649000	85700	63100	460000	40200	157000	2970000	1780000	39000	16900000	6080000	29200000	12600000	41200	69800000	15800000	5410000	820000	30900000	1490000	32900000	1490000	336000	97100	12800000	3880000	231000	563000	243000	15800000	11000000	555000	828000	916000	34400	13400000	662000	14000	386000	87600	497000	8940000	15600	8950000	2820000	326000	7910000	2280000	116000	2690000	1960000	182000	3920	119000	4020	23900000	1490000	5680000	42500000	64500	55800	21300000	210000	4300000	79200	2910000	87600	300000	88200	247000	766000	36200	10400	4160	457	26300	9490	78600	774000	34400000	10800000	4300000	7030000	26400000	31800	1010	1560000	2230000	2170000	25200	133000	99100	943000	1080000	732000	36700	82000	611000	96300	6670000	737000	215000	2580	3900000	35100000	1890000	3960000	219000	2000000	1380000	676000	141000000	25000000	16400000	1310000	3740000	84200000	178000	5710000	3390000	176000	1290000	5400000	421000	134000000	76500000	21500000	55400	36400	4180000	4970000	8100000	13300000	44000000	887	42400000	31300000	35500000	3380000	59800000	3510000	3650000	5510000	13000000	7650000	11400	1540	2800000	51300	221000000	3800000	2610000	11900000	184000000	25100000	10100000	53000	22600000	276000	142000	54600000	5730000	1420000	144000	176000	3280000	769000	841000	2090000	9480	5950	301000	1860000	51400	696000	624000	838000	168000000	147000	146000	1580000	504000	230000	18300000	14900000	1610	26500	4250000	629000	2980000	1230000	783000	92300	689000	5250	240000	234000	3350000	2540000	3610	10000	4030	24800	3040	880000	27200	1120000	330000	5380	63500000	4730000	392000	2030	36400	47900	330000	412000	27800	83000	89200	675000	417000	1070000	24100000	70700	22500	1210000	276000	1860000	742000	39300000	5180	1900000	12800	129000000	2860000	125000	2390	1600000	77400	13500	73600	457000	37500	3140	88200	XZ698	XZ698	metabolite_183_known
AMP_metabolite_traits	YE478	Zea	mays cultivar:B73	YE478			25000	812000	85500	210000	740000	62200	545000	2300000	2450000	49300	9080000	11000000	26900000	9900000	149000	38000000	13600000	5580000	4360000	41000000	602000	11100000	959000	147000	99000	4480000	3200000	85300	420000	461000	9780000	10200000	188000	1840000	1960000	25900	72700000	259000	3330	350000	165000	613000	1540000	22500	3050000	3390000	95800	10700000	4460000	20000	19500000	210000	247000	5250	483000	4220	52100000	99600	2640000	28800000	0	3380	23100000	163000	278000	210000	3170000	204000	470000	272000	450000	311000	95600	78500	165000	20500	58400	5960	54100	386000	10200000	4900000	2240000	13000000	20400000	136000	2220	1610000	731000	1170000	129000	201000	71900	1430000	1280000	1240000	38700	301000	330000	31700	2410000	11100	547	32100	4750000	54400000	6400	6090000	1080000	1760000	1840000	876000	13000000	22200000	4060000	229000	1450000	21000000	301000	11500000	213000	79900	2790000	6900000	475000	129000000	82800000	9770000	31100	14000	2460000	2570000	5940000	13600000	2400000	305	31400000	4790000	1370000	209000	2420000	4580000	75400	10200000	5440000	3940000	58900	1310	7850000	210000	246000000	28400000	96500	3760000	132000000	3230000	5790000	111000	20000000	2490000	23200	52500000	1160000	121000	181000	448000	1570000	1240000	8410000	2220000	800000	6300	229000	567000	188000	513000	299000	135000	44600000	284000	434000	1200000	1170000	512000	17100000	15000000	3130	42700	2470000	175000	1340000	8870	523000	183000	967000	108000	700000	9550000	4190000	4090000	23300	6210	2460	26500	3540	401000	24100	1380000	231000	17200	69200000	4000000	143000	11600	22800	10200	494000	44500	62000	39200	24200	291000	28400	2050000	9420000	26800	8240	553000	14800	660000	41900	40500000	365	733000	8070	109000000	3640000	432000	1750	5710	3220	28700	4580	7080	465000	57700	564000	YE478	YE478	metabolite_183_known
AMP_metabolite_traits	YE515	Zea	mays cultivar:B73	YE515			33600	1100000	104000	351000	716000	131000	242000	1820000	5400000	91800	1180000	14400000	42000000	4650000	176000	61700000	3750000	4840000	5170000	33900000	269000	12900000	373000	89600	75000	3800000	2830000	144000	769000	286000	17200000	2500000	51300	896000	1610000	27600	18600000	254000	214	379000	94000	470000	4440000	50300	1280000	34400000	2360000	33800000	1530000	19800	53400000	500000	161000	117000	420000	56900	31300000	436000	12800000	37700000	145000	6590	17000000	113000	6870000	113000	1170000	135000	360000	158000	410000	417000	166000	74300	27100	1450	85500	4680	14500	684000	7220000	3510000	995000	4270000	23100000	58500	12200	1120000	1080000	380000	84200	168000	10200	1230000	2040000	683000	28000	982000	331000	21400	2670000	16000	2240	3740	4180000	29700000	92700	9290000	909000	2260000	2040000	546000	10700000	9800000	1370000	725000	3120000	37700000	339000	4350000	176000	154000	2370000	8330000	432000	136000000	25200000	19800000	63600	34900	2160000	3290000	9710000	13600000	6750000	6940	76300000	3170000	4520000	1370000	15800000	2070000	146000	6180000	4170000	9040000	284000	140000	8980000	26200	164000000	12700000	1550000	26700000	151000000	6660000	4200000	1210000	15200000	4460000	35700	54900000	533000	278000	240000	364000	5050000	1650000	434000	1140000	32400	6970	305000	360000	66300	1290000	808000	202000	38600000	193000	403000	979000	2110000	344000	18300000	8760000	17900	13600	3570000	565000	1660000	9810	829000	388000	1420000	20600	709000	14000000	2280000	1580000	26700	16900	5760	30300	4860	104000	22200	642000	126000	43500	37600000	2130000	350000	18200	46600	12900	2440000	18800	105000	117000	124000	368000	1010000	828000	10600000	25400	21000	630000	30800	52100	29700	19700000	358	210000	3170	42300000	4230000	178000	134000	366000	931	67900	8870	50900	271000	43000	1340000	YE515	YE515	metabolite_183_known
AMP_metabolite_traits	YE52106	Zea	mays cultivar:B73	YE52106			30000	1130000	77500	266000	539000	3230	125000	2830000	4460000	108000	2630000	3430000	49600000	10400000	8160	79100000	6330000	2710000	3050000	50600000	754000	13100000	516000	145000	45200	4440000	2580000	109000	698000	425000	8940000	7540000	155000	859000	1370000	35700	118000000	382000	25600	111000	80500	462000	2780000	52600	980000	6040000	310000	32900000	1240000	14900	364000	60600	705000	0	363000	6160	15600000	65500	4310000	17300000	29100	591000	30700000	99500	1500000	441000	1800000	199000	715000	136000	407000	8980000	142000	113000	0	0	60700	23800	110000	862000	5510000	2940000	1220000	9570000	17900000	64900	430	1240000	1250000	583000	54400	141000	212000	746000	1470000	380000	15500	32500	557000	37000	2830000	73400	34500	6150	3790000	16000000	119000	6810000	400000	8060000	1580000	207000	42900000	9400000	954000	592000	2140000	54300000	374000	11500000	594000	217000	2020000	5340000	453000	139000000	70900000	15500000	180000	458000	1230000	1620000	8550000	12600000	2370000	5900	52900000	27900000	3790000	478000	37000000	2710000	226000	1410000	2780000	15800000	10800	253000	8470000	54500	184000000	13800000	1420000	8060000	128000000	12900000	3930000	92900	15800000	533000	2680000	56400000	5330000	2920000	226000	823000	3200000	1660000	4920000	241000	1910000	5510	551000	570000	119000	214000	351000	2690000	82800000	7840000	501000	1420000	1020000	313000	13200000	10400000	4320	6680	5510000	325000	1860000	6750	1090000	190000	1370000	6490	1040000	8580000	6630000	1700000	69200	4330	4250	101000	33200	729000	12800	894000	298000	6380	47700000	3500000	1340000	4790	12700	50000	146000	7590	47300	1910000	2940000	351000	2850000	964000	19000000	48400	45000	700000	247000	446000	145000	22500000	3540	539000	3170	23700000	3280000	346000	54300	236000	25800	5160	28300	4470	113000	11700	810000	YE52106	YE52106	metabolite_183_known
AMP_metabolite_traits	YE8001	Zea	mays cultivar:B73	YE8001			48600	966000	55800	260000	622000	176000	0	2330000	1390000	25200	2010000	15400000	48900000	9800000	34400	110000000	12600000	7940000	1600000	33400000	354000	14600000	630000	71000	40100	4030000	1970000	218000	1390000	279000	6020000	494000	56600	1370000	1950000	36900	73400000	245000	5010	189000	94700	374000	9520000	12200	2920000	16300000	722000	21800000	2350000	8290	9460000	44300	81000	3090	164000	39900	60100000	104000	7840000	34800000	85100	18100	17500000	17000	4160000	223000	276000	133000	445000	124000	233000	458000	167000	60500	71000	982	50300	12300	220000	1250000	6950000	3890000	872000	8540000	141000000	68300	8710	1220000	729000	352000	2010000	85800	7360	1230000	846000	1150000	0	45800	492000	15500	2560000	171000	43200	11300	3050000	19300000	34100	4300000	265000	1660000	1670000	166000	18600000	8240000	5420000	594000	2600000	30900000	331000	838000	158000	107000	2570000	8660000	399000	120000000	29300000	7750000	303000	25900	1130000	2000000	9370000	14500000	5930000	10200	19500000	3850000	2620000	344000	7240000	3210000	55300	4790000	6970000	733000	8410	1460	1170000	486000	209000000	3250000	74500	4860000	173000000	4820000	7430000	1160000	27500000	1150000	43400	67100000	1690000	159000	184000	441000	5000000	771000	477000	1130000	8490000	8400	469000	475000	250000	221000	286000	108000	53900000	424000	433000	1210000	543000	751000	10800000	12900000	11100	25300	2110000	234000	675000	6010	1190000	2240000	997000	49800	524000	20200000	14100000	3080000	53900	8450	2590	31900	5560	111000	15900	2120000	415000	319000	93800000	6320000	200000	179000	100000	51200	73700	120000	137000	17900	22900	467000	784000	978000	8200000	33800	24100	568000	192000	978000	39300	36100000	3370	1330000	3910	64300000	6260000	479000	6810	27900	1920	16400	2530	3940	1030000	101000	977000	YE8001	YE8001	metabolite_183_known
AMP_metabolite_traits	YU374	Zea	mays cultivar:B73	YU374			21900	1430000	35600	15400	1180000	35800	262000	6200000	1960000	16600	7600000	14900000	34300000	15700000	69100	68200000	13100000	7000000	1740000	42100000	545000	11900000	1410000	192000	104000	9080000	26900000	97600	554000	225000	7920000	10900000	22100	1420000	1300000	330000	13300000	243000	9830	432000	68400	857000	584000	21300	11300000	179000	25400	554000	2510000	0	8950000	65300	331000	3650	156000	53400	56500000	1400000	1760000	32400000	141000	217000	7590000	174000	422000	433000	1660000	122000	303000	147000	288000	143000	1270	59600	120000	839	57800	26800	20600	698000	8610000	4070000	2740000	6130000	12700000	70000	809	785000	1600000	1110000	168000	282000	103000	1050000	1090000	1170000	64300	133000	319000	47500	5280000	238000	63100	11900	3510000	36700000	2160000	7020000	206000	2820000	2110000	330000	39400000	50200000	1620000	676000	1880000	31700000	349000	17200000	147000	237000	3210000	6560000	362000	139000000	19200000	13800000	61200	48400	5190000	5290000	7260000	21500000	705000	1490	44500000	39700000	2690000	493000	4340000	2010000	58100	25200000	4180000	7060000	35400	9790	2780000	12300	198000000	5800000	4580000	3650000	148000000	3610000	7030000	52200	25900000	631000	506000	56100000	1390000	330000	140000	246000	1920000	573000	312000	2710000	4550	7630	397000	301000	80000	10700	1820000	314000	19900000	72400	309000	1550000	734000	323000	11400000	8230000	7680	62000	5080000	393000	2000000	11400	774000	403000	2240000	2100	10900	4690000	3930000	1570000	39000	9730	5170	57000	18400	237000	31200	1110000	188000	8810	70100000	4300000	740000	4660	60000	38300	1080000	309000	46100	59600	38600	188000	23800	1080000	22500000	103000	44200	789000	171000	1980000	168000	26100000	6900	1990000	5560	69900000	3140000	307000	59400	5190000	370000	51300	207000	50800	292000	32600	304000	YU374	YU374	metabolite_183_known
AMP_metabolite_traits	Z2018F	Zea	mays cultivar:B73	Z2018F			14600	643000	71100	227000	1110000	52400	434000	2300000	2070000	41700	1580000	15700000	26400000	7710000	22600	28500000	9990000	5470000	1500000	36900000	464000	9420000	533000	123000	55200	18100000	2420000	47600	504000	345000	8950000	5430000	25200	1140000	1370000	18900	12200000	241000	0	162000	130000	712000	2280000	27100	2040000	14600000	368000	12000000	1920000	0	2800000	497000	309000	53700	220000	17300	32000000	101000	971000	35700000	124000	9820	20500000	150000	1800000	352000	2000000	270000	121000	118000	175000	69200	120000	41100	5140	1010	24800	20900	830	296000	6190000	2950000	1760000	12100000	8130000	114000	885	1150000	729000	338000	40400	176000	119000	972000	1200000	1090000	18900	189000	258000	34600	1790000	9270	1130	1380	4580000	24600000	61700	10000000	181000	4830000	1050000	400000	47100000	7610000	5810000	466000	1280000	58100000	335000	4110000	99900	163000	1850000	6220000	177000	122000000	8130000	8900000	20800	25200	1370000	1110000	7930000	10300000	975000	1160	39000000	5840000	1710000	414000	3750000	2200000	29800	18400000	4180000	9240000	272000	885	4380000	80100	175000000	3330000	428000	1920000	126000000	2870000	5160000	225000	16300000	398000	39800	60300000	1810000	444000	230000	408000	727000	629000	196000	326000	167000	7590	170000	392000	99200	235000	575000	565000	36000000	141000	80600	1090000	547000	413000	21400000	16800000	4730	14900	2860000	180000	1440000	4270	192000	82600	959000	452000	650000	4800000	7870000	1030000	3830	7770	2180	22300	1900	94300	13100	624000	109000	11600	45700000	2410000	138000	990	19500	537	267000	39900	49700	18000	28200	175000	172000	967000	8860000	29000	4030	586000	17200	21400	305000	31300000	962	31900	2210	75400000	2780000	193000	2510	142000	3440	19900	8250	2620	26500	3810	126000	Z2018F	Z2018F	metabolite_183_known
AMP_metabolite_traits	ZAC546	Zea	mays cultivar:B73	ZAC546			22100	1090000	182000	266000	700000	158000	545000	2740000	1720000	47600	3690000	9900000	18000000	6930000	170000	40700000	4030000	6730000	2190000	31100000	376000	11200000	854000	123000	72000	7940000	3160000	65400	293000	401000	10100000	5880000	13000	913000	1570000	44600	731000	298000	19200	139000	96400	584000	5330000	27000	2050000	3320000	390000	6100000	1400000	4410	2160000	105000	38200	145000	119000	196000	36200000	686000	5960000	31900000	123000	46300	21000000	78900	144000	213000	1040000	65900	139000	261000	509000	283000	134000	88200	234000	1300	61300	29400	21500	425000	9880000	5720000	1620000	5840000	35800000	87000	0	593000	1260000	417000	58600	202000	91800	985000	1450000	782000	25800	76100	232000	27000	2660000	337000	69200	4070	1610000	31700000	281000	6940000	1130000	2780000	1090000	322000	39000000	4610000	1570000	600000	1300000	60600000	436000	10500000	155000	103000	2890000	8000000	1530000	138000000	8940000	15000000	102000	79900	573000	1490000	10000000	2250000	6160000	3270	56600000	10800000	2220000	1110000	3580000	2000000	40400	4330000	4810000	3580000	699000	16600	5510000	301000	194000000	6880000	1120000	27400000	144000000	9130000	7310000	155000	25900000	4420000	236000	53600000	1560000	826000	176000	83100	1230000	1640000	916000	37100000	6700000	7410	454000	389000	311000	19400	201000	801000	46600000	519000	557000	1310000	1150000	345000	18600000	5560000	45800	14000	14600000	1080000	8260000	11900	620000	397000	1670000	108000	81600	6210000	5390000	4270000	19900	13500	27600	59700	20100	413000	58400	1010000	242000	18000	63200000	4010000	114000	10700	73700	211000	786000	32900	16900	62600	88500	231000	296000	471000	64200000	113000	177000	1400000	378000	382000	56900	10600000	14900	1160000	6470	46700000	976000	183000	44400	1200000	34300	46900	60200	331000	1150000	69000	418000	ZAC546	ZAC546	metabolite_183_known
AMP_metabolite_traits	ZB648	Zea	mays cultivar:B73	ZB648			40600	1040000	41100	155000	448000	28200	251000	11900000	643000	33600	6030000	12900000	19100000	6800000	11400	36700000	6750000	6280000	2630000	32400000	549000	12400000	1030000	162000	166000	8290000	2620000	77600	735000	97100	9250000	3810000	11300	879000	1250000	93100	2310000	393000	1680	410000	60200	525000	1000000	9300	1480000	64300	6680	192000	1900000	1170	20400000	850000	82700	5340	305000	2080	35200000	62800	5160000	30800000	73200	53700	22900000	73400	33500	109000	618000	129000	638000	114000	462000	49400	137000	33900	6170	553	51800	40300	52800	272000	6820000	5290000	1630000	6340000	13600000	69400	8980	1360000	1090000	939000	33600	97100	25500	2040000	2150000	946000	33600	87900	358000	32100	2380000	178000	71100	2470	3410000	48300000	4660	6490000	756000	2330000	1030000	933000	19900000	7520000	3100000	525000	2400000	80900000	528000	18300000	234000	69000	1650000	6760000	612000	160000000	13400000	13400000	133000	16400	9280000	15800000	12200000	8730000	1270000	31400	51400000	2810000	85300	32700	57900	1880000	3510	30000000	8110000	8040000	36200	5790	17100000	30800	202000000	23200000	823000	26000000	161000000	10300000	5740000	108000	26000000	589000	115000	55700000	1850000	482000	111000	154000	5100000	489000	1160000	78300	540000	7270	634000	691000	158000	157000	99200	307000	46600000	65500	119000	353000	1460000	259000	18500000	13600000	4580	11600	7790000	1350000	4840000	2890	597000	231000	662000	25800	105000	5120000	6800000	15700000	19000	4220	2360	34600	12300	170000	16600	1730000	420000	11400	99200000	6870000	106000	1710	33900	204000	844000	170000	10300	23900	29300	341000	679000	473000	35800000	110000	81400	1470000	789000	156000	55000	18900000	18100	859000	8610	103000000	675000	144000	22200	64000	73700	11000	112000	128000	1210000	75900	228000	ZB648	ZB648	metabolite_183_known
AMP_metabolite_traits	ZH68	Zea	mays cultivar:B73	ZH68			104000	921000	82300	303000	442000	52800	1270000	8900000	3370000	40000	3440000	9080000	42300000	3960000	245000	34100000	5640000	5620000	2840000	32900000	580000	12000000	1200000	549000	210000	7510000	2370000	280000	783000	160000	11500000	15300000	31200	847000	1710000	35000	30000000	438000	1400	1310000	76000	600000	2750000	44300	4030000	10300000	375000	14400000	3360000	4440	6370000	307000	315000	66000	471000	10400	37200000	154000	3340000	42800000	82200	3430	16900000	302000	1430000	125000	3960000	168000	1690000	302000	264000	1840000	145000	116000	81400	7090	53700	19000	61100	297000	10400000	3990000	4310000	8120000	9900000	82700	41500	1310000	1060000	1090000	59900	147000	0	938000	1310000	904000	0	78000	297000	67500	4250000	5660	1040	1380	2800000	64400000	74700	7210000	187000	4380000	943000	0	0	0	0	0	0	0	0	0	0	0	0	0	0	0	0	0	0	0	0	0	0	0	0	0	0	0	0	0	0	0	0	0	0	0	0	0	0	0	0	0	0	0	0	0	0	0	0	0	0	0	0	0	0	0	0	0	0	0	0	0	0	0	0	0	0	0	0	0	0	0	0	0	0	0	0	0	0	0	0	0	0	0	0	0	0	0	0	0	0	0	0	0	0	0	0	0	0	0	0	0	0	0	0	0	0	0	0	0	0	0	0	0	0	0	0	0	0	0	0	0	0	0	0	0	0	0	0	0	0	0	0	0	0	0	0	ZH68	ZH68	metabolite_183_known
AMP_metabolite_traits	ZHENG28	Zea	mays cultivar:B73	ZHENG28			22000	777000	94800	560000	604000	66700	146000	2180000	1550000	47200	6040000	4600000	20100000	9930000	41800	34300000	8540000	4210000	2530000	44700000	549000	10200000	712000	153000	35600	3760000	2820000	76400	972000	257000	7660000	11000000	168000	1000000	1370000	53900	63900000	146000	850000	145000	43300	539000	2170000	14100	5100000	4450000	206000	15500000	1740000	20300	1480000	16800	140000	1330	470000	0	25600000	28900	1710000	18400000	0	1430000	19000000	147000	1120000	229000	1740000	100000	233000	176000	628000	213000	328000	9890	30700	0	101000	7220	23400	325000	7440000	4530000	2310000	4970000	10400000	82500	3440	1160000	1520000	871000	157000	198000	21000	1750000	1270000	465000	16600	29300	510000	37600	3690000	2530000	935000	3390	2940000	11400000	19800	4680000	833000	2660000	958000	241000	20500000	6090000	2160000	396000	1930000	34900000	366000	8320000	60800	202000	1900000	5750000	466000	148000000	44200000	12500000	4850000	3170000	2520000	1740000	6740000	10500000	7920000	430000	52600000	26300000	31000000	1360000	10200000	2190000	23800	50800000	2140000	11100000	18100	223000	11200000	17200	154000000	13700000	56400	1300000	143000000	4880000	3970000	619000	14500000	694000	4820000	54800000	1390000	151000	97400	197000	1130000	1260000	4070000	1460000	1090000	7330	339000	366000	86900	822000	338000	219000	30200000	65600	274000	1300000	1170000	220000	16200000	16900000	43900	192000	3300000	571000	1160000	22300	595000	762000	1640000	79900	580000	5790000	4060000	2070000	235000	5750	49500	452000	182000	281000	50200	687000	163000	79400	35100000	1960000	4490000	106000	94700	190000	631000	52700	71900	39600	45400	192000	186000	665000	8020000	82900	154000	2710000	2480000	689000	94300	25600000	83500	552000	7520	70100000	3570000	149000	160000	12000	69300	29900	89100	6530	448000	23700	404000	ZHENG28	ZHENG28	metabolite_183_known
AMP_metabolite_traits	ZHENG29	Zea	mays cultivar:B73	ZHENG29			22700	715000	192000	211000	461000	76000	0	1100000	6860000	253000	6440000	11200000	25600000	20400000	2620	31000000	11500000	9060000	3450000	38400000	473000	10700000	516000	92000	18000	4450000	2350000	71000	748000	241000	8160000	5190000	14100	1500000	2300000	349000	6680000	209000	5720	168000	131000	947000	793000	69700	1500000	214000	15400	145000	1870000	0	3520000	491000	2540000	0	1610000	4670	44100000	1490000	4850000	85200000	0	46800	6600000	107000	38000	321000	1690000	172000	218000	342000	429000	770000	115000	122000	8840	0	68000	4120	40500	303000	4740000	2600000	926000	7870000	17500000	119000	469	1020000	490000	250000	332000	192000	366000	890000	1340000	1010000	43100	239000	377000	25900	1130000	130000	51000	8180	4970000	4070000	164000	4330000	283000	7630000	1460000	259000	16400000	5430000	4710000	354000	1320000	54100000	407000	30900000	102000	201000	3690000	8610000	410000	134000000	2690000	13500000	207000	38700	1360000	2040000	7010000	9290000	513000	19600	95900000	4200000	299000	122000	106000	6890000	7510	8550000	6000000	48000000	11500	37500	61000000	67200	199000000	42100000	2650000	2490000	171000000	10800000	6100000	157000	20400000	161000	77500	54500000	4480000	287000	138000	263000	2510000	727000	2300000	960000	13300000	7240	323000	1520000	161000	176000	126000	1000000	46700000	308000	230000	360000	3050000	421000	19100000	13000000	23500	5980	2660000	397000	1280000	4740	1050000	272000	1740000	212000	4630	15000000	6790000	1810000	73800	6000	3550	34000	13400	204000	16700	3290000	750000	45900	65400000	4430000	188000	36400	14900	87100	1420000	34200	14900	105000	165000	238000	388000	554000	13000000	291000	38000	799000	167000	25500	24600	25100000	2750	66900	43800	14000000	919000	264000	21700	499000	32500	3010	104000	14600	415000	31300	245000	ZHENG29	ZHENG29	metabolite_183_known
AMP_metabolite_traits	ZHENG30	Zea	mays cultivar:B73	ZHENG30			44400	531000	67600	554000	463000	102000	157000	3820000	3770000	192000	12000000	6660000	12900000	10000000	73000	27000000	13400000	5280000	2740000	38900000	1050000	10300000	811000	167000	139000	15700000	2690000	162000	939000	505000	8570000	8320000	331000	740000	1120000	38200	12700000	390000	27500	416000	88700	661000	2030000	45200	11500000	7900000	87900	33600000	3050000	28600	18800000	277000	133000	12500	236000	0	31800000	315000	18500000	30800000	58600	114000	23100000	130000	714000	229000	1300000	210000	354000	190000	282000	95700	264000	58600	9010	505	74400	14600	105000	267000	9140000	4610000	2370000	8740000	9930000	85200	7660	1040000	732000	967000	433000	171000	80500	1850000	1220000	791000	19700	1080000	567000	27500	1790000	8430000	3260000	8920	2070000	53400000	78900	5860000	482000	1720000	1450000	492000	32100000	10800000	3350000	486000	2260000	81100000	352000	19100000	369000	124000	1580000	5220000	397000	139000000	35200000	9810000	325000	272000	4130000	3660000	8870000	13600000	6740000	2380	68800000	27400000	9250000	1120000	21700000	1910000	210000	47100000	4070000	2070000	10900	14200	3020000	29100	189000000	3790000	448000	29100000	140000000	9580000	4880000	152000	18400000	639000	389000	58100000	3220000	2290000	285000	301000	1740000	879000	300000	16600	51500	8090	528000	254000	156000	707000	1040000	215000	27500000	199000	175000	2070000	833000	182000	14600000	11700000	11700	34400	5650000	799000	3610000	9080	269000	2480000	954000	62000	927000	4660000	2070000	2000000	47200	8770	3650	89400	26900	381000	80400	890000	284000	17600	67800000	3750000	479000	4450	89100	44600	826000	93200	58500	49000	51000	396000	161000	1740000	16900000	40700	550000	20300000	30400000	345000	145000	24500000	855000	1010000	3300	65900000	4460000	276000	67400	59400	878000	19800	452000	879000	1930	218	402000	ZHENG30	ZHENG30	metabolite_183_known
AMP_metabolite_traits	ZHENG32	Zea	mays cultivar:B73	ZHENG32			51700	723000	43800	367000	584000	34600	169000	2290000	5920000	148000	5300000	8050000	55300000	4950000	43000	64500000	9930000	5370000	7190000	38900000	364000	10100000	415000	493000	74400	3300000	2360000	151000	469000	386000	8940000	25600000	36900	1620000	1350000	48400	73400000	492000	3380	106000	43500	541000	3280000	49700	14000000	22300000	608000	28400000	1840000	15800	8210000	267000	385000	20500	720000	3890	24400000	1310000	5360000	30200000	80300	5140	18000000	200000	8650000	220000	4930000	144000	430000	131000	216000	10100000	205000	114000	2180	0	66800	12700	67000	740000	11500000	3700000	5880000	7370000	14900000	62800	4710	1280000	1100000	1350000	375000	150000	0	1180000	1140000	946000	36000	386000	674000	65500	2840000	11900	16000	25400	3500000	29700000	654000	2630000	926000	6240000	1220000	1640000	25600000	10700000	6080000	579000	1820000	30400000	384000	16400000	44700	68100	2810000	5050000	323000	164000000	71900000	14200000	1380000	100000	3810000	3040000	5420000	12700000	11700000	2440	76100000	16400000	37800000	2210000	44600000	2570000	553000	38000000	14600000	31000000	95100	1010	25700000	24600	220000000	30600000	1490000	18500000	158000000	3330000	4960000	374000	16700000	1470000	17200	51500000	1390000	399000	143000	351000	4580000	702000	3920000	222000	3730	4990	208000	876000	82500	532000	846000	2390000	65100000	2240000	206000	1720000	906000	452000	16600000	13000000	9240	278000	2500000	487000	2340000	129000	324000	494000	524000	116000	510000	5710000	3000000	1720000	3990	7190	3900	24700	3080	587000	13900	919000	152000	24200	45200000	2330000	138000	10000	27000	9430	8530000	157000	68100	312000	193000	322000	363000	901000	9500000	40800	12600	530000	474000	5040000	405000	35300000	1660	3200000	5460	141000000	3370000	203000	796	436000	7320	27000	5650	39600	254000	20700	140000	ZHENG32	ZHENG32	metabolite_183_known
AMP_metabolite_traits	ZHENG35	Zea	mays cultivar:B73	ZHENG35			40500	585000	57600	274000	638000	27200	615000	568000	2650000	118000	5100000	9540000	33200000	12300000	32500	35300000	9290000	8030000	1410000	33000000	460000	13000000	651000	276000	20000	9150000	3220000	78000	510000	157000	3700000	7960000	25600	1470000	2320000	40500	18000000	281000	880	490000	88400	655000	2700000	26800	4990000	129000	1380	110000	2730000	281	3850000	238000	653000	8410	263000	3610	34300000	1230000	4880000	56100000	162000	62400	18500000	175000	23100	134000	1690000	237000	180000	293000	638000	505000	164000	86200	53900	964	72100	10300	59600	272000	7490000	3340000	2490000	7090000	18100000	65900	13600	1420000	663000	595000	298000	136000	162000	705000	2130000	735000	0	236000	234000	44600	2520000	60100	52500	8010	4710000	9930000	538000	4190000	413000	823000	1830000	397000	48800000	14700000	3400000	246000	1420000	26000000	345000	8660000	61200	222000	3200000	9380000	570000	114000000	1790000	19600000	200000	54900	2480000	4540000	5210000	12400000	779000	7980	74000000	2050000	90400	22600	17800	2660000	2720	1600000	3040000	70000000	11600	35900	48500000	20900	211000000	37400000	2150000	941000	151000000	5030000	5240000	45900	18100000	445000	24300	55300000	2230000	168000	125000	376000	1240000	583000	11100000	398000	197000	6790	291000	665000	84400	177000	163000	559000	37100000	257000	189000	1490000	1350000	237000	18400000	8790000	3270	12900	1700000	166000	236000	2660	800000	101000	1130000	309000	699000	22100000	5190000	1170000	15600	6110	3770	31800	4430	112000	21300	1560000	337000	4960	52000000	2940000	126000	2030	15000	21700	112000	18500	37400	156000	202000	186000	196000	607000	6180000	20800	11400	478000	74700	25200	19600	41800000	1000	53500	7430	34500000	2810000	246000	663	341000	26400	7280	108000	21800	71200	4810	202000	ZHENG35	ZHENG35	metabolite_183_known
AMP_metabolite_traits	ZHENG653	Zea	mays cultivar:B73	ZHENG653			25100	1150000	266000	228000	1180000	97900	363000	1570000	3880000	229000	6090000	8850000	36100000	13900000	24200	38700000	11200000	7990000	1240000	43300000	503000	11700000	684000	119000	26600	5030000	2890000	84100	1170000	243000	9170000	5840000	14100	1540000	2640000	329000	53300000	206000	6750	45200	75300	1340000	1310000	47500	2010000	1730000	141000	1510000	2100000	1760	4390000	199000	807000	0	267000	86000	38700000	348000	5290000	39600000	77800	42500	7340000	92000	449000	381000	1220000	182000	152000	112000	218000	116000	115000	72000	18800	0	56900	39200	26100	395000	6130000	3910000	335000	9200000	19400000	164000	1210	979000	924000	340000	248000	209000	45800	1360000	1380000	1030000	53100	163000	341000	22900	2150000	1900000	405000	12700	6210000	6760000	1440000	5580000	266000	25200000	1030000	247000	21600000	8320000	4330000	508000	2050000	42200000	291000	10700000	183000	197000	4070000	8280000	383000	136000000	79200000	10900000	60700	95800	1200000	1080000	6620000	17200000	12700000	1340	58500000	3540000	5920000	371000	3550000	2750000	32000	33400000	5750000	4390000	8640	22500	3520000	502000	203000000	5000000	1890000	10500000	170000000	2930000	6180000	197000	22200000	436000	125000	54600000	2330000	118000	312000	280000	1000000	567000	584000	4460000	1510000	8780	200000	542000	242000	197000	381000	665000	34000000	121000	234000	1270000	927000	380000	13400000	17900000	18600	247000	2850000	242000	2470000	68200	603000	263000	1030000	74600	1010000	11100000	5790000	2010000	13000	10400	70400	24600	6920	149000	680000	1170000	198000	6280	73800000	4010000	216000	21700	29300	77100	1790000	46300	62500	6150	4960	241000	17300	725000	9500000	55600	281000	6120000	2710000	3600000	185000	36900000	130000	2980000	15200	63600000	3550000	365000	14500	2190000	60100	26200	481000	142000	108000	13000	470000	ZHENG653	ZHENG653	metabolite_183_known
AMP_metabolite_traits	ZHI41	Zea	mays cultivar:B73	ZHI41			37900	665000	119000	36100	589000	158000	460000	12600000	4630000	153000	4180000	12400000	25900000	6000000	467000	43900000	9950000	6880000	5240000	38800000	1070000	13900000	1350000	175000	155000	7600000	4420000	106000	623000	822000	15700000	9310000	100000	1420000	897000	41400	12100000	271000	169000	319000	119000	817000	78100	49400	1160000	943000	121000	3050000	1970000	3870	11100000	119000	3200000	8930	1590000	0	42300000	1130000	5060000	47900000	148000	2710000	16900000	130000	301000	231000	1660000	148000	477000	59800	84300	323000	15500	41300	80400	541000	96900	23200	35600	514000	8980000	4430000	2500000	5860000	17000000	65400	54100	856000	502000	824000	508000	268000	3770	385000	916000	927000	61800	1400000	799000	24100	2070000	163000	41000	30500	1930000	60200000	2340000	7570000	25100	5440000	1300000	631000	21700000	16200000	2420000	591000	2720000	103000000	468000	8960000	166000	99900	2350000	6250000	568000	145000000	57100000	21700000	673000	1180000	4740000	6250000	7120000	17200000	253000	81100	75100000	1640000	765000	522000	1010000	2170000	10000	31500000	1990000	25700000	26500	101000	11900000	211000	167000000	19900000	4890000	7540000	149000000	5510000	6570000	869000	27300000	11200000	7240000	51600000	2210000	276000	120000	216000	1530000	715000	634000	165000	4290000	7710	191000	216000	198000	3270000	135000	1280000	42100000	102000	278000	3330000	1410000	186000	23200000	12300000	33400	63700	2980000	830000	1550000	4150	524000	891000	1700000	10100	1380000	11700000	5260000	1950000	256000	5210	43000	318000	145000	338000	58700	700000	150000	55200	55100000	3550000	4870000	251000	1610000	155000	3310000	153000	10800	23000	40500	249000	134000	384000	13600000	81500	50400	1890000	583000	2070000	217000	17100000	3080	2780000	1930	98200000	751000	5330	264000	3620000	205000	26200	47100	1060000	2980000	256000	25100	ZHI41	ZHI41	metabolite_183_known
AMP_metabolite_traits	ZHONG69	Zea	mays cultivar:B73	ZHONG69			68300	828000	204000	316000	372000	56300	0	1260000	2490000	74800	2670000	9650000	45600000	8820000	97400	108000000	10200000	7790000	3500000	38200000	472000	17400000	573000	213000	69900	5890000	2570000	100000	742000	404000	5880000	9780000	20200	639000	1790000	30300	44100000	387000	4410	150000	88200	281000	2520000	20400	3860000	33800000	1660000	38600000	2230000	4970	7510000	202000	409000	148000	213000	2520	34200000	1040000	4520000	24000000	0	7280	22200000	255000	4140000	352000	3960000	71400	209000	62700	136000	113000	212000	18700	5630	378	37200	13700	117000	1090000	11400000	4830000	1750000	7100000	10600000	21800	3770	1780000	1670000	530000	19700	186000	6530000	944000	1460000	956000	46500	765000	469000	43800	5520000	66600	51200	7420	2960000	27400000	822000	4260000	379000	2790000	951000	324000	13700000	9430000	1870000	825000	2140000	62100000	412000	7100000	140000	192000	1930000	8750000	447000	123000000	35700000	30300000	81100	37200	1210000	1390000	7600000	16900000	19500000	2780	70200000	2700000	15600000	2350000	21700000	2360000	80800	8520000	5370000	5880000	359000	32000	8910000	76200	203000000	15100000	2620000	9590000	159000000	1960000	4880000	233000	17600000	1730000	24800	57900000	894000	245000	793000	364000	1710000	450000	617000	1610000	176000	8930	176000	308000	71800	325000	623000	418000	48800000	125000	312000	1350000	1910000	288000	15200000	18000000	5430	10300	2860000	611000	414000	25100	342000	181000	1780000	3840	552000	4900000	7880000	1670000	8450	8220	4980	23400	4020	232000	36700	1300000	225000	63800	77000000	4160000	219000	7600	19800	4410	1090000	181000	44300	20600	18100	312000	207000	742000	9920000	53400	9980	539000	74800	236000	45600	22200000	4070	493000	5680	62000000	2970000	395000	74000	1390000	20200	40200	4130	5890	141000	16000	442000	ZHONG69	ZHONG69	metabolite_183_known
AMP_metabolite_traits	ZONG31	Zea	mays cultivar:B73	ZONG31			35700	687000	148000	225000	573000	94500	390000	8040000	432000	26900	11500000	9370000	33600000	8360000	1250000	165000000	20500000	5480000	535000	33800000	747000	25400000	1590000	326000	141000	11900000	3340000	195000	805000	961000	12700000	8520000	75800	904000	2120000	25400	8590000	312000	1510	498000	131000	834000	10300000	4220	11200000	1360000	47900	1760000	2410000	4640	23000000	848000	15300	7240	24100	7830	37000000	151000	9220000	43300000	96900	5610	21400000	212000	666000	271000	2270000	83400	357000	147000	154000	200000	114000	24500	68200	8810	75800	10600	123000	2090000	35800000	8800000	3920000	4730000	24600000	110000	136000	1440000	1160000	1900000	47500	138000	48200	1990000	1260000	852000	29700	30200	1070000	64300	4190000	55400	11700	20000	3320000	54400000	13800	6560000	352000	1660000	1200000	628000	109000000	9940000	1980000	1240000	4580000	67200000	519000	13200000	288000	141000	2360000	9630000	408000	175000000	7280000	22400000	123000	33800	2130000	3720000	13200000	17100000	2840000	2440	31600000	4110000	137000	17600	299000	2920000	9930	5680000	13500000	413000	37300	10800	1190000	30800	223000000	5150000	958000	18200000	169000000	7620000	6730000	95900	22600000	1770000	53700	54200000	2760000	204000	269000	157000	2550000	1280000	113000	533000	918000	5350	435000	580000	107000	3920000	87200	454000	66200000	697000	825000	1790000	838000	354000	13500000	12400000	5740	9980	2830000	1640000	2540000	2530	958000	393000	1190000	96900	38900	6080000	5120000	4850000	24300	8290	3650	25500	6580	155000	26300	1640000	347000	10200	77400000	4600000	289000	3940	63500	246000	435000	90400	52200	263000	287000	734000	142000	203000	14800000	938000	49600	597000	75800	219000	50500	7820000	1270	895000	10800	75900000	3240000	371000	14400	91600	23800	10900	61500	276000	378000	23400	860000	ZONG31	ZONG31	metabolite_183_known
AMP_metabolite_traits	ZZ01	Zea	mays cultivar:B73	ZZ01			21700	729000	209000	472000	752000	103000	239000	13900000	2130000	198000	8340000	6250000	21500000	13400000	221000	45600000	13600000	6130000	3780000	33400000	653000	13400000	1490000	102000	161000	15300000	4660000	101000	463000	404000	14900000	6710000	99500	816000	1140000	39700	11400000	334000	6320	593000	131000	736000	10500000	19500	2590000	265000	11400	301000	1150000	0	12000000	344000	740000	486	1030000	9990	26900000	267000	19500000	26500000	57400	253000	17600000	132000	46300	212000	1320000	109000	193000	87500	128000	145000	223000	0	35000	46200	21200	38300	86300	466000	10500000	5120000	2790000	6500000	22900000	154000	8890	1410000	1090000	1080000	337000	226000	184000	1190000	1220000	731000	25400	149000	526000	36200	2520000	1060000	250000	10100	2000000	54200000	201000	10700000	744000	5600000	1450000	593000	14700000	11000000	1610000	349000	1300000	62800000	466000	11200000	332000	96200	2170000	5150000	528000	146000000	83400000	15500000	64400	110000	2690000	4440000	8600000	9430000	21900000	4130	64200000	9080000	600000	75400	617000	1250000	15600	43400000	4360000	20500000	24800	29800	25800000	169000	180000000	22300000	3620000	30100000	131000000	3460000	5150000	91800	18600000	2050000	638000	56200000	2380000	259000	151000	147000	2260000	552000	1710000	4530000	17600	8200	310000	248000	466000	2200000	175000	798000	46300000	93100	426000	616000	1910000	173000	13900000	10500000	110000	189000	6600000	1670000	2810000	1510	515000	1230000	1230000	9760	3480000	7500000	5750000	8630000	2830	7700	360000	17900	5260	306000	1490000	690000	174000	3370	51800000	3010000	370000	664	11600	2470000	1160000	35600	10600	26700	33800	385000	142000	585000	33300000	89100	1080000	8200000	4010000	4910000	339000	11000000	86100	7140000	19500	92300000	1010000	275000	39000	1290000	512000	81000	180000	38300	5170000	286000	1270000	ZZ01	ZZ01	metabolite_183_known
AMP_metabolite_traits	ZZ03	Zea	mays cultivar:B73	ZZ03			14400	618000	35600	354000	666000	47700	168000	2380000	3200000	163000	5740000	6660000	22800000	8780000	132000	26300000	6100000	5010000	2520000	30700000	969000	12100000	1070000	214000	134000	14300000	3290000	102000	606000	541000	3640000	5290000	146000	628000	1290000	366000	35700000	206000	28800	631000	112000	822000	1780000	32400	14900000	7990000	94600	13100000	1490000	14800	12400000	195000	95200	4230	229000	3910	27700000	421000	22500000	26000000	0	99900	6340000	137000	1240000	118000	1060000	56300	457000	149000	211000	45700	208000	36800	8880	1010	79800	38600	205000	196000	8160000	4790000	2470000	5810000	6160000	88000	33300	1330000	865000	1290000	586000	136000	62700	939000	1220000	761000	48700	887000	1190000	54000	2600000	11200000	3570000	7320	1830000	44500000	57300	4390000	463000	2500000	632000	1500000	76100000	11300000	2060000	882000	1780000	89200000	412000	27200000	668000	113000	1850000	6760000	565000	148000000	58700000	15200000	140000	159000	5570000	5120000	6510000	15700000	12600000	2160	68600000	37300000	22500000	1170000	52900000	2310000	794000	47700000	4880000	5730000	11100	44900	6780000	38800	190000000	6650000	1460000	54800000	160000000	27300000	7980000	211000	16600000	1680000	540000	55200000	7400000	2160000	265000	240000	1840000	679000	631000	77700	68400	5560	702000	325000	125000	1440000	845000	313000	19100000	37400	163000	1150000	1400000	227000	16900000	12500000	5690	36800	2910000	890000	3300000	24600	373000	1350000	1240000	56100	906000	2300000	2280000	2520000	13800	8860	5170	69300	22800	521000	63200	769000	557000	22900	56700000	4980000	576000	5810	125000	43500	3850000	140000	61200	29900	33800	411000	27400	1910000	11300000	63900	170000	12700000	13900000	721000	314000	18500000	329000	1880000	4610	99900000	4370000	247000	134000	163000	904000	60500	472000	982000	3060	719	310000	ZZ03	ZZ03	metabolite_183_known
