trait	locus_id	candidate_gene_id	lead_snps	min_p_value	min_q_value_bh	best_significance_rank	best_relation	min_distance_to_gene_bp	has_ridge_attribution_support	gene_description	gene_biotype	annotation_source	best_significance_class	functional_keyword_class
agri_aa_oil__Oil_C16_0	agri_aa_oil__Oil_C16_0__L068	Zm00001d045383	1	7.764919e-17	1.5518656516640003e-11	0	gene_body	0	False	 deoxy xylulose synthase3	protein_coding	Ensembl Plants release 47 B73 RefGen_v4 GFF3	bonferroni_0_05	
agri_aa_oil__Oil_C16_0	agri_aa_oil__Oil_C16_0__L052	Zm00001d036982	1	1.386503e-08	0.00069275235892	0	gene_body	0	True	 linoleic acid1	protein_coding	Ensembl Plants release 47 B73 RefGen_v4 GFF3	bonferroni_0_05	fatty_acid_lipid
agri_aa_oil__Oil_C16_0	agri_aa_oil__Oil_C16_0__L006	Zm00001d031002	1	8.227436e-08	0.0032886048984319	0	gene_body	0	True	Tetratricopeptide repeat (TPR)-like superfamily protein	protein_coding	Ensembl Plants release 47 B73 RefGen_v4 GFF3	bonferroni_0_05	
agri_aa_oil__Oil_C16_0	agri_aa_oil__Oil_C16_0__L034	Zm00001d049510	1	2.209856e-07	0.0040150270976	0	gene_body	0	False	Putative cellulose synthase-like family protein  	protein_coding	Ensembl Plants release 47 B73 RefGen_v4 GFF3	bonferroni_0_05	
agri_aa_oil__Oil_C16_0	agri_aa_oil__Oil_C16_0__L033	Zm00001d049442	1	3.763461e-07	0.00552841267488	1	cis_window	6677	True	Polyadenylation and cleavage factor homolog 5	protein_coding	Ensembl Plants release 47 B73 RefGen_v4 GFF3	fdr_0_05	
agri_aa_oil__Oil_C16_0	agri_aa_oil__Oil_C16_0__L060	Zm00001d021214	1	3.979572e-07	0.00552841267488	1	promoter	0	False	Ethylene-responsive transcription factor RAP2-11	protein_coding	Ensembl Plants release 47 B73 RefGen_v4 GFF3	fdr_0_05	hormone_stress_regulatory
agri_aa_oil__Oil_C16_0	agri_aa_oil__Oil_C16_0__L071	Zm00001d047166	1	4.149297e-07	0.00552841267488	1	gene_body	0	False	Cystathionine gamma-synthase 1 chloroplastic	protein_coding	Ensembl Plants release 47 B73 RefGen_v4 GFF3	fdr_0_05	
agri_aa_oil__Oil_C16_0	agri_aa_oil__Oil_C16_0__L060	Zm00001d021162	1	6.921142e-07	0.0072801671344842	1	gene_body	0	True	polymerase delta 4	protein_coding	Ensembl Plants release 47 B73 RefGen_v4 GFF3	fdr_0_05	
agri_aa_oil__Oil_C16_0	agri_aa_oil__Oil_C16_0__L050	Zm00001d036608	1	1.39327e-06	0.013922668456	1	gene_body	0	False	Glycosyl hydrolases family 31  protein	protein_coding	Ensembl Plants release 47 B73 RefGen_v4 GFF3	fdr_0_05	
agri_aa_oil__Oil_C16_0	agri_aa_oil__Oil_C16_0__L040	Zm00001d013111	1	2.189659e-06	0.0190268038740869	1	cis_window	73	False	DnaJ protein  	protein_coding	Ensembl Plants release 47 B73 RefGen_v4 GFF3	fdr_0_05	
agri_aa_oil__Oil_C16_0	agri_aa_oil__Oil_C16_0__L068	Zm00001d045389	1	2.508584e-06	0.02005422255616	1	gene_body	0	False	Putative pentatricopeptide repeat-containing protein  mitochondrial	protein_coding	Ensembl Plants release 47 B73 RefGen_v4 GFF3	fdr_0_05	
agri_aa_oil__Oil_C16_0	agri_aa_oil__Oil_C16_0__L044	Zm00001d013849	1	2.837298e-06	0.021809654964923	1	cis_window	5032	True	Trihelix transcription factor GT-2	protein_coding	Ensembl Plants release 47 B73 RefGen_v4 GFF3	fdr_0_05	hormone_stress_regulatory
agri_aa_oil__Oil_C16_0	agri_aa_oil__Oil_C16_0__L058	Zm00001d020206	1	4.227652e-06	0.0298974116869333	1	nearest	195787	False	3-ketoacyl-CoA synthase  	protein_coding	Ensembl Plants release 47 B73 RefGen_v4 GFF3	fdr_0_05	fatty_acid_lipid
agri_aa_oil__Oil_C16_0	agri_aa_oil__Oil_C16_0__L019	Zm00001d005450	1	4.414325e-06	0.0298974116869333	1	gene_body	0	False	PTI1-like tyrosine-protein kinase 3	protein_coding	Ensembl Plants release 47 B73 RefGen_v4 GFF3	fdr_0_05	
agri_aa_oil__Oil_C16_0	agri_aa_oil__Oil_C16_0__L070	Zm00001d047102	1	4.487843e-06	0.0298974116869333	1	cis_window	439	False	Zinc finger protein ZAT9	protein_coding	Ensembl Plants release 47 B73 RefGen_v4 GFF3	fdr_0_05	
agri_aa_oil__Oil_C16_0	agri_aa_oil__Oil_C16_0__L060	Zm00001d021167	1	6.082683e-06	0.0379893966765	1	gene_body	0	False	UDP-glycosyltransferase 74B1	protein_coding	Ensembl Plants release 47 B73 RefGen_v4 GFF3	fdr_0_05	
agri_aa_oil__Oil_C16_0	agri_aa_oil__Oil_C16_0__L065	Zm00001d009147	1	7.345724e-06	0.0444874853255757	1	gene_body	0	True	CONTAINS InterPro DOMAIN/s: NEFA-interacting nuclear protein NIP30 N-terminal (InterPro:IPR019331); Has 398 Blast hits to 395 proteins in 139 species: Archae - 0; Bacteria - 6; Metazoa - 193; Fungi - 83; Plants - 36; Viruses - 0; Other Eukaryotes - /.../ource: NCBI BLink).	protein_coding	Ensembl Plants release 47 B73 RefGen_v4 GFF3	fdr_0_05	
agri_aa_oil__Oil_C16_0	agri_aa_oil__Oil_C16_0__L039	Zm00001d053931	1	8.665546e-06	0.0474338122369729	1	gene_body	0	False	Peroxisome biogenesis protein 16	protein_coding	Ensembl Plants release 47 B73 RefGen_v4 GFF3	fdr_0_05	
agri_aa_oil__Oil_C16_0	agri_aa_oil__Oil_C16_0__L060	Zm00001d021221	1	1.844547e-05	0.0782814300933333	3	gene_body	0	False	Protein binding protein  	protein_coding	Ensembl Plants release 47 B73 RefGen_v4 GFF3	nominal	
agri_aa_oil__Oil_C16_0	agri_aa_oil__Oil_C16_0__L065	Zm00001d009152	1	1.880108e-05	0.0782814300933333	3	cis_window	212	True	Pectin acetylesterase 12	protein_coding	Ensembl Plants release 47 B73 RefGen_v4 GFF3	nominal	
agri_aa_oil__Oil_C16_0	agri_aa_oil__Oil_C16_0__L029	Zm00001d044646	1	1.946952e-05	0.0794102120228571	3	gene_body	0	False	 glucosamine fructose-6-phosphate aminotransferase1	protein_coding	Ensembl Plants release 47 B73 RefGen_v4 GFF3	nominal	
agri_aa_oil__Oil_C16_0	agri_aa_oil__Oil_C16_0__L042	Zm00001d013595	1	2.102358e-05	0.0823860510682352	3	gene_body	0	True	Protein MARD1	protein_coding	Ensembl Plants release 47 B73 RefGen_v4 GFF3	nominal	
agri_aa_oil__Oil_C16_0	agri_aa_oil__Oil_C16_0__L015	Zm00001d003641	1	2.256436e-05	0.0850872213615094	3	cis_window	7504	False		protein_coding	Ensembl Plants release 47 B73 RefGen_v4 GFF3	nominal	
agri_aa_oil__Oil_C16_0	agri_aa_oil__Oil_C16_0__L017	Zm00001d005018	1	2.504647e-05	0.091012496514909	3	gene_body	0	True	Protein DETOXIFICATION 21	protein_coding	Ensembl Plants release 47 B73 RefGen_v4 GFF3	nominal	
agri_aa_oil__Oil_C16_0	agri_aa_oil__Oil_C16_0__L057	Zm00001d019083	1	2.587969e-05	0.0923609165114285	3	gene_body	0	False		protein_coding	Ensembl Plants release 47 B73 RefGen_v4 GFF3	nominal	
agri_aa_oil__Oil_C16_0	agri_aa_oil__Oil_C16_0__L067	Zm00001d045298	1	3.018102e-05	0.1058220690021052	3	cis_window	35	False	Lipase-like	protein_coding	Ensembl Plants release 47 B73 RefGen_v4 GFF3	nominal	fatty_acid_lipid
agri_aa_oil__Oil_C16_0	agri_aa_oil__Oil_C16_0__L013	Zm00001d002884	1	3.349802e-05	0.1154272462951724	3	cis_window	380	False	Integral membrane protein  	protein_coding	Ensembl Plants release 47 B73 RefGen_v4 GFF3	nominal	transport_membrane
agri_aa_oil__Oil_C16_0	agri_aa_oil__Oil_C16_0__L027	Zm00001d043905	1	3.56798e-05	0.1208613916745762	3	gene_body	0	False	Ubiquitin-conjugating enzyme E2 36	protein_coding	Ensembl Plants release 47 B73 RefGen_v4 GFF3	nominal	
agri_aa_oil__Oil_C16_0	agri_aa_oil__Oil_C16_0__L073	Zm00001d023753	1	3.69873e-05	0.1211825217836065	3	promoter	0	False		protein_coding	Ensembl Plants release 47 B73 RefGen_v4 GFF3	nominal	
agri_aa_oil__Oil_C16_0	agri_aa_oil__Oil_C16_0__L021	Zm00001d005964	1	3.861536e-05	0.1244759901316129	3	gene_body	0	False	Transcription factor bHLH76	protein_coding	Ensembl Plants release 47 B73 RefGen_v4 GFF3	nominal	hormone_stress_regulatory
agri_aa_oil__Oil_C16_0	agri_aa_oil__Oil_C16_0__L024	Zm00001d039717	1	4.19375e-05	0.130960328125	3	gene_body	0	False	Nucleotide/sugar transporter family protein	protein_coding	Ensembl Plants release 47 B73 RefGen_v4 GFF3	nominal	transport_membrane
agri_aa_oil__Oil_C16_0	agri_aa_oil__Oil_C16_0__L010	Zm00001d033872	1	4.413957e-05	0.1348749377223529	3	gene_body	0	False	Peptidase, M50 family  	protein_coding	Ensembl Plants release 47 B73 RefGen_v4 GFF3	nominal	
agri_aa_oil__Oil_C16_0	agri_aa_oil__Oil_C16_0__L045	Zm00001d013992	1	4.476401e-05	0.1348749377223529	3	gene_body	0	False	Pyridoxal phosphate (PLP)-dependent transferases superfamily protein	protein_coding	Ensembl Plants release 47 B73 RefGen_v4 GFF3	nominal	
agri_aa_oil__Oil_C16_0	agri_aa_oil__Oil_C16_0__L038	Zm00001d052677	1	4.554684e-05	0.1348749377223529	3	promoter	0	False		protein_coding	Ensembl Plants release 47 B73 RefGen_v4 GFF3	nominal	
agri_aa_oil__Oil_C16_0	agri_aa_oil__Oil_C16_0__L011	Zm00001d034522	1	4.706599e-05	0.1363249347455072	3	gene_body	0	False	plant adhesion molecule 1	protein_coding	Ensembl Plants release 47 B73 RefGen_v4 GFF3	nominal	
agri_aa_oil__Oil_C16_0	agri_aa_oil__Oil_C16_0__L002	Zm00001d027764	1	5.217369e-05	0.1489603569805714	3	nearest	15407	False	Magnesium transporter MRS2-2	protein_coding	Ensembl Plants release 47 B73 RefGen_v4 GFF3	nominal	transport_membrane
agri_aa_oil__Oil_C16_0	agri_aa_oil__Oil_C16_0__L049	Zm00001d036563	1	5.35619e-05	0.1507699589633803	3	gene_body	0	False	SWAP (Suppressor-of-White-APricot)/surp RNA-binding domain-containing protein	protein_coding	Ensembl Plants release 47 B73 RefGen_v4 GFF3	nominal	
agri_aa_oil__Oil_C16_0	agri_aa_oil__Oil_C16_0__L051	Zm00001d036933	1	5.528682e-05	0.15346392636	3	cis_window	424	False	Aldehyde dehydrogenase family 2 member C4	protein_coding	Ensembl Plants release 47 B73 RefGen_v4 GFF3	nominal	
agri_aa_oil__Oil_C16_0	agri_aa_oil__Oil_C16_0__L045	Zm00001d013983	1	5.673946e-05	0.1553386509282191	3	gene_body	0	True	LysM domain containing protein  	protein_coding	Ensembl Plants release 47 B73 RefGen_v4 GFF3	nominal	
agri_aa_oil__Oil_C16_0	agri_aa_oil__Oil_C16_0__L055	Zm00001d018913	1	5.874139e-05	0.1586462059437837	3	gene_body	0	False	40S ribosomal protein S18	protein_coding	Ensembl Plants release 47 B73 RefGen_v4 GFF3	nominal	
agri_aa_oil__Oil_C16_0	agri_aa_oil__Oil_C16_0__L018	Zm00001d005148	1	6.227882e-05	0.1635421388446753	3	cis_window	349	False	Myristoyl-acyl carrier protein thioesterase  	protein_coding	Ensembl Plants release 47 B73 RefGen_v4 GFF3	nominal	fatty_acid_lipid
agri_aa_oil__Oil_C16_0	agri_aa_oil__Oil_C16_0__L036	Zm00001d051180	1	6.300909e-05	0.1635421388446753	3	promoter	0	False	Putative homeodomain-like transcription factor superfamily protein  	protein_coding	Ensembl Plants release 47 B73 RefGen_v4 GFF3	nominal	hormone_stress_regulatory
agri_aa_oil__Oil_C16_0	agri_aa_oil__Oil_C16_0__L054	Zm00001d018621	1	6.563762e-05	0.1681804125989743	3	gene_body	0	False	Uclacyanin-2  	protein_coding	Ensembl Plants release 47 B73 RefGen_v4 GFF3	nominal	
agri_aa_oil__Oil_C16_0	agri_aa_oil__Oil_C16_0__L049	Zm00001d036558	1	6.956791e-05	0.1737048424	3	nearest	52298	False		protein_coding	Ensembl Plants release 47 B73 RefGen_v4 GFF3	nominal	
agri_aa_oil__Oil_C16_0	agri_aa_oil__Oil_C16_0__L035	Zm00001d049583	1	7.040115e-05	0.1737048424	3	gene_body	0	False	Chaperone protein dnaJ A6 chloroplastic	protein_coding	Ensembl Plants release 47 B73 RefGen_v4 GFF3	nominal	
agri_aa_oil__Oil_C16_0	agri_aa_oil__Oil_C16_0__L068	Zm00001d045387	1	7.145681e-05	0.1741594173092683	3	gene_body	0	False	 fatty acyl-ACP thioesterase2	protein_coding	Ensembl Plants release 47 B73 RefGen_v4 GFF3	nominal	fatty_acid_lipid
agri_aa_oil__Oil_C16_0	agri_aa_oil__Oil_C16_0__L001	Zm00001d027245	1	7.626008e-05	0.1814408874819047	3	nearest	13562	False	ATP-dependent DNA helicase [Source:UniProtKB/TrEMBL;Acc:A0A1D6JJB2]	protein_coding	Ensembl Plants release 47 B73 RefGen_v4 GFF3	nominal	
agri_aa_oil__Oil_C16_0	agri_aa_oil__Oil_C16_0__L067	Zm00001d045297	1	8.903976e-05	0.2093544738183529	3	gene_body	0	False	Beta-1,3-galactosyltransferase 6  	protein_coding	Ensembl Plants release 47 B73 RefGen_v4 GFF3	nominal	
agri_aa_oil__Oil_C16_0	agri_aa_oil__Oil_C16_0__L018	Zm00001d005154	1	9.052785e-05	0.2103653243862069	3	cis_window	1829	False	Putative E3 ubiquitin-protein ligase RF4	protein_coding	Ensembl Plants release 47 B73 RefGen_v4 GFF3	nominal	
agri_aa_oil__Oil_C16_0	agri_aa_oil__Oil_C16_0__L015	Zm00001d003655	1	9.271238e-05	0.2105582433781818	3	gene_body	0	False	DExH-box ATP-dependent RNA helicase DExH7 chloroplastic	protein_coding	Ensembl Plants release 47 B73 RefGen_v4 GFF3	nominal	
agri_aa_oil__Oil_C16_0	agri_aa_oil__Oil_C16_0__L056	Zm00001d019029	1	9.624831e-05	0.2137311360373333	3	cis_window	319	False	 maternally expressed gene7	protein_coding	Ensembl Plants release 47 B73 RefGen_v4 GFF3	nominal	
agri_aa_oil__Oil_C16_0	agri_aa_oil__Oil_C16_0__L068	Zm00001d045393	2	9.871258e-05	0.2167945207525274	3	promoter	0	False	Ran BP2/NZF zinc finger-like superfamily protein	protein_coding	Ensembl Plants release 47 B73 RefGen_v4 GFF3	nominal	
agri_aa_oil__Oil_C16_0	agri_aa_oil__Oil_C16_0__L074	Zm00001d023841	1	0.0001056452	0.227840236832	3	gene_body	0	False	P-loop nucleoside triphosphate hydrolases superfamily protein with CH (Calponin Homology) domain	protein_coding	Ensembl Plants release 47 B73 RefGen_v4 GFF3	nominal	
agri_aa_oil__Oil_C16_0	agri_aa_oil__Oil_C16_0__L020	Zm00001d005735	1	0.0001074316	0.227840236832	3	gene_body	0	False	Protein kinase superfamily protein	protein_coding	Ensembl Plants release 47 B73 RefGen_v4 GFF3	nominal	
agri_aa_oil__Oil_C16_0	agri_aa_oil__Oil_C16_0__L009	Zm00001d033730	1	0.0001092081	0.227840236832	3	cis_window	316	False		protein_coding	Ensembl Plants release 47 B73 RefGen_v4 GFF3	nominal	
agri_aa_oil__Oil_C16_0	agri_aa_oil__Oil_C16_0__L008	Zm00001d032937	1	0.0001119418	0.227840236832	3	gene_body	0	False	Protein MARD1	protein_coding	Ensembl Plants release 47 B73 RefGen_v4 GFF3	nominal	
agri_aa_oil__Oil_C16_0	agri_aa_oil__Oil_C16_0__L021	Zm00001d005972	1	0.0001125688	0.227840236832	3	cis_window	3638	False		protein_coding	Ensembl Plants release 47 B73 RefGen_v4 GFF3	nominal	
agri_aa_oil__Oil_C16_0	agri_aa_oil__Oil_C16_0__L066	Zm00001d010607	1	0.0001132176	0.227840236832	3	gene_body	0	False	PLAC8 family protein	protein_coding	Ensembl Plants release 47 B73 RefGen_v4 GFF3	nominal	
agri_aa_oil__Oil_C16_0	agri_aa_oil__Oil_C16_0__L037	Zm00001d052276	1	0.0001140022	0.227840236832	3	gene_body	0	False	RNA-processing Lsm domain	protein_coding	Ensembl Plants release 47 B73 RefGen_v4 GFF3	nominal	
agri_aa_oil__Oil_C16_0	agri_aa_oil__Oil_C16_0__L075	Zm00001d025423	1	0.0001184462	0.2320802328156862	3	gene_body	0	False	F1N21.17	protein_coding	Ensembl Plants release 47 B73 RefGen_v4 GFF3	nominal	
agri_aa_oil__Oil_C16_0	agri_aa_oil__Oil_C16_0__L051	Zm00001d036949	1	0.0001245504	0.2361402338867924	3	gene_body	0	False	Serine/threonine-protein phosphatase PP2A-5 catalytic subunit	protein_coding	Ensembl Plants release 47 B73 RefGen_v4 GFF3	nominal	
agri_aa_oil__Oil_C16_0	agri_aa_oil__Oil_C16_0__L011	Zm00001d034532	1	0.0001247547	0.2361402338867924	3	gene_body	0	False	Vacuolar protein sorting-associated protein 32 homolog 1	protein_coding	Ensembl Plants release 47 B73 RefGen_v4 GFF3	nominal	
agri_aa_oil__Oil_C16_0	agri_aa_oil__Oil_C16_0__L068	Zm00001d045381	1	0.0001252445	0.2361402338867924	3	gene_body	0	False	DNA-repair protein XRCC1	protein_coding	Ensembl Plants release 47 B73 RefGen_v4 GFF3	nominal	
agri_aa_oil__Oil_C16_0	agri_aa_oil__Oil_C16_0__L047	Zm00001d017767	1	0.0001328163	0.2362338241824561	3	gene_body	0	False	Lipid phosphate phosphatase epsilon 2 chloroplastic	protein_coding	Ensembl Plants release 47 B73 RefGen_v4 GFF3	nominal	fatty_acid_lipid
agri_aa_oil__Oil_C16_0	agri_aa_oil__Oil_C16_0__L072	Zm00001d047612	1	0.0001330219	0.2362338241824561	3	cis_window	73	False	P-loop containing nucleoside triphosphate hydrolases superfamily protein	protein_coding	Ensembl Plants release 47 B73 RefGen_v4 GFF3	nominal	
agri_aa_oil__Oil_C16_0	agri_aa_oil__Oil_C16_0__L030	Zm00001d048725	1	0.0001341243	0.2362338241824561	3	promoter	0	False		protein_coding	Ensembl Plants release 47 B73 RefGen_v4 GFF3	nominal	
agri_aa_oil__Oil_C16_0	agri_aa_oil__Oil_C16_0__L073	Zm00001d023758	1	0.0001347503	0.2362338241824561	3	promoter	0	False	RING-H2 finger protein ATL67	protein_coding	Ensembl Plants release 47 B73 RefGen_v4 GFF3	nominal	
agri_aa_oil__Oil_C16_0	agri_aa_oil__Oil_C16_0__L028	Zm00001d044175	1	0.0001362388	0.2367664488069565	3	gene_body	0	False	Neutral/alkaline non-lysosomal ceramidase	protein_coding	Ensembl Plants release 47 B73 RefGen_v4 GFF3	nominal	fatty_acid_lipid
agri_aa_oil__Oil_C16_0	agri_aa_oil__Oil_C16_0__L008	Zm00001d032944	1	0.0001391238	0.2376472322461538	3	gene_body	0	False	Short integuments 2 mitochondrial	protein_coding	Ensembl Plants release 47 B73 RefGen_v4 GFF3	nominal	
agri_aa_oil__Oil_C16_0	agri_aa_oil__Oil_C16_0__L022	Zm00001d039272	1	0.0001470722	0.2470281782266666	3	gene_body	0	False	WPP domain-interacting tail-anchored protein 1	protein_coding	Ensembl Plants release 47 B73 RefGen_v4 GFF3	nominal	
agri_aa_oil__Oil_C16_0	agri_aa_oil__Oil_C16_0__L061	Zm00001d021719	1	0.0001522013	0.2489736257015873	3	gene_body	0	False	Probable proteasome inhibitor	protein_coding	Ensembl Plants release 47 B73 RefGen_v4 GFF3	nominal	
agri_aa_oil__Oil_C16_0	agri_aa_oil__Oil_C16_0__L048	Zm00001d017838	1	0.000153593	0.2489736257015873	3	cis_window	2521	False		protein_coding	Ensembl Plants release 47 B73 RefGen_v4 GFF3	nominal	
agri_aa_oil__Oil_C16_0	agri_aa_oil__Oil_C16_0__L014	Zm00001d003311	1	0.000154001	0.2489736257015873	3	cis_window	310	False	Probable 2-oxoglutarate-dependent dioxygenase AOP1	protein_coding	Ensembl Plants release 47 B73 RefGen_v4 GFF3	nominal	
agri_aa_oil__Oil_C16_0	agri_aa_oil__Oil_C16_0__L069	Zm00001d045551	1	0.0001565049	0.2489736257015873	3	gene_body	0	False	Putative acyl-activating enzyme 19	protein_coding	Ensembl Plants release 47 B73 RefGen_v4 GFF3	nominal	fatty_acid_lipid
agri_aa_oil__Oil_C16_0	agri_aa_oil__Oil_C16_0__L041	Zm00001d013473	1	0.0001569664	0.2489736257015873	3	gene_body	0	False		protein_coding	Ensembl Plants release 47 B73 RefGen_v4 GFF3	nominal	
agri_aa_oil__Oil_C16_0	agri_aa_oil__Oil_C16_0__L007	Zm00001d032696	1	0.0001681424	0.2579243828622222	3	cis_window	1078	False	Protein LIGHT-DEPENDENT SHORT HYPOCOTYLS 3	protein_coding	Ensembl Plants release 47 B73 RefGen_v4 GFF3	nominal	
agri_aa_oil__Oil_C16_0	agri_aa_oil__Oil_C16_0__L072	Zm00001d047637	1	0.000170192	0.2579243828622222	3	cis_window	140	False	Protein trichome birefringence-like 6	protein_coding	Ensembl Plants release 47 B73 RefGen_v4 GFF3	nominal	
agri_aa_oil__Oil_C16_0	agri_aa_oil__Oil_C16_0__L025	Zm00001d042481	1	0.0001717871	0.2579243828622222	3	gene_body	0	False	OTU domain-containing protein 	protein_coding	Ensembl Plants release 47 B73 RefGen_v4 GFF3	nominal	
agri_aa_oil__Oil_C16_0	agri_aa_oil__Oil_C16_0__L015	Zm00001d003654	1	0.0001734812	0.2579243828622222	3	gene_body	0	False	 protein disulfide isomerase10	protein_coding	Ensembl Plants release 47 B73 RefGen_v4 GFF3	nominal	
agri_aa_oil__Oil_C16_0	agri_aa_oil__Oil_C16_0__L026	Zm00001d043860	1	0.0001742244	0.2579243828622222	3	gene_body	0	False	evolutionarily conserved C-terminal region 8	protein_coding	Ensembl Plants release 47 B73 RefGen_v4 GFF3	nominal	
agri_aa_oil__Oil_C16_0	agri_aa_oil__Oil_C16_0__L012	Zm00001d001812	1	0.0001766469	0.2591197227328467	3	gene_body	0	False	 Rubisco Assembly Factor 1	protein_coding	Ensembl Plants release 47 B73 RefGen_v4 GFF3	nominal	
agri_aa_oil__Oil_C16_0	agri_aa_oil__Oil_C16_0__L046	Zm00001d015475	1	0.0001862723	0.2697654839768116	3	nearest	51264	False	RING-H2 finger protein ATL2L  	protein_coding	Ensembl Plants release 47 B73 RefGen_v4 GFF3	nominal	
agri_aa_oil__Oil_C16_0	agri_aa_oil__Oil_C16_0__L005	Zm00001d028726	1	0.0002043519	0.2846481506966887	3	gene_body	0	False	 protein disulfide isomerase9	protein_coding	Ensembl Plants release 47 B73 RefGen_v4 GFF3	nominal	
agri_aa_oil__Oil_C16_0	agri_aa_oil__Oil_C16_0__L016	Zm00001d003725	1	0.0002079891	0.2846481506966887	3	cis_window	254	False	Histone H3.2  	protein_coding	Ensembl Plants release 47 B73 RefGen_v4 GFF3	nominal	
agri_aa_oil__Oil_C16_0	agri_aa_oil__Oil_C16_0__L062	Zm00001d021850	1	0.0002084792	0.2846481506966887	3	gene_body	0	False	Cupredoxin superfamily protein	protein_coding	Ensembl Plants release 47 B73 RefGen_v4 GFF3	nominal	
agri_aa_oil__Oil_C16_0	agri_aa_oil__Oil_C16_0__L043	Zm00001d013742	1	0.0002094919	0.2846481506966887	3	promoter	0	False	Probable anion transporter 5	protein_coding	Ensembl Plants release 47 B73 RefGen_v4 GFF3	nominal	transport_membrane
agri_aa_oil__Oil_C16_0	agri_aa_oil__Oil_C16_0__L004	Zm00001d028619	1	0.0002105961	0.2846481506966887	3	gene_body	0	False	Palmitoyltransferase AKR1	protein_coding	Ensembl Plants release 47 B73 RefGen_v4 GFF3	nominal	
agri_aa_oil__Oil_C16_0	agri_aa_oil__Oil_C16_0__L044	Zm00001d013868	1	0.0002130276	0.2846481506966887	3	gene_body	0	True	CDPK-related kinase 3	protein_coding	Ensembl Plants release 47 B73 RefGen_v4 GFF3	nominal	
agri_aa_oil__Oil_C16_0	agri_aa_oil__Oil_C16_0__L059	Zm00001d021087	1	0.0002146788	0.2846481506966887	3	gene_body	0	False	 Discolored-paralog3	protein_coding	Ensembl Plants release 47 B73 RefGen_v4 GFF3	nominal	
agri_aa_oil__Oil_C16_0	agri_aa_oil__Oil_C16_0__L063	Zm00001d022052	1	0.0002150642	0.2846481506966887	3	cis_window	21	False	Putative pentatricopeptide repeat-containing protein 	protein_coding	Ensembl Plants release 47 B73 RefGen_v4 GFF3	nominal	
agri_aa_oil__Oil_C16_0	agri_aa_oil__Oil_C16_0__L053	Zm00001d039015	1	0.0002232555	0.29060961032	3	promoter	0	False	Putative RING zinc finger domain superfamily protein  	protein_coding	Ensembl Plants release 47 B73 RefGen_v4 GFF3	nominal	
agri_aa_oil__Oil_C16_0	agri_aa_oil__Oil_C16_0__L056	Zm00001d019049	1	0.0002250748	0.29060961032	3	gene_body	0	False	Major facilitator superfamily protein	protein_coding	Ensembl Plants release 47 B73 RefGen_v4 GFF3	nominal	
agri_aa_oil__Oil_C16_0	agri_aa_oil__Oil_C16_0__L023	Zm00001d039427	1	0.000228645	0.29060961032	3	gene_body	0	False	Protein kinase superfamily protein	protein_coding	Ensembl Plants release 47 B73 RefGen_v4 GFF3	nominal	
agri_aa_oil__Oil_C16_0	agri_aa_oil__Oil_C16_0__L064	Zm00001d008984	1	0.0002293115	0.29060961032	3	gene_body	0	False	Cytochrome P450 71A26	protein_coding	Ensembl Plants release 47 B73 RefGen_v4 GFF3	nominal	
agri_aa_oil__Oil_C16_0	agri_aa_oil__Oil_C16_0__L003	Zm00001d028367	1	0.0002313922	0.29060961032	3	gene_body	0	False	Purple acid phosphatase 3	protein_coding	Ensembl Plants release 47 B73 RefGen_v4 GFF3	nominal	
agri_aa_oil__Oil_C16_0	agri_aa_oil__Oil_C16_0__L067	Zm00001d045326	1	0.0002318229	0.29060961032	3	gene_body	0	False	ATP-dependent 6-phosphofructokinase 3	protein_coding	Ensembl Plants release 47 B73 RefGen_v4 GFF3	nominal	
agri_aa_oil__Oil_C16_0	agri_aa_oil__Oil_C16_0__L060	Zm00001d021192	1	0.0002319436	0.29060961032	3	gene_body	0	False		protein_coding	Ensembl Plants release 47 B73 RefGen_v4 GFF3	nominal	
agri_aa_oil__Oil_C16_0	agri_aa_oil__Oil_C16_0__L031	Zm00001d049140	1	0.0002326552	0.29060961032	3	gene_body	0	False	Calmodulin-interacting protein 111	protein_coding	Ensembl Plants release 47 B73 RefGen_v4 GFF3	nominal	
agri_aa_oil__Oil_C16_0	agri_aa_oil__Oil_C16_0__L032	Zm00001d049294	1	0.0002375841	0.2939787349496933	3	nearest	110994	False	Putative HLH DNA-binding domain superfamily protein  	protein_coding	Ensembl Plants release 47 B73 RefGen_v4 GFF3	nominal	
agri_aa_oil__Oil_C16_1	agri_aa_oil__Oil_C16_1__L012	Zm00001d031002	1	2.081623e-07	0.034746014844	0	gene_body	0	True	Tetratricopeptide repeat (TPR)-like superfamily protein	protein_coding	Ensembl Plants release 47 B73 RefGen_v4 GFF3	bonferroni_0_05	
agri_aa_oil__Oil_C16_1	agri_aa_oil__Oil_C16_1__L037	Zm00001d044253	1	3.477105e-07	0.034746014844	1	gene_body	0	False	IQ domain-containing protein IQM5	protein_coding	Ensembl Plants release 47 B73 RefGen_v4 GFF3	fdr_0_05	
agri_aa_oil__Oil_C16_1	agri_aa_oil__Oil_C16_1__L034	Zm00001d042312	1	1.213396e-06	0.0553859733664	2	cis_window	152	False	 histidine kinase2	protein_coding	Ensembl Plants release 47 B73 RefGen_v4 GFF3	suggestive_1e_5	
agri_aa_oil__Oil_C16_1	agri_aa_oil__Oil_C16_1__L037	Zm00001d044274	1	1.385647e-06	0.0553859733664	2	gene_body	0	False	DENN domain and WD repeat-containing protein SCD1	protein_coding	Ensembl Plants release 47 B73 RefGen_v4 GFF3	suggestive_1e_5	
agri_aa_oil__Oil_C16_1	agri_aa_oil__Oil_C16_1__L003	Zm00001d029231	1	2.670834e-06	0.0859343683885714	2	promoter	0	False	Aminotransferase, class IV family protein  	protein_coding	Ensembl Plants release 47 B73 RefGen_v4 GFF3	suggestive_1e_5	
agri_aa_oil__Oil_C16_1	agri_aa_oil__Oil_C16_1__L019	Zm00001d002104	1	3.00987e-06	0.0859343683885714	2	gene_body	0	False	Glutamyl-tRNA(Gln) amidotransferase subunit A, chloroplastic/mitochondrial  	protein_coding	Ensembl Plants release 47 B73 RefGen_v4 GFF3	suggestive_1e_5	
agri_aa_oil__Oil_C16_1	agri_aa_oil__Oil_C16_1__L046	Zm00001d012831	1	4.227265e-06	0.0938715859822222	2	gene_body	0	False	Cleavage and polyadenylation specificity factor subunit 3-I	protein_coding	Ensembl Plants release 47 B73 RefGen_v4 GFF3	suggestive_1e_5	
agri_aa_oil__Oil_C16_1	agri_aa_oil__Oil_C16_1__L001	Zm00001d027988	1	7.426806e-06	0.1484291739936	2	nearest	28247	False		protein_coding	Ensembl Plants release 47 B73 RefGen_v4 GFF3	suggestive_1e_5	
agri_aa_oil__Oil_C16_1	agri_aa_oil__Oil_C16_1__L011	Zm00001d030663	1	9.125868e-06	0.1658054068189091	2	nearest	22005	False	DNAJ heat shock N-terminal domain-containing protein	protein_coding	Ensembl Plants release 47 B73 RefGen_v4 GFF3	suggestive_1e_5	
agri_aa_oil__Oil_C16_1	agri_aa_oil__Oil_C16_1__L091	Zm00001d026113	1	1.451396e-05	0.2231309222892307	3	gene_body	0	False	 naked endosperm2	protein_coding	Ensembl Plants release 47 B73 RefGen_v4 GFF3	nominal	
agri_aa_oil__Oil_C16_1	agri_aa_oil__Oil_C16_1__L022	Zm00001d003657	1	2.060267e-05	0.2852230247893333	3	gene_body	0	False	Protein SCARECROW	protein_coding	Ensembl Plants release 47 B73 RefGen_v4 GFF3	nominal	
agri_aa_oil__Oil_C16_1	agri_aa_oil__Oil_C16_1__L005	Zm00001d029720	1	2.140714e-05	0.2852230247893333	3	gene_body	0	False	ABC-type Co2+ transport system, permease component  	protein_coding	Ensembl Plants release 47 B73 RefGen_v4 GFF3	nominal	
agri_aa_oil__Oil_C16_1	agri_aa_oil__Oil_C16_1__L076	Zm00001d046654	1	3.486509e-05	0.4281109497882353	3	promoter	0	False	Plant UBX domain-containing protein 4	protein_coding	Ensembl Plants release 47 B73 RefGen_v4 GFF3	nominal	
agri_aa_oil__Oil_C16_1	agri_aa_oil__Oil_C16_1__L004	Zm00001d029331	1	3.641565e-05	0.4281109497882353	3	gene_body	0	False	Probable apyrase 5	protein_coding	Ensembl Plants release 47 B73 RefGen_v4 GFF3	nominal	
agri_aa_oil__Oil_C16_1	agri_aa_oil__Oil_C16_1__L031	Zm00001d039361	1	4.367446e-05	0.4849223820977777	3	gene_body	0	False	Phosphoacetylglucosamine mutase	protein_coding	Ensembl Plants release 47 B73 RefGen_v4 GFF3	nominal	
agri_aa_oil__Oil_C16_1	agri_aa_oil__Oil_C16_1__L090	Zm00001d024530	1	4.786223e-05	0.502048537330909	3	gene_body	0	False	alpha/beta-Hydrolases superfamily protein	protein_coding	Ensembl Plants release 47 B73 RefGen_v4 GFF3	nominal	
agri_aa_oil__Oil_C16_1	agri_aa_oil__Oil_C16_1__L041	Zm00001d050904	1	5.058411e-05	0.502048537330909	3	gene_body	0	False	Lipid binding protein  	protein_coding	Ensembl Plants release 47 B73 RefGen_v4 GFF3	nominal	fatty_acid_lipid
agri_aa_oil__Oil_C16_1	agri_aa_oil__Oil_C16_1__L010	Zm00001d030333	1	5.395551e-05	0.502048537330909	3	nearest	33829	False		protein_coding	Ensembl Plants release 47 B73 RefGen_v4 GFF3	nominal	
agri_aa_oil__Oil_C16_1	agri_aa_oil__Oil_C16_1__L017	Zm00001d034516	1	5.526513e-05	0.502048537330909	3	gene_body	0	False	Squalene synthase 1	protein_coding	Ensembl Plants release 47 B73 RefGen_v4 GFF3	nominal	
agri_aa_oil__Oil_C16_1	agri_aa_oil__Oil_C16_1__L002	Zm00001d028400	1	6.797137e-05	0.5906298314226087	3	gene_body	0	False	Pathogenesis-related thaumatin superfamily protein	protein_coding	Ensembl Plants release 47 B73 RefGen_v4 GFF3	nominal	
agri_aa_oil__Oil_C16_1	agri_aa_oil__Oil_C16_1__L060	Zm00001d036557	1	7.303479e-05	0.60818504126	3	gene_body	0	False	External alternative NAD(P)H-ubiquinone oxidoreductase B1 mitochondrial	protein_coding	Ensembl Plants release 47 B73 RefGen_v4 GFF3	nominal	
agri_aa_oil__Oil_C16_1	agri_aa_oil__Oil_C16_1__L045	Zm00001d054001	1	7.702592e-05	0.6157636907008	3	gene_body	0	False	Protein arginine N-methyltransferase 1.5	protein_coding	Ensembl Plants release 47 B73 RefGen_v4 GFF3	nominal	
agri_aa_oil__Oil_C16_1	agri_aa_oil__Oil_C16_1__L021	Zm00001d002357	1	8.058511e-05	0.6194391440061539	3	gene_body	0	False	Protein kinase superfamily protein	protein_coding	Ensembl Plants release 47 B73 RefGen_v4 GFF3	nominal	
agri_aa_oil__Oil_C16_1	agri_aa_oil__Oil_C16_1__L062	Zm00001d037529	1	8.81528e-05	0.6277083050270967	3	gene_body	0	False	Acyl-CoA N-acyltransferase with RING/FYVE/PHD-type zinc finger protein	protein_coding	Ensembl Plants release 47 B73 RefGen_v4 GFF3	nominal	fatty_acid_lipid
agri_aa_oil__Oil_C16_1	agri_aa_oil__Oil_C16_1__L016	Zm00001d034221	1	8.90759e-05	0.6277083050270967	3	promoter	0	False	Formin-like protein 18	protein_coding	Ensembl Plants release 47 B73 RefGen_v4 GFF3	nominal	
agri_aa_oil__Oil_C16_1	agri_aa_oil__Oil_C16_1__L087	Zm00001d024246	1	9.460914e-05	0.6277083050270967	3	nearest	12432	False	NB-ARC domain containing protein expressed	protein_coding	Ensembl Plants release 47 B73 RefGen_v4 GFF3	nominal	
agri_aa_oil__Oil_C16_1	agri_aa_oil__Oil_C16_1__L072	Zm00001d010016	1	9.695998e-05	0.6277083050270967	3	gene_body	0	False	60S ribosomal protein L11-1	protein_coding	Ensembl Plants release 47 B73 RefGen_v4 GFF3	nominal	
agri_aa_oil__Oil_C16_1	agri_aa_oil__Oil_C16_1__L043	Zm00001d053664	1	9.736489e-05	0.6277083050270967	3	gene_body	0	False	Outer envelope protein 80 chloroplastic	protein_coding	Ensembl Plants release 47 B73 RefGen_v4 GFF3	nominal	
agri_aa_oil__Oil_C16_1	agri_aa_oil__Oil_C16_1__L071	Zm00001d009150	1	0.0001074392	0.6664480469647058	3	gene_body	0	True	Sec23/Sec24 protein transport family protein	protein_coding	Ensembl Plants release 47 B73 RefGen_v4 GFF3	nominal	
agri_aa_oil__Oil_C16_1	agri_aa_oil__Oil_C16_1__L053	Zm00001d017613	2	0.0001127381	0.6664480469647058	3	gene_body	0	False	Protein LYK2	protein_coding	Ensembl Plants release 47 B73 RefGen_v4 GFF3	nominal	
agri_aa_oil__Oil_C16_1	agri_aa_oil__Oil_C16_1__L068	Zm00001d021633	1	0.0001133778	0.6664480469647058	3	gene_body	0	False	Polyadenylate-binding protein RBP45C	protein_coding	Ensembl Plants release 47 B73 RefGen_v4 GFF3	nominal	
agri_aa_oil__Oil_C16_1	agri_aa_oil__Oil_C16_1__L032	Zm00001d041775	1	0.0001276045	0.6733283426604652	3	cis_window	6974	False	2-dehydro-3-deoxyphosphooctonate aldolase 2	protein_coding	Ensembl Plants release 47 B73 RefGen_v4 GFF3	nominal	
agri_aa_oil__Oil_C16_1	agri_aa_oil__Oil_C16_1__L047	Zm00001d012964	1	0.000139161	0.6733283426604652	3	gene_body	0	False	SEC14 cytosolic factor family protein / phosphoglyceride transfer family protein	protein_coding	Ensembl Plants release 47 B73 RefGen_v4 GFF3	nominal	
agri_aa_oil__Oil_C16_1	agri_aa_oil__Oil_C16_1__L068	Zm00001d021649	1	0.0001417671	0.6733283426604652	3	gene_body	0	False	Ras-related small GTP-binding family protein	protein_coding	Ensembl Plants release 47 B73 RefGen_v4 GFF3	nominal	
agri_aa_oil__Oil_C16_1	agri_aa_oil__Oil_C16_1__L075	Zm00001d046593	1	0.0001424418	0.6733283426604652	3	gene_body	0	False	 acid phosphatase1	protein_coding	Ensembl Plants release 47 B73 RefGen_v4 GFF3	nominal	
agri_aa_oil__Oil_C16_1	agri_aa_oil__Oil_C16_1__L009	Zm00001d030217	1	0.0001436693	0.6733283426604652	3	gene_body	0	False	Whole genome shotgun sequence of line PN40024 scaffold_7.assembly12x (Fragment)	protein_coding	Ensembl Plants release 47 B73 RefGen_v4 GFF3	nominal	
agri_aa_oil__Oil_C16_1	agri_aa_oil__Oil_C16_1__L078	Zm00001d046921	1	0.0001448699	0.6733283426604652	3	cis_window	7813	False	F-box protein AFR	protein_coding	Ensembl Plants release 47 B73 RefGen_v4 GFF3	nominal	
agri_aa_oil__Oil_C16_1	agri_aa_oil__Oil_C16_1__L025	Zm00001d005624	1	0.0001654433	0.7514735492	3	cis_window	390	False	Delta(8)-fatty-acid desaturase 2	protein_coding	Ensembl Plants release 47 B73 RefGen_v4 GFF3	nominal	fatty_acid_lipid
agri_aa_oil__Oil_C16_1	agri_aa_oil__Oil_C16_1__L039	Zm00001d049181	1	0.0001758881	0.7556375897469388	3	gene_body	0	False	O-methyltransferase ZRP4	protein_coding	Ensembl Plants release 47 B73 RefGen_v4 GFF3	nominal	
agri_aa_oil__Oil_C16_1	agri_aa_oil__Oil_C16_1__L081	Zm00001d047896	1	0.0001786545	0.7556375897469388	3	gene_body	0	False	Chorismate synthase chloroplastic	protein_coding	Ensembl Plants release 47 B73 RefGen_v4 GFF3	nominal	
agri_aa_oil__Oil_C16_1	agri_aa_oil__Oil_C16_1__L083	Zm00001d048016	1	0.0001791553	0.7556375897469388	3	gene_body	0	False	Putative lysM-domain receptor-like protein kinase family protein  	protein_coding	Ensembl Plants release 47 B73 RefGen_v4 GFF3	nominal	
agri_aa_oil__Oil_C16_1	agri_aa_oil__Oil_C16_1__L014	Zm00001d033229	1	0.0001950187	0.7599361184266668	3	promoter	0	False		protein_coding	Ensembl Plants release 47 B73 RefGen_v4 GFF3	nominal	
agri_aa_oil__Oil_C16_1	agri_aa_oil__Oil_C16_1__L063	Zm00001d038269	1	0.0001958353	0.7599361184266668	3	cis_window	2206	False	UPF0503 protein  chloroplastic	protein_coding	Ensembl Plants release 47 B73 RefGen_v4 GFF3	nominal	
agri_aa_oil__Oil_C16_1	agri_aa_oil__Oil_C16_1__L042	Zm00001d051406	1	0.0002047287	0.7599361184266668	3	gene_body	0	False	LYR family of Fe/S cluster biogenesis protein	protein_coding	Ensembl Plants release 47 B73 RefGen_v4 GFF3	nominal	
agri_aa_oil__Oil_C16_1	agri_aa_oil__Oil_C16_1__L029	Zm00001d007078	1	0.0002071379	0.7599361184266668	3	gene_body	0	False	Sugar transport protein 1	protein_coding	Ensembl Plants release 47 B73 RefGen_v4 GFF3	nominal	
agri_aa_oil__Oil_C16_1	agri_aa_oil__Oil_C16_1__L066	Zm00001d020811	1	0.0002152004	0.7599361184266668	3	gene_body	0	False	ABC transporter G family member 11	protein_coding	Ensembl Plants release 47 B73 RefGen_v4 GFF3	nominal	transport_membrane
agri_aa_oil__Oil_C16_1	agri_aa_oil__Oil_C16_1__L084	Zm00001d048076	1	0.0002155835	0.7599361184266668	3	gene_body	0	False	myosin-related	protein_coding	Ensembl Plants release 47 B73 RefGen_v4 GFF3	nominal	
agri_aa_oil__Oil_C16_1	agri_aa_oil__Oil_C16_1__L044	Zm00001d053746	1	0.0002179288	0.7599361184266668	3	cis_window	962	False	Probable WRKY transcription factor 40	protein_coding	Ensembl Plants release 47 B73 RefGen_v4 GFF3	nominal	hormone_stress_regulatory
agri_aa_oil__Oil_C16_1	agri_aa_oil__Oil_C16_1__L026	Zm00001d005688	1	0.0002220689	0.7599361184266668	3	nearest	52175	False	UDP-glycosyltransferase 90A1	protein_coding	Ensembl Plants release 47 B73 RefGen_v4 GFF3	nominal	
agri_aa_oil__Oil_C16_1	agri_aa_oil__Oil_C16_1__L089	Zm00001d024389	1	0.0002247646	0.7599361184266668	3	gene_body	0	False	Putative MADS-box transcription factor family protein  	protein_coding	Ensembl Plants release 47 B73 RefGen_v4 GFF3	nominal	hormone_stress_regulatory
agri_aa_oil__Oil_C16_1	agri_aa_oil__Oil_C16_1__L033	Zm00001d042272	1	0.0002281451	0.7599361184266668	3	gene_body	0	False	Histone-lysine N-methyltransferase H3 lysine-9 specific SUVH4	protein_coding	Ensembl Plants release 47 B73 RefGen_v4 GFF3	nominal	
agri_aa_oil__Oil_C16_1	agri_aa_oil__Oil_C16_1__L015	Zm00001d033879	1	0.000238161	0.7677081421935483	3	gene_body	0	False	BSD domain containing protein  	protein_coding	Ensembl Plants release 47 B73 RefGen_v4 GFF3	nominal	
agri_aa_oil__Oil_C16_1	agri_aa_oil__Oil_C16_1__L028	Zm00001d007018	1	0.0002429422	0.7706897829079364	3	cis_window	260	False		protein_coding	Ensembl Plants release 47 B73 RefGen_v4 GFF3	nominal	
agri_aa_oil__Oil_C16_1	agri_aa_oil__Oil_C16_1__L059	Zm00001d036010	1	0.0002516805	0.77421016704	3	gene_body	0	False	Oligopeptide transporter 7	protein_coding	Ensembl Plants release 47 B73 RefGen_v4 GFF3	nominal	transport_membrane
agri_aa_oil__Oil_C16_1	agri_aa_oil__Oil_C16_1__L092	Zm00001d026287	1	0.0002635814	0.7981564284606062	3	gene_body	0	False	UDP-N-acetylglucosamine diphosphorylase 2	protein_coding	Ensembl Plants release 47 B73 RefGen_v4 GFF3	nominal	
agri_aa_oil__Oil_C16_1	agri_aa_oil__Oil_C16_1__L033	Zm00001d042258	1	0.0002804812	0.8062020029195875	3	gene_body	0	False	RING finger protein	protein_coding	Ensembl Plants release 47 B73 RefGen_v4 GFF3	nominal	
agri_aa_oil__Oil_C16_1	agri_aa_oil__Oil_C16_1__L088	Zm00001d024305	1	0.0002969514	0.8062020029195875	3	cis_window	229	False	Methyl-CpG-binding domain-containing protein 13	protein_coding	Ensembl Plants release 47 B73 RefGen_v4 GFF3	nominal	
agri_aa_oil__Oil_C16_1	agri_aa_oil__Oil_C16_1__L027	Zm00001d006355	1	0.0003116094	0.8062020029195875	3	nearest	25929	False	Protein kinase superfamily protein	protein_coding	Ensembl Plants release 47 B73 RefGen_v4 GFF3	nominal	
agri_aa_oil__Oil_C16_1	agri_aa_oil__Oil_C16_1__L082	Zm00001d047937	1	0.0003127988	0.8062020029195875	3	gene_body	0	False	armadillo repeat only 1	protein_coding	Ensembl Plants release 47 B73 RefGen_v4 GFF3	nominal	
agri_aa_oil__Oil_C16_1	agri_aa_oil__Oil_C16_1__L061	Zm00001d037237	1	0.0003165798	0.8062020029195875	3	nearest	75336	False	NEP1-interacting protein-like 2	protein_coding	Ensembl Plants release 47 B73 RefGen_v4 GFF3	nominal	
agri_aa_oil__Oil_C16_1	agri_aa_oil__Oil_C16_1__L080	Zm00001d047663	1	0.0003195503	0.8062020029195875	3	gene_body	0	False	Acetate/butyrate--CoA ligase AAE7 peroxisomal	protein_coding	Ensembl Plants release 47 B73 RefGen_v4 GFF3	nominal	
agri_aa_oil__Oil_C16_1	agri_aa_oil__Oil_C16_1__L055	Zm00001d018147	1	0.0003215524	0.8062020029195875	3	gene_body	0	False	Phenylalanine--tRNA ligase alpha subunit cytoplasmic	protein_coding	Ensembl Plants release 47 B73 RefGen_v4 GFF3	nominal	
agri_aa_oil__Oil_C16_1	agri_aa_oil__Oil_C16_1__L038	Zm00001d048615	1	0.0003252255	0.8062020029195875	3	promoter	0	False	Putative membrane lipoprotein	protein_coding	Ensembl Plants release 47 B73 RefGen_v4 GFF3	nominal	transport_membrane
agri_aa_oil__Oil_C16_1	agri_aa_oil__Oil_C16_1__L030	Zm00001d007144	1	0.0003299036	0.8062020029195875	3	gene_body	0	False		protein_coding	Ensembl Plants release 47 B73 RefGen_v4 GFF3	nominal	
agri_aa_oil__Oil_C16_1	agri_aa_oil__Oil_C16_1__L065	Zm00001d020696	1	0.000332251	0.8062020029195875	3	cis_window	756	False	Asparate aminotransferase  	protein_coding	Ensembl Plants release 47 B73 RefGen_v4 GFF3	nominal	
agri_aa_oil__Oil_C16_1	agri_aa_oil__Oil_C16_1__L074	Zm00001d012575	1	0.000332969	0.8062020029195875	3	gene_body	0	False	Protein MICRORCHIDIA 6	protein_coding	Ensembl Plants release 47 B73 RefGen_v4 GFF3	nominal	
agri_aa_oil__Oil_C16_1	agri_aa_oil__Oil_C16_1__L069	Zm00001d022622	1	0.0003397985	0.8062020029195875	3	nearest	19840	False	3-dehydroquinate synthase chloroplastic	protein_coding	Ensembl Plants release 47 B73 RefGen_v4 GFF3	nominal	
agri_aa_oil__Oil_C16_1	agri_aa_oil__Oil_C16_1__L085	Zm00001d048308	1	0.0003408263	0.8062020029195875	3	gene_body	0	False	Putative thaumatin domain family protein  	protein_coding	Ensembl Plants release 47 B73 RefGen_v4 GFF3	nominal	
agri_aa_oil__Oil_C16_1	agri_aa_oil__Oil_C16_1__L077	Zm00001d046800	1	0.0003451241	0.8062020029195875	3	gene_body	0	False	Putative serine peptidase S28 family protein  	protein_coding	Ensembl Plants release 47 B73 RefGen_v4 GFF3	nominal	
agri_aa_oil__Oil_C16_1	agri_aa_oil__Oil_C16_1__L051	Zm00001d014991	1	0.0003498971	0.8062020029195875	3	gene_body	0	False	Nucleic acid-binding OB-fold-like protein	protein_coding	Ensembl Plants release 47 B73 RefGen_v4 GFF3	nominal	
agri_aa_oil__Oil_C16_1	agri_aa_oil__Oil_C16_1__L058	Zm00001d035969	1	0.000353947	0.8062020029195875	3	nearest	53206	False	30S ribosomal protein S16 chloroplastic	protein_coding	Ensembl Plants release 47 B73 RefGen_v4 GFF3	nominal	
agri_aa_oil__Oil_C16_1	agri_aa_oil__Oil_C16_1__L078	Zm00001d046919	1	0.000356394	0.8062020029195875	3	gene_body	0	False	Chloride channel protein CLC-b	protein_coding	Ensembl Plants release 47 B73 RefGen_v4 GFF3	nominal	
agri_aa_oil__Oil_C16_1	agri_aa_oil__Oil_C16_1__L013	Zm00001d033098	1	0.0003619391	0.8062020029195875	3	gene_body	0	False	post-illumination chlorophyll fluorescence increase	protein_coding	Ensembl Plants release 47 B73 RefGen_v4 GFF3	nominal	
agri_aa_oil__Oil_C16_1	agri_aa_oil__Oil_C16_1__L064	Zm00001d020055	1	0.0003657053	0.8062020029195875	3	cis_window	2541	False	Polyadenylate-binding protein-interacting protein 9	protein_coding	Ensembl Plants release 47 B73 RefGen_v4 GFF3	nominal	
agri_aa_oil__Oil_C16_1	agri_aa_oil__Oil_C16_1__L049	Zm00001d013868	1	0.0003673573	0.8062020029195875	3	gene_body	0	True	CDPK-related kinase 3	protein_coding	Ensembl Plants release 47 B73 RefGen_v4 GFF3	nominal	
agri_aa_oil__Oil_C16_1	agri_aa_oil__Oil_C16_1__L054	Zm00001d017717	1	0.0003677523	0.8062020029195875	3	gene_body	0	False	ADP-ribosylation factor B1B	protein_coding	Ensembl Plants release 47 B73 RefGen_v4 GFF3	nominal	
agri_aa_oil__Oil_C16_1	agri_aa_oil__Oil_C16_1__L048	Zm00001d013644	1	0.0003737945	0.8062020029195875	3	gene_body	0	False	5-methyltetrahydropteroyltriglutamate--homocysteine methyltransferase 1	protein_coding	Ensembl Plants release 47 B73 RefGen_v4 GFF3	nominal	
agri_aa_oil__Oil_C16_1	agri_aa_oil__Oil_C16_1__L070	Zm00001d008592	1	0.0003772676	0.8062020029195875	3	gene_body	0	False	Putative lipid phosphate phosphatase 3 chloroplastic	protein_coding	Ensembl Plants release 47 B73 RefGen_v4 GFF3	nominal	fatty_acid_lipid
agri_aa_oil__Oil_C16_1	agri_aa_oil__Oil_C16_1__L036	Zm00001d044116	1	0.0003813298	0.8062020029195875	3	gene_body	0	False	Rae1-like protein  	protein_coding	Ensembl Plants release 47 B73 RefGen_v4 GFF3	nominal	
agri_aa_oil__Oil_C16_1	agri_aa_oil__Oil_C16_1__L052	Zm00001d017357	1	0.0003853408	0.8062020029195875	3	gene_body	0	False		protein_coding	Ensembl Plants release 47 B73 RefGen_v4 GFF3	nominal	
agri_aa_oil__Oil_C16_1	agri_aa_oil__Oil_C16_1__L033	Zm00001d042237	1	0.000389393	0.8062020029195875	3	gene_body	0	False	Protein LURP-one-related 2	protein_coding	Ensembl Plants release 47 B73 RefGen_v4 GFF3	nominal	
agri_aa_oil__Oil_C16_1	agri_aa_oil__Oil_C16_1__L082	Zm00001d047931	1	0.0003912897	0.8062020029195875	3	gene_body	0	False	3-ketoacyl-CoA synthase  	protein_coding	Ensembl Plants release 47 B73 RefGen_v4 GFF3	nominal	fatty_acid_lipid
agri_aa_oil__Oil_C16_1	agri_aa_oil__Oil_C16_1__L024	Zm00001d005043	1	0.000404162	0.8144237238183575	3	nearest	133283	False	Probable receptor-like protein kinase 	protein_coding	Ensembl Plants release 47 B73 RefGen_v4 GFF3	nominal	
agri_aa_oil__Oil_C16_1	agri_aa_oil__Oil_C16_1__L073	Zm00001d011835	1	0.0004095228	0.8144237238183575	3	gene_body	0	False	NAD(H) kinase 1	protein_coding	Ensembl Plants release 47 B73 RefGen_v4 GFF3	nominal	
agri_aa_oil__Oil_C16_1	agri_aa_oil__Oil_C16_1__L018	Zm00001d034649	1	0.0004143282	0.8144237238183575	3	gene_body	0	False	zinc knuckle (CCHC-type) family protein	protein_coding	Ensembl Plants release 47 B73 RefGen_v4 GFF3	nominal	
agri_aa_oil__Oil_C16_1	agri_aa_oil__Oil_C16_1__L035	Zm00001d042764	1	0.000419624	0.8144237238183575	3	gene_body	0	False	hemerythrin HHE cation-binding domain protein	protein_coding	Ensembl Plants release 47 B73 RefGen_v4 GFF3	nominal	
agri_aa_oil__Oil_C16_1	agri_aa_oil__Oil_C16_1__L050	Zm00001d014056	1	0.0004249547	0.8144237238183575	3	gene_body	0	False	LRR receptor-like serine/threonine-protein kinase FLS2	protein_coding	Ensembl Plants release 47 B73 RefGen_v4 GFF3	nominal	
agri_aa_oil__Oil_C16_1	agri_aa_oil__Oil_C16_1__L079	Zm00001d047081	1	0.0004332694	0.8144237238183575	3	cis_window	46	False	GATA transcription factor 2	protein_coding	Ensembl Plants release 47 B73 RefGen_v4 GFF3	nominal	hormone_stress_regulatory
agri_aa_oil__Oil_C16_1	agri_aa_oil__Oil_C16_1__L023	Zm00001d003774	1	0.0004505068	0.8144237238183575	3	nearest	62611	False	Metallo-hydrolase/oxidoreductase superfamily protein	protein_coding	Ensembl Plants release 47 B73 RefGen_v4 GFF3	nominal	
agri_aa_oil__Oil_C16_1	agri_aa_oil__Oil_C16_1__L067	Zm00001d021576	1	0.0004511092	0.8144237238183575	3	gene_body	0	False	UDP-glycosyltransferase 71B1	protein_coding	Ensembl Plants release 47 B73 RefGen_v4 GFF3	nominal	
agri_aa_oil__Oil_C16_1	agri_aa_oil__Oil_C16_1__L006	Zm00001d029784	1	0.000451367	0.8144237238183575	3	cis_window	687	False	DUF241 domain protein	protein_coding	Ensembl Plants release 47 B73 RefGen_v4 GFF3	nominal	
agri_aa_oil__Oil_C16_1	agri_aa_oil__Oil_C16_1__L040	Zm00001d050163	1	0.0004641651	0.8144237238183575	3	cis_window	7647	False		protein_coding	Ensembl Plants release 47 B73 RefGen_v4 GFF3	nominal	
agri_aa_oil__Oil_C16_1	agri_aa_oil__Oil_C16_1__L057	Zm00001d035578	1	0.0004669362	0.8144237238183575	3	gene_body	0	False	P-loop containing nucleoside triphosphate hydrolases superfamily protein	protein_coding	Ensembl Plants release 47 B73 RefGen_v4 GFF3	nominal	
agri_aa_oil__Oil_C16_1	agri_aa_oil__Oil_C16_1__L006	Zm00001d029758	1	0.0004781006	0.8144237238183575	3	gene_body	0	False	Calcium-dependent protein kinase 6	protein_coding	Ensembl Plants release 47 B73 RefGen_v4 GFF3	nominal	
agri_aa_oil__Oil_C16_1	agri_aa_oil__Oil_C16_1__L056	Zm00001d018534	1	0.0004795914	0.8144237238183575	3	promoter	0	False	Pentatricopeptide repeat-containing protein  mitochondrial	protein_coding	Ensembl Plants release 47 B73 RefGen_v4 GFF3	nominal	
agri_aa_oil__Oil_C16_1	agri_aa_oil__Oil_C16_1__L008	Zm00001d030014	1	0.0004865829	0.8144237238183575	3	nearest	30178	False	Tobamovirus multiplication protein 2A	protein_coding	Ensembl Plants release 47 B73 RefGen_v4 GFF3	nominal	
agri_aa_oil__Oil_C16_1	agri_aa_oil__Oil_C16_1__L086	Zm00001d024156	1	0.0004880706	0.8144237238183575	3	gene_body	0	False		protein_coding	Ensembl Plants release 47 B73 RefGen_v4 GFF3	nominal	
agri_aa_oil__Oil_C16_1	agri_aa_oil__Oil_C16_1__L007	Zm00001d029896	1	0.0004995596	0.8144237238183575	3	nearest	16168	False	GATA transcription factor 2	protein_coding	Ensembl Plants release 47 B73 RefGen_v4 GFF3	nominal	hormone_stress_regulatory
agri_aa_oil__Oil_C16_1	agri_aa_oil__Oil_C16_1__L020	Zm00001d002274	1	0.0005041011	0.8144237238183575	3	cis_window	225	False	Remorin family protein	protein_coding	Ensembl Plants release 47 B73 RefGen_v4 GFF3	nominal	
agri_aa_oil__Oil_C182_C183	agri_aa_oil__Oil_C182_C183__L069	Zm00001d047747	1	1.867187e-13	3.73168525072e-08	0	gene_body	0	False		protein_coding	Ensembl Plants release 47 B73 RefGen_v4 GFF3	bonferroni_0_05	
agri_aa_oil__Oil_C182_C183	agri_aa_oil__Oil_C182_C183__L069	Zm00001d047707	1	1.34329e-07	0.006711614156	0	gene_body	0	False	40S ribosomal protein S7-2	protein_coding	Ensembl Plants release 47 B73 RefGen_v4 GFF3	bonferroni_0_05	
agri_aa_oil__Oil_C182_C183	agri_aa_oil__Oil_C182_C183__L006	Zm00001d028751	1	1.50626e-06	0.060207019712	2	cis_window	15	False	Protein ESKIMO 1	protein_coding	Ensembl Plants release 47 B73 RefGen_v4 GFF3	suggestive_1e_5	
agri_aa_oil__Oil_C182_C183	agri_aa_oil__Oil_C182_C183__L069	Zm00001d047769	1	2.680801e-06	0.0892956941093333	2	promoter	0	False	 calcium pump3	protein_coding	Ensembl Plants release 47 B73 RefGen_v4 GFF3	suggestive_1e_5	
agri_aa_oil__Oil_C182_C183	agri_aa_oil__Oil_C182_C183__L069	Zm00001d047663	1	4.43118e-06	0.11236329014	2	promoter	0	False	Acetate/butyrate--CoA ligase AAE7 peroxisomal	protein_coding	Ensembl Plants release 47 B73 RefGen_v4 GFF3	suggestive_1e_5	
agri_aa_oil__Oil_C182_C183	agri_aa_oil__Oil_C182_C183__L009	Zm00001d029047	1	4.49777e-06	0.11236329014	2	gene_body	0	False	Receptor-like protein kinase FERONIA	protein_coding	Ensembl Plants release 47 B73 RefGen_v4 GFF3	suggestive_1e_5	
agri_aa_oil__Oil_C182_C183	agri_aa_oil__Oil_C182_C183__L032	Zm00001d044076	1	7.040415e-06	0.1563410200266666	2	promoter	0	False		protein_coding	Ensembl Plants release 47 B73 RefGen_v4 GFF3	suggestive_1e_5	
agri_aa_oil__Oil_C182_C183	agri_aa_oil__Oil_C182_C183__L069	Zm00001d047732	1	8.646398e-06	0.1660658191869091	2	nearest	48206	False	Probable protein phosphatase 2C 30	protein_coding	Ensembl Plants release 47 B73 RefGen_v4 GFF3	suggestive_1e_5	
agri_aa_oil__Oil_C182_C183	agri_aa_oil__Oil_C182_C183__L039	Zm00001d013861	1	9.140201e-06	0.1660658191869091	2	gene_body	0	True	RNA-binding CRS1 / YhbY (CRM) domain protein	protein_coding	Ensembl Plants release 47 B73 RefGen_v4 GFF3	suggestive_1e_5	
agri_aa_oil__Oil_C182_C183	agri_aa_oil__Oil_C182_C183__L034	Zm00001d050482	1	1.373191e-05	0.1833079232	3	nearest	38863	False		protein_coding	Ensembl Plants release 47 B73 RefGen_v4 GFF3	nominal	
agri_aa_oil__Oil_C182_C183	agri_aa_oil__Oil_C182_C183__L025	Zm00001d039380	1	1.396219e-05	0.1833079232	3	gene_body	0	False	Probable pre-mRNA-splicing factor ATP-dependent RNA helicase DEAH9	protein_coding	Ensembl Plants release 47 B73 RefGen_v4 GFF3	nominal	
agri_aa_oil__Oil_C182_C183	agri_aa_oil__Oil_C182_C183__L009	Zm00001d029038	1	1.483807e-05	0.1833079232	3	promoter	0	True	HAD superfamily subfamily IIIB acid phosphatase	protein_coding	Ensembl Plants release 47 B73 RefGen_v4 GFF3	nominal	
agri_aa_oil__Oil_C182_C183	agri_aa_oil__Oil_C182_C183__L040	Zm00001d013984	1	1.670073e-05	0.1833079232	3	gene_body	0	True	Protein EXECUTER 1 chloroplastic	protein_coding	Ensembl Plants release 47 B73 RefGen_v4 GFF3	nominal	
agri_aa_oil__Oil_C182_C183	agri_aa_oil__Oil_C182_C183__L047	Zm00001d018081	1	1.853572e-05	0.1833079232	3	cis_window	247	False	AP2 domain-containing protein  	protein_coding	Ensembl Plants release 47 B73 RefGen_v4 GFF3	nominal	
agri_aa_oil__Oil_C182_C183	agri_aa_oil__Oil_C182_C183__L051	Zm00001d036563	1	1.879887e-05	0.1833079232	3	gene_body	0	False	SWAP (Suppressor-of-White-APricot)/surp RNA-binding domain-containing protein	protein_coding	Ensembl Plants release 47 B73 RefGen_v4 GFF3	nominal	
agri_aa_oil__Oil_C182_C183	agri_aa_oil__Oil_C182_C183__L067	Zm00001d047455	1	2.008678e-05	0.1833079232	3	gene_body	0	False	Alpha-N-acetylglucosaminidase	protein_coding	Ensembl Plants release 47 B73 RefGen_v4 GFF3	nominal	
agri_aa_oil__Oil_C182_C183	agri_aa_oil__Oil_C182_C183__L002	Zm00001d027612	1	2.189839e-05	0.1833079232	3	gene_body	0	False	Glutamate--tRNA ligase cytoplasmic	protein_coding	Ensembl Plants release 47 B73 RefGen_v4 GFF3	nominal	
agri_aa_oil__Oil_C182_C183	agri_aa_oil__Oil_C182_C183__L008	Zm00001d028995	1	2.708313e-05	0.1933116439028571	3	gene_body	0	True	Arabidopsis NAC domain containing protein 87	protein_coding	Ensembl Plants release 47 B73 RefGen_v4 GFF3	nominal	hormone_stress_regulatory
agri_aa_oil__Oil_C182_C183	agri_aa_oil__Oil_C182_C183__L056	Zm00001d038325	1	4.179222e-05	0.2590997708937143	3	cis_window	6444	False		protein_coding	Ensembl Plants release 47 B73 RefGen_v4 GFF3	nominal	
agri_aa_oil__Oil_C182_C183	agri_aa_oil__Oil_C182_C183__L003	Zm00001d027682	1	4.463898e-05	0.2590997708937143	3	gene_body	0	False	WAT1-related protein 	protein_coding	Ensembl Plants release 47 B73 RefGen_v4 GFF3	nominal	
agri_aa_oil__Oil_C182_C183	agri_aa_oil__Oil_C182_C183__L027	Zm00001d042692	1	5.152065e-05	0.273829100992	3	gene_body	0	False	Protein TRANSPARENT TESTA 12	protein_coding	Ensembl Plants release 47 B73 RefGen_v4 GFF3	nominal	
agri_aa_oil__Oil_C182_C183	agri_aa_oil__Oil_C182_C183__L007	Zm00001d028879	1	5.305259e-05	0.273829100992	3	gene_body	0	False	Ocs element-binding factor 1	protein_coding	Ensembl Plants release 47 B73 RefGen_v4 GFF3	nominal	
agri_aa_oil__Oil_C182_C183	agri_aa_oil__Oil_C182_C183__L055	Zm00001d037208	1	5.307524e-05	0.273829100992	3	cis_window	458	False		protein_coding	Ensembl Plants release 47 B73 RefGen_v4 GFF3	nominal	
agri_aa_oil__Oil_C182_C183	agri_aa_oil__Oil_C182_C183__L073	Zm00001d023923	1	5.480528e-05	0.273829100992	3	gene_body	0	False	Disease resistance protein RPM1	protein_coding	Ensembl Plants release 47 B73 RefGen_v4 GFF3	nominal	
agri_aa_oil__Oil_C182_C183	agri_aa_oil__Oil_C182_C183__L005	Zm00001d028606	1	5.711399e-05	0.2784042337912195	3	cis_window	6419	False	Oxysterol-binding protein-related protein 3B	protein_coding	Ensembl Plants release 47 B73 RefGen_v4 GFF3	nominal	fatty_acid_lipid
agri_aa_oil__Oil_C182_C183	agri_aa_oil__Oil_C182_C183__L060	Zm00001d019149	1	6.022874e-05	0.2865970252723809	3	gene_body	0	False	 cellulose synthase4	protein_coding	Ensembl Plants release 47 B73 RefGen_v4 GFF3	nominal	
agri_aa_oil__Oil_C182_C183	agri_aa_oil__Oil_C182_C183__L050	Zm00001d036425	1	6.643518e-05	0.3087783566065116	3	gene_body	0	False	Silky1  	protein_coding	Ensembl Plants release 47 B73 RefGen_v4 GFF3	nominal	
agri_aa_oil__Oil_C182_C183	agri_aa_oil__Oil_C182_C183__L076	Zm00001d025816	1	7.629824e-05	0.3315654413004255	3	nearest	16950	False	DNA mismatch repair protein  	protein_coding	Ensembl Plants release 47 B73 RefGen_v4 GFF3	nominal	
agri_aa_oil__Oil_C182_C183	agri_aa_oil__Oil_C182_C183__L036	Zm00001d051504	1	7.797402e-05	0.3315654413004255	3	gene_body	0	False	Probable purine permease 11	protein_coding	Ensembl Plants release 47 B73 RefGen_v4 GFF3	nominal	
agri_aa_oil__Oil_C182_C183	agri_aa_oil__Oil_C182_C183__L069	Zm00001d047701	1	8.249624e-05	0.3397694754285714	3	gene_body	0	False	Protein SCAR2	protein_coding	Ensembl Plants release 47 B73 RefGen_v4 GFF3	nominal	
agri_aa_oil__Oil_C182_C183	agri_aa_oil__Oil_C182_C183__L010	Zm00001d029180	1	8.33035e-05	0.3397694754285714	3	gene_body	0	False	DNA helicase INO80	protein_coding	Ensembl Plants release 47 B73 RefGen_v4 GFF3	nominal	
agri_aa_oil__Oil_C182_C183	agri_aa_oil__Oil_C182_C183__L016	Zm00001d034847	1	8.639072e-05	0.3405115961788235	3	cis_window	7064	False		protein_coding	Ensembl Plants release 47 B73 RefGen_v4 GFF3	nominal	
agri_aa_oil__Oil_C182_C183	agri_aa_oil__Oil_C182_C183__L026	Zm00001d042613	1	8.689302e-05	0.3405115961788235	3	cis_window	6942	False	RING/FYVE/PHD-type zinc finger family protein	protein_coding	Ensembl Plants release 47 B73 RefGen_v4 GFF3	nominal	
agri_aa_oil__Oil_C182_C183	agri_aa_oil__Oil_C182_C183__L062	Zm00001d008491	1	9.104077e-05	0.3413026405955555	3	cis_window	33	False	Fructose-bisphosphate aldolase  	protein_coding	Ensembl Plants release 47 B73 RefGen_v4 GFF3	nominal	
agri_aa_oil__Oil_C182_C183	agri_aa_oil__Oil_C182_C183__L061	Zm00001d020206	1	9.221811e-05	0.3413026405955555	3	cis_window	7010	False	3-ketoacyl-CoA synthase  	protein_coding	Ensembl Plants release 47 B73 RefGen_v4 GFF3	nominal	fatty_acid_lipid
agri_aa_oil__Oil_C182_C183	agri_aa_oil__Oil_C182_C183__L023	Zm00001d005577	1	9.846255e-05	0.3421998022545454	3	nearest	93649	False	Cytochrome P450 84A1	protein_coding	Ensembl Plants release 47 B73 RefGen_v4 GFF3	nominal	
agri_aa_oil__Oil_C182_C183	agri_aa_oil__Oil_C182_C183__L059	Zm00001d018787	1	0.000105686	0.3421998022545454	3	gene_body	0	False	DEAD-box ATP-dependent RNA helicase 53	protein_coding	Ensembl Plants release 47 B73 RefGen_v4 GFF3	nominal	
agri_aa_oil__Oil_C182_C183	agri_aa_oil__Oil_C182_C183__L045	Zm00001d017367	1	0.0001063966	0.3421998022545454	3	cis_window	1524	False		protein_coding	Ensembl Plants release 47 B73 RefGen_v4 GFF3	nominal	
agri_aa_oil__Oil_C182_C183	agri_aa_oil__Oil_C182_C183__L044	Zm00001d017186	1	0.000106728	0.3421998022545454	3	gene_body	0	False	Shikimate O-hydroxycinnamoyltransferase	protein_coding	Ensembl Plants release 47 B73 RefGen_v4 GFF3	nominal	
agri_aa_oil__Oil_C182_C183	agri_aa_oil__Oil_C182_C183__L056	Zm00001d038300	1	0.0001078915	0.3421998022545454	3	gene_body	0	False	Putative cytochrome P450 superfamily protein  	protein_coding	Ensembl Plants release 47 B73 RefGen_v4 GFF3	nominal	
agri_aa_oil__Oil_C182_C183	agri_aa_oil__Oil_C182_C183__L070	Zm00001d048527	1	0.0001124273	0.3421998022545454	3	gene_body	0	False	Homeobox-leucine zipper protein REVOLUTA	protein_coding	Ensembl Plants release 47 B73 RefGen_v4 GFF3	nominal	
agri_aa_oil__Oil_C182_C183	agri_aa_oil__Oil_C182_C183__L068	Zm00001d047573	1	0.0001130073	0.3421998022545454	3	gene_body	0	False	F-box protein 	protein_coding	Ensembl Plants release 47 B73 RefGen_v4 GFF3	nominal	
agri_aa_oil__Oil_C182_C183	agri_aa_oil__Oil_C182_C183__L034	Zm00001d050484	1	0.000116341	0.3470365208358209	3	nearest	241539	False	Transmembrane 9 superfamily member 9	protein_coding	Ensembl Plants release 47 B73 RefGen_v4 GFF3	nominal	transport_membrane
agri_aa_oil__Oil_C182_C183	agri_aa_oil__Oil_C182_C183__L032	Zm00001d044081	1	0.0001302782	0.351849728908108	3	promoter	0	False	Homeobox-leucine zipper protein ATHB-4  	protein_coding	Ensembl Plants release 47 B73 RefGen_v4 GFF3	nominal	
agri_aa_oil__Oil_C182_C183	agri_aa_oil__Oil_C182_C183__L010	Zm00001d029189	1	0.000133565	0.3559168885333333	3	cis_window	5053	False	R3H domain protein	protein_coding	Ensembl Plants release 47 B73 RefGen_v4 GFF3	nominal	
agri_aa_oil__Oil_C182_C183	agri_aa_oil__Oil_C182_C183__L011	Zm00001d029856	1	0.0001363351	0.3574502552585366	3	gene_body	0	False	NADH dehydrogenase [ubiquinone] 1 beta subcomplex subunit 8 mitochondrial	protein_coding	Ensembl Plants release 47 B73 RefGen_v4 GFF3	nominal	
agri_aa_oil__Oil_C182_C183	agri_aa_oil__Oil_C182_C183__L004	Zm00001d028284	2	0.0001384607	0.3574502552585366	3	gene_body	0	False	Ternary complex factor MIP1  	protein_coding	Ensembl Plants release 47 B73 RefGen_v4 GFF3	nominal	
agri_aa_oil__Oil_C182_C183	agri_aa_oil__Oil_C182_C183__L071	Zm00001d023453	1	0.0001402384	0.3574502552585366	3	cis_window	3805	False		protein_coding	Ensembl Plants release 47 B73 RefGen_v4 GFF3	nominal	
agri_aa_oil__Oil_C182_C183	agri_aa_oil__Oil_C182_C183__L012	Zm00001d030667	1	0.0001431492	0.3574502552585366	3	cis_window	5837	False	Thioredoxin-related  	protein_coding	Ensembl Plants release 47 B73 RefGen_v4 GFF3	nominal	
agri_aa_oil__Oil_C182_C183	agri_aa_oil__Oil_C182_C183__L014	Zm00001d031792	1	0.0001433035	0.3574502552585366	3	promoter	0	False		protein_coding	Ensembl Plants release 47 B73 RefGen_v4 GFF3	nominal	
agri_aa_oil__Oil_C182_C183	agri_aa_oil__Oil_C182_C183__L074	Zm00001d025252	1	0.00014489	0.3574502552585366	3	gene_body	0	False	Membrane-anchored ubiquitin-fold protein 4	protein_coding	Ensembl Plants release 47 B73 RefGen_v4 GFF3	nominal	transport_membrane
agri_aa_oil__Oil_C182_C183	agri_aa_oil__Oil_C182_C183__L028	Zm00001d042812	1	0.0001466602	0.3574502552585366	3	gene_body	0	True	Tetratricopeptide repeat (TPR)-like superfamily protein	protein_coding	Ensembl Plants release 47 B73 RefGen_v4 GFF3	nominal	
agri_aa_oil__Oil_C182_C183	agri_aa_oil__Oil_C182_C183__L075	Zm00001d025644	1	0.0001515603	0.3575962275576471	3	gene_body	0	False	Agmatine deiminase	protein_coding	Ensembl Plants release 47 B73 RefGen_v4 GFF3	nominal	
agri_aa_oil__Oil_C182_C183	agri_aa_oil__Oil_C182_C183__L057	Zm00001d038880	1	0.0001520025	0.3575962275576471	3	gene_body	0	False	Putative CRAL/TRIO domain containing, Sec14p-like phosphatidylinositol transfer family protein  	protein_coding	Ensembl Plants release 47 B73 RefGen_v4 GFF3	nominal	
agri_aa_oil__Oil_C182_C183	agri_aa_oil__Oil_C182_C183__L024	Zm00001d006214	1	0.0001625801	0.3632114907914893	3	gene_body	0	False	Lon protease homolog 2 peroxisomal	protein_coding	Ensembl Plants release 47 B73 RefGen_v4 GFF3	nominal	
agri_aa_oil__Oil_C182_C183	agri_aa_oil__Oil_C182_C183__L046	Zm00001d017502	1	0.0001629767	0.3632114907914893	3	gene_body	0	False	 trehalose-6-phosphate phosphatase6	protein_coding	Ensembl Plants release 47 B73 RefGen_v4 GFF3	nominal	
agri_aa_oil__Oil_C182_C183	agri_aa_oil__Oil_C182_C183__L021	Zm00001d005072	1	0.0001633107	0.3632114907914893	3	gene_body	0	False	F-box/LRR-repeat protein 3	protein_coding	Ensembl Plants release 47 B73 RefGen_v4 GFF3	nominal	
agri_aa_oil__Oil_C182_C183	agri_aa_oil__Oil_C182_C183__L072	Zm00001d023677	1	0.0001666701	0.3632114907914893	3	nearest	49452	False	 sugars will eventually be exported transporter13a	protein_coding	Ensembl Plants release 47 B73 RefGen_v4 GFF3	nominal	transport_membrane
agri_aa_oil__Oil_C182_C183	agri_aa_oil__Oil_C182_C183__L001	Zm00001d027533	1	0.0001697571	0.3632114907914893	3	gene_body	0	False	LysM domain-containing GPI-anchored protein 2	protein_coding	Ensembl Plants release 47 B73 RefGen_v4 GFF3	nominal	
agri_aa_oil__Oil_C182_C183	agri_aa_oil__Oil_C182_C183__L029	Zm00001d042956	1	0.0001708324	0.3632114907914893	3	cis_window	3229	False		protein_coding	Ensembl Plants release 47 B73 RefGen_v4 GFF3	nominal	
agri_aa_oil__Oil_C182_C183	agri_aa_oil__Oil_C182_C183__L045	Zm00001d017361	1	0.0001777301	0.367816012585567	3	gene_body	0	False	hydroxyproline-rich glycoprotein family protein	protein_coding	Ensembl Plants release 47 B73 RefGen_v4 GFF3	nominal	
agri_aa_oil__Oil_C182_C183	agri_aa_oil__Oil_C182_C183__L049	Zm00001d035559	1	0.0001781573	0.367816012585567	3	gene_body	0	False	Expressed protein; Mannose-specific jacalin-related lectin;  protein	protein_coding	Ensembl Plants release 47 B73 RefGen_v4 GFF3	nominal	
agri_aa_oil__Oil_C182_C183	agri_aa_oil__Oil_C182_C183__L027	Zm00001d042686	1	0.0001785193	0.367816012585567	3	gene_body	0	False	Protein SENSITIVE TO PROTON RHIZOTOXICITY 1	protein_coding	Ensembl Plants release 47 B73 RefGen_v4 GFF3	nominal	
agri_aa_oil__Oil_C182_C183	agri_aa_oil__Oil_C182_C183__L020	Zm00001d005029	1	0.0001823768	0.3719295687836734	3	gene_body	0	False	Protein SCARECROW	protein_coding	Ensembl Plants release 47 B73 RefGen_v4 GFF3	nominal	
agri_aa_oil__Oil_C182_C183	agri_aa_oil__Oil_C182_C183__L018	Zm00001d003038	1	0.0001905516	0.3846755613090909	3	gene_body	0	False		protein_coding	Ensembl Plants release 47 B73 RefGen_v4 GFF3	nominal	
agri_aa_oil__Oil_C182_C183	agri_aa_oil__Oil_C182_C183__L058	Zm00001d039078	1	0.0001950334	0.38711671870099	3	cis_window	641	False	Putative pentatricopeptide repeat family protein  	protein_coding	Ensembl Plants release 47 B73 RefGen_v4 GFF3	nominal	
agri_aa_oil__Oil_C182_C183	agri_aa_oil__Oil_C182_C183__L031	Zm00001d043445	1	0.0001956348	0.38711671870099	3	gene_body	0	False	Dihydroorotase  	protein_coding	Ensembl Plants release 47 B73 RefGen_v4 GFF3	nominal	
agri_aa_oil__Oil_C182_C183	agri_aa_oil__Oil_C182_C183__L013	Zm00001d031689	1	0.000199134	0.3900141331262136	3	gene_body	0	False	PTI1-like tyrosine-protein kinase 3	protein_coding	Ensembl Plants release 47 B73 RefGen_v4 GFF3	nominal	
agri_aa_oil__Oil_C182_C183	agri_aa_oil__Oil_C182_C183__L065	Zm00001d012708	1	0.000201002	0.3900141331262136	3	gene_body	0	False	Pentatricopeptide repeat-containing protein 	protein_coding	Ensembl Plants release 47 B73 RefGen_v4 GFF3	nominal	
agri_aa_oil__Oil_C182_C183	agri_aa_oil__Oil_C182_C183__L053	Zm00001d037009	1	0.0002107671	0.4033549826392523	3	gene_body	0	False	FAD-binding Berberine family protein	protein_coding	Ensembl Plants release 47 B73 RefGen_v4 GFF3	nominal	
agri_aa_oil__Oil_C182_C183	agri_aa_oil__Oil_C182_C183__L010	Zm00001d029141	1	0.0002128537	0.4033549826392523	3	promoter	0	False	E3 ubiquitin-protein ligase MIEL1	protein_coding	Ensembl Plants release 47 B73 RefGen_v4 GFF3	nominal	
agri_aa_oil__Oil_C182_C183	agri_aa_oil__Oil_C182_C183__L017	Zm00001d001899	1	0.0002158551	0.4033549826392523	3	gene_body	0	False	 acidic ribosomal protein P2a-3	protein_coding	Ensembl Plants release 47 B73 RefGen_v4 GFF3	nominal	
agri_aa_oil__Oil_C182_C183	agri_aa_oil__Oil_C182_C183__L042	Zm00001d016926	1	0.0002210925	0.4068771126311926	3	gene_body	0	False	ATATH13  	protein_coding	Ensembl Plants release 47 B73 RefGen_v4 GFF3	nominal	
agri_aa_oil__Oil_C182_C183	agri_aa_oil__Oil_C182_C183__L054	Zm00001d037057	1	0.0002219078	0.4068771126311926	3	gene_body	0	False	Transmembrane amino acid transporter family protein	protein_coding	Ensembl Plants release 47 B73 RefGen_v4 GFF3	nominal	transport_membrane
agri_aa_oil__Oil_C182_C183	agri_aa_oil__Oil_C182_C183__L034	Zm00001d050490	1	0.0002280511	0.4142523198867257	3	cis_window	3803	False	Beta-glucosidase 11	protein_coding	Ensembl Plants release 47 B73 RefGen_v4 GFF3	nominal	
agri_aa_oil__Oil_C182_C183	agri_aa_oil__Oil_C182_C183__L071	Zm00001d023480	1	0.0002313836	0.4142523198867257	3	gene_body	0	False	plant U-box 24	protein_coding	Ensembl Plants release 47 B73 RefGen_v4 GFF3	nominal	
agri_aa_oil__Oil_C182_C183	agri_aa_oil__Oil_C182_C183__L027	Zm00001d042714	1	0.0002335723	0.4142523198867257	3	gene_body	0	False	Protein S-acyltransferase 8	protein_coding	Ensembl Plants release 47 B73 RefGen_v4 GFF3	nominal	fatty_acid_lipid
agri_aa_oil__Oil_C182_C183	agri_aa_oil__Oil_C182_C183__L043	Zm00001d016987	1	0.0002342212	0.4142523198867257	3	nearest	24736	False	Potassium channel KAT3	protein_coding	Ensembl Plants release 47 B73 RefGen_v4 GFF3	nominal	
agri_aa_oil__Oil_C182_C183	agri_aa_oil__Oil_C182_C183__L041	Zm00001d014616	1	0.0002476008	0.41476802685	3	nearest	14407	False	transducin family protein / WD-40 repeat family protein	protein_coding	Ensembl Plants release 47 B73 RefGen_v4 GFF3	nominal	
agri_aa_oil__Oil_C182_C183	agri_aa_oil__Oil_C182_C183__L063	Zm00001d009152	1	0.0002496025	0.41476802685	3	cis_window	212	True	Pectin acetylesterase 12	protein_coding	Ensembl Plants release 47 B73 RefGen_v4 GFF3	nominal	
agri_aa_oil__Oil_C182_C183	agri_aa_oil__Oil_C182_C183__L030	Zm00001d043222	1	0.0002511846	0.41476802685	3	gene_body	0	False	Pectin lyase-like superfamily protein	protein_coding	Ensembl Plants release 47 B73 RefGen_v4 GFF3	nominal	
agri_aa_oil__Oil_C182_C183	agri_aa_oil__Oil_C182_C183__L069	Zm00001d047788	1	0.0002530694	0.41476802685	3	gene_body	0	False	Histone H2B  	protein_coding	Ensembl Plants release 47 B73 RefGen_v4 GFF3	nominal	
agri_aa_oil__Oil_C182_C183	agri_aa_oil__Oil_C182_C183__L035	Zm00001d051431	1	0.0002560025	0.41476802685	3	gene_body	0	False	Serine/threonine-protein kinase WNK8	protein_coding	Ensembl Plants release 47 B73 RefGen_v4 GFF3	nominal	
agri_aa_oil__Oil_C182_C183	agri_aa_oil__Oil_C182_C183__L064	Zm00001d010899	1	0.0002564213	0.41476802685	3	gene_body	0	False	Os05g0140333 protein	protein_coding	Ensembl Plants release 47 B73 RefGen_v4 GFF3	nominal	
agri_aa_oil__Oil_C182_C183	agri_aa_oil__Oil_C182_C183__L045	Zm00001d017363	1	0.0002585336	0.41476802685	3	gene_body	0	False	Survival motor neuron containing protein  	protein_coding	Ensembl Plants release 47 B73 RefGen_v4 GFF3	nominal	
agri_aa_oil__Oil_C182_C183	agri_aa_oil__Oil_C182_C183__L005	Zm00001d028612	1	0.0002598578	0.41476802685	3	gene_body	0	False	Expressed protein;  protein	protein_coding	Ensembl Plants release 47 B73 RefGen_v4 GFF3	nominal	
agri_aa_oil__Oil_C182_C183	agri_aa_oil__Oil_C182_C183__L022	Zm00001d005442	1	0.0002629475	0.41476802685	3	gene_body	0	False	Ankyrin repeat family protein	protein_coding	Ensembl Plants release 47 B73 RefGen_v4 GFF3	nominal	
agri_aa_oil__Oil_C182_C183	agri_aa_oil__Oil_C182_C183__L015	Zm00001d033673	1	0.0002640852	0.41476802685	3	nearest	50260	False	Transcription factor TEOSINTE BRANCHED 1  	protein_coding	Ensembl Plants release 47 B73 RefGen_v4 GFF3	nominal	hormone_stress_regulatory
agri_aa_oil__Oil_C182_C183	agri_aa_oil__Oil_C182_C183__L020	Zm00001d005023	1	0.0002655575	0.41476802685	3	cis_window	244	False	40S ribosomal protein S16  	protein_coding	Ensembl Plants release 47 B73 RefGen_v4 GFF3	nominal	
agri_aa_oil__Oil_C182_C183	agri_aa_oil__Oil_C182_C183__L033	Zm00001d050021	1	0.0002656385	0.41476802685	3	gene_body	0	False	 abscisic acid 8'-hydroxylase3	protein_coding	Ensembl Plants release 47 B73 RefGen_v4 GFF3	nominal	
agri_aa_oil__Oil_C182_C183	agri_aa_oil__Oil_C182_C183__L068	Zm00001d047574	1	0.0002679118	0.4150680674480621	3	gene_body	0	False		protein_coding	Ensembl Plants release 47 B73 RefGen_v4 GFF3	nominal	
agri_aa_oil__Oil_C182_C183	agri_aa_oil__Oil_C182_C183__L052	Zm00001d036892	1	0.0002790013	0.418033835270073	3	gene_body	0	False	RNA polymerase Rpc34 subunit family protein  	protein_coding	Ensembl Plants release 47 B73 RefGen_v4 GFF3	nominal	
agri_aa_oil__Oil_C182_C183	agri_aa_oil__Oil_C182_C183__L070	Zm00001d048518	1	0.0002836726	0.418033835270073	3	gene_body	0	False	HVA22-like protein i	protein_coding	Ensembl Plants release 47 B73 RefGen_v4 GFF3	nominal	
agri_aa_oil__Oil_C182_C183	agri_aa_oil__Oil_C182_C183__L069	Zm00001d047685	1	0.0002919023	0.4204299394685314	3	promoter	0	False	Probable galacturonosyltransferase-like 7	protein_coding	Ensembl Plants release 47 B73 RefGen_v4 GFF3	nominal	
agri_aa_oil__Oil_C182_C183	agri_aa_oil__Oil_C182_C183__L019	Zm00001d004468	1	0.0002947674	0.4204299394685314	3	cis_window	259	False	Werner Syndrome-like exonuclease	protein_coding	Ensembl Plants release 47 B73 RefGen_v4 GFF3	nominal	
agri_aa_oil__Oil_C182_C183	agri_aa_oil__Oil_C182_C183__L037	Zm00001d051569	1	0.0002948711	0.4204299394685314	3	cis_window	97	False	Transcription factor bHLH63	protein_coding	Ensembl Plants release 47 B73 RefGen_v4 GFF3	nominal	hormone_stress_regulatory
agri_aa_oil__Oil_C182_C183	agri_aa_oil__Oil_C182_C183__L066	Zm00001d046803	1	0.0002982738	0.4204299394685314	3	gene_body	0	False	Protein POLAR LOCALIZATION DURING ASYMMETRIC DIVISION AND REDISTRIBUTION	protein_coding	Ensembl Plants release 47 B73 RefGen_v4 GFF3	nominal	
agri_aa_oil__Oil_C182_C183	agri_aa_oil__Oil_C182_C183__L048	Zm00001d035337	1	0.000300824	0.4204299394685314	3	nearest	101078	False	GDP-L-galactose phosphorylase 1	protein_coding	Ensembl Plants release 47 B73 RefGen_v4 GFF3	nominal	
agri_aa_oil__Oil_C182_C183	agri_aa_oil__Oil_C182_C183__L038	Zm00001d012800	1	0.0003061233	0.421935022377931	3	gene_body	0	False	RNA-binding ASCH domain protein	protein_coding	Ensembl Plants release 47 B73 RefGen_v4 GFF3	nominal	
agri_aa_oil__Oil_C18_0	agri_aa_oil__Oil_C18_0__L057	Zm00001d036982	1	4.249377000000001e-17	8.492464922040002e-12	0	cis_window	10	True	 linoleic acid1	protein_coding	Ensembl Plants release 47 B73 RefGen_v4 GFF3	bonferroni_0_05	fatty_acid_lipid
agri_aa_oil__Oil_C18_0	agri_aa_oil__Oil_C18_0__L070	Zm00001d009152	1	2.629237e-13	1.31364568231e-08	0	cis_window	212	True	Pectin acetylesterase 12	protein_coding	Ensembl Plants release 47 B73 RefGen_v4 GFF3	bonferroni_0_05	
agri_aa_oil__Oil_C18_0	agri_aa_oil__Oil_C18_0__L070	Zm00001d009147	1	4.007049e-12	1.33469459458e-07	0	gene_body	0	True	CONTAINS InterPro DOMAIN/s: NEFA-interacting nuclear protein NIP30 N-terminal (InterPro:IPR019331); Has 398 Blast hits to 395 proteins in 139 species: Archae - 0; Bacteria - 6; Metazoa - 193; Fungi - 83; Plants - 36; Viruses - 0; Other Eukaryotes - /.../ource: NCBI BLink).	protein_coding	Ensembl Plants release 47 B73 RefGen_v4 GFF3	bonferroni_0_05	
agri_aa_oil__Oil_C18_0	agri_aa_oil__Oil_C18_0__L043	Zm00001d053579	1	5.069995e-08	0.0007237490291	0	gene_body	0	False	 cytokinin oxidase8b	protein_coding	Ensembl Plants release 47 B73 RefGen_v4 GFF3	bonferroni_0_05	
agri_aa_oil__Oil_C18_0	agri_aa_oil__Oil_C18_0__L065	Zm00001d021280	1	1.069619e-07	0.0014251033092533	0	cis_window	1109	False	Endoglucanase 24	protein_coding	Ensembl Plants release 47 B73 RefGen_v4 GFF3	bonferroni_0_05	
agri_aa_oil__Oil_C18_0	agri_aa_oil__Oil_C18_0__L019	Zm00001d003941	1	1.555223e-07	0.001942590168725	0	gene_body	0	False	Probable metal-nicotianamine transporter YSL6	protein_coding	Ensembl Plants release 47 B73 RefGen_v4 GFF3	bonferroni_0_05	transport_membrane
agri_aa_oil__Oil_C18_0	agri_aa_oil__Oil_C18_0__L057	Zm00001d036933	1	1.687495e-07	0.001983819122	0	cis_window	424	False	Aldehyde dehydrogenase family 2 member C4	protein_coding	Ensembl Plants release 47 B73 RefGen_v4 GFF3	bonferroni_0_05	
agri_aa_oil__Oil_C18_0	agri_aa_oil__Oil_C18_0__L029	Zm00001d043206	1	1.950026e-07	0.00202828096058	0	gene_body	0	False	Putative E3 ubiquitin-protein ligase RING1a	protein_coding	Ensembl Plants release 47 B73 RefGen_v4 GFF3	bonferroni_0_05	
agri_aa_oil__Oil_C18_0	agri_aa_oil__Oil_C18_0__L068	Zm00001d008993	1	1.989054e-07	0.00202828096058	0	gene_body	0	False	DUF4378 domain protein	protein_coding	Ensembl Plants release 47 B73 RefGen_v4 GFF3	bonferroni_0_05	
agri_aa_oil__Oil_C18_0	agri_aa_oil__Oil_C18_0__L014	Zm00001d002269	1	2.166627e-07	0.0020619273295428	0	promoter	0	False	Potassium transporter 17  	protein_coding	Ensembl Plants release 47 B73 RefGen_v4 GFF3	bonferroni_0_05	transport_membrane
agri_aa_oil__Oil_C18_0	agri_aa_oil__Oil_C18_0__L013	Zm00001d001861	1	2.996448e-07	0.0027220278440727	1	gene_body	0	False	TPR domain containing protein  	protein_coding	Ensembl Plants release 47 B73 RefGen_v4 GFF3	fdr_0_05	
agri_aa_oil__Oil_C18_0	agri_aa_oil__Oil_C18_0__L080	Zm00001d023841	1	3.513092e-07	0.002872343291904	1	gene_body	0	False	P-loop nucleoside triphosphate hydrolases superfamily protein with CH (Calponin Homology) domain	protein_coding	Ensembl Plants release 47 B73 RefGen_v4 GFF3	fdr_0_05	
agri_aa_oil__Oil_C18_0	agri_aa_oil__Oil_C18_0__L022	Zm00001d005818	1	3.593088e-07	0.002872343291904	1	cis_window	2517	False	Aldehyde dehydrogenase family 7 member B4	protein_coding	Ensembl Plants release 47 B73 RefGen_v4 GFF3	fdr_0_05	
agri_aa_oil__Oil_C18_0	agri_aa_oil__Oil_C18_0__L009	Zm00001d033462	1	3.990013e-07	0.0030669695310615	1	cis_window	2456	False	Auxin responsive protein	protein_coding	Ensembl Plants release 47 B73 RefGen_v4 GFF3	fdr_0_05	hormone_stress_regulatory
agri_aa_oil__Oil_C18_0	agri_aa_oil__Oil_C18_0__L054	Zm00001d018257	1	4.630307e-07	0.0034273189428296	1	gene_body	0	False		protein_coding	Ensembl Plants release 47 B73 RefGen_v4 GFF3	fdr_0_05	
agri_aa_oil__Oil_C18_0	agri_aa_oil__Oil_C18_0__L054	Zm00001d018243	1	5.554532e-07	0.0039645868902285	1	gene_body	0	False	Replication factor C subunit 5	protein_coding	Ensembl Plants release 47 B73 RefGen_v4 GFF3	fdr_0_05	
agri_aa_oil__Oil_C18_0	agri_aa_oil__Oil_C18_0__L015	Zm00001d002349	1	5.889762e-07	0.0040588990180137	1	gene_body	0	False	 kaurene synthase3	protein_coding	Ensembl Plants release 47 B73 RefGen_v4 GFF3	fdr_0_05	
agri_aa_oil__Oil_C18_0	agri_aa_oil__Oil_C18_0__L062	Zm00001d019149	1	1.109325e-06	0.0073900273299999	1	gene_body	0	False	 cellulose synthase4	protein_coding	Ensembl Plants release 47 B73 RefGen_v4 GFF3	fdr_0_05	
agri_aa_oil__Oil_C18_0	agri_aa_oil__Oil_C18_0__L069	Zm00001d009125	1	1.173615e-06	0.007566106612258	1	gene_body	0	False	Carbohydrate-binding-like fold	protein_coding	Ensembl Plants release 47 B73 RefGen_v4 GFF3	fdr_0_05	
agri_aa_oil__Oil_C18_0	agri_aa_oil__Oil_C18_0__L037	Zm00001d050310	2	1.723516e-06	0.0107640037385	1	gene_body	0	False	Homeodomain leucine zipper protein CPHB-5; Putative homeobox DNA-binding and leucine zipper domain family protein  	protein_coding	Ensembl Plants release 47 B73 RefGen_v4 GFF3	fdr_0_05	
agri_aa_oil__Oil_C18_0	agri_aa_oil__Oil_C18_0__L024	Zm00001d006948	1	2.170766e-06	0.012759762548	1	gene_body	0	False	Cytochrome P450 709B2	protein_coding	Ensembl Plants release 47 B73 RefGen_v4 GFF3	fdr_0_05	
agri_aa_oil__Oil_C18_0	agri_aa_oil__Oil_C18_0__L008	Zm00001d033265	1	2.828858e-06	0.0157042480282222	1	nearest	24830	False	MYB-type transcription factor  	protein_coding	Ensembl Plants release 47 B73 RefGen_v4 GFF3	fdr_0_05	hormone_stress_regulatory
agri_aa_oil__Oil_C18_0	agri_aa_oil__Oil_C18_0__L066	Zm00001d021617	1	4.207238e-06	0.0221269718098947	1	gene_body	0	False	Protein FAR1-RELATED SEQUENCE 5	protein_coding	Ensembl Plants release 47 B73 RefGen_v4 GFF3	fdr_0_05	
agri_aa_oil__Oil_C18_0	agri_aa_oil__Oil_C18_0__L067	Zm00001d021659	1	4.514701e-06	0.0231351801090256	1	gene_body	0	False	TBC domain containing protein  	protein_coding	Ensembl Plants release 47 B73 RefGen_v4 GFF3	fdr_0_05	
agri_aa_oil__Oil_C18_0	agri_aa_oil__Oil_C18_0__L053	Zm00001d017944	1	4.677006e-06	0.0231420036987317	1	gene_body	0	False		protein_coding	Ensembl Plants release 47 B73 RefGen_v4 GFF3	fdr_0_05	
agri_aa_oil__Oil_C18_0	agri_aa_oil__Oil_C18_0__L016	Zm00001d003124	1	4.747624e-06	0.0231420036987317	1	nearest	11116	False	DNA glycosylase superfamily protein	protein_coding	Ensembl Plants release 47 B73 RefGen_v4 GFF3	fdr_0_05	
agri_aa_oil__Oil_C18_0	agri_aa_oil__Oil_C18_0__L020	Zm00001d005450	1	5.590673e-06	0.0266025519141904	1	gene_body	0	False	PTI1-like tyrosine-protein kinase 3	protein_coding	Ensembl Plants release 47 B73 RefGen_v4 GFF3	fdr_0_05	
agri_aa_oil__Oil_C18_0	agri_aa_oil__Oil_C18_0__L059	Zm00001d038915	1	6.170755e-06	0.0286799471688372	1	gene_body	0	False	Putative WAK receptor-like protein kinase family protein  	protein_coding	Ensembl Plants release 47 B73 RefGen_v4 GFF3	fdr_0_05	
agri_aa_oil__Oil_C18_0	agri_aa_oil__Oil_C18_0__L079	Zm00001d046624	1	7.861721e-06	0.035708651483909	1	gene_body	0	False	Probable E3 ubiquitin ligase SUD1	protein_coding	Ensembl Plants release 47 B73 RefGen_v4 GFF3	fdr_0_05	
agri_aa_oil__Oil_C18_0	agri_aa_oil__Oil_C18_0__L057	Zm00001d036956	1	8.515191e-06	0.0378172878162666	1	gene_body	0	True	Tetraspanin-2	protein_coding	Ensembl Plants release 47 B73 RefGen_v4 GFF3	fdr_0_05	
agri_aa_oil__Oil_C18_0	agri_aa_oil__Oil_C18_0__L048	Zm00001d013603	1	1.006791e-05	0.0437411293330434	1	gene_body	0	True	Type IV inositol polyphosphate 5-phosphatase 7	protein_coding	Ensembl Plants release 47 B73 RefGen_v4 GFF3	fdr_0_05	
agri_aa_oil__Oil_C18_0	agri_aa_oil__Oil_C18_0__L015	Zm00001d002338	1	1.108261e-05	0.0470510764192	1	gene_body	0	False	UDP-N-acetylglucosamine diphosphorylase 2	protein_coding	Ensembl Plants release 47 B73 RefGen_v4 GFF3	fdr_0_05	
agri_aa_oil__Oil_C18_0	agri_aa_oil__Oil_C18_0__L055	Zm00001d036483	1	1.133853e-05	0.0470510764192	1	promoter	0	False	Subtilisin-like protease SBT2.6	protein_coding	Ensembl Plants release 47 B73 RefGen_v4 GFF3	fdr_0_05	
agri_aa_oil__Oil_C18_0	agri_aa_oil__Oil_C18_0__L075	Zm00001d012702	1	1.161246e-05	0.0470510764192	1	gene_body	0	False	Phosphoenolpyruvate carboxylase 3	protein_coding	Ensembl Plants release 47 B73 RefGen_v4 GFF3	fdr_0_05	
agri_aa_oil__Oil_C18_0	agri_aa_oil__Oil_C18_0__L005	Zm00001d031625	1	1.177148e-05	0.0470510764192	1	nearest	70476	False	Transcription factor MADS37	protein_coding	Ensembl Plants release 47 B73 RefGen_v4 GFF3	fdr_0_05	hormone_stress_regulatory
agri_aa_oil__Oil_C18_0	agri_aa_oil__Oil_C18_0__L004	Zm00001d030663	1	1.216614e-05	0.04767504728	1	nearest	26910	False	DNAJ heat shock N-terminal domain-containing protein	protein_coding	Ensembl Plants release 47 B73 RefGen_v4 GFF3	fdr_0_05	
agri_aa_oil__Oil_C18_0	agri_aa_oil__Oil_C18_0__L047	Zm00001d013296	1	1.262988e-05	0.048540514956923	1	gene_body	0	False	ATP sulfurylase 1 chloroplastic	protein_coding	Ensembl Plants release 47 B73 RefGen_v4 GFF3	fdr_0_05	
agri_aa_oil__Oil_C18_0	agri_aa_oil__Oil_C18_0__L051	Zm00001d016696	1	1.367451e-05	0.0506088550466666	3	gene_body	0	False	alpha/beta-Hydrolases superfamily protein	protein_coding	Ensembl Plants release 47 B73 RefGen_v4 GFF3	nominal	
agri_aa_oil__Oil_C18_0	agri_aa_oil__Oil_C18_0__L039	Zm00001d051329	1	1.432734e-05	0.0520608646123636	3	gene_body	0	False	Vesicle-associated protein 2-1	protein_coding	Ensembl Plants release 47 B73 RefGen_v4 GFF3	nominal	
agri_aa_oil__Oil_C18_0	agri_aa_oil__Oil_C18_0__L015	Zm00001d002341	1	1.478914e-05	0.0527792715585714	3	promoter	0	False	OSJNBa0070C17.17 protein;  protein	protein_coding	Ensembl Plants release 47 B73 RefGen_v4 GFF3	nominal	
agri_aa_oil__Oil_C18_0	agri_aa_oil__Oil_C18_0__L011	Zm00001d034298	1	1.505652e-05	0.0527908006147368	3	nearest	20667	False	Transcription factor PIF4	protein_coding	Ensembl Plants release 47 B73 RefGen_v4 GFF3	nominal	hormone_stress_regulatory
agri_aa_oil__Oil_C18_0	agri_aa_oil__Oil_C18_0__L030	Zm00001d043599	1	1.539329e-05	0.0530410309151724	3	gene_body	0	False	ABC transporter B family member 15	protein_coding	Ensembl Plants release 47 B73 RefGen_v4 GFF3	nominal	transport_membrane
agri_aa_oil__Oil_C18_0	agri_aa_oil__Oil_C18_0__L042	Zm00001d053548	1	1.673083e-05	0.0566086452473333	3	gene_body	0	False	Shaggy-related protein kinase iota	protein_coding	Ensembl Plants release 47 B73 RefGen_v4 GFF3	nominal	
agri_aa_oil__Oil_C18_0	agri_aa_oil__Oil_C18_0__L022	Zm00001d005842	1	1.699517e-05	0.0566086452473333	3	promoter	0	False	saposin B domain-containing protein	protein_coding	Ensembl Plants release 47 B73 RefGen_v4 GFF3	nominal	
agri_aa_oil__Oil_C18_0	agri_aa_oil__Oil_C18_0__L033	Zm00001d044510	1	1.836033e-05	0.0584933078975	3	gene_body	0	False	DEAD-box ATP-dependent RNA helicase 14	protein_coding	Ensembl Plants release 47 B73 RefGen_v4 GFF3	nominal	
agri_aa_oil__Oil_C18_0	agri_aa_oil__Oil_C18_0__L041	Zm00001d053382	1	1.841285e-05	0.0584933078975	3	gene_body	0	False	Extra-large G-protein-like;  protein	protein_coding	Ensembl Plants release 47 B73 RefGen_v4 GFF3	nominal	
agri_aa_oil__Oil_C18_0	agri_aa_oil__Oil_C18_0__L074	Zm00001d011785	1	1.866053e-05	0.0584933078975	3	promoter	0	False	Transcription factor LUX	protein_coding	Ensembl Plants release 47 B73 RefGen_v4 GFF3	nominal	hormone_stress_regulatory
agri_aa_oil__Oil_C18_0	agri_aa_oil__Oil_C18_0__L045	Zm00001d054093	1	1.873172e-05	0.0584933078975	3	cis_window	1400	False	Senescence-associated protein DIN1  	protein_coding	Ensembl Plants release 47 B73 RefGen_v4 GFF3	nominal	
agri_aa_oil__Oil_C18_0	agri_aa_oil__Oil_C18_0__L010	Zm00001d034066	1	2.333462e-05	0.0706586435793939	3	gene_body	0	False	UDP-glycosyltransferase 83A1	protein_coding	Ensembl Plants release 47 B73 RefGen_v4 GFF3	nominal	
agri_aa_oil__Oil_C18_0	agri_aa_oil__Oil_C18_0__L032	Zm00001d044288	1	2.56874e-05	0.0752883612962318	3	gene_body	0	False	alpha/beta-Hydrolases superfamily protein	protein_coding	Ensembl Plants release 47 B73 RefGen_v4 GFF3	nominal	
agri_aa_oil__Oil_C18_0	agri_aa_oil__Oil_C18_0__L002	Zm00001d028272	1	2.59491e-05	0.0752883612962318	3	gene_body	0	False	Sec-independent protein translocase protein TATC, chloroplastic  	protein_coding	Ensembl Plants release 47 B73 RefGen_v4 GFF3	nominal	
agri_aa_oil__Oil_C18_0	agri_aa_oil__Oil_C18_0__L010	Zm00001d034072	1	2.599372e-05	0.0752883612962318	3	gene_body	0	False	UDP-glucose 6-dehydrogenase  	protein_coding	Ensembl Plants release 47 B73 RefGen_v4 GFF3	nominal	
agri_aa_oil__Oil_C18_0	agri_aa_oil__Oil_C18_0__L033	Zm00001d044497	1	2.663396e-05	0.0760407167702857	3	gene_body	0	False	Thioredoxin family Trp26	protein_coding	Ensembl Plants release 47 B73 RefGen_v4 GFF3	nominal	
agri_aa_oil__Oil_C18_0	agri_aa_oil__Oil_C18_0__L081	Zm00001d025690	1	2.718319e-05	0.0765157026461971	3	gene_body	0	False	Isocitrate dehydrogenase [NAD] regulatory subunit 3 mitochondrial	protein_coding	Ensembl Plants release 47 B73 RefGen_v4 GFF3	nominal	
agri_aa_oil__Oil_C18_0	agri_aa_oil__Oil_C18_0__L003	Zm00001d028797	1	2.805583e-05	0.0778751907938888	3	gene_body	0	False	Laccase-13	protein_coding	Ensembl Plants release 47 B73 RefGen_v4 GFF3	nominal	
agri_aa_oil__Oil_C18_0	agri_aa_oil__Oil_C18_0__L061	Zm00001d019066	1	2.892929e-05	0.0790438156113513	3	gene_body	0	False	Subtilisin-like protease SBT4.4	protein_coding	Ensembl Plants release 47 B73 RefGen_v4 GFF3	nominal	
agri_aa_oil__Oil_C18_0	agri_aa_oil__Oil_C18_0__L059	Zm00001d038857	1	2.926787e-05	0.0790438156113513	3	gene_body	0	False	Chaperonin CPN60-like 2 mitochondrial	protein_coding	Ensembl Plants release 47 B73 RefGen_v4 GFF3	nominal	
agri_aa_oil__Oil_C18_0	agri_aa_oil__Oil_C18_0__L040	Zm00001d052947	1	3.053034e-05	0.080245120090909	3	cis_window	616	False	DNAJ heat shock N-terminal domain-containing protein	protein_coding	Ensembl Plants release 47 B73 RefGen_v4 GFF3	nominal	
agri_aa_oil__Oil_C18_0	agri_aa_oil__Oil_C18_0__L001	Zm00001d027934	1	3.091725e-05	0.080245120090909	3	gene_body	0	True	 leucine-rich transmembrane protein kinase1	protein_coding	Ensembl Plants release 47 B73 RefGen_v4 GFF3	nominal	transport_membrane
agri_aa_oil__Oil_C18_0	agri_aa_oil__Oil_C18_0__L033	Zm00001d044490	1	3.149177e-05	0.0806883745902564	3	cis_window	4677	False	Pentatricopeptide repeat-containing protein  mitochondrial	protein_coding	Ensembl Plants release 47 B73 RefGen_v4 GFF3	nominal	
agri_aa_oil__Oil_C18_0	agri_aa_oil__Oil_C18_0__L007	Zm00001d032338	1	3.302718e-05	0.0826985827295	3	gene_body	0	False	Polynucleotidyl transferase ribonuclease H-like superfamily protein	protein_coding	Ensembl Plants release 47 B73 RefGen_v4 GFF3	nominal	
agri_aa_oil__Oil_C18_0	agri_aa_oil__Oil_C18_0__L023	Zm00001d006212	1	3.310393e-05	0.0826985827295	3	gene_body	0	False	Two-component response regulator-like APRR9	protein_coding	Ensembl Plants release 47 B73 RefGen_v4 GFF3	nominal	
agri_aa_oil__Oil_C18_0	agri_aa_oil__Oil_C18_0__L006	Zm00001d032262	1	3.352621e-05	0.082719507665679	3	gene_body	0	False	Cation efflux family protein	protein_coding	Ensembl Plants release 47 B73 RefGen_v4 GFF3	nominal	
agri_aa_oil__Oil_C18_0	agri_aa_oil__Oil_C18_0__L074	Zm00001d011825	1	3.439902e-05	0.0838379627443902	3	gene_body	0	False	Probable gamma-secretase subunit PEN-2	protein_coding	Ensembl Plants release 47 B73 RefGen_v4 GFF3	nominal	
agri_aa_oil__Oil_C18_0	agri_aa_oil__Oil_C18_0__L065	Zm00001d021246	1	3.593371e-05	0.0865231784448192	3	gene_body	0	False	Ras-related protein RABA3	protein_coding	Ensembl Plants release 47 B73 RefGen_v4 GFF3	nominal	
agri_aa_oil__Oil_C18_0	agri_aa_oil__Oil_C18_0__L080	Zm00001d023853	1	3.687659e-05	0.0877364317223809	3	nearest	133675	True	 adenosine 5'-phosphosulfate reductase6	protein_coding	Ensembl Plants release 47 B73 RefGen_v4 GFF3	nominal	
agri_aa_oil__Oil_C18_0	agri_aa_oil__Oil_C18_0__L076	Zm00001d045436	1	3.869281e-05	0.090974534872	3	cis_window	8255	False	Aminomethyltransferase  	protein_coding	Ensembl Plants release 47 B73 RefGen_v4 GFF3	nominal	
agri_aa_oil__Oil_C18_0	agri_aa_oil__Oil_C18_0__L050	Zm00001d013992	1	4.019801e-05	0.0934145662153488	3	gene_body	0	False	Pyridoxal phosphate (PLP)-dependent transferases superfamily protein	protein_coding	Ensembl Plants release 47 B73 RefGen_v4 GFF3	nominal	
agri_aa_oil__Oil_C18_0	agri_aa_oil__Oil_C18_0__L044	Zm00001d053639	1	4.27894e-05	0.0982936456183908	3	gene_body	0	False		protein_coding	Ensembl Plants release 47 B73 RefGen_v4 GFF3	nominal	
agri_aa_oil__Oil_C18_0	agri_aa_oil__Oil_C18_0__L063	Zm00001d020794	1	4.470938e-05	0.1005685354076404	3	gene_body	0	False	Blue copper protein  	protein_coding	Ensembl Plants release 47 B73 RefGen_v4 GFF3	nominal	
agri_aa_oil__Oil_C18_0	agri_aa_oil__Oil_C18_0__L026	Zm00001d039363	1	4.547046e-05	0.1009706930213333	3	gene_body	0	False	Protein DJ-1 homolog B	protein_coding	Ensembl Plants release 47 B73 RefGen_v4 GFF3	nominal	
agri_aa_oil__Oil_C18_0	agri_aa_oil__Oil_C18_0__L017	Zm00001d003657	1	4.783472e-05	0.1034859053858333	3	gene_body	0	False	Protein SCARECROW	protein_coding	Ensembl Plants release 47 B73 RefGen_v4 GFF3	nominal	
agri_aa_oil__Oil_C18_0	agri_aa_oil__Oil_C18_0__L058	Zm00001d037540	1	4.890271e-05	0.1034859053858333	3	cis_window	16	False	Fasciclin-like arabinogalactan protein 2	protein_coding	Ensembl Plants release 47 B73 RefGen_v4 GFF3	nominal	
agri_aa_oil__Oil_C18_0	agri_aa_oil__Oil_C18_0__L027	Zm00001d041953	1	4.971002e-05	0.1034859053858333	3	nearest	71788	False		protein_coding	Ensembl Plants release 47 B73 RefGen_v4 GFF3	nominal	
agri_aa_oil__Oil_C18_0	agri_aa_oil__Oil_C18_0__L025	Zm00001d039312	1	5.103403e-05	0.1051469377686598	3	gene_body	0	False	 non-yellow coloring1	protein_coding	Ensembl Plants release 47 B73 RefGen_v4 GFF3	nominal	
agri_aa_oil__Oil_C18_0	agri_aa_oil__Oil_C18_0__L071	Zm00001d009709	1	5.185909e-05	0.1057565597416326	3	gene_body	0	False	loricrin-related	protein_coding	Ensembl Plants release 47 B73 RefGen_v4 GFF3	nominal	
agri_aa_oil__Oil_C18_0	agri_aa_oil__Oil_C18_0__L078	Zm00001d045978	1	5.383674e-05	0.1086806077018182	3	nearest	114685	False	Protein MICRORCHIDIA 6	protein_coding	Ensembl Plants release 47 B73 RefGen_v4 GFF3	nominal	
agri_aa_oil__Oil_C18_0	agri_aa_oil__Oil_C18_0__L046	Zm00001d013026	1	5.593711e-05	0.1102965749933333	3	gene_body	0	False		protein_coding	Ensembl Plants release 47 B73 RefGen_v4 GFF3	nominal	
agri_aa_oil__Oil_C18_0	agri_aa_oil__Oil_C18_0__L073	Zm00001d011377	1	5.626203e-05	0.1102965749933333	3	gene_body	0	False	Jasmonic acid-amido synthetase JAR1	protein_coding	Ensembl Plants release 47 B73 RefGen_v4 GFF3	nominal	hormone_stress_regulatory
agri_aa_oil__Oil_C18_0	agri_aa_oil__Oil_C18_0__L041	Zm00001d053395	1	5.629291e-05	0.1102965749933333	3	gene_body	0	False	Pectin lyase-like superfamily protein	protein_coding	Ensembl Plants release 47 B73 RefGen_v4 GFF3	nominal	
agri_aa_oil__Oil_C18_0	agri_aa_oil__Oil_C18_0__L034	Zm00001d044649	1	5.71921e-05	0.1109704424194174	3	gene_body	0	False	Plant mobile domain protein family	protein_coding	Ensembl Plants release 47 B73 RefGen_v4 GFF3	nominal	
agri_aa_oil__Oil_C18_0	agri_aa_oil__Oil_C18_0__L074	Zm00001d011784	1	5.93453e-05	0.1132696612354285	3	cis_window	3391	False		protein_coding	Ensembl Plants release 47 B73 RefGen_v4 GFF3	nominal	
agri_aa_oil__Oil_C18_0	agri_aa_oil__Oil_C18_0__L079	Zm00001d046621	1	5.951061e-05	0.1132696612354285	3	gene_body	0	False	Floral homeotic protein APETALA 2	protein_coding	Ensembl Plants release 47 B73 RefGen_v4 GFF3	nominal	
agri_aa_oil__Oil_C18_0	agri_aa_oil__Oil_C18_0__L060	Zm00001d018730	1	6.430115e-05	0.1207353747057943	3	gene_body	0	False	RNA-binding protein 1	protein_coding	Ensembl Plants release 47 B73 RefGen_v4 GFF3	nominal	
agri_aa_oil__Oil_C18_0	agri_aa_oil__Oil_C18_0__L052	Zm00001d017377	1	6.464126e-05	0.1207353747057943	3	cis_window	111	False	Beta-expansin 3  	protein_coding	Ensembl Plants release 47 B73 RefGen_v4 GFF3	nominal	
agri_aa_oil__Oil_C18_0	agri_aa_oil__Oil_C18_0__L018	Zm00001d003724	1	6.86328e-05	0.1261440751658181	3	nearest	13804	False	SWIb domain-containing protein  	protein_coding	Ensembl Plants release 47 B73 RefGen_v4 GFF3	nominal	
agri_aa_oil__Oil_C18_0	agri_aa_oil__Oil_C18_0__L021	Zm00001d005737	1	6.933587e-05	0.1261440751658181	3	cis_window	5291	False	 Wavy auricles in blades1	protein_coding	Ensembl Plants release 47 B73 RefGen_v4 GFF3	nominal	
agri_aa_oil__Oil_C18_0	agri_aa_oil__Oil_C18_0__L032	Zm00001d044276	1	6.943062e-05	0.1261440751658181	3	gene_body	0	False	Leucine-rich repeat protein kinase family protein	protein_coding	Ensembl Plants release 47 B73 RefGen_v4 GFF3	nominal	
agri_aa_oil__Oil_C18_0	agri_aa_oil__Oil_C18_0__L031	Zm00001d043706	1	7.14692e-05	0.1286780410666666	3	gene_body	0	False	DNA binding protein  	protein_coding	Ensembl Plants release 47 B73 RefGen_v4 GFF3	nominal	
agri_aa_oil__Oil_C18_0	agri_aa_oil__Oil_C18_0__L038	Zm00001d051140	1	7.395105e-05	0.1319577253982143	3	gene_body	0	False	NAC domain containing protein 74	protein_coding	Ensembl Plants release 47 B73 RefGen_v4 GFF3	nominal	hormone_stress_regulatory
agri_aa_oil__Oil_C18_0	agri_aa_oil__Oil_C18_0__L049	Zm00001d013847	1	7.510173e-05	0.1328250526014159	3	cis_window	3973	False	fringe-related protein	protein_coding	Ensembl Plants release 47 B73 RefGen_v4 GFF3	nominal	
agri_aa_oil__Oil_C18_0	agri_aa_oil__Oil_C18_0__L072	Zm00001d010175	1	7.674178e-05	0.1340397284507826	3	gene_body	0	True	Ethylene-responsive transcription factor ABR1	protein_coding	Ensembl Plants release 47 B73 RefGen_v4 GFF3	nominal	hormone_stress_regulatory
agri_aa_oil__Oil_C18_0	agri_aa_oil__Oil_C18_0__L077	Zm00001d045468	1	7.903554e-05	0.1352876096406779	3	gene_body	0	False	alpha/beta-Hydrolases superfamily protein	protein_coding	Ensembl Plants release 47 B73 RefGen_v4 GFF3	nominal	
agri_aa_oil__Oil_C18_0	agri_aa_oil__Oil_C18_0__L036	Zm00001d050220	1	7.968537e-05	0.1352876096406779	3	gene_body	0	False	Long chain base biosynthesis protein 1	protein_coding	Ensembl Plants release 47 B73 RefGen_v4 GFF3	nominal	
agri_aa_oil__Oil_C18_0	agri_aa_oil__Oil_C18_0__L028	Zm00001d042724	1	7.98788e-05	0.1352876096406779	3	gene_body	0	False	 TUB-transcription factor 2	protein_coding	Ensembl Plants release 47 B73 RefGen_v4 GFF3	nominal	hormone_stress_regulatory
agri_aa_oil__Oil_C18_0	agri_aa_oil__Oil_C18_0__L012	Zm00001d034615	1	8.74045e-05	0.1467896145714285	3	promoter	0	False	Protein LURP-one-related 14	protein_coding	Ensembl Plants release 47 B73 RefGen_v4 GFF3	nominal	
agri_aa_oil__Oil_C18_0	agri_aa_oil__Oil_C18_0__L064	Zm00001d021177	1	8.888145e-05	0.1472079606449586	3	gene_body	0	False		protein_coding	Ensembl Plants release 47 B73 RefGen_v4 GFF3	nominal	
agri_aa_oil__Oil_C18_0	agri_aa_oil__Oil_C18_0__L035	Zm00001d049511	1	9.45271e-05	0.1548477867967213	3	gene_body	0	True	Putative MYB DNA-binding domain superfamily protein  	protein_coding	Ensembl Plants release 47 B73 RefGen_v4 GFF3	nominal	hormone_stress_regulatory
agri_aa_oil__Oil_C18_0	agri_aa_oil__Oil_C18_0__L056	Zm00001d036564	1	0.0001001621	0.162744683001626	3	cis_window	1490	False	EamA-like transporter family	protein_coding	Ensembl Plants release 47 B73 RefGen_v4 GFF3	nominal	transport_membrane
agri_aa_oil__Oil_C18_1	agri_aa_oil__Oil_C18_1__L049	Zm00001d036982	1	4.545209e-19	9.08387289904e-14	0	gene_body	0	True	 linoleic acid1	protein_coding	Ensembl Plants release 47 B73 RefGen_v4 GFF3	bonferroni_0_05	fatty_acid_lipid
agri_aa_oil__Oil_C18_1	agri_aa_oil__Oil_C18_1__L064	Zm00001d009150	1	7.073928e-15	2.0818517367399998e-10	0	gene_body	0	True	Sec23/Sec24 protein transport family protein	protein_coding	Ensembl Plants release 47 B73 RefGen_v4 GFF3	bonferroni_0_05	
agri_aa_oil__Oil_C18_1	agri_aa_oil__Oil_C18_1__L049	Zm00001d036933	1	3.382427e-08	0.0004506655536746	0	cis_window	424	False	Aldehyde dehydrogenase family 2 member C4	protein_coding	Ensembl Plants release 47 B73 RefGen_v4 GFF3	bonferroni_0_05	
agri_aa_oil__Oil_C18_1	agri_aa_oil__Oil_C18_1__L004	Zm00001d031002	1	1.003662e-07	0.0012536742042	0	gene_body	0	True	Tetratricopeptide repeat (TPR)-like superfamily protein	protein_coding	Ensembl Plants release 47 B73 RefGen_v4 GFF3	bonferroni_0_05	
agri_aa_oil__Oil_C18_1	agri_aa_oil__Oil_C18_1__L024	Zm00001d043200	1	1.107026e-07	0.0013014458132705	0	gene_body	0	False		protein_coding	Ensembl Plants release 47 B73 RefGen_v4 GFF3	bonferroni_0_05	
agri_aa_oil__Oil_C18_1	agri_aa_oil__Oil_C18_1__L069	Zm00001d010821	1	1.575181e-07	0.0017489409663111	0	gene_body	0	False	 starch synthase4	protein_coding	Ensembl Plants release 47 B73 RefGen_v4 GFF3	bonferroni_0_05	
agri_aa_oil__Oil_C18_1	agri_aa_oil__Oil_C18_1__L056	Zm00001d021488	1	2.624446e-07	0.0027605856830315	1	gene_body	0	True	MYND finger family protein  	protein_coding	Ensembl Plants release 47 B73 RefGen_v4 GFF3	fdr_0_05	
agri_aa_oil__Oil_C18_1	agri_aa_oil__Oil_C18_1__L046	Zm00001d013653	1	4.213053e-07	0.00421001960184	1	gene_body	0	False	transcription regulator NOT2/NOT3/NOT5 family protein	protein_coding	Ensembl Plants release 47 B73 RefGen_v4 GFF3	fdr_0_05	
agri_aa_oil__Oil_C18_1	agri_aa_oil__Oil_C18_1__L060	Zm00001d008965	1	4.784434e-07	0.0045533230547809	1	gene_body	0	False	Putative inactive receptor-like protein kinase 	protein_coding	Ensembl Plants release 47 B73 RefGen_v4 GFF3	fdr_0_05	hormone_stress_regulatory
agri_aa_oil__Oil_C18_1	agri_aa_oil__Oil_C18_1__L030	Zm00001d049511	1	1.072254e-06	0.0093172345836521	1	gene_body	0	True	Putative MYB DNA-binding domain superfamily protein  	protein_coding	Ensembl Plants release 47 B73 RefGen_v4 GFF3	fdr_0_05	hormone_stress_regulatory
agri_aa_oil__Oil_C18_1	agri_aa_oil__Oil_C18_1__L029	Zm00001d049442	1	2.034327e-06	0.0169405190379999	1	cis_window	6677	True	Polyadenylation and cleavage factor homolog 5	protein_coding	Ensembl Plants release 47 B73 RefGen_v4 GFF3	fdr_0_05	
agri_aa_oil__Oil_C18_1	agri_aa_oil__Oil_C18_1__L062	Zm00001d009021	1	2.149005e-06	0.0171796617312	1	gene_body	0	False	Pentatricopeptide repeat-containing protein 	protein_coding	Ensembl Plants release 47 B73 RefGen_v4 GFF3	fdr_0_05	
agri_aa_oil__Oil_C18_1	agri_aa_oil__Oil_C18_1__L049	Zm00001d036949	1	2.245321e-06	0.017259264376	1	gene_body	0	False	Serine/threonine-protein phosphatase PP2A-5 catalytic subunit	protein_coding	Ensembl Plants release 47 B73 RefGen_v4 GFF3	fdr_0_05	
agri_aa_oil__Oil_C18_1	agri_aa_oil__Oil_C18_1__L038	Zm00001d051761	1	2.534528e-06	0.0187607639988148	1	gene_body	0	False	Aspartyl protease APCB1	protein_coding	Ensembl Plants release 47 B73 RefGen_v4 GFF3	fdr_0_05	
agri_aa_oil__Oil_C18_1	agri_aa_oil__Oil_C18_1__L046	Zm00001d013603	1	2.792669e-06	0.0195928442781935	1	gene_body	0	True	Type IV inositol polyphosphate 5-phosphatase 7	protein_coding	Ensembl Plants release 47 B73 RefGen_v4 GFF3	fdr_0_05	
agri_aa_oil__Oil_C18_1	agri_aa_oil__Oil_C18_1__L078	Zm00001d023853	1	2.84587e-06	0.0195928442781935	1	nearest	165776	True	 adenosine 5'-phosphosulfate reductase6	protein_coding	Ensembl Plants release 47 B73 RefGen_v4 GFF3	fdr_0_05	
agri_aa_oil__Oil_C18_1	agri_aa_oil__Oil_C18_1__L017	Zm00001d039250	1	2.981291e-06	0.0195928442781935	1	gene_body	0	False	RWP-RK transcription factor [Source:UniProtKB/TrEMBL;Acc:B4FNC6]	protein_coding	Ensembl Plants release 47 B73 RefGen_v4 GFF3	fdr_0_05	hormone_stress_regulatory
agri_aa_oil__Oil_C18_1	agri_aa_oil__Oil_C18_1__L049	Zm00001d036956	1	3.493715e-06	0.0218199970325	1	gene_body	0	False	Tetraspanin-2	protein_coding	Ensembl Plants release 47 B73 RefGen_v4 GFF3	fdr_0_05	
agri_aa_oil__Oil_C18_1	agri_aa_oil__Oil_C18_1__L009	Zm00001d034522	1	4.402435e-06	0.0256686024329142	1	gene_body	0	False	plant adhesion molecule 1	protein_coding	Ensembl Plants release 47 B73 RefGen_v4 GFF3	fdr_0_05	
agri_aa_oil__Oil_C18_1	agri_aa_oil__Oil_C18_1__L081	Zm00001d026536	1	6.134643e-06	0.033136357065081	1	gene_body	0	False	Zinc finger CCCH domain-containing protein 6	protein_coding	Ensembl Plants release 47 B73 RefGen_v4 GFF3	fdr_0_05	
agri_aa_oil__Oil_C18_1	agri_aa_oil__Oil_C18_1__L071	Zm00001d011365	1	6.756055e-06	0.0355325823178947	1	gene_body	0	False	alpha/beta-Hydrolases superfamily protein	protein_coding	Ensembl Plants release 47 B73 RefGen_v4 GFF3	fdr_0_05	
agri_aa_oil__Oil_C18_1	agri_aa_oil__Oil_C18_1__L068	Zm00001d010607	1	7.230831e-06	0.0358521093455609	1	gene_body	0	False	PLAC8 family protein	protein_coding	Ensembl Plants release 47 B73 RefGen_v4 GFF3	fdr_0_05	
agri_aa_oil__Oil_C18_1	agri_aa_oil__Oil_C18_1__L047	Zm00001d013849	1	7.354978e-06	0.0358521093455609	1	cis_window	5032	True	Trihelix transcription factor GT-2	protein_coding	Ensembl Plants release 47 B73 RefGen_v4 GFF3	fdr_0_05	hormone_stress_regulatory
agri_aa_oil__Oil_C18_1	agri_aa_oil__Oil_C18_1__L059	Zm00001d008881	1	1.217873e-05	0.0534812955097872	3	cis_window	736	False	Protein RALF-like 33	protein_coding	Ensembl Plants release 47 B73 RefGen_v4 GFF3	nominal	
agri_aa_oil__Oil_C18_1	agri_aa_oil__Oil_C18_1__L020	Zm00001d041768	1	1.246126e-05	0.0534812955097872	3	gene_body	0	False	NEP-interacting protein 1	protein_coding	Ensembl Plants release 47 B73 RefGen_v4 GFF3	nominal	
agri_aa_oil__Oil_C18_1	agri_aa_oil__Oil_C18_1__L022	Zm00001d042259	1	1.257716e-05	0.0534812955097872	3	gene_body	0	False	Prefoldin chaperone subunit family protein	protein_coding	Ensembl Plants release 47 B73 RefGen_v4 GFF3	nominal	
agri_aa_oil__Oil_C18_1	agri_aa_oil__Oil_C18_1__L043	Zm00001d053433	1	1.68607e-05	0.0687696338612244	3	promoter	0	False	Putative RING zinc finger domain superfamily protein  	protein_coding	Ensembl Plants release 47 B73 RefGen_v4 GFF3	nominal	
agri_aa_oil__Oil_C18_1	agri_aa_oil__Oil_C18_1__L049	Zm00001d036918	1	2.11862e-05	0.0827170546553846	3	gene_body	0	False	Auxin-responsive protein IAA15	protein_coding	Ensembl Plants release 47 B73 RefGen_v4 GFF3	nominal	hormone_stress_regulatory
agri_aa_oil__Oil_C18_1	agri_aa_oil__Oil_C18_1__L024	Zm00001d043201	1	2.152193e-05	0.0827170546553846	3	gene_body	0	False	 ycf3 intracting protein homolog1	protein_coding	Ensembl Plants release 47 B73 RefGen_v4 GFF3	nominal	
agri_aa_oil__Oil_C18_1	agri_aa_oil__Oil_C18_1__L026	Zm00001d044646	1	2.368516e-05	0.0893136101313207	3	gene_body	0	False	 glucosamine fructose-6-phosphate aminotransferase1	protein_coding	Ensembl Plants release 47 B73 RefGen_v4 GFF3	nominal	
agri_aa_oil__Oil_C18_1	agri_aa_oil__Oil_C18_1__L078	Zm00001d023841	1	2.428081e-05	0.0898641770992592	3	gene_body	0	False	P-loop nucleoside triphosphate hydrolases superfamily protein with CH (Calponin Homology) domain	protein_coding	Ensembl Plants release 47 B73 RefGen_v4 GFF3	nominal	
agri_aa_oil__Oil_C18_1	agri_aa_oil__Oil_C18_1__L078	Zm00001d023856	1	2.534325e-05	0.0911728796571428	3	promoter	0	True	RALF  	protein_coding	Ensembl Plants release 47 B73 RefGen_v4 GFF3	nominal	
agri_aa_oil__Oil_C18_1	agri_aa_oil__Oil_C18_1__L073	Zm00001d012391	1	2.907551e-05	0.1001881918372413	3	gene_body	0	False	Delta 1-pyrroline-5-carboxylate synthetase isoform 1; Delta 1-pyrroline-5-carboxylate synthetase isoform 2  	protein_coding	Ensembl Plants release 47 B73 RefGen_v4 GFF3	nominal	
agri_aa_oil__Oil_C18_1	agri_aa_oil__Oil_C18_1__L027	Zm00001d048903	1	2.981638e-05	0.1009997023945762	3	promoter	0	True	Acidic endochitinase	protein_coding	Ensembl Plants release 47 B73 RefGen_v4 GFF3	nominal	
agri_aa_oil__Oil_C18_1	agri_aa_oil__Oil_C18_1__L017	Zm00001d039272	1	3.076873e-05	0.1011849959501639	3	gene_body	0	False	WPP domain-interacting tail-anchored protein 1	protein_coding	Ensembl Plants release 47 B73 RefGen_v4 GFF3	nominal	
agri_aa_oil__Oil_C18_1	agri_aa_oil__Oil_C18_1__L015	Zm00001d005018	1	3.088366e-05	0.1011849959501639	3	gene_body	0	True	Protein DETOXIFICATION 21	protein_coding	Ensembl Plants release 47 B73 RefGen_v4 GFF3	nominal	
agri_aa_oil__Oil_C18_1	agri_aa_oil__Oil_C18_1__L005	Zm00001d032944	1	3.149725e-05	0.1015308773548387	3	gene_body	0	False	Short integuments 2 mitochondrial	protein_coding	Ensembl Plants release 47 B73 RefGen_v4 GFF3	nominal	
agri_aa_oil__Oil_C18_1	agri_aa_oil__Oil_C18_1__L055	Zm00001d021221	1	3.397373e-05	0.1057668079546268	3	gene_body	0	False	Protein binding protein  	protein_coding	Ensembl Plants release 47 B73 RefGen_v4 GFF3	nominal	
agri_aa_oil__Oil_C18_1	agri_aa_oil__Oil_C18_1__L001	Zm00001d027673	1	3.478848e-05	0.1057668079546268	3	promoter	0	False	UPF0496 protein 	protein_coding	Ensembl Plants release 47 B73 RefGen_v4 GFF3	nominal	
agri_aa_oil__Oil_C18_1	agri_aa_oil__Oil_C18_1__L036	Zm00001d051552	1	3.524215e-05	0.1057668079546268	3	gene_body	0	False	3-dehydrosphinganine reductase TSC10B	protein_coding	Ensembl Plants release 47 B73 RefGen_v4 GFF3	nominal	
agri_aa_oil__Oil_C18_1	agri_aa_oil__Oil_C18_1__L047	Zm00001d013868	1	4.534186e-05	0.1258589273911111	3	gene_body	0	True	CDPK-related kinase 3	protein_coding	Ensembl Plants release 47 B73 RefGen_v4 GFF3	nominal	
agri_aa_oil__Oil_C18_1	agri_aa_oil__Oil_C18_1__L053	Zm00001d020487	1	4.748705e-05	0.1265409581973333	3	promoter	0	False	ARM repeat superfamily protein	protein_coding	Ensembl Plants release 47 B73 RefGen_v4 GFF3	nominal	
agri_aa_oil__Oil_C18_1	agri_aa_oil__Oil_C18_1__L076	Zm00001d023703	1	5.050021e-05	0.1285541085286076	3	promoter	0	True		protein_coding	Ensembl Plants release 47 B73 RefGen_v4 GFF3	nominal	
agri_aa_oil__Oil_C18_1	agri_aa_oil__Oil_C18_1__L066	Zm00001d009709	1	5.053028e-05	0.1285541085286076	3	gene_body	0	False	loricrin-related	protein_coding	Ensembl Plants release 47 B73 RefGen_v4 GFF3	nominal	
agri_aa_oil__Oil_C18_1	agri_aa_oil__Oil_C18_1__L021	Zm00001d041914	1	5.081546e-05	0.1285541085286076	3	nearest	80301	False	Putative endonuclease or glycosyl hydrolase	protein_coding	Ensembl Plants release 47 B73 RefGen_v4 GFF3	nominal	
agri_aa_oil__Oil_C18_1	agri_aa_oil__Oil_C18_1__L044	Zm00001d013111	1	5.188298e-05	0.129614060636	3	cis_window	73	False	DnaJ protein  	protein_coding	Ensembl Plants release 47 B73 RefGen_v4 GFF3	nominal	
agri_aa_oil__Oil_C18_1	agri_aa_oil__Oil_C18_1__L049	Zm00001d036978	1	5.256692e-05	0.1297014118953086	3	nearest	32734	False	HAD superfamily subfamily IIIB acid phosphatase	protein_coding	Ensembl Plants release 47 B73 RefGen_v4 GFF3	nominal	
agri_aa_oil__Oil_C18_1	agri_aa_oil__Oil_C18_1__L080	Zm00001d025817	1	5.434107e-05	0.130960315333012	3	gene_body	0	False	CLIP-associated protein	protein_coding	Ensembl Plants release 47 B73 RefGen_v4 GFF3	nominal	
agri_aa_oil__Oil_C18_1	agri_aa_oil__Oil_C18_1__L014	Zm00001d004812	1	5.438769e-05	0.130960315333012	3	promoter	0	False	 calcium dependent protein kinase11	protein_coding	Ensembl Plants release 47 B73 RefGen_v4 GFF3	nominal	
agri_aa_oil__Oil_C18_1	agri_aa_oil__Oil_C18_1__L057	Zm00001d021633	1	5.631343e-05	0.1339830579295238	3	gene_body	0	False	Polyadenylate-binding protein RBP45C	protein_coding	Ensembl Plants release 47 B73 RefGen_v4 GFF3	nominal	
agri_aa_oil__Oil_C18_1	agri_aa_oil__Oil_C18_1__L025	Zm00001d044378	1	5.888263e-05	0.1365140528551724	3	gene_body	0	False		protein_coding	Ensembl Plants release 47 B73 RefGen_v4 GFF3	nominal	
agri_aa_oil__Oil_C18_1	agri_aa_oil__Oil_C18_1__L033	Zm00001d050140	1	5.911388e-05	0.1365140528551724	3	gene_body	0	False	 protein; Storage protein-like	protein_coding	Ensembl Plants release 47 B73 RefGen_v4 GFF3	nominal	seed_storage
agri_aa_oil__Oil_C18_1	agri_aa_oil__Oil_C18_1__L019	Zm00001d040883	1	5.94264e-05	0.1365140528551724	3	nearest	75182	False	Probable protein phosphatase 2C 15	protein_coding	Ensembl Plants release 47 B73 RefGen_v4 GFF3	nominal	
agri_aa_oil__Oil_C18_1	agri_aa_oil__Oil_C18_1__L051	Zm00001d038269	1	6.450685e-05	0.1421790518294505	3	cis_window	960	False	UPF0503 protein  chloroplastic	protein_coding	Ensembl Plants release 47 B73 RefGen_v4 GFF3	nominal	
agri_aa_oil__Oil_C18_1	agri_aa_oil__Oil_C18_1__L073	Zm00001d012435	1	6.46179e-05	0.1421790518294505	3	gene_body	0	False	Probable membrane-associated kinase regulator 4	protein_coding	Ensembl Plants release 47 B73 RefGen_v4 GFF3	nominal	transport_membrane
agri_aa_oil__Oil_C18_1	agri_aa_oil__Oil_C18_1__L031	Zm00001d049881	1	6.473808e-05	0.1421790518294505	3	gene_body	0	False	Peroxisomal membrane protein PMP22  	protein_coding	Ensembl Plants release 47 B73 RefGen_v4 GFF3	nominal	transport_membrane
agri_aa_oil__Oil_C18_1	agri_aa_oil__Oil_C18_1__L016	Zm00001d006360	1	6.688023e-05	0.1442722991	3	gene_body	0	False	Expansin-like A2	protein_coding	Ensembl Plants release 47 B73 RefGen_v4 GFF3	nominal	
agri_aa_oil__Oil_C18_1	agri_aa_oil__Oil_C18_1__L046	Zm00001d013644	1	6.832888e-05	0.1442722991	3	gene_body	0	False	5-methyltetrahydropteroyltriglutamate--homocysteine methyltransferase 1	protein_coding	Ensembl Plants release 47 B73 RefGen_v4 GFF3	nominal	
agri_aa_oil__Oil_C18_1	agri_aa_oil__Oil_C18_1__L010	Zm00001d034796	1	6.916901e-05	0.1442722991	3	gene_body	0	False	Vacuolar protein sorting-associated protein 9A	protein_coding	Ensembl Plants release 47 B73 RefGen_v4 GFF3	nominal	
agri_aa_oil__Oil_C18_1	agri_aa_oil__Oil_C18_1__L040	Zm00001d053181	1	6.93006e-05	0.1442722991	3	promoter	0	False	from the Czech 'roh' meaning 'corner'	protein_coding	Ensembl Plants release 47 B73 RefGen_v4 GFF3	nominal	
agri_aa_oil__Oil_C18_1	agri_aa_oil__Oil_C18_1__L063	Zm00001d009125	1	7.258738e-05	0.1480308511967347	3	gene_body	0	False	Carbohydrate-binding-like fold	protein_coding	Ensembl Plants release 47 B73 RefGen_v4 GFF3	nominal	
agri_aa_oil__Oil_C18_1	agri_aa_oil__Oil_C18_1__L023	Zm00001d042506	1	7.426055e-05	0.1499132977858585	3	gene_body	0	False	Formin-like protein 1	protein_coding	Ensembl Plants release 47 B73 RefGen_v4 GFF3	nominal	
agri_aa_oil__Oil_C18_1	agri_aa_oil__Oil_C18_1__L065	Zm00001d009653	1	8.582356e-05	0.1649264750707692	3	nearest	88055	True	60S acidic ribosomal protein P2A  	protein_coding	Ensembl Plants release 47 B73 RefGen_v4 GFF3	nominal	
agri_aa_oil__Oil_C18_1	agri_aa_oil__Oil_C18_1__L022	Zm00001d042266	1	8.683279e-05	0.1652767055070476	3	gene_body	0	False	eukaryotic initiation factor 3 gamma subunit family protein	protein_coding	Ensembl Plants release 47 B73 RefGen_v4 GFF3	nominal	
agri_aa_oil__Oil_C18_1	agri_aa_oil__Oil_C18_1__L002	Zm00001d027934	1	8.816376e-05	0.1662269473449056	3	gene_body	0	True	 leucine-rich transmembrane protein kinase1	protein_coding	Ensembl Plants release 47 B73 RefGen_v4 GFF3	nominal	transport_membrane
agri_aa_oil__Oil_C18_1	agri_aa_oil__Oil_C18_1__L042	Zm00001d053394	1	9.24669e-05	0.1726520824148148	3	gene_body	0	False		protein_coding	Ensembl Plants release 47 B73 RefGen_v4 GFF3	nominal	
agri_aa_oil__Oil_C18_1	agri_aa_oil__Oil_C18_1__L052	Zm00001d018730	1	9.32993e-05	0.1726520824148148	3	gene_body	0	False	RNA-binding protein 1	protein_coding	Ensembl Plants release 47 B73 RefGen_v4 GFF3	nominal	
agri_aa_oil__Oil_C18_1	agri_aa_oil__Oil_C18_1__L009	Zm00001d034515	1	9.553097e-05	0.1748393885745454	3	gene_body	0	False	Homeobox-DDT domain protein RLT3	protein_coding	Ensembl Plants release 47 B73 RefGen_v4 GFF3	nominal	
agri_aa_oil__Oil_C18_1	agri_aa_oil__Oil_C18_1__L059	Zm00001d008859	1	9.623095e-05	0.1748393885745454	3	gene_body	0	False	Alkaline phytoceramidase (aPHC)	protein_coding	Ensembl Plants release 47 B73 RefGen_v4 GFF3	nominal	fatty_acid_lipid
agri_aa_oil__Oil_C18_1	agri_aa_oil__Oil_C18_1__L039	Zm00001d052227	1	9.863422e-05	0.1775913574082883	3	cis_window	6066	True	 trehalose-6-phosphate phosphatase4	protein_coding	Ensembl Plants release 47 B73 RefGen_v4 GFF3	nominal	
agri_aa_oil__Oil_C18_1	agri_aa_oil__Oil_C18_1__L028	Zm00001d049225	1	0.0001010599	0.1802303176637168	3	gene_body	0	False	FHA domain-containing protein FHA2	protein_coding	Ensembl Plants release 47 B73 RefGen_v4 GFF3	nominal	
agri_aa_oil__Oil_C18_1	agri_aa_oil__Oil_C18_1__L032	Zm00001d049956	1	0.0001019035	0.1802303176637168	3	gene_body	0	False	4-hydroxy-tetrahydrodipicolinate reductase 2 chloroplastic	protein_coding	Ensembl Plants release 47 B73 RefGen_v4 GFF3	nominal	
agri_aa_oil__Oil_C18_1	agri_aa_oil__Oil_C18_1__L054	Zm00001d021181	1	0.0001091762	0.1849865511154471	3	gene_body	0	False		protein_coding	Ensembl Plants release 47 B73 RefGen_v4 GFF3	nominal	
agri_aa_oil__Oil_C18_1	agri_aa_oil__Oil_C18_1__L070	Zm00001d011299	1	0.0001111688	0.1849865511154471	3	gene_body	0	False	 sugars will eventually be exported transporter6b	protein_coding	Ensembl Plants release 47 B73 RefGen_v4 GFF3	nominal	transport_membrane
agri_aa_oil__Oil_C18_1	agri_aa_oil__Oil_C18_1__L011	Zm00001d001904	1	0.0001136646	0.1849865511154471	3	promoter	0	False		protein_coding	Ensembl Plants release 47 B73 RefGen_v4 GFF3	nominal	
agri_aa_oil__Oil_C18_1	agri_aa_oil__Oil_C18_1__L034	Zm00001d051125	1	0.0001138487	0.1849865511154471	3	gene_body	0	False	LRR receptor-like serine/threonine-protein kinase EFR	protein_coding	Ensembl Plants release 47 B73 RefGen_v4 GFF3	nominal	
agri_aa_oil__Oil_C18_1	agri_aa_oil__Oil_C18_1__L045	Zm00001d013250	1	0.0001151856	0.185649461883871	3	gene_body	0	False	Glucan endo-1,3-beta-glucosidase 3  	protein_coding	Ensembl Plants release 47 B73 RefGen_v4 GFF3	nominal	
agri_aa_oil__Oil_C18_1	agri_aa_oil__Oil_C18_1__L003	Zm00001d028004	1	0.0001175681	0.1879735215487999	3	gene_body	0	False	Outer arm dynein light chain 1 protein	protein_coding	Ensembl Plants release 47 B73 RefGen_v4 GFF3	nominal	
agri_aa_oil__Oil_C18_1	agri_aa_oil__Oil_C18_1__L050	Zm00001d037611	1	0.0001189697	0.188704828279365	3	gene_body	0	False	HXXXD-type acyl-transferase family protein	protein_coding	Ensembl Plants release 47 B73 RefGen_v4 GFF3	nominal	fatty_acid_lipid
agri_aa_oil__Oil_C18_1	agri_aa_oil__Oil_C18_1__L079	Zm00001d025034	1	0.0001273528	0.1988454781	3	nearest	24224	False	Pumilio homolog 3	protein_coding	Ensembl Plants release 47 B73 RefGen_v4 GFF3	nominal	
agri_aa_oil__Oil_C18_1	agri_aa_oil__Oil_C18_1__L058	Zm00001d008491	1	0.0001295459	0.200701747212403	3	cis_window	33	False	Fructose-bisphosphate aldolase  	protein_coding	Ensembl Plants release 47 B73 RefGen_v4 GFF3	nominal	
agri_aa_oil__Oil_C18_1	agri_aa_oil__Oil_C18_1__L048	Zm00001d036560	1	0.0001367302	0.2076293465263158	3	cis_window	6503	False	Zinc finger CCCH domain-containing protein 40	protein_coding	Ensembl Plants release 47 B73 RefGen_v4 GFF3	nominal	
agri_aa_oil__Oil_C18_1	agri_aa_oil__Oil_C18_1__L013	Zm00001d003724	1	0.0001368533	0.2076293465263158	3	nearest	13804	False	SWIb domain-containing protein  	protein_coding	Ensembl Plants release 47 B73 RefGen_v4 GFF3	nominal	
agri_aa_oil__Oil_C18_1	agri_aa_oil__Oil_C18_1__L008	Zm00001d033730	1	0.0001380684	0.2076293465263158	3	cis_window	316	False		protein_coding	Ensembl Plants release 47 B73 RefGen_v4 GFF3	nominal	
agri_aa_oil__Oil_C18_1	agri_aa_oil__Oil_C18_1__L067	Zm00001d010171	1	0.0001425297	0.2120207165748148	3	gene_body	0	False	Soluble inorganic pyrophosphatase 1	protein_coding	Ensembl Plants release 47 B73 RefGen_v4 GFF3	nominal	
agri_aa_oil__Oil_C18_1	agri_aa_oil__Oil_C18_1__L006	Zm00001d033150	1	0.0001485696	0.2162579502028985	3	cis_window	294	False		protein_coding	Ensembl Plants release 47 B73 RefGen_v4 GFF3	nominal	
agri_aa_oil__Oil_C18_1	agri_aa_oil__Oil_C18_1__L077	Zm00001d023781	1	0.0001486098	0.2162579502028985	3	gene_body	0	False	Putative pumilio homolog 7 chloroplastic	protein_coding	Ensembl Plants release 47 B73 RefGen_v4 GFF3	nominal	
agri_aa_oil__Oil_C18_1	agri_aa_oil__Oil_C18_1__L070	Zm00001d011309	1	0.0001493255	0.2162579502028985	3	gene_body	0	False	Transcriptional corepressor LEUNIG	protein_coding	Ensembl Plants release 47 B73 RefGen_v4 GFF3	nominal	
agri_aa_oil__Oil_C18_1	agri_aa_oil__Oil_C18_1__L069	Zm00001d010816	1	0.0001513721	0.2175877953371428	3	gene_body	0	False	Inner membrane protein oxaA	protein_coding	Ensembl Plants release 47 B73 RefGen_v4 GFF3	nominal	transport_membrane
agri_aa_oil__Oil_C18_1	agri_aa_oil__Oil_C18_1__L074	Zm00001d012702	1	0.0001554325	0.2200496191323943	3	gene_body	0	False	Phosphoenolpyruvate carboxylase 3	protein_coding	Ensembl Plants release 47 B73 RefGen_v4 GFF3	nominal	
agri_aa_oil__Oil_C18_1	agri_aa_oil__Oil_C18_1__L037	Zm00001d051697	1	0.0001563478	0.2200496191323943	3	cis_window	1125	False	Nuclear transcription factor Y subunit B-6	protein_coding	Ensembl Plants release 47 B73 RefGen_v4 GFF3	nominal	hormone_stress_regulatory
agri_aa_oil__Oil_C18_1	agri_aa_oil__Oil_C18_1__L061	Zm00001d008990	1	0.000166001	0.2303909434444444	3	gene_body	0	False	Putative cytochrome P450 superfamily protein  	protein_coding	Ensembl Plants release 47 B73 RefGen_v4 GFF3	nominal	
agri_aa_oil__Oil_C18_1	agri_aa_oil__Oil_C18_1__L075	Zm00001d047102	1	0.0001681936	0.2310692636821917	3	cis_window	439	False	Zinc finger protein ZAT9	protein_coding	Ensembl Plants release 47 B73 RefGen_v4 GFF3	nominal	
agri_aa_oil__Oil_C18_1	agri_aa_oil__Oil_C18_1__L072	Zm00001d012064	1	0.0001688021	0.2310692636821917	3	gene_body	0	False	Peptidyl-prolyl cis-trans isomerase  	protein_coding	Ensembl Plants release 47 B73 RefGen_v4 GFF3	nominal	
agri_aa_oil__Oil_C18_1	agri_aa_oil__Oil_C18_1__L007	Zm00001d033278	1	0.0001767281	0.2402732731537415	3	gene_body	0	False	Protein NETWORKED 1A	protein_coding	Ensembl Plants release 47 B73 RefGen_v4 GFF3	nominal	
agri_aa_oil__Oil_C18_1	agri_aa_oil__Oil_C18_1__L041	Zm00001d053257	1	0.0001816582	0.2426027165281045	3	cis_window	261	False		protein_coding	Ensembl Plants release 47 B73 RefGen_v4 GFF3	nominal	
agri_aa_oil__Oil_C18_1	agri_aa_oil__Oil_C18_1__L018	Zm00001d039747	1	0.000184784	0.2426027165281045	3	gene_body	0	False	Transcription initiation factor TFIID subunit 15b	protein_coding	Ensembl Plants release 47 B73 RefGen_v4 GFF3	nominal	
agri_aa_oil__Oil_C18_1	agri_aa_oil__Oil_C18_1__L012	Zm00001d003657	1	0.0001856525	0.2426027165281045	3	gene_body	0	False	Protein SCARECROW	protein_coding	Ensembl Plants release 47 B73 RefGen_v4 GFF3	nominal	
agri_aa_oil__Oil_C18_1	agri_aa_oil__Oil_C18_1__L036	Zm00001d051529	1	0.0001857248	0.2426027165281045	3	gene_body	0	False	Putative AMP-dependent synthetase and ligase superfamily protein  	protein_coding	Ensembl Plants release 47 B73 RefGen_v4 GFF3	nominal	
agri_aa_oil__Oil_C18_1	agri_aa_oil__Oil_C18_1__L035	Zm00001d051316	1	0.0001891286	0.2450184273651613	3	nearest	107848	False	Putative homeodomain-like transcription factor superfamily protein isoform 1; Putative homeodomain-like transcription factor superfamily protein isoform 2  	protein_coding	Ensembl Plants release 47 B73 RefGen_v4 GFF3	nominal	hormone_stress_regulatory
agri_aa_oil__Oil_C18_2	agri_aa_oil__Oil_C18_2__L069	Zm00001d008881	1	7.432554e-10	0.0001485440512223	0	cis_window	736	True	Protein RALF-like 33	protein_coding	Ensembl Plants release 47 B73 RefGen_v4 GFF3	bonferroni_0_05	
agri_aa_oil__Oil_C18_2	agri_aa_oil__Oil_C18_2__L070	Zm00001d009150	1	1.198303e-08	0.0010143038417066	0	gene_body	0	True	Sec23/Sec24 protein transport family protein	protein_coding	Ensembl Plants release 47 B73 RefGen_v4 GFF3	bonferroni_0_05	
agri_aa_oil__Oil_C18_2	agri_aa_oil__Oil_C18_2__L069	Zm00001d008893	1	1.522552e-08	0.0010143038417066	0	gene_body	0	False	Shaggy-related protein kinase iota	protein_coding	Ensembl Plants release 47 B73 RefGen_v4 GFF3	bonferroni_0_05	
agri_aa_oil__Oil_C18_2	agri_aa_oil__Oil_C18_2__L029	Zm00001d049511	1	2.637183e-08	0.00131764211412	0	gene_body	0	True	Putative MYB DNA-binding domain superfamily protein  	protein_coding	Ensembl Plants release 47 B73 RefGen_v4 GFF3	bonferroni_0_05	hormone_stress_regulatory
agri_aa_oil__Oil_C18_2	agri_aa_oil__Oil_C18_2__L050	Zm00001d016788	1	2.490968e-07	0.0053836791399272	0	promoter	0	True		protein_coding	Ensembl Plants release 47 B73 RefGen_v4 GFF3	bonferroni_0_05	
agri_aa_oil__Oil_C18_2	agri_aa_oil__Oil_C18_2__L049	Zm00001d014616	1	2.709886e-07	0.0053836791399272	1	nearest	14407	False	transducin family protein / WD-40 repeat family protein	protein_coding	Ensembl Plants release 47 B73 RefGen_v4 GFF3	fdr_0_05	
agri_aa_oil__Oil_C18_2	agri_aa_oil__Oil_C18_2__L066	Zm00001d008491	1	2.963157e-07	0.0053836791399272	1	cis_window	33	False	Fructose-bisphosphate aldolase  	protein_coding	Ensembl Plants release 47 B73 RefGen_v4 GFF3	fdr_0_05	
agri_aa_oil__Oil_C18_2	agri_aa_oil__Oil_C18_2__L012	Zm00001d031002	1	5.561379e-07	0.0085498073955692	1	gene_body	0	False	Tetratricopeptide repeat (TPR)-like superfamily protein	protein_coding	Ensembl Plants release 47 B73 RefGen_v4 GFF3	fdr_0_05	
agri_aa_oil__Oil_C18_2	agri_aa_oil__Oil_C18_2__L016	Zm00001d033278	1	6.641507e-07	0.0094810358785142	1	gene_body	0	False	Protein NETWORKED 1A	protein_coding	Ensembl Plants release 47 B73 RefGen_v4 GFF3	fdr_0_05	
agri_aa_oil__Oil_C18_2	agri_aa_oil__Oil_C18_2__L016	Zm00001d033259	1	7.314534e-07	0.00974569004736	1	gene_body	0	False	DNA repair protein recA homolog 1 chloroplastic	protein_coding	Ensembl Plants release 47 B73 RefGen_v4 GFF3	fdr_0_05	
agri_aa_oil__Oil_C18_2	agri_aa_oil__Oil_C18_2__L068	Zm00001d008827	1	1.366523e-06	0.017069238793	1	cis_window	654	False	Probable choline kinase 2	protein_coding	Ensembl Plants release 47 B73 RefGen_v4 GFF3	fdr_0_05	
agri_aa_oil__Oil_C18_2	agri_aa_oil__Oil_C18_2__L060	Zm00001d020487	1	1.57361e-06	0.0184997294211764	1	promoter	0	False	ARM repeat superfamily protein	protein_coding	Ensembl Plants release 47 B73 RefGen_v4 GFF3	fdr_0_05	
agri_aa_oil__Oil_C18_2	agri_aa_oil__Oil_C18_2__L072	Zm00001d010175	1	2.345889e-06	0.0246757890517894	1	gene_body	0	True	Ethylene-responsive transcription factor ABR1	protein_coding	Ensembl Plants release 47 B73 RefGen_v4 GFF3	fdr_0_05	hormone_stress_regulatory
agri_aa_oil__Oil_C18_2	agri_aa_oil__Oil_C18_2__L045	Zm00001d013603	1	2.706665e-06	0.0263741397942857	1	gene_body	0	True	Type IV inositol polyphosphate 5-phosphatase 7	protein_coding	Ensembl Plants release 47 B73 RefGen_v4 GFF3	fdr_0_05	
agri_aa_oil__Oil_C18_2	agri_aa_oil__Oil_C18_2__L047	Zm00001d013958	1	2.77128e-06	0.0263741397942857	1	cis_window	360	False		protein_coding	Ensembl Plants release 47 B73 RefGen_v4 GFF3	fdr_0_05	
agri_aa_oil__Oil_C18_2	agri_aa_oil__Oil_C18_2__L033	Zm00001d050350	1	2.923328e-06	0.0265565745803636	1	nearest	51226	False		protein_coding	Ensembl Plants release 47 B73 RefGen_v4 GFF3	fdr_0_05	
agri_aa_oil__Oil_C18_2	agri_aa_oil__Oil_C18_2__L047	Zm00001d013937	1	3.828349e-06	0.03157419420032	1	gene_body	0	False	Protochlorophyllide reductase C chloroplastic	protein_coding	Ensembl Plants release 47 B73 RefGen_v4 GFF3	fdr_0_05	
agri_aa_oil__Oil_C18_2	agri_aa_oil__Oil_C18_2__L078	Zm00001d025421	1	3.949618e-06	0.03157419420032	1	cis_window	1773	True	F-box protein 7	protein_coding	Ensembl Plants release 47 B73 RefGen_v4 GFF3	fdr_0_05	
agri_aa_oil__Oil_C18_2	agri_aa_oil__Oil_C18_2__L046	Zm00001d013868	1	4.265155e-06	0.0327852622184615	1	gene_body	0	True	CDPK-related kinase 3	protein_coding	Ensembl Plants release 47 B73 RefGen_v4 GFF3	fdr_0_05	
agri_aa_oil__Oil_C18_2	agri_aa_oil__Oil_C18_2__L010	Zm00001d030663	1	4.526805e-06	0.0335077459288888	1	nearest	26910	False	DNAJ heat shock N-terminal domain-containing protein	protein_coding	Ensembl Plants release 47 B73 RefGen_v4 GFF3	fdr_0_05	
agri_aa_oil__Oil_C18_2	agri_aa_oil__Oil_C18_2__L006	Zm00001d028797	1	5.520763e-06	0.0380468141423448	1	gene_body	0	False	Laccase-13	protein_coding	Ensembl Plants release 47 B73 RefGen_v4 GFF3	fdr_0_05	
agri_aa_oil__Oil_C18_2	agri_aa_oil__Oil_C18_2__L001	Zm00001d027934	1	6.086646e-06	0.0395042654673548	1	gene_body	0	True	 leucine-rich transmembrane protein kinase1	protein_coding	Ensembl Plants release 47 B73 RefGen_v4 GFF3	fdr_0_05	transport_membrane
agri_aa_oil__Oil_C18_2	agri_aa_oil__Oil_C18_2__L035	Zm00001d051431	1	6.127573e-06	0.0395042654673548	1	gene_body	0	False	Serine/threonine-protein kinase WNK8	protein_coding	Ensembl Plants release 47 B73 RefGen_v4 GFF3	fdr_0_05	
agri_aa_oil__Oil_C18_2	agri_aa_oil__Oil_C18_2__L014	Zm00001d032744	1	7.985239e-06	0.0493903047867428	1	gene_body	0	False	Protein NRT1/ PTR FAMILY 5.2	protein_coding	Ensembl Plants release 47 B73 RefGen_v4 GFF3	fdr_0_05	
agri_aa_oil__Oil_C18_2	agri_aa_oil__Oil_C18_2__L038	Zm00001d052227	1	8.5806e-06	0.0493903047867428	1	cis_window	6066	True	 trehalose-6-phosphate phosphatase4	protein_coding	Ensembl Plants release 47 B73 RefGen_v4 GFF3	fdr_0_05	
agri_aa_oil__Oil_C18_2	agri_aa_oil__Oil_C18_2__L045	Zm00001d013638	1	8.649531e-06	0.0493903047867428	1	cis_window	102	False	Cation/calcium exchanger 2	protein_coding	Ensembl Plants release 47 B73 RefGen_v4 GFF3	fdr_0_05	
agri_aa_oil__Oil_C18_2	agri_aa_oil__Oil_C18_2__L030	Zm00001d049579	1	9.23033e-06	0.0512426897911111	2	cis_window	2601	False	Tyrosine--tRNA ligase 1 cytoplasmic	protein_coding	Ensembl Plants release 47 B73 RefGen_v4 GFF3	suggestive_1e_5	
agri_aa_oil__Oil_C18_2	agri_aa_oil__Oil_C18_2__L045	Zm00001d013644	1	1.005613e-05	0.0543183220886486	3	gene_body	0	False	5-methyltetrahydropteroyltriglutamate--homocysteine methyltransferase 1	protein_coding	Ensembl Plants release 47 B73 RefGen_v4 GFF3	nominal	
agri_aa_oil__Oil_C18_2	agri_aa_oil__Oil_C18_2__L021	Zm00001d005018	1	1.099743e-05	0.0568751156495238	3	gene_body	0	True	Protein DETOXIFICATION 21	protein_coding	Ensembl Plants release 47 B73 RefGen_v4 GFF3	nominal	
agri_aa_oil__Oil_C18_2	agri_aa_oil__Oil_C18_2__L077	Zm00001d025208	1	1.133169e-05	0.0568751156495238	3	cis_window	13	False	myosin heavy chain-related	protein_coding	Ensembl Plants release 47 B73 RefGen_v4 GFF3	nominal	
agri_aa_oil__Oil_C18_2	agri_aa_oil__Oil_C18_2__L057	Zm00001d020124	1	1.148188e-05	0.0568751156495238	3	gene_body	0	False		protein_coding	Ensembl Plants release 47 B73 RefGen_v4 GFF3	nominal	
agri_aa_oil__Oil_C18_2	agri_aa_oil__Oil_C18_2__L071	Zm00001d009653	1	1.185573e-05	0.0568751156495238	3	nearest	88055	False	60S acidic ribosomal protein P2A  	protein_coding	Ensembl Plants release 47 B73 RefGen_v4 GFF3	nominal	
agri_aa_oil__Oil_C18_2	agri_aa_oil__Oil_C18_2__L015	Zm00001d033150	1	1.195238e-05	0.0568751156495238	3	cis_window	294	False		protein_coding	Ensembl Plants release 47 B73 RefGen_v4 GFF3	nominal	
agri_aa_oil__Oil_C18_2	agri_aa_oil__Oil_C18_2__L057	Zm00001d020117	1	1.230243e-05	0.0571794058158139	3	gene_body	0	False	Pi15	protein_coding	Ensembl Plants release 47 B73 RefGen_v4 GFF3	nominal	
agri_aa_oil__Oil_C18_2	agri_aa_oil__Oil_C18_2__L040	Zm00001d053548	1	1.3115e-05	0.0595707145454545	3	gene_body	0	False	Shaggy-related protein kinase iota	protein_coding	Ensembl Plants release 47 B73 RefGen_v4 GFF3	nominal	
agri_aa_oil__Oil_C18_2	agri_aa_oil__Oil_C18_2__L046	Zm00001d013849	1	1.478704e-05	0.0656728592497777	3	cis_window	5032	True	Trihelix transcription factor GT-2	protein_coding	Ensembl Plants release 47 B73 RefGen_v4 GFF3	nominal	hormone_stress_regulatory
agri_aa_oil__Oil_C18_2	agri_aa_oil__Oil_C18_2__L051	Zm00001d017365	1	1.512216e-05	0.0657011828034782	3	gene_body	0	False	Vacuolar protein-sorting protein bro1  	protein_coding	Ensembl Plants release 47 B73 RefGen_v4 GFF3	nominal	
agri_aa_oil__Oil_C18_2	agri_aa_oil__Oil_C18_2__L059	Zm00001d020417	1	1.736239e-05	0.070815873792653	3	promoter	0	False	Encodes a protein whose expression is responsive to nematode infection.	protein_coding	Ensembl Plants release 47 B73 RefGen_v4 GFF3	nominal	
agri_aa_oil__Oil_C18_2	agri_aa_oil__Oil_C18_2__L027	Zm00001d048903	1	1.871597e-05	0.0714517028918518	3	cis_window	143	True	Acidic endochitinase	protein_coding	Ensembl Plants release 47 B73 RefGen_v4 GFF3	nominal	
agri_aa_oil__Oil_C18_2	agri_aa_oil__Oil_C18_2__L064	Zm00001d021221	1	1.893573e-05	0.0714517028918518	3	gene_body	0	False	Protein binding protein  	protein_coding	Ensembl Plants release 47 B73 RefGen_v4 GFF3	nominal	
agri_aa_oil__Oil_C18_2	agri_aa_oil__Oil_C18_2__L002	Zm00001d028606	1	1.92439e-05	0.0714517028918518	3	cis_window	6419	False	Oxysterol-binding protein-related protein 3B	protein_coding	Ensembl Plants release 47 B73 RefGen_v4 GFF3	nominal	fatty_acid_lipid
agri_aa_oil__Oil_C18_2	agri_aa_oil__Oil_C18_2__L073	Zm00001d011285	1	1.930586e-05	0.0714517028918518	3	promoter	0	False	photosystem II light harvesting complex gene B1B2	protein_coding	Ensembl Plants release 47 B73 RefGen_v4 GFF3	nominal	
agri_aa_oil__Oil_C18_2	agri_aa_oil__Oil_C18_2__L042	Zm00001d053954	1	2.138371e-05	0.0777029590138181	3	gene_body	0	False	RNA polymerase II transcription factor B subunit 4	protein_coding	Ensembl Plants release 47 B73 RefGen_v4 GFF3	nominal	hormone_stress_regulatory
agri_aa_oil__Oil_C18_2	agri_aa_oil__Oil_C18_2__L048	Zm00001d013983	1	2.394718e-05	0.0825170276910344	3	gene_body	0	True	LysM domain containing protein  	protein_coding	Ensembl Plants release 47 B73 RefGen_v4 GFF3	nominal	
agri_aa_oil__Oil_C18_2	agri_aa_oil__Oil_C18_2__L069	Zm00001d008858	1	2.474797e-05	0.08325101608	3	gene_body	0	False	Whole genome shotgun sequence of line PN40024 scaffold_2.assembly12x (Fragment)	protein_coding	Ensembl Plants release 47 B73 RefGen_v4 GFF3	nominal	
agri_aa_oil__Oil_C18_2	agri_aa_oil__Oil_C18_2__L058	Zm00001d020206	1	2.793312e-05	0.089875680385	3	cis_window	7010	False	3-ketoacyl-CoA synthase  	protein_coding	Ensembl Plants release 47 B73 RefGen_v4 GFF3	nominal	fatty_acid_lipid
agri_aa_oil__Oil_C18_2	agri_aa_oil__Oil_C18_2__L039	Zm00001d053429	1	3.287125e-05	0.1005447908847058	3	gene_body	0	False	DNA binding protein  	protein_coding	Ensembl Plants release 47 B73 RefGen_v4 GFF3	nominal	
agri_aa_oil__Oil_C18_2	agri_aa_oil__Oil_C18_2__L062	Zm00001d020550	1	3.35837e-05	0.1005447908847058	3	cis_window	84	False		protein_coding	Ensembl Plants release 47 B73 RefGen_v4 GFF3	nominal	
agri_aa_oil__Oil_C18_2	agri_aa_oil__Oil_C18_2__L057	Zm00001d020112	1	3.420986e-05	0.1005447908847058	3	nearest	24952	False	Pi15	protein_coding	Ensembl Plants release 47 B73 RefGen_v4 GFF3	nominal	
agri_aa_oil__Oil_C18_2	agri_aa_oil__Oil_C18_2__L013	Zm00001d031701	1	3.483012e-05	0.1008841806191304	3	cis_window	3979	False	60S ribosomal protein L38	protein_coding	Ensembl Plants release 47 B73 RefGen_v4 GFF3	nominal	
agri_aa_oil__Oil_C18_2	agri_aa_oil__Oil_C18_2__L054	Zm00001d019001	1	3.781499e-05	0.1079650377348571	3	gene_body	0	False	F-box domain containing protein  	protein_coding	Ensembl Plants release 47 B73 RefGen_v4 GFF3	nominal	
agri_aa_oil__Oil_C18_2	agri_aa_oil__Oil_C18_2__L057	Zm00001d020134	1	4.020584e-05	0.1103915567013698	3	gene_body	0	False	ABC transporter G family member 40	protein_coding	Ensembl Plants release 47 B73 RefGen_v4 GFF3	nominal	transport_membrane
agri_aa_oil__Oil_C18_2	agri_aa_oil__Oil_C18_2__L050	Zm00001d016770	1	4.032195e-05	0.1103915567013698	3	gene_body	0	False	Exosome complex component RRP45B	protein_coding	Ensembl Plants release 47 B73 RefGen_v4 GFF3	nominal	
agri_aa_oil__Oil_C18_2	agri_aa_oil__Oil_C18_2__L036	Zm00001d051925	1	4.280167e-05	0.1155968994529729	3	gene_body	0	False	Receptor-like serine/threonine-protein kinase ALE2	protein_coding	Ensembl Plants release 47 B73 RefGen_v4 GFF3	nominal	
agri_aa_oil__Oil_C18_2	agri_aa_oil__Oil_C18_2__L031	Zm00001d049709	1	4.7833e-05	0.1241521045194805	3	gene_body	0	False	Polyneuridine-aldehyde esterase  	protein_coding	Ensembl Plants release 47 B73 RefGen_v4 GFF3	nominal	
agri_aa_oil__Oil_C18_2	agri_aa_oil__Oil_C18_2__L037	Zm00001d052034	1	5.08942e-05	0.1287533067746835	3	gene_body	0	False	Thioredoxin H-type 2	protein_coding	Ensembl Plants release 47 B73 RefGen_v4 GFF3	nominal	
agri_aa_oil__Oil_C18_2	agri_aa_oil__Oil_C18_2__L052	Zm00001d017493	1	5.429723e-05	0.135645339986	3	cis_window	3223	False	Expansin-B4	protein_coding	Ensembl Plants release 47 B73 RefGen_v4 GFF3	nominal	
agri_aa_oil__Oil_C18_2	agri_aa_oil__Oil_C18_2__L061	Zm00001d020526	1	5.976658e-05	0.1439121640057831	3	gene_body	0	False		protein_coding	Ensembl Plants release 47 B73 RefGen_v4 GFF3	nominal	
agri_aa_oil__Oil_C18_2	agri_aa_oil__Oil_C18_2__L057	Zm00001d020100	1	6.475406e-05	0.1504824118065116	3	nearest	70880	False	 protein phosphatase homolog6	protein_coding	Ensembl Plants release 47 B73 RefGen_v4 GFF3	nominal	
agri_aa_oil__Oil_C18_2	agri_aa_oil__Oil_C18_2__L019	Zm00001d003657	1	6.596761e-05	0.1515404903926437	3	gene_body	0	False	Protein SCARECROW	protein_coding	Ensembl Plants release 47 B73 RefGen_v4 GFF3	nominal	
agri_aa_oil__Oil_C18_2	agri_aa_oil__Oil_C18_2__L020	Zm00001d004997	1	6.988225e-05	0.1569256961348314	3	gene_body	0	False	Ubiquinol-cytochrome c reductase complex 8.0 kDa protein  	protein_coding	Ensembl Plants release 47 B73 RefGen_v4 GFF3	nominal	
agri_aa_oil__Oil_C18_2	agri_aa_oil__Oil_C18_2__L017	Zm00001d001909	1	8.082521e-05	0.1794822574417778	3	promoter	0	False	Alternative oxidase  	protein_coding	Ensembl Plants release 47 B73 RefGen_v4 GFF3	nominal	
agri_aa_oil__Oil_C18_2	agri_aa_oil__Oil_C18_2__L065	Zm00001d022462	1	8.398023e-05	0.1844390422734065	3	gene_body	0	False	60S ribosomal protein L18-3	protein_coding	Ensembl Plants release 47 B73 RefGen_v4 GFF3	nominal	
agri_aa_oil__Oil_C18_2	agri_aa_oil__Oil_C18_2__L063	Zm00001d021162	1	8.496957e-05	0.1845834606730435	3	gene_body	0	True	polymerase delta 4	protein_coding	Ensembl Plants release 47 B73 RefGen_v4 GFF3	nominal	
agri_aa_oil__Oil_C18_2	agri_aa_oil__Oil_C18_2__L009	Zm00001d030130	1	8.715372e-05	0.1869656069191489	3	promoter	0	False	LrgB-like family protein  	protein_coding	Ensembl Plants release 47 B73 RefGen_v4 GFF3	nominal	
agri_aa_oil__Oil_C18_2	agri_aa_oil__Oil_C18_2__L041	Zm00001d053802	1	8.793715e-05	0.1869656069191489	3	cis_window	1172	True	Pentatricopeptide repeat-containing protein 	protein_coding	Ensembl Plants release 47 B73 RefGen_v4 GFF3	nominal	
agri_aa_oil__Oil_C18_2	agri_aa_oil__Oil_C18_2__L021	Zm00001d005036	1	9.414665e-05	0.1939665034928	3	gene_body	0	False	Serine/threonine-protein kinase 	protein_coding	Ensembl Plants release 47 B73 RefGen_v4 GFF3	nominal	
agri_aa_oil__Oil_C18_2	agri_aa_oil__Oil_C18_2__L027	Zm00001d048899	1	9.574784e-05	0.1939665034928	3	gene_body	0	False	HVA22-like protein a	protein_coding	Ensembl Plants release 47 B73 RefGen_v4 GFF3	nominal	
agri_aa_oil__Oil_C18_2	agri_aa_oil__Oil_C18_2__L024	Zm00001d042958	1	9.705313e-05	0.1939665034928	3	promoter	0	False	CCT motif family protein	protein_coding	Ensembl Plants release 47 B73 RefGen_v4 GFF3	nominal	
agri_aa_oil__Oil_C18_2	agri_aa_oil__Oil_C18_2__L028	Zm00001d049140	1	0.0001026088	0.1988017120152381	3	gene_body	0	False	Calmodulin-interacting protein 111	protein_coding	Ensembl Plants release 47 B73 RefGen_v4 GFF3	nominal	
agri_aa_oil__Oil_C18_2	agri_aa_oil__Oil_C18_2__L053	Zm00001d036949	1	0.000103064	0.1988017120152381	3	nearest	38851	False	Serine/threonine-protein phosphatase PP2A-5 catalytic subunit	protein_coding	Ensembl Plants release 47 B73 RefGen_v4 GFF3	nominal	
agri_aa_oil__Oil_C18_2	agri_aa_oil__Oil_C18_2__L026	Zm00001d043428	1	0.0001044461	0.1988017120152381	3	gene_body	0	False	Callose synthase 11	protein_coding	Ensembl Plants release 47 B73 RefGen_v4 GFF3	nominal	
agri_aa_oil__Oil_C18_2	agri_aa_oil__Oil_C18_2__L025	Zm00001d043280	1	0.0001093709	0.2005037475714285	3	gene_body	0	False	Regulator of chromosome condensation (RCC1) family protein	protein_coding	Ensembl Plants release 47 B73 RefGen_v4 GFF3	nominal	
agri_aa_oil__Oil_C18_2	agri_aa_oil__Oil_C18_2__L075	Zm00001d047102	1	0.0001096039	0.2005037475714285	3	cis_window	439	False	Zinc finger protein ZAT9	protein_coding	Ensembl Plants release 47 B73 RefGen_v4 GFF3	nominal	
agri_aa_oil__Oil_C18_2	agri_aa_oil__Oil_C18_2__L007	Zm00001d028995	1	0.0001107851	0.2005037475714285	3	gene_body	0	True	Arabidopsis NAC domain containing protein 87	protein_coding	Ensembl Plants release 47 B73 RefGen_v4 GFF3	nominal	hormone_stress_regulatory
agri_aa_oil__Oil_C18_2	agri_aa_oil__Oil_C18_2__L005	Zm00001d028751	1	0.0001117668	0.2005037475714285	3	cis_window	15	False	Protein ESKIMO 1	protein_coding	Ensembl Plants release 47 B73 RefGen_v4 GFF3	nominal	
agri_aa_oil__Oil_C18_2	agri_aa_oil__Oil_C18_2__L057	Zm00001d020103	1	0.000112363	0.2005037475714285	3	gene_body	0	False	Pentatricopeptide repeat-containing protein 	protein_coding	Ensembl Plants release 47 B73 RefGen_v4 GFF3	nominal	
agri_aa_oil__Oil_C18_2	agri_aa_oil__Oil_C18_2__L064	Zm00001d021216	1	0.0001197354	0.2099108605473684	3	gene_body	0	False	Protein DETOXIFICATION 50	protein_coding	Ensembl Plants release 47 B73 RefGen_v4 GFF3	nominal	
agri_aa_oil__Oil_C18_2	agri_aa_oil__Oil_C18_2__L021	Zm00001d005023	1	0.0001221169	0.2099373312528926	3	cis_window	244	False	40S ribosomal protein S16  	protein_coding	Ensembl Plants release 47 B73 RefGen_v4 GFF3	nominal	
agri_aa_oil__Oil_C18_2	agri_aa_oil__Oil_C18_2__L055	Zm00001d019136	1	0.0001241248	0.2099373312528926	3	nearest	72390	False	Probable protein phosphatase 2C 33	protein_coding	Ensembl Plants release 47 B73 RefGen_v4 GFF3	nominal	
agri_aa_oil__Oil_C18_2	agri_aa_oil__Oil_C18_2__L017	Zm00001d001899	1	0.0001266951	0.2099373312528926	3	gene_body	0	False	 acidic ribosomal protein P2a-3	protein_coding	Ensembl Plants release 47 B73 RefGen_v4 GFF3	nominal	
agri_aa_oil__Oil_C18_2	agri_aa_oil__Oil_C18_2__L023	Zm00001d039380	1	0.0001271036	0.2099373312528926	3	gene_body	0	False	Probable pre-mRNA-splicing factor ATP-dependent RNA helicase DEAH9	protein_coding	Ensembl Plants release 47 B73 RefGen_v4 GFF3	nominal	
agri_aa_oil__Oil_C18_2	agri_aa_oil__Oil_C18_2__L022	Zm00001d006214	1	0.0001290998	0.2114866363016393	3	gene_body	0	False	Lon protease homolog 2 peroxisomal	protein_coding	Ensembl Plants release 47 B73 RefGen_v4 GFF3	nominal	
agri_aa_oil__Oil_C18_2	agri_aa_oil__Oil_C18_2__L034	Zm00001d051130	1	0.0001331003	0.2162674272910569	3	cis_window	4351	False	Long-chain-alcohol oxidase FAO4B	protein_coding	Ensembl Plants release 47 B73 RefGen_v4 GFF3	nominal	
agri_aa_oil__Oil_C18_2	agri_aa_oil__Oil_C18_2__L056	Zm00001d020054	1	0.0001374895	0.2190098183619047	3	gene_body	0	False		protein_coding	Ensembl Plants release 47 B73 RefGen_v4 GFF3	nominal	
agri_aa_oil__Oil_C18_2	agri_aa_oil__Oil_C18_2__L053	Zm00001d036925	1	0.0001380756	0.2190098183619047	3	cis_window	40	False	Protein kinase Kelch repeat:Kelch  	protein_coding	Ensembl Plants release 47 B73 RefGen_v4 GFF3	nominal	
agri_aa_oil__Oil_C18_2	agri_aa_oil__Oil_C18_2__L018	Zm00001d002115	1	0.0001422927	0.2235290969353845	3	gene_body	0	False	Microtubule-associated protein RP/EB family member 1B	protein_coding	Ensembl Plants release 47 B73 RefGen_v4 GFF3	nominal	
agri_aa_oil__Oil_C18_2	agri_aa_oil__Oil_C18_2__L008	Zm00001d029031	1	0.0001436692	0.2235290969353845	3	gene_body	0	False	Cytochrome P450 CYP714B3  	protein_coding	Ensembl Plants release 47 B73 RefGen_v4 GFF3	nominal	
agri_aa_oil__Oil_C18_2	agri_aa_oil__Oil_C18_2__L032	Zm00001d050259	1	0.0001518346	0.2297664489599999	3	cis_window	2576	False	ABC transporter A family member 7	protein_coding	Ensembl Plants release 47 B73 RefGen_v4 GFF3	nominal	transport_membrane
agri_aa_oil__Oil_C18_2	agri_aa_oil__Oil_C18_2__L034	Zm00001d051139	1	0.0001536492	0.2297664489599999	3	gene_body	0	False	RNA-binding (RRM/RBD/RNP motifs) family protein	protein_coding	Ensembl Plants release 47 B73 RefGen_v4 GFF3	nominal	
agri_aa_oil__Oil_C18_2	agri_aa_oil__Oil_C18_2__L026	Zm00001d043449	1	0.0001547039	0.2297664489599999	3	gene_body	0	False	RNA-binding S4 domain-containing protein	protein_coding	Ensembl Plants release 47 B73 RefGen_v4 GFF3	nominal	
agri_aa_oil__Oil_C18_2	agri_aa_oil__Oil_C18_2__L029	Zm00001d049533	1	0.0001552041	0.2297664489599999	3	gene_body	0	False	SPFH/Band 7/PHB domain-containing membrane-associated protein family	protein_coding	Ensembl Plants release 47 B73 RefGen_v4 GFF3	nominal	transport_membrane
agri_aa_oil__Oil_C18_2	agri_aa_oil__Oil_C18_2__L004	Zm00001d028726	1	0.0001584473	0.2328429675647058	3	gene_body	0	False	 protein disulfide isomerase9	protein_coding	Ensembl Plants release 47 B73 RefGen_v4 GFF3	nominal	
agri_aa_oil__Oil_C18_2	agri_aa_oil__Oil_C18_2__L076	Zm00001d048403	1	0.0001686353	0.2404984893730496	3	gene_body	0	False	Proteasome subunit alpha type  	protein_coding	Ensembl Plants release 47 B73 RefGen_v4 GFF3	nominal	
agri_aa_oil__Oil_C18_2	agri_aa_oil__Oil_C18_2__L003	Zm00001d028696	1	0.0001696736	0.2404984893730496	3	gene_body	0	False	Expressed protein;  protein	protein_coding	Ensembl Plants release 47 B73 RefGen_v4 GFF3	nominal	
agri_aa_oil__Oil_C18_2	agri_aa_oil__Oil_C18_2__L011	Zm00001d030694	1	0.0001724892	0.2427676165859155	3	promoter	0	False	Thaumatin-like protein  	protein_coding	Ensembl Plants release 47 B73 RefGen_v4 GFF3	nominal	
agri_aa_oil__Oil_C18_2	agri_aa_oil__Oil_C18_2__L067	Zm00001d008570	1	0.0001794964	0.2493095344666666	3	gene_body	0	False	Protein SAR DEFICIENT 1	protein_coding	Ensembl Plants release 47 B73 RefGen_v4 GFF3	nominal	
agri_aa_oil__Oil_C18_2	agri_aa_oil__Oil_C18_2__L074	Zm00001d045000	1	0.0001796322	0.2493095344666666	3	cis_window	891	False	40S ribosomal protein S17-4  	protein_coding	Ensembl Plants release 47 B73 RefGen_v4 GFF3	nominal	
agri_aa_oil__Oil_C18_2	agri_aa_oil__Oil_C18_2__L044	Zm00001d013371	1	0.0001823428	0.2512562440707483	3	gene_body	0	False		protein_coding	Ensembl Plants release 47 B73 RefGen_v4 GFF3	nominal	
agri_aa_oil__Oil_C18_2	agri_aa_oil__Oil_C18_2__L043	Zm00001d012826	1	0.00018364	0.2512562440707483	3	gene_body	0	False	Exosome complex exonuclease RRP46 homolog	protein_coding	Ensembl Plants release 47 B73 RefGen_v4 GFF3	nominal	
agri_aa_oil__Oil_C200_C220	agri_aa_oil__Oil_C200_C220__L043	Zm00001d036982	2	2.348284e-25	4.69318647104e-20	0	cis_window	10	True	 linoleic acid1	protein_coding	Ensembl Plants release 47 B73 RefGen_v4 GFF3	bonferroni_0_05	fatty_acid_lipid
agri_aa_oil__Oil_C200_C220	agri_aa_oil__Oil_C200_C220__L043	Zm00001d036956	1	5.643947e-10	1.127976671632e-05	0	gene_body	0	True	Tetraspanin-2	protein_coding	Ensembl Plants release 47 B73 RefGen_v4 GFF3	bonferroni_0_05	
agri_aa_oil__Oil_C200_C220	agri_aa_oil__Oil_C200_C220__L057	Zm00001d009152	1	4.094131e-09	7.438514955781817e-05	0	cis_window	212	True	Pectin acetylesterase 12	protein_coding	Ensembl Plants release 47 B73 RefGen_v4 GFF3	bonferroni_0_05	
agri_aa_oil__Oil_C200_C220	agri_aa_oil__Oil_C200_C220__L057	Zm00001d009147	1	3.335025e-08	0.0004760891117142	0	gene_body	0	True	CONTAINS InterPro DOMAIN/s: NEFA-interacting nuclear protein NIP30 N-terminal (InterPro:IPR019331); Has 398 Blast hits to 395 proteins in 139 species: Archae - 0; Bacteria - 6; Metazoa - 193; Fungi - 83; Plants - 36; Viruses - 0; Other Eukaryotes - /.../ource: NCBI BLink).	protein_coding	Ensembl Plants release 47 B73 RefGen_v4 GFF3	bonferroni_0_05	
agri_aa_oil__Oil_C200_C220	agri_aa_oil__Oil_C200_C220__L005	Zm00001d028743	1	9.428143e-08	0.00117766934213	0	nearest	26314	False		protein_coding	Ensembl Plants release 47 B73 RefGen_v4 GFF3	bonferroni_0_05	
agri_aa_oil__Oil_C200_C220	agri_aa_oil__Oil_C200_C220__L043	Zm00001d036972	1	1.262905e-07	0.0014847008334117	0	gene_body	0	False	Putative leucine-rich repeat receptor-like protein kinase family protein  	protein_coding	Ensembl Plants release 47 B73 RefGen_v4 GFF3	bonferroni_0_05	
agri_aa_oil__Oil_C200_C220	agri_aa_oil__Oil_C200_C220__L043	Zm00001d036949	1	7.102961e-07	0.00709784686808	1	gene_body	0	False	Serine/threonine-protein phosphatase PP2A-5 catalytic subunit	protein_coding	Ensembl Plants release 47 B73 RefGen_v4 GFF3	fdr_0_05	
agri_aa_oil__Oil_C200_C220	agri_aa_oil__Oil_C200_C220__L029	Zm00001d050310	1	1.179442e-06	0.0112246933500952	1	promoter	0	False	Homeodomain leucine zipper protein CPHB-5; Putative homeobox DNA-binding and leucine zipper domain family protein  	protein_coding	Ensembl Plants release 47 B73 RefGen_v4 GFF3	fdr_0_05	
agri_aa_oil__Oil_C200_C220	agri_aa_oil__Oil_C200_C220__L055	Zm00001d008825	1	2.241503e-06	0.020362628344	1	cis_window	789	False		protein_coding	Ensembl Plants release 47 B73 RefGen_v4 GFF3	fdr_0_05	
agri_aa_oil__Oil_C200_C220	agri_aa_oil__Oil_C200_C220__L066	Zm00001d012510	1	3.499668e-06	0.0304099846873043	1	gene_body	0	False	Putative cytochrome P450 superfamily protein  	protein_coding	Ensembl Plants release 47 B73 RefGen_v4 GFF3	fdr_0_05	
agri_aa_oil__Oil_C200_C220	agri_aa_oil__Oil_C200_C220__L013	Zm00001d034754	1	4.268773e-06	0.0355474956953333	1	gene_body	0	False	DUF4378 domain protein	protein_coding	Ensembl Plants release 47 B73 RefGen_v4 GFF3	fdr_0_05	
agri_aa_oil__Oil_C200_C220	agri_aa_oil__Oil_C200_C220__L065	Zm00001d012435	1	6.094547e-06	0.0487212714092799	1	gene_body	0	False	Probable membrane-associated kinase regulator 4	protein_coding	Ensembl Plants release 47 B73 RefGen_v4 GFF3	fdr_0_05	transport_membrane
agri_aa_oil__Oil_C200_C220	agri_aa_oil__Oil_C200_C220__L072	Zm00001d048484	1	7.188626e-06	0.0532107421428148	2	cis_window	119	False		protein_coding	Ensembl Plants release 47 B73 RefGen_v4 GFF3	suggestive_1e_5	
agri_aa_oil__Oil_C200_C220	agri_aa_oil__Oil_C200_C220__L049	Zm00001d019165	1	1.023441e-05	0.0705313187917241	3	nearest	40244	False	 oligosaccharide transferase1	protein_coding	Ensembl Plants release 47 B73 RefGen_v4 GFF3	nominal	
agri_aa_oil__Oil_C200_C220	agri_aa_oil__Oil_C200_C220__L067	Zm00001d012702	1	1.214739e-05	0.080629453352258	3	gene_body	0	False	Phosphoenolpyruvate carboxylase 3	protein_coding	Ensembl Plants release 47 B73 RefGen_v4 GFF3	nominal	
agri_aa_oil__Oil_C200_C220	agri_aa_oil__Oil_C200_C220__L061	Zm00001d011643	1	1.250657e-05	0.080629453352258	3	gene_body	0	False	Putative leucine-rich repeat receptor-like protein kinase family protein  	protein_coding	Ensembl Plants release 47 B73 RefGen_v4 GFF3	nominal	
agri_aa_oil__Oil_C200_C220	agri_aa_oil__Oil_C200_C220__L014	Zm00001d002288	1	1.387626e-05	0.08666418183	3	gene_body	0	False	Protein SPATULA  	protein_coding	Ensembl Plants release 47 B73 RefGen_v4 GFF3	nominal	
agri_aa_oil__Oil_C200_C220	agri_aa_oil__Oil_C200_C220__L033	Zm00001d051140	1	1.80637e-05	0.1093981462787878	3	gene_body	0	False	NAC domain containing protein 74	protein_coding	Ensembl Plants release 47 B73 RefGen_v4 GFF3	nominal	hormone_stress_regulatory
agri_aa_oil__Oil_C200_C220	agri_aa_oil__Oil_C200_C220__L076	Zm00001d025418	1	2.382793e-05	0.136061565088	3	gene_body	0	False	WAT1-related protein 	protein_coding	Ensembl Plants release 47 B73 RefGen_v4 GFF3	nominal	
agri_aa_oil__Oil_C200_C220	agri_aa_oil__Oil_C200_C220__L037	Zm00001d015475	1	2.631017e-05	0.1460623704311111	3	nearest	29273	False	RING-H2 finger protein ATL2L  	protein_coding	Ensembl Plants release 47 B73 RefGen_v4 GFF3	nominal	
agri_aa_oil__Oil_C200_C220	agri_aa_oil__Oil_C200_C220__L010	Zm00001d033320	1	2.913809e-05	0.1566585392156097	3	gene_body	0	False	UDP-glycosyltransferase 91A1	protein_coding	Ensembl Plants release 47 B73 RefGen_v4 GFF3	nominal	
agri_aa_oil__Oil_C200_C220	agri_aa_oil__Oil_C200_C220__L036	Zm00001d013983	1	3.195389e-05	0.1566585392156097	3	gene_body	0	True	LysM domain containing protein  	protein_coding	Ensembl Plants release 47 B73 RefGen_v4 GFF3	nominal	
agri_aa_oil__Oil_C200_C220	agri_aa_oil__Oil_C200_C220__L001	Zm00001d027538	1	3.213814e-05	0.1566585392156097	3	cis_window	4376	False	OSJNBa0089E12.13 protein;  protein	protein_coding	Ensembl Plants release 47 B73 RefGen_v4 GFF3	nominal	
agri_aa_oil__Oil_C200_C220	agri_aa_oil__Oil_C200_C220__L041	Zm00001d018208	1	3.299549e-05	0.1570082535580952	3	gene_body	0	False	 protein; Tyrosine specific protein phosphatase-like	protein_coding	Ensembl Plants release 47 B73 RefGen_v4 GFF3	nominal	
agri_aa_oil__Oil_C200_C220	agri_aa_oil__Oil_C200_C220__L043	Zm00001d036981	1	3.567243e-05	0.1657988179088372	3	promoter	0	True	K(+) efflux antiporter 4	protein_coding	Ensembl Plants release 47 B73 RefGen_v4 GFF3	nominal	
agri_aa_oil__Oil_C200_C220	agri_aa_oil__Oil_C200_C220__L047	Zm00001d038131	1	3.664496e-05	0.16644807104	3	cis_window	1953	False	P-loop containing nucleoside triphosphate hydrolases superfamily protein	protein_coding	Ensembl Plants release 47 B73 RefGen_v4 GFF3	nominal	
agri_aa_oil__Oil_C200_C220	agri_aa_oil__Oil_C200_C220__L027	Zm00001d044288	1	3.920937e-05	0.1741383966826666	3	gene_body	0	False	alpha/beta-Hydrolases superfamily protein	protein_coding	Ensembl Plants release 47 B73 RefGen_v4 GFF3	nominal	
agri_aa_oil__Oil_C200_C220	agri_aa_oil__Oil_C200_C220__L032	Zm00001d050487	1	4.399741e-05	0.1870882207012766	3	nearest	14619	False		protein_coding	Ensembl Plants release 47 B73 RefGen_v4 GFF3	nominal	
agri_aa_oil__Oil_C200_C220	agri_aa_oil__Oil_C200_C220__L016	Zm00001d003508	1	4.56684e-05	0.1901479948	3	gene_body	0	False	Steroid nuclear receptor ligand-binding	protein_coding	Ensembl Plants release 47 B73 RefGen_v4 GFF3	nominal	
agri_aa_oil__Oil_C200_C220	agri_aa_oil__Oil_C200_C220__L056	Zm00001d008997	1	5.009655e-05	0.2043284917714286	3	gene_body	0	False	Putative VHS/GAT domain containing family protein  	protein_coding	Ensembl Plants release 47 B73 RefGen_v4 GFF3	nominal	
agri_aa_oil__Oil_C200_C220	agri_aa_oil__Oil_C200_C220__L011	Zm00001d033462	1	5.342941e-05	0.2135637632992	3	cis_window	2456	False	Auxin responsive protein	protein_coding	Ensembl Plants release 47 B73 RefGen_v4 GFF3	nominal	hormone_stress_regulatory
agri_aa_oil__Oil_C200_C220	agri_aa_oil__Oil_C200_C220__L022	Zm00001d039517	1	5.473634e-05	0.2144977640596078	3	gene_body	0	False	Clavaminate synthase-like protein 	protein_coding	Ensembl Plants release 47 B73 RefGen_v4 GFF3	nominal	
agri_aa_oil__Oil_C200_C220	agri_aa_oil__Oil_C200_C220__L073	Zm00001d023262	2	5.701063e-05	0.2191137782553846	3	gene_body	0	False	 brick3	protein_coding	Ensembl Plants release 47 B73 RefGen_v4 GFF3	nominal	
agri_aa_oil__Oil_C200_C220	agri_aa_oil__Oil_C200_C220__L021	Zm00001d007387	1	5.845167e-05	0.2204135275381132	3	gene_body	0	False	Retrotransposon protein  	protein_coding	Ensembl Plants release 47 B73 RefGen_v4 GFF3	nominal	
agri_aa_oil__Oil_C200_C220	agri_aa_oil__Oil_C200_C220__L048	Zm00001d038857	1	6.483327e-05	0.2380475731636363	3	gene_body	0	False	Chaperonin CPN60-like 2 mitochondrial	protein_coding	Ensembl Plants release 47 B73 RefGen_v4 GFF3	nominal	
agri_aa_oil__Oil_C200_C220	agri_aa_oil__Oil_C200_C220__L031	Zm00001d050465	1	6.551025e-05	0.2380475731636363	3	cis_window	3299	False	Wall-associated receptor kinase 3	protein_coding	Ensembl Plants release 47 B73 RefGen_v4 GFF3	nominal	
agri_aa_oil__Oil_C200_C220	agri_aa_oil__Oil_C200_C220__L046	Zm00001d037674	1	6.820153e-05	0.2434015174942857	3	gene_body	0	False	Alliin lyase  	protein_coding	Ensembl Plants release 47 B73 RefGen_v4 GFF3	nominal	
agri_aa_oil__Oil_C200_C220	agri_aa_oil__Oil_C200_C220__L015	Zm00001d002592	1	7.105741e-05	0.2491447321571929	3	gene_body	0	False	 1-aminocyclopropane-1-carboxylate synthase2	protein_coding	Ensembl Plants release 47 B73 RefGen_v4 GFF3	nominal	
agri_aa_oil__Oil_C200_C220	agri_aa_oil__Oil_C200_C220__L039	Zm00001d016827	1	7.41645e-05	0.2555555226206896	3	gene_body	0	False	DDT domain-containing protein	protein_coding	Ensembl Plants release 47 B73 RefGen_v4 GFF3	nominal	
agri_aa_oil__Oil_C200_C220	agri_aa_oil__Oil_C200_C220__L045	Zm00001d037354	1	7.795116e-05	0.2604601040970491	3	gene_body	0	False	alpha/beta-Hydrolases superfamily protein	protein_coding	Ensembl Plants release 47 B73 RefGen_v4 GFF3	nominal	
agri_aa_oil__Oil_C200_C220	agri_aa_oil__Oil_C200_C220__L003	Zm00001d028284	1	7.841917e-05	0.2604601040970491	3	gene_body	0	False	Ternary complex factor MIP1  	protein_coding	Ensembl Plants release 47 B73 RefGen_v4 GFF3	nominal	
agri_aa_oil__Oil_C200_C220	agri_aa_oil__Oil_C200_C220__L024	Zm00001d042670	1	8.15781e-05	0.2629656895741935	3	cis_window	942	False	Erythroid differentiation-related factor 1-like protein;  protein	protein_coding	Ensembl Plants release 47 B73 RefGen_v4 GFF3	nominal	
agri_aa_oil__Oil_C200_C220	agri_aa_oil__Oil_C200_C220__L071	Zm00001d048397	1	8.669771e-05	0.2707352739024999	3	gene_body	0	False	Ubiquitin-conjugating enzyme E2 4	protein_coding	Ensembl Plants release 47 B73 RefGen_v4 GFF3	nominal	
agri_aa_oil__Oil_C200_C220	agri_aa_oil__Oil_C200_C220__L042	Zm00001d036847	1	9.115397e-05	0.2802718127433846	3	nearest	94127	False	BTB/POZ domain-containing protein 	protein_coding	Ensembl Plants release 47 B73 RefGen_v4 GFF3	nominal	
agri_aa_oil__Oil_C200_C220	agri_aa_oil__Oil_C200_C220__L073	Zm00001d023260	1	9.292921e-05	0.2814009120266666	3	gene_body	0	False	RNA-binding (RRM/RBD/RNP motifs) family protein	protein_coding	Ensembl Plants release 47 B73 RefGen_v4 GFF3	nominal	
agri_aa_oil__Oil_C200_C220	agri_aa_oil__Oil_C200_C220__L021	Zm00001d007373	1	9.697539e-05	0.2850163756447059	3	cis_window	2393	False		protein_coding	Ensembl Plants release 47 B73 RefGen_v4 GFF3	nominal	
agri_aa_oil__Oil_C200_C220	agri_aa_oil__Oil_C200_C220__L018	Zm00001d003941	1	0.0001253043	0.352715720856338	3	gene_body	0	False	Probable metal-nicotianamine transporter YSL6	protein_coding	Ensembl Plants release 47 B73 RefGen_v4 GFF3	nominal	transport_membrane
agri_aa_oil__Oil_C200_C220	agri_aa_oil__Oil_C200_C220__L061	Zm00001d011625	1	0.0001327818	0.3609202002199999	3	gene_body	0	False	Putative WAK receptor-like protein kinase family protein  	protein_coding	Ensembl Plants release 47 B73 RefGen_v4 GFF3	nominal	
agri_aa_oil__Oil_C200_C220	agri_aa_oil__Oil_C200_C220__L030	Zm00001d050389	1	0.0001332903	0.3609202002199999	3	gene_body	0	False	Transcription factor TCP18	protein_coding	Ensembl Plants release 47 B73 RefGen_v4 GFF3	nominal	hormone_stress_regulatory
agri_aa_oil__Oil_C200_C220	agri_aa_oil__Oil_C200_C220__L060	Zm00001d009985	1	0.000140016	0.3609202002199999	3	cis_window	4866	False	Polcalcin Jun o 2  	protein_coding	Ensembl Plants release 47 B73 RefGen_v4 GFF3	nominal	
agri_aa_oil__Oil_C200_C220	agri_aa_oil__Oil_C200_C220__L007	Zm00001d029605	1	0.0001407411	0.3609202002199999	3	cis_window	2339	False	Pectin acetylesterase 9	protein_coding	Ensembl Plants release 47 B73 RefGen_v4 GFF3	nominal	
agri_aa_oil__Oil_C200_C220	agri_aa_oil__Oil_C200_C220__L026	Zm00001d043444	1	0.0001407411	0.3609202002199999	3	promoter	0	False	plant-specific domain TIGR01615 family protein expressed	protein_coding	Ensembl Plants release 47 B73 RefGen_v4 GFF3	nominal	
agri_aa_oil__Oil_C200_C220	agri_aa_oil__Oil_C200_C220__L064	Zm00001d012255	1	0.0001416544	0.3609202002199999	3	gene_body	0	False	Putative MYB DNA-binding domain superfamily protein  	protein_coding	Ensembl Plants release 47 B73 RefGen_v4 GFF3	nominal	hormone_stress_regulatory
agri_aa_oil__Oil_C200_C220	agri_aa_oil__Oil_C200_C220__L030	Zm00001d050384	1	0.0001444514	0.3609202002199999	3	cis_window	2728	False		protein_coding	Ensembl Plants release 47 B73 RefGen_v4 GFF3	nominal	
agri_aa_oil__Oil_C200_C220	agri_aa_oil__Oil_C200_C220__L051	Zm00001d021246	1	0.0001444721	0.3609202002199999	3	gene_body	0	False	Ras-related protein RABA3	protein_coding	Ensembl Plants release 47 B73 RefGen_v4 GFF3	nominal	
agri_aa_oil__Oil_C200_C220	agri_aa_oil__Oil_C200_C220__L008	Zm00001d029916	1	0.000149706	0.3693783004444444	3	nearest	119163	False	RNA-binding (RRM/RBD/RNP motifs) family protein	protein_coding	Ensembl Plants release 47 B73 RefGen_v4 GFF3	nominal	
agri_aa_oil__Oil_C200_C220	agri_aa_oil__Oil_C200_C220__L025	Zm00001d043206	1	0.0001540546	0.3712394197904761	3	gene_body	0	False	Putative E3 ubiquitin-protein ligase RING1a	protein_coding	Ensembl Plants release 47 B73 RefGen_v4 GFF3	nominal	
agri_aa_oil__Oil_C200_C220	agri_aa_oil__Oil_C200_C220__L020	Zm00001d005157	1	0.0001560329	0.3712394197904761	3	cis_window	3091	False	Glutamine-dependent NAD(+) synthetase	protein_coding	Ensembl Plants release 47 B73 RefGen_v4 GFF3	nominal	
agri_aa_oil__Oil_C200_C220	agri_aa_oil__Oil_C200_C220__L053	Zm00001d008674	1	0.0001602073	0.3766869429270588	3	gene_body	0	False	Cycloartenol synthase	protein_coding	Ensembl Plants release 47 B73 RefGen_v4 GFF3	nominal	
agri_aa_oil__Oil_C200_C220	agri_aa_oil__Oil_C200_C220__L041	Zm00001d018243	1	0.0001670529	0.3816036837454545	3	gene_body	0	False	Replication factor C subunit 5	protein_coding	Ensembl Plants release 47 B73 RefGen_v4 GFF3	nominal	
agri_aa_oil__Oil_C200_C220	agri_aa_oil__Oil_C200_C220__L005	Zm00001d028752	1	0.0001795353	0.3926509174297872	3	gene_body	0	False	Probable protein phosphatase 2C 30	protein_coding	Ensembl Plants release 47 B73 RefGen_v4 GFF3	nominal	
agri_aa_oil__Oil_C200_C220	agri_aa_oil__Oil_C200_C220__L036	Zm00001d013992	1	0.0001846789	0.3926509174297872	3	gene_body	0	False	Pyridoxal phosphate (PLP)-dependent transferases superfamily protein	protein_coding	Ensembl Plants release 47 B73 RefGen_v4 GFF3	nominal	
agri_aa_oil__Oil_C200_C220	agri_aa_oil__Oil_C200_C220__L050	Zm00001d020898	1	0.0001866488	0.3926619218189474	3	cis_window	19	False	Heat shock protein 90-2	protein_coding	Ensembl Plants release 47 B73 RefGen_v4 GFF3	nominal	
agri_aa_oil__Oil_C200_C220	agri_aa_oil__Oil_C200_C220__L041	Zm00001d018206	1	0.0001990499	0.4101166681896907	3	gene_body	0	False	Nitrate reductase [NADH] 2	protein_coding	Ensembl Plants release 47 B73 RefGen_v4 GFF3	nominal	
agri_aa_oil__Oil_C200_C220	agri_aa_oil__Oil_C200_C220__L063	Zm00001d011833	1	0.0002028761	0.4137347534857142	3	gene_body	0	False	Ferredoxin--NADP reductase leaf isozyme 1 chloroplastic	protein_coding	Ensembl Plants release 47 B73 RefGen_v4 GFF3	nominal	
agri_aa_oil__Oil_C200_C220	agri_aa_oil__Oil_C200_C220__L052	Zm00001d008567	1	0.0002094975	0.422601390117647	3	gene_body	0	False	 glucose translocator1	protein_coding	Ensembl Plants release 47 B73 RefGen_v4 GFF3	nominal	
agri_aa_oil__Oil_C200_C220	agri_aa_oil__Oil_C200_C220__L075	Zm00001d023874	1	0.000212181	0.422601390117647	3	nearest	22802	False	E3 ubiquitin-protein ligase MIEL1	protein_coding	Ensembl Plants release 47 B73 RefGen_v4 GFF3	nominal	
agri_aa_oil__Oil_C200_C220	agri_aa_oil__Oil_C200_C220__L062	Zm00001d011719	1	0.000215682	0.422601390117647	3	gene_body	0	False		protein_coding	Ensembl Plants release 47 B73 RefGen_v4 GFF3	nominal	
agri_aa_oil__Oil_C200_C220	agri_aa_oil__Oil_C200_C220__L065	Zm00001d012393	1	0.000223604	0.4281600211851852	3	nearest	23686	False	Integral membrane HRF1 family protein	protein_coding	Ensembl Plants release 47 B73 RefGen_v4 GFF3	nominal	transport_membrane
agri_aa_oil__Oil_C200_C220	agri_aa_oil__Oil_C200_C220__L023	Zm00001d040745	1	0.000224592	0.4281600211851852	3	nearest	111224	False		protein_coding	Ensembl Plants release 47 B73 RefGen_v4 GFF3	nominal	
agri_aa_oil__Oil_C200_C220	agri_aa_oil__Oil_C200_C220__L006	Zm00001d028797	1	0.0002284706	0.4281600211851852	3	gene_body	0	False	Laccase-13	protein_coding	Ensembl Plants release 47 B73 RefGen_v4 GFF3	nominal	
agri_aa_oil__Oil_C200_C220	agri_aa_oil__Oil_C200_C220__L054	Zm00001d008739	1	0.0002307178	0.4281600211851852	3	gene_body	0	False	2-hydroxyacyl-CoA lyase	protein_coding	Ensembl Plants release 47 B73 RefGen_v4 GFF3	nominal	fatty_acid_lipid
agri_aa_oil__Oil_C200_C220	agri_aa_oil__Oil_C200_C220__L070	Zm00001d046679	1	0.000231373	0.4281600211851852	3	gene_body	0	False	Potassium transporter 10  	protein_coding	Ensembl Plants release 47 B73 RefGen_v4 GFF3	nominal	transport_membrane
agri_aa_oil__Oil_C200_C220	agri_aa_oil__Oil_C200_C220__L035	Zm00001d052278	1	0.0002342422	0.4294927442495412	3	nearest	16017	False	Xylose isomerase	protein_coding	Ensembl Plants release 47 B73 RefGen_v4 GFF3	nominal	
agri_aa_oil__Oil_C200_C220	agri_aa_oil__Oil_C200_C220__L009	Zm00001d031625	1	0.0002374185	0.4313591975999999	3	nearest	70476	False	Transcription factor MADS37	protein_coding	Ensembl Plants release 47 B73 RefGen_v4 GFF3	nominal	hormone_stress_regulatory
agri_aa_oil__Oil_C200_C220	agri_aa_oil__Oil_C200_C220__L048	Zm00001d038915	1	0.0002443648	0.4360515309714285	3	gene_body	0	False	Putative WAK receptor-like protein kinase family protein  	protein_coding	Ensembl Plants release 47 B73 RefGen_v4 GFF3	nominal	
agri_aa_oil__Oil_C200_C220	agri_aa_oil__Oil_C200_C220__L059	Zm00001d009605	1	0.0002518193	0.4448938826913907	3	gene_body	0	True	Sugar transporter ERD6-like 6	protein_coding	Ensembl Plants release 47 B73 RefGen_v4 GFF3	nominal	transport_membrane
agri_aa_oil__Oil_C200_C220	agri_aa_oil__Oil_C200_C220__L077	Zm00001d025915	1	0.0002639414	0.4448938826913907	3	gene_body	0	False	Syntaxin-81	protein_coding	Ensembl Plants release 47 B73 RefGen_v4 GFF3	nominal	
agri_aa_oil__Oil_C200_C220	agri_aa_oil__Oil_C200_C220__L028	Zm00001d044391	1	0.0002683122	0.4448938826913907	3	nearest	25648	False	Mitochondrial ATP synthase subunit G protein	protein_coding	Ensembl Plants release 47 B73 RefGen_v4 GFF3	nominal	
agri_aa_oil__Oil_C200_C220	agri_aa_oil__Oil_C200_C220__L074	Zm00001d023841	1	0.0002688672	0.4448938826913907	3	gene_body	0	False	P-loop nucleoside triphosphate hydrolases superfamily protein with CH (Calponin Homology) domain	protein_coding	Ensembl Plants release 47 B73 RefGen_v4 GFF3	nominal	
agri_aa_oil__Oil_C200_C220	agri_aa_oil__Oil_C200_C220__L034	Zm00001d052189	1	0.0002820047	0.4448938826913907	3	cis_window	749	False	Putative RING zinc finger domain superfamily protein  	protein_coding	Ensembl Plants release 47 B73 RefGen_v4 GFF3	nominal	
agri_aa_oil__Oil_C200_C220	agri_aa_oil__Oil_C200_C220__L038	Zm00001d016397	1	0.0002870612	0.4448938826913907	3	gene_body	0	False	UDP-Glycosyltransferase superfamily protein	protein_coding	Ensembl Plants release 47 B73 RefGen_v4 GFF3	nominal	
agri_aa_oil__Oil_C200_C220	agri_aa_oil__Oil_C200_C220__L020	Zm00001d005154	1	0.0002883876	0.4448938826913907	3	gene_body	0	False	Putative E3 ubiquitin-protein ligase RF4	protein_coding	Ensembl Plants release 47 B73 RefGen_v4 GFF3	nominal	
agri_aa_oil__Oil_C200_C220	agri_aa_oil__Oil_C200_C220__L033	Zm00001d051139	1	0.0002900953	0.4448938826913907	3	promoter	0	False	RNA-binding (RRM/RBD/RNP motifs) family protein	protein_coding	Ensembl Plants release 47 B73 RefGen_v4 GFF3	nominal	
agri_aa_oil__Oil_C200_C220	agri_aa_oil__Oil_C200_C220__L068	Zm00001d045436	1	0.0002945844	0.4448938826913907	3	cis_window	8255	False	Aminomethyltransferase  	protein_coding	Ensembl Plants release 47 B73 RefGen_v4 GFF3	nominal	
agri_aa_oil__Oil_C200_C220	agri_aa_oil__Oil_C200_C220__L019	Zm00001d004546	1	0.000298424	0.4448938826913907	3	gene_body	0	False		protein_coding	Ensembl Plants release 47 B73 RefGen_v4 GFF3	nominal	
agri_aa_oil__Oil_C200_C220	agri_aa_oil__Oil_C200_C220__L045	Zm00001d037334	1	0.0002984877	0.4448938826913907	3	cis_window	76	False	Odorant 1 protein; Putative MYB DNA-binding domain superfamily protein  	protein_coding	Ensembl Plants release 47 B73 RefGen_v4 GFF3	nominal	hormone_stress_regulatory
agri_aa_oil__Oil_C200_C220	agri_aa_oil__Oil_C200_C220__L012	Zm00001d033718	1	0.0003040222	0.4448938826913907	3	gene_body	0	False	ACD11 homolog protein	protein_coding	Ensembl Plants release 47 B73 RefGen_v4 GFF3	nominal	
agri_aa_oil__Oil_C200_C220	agri_aa_oil__Oil_C200_C220__L002	Zm00001d028036	1	0.0003094991	0.4448938826913907	3	gene_body	0	False	Myosin heavy chain	protein_coding	Ensembl Plants release 47 B73 RefGen_v4 GFF3	nominal	
agri_aa_oil__Oil_C200_C220	agri_aa_oil__Oil_C200_C220__L004	Zm00001d028510	1	0.0003112572	0.4448938826913907	3	gene_body	0	False	Protein FAF-like chloroplastic	protein_coding	Ensembl Plants release 47 B73 RefGen_v4 GFF3	nominal	
agri_aa_oil__Oil_C200_C220	agri_aa_oil__Oil_C200_C220__L063	Zm00001d011784	1	0.0003166069	0.4448938826913907	3	cis_window	1294	False		protein_coding	Ensembl Plants release 47 B73 RefGen_v4 GFF3	nominal	
agri_aa_oil__Oil_C200_C220	agri_aa_oil__Oil_C200_C220__L069	Zm00001d046624	1	0.0003176846	0.4448938826913907	3	gene_body	0	False	Probable E3 ubiquitin ligase SUD1	protein_coding	Ensembl Plants release 47 B73 RefGen_v4 GFF3	nominal	
agri_aa_oil__Oil_C200_C220	agri_aa_oil__Oil_C200_C220__L017	Zm00001d003724	1	0.000318038	0.4448938826913907	3	nearest	13804	True	SWIb domain-containing protein  	protein_coding	Ensembl Plants release 47 B73 RefGen_v4 GFF3	nominal	
agri_aa_oil__Oil_C200_C220	agri_aa_oil__Oil_C200_C220__L058	Zm00001d009409	1	0.0003185709	0.4448938826913907	3	gene_body	0	False	Glycosyltransferase family protein 64 protein C5	protein_coding	Ensembl Plants release 47 B73 RefGen_v4 GFF3	nominal	
agri_aa_oil__Oil_C200_C220	agri_aa_oil__Oil_C200_C220__L033	Zm00001d051130	1	0.0003188454	0.4448938826913907	3	gene_body	0	False	Long-chain-alcohol oxidase FAO4B	protein_coding	Ensembl Plants release 47 B73 RefGen_v4 GFF3	nominal	
agri_aa_oil__Oil_C200_C220	agri_aa_oil__Oil_C200_C220__L040	Zm00001d017754	1	0.0003274653	0.4448938826913907	3	gene_body	0	False	yeast YAK1-related gene 1	protein_coding	Ensembl Plants release 47 B73 RefGen_v4 GFF3	nominal	
agri_aa_oil__Oil_C200_C220	agri_aa_oil__Oil_C200_C220__L063	Zm00001d011785	1	0.0003276702	0.4448938826913907	3	promoter	0	False	Transcription factor LUX	protein_coding	Ensembl Plants release 47 B73 RefGen_v4 GFF3	nominal	hormone_stress_regulatory
agri_aa_oil__Oil_C200_C220	agri_aa_oil__Oil_C200_C220__L044	Zm00001d037107	1	0.0003311169	0.4448938826913907	3	gene_body	0	False		protein_coding	Ensembl Plants release 47 B73 RefGen_v4 GFF3	nominal	
agri_aa_oil__Oil_C20_0	agri_aa_oil__Oil_C20_0__L059	Zm00001d009150	1	3.922545e-12	7.8394415352e-07	0	gene_body	0	True	Sec23/Sec24 protein transport family protein	protein_coding	Ensembl Plants release 47 B73 RefGen_v4 GFF3	bonferroni_0_05	
agri_aa_oil__Oil_C20_0	agri_aa_oil__Oil_C20_0__L045	Zm00001d036982	1	4.693594e-11	2.8568670736400003e-06	0	gene_body	0	True	 linoleic acid1	protein_coding	Ensembl Plants release 47 B73 RefGen_v4 GFF3	bonferroni_0_05	fatty_acid_lipid
agri_aa_oil__Oil_C20_0	agri_aa_oil__Oil_C20_0__L045	Zm00001d036933	1	1.387776e-08	0.0003081726225066	0	cis_window	424	False	Aldehyde dehydrogenase family 2 member C4	protein_coding	Ensembl Plants release 47 B73 RefGen_v4 GFF3	bonferroni_0_05	
agri_aa_oil__Oil_C20_0	agri_aa_oil__Oil_C20_0__L045	Zm00001d036978	1	3.85633e-08	0.0007006460804363	0	nearest	32734	False	HAD superfamily subfamily IIIB acid phosphatase	protein_coding	Ensembl Plants release 47 B73 RefGen_v4 GFF3	bonferroni_0_05	
agri_aa_oil__Oil_C20_0	agri_aa_oil__Oil_C20_0__L052	Zm00001d018730	1	2.204439e-07	0.0033890027752615	0	gene_body	0	False	RNA-binding protein 1	protein_coding	Ensembl Plants release 47 B73 RefGen_v4 GFF3	bonferroni_0_05	
agri_aa_oil__Oil_C20_0	agri_aa_oil__Oil_C20_0__L045	Zm00001d036947	1	5.169582e-07	0.0068878132012799	1	gene_body	0	False	Leucine-rich repeat protein kinase family protein	protein_coding	Ensembl Plants release 47 B73 RefGen_v4 GFF3	fdr_0_05	
agri_aa_oil__Oil_C20_0	agri_aa_oil__Oil_C20_0__L045	Zm00001d036965	1	1.053834e-06	0.0114383268917894	1	gene_body	0	False	Zinc transporter 4  	protein_coding	Ensembl Plants release 47 B73 RefGen_v4 GFF3	fdr_0_05	transport_membrane
agri_aa_oil__Oil_C20_0	agri_aa_oil__Oil_C20_0__L026	Zm00001d049511	1	1.087424e-06	0.0114383268917894	1	gene_body	0	True	Putative MYB DNA-binding domain superfamily protein  	protein_coding	Ensembl Plants release 47 B73 RefGen_v4 GFF3	fdr_0_05	hormone_stress_regulatory
agri_aa_oil__Oil_C20_0	agri_aa_oil__Oil_C20_0__L025	Zm00001d044646	1	1.471221e-06	0.0144528435977142	1	gene_body	0	False	 glucosamine fructose-6-phosphate aminotransferase1	protein_coding	Ensembl Plants release 47 B73 RefGen_v4 GFF3	fdr_0_05	
agri_aa_oil__Oil_C20_0	agri_aa_oil__Oil_C20_0__L071	Zm00001d025421	1	1.518642e-06	0.0144528435977142	1	cis_window	1773	True	F-box protein 7	protein_coding	Ensembl Plants release 47 B73 RefGen_v4 GFF3	fdr_0_05	
agri_aa_oil__Oil_C20_0	agri_aa_oil__Oil_C20_0__L022	Zm00001d039976	1	3.929834e-06	0.0345670590024347	1	cis_window	5989	False		protein_coding	Ensembl Plants release 47 B73 RefGen_v4 GFF3	fdr_0_05	
agri_aa_oil__Oil_C20_0	agri_aa_oil__Oil_C20_0__L033	Zm00001d053395	1	3.978076e-06	0.0345670590024347	1	gene_body	0	False	Pectin lyase-like superfamily protein	protein_coding	Ensembl Plants release 47 B73 RefGen_v4 GFF3	fdr_0_05	
agri_aa_oil__Oil_C20_0	agri_aa_oil__Oil_C20_0__L013	Zm00001d033462	1	4.236428e-06	0.03486721351808	1	cis_window	2456	False	Auxin responsive protein	protein_coding	Ensembl Plants release 47 B73 RefGen_v4 GFF3	fdr_0_05	hormone_stress_regulatory
agri_aa_oil__Oil_C20_0	agri_aa_oil__Oil_C20_0__L045	Zm00001d036975	1	4.361542e-06	0.03486721351808	1	cis_window	2078	False		protein_coding	Ensembl Plants release 47 B73 RefGen_v4 GFF3	fdr_0_05	
agri_aa_oil__Oil_C20_0	agri_aa_oil__Oil_C20_0__L025	Zm00001d044653	1	5.464825e-06	0.0420068486615384	1	gene_body	0	False		protein_coding	Ensembl Plants release 47 B73 RefGen_v4 GFF3	fdr_0_05	
agri_aa_oil__Oil_C20_0	agri_aa_oil__Oil_C20_0__L032	Zm00001d053149	1	6.432562e-06	0.047614300410074	1	gene_body	0	False	Digalactosyldiacylglycerol synthase 1 chloroplastic	protein_coding	Ensembl Plants release 47 B73 RefGen_v4 GFF3	fdr_0_05	fatty_acid_lipid
agri_aa_oil__Oil_C20_0	agri_aa_oil__Oil_C20_0__L010	Zm00001d032887	1	8.84327e-06	0.0631207346114285	2	gene_body	0	True	Protein binding protein  	protein_coding	Ensembl Plants release 47 B73 RefGen_v4 GFF3	suggestive_1e_5	
agri_aa_oil__Oil_C20_0	agri_aa_oil__Oil_C20_0__L036	Zm00001d053639	1	9.577439e-06	0.0660037465097931	2	gene_body	0	False		protein_coding	Ensembl Plants release 47 B73 RefGen_v4 GFF3	suggestive_1e_5	
agri_aa_oil__Oil_C20_0	agri_aa_oil__Oil_C20_0__L067	Zm00001d012396	1	1.028748e-05	0.06676589392	3	gene_body	0	False	Transcription initiation factor TFIID subunit 12b	protein_coding	Ensembl Plants release 47 B73 RefGen_v4 GFF3	nominal	
agri_aa_oil__Oil_C20_0	agri_aa_oil__Oil_C20_0__L037	Zm00001d053932	1	1.090772e-05	0.0677516079369697	3	gene_body	0	False	NAD(P)-linked oxidoreductase superfamily protein	protein_coding	Ensembl Plants release 47 B73 RefGen_v4 GFF3	nominal	
agri_aa_oil__Oil_C20_0	agri_aa_oil__Oil_C20_0__L035	Zm00001d053552	1	1.118707e-05	0.0677516079369697	3	gene_body	0	False		protein_coding	Ensembl Plants release 47 B73 RefGen_v4 GFF3	nominal	
agri_aa_oil__Oil_C20_0	agri_aa_oil__Oil_C20_0__L002	Zm00001d028272	1	1.523405e-05	0.0869890370514285	3	gene_body	0	False	Sec-independent protein translocase protein TATC, chloroplastic  	protein_coding	Ensembl Plants release 47 B73 RefGen_v4 GFF3	nominal	
agri_aa_oil__Oil_C20_0	agri_aa_oil__Oil_C20_0__L061	Zm00001d010175	1	1.955286e-05	0.1004676112	3	gene_body	0	True	Ethylene-responsive transcription factor ABR1	protein_coding	Ensembl Plants release 47 B73 RefGen_v4 GFF3	nominal	hormone_stress_regulatory
agri_aa_oil__Oil_C20_0	agri_aa_oil__Oil_C20_0__L027	Zm00001d049880	1	1.957646e-05	0.1004676112	3	nearest	14814	False	ENTH/VHS family protein	protein_coding	Ensembl Plants release 47 B73 RefGen_v4 GFF3	nominal	
agri_aa_oil__Oil_C20_0	agri_aa_oil__Oil_C20_0__L002	Zm00001d028280	1	1.96053e-05	0.1004676112	3	gene_body	0	False	Wall-associated receptor kinase-like 14	protein_coding	Ensembl Plants release 47 B73 RefGen_v4 GFF3	nominal	
agri_aa_oil__Oil_C20_0	agri_aa_oil__Oil_C20_0__L047	Zm00001d037067	1	2.15384e-05	0.1065963660487804	3	gene_body	0	False	Ribosomal protein L18ae family	protein_coding	Ensembl Plants release 47 B73 RefGen_v4 GFF3	nominal	
agri_aa_oil__Oil_C20_0	agri_aa_oil__Oil_C20_0__L045	Zm00001d036956	1	2.1868e-05	0.1065963660487804	3	gene_body	0	False	Tetraspanin-2	protein_coding	Ensembl Plants release 47 B73 RefGen_v4 GFF3	nominal	
agri_aa_oil__Oil_C20_0	agri_aa_oil__Oil_C20_0__L034	Zm00001d053434	1	2.459935e-05	0.1143332021767442	3	gene_body	0	False	Putative RING zinc finger domain superfamily protein  	protein_coding	Ensembl Plants release 47 B73 RefGen_v4 GFF3	nominal	
agri_aa_oil__Oil_C20_0	agri_aa_oil__Oil_C20_0__L051	Zm00001d039177	1	2.561725e-05	0.1163582071818181	3	cis_window	327	False	Polygalacturonase inhibitor 1  	protein_coding	Ensembl Plants release 47 B73 RefGen_v4 GFF3	nominal	
agri_aa_oil__Oil_C20_0	agri_aa_oil__Oil_C20_0__L053	Zm00001d019147	1	2.84263e-05	0.12430581033	3	gene_body	0	False	40S ribosomal protein S2  	protein_coding	Ensembl Plants release 47 B73 RefGen_v4 GFF3	nominal	
agri_aa_oil__Oil_C20_0	agri_aa_oil__Oil_C20_0__L038	Zm00001d013603	1	2.888181e-05	0.12430581033	3	gene_body	0	True	Type IV inositol polyphosphate 5-phosphatase 7	protein_coding	Ensembl Plants release 47 B73 RefGen_v4 GFF3	nominal	
agri_aa_oil__Oil_C20_0	agri_aa_oil__Oil_C20_0__L016	Zm00001d001861	1	2.985489e-05	0.12430581033	3	gene_body	0	False	TPR domain containing protein  	protein_coding	Ensembl Plants release 47 B73 RefGen_v4 GFF3	nominal	
agri_aa_oil__Oil_C20_0	agri_aa_oil__Oil_C20_0__L065	Zm00001d012064	1	3.05815e-05	0.1247325768163265	3	gene_body	0	False	Peptidyl-prolyl cis-trans isomerase  	protein_coding	Ensembl Plants release 47 B73 RefGen_v4 GFF3	nominal	
agri_aa_oil__Oil_C20_0	agri_aa_oil__Oil_C20_0__L058	Zm00001d008965	1	3.317839e-05	0.1300176531733333	3	gene_body	0	False	Putative inactive receptor-like protein kinase 	protein_coding	Ensembl Plants release 47 B73 RefGen_v4 GFF3	nominal	hormone_stress_regulatory
agri_aa_oil__Oil_C20_0	agri_aa_oil__Oil_C20_0__L025	Zm00001d044649	1	3.405468e-05	0.1300468648301886	3	gene_body	0	False	Plant mobile domain protein family	protein_coding	Ensembl Plants release 47 B73 RefGen_v4 GFF3	nominal	
agri_aa_oil__Oil_C20_0	agri_aa_oil__Oil_C20_0__L045	Zm00001d036949	1	3.448725e-05	0.1300468648301886	3	gene_body	0	False	Serine/threonine-protein phosphatase PP2A-5 catalytic subunit	protein_coding	Ensembl Plants release 47 B73 RefGen_v4 GFF3	nominal	
agri_aa_oil__Oil_C20_0	agri_aa_oil__Oil_C20_0__L001	Zm00001d028004	1	3.700367e-05	0.1336942131823728	3	gene_body	0	False	Outer arm dynein light chain 1 protein	protein_coding	Ensembl Plants release 47 B73 RefGen_v4 GFF3	nominal	
agri_aa_oil__Oil_C20_0	agri_aa_oil__Oil_C20_0__L064	Zm00001d011536	1	3.868403e-05	0.1336942131823728	3	gene_body	0	False	Ribosomal protein L18ae family	protein_coding	Ensembl Plants release 47 B73 RefGen_v4 GFF3	nominal	
agri_aa_oil__Oil_C20_0	agri_aa_oil__Oil_C20_0__L003	Zm00001d028320	1	3.939227e-05	0.1336942131823728	3	cis_window	3208	False		protein_coding	Ensembl Plants release 47 B73 RefGen_v4 GFF3	nominal	
agri_aa_oil__Oil_C20_0	agri_aa_oil__Oil_C20_0__L024	Zm00001d041768	1	3.946821e-05	0.1336942131823728	3	gene_body	0	False	NEP-interacting protein 1	protein_coding	Ensembl Plants release 47 B73 RefGen_v4 GFF3	nominal	
agri_aa_oil__Oil_C20_0	agri_aa_oil__Oil_C20_0__L008	Zm00001d031002	1	4.017116e-05	0.1338074558826666	3	gene_body	0	False	Tetratricopeptide repeat (TPR)-like superfamily protein	protein_coding	Ensembl Plants release 47 B73 RefGen_v4 GFF3	nominal	
agri_aa_oil__Oil_C20_0	agri_aa_oil__Oil_C20_0__L022	Zm00001d039990	1	4.751146e-05	0.1556631204878688	3	nearest	57942	False		protein_coding	Ensembl Plants release 47 B73 RefGen_v4 GFF3	nominal	
agri_aa_oil__Oil_C20_0	agri_aa_oil__Oil_C20_0__L017	Zm00001d001978	1	4.834075e-05	0.1558256279354838	3	gene_body	0	False	MAP3K epsilon protein kinase 1	protein_coding	Ensembl Plants release 47 B73 RefGen_v4 GFF3	nominal	
agri_aa_oil__Oil_C20_0	agri_aa_oil__Oil_C20_0__L045	Zm00001d036922	1	5.078067e-05	0.158651251295	3	gene_body	0	False	3-N-debenzoyl-2-deoxytaxol N-benzoyltransferase  	protein_coding	Ensembl Plants release 47 B73 RefGen_v4 GFF3	nominal	
agri_aa_oil__Oil_C20_0	agri_aa_oil__Oil_C20_0__L045	Zm00001d037004	1	5.247041e-05	0.1613311732455384	3	gene_body	0	False	Ras-related protein RABA1d	protein_coding	Ensembl Plants release 47 B73 RefGen_v4 GFF3	nominal	
agri_aa_oil__Oil_C20_0	agri_aa_oil__Oil_C20_0__L018	Zm00001d003939	1	5.479087e-05	0.1619778801317647	3	gene_body	0	False	Probable metal-nicotianamine transporter YSL6	protein_coding	Ensembl Plants release 47 B73 RefGen_v4 GFF3	nominal	transport_membrane
agri_aa_oil__Oil_C20_0	agri_aa_oil__Oil_C20_0__L075	Zm00001d026536	1	5.511216e-05	0.1619778801317647	3	gene_body	0	False	Zinc finger CCCH domain-containing protein 6	protein_coding	Ensembl Plants release 47 B73 RefGen_v4 GFF3	nominal	
agri_aa_oil__Oil_C20_0	agri_aa_oil__Oil_C20_0__L031	Zm00001d052008	1	6.475859e-05	0.1869130721014084	3	gene_body	0	False	Putative clathrin assembly protein 	protein_coding	Ensembl Plants release 47 B73 RefGen_v4 GFF3	nominal	
agri_aa_oil__Oil_C20_0	agri_aa_oil__Oil_C20_0__L039	Zm00001d013653	1	6.640195e-05	0.1869130721014084	3	gene_body	0	False	transcription regulator NOT2/NOT3/NOT5 family protein	protein_coding	Ensembl Plants release 47 B73 RefGen_v4 GFF3	nominal	
agri_aa_oil__Oil_C20_0	agri_aa_oil__Oil_C20_0__L042	Zm00001d018243	1	6.939541e-05	0.1912737179419178	3	gene_body	0	False	Replication factor C subunit 5	protein_coding	Ensembl Plants release 47 B73 RefGen_v4 GFF3	nominal	
agri_aa_oil__Oil_C20_0	agri_aa_oil__Oil_C20_0__L030	Zm00001d051554	1	6.986521e-05	0.1912737179419178	3	cis_window	297	False	 abscisic acid 8'-hydroxylase2	protein_coding	Ensembl Plants release 47 B73 RefGen_v4 GFF3	nominal	
agri_aa_oil__Oil_C20_0	agri_aa_oil__Oil_C20_0__L023	Zm00001d041691	1	7.111777e-05	0.192071797852973	3	gene_body	0	False	Uveal autoantigen with coiled-coil domains and ankyrin repeats isoform 4	protein_coding	Ensembl Plants release 47 B73 RefGen_v4 GFF3	nominal	fatty_acid_lipid
agri_aa_oil__Oil_C20_0	agri_aa_oil__Oil_C20_0__L050	Zm00001d039090	1	7.517534e-05	0.1976874046189473	3	gene_body	0	False	GTP-binding nuclear protein Ran-2	protein_coding	Ensembl Plants release 47 B73 RefGen_v4 GFF3	nominal	
agri_aa_oil__Oil_C20_0	agri_aa_oil__Oil_C20_0__L009	Zm00001d032518	1	7.893092e-05	0.2048677655522078	3	gene_body	0	False	Pentatricopeptide repeat-containing protein 	protein_coding	Ensembl Plants release 47 B73 RefGen_v4 GFF3	nominal	
agri_aa_oil__Oil_C20_0	agri_aa_oil__Oil_C20_0__L006	Zm00001d028995	1	8.492962e-05	0.2100151739516049	3	gene_body	0	True	Arabidopsis NAC domain containing protein 87	protein_coding	Ensembl Plants release 47 B73 RefGen_v4 GFF3	nominal	hormone_stress_regulatory
agri_aa_oil__Oil_C20_0	agri_aa_oil__Oil_C20_0__L066	Zm00001d012325	1	8.495132e-05	0.2100151739516049	3	gene_body	0	False	Tetratricopeptide repeat (TPR)-like superfamily protein	protein_coding	Ensembl Plants release 47 B73 RefGen_v4 GFF3	nominal	
agri_aa_oil__Oil_C20_0	agri_aa_oil__Oil_C20_0__L062	Zm00001d011319	1	8.511743e-05	0.2100151739516049	3	cis_window	5032	False	ABC transporter G family member 40	protein_coding	Ensembl Plants release 47 B73 RefGen_v4 GFF3	nominal	transport_membrane
agri_aa_oil__Oil_C20_0	agri_aa_oil__Oil_C20_0__L066	Zm00001d012322	1	8.627733e-05	0.2102810007863415	3	gene_body	0	False	cytochrome P450 family 81 subfamily D polypeptide 8	protein_coding	Ensembl Plants release 47 B73 RefGen_v4 GFF3	nominal	
agri_aa_oil__Oil_C20_0	agri_aa_oil__Oil_C20_0__L070	Zm00001d047559	1	9.14102e-05	0.2201069509783132	3	gene_body	0	False	Putative homeobox DNA-binding domain superfamily protein  	protein_coding	Ensembl Plants release 47 B73 RefGen_v4 GFF3	nominal	
agri_aa_oil__Oil_C20_0	agri_aa_oil__Oil_C20_0__L028	Zm00001d050386	1	9.310563e-05	0.2201414304781395	3	nearest	23219	False		protein_coding	Ensembl Plants release 47 B73 RefGen_v4 GFF3	nominal	
agri_aa_oil__Oil_C20_0	agri_aa_oil__Oil_C20_0__L045	Zm00001d036927	1	9.472902e-05	0.2201414304781395	3	gene_body	0	False	ABC transporter A family member 7	protein_coding	Ensembl Plants release 47 B73 RefGen_v4 GFF3	nominal	transport_membrane
agri_aa_oil__Oil_C20_0	agri_aa_oil__Oil_C20_0__L063	Zm00001d011365	1	9.848397e-05	0.2262369230841379	3	gene_body	0	False	alpha/beta-Hydrolases superfamily protein	protein_coding	Ensembl Plants release 47 B73 RefGen_v4 GFF3	nominal	
agri_aa_oil__Oil_C20_0	agri_aa_oil__Oil_C20_0__L004	Zm00001d028529	1	0.0001031423	0.2316135675146067	3	gene_body	0	False	hydroxyproline-rich glycoprotein family protein	protein_coding	Ensembl Plants release 47 B73 RefGen_v4 GFF3	nominal	
agri_aa_oil__Oil_C20_0	agri_aa_oil__Oil_C20_0__L019	Zm00001d005450	1	0.0001062411	0.2353460537499999	3	gene_body	0	False	PTI1-like tyrosine-protein kinase 3	protein_coding	Ensembl Plants release 47 B73 RefGen_v4 GFF3	nominal	
agri_aa_oil__Oil_C20_0	agri_aa_oil__Oil_C20_0__L073	Zm00001d025900	1	0.0001088506	0.2353460537499999	3	gene_body	0	False	Putative GEM-like protein 8	protein_coding	Ensembl Plants release 47 B73 RefGen_v4 GFF3	nominal	
agri_aa_oil__Oil_C20_0	agri_aa_oil__Oil_C20_0__L074	Zm00001d026239	1	0.0001107111	0.2353460537499999	3	gene_body	0	False	GPCR-type G protein 2	protein_coding	Ensembl Plants release 47 B73 RefGen_v4 GFF3	nominal	
agri_aa_oil__Oil_C20_0	agri_aa_oil__Oil_C20_0__L068	Zm00001d012702	1	0.0001122528	0.2353460537499999	3	gene_body	0	False	Phosphoenolpyruvate carboxylase 3	protein_coding	Ensembl Plants release 47 B73 RefGen_v4 GFF3	nominal	
agri_aa_oil__Oil_C20_0	agri_aa_oil__Oil_C20_0__L047	Zm00001d037066	1	0.0001130475	0.2353460537499999	3	gene_body	0	False	Putative prolin-rich extensin-like receptor protein kinase family protein  	protein_coding	Ensembl Plants release 47 B73 RefGen_v4 GFF3	nominal	
agri_aa_oil__Oil_C20_0	agri_aa_oil__Oil_C20_0__L066	Zm00001d012304	1	0.000117059	0.2395702134464646	3	gene_body	0	False	Putative cytochrome P450 superfamily protein  	protein_coding	Ensembl Plants release 47 B73 RefGen_v4 GFF3	nominal	
agri_aa_oil__Oil_C20_0	agri_aa_oil__Oil_C20_0__L057	Zm00001d021280	1	0.0001180127	0.2395702134464646	3	cis_window	424	False	Endoglucanase 24	protein_coding	Ensembl Plants release 47 B73 RefGen_v4 GFF3	nominal	
agri_aa_oil__Oil_C20_0	agri_aa_oil__Oil_C20_0__L007	Zm00001d029526	1	0.0001186727	0.2395702134464646	3	nearest	32129	False	 cytochrome P-450 18	protein_coding	Ensembl Plants release 47 B73 RefGen_v4 GFF3	nominal	
agri_aa_oil__Oil_C20_0	agri_aa_oil__Oil_C20_0__L005	Zm00001d028714	1	0.0001254068	0.250633014208	3	promoter	0	False	Probable RNA-binding protein ARP1	protein_coding	Ensembl Plants release 47 B73 RefGen_v4 GFF3	nominal	
agri_aa_oil__Oil_C20_0	agri_aa_oil__Oil_C20_0__L058	Zm00001d008970	1	0.0001307421	0.2587088429465347	3	gene_body	0	False	Plastid division protein PDV1	protein_coding	Ensembl Plants release 47 B73 RefGen_v4 GFF3	nominal	
agri_aa_oil__Oil_C20_0	agri_aa_oil__Oil_C20_0__L035	Zm00001d053568	1	0.0001389965	0.2697017913009709	3	promoter	0	False		protein_coding	Ensembl Plants release 47 B73 RefGen_v4 GFF3	nominal	
agri_aa_oil__Oil_C20_0	agri_aa_oil__Oil_C20_0__L035	Zm00001d053580	1	0.0001413533	0.2716375492769231	3	gene_body	0	False	Dihydrolipoyllysine-residue acetyltransferase component 2 of pyruvate dehydrogenase complex mitochondrial	protein_coding	Ensembl Plants release 47 B73 RefGen_v4 GFF3	nominal	
agri_aa_oil__Oil_C20_0	agri_aa_oil__Oil_C20_0__L048	Zm00001d038513	1	0.0001458764	0.2762845167245283	3	gene_body	0	False	Transducin/WD40 repeat-like superfamily protein	protein_coding	Ensembl Plants release 47 B73 RefGen_v4 GFF3	nominal	
agri_aa_oil__Oil_C20_0	agri_aa_oil__Oil_C20_0__L041	Zm00001d017493	1	0.000160498	0.2997802643738317	3	cis_window	3223	False	Expansin-B4	protein_coding	Ensembl Plants release 47 B73 RefGen_v4 GFF3	nominal	
agri_aa_oil__Oil_C20_0	agri_aa_oil__Oil_C20_0__L048	Zm00001d038479	1	0.0001636895	0.30002182864	3	promoter	0	False		protein_coding	Ensembl Plants release 47 B73 RefGen_v4 GFF3	nominal	
agri_aa_oil__Oil_C20_0	agri_aa_oil__Oil_C20_0__L049	Zm00001d038857	1	0.0001753664	0.3101370667368421	3	gene_body	0	False	Chaperonin CPN60-like 2 mitochondrial	protein_coding	Ensembl Plants release 47 B73 RefGen_v4 GFF3	nominal	
agri_aa_oil__Oil_C20_0	agri_aa_oil__Oil_C20_0__L043	Zm00001d018343	1	0.0001763799	0.3101370667368421	3	promoter	0	False	RING-H2 finger protein ATL13	protein_coding	Ensembl Plants release 47 B73 RefGen_v4 GFF3	nominal	
agri_aa_oil__Oil_C20_0	agri_aa_oil__Oil_C20_0__L020	Zm00001d006193	1	0.0001822222	0.3141989585793103	3	gene_body	0	False	cytochrome P450 family 78 subfamily A polypeptide 8	protein_coding	Ensembl Plants release 47 B73 RefGen_v4 GFF3	nominal	
agri_aa_oil__Oil_C20_0	agri_aa_oil__Oil_C20_0__L046	Zm00001d037034	1	0.0001823667	0.3141989585793103	3	gene_body	0	False	PHD finger protein-related	protein_coding	Ensembl Plants release 47 B73 RefGen_v4 GFF3	nominal	
agri_aa_oil__Oil_C20_0	agri_aa_oil__Oil_C20_0__L031	Zm00001d052036	1	0.0001921077	0.3249057380258064	3	promoter	0	False	DEAD-box ATP-dependent RNA helicase 1	protein_coding	Ensembl Plants release 47 B73 RefGen_v4 GFF3	nominal	
agri_aa_oil__Oil_C20_0	agri_aa_oil__Oil_C20_0__L069	Zm00001d046467	1	0.0001961071	0.3249057380258064	3	gene_body	0	False	UDP-galactose/UDP-glucose transporter 3	protein_coding	Ensembl Plants release 47 B73 RefGen_v4 GFF3	nominal	transport_membrane
agri_aa_oil__Oil_C20_0	agri_aa_oil__Oil_C20_0__L023	Zm00001d041707	1	0.0001980675	0.3249057380258064	3	gene_body	0	False	DNA binding	protein_coding	Ensembl Plants release 47 B73 RefGen_v4 GFF3	nominal	
agri_aa_oil__Oil_C20_0	agri_aa_oil__Oil_C20_0__L021	Zm00001d006789	1	0.0001993586	0.3249057380258064	3	gene_body	0	False		protein_coding	Ensembl Plants release 47 B73 RefGen_v4 GFF3	nominal	
agri_aa_oil__Oil_C20_0	agri_aa_oil__Oil_C20_0__L035	Zm00001d053586	1	0.0002015645	0.3249057380258064	3	cis_window	274	False	Putative cytochrome P450 superfamily protein  	protein_coding	Ensembl Plants release 47 B73 RefGen_v4 GFF3	nominal	
agri_aa_oil__Oil_C20_0	agri_aa_oil__Oil_C20_0__L072	Zm00001d025752	1	0.0002015867	0.3249057380258064	3	gene_body	0	False	Transcription factor bHLH68	protein_coding	Ensembl Plants release 47 B73 RefGen_v4 GFF3	nominal	hormone_stress_regulatory
agri_aa_oil__Oil_C20_0	agri_aa_oil__Oil_C20_0__L015	Zm00001d034175	1	0.0002036374	0.3255852497152	3	gene_body	0	False	CCG-binding protein 1	protein_coding	Ensembl Plants release 47 B73 RefGen_v4 GFF3	nominal	
agri_aa_oil__Oil_C20_0	agri_aa_oil__Oil_C20_0__L055	Zm00001d019461	1	0.000210255	0.3306564123358779	3	gene_body	0	False	DNAJ heat shock N-terminal domain-containing protein	protein_coding	Ensembl Plants release 47 B73 RefGen_v4 GFF3	nominal	
agri_aa_oil__Oil_C20_0	agri_aa_oil__Oil_C20_0__L014	Zm00001d033786	1	0.0002119676	0.3306564123358779	3	gene_body	0	False	 histidine kinase4	protein_coding	Ensembl Plants release 47 B73 RefGen_v4 GFF3	nominal	
agri_aa_oil__Oil_C20_0	agri_aa_oil__Oil_C20_0__L040	Zm00001d013868	1	0.0002167056	0.3306564123358779	3	gene_body	0	True	CDPK-related kinase 3	protein_coding	Ensembl Plants release 47 B73 RefGen_v4 GFF3	nominal	
agri_aa_oil__Oil_C20_0	agri_aa_oil__Oil_C20_0__L060	Zm00001d010075	1	0.000216736	0.3306564123358779	3	cis_window	636	False	Tetratricopeptide repeat (TPR)-like superfamily protein	protein_coding	Ensembl Plants release 47 B73 RefGen_v4 GFF3	nominal	
agri_aa_oil__Oil_C20_0	agri_aa_oil__Oil_C20_0__L054	Zm00001d019228	1	0.0002241106	0.3337418184685714	3	nearest	13077	False	ZIP zinc/iron transport family protein  	protein_coding	Ensembl Plants release 47 B73 RefGen_v4 GFF3	nominal	
agri_aa_oil__Oil_C20_0	agri_aa_oil__Oil_C20_0__L011	Zm00001d033048	1	0.0002261091	0.3337418184685714	3	gene_body	0	False	TIFY8 (Fragment) [Source:UniProtKB/TrEMBL;Acc:A0A060D1S0]	protein_coding	Ensembl Plants release 47 B73 RefGen_v4 GFF3	nominal	
agri_aa_oil__Oil_C20_0	agri_aa_oil__Oil_C20_0__L012	Zm00001d033150	1	0.0002296689	0.3337418184685714	3	cis_window	294	False		protein_coding	Ensembl Plants release 47 B73 RefGen_v4 GFF3	nominal	
agri_aa_oil__Oil_C20_0	agri_aa_oil__Oil_C20_0__L056	Zm00001d020794	1	0.0002299045	0.3337418184685714	3	gene_body	0	False	Blue copper protein  	protein_coding	Ensembl Plants release 47 B73 RefGen_v4 GFF3	nominal	
agri_aa_oil__Oil_C20_0	agri_aa_oil__Oil_C20_0__L044	Zm00001d036672	1	0.0002299245	0.3337418184685714	3	gene_body	0	False	Clathrin assembly protein  	protein_coding	Ensembl Plants release 47 B73 RefGen_v4 GFF3	nominal	
agri_aa_oil__Oil_C20_0	agri_aa_oil__Oil_C20_0__L034	Zm00001d053406	1	0.0002305044	0.3337418184685714	3	nearest	12393	False		protein_coding	Ensembl Plants release 47 B73 RefGen_v4 GFF3	nominal	
agri_aa_oil__Oil_C20_0	agri_aa_oil__Oil_C20_0__L029	Zm00001d051130	1	0.0002326106	0.3337418184685714	3	cis_window	4351	False	Long-chain-alcohol oxidase FAO4B	protein_coding	Ensembl Plants release 47 B73 RefGen_v4 GFF3	nominal	
agri_aa_oil__Oil_C20_1	agri_aa_oil__Oil_C20_1__L049	Zm00001d036982	1	2.007069e-11	4.01124782064e-06	0	gene_body	0	True	 linoleic acid1	protein_coding	Ensembl Plants release 47 B73 RefGen_v4 GFF3	bonferroni_0_05	fatty_acid_lipid
agri_aa_oil__Oil_C20_1	agri_aa_oil__Oil_C20_1__L059	Zm00001d009150	1	5.852678e-09	0.0002724351387013	0	gene_body	0	True	Sec23/Sec24 protein transport family protein	protein_coding	Ensembl Plants release 47 B73 RefGen_v4 GFF3	bonferroni_0_05	
agri_aa_oil__Oil_C20_1	agri_aa_oil__Oil_C20_1__L049	Zm00001d036933	1	1.156622e-07	0.0021014349675636	0	cis_window	424	False	Aldehyde dehydrogenase family 2 member C4	protein_coding	Ensembl Plants release 47 B73 RefGen_v4 GFF3	bonferroni_0_05	
agri_aa_oil__Oil_C20_1	agri_aa_oil__Oil_C20_1__L030	Zm00001d049442	1	2.746123e-07	0.0040799417539428	1	cis_window	6677	True	Polyadenylation and cleavage factor homolog 5	protein_coding	Ensembl Plants release 47 B73 RefGen_v4 GFF3	fdr_0_05	
agri_aa_oil__Oil_C20_1	agri_aa_oil__Oil_C20_1__L042	Zm00001d013603	1	2.858017e-07	0.0040799417539428	1	gene_body	0	True	Type IV inositol polyphosphate 5-phosphatase 7	protein_coding	Ensembl Plants release 47 B73 RefGen_v4 GFF3	fdr_0_05	
agri_aa_oil__Oil_C20_1	agri_aa_oil__Oil_C20_1__L031	Zm00001d049511	1	3.698552e-07	0.0049278520567466	1	gene_body	0	True	Putative MYB DNA-binding domain superfamily protein  	protein_coding	Ensembl Plants release 47 B73 RefGen_v4 GFF3	fdr_0_05	hormone_stress_regulatory
agri_aa_oil__Oil_C20_1	agri_aa_oil__Oil_C20_1__L049	Zm00001d036947	1	9.013815e-07	0.0112591563165	1	gene_body	0	False	Leucine-rich repeat protein kinase family protein	protein_coding	Ensembl Plants release 47 B73 RefGen_v4 GFF3	fdr_0_05	
agri_aa_oil__Oil_C20_1	agri_aa_oil__Oil_C20_1__L042	Zm00001d013653	1	1.056595e-06	0.0124215794305882	1	gene_body	0	False	transcription regulator NOT2/NOT3/NOT5 family protein	protein_coding	Ensembl Plants release 47 B73 RefGen_v4 GFF3	fdr_0_05	
agri_aa_oil__Oil_C20_1	agri_aa_oil__Oil_C20_1__L056	Zm00001d021488	1	1.132685e-06	0.0125763274088888	1	gene_body	0	True	MYND finger family protein  	protein_coding	Ensembl Plants release 47 B73 RefGen_v4 GFF3	fdr_0_05	
agri_aa_oil__Oil_C20_1	agri_aa_oil__Oil_C20_1__L006	Zm00001d032887	1	1.393372e-06	0.0139236877216	1	gene_body	0	True	Protein binding protein  	protein_coding	Ensembl Plants release 47 B73 RefGen_v4 GFF3	fdr_0_05	
agri_aa_oil__Oil_C20_1	agri_aa_oil__Oil_C20_1__L003	Zm00001d031002	1	3.012994e-06	0.0286212414945454	1	gene_body	0	False	Tetratricopeptide repeat (TPR)-like superfamily protein	protein_coding	Ensembl Plants release 47 B73 RefGen_v4 GFF3	fdr_0_05	
agri_aa_oil__Oil_C20_1	agri_aa_oil__Oil_C20_1__L033	Zm00001d049956	1	3.150605e-06	0.0286212414945454	1	gene_body	0	False	4-hydroxy-tetrahydrodipicolinate reductase 2 chloroplastic	protein_coding	Ensembl Plants release 47 B73 RefGen_v4 GFF3	fdr_0_05	
agri_aa_oil__Oil_C20_1	agri_aa_oil__Oil_C20_1__L049	Zm00001d036978	1	4.245695e-06	0.036892505213913	1	nearest	32734	False	HAD superfamily subfamily IIIB acid phosphatase	protein_coding	Ensembl Plants release 47 B73 RefGen_v4 GFF3	fdr_0_05	
agri_aa_oil__Oil_C20_1	agri_aa_oil__Oil_C20_1__L005	Zm00001d032455	1	5.644645e-06	0.0447985146862857	1	gene_body	0	False	Electron transfer flavoprotein-ubiquinone oxidoreductase mitochondrial	protein_coding	Ensembl Plants release 47 B73 RefGen_v4 GFF3	fdr_0_05	
agri_aa_oil__Oil_C20_1	agri_aa_oil__Oil_C20_1__L027	Zm00001d043200	1	6.15008e-06	0.0447985146862857	1	gene_body	0	False		protein_coding	Ensembl Plants release 47 B73 RefGen_v4 GFF3	fdr_0_05	
agri_aa_oil__Oil_C20_1	agri_aa_oil__Oil_C20_1__L008	Zm00001d033002	1	6.259977e-06	0.0447985146862857	1	gene_body	0	False	ATP-dependent 6-phosphofructokinase 5 chloroplastic	protein_coding	Ensembl Plants release 47 B73 RefGen_v4 GFF3	fdr_0_05	
agri_aa_oil__Oil_C20_1	agri_aa_oil__Oil_C20_1__L039	Zm00001d053931	1	6.276311e-06	0.0447985146862857	1	gene_body	0	False	Peroxisome biogenesis protein 16	protein_coding	Ensembl Plants release 47 B73 RefGen_v4 GFF3	fdr_0_05	
agri_aa_oil__Oil_C20_1	agri_aa_oil__Oil_C20_1__L079	Zm00001d026536	1	7.499391e-06	0.0491669367989999	1	gene_body	0	False	Zinc finger CCCH domain-containing protein 6	protein_coding	Ensembl Plants release 47 B73 RefGen_v4 GFF3	fdr_0_05	
agri_aa_oil__Oil_C20_1	agri_aa_oil__Oil_C20_1__L022	Zm00001d041768	1	7.872378e-06	0.0491669367989999	1	gene_body	0	True	NEP-interacting protein 1	protein_coding	Ensembl Plants release 47 B73 RefGen_v4 GFF3	fdr_0_05	
agri_aa_oil__Oil_C20_1	agri_aa_oil__Oil_C20_1__L049	Zm00001d037004	1	8.617832e-06	0.0501656432836571	2	gene_body	0	False	Ras-related protein RABA1d	protein_coding	Ensembl Plants release 47 B73 RefGen_v4 GFF3	suggestive_1e_5	
agri_aa_oil__Oil_C20_1	agri_aa_oil__Oil_C20_1__L036	Zm00001d052276	1	9.319361e-06	0.0517369503337777	2	gene_body	0	False	RNA-processing Lsm domain	protein_coding	Ensembl Plants release 47 B73 RefGen_v4 GFF3	suggestive_1e_5	
agri_aa_oil__Oil_C20_1	agri_aa_oil__Oil_C20_1__L044	Zm00001d013849	1	1.063796e-05	0.0560642888378947	3	cis_window	5032	True	Trihelix transcription factor GT-2	protein_coding	Ensembl Plants release 47 B73 RefGen_v4 GFF3	nominal	hormone_stress_regulatory
agri_aa_oil__Oil_C20_1	agri_aa_oil__Oil_C20_1__L033	Zm00001d049950	1	1.345777e-05	0.067240402028	3	nearest	17033	False	 male sterile protein homolog1	protein_coding	Ensembl Plants release 47 B73 RefGen_v4 GFF3	nominal	
agri_aa_oil__Oil_C20_1	agri_aa_oil__Oil_C20_1__L007	Zm00001d032944	1	1.653213e-05	0.0805864725190243	3	gene_body	0	False	Short integuments 2 mitochondrial	protein_coding	Ensembl Plants release 47 B73 RefGen_v4 GFF3	nominal	
agri_aa_oil__Oil_C20_1	agri_aa_oil__Oil_C20_1__L028	Zm00001d044649	1	2.038528e-05	0.0970028695161904	3	gene_body	0	False	Plant mobile domain protein family	protein_coding	Ensembl Plants release 47 B73 RefGen_v4 GFF3	nominal	
agri_aa_oil__Oil_C20_1	agri_aa_oil__Oil_C20_1__L050	Zm00001d037074	1	2.170348e-05	0.0985811522472727	3	nearest	19298	False	PHD finger family protein	protein_coding	Ensembl Plants release 47 B73 RefGen_v4 GFF3	nominal	
agri_aa_oil__Oil_C20_1	agri_aa_oil__Oil_C20_1__L010	Zm00001d033365	1	2.771581e-05	0.1230926871857777	3	gene_body	0	False	Putative cyclin-A3-1	protein_coding	Ensembl Plants release 47 B73 RefGen_v4 GFF3	nominal	
agri_aa_oil__Oil_C20_1	agri_aa_oil__Oil_C20_1__L057	Zm00001d021588	1	2.928571e-05	0.127237496907826	3	gene_body	0	False	Mitotic checkpoint serine/threonine-protein kinase BUB1	protein_coding	Ensembl Plants release 47 B73 RefGen_v4 GFF3	nominal	
agri_aa_oil__Oil_C20_1	agri_aa_oil__Oil_C20_1__L009	Zm00001d033150	1	3.07716e-05	0.13003193455	3	cis_window	294	False		protein_coding	Ensembl Plants release 47 B73 RefGen_v4 GFF3	nominal	
agri_aa_oil__Oil_C20_1	agri_aa_oil__Oil_C20_1__L055	Zm00001d021197	1	3.395415e-05	0.1343029968752941	3	gene_body	0	False	Alpha-L-fucosidase 1	protein_coding	Ensembl Plants release 47 B73 RefGen_v4 GFF3	nominal	
agri_aa_oil__Oil_C20_1	agri_aa_oil__Oil_C20_1__L066	Zm00001d012391	1	3.427194e-05	0.1343029968752941	3	gene_body	0	False	Delta 1-pyrroline-5-carboxylate synthetase isoform 1; Delta 1-pyrroline-5-carboxylate synthetase isoform 2  	protein_coding	Ensembl Plants release 47 B73 RefGen_v4 GFF3	nominal	
agri_aa_oil__Oil_C20_1	agri_aa_oil__Oil_C20_1__L051	Zm00001d037332	1	3.815351e-05	0.1447388240711111	3	gene_body	0	False	Putative 1-phosphatidylinositol-4-phosphate 5-kinase/ zinc ion binding family  	protein_coding	Ensembl Plants release 47 B73 RefGen_v4 GFF3	nominal	
agri_aa_oil__Oil_C20_1	agri_aa_oil__Oil_C20_1__L040	Zm00001d013250	1	3.909992e-05	0.1447388240711111	3	gene_body	0	False	Glucan endo-1,3-beta-glucosidase 3  	protein_coding	Ensembl Plants release 47 B73 RefGen_v4 GFF3	nominal	
agri_aa_oil__Oil_C20_1	agri_aa_oil__Oil_C20_1__L064	Zm00001d011519	1	3.910764e-05	0.1447388240711111	3	gene_body	0	False	Magnesium transporter CorA-like family protein	protein_coding	Ensembl Plants release 47 B73 RefGen_v4 GFF3	nominal	transport_membrane
agri_aa_oil__Oil_C20_1	agri_aa_oil__Oil_C20_1__L021	Zm00001d040560	1	4.044103e-05	0.1469524089396363	3	nearest	137947	False		protein_coding	Ensembl Plants release 47 B73 RefGen_v4 GFF3	nominal	
agri_aa_oil__Oil_C20_1	agri_aa_oil__Oil_C20_1__L049	Zm00001d036922	1	4.496353e-05	0.1540174209993442	3	gene_body	0	False	3-N-debenzoyl-2-deoxytaxol N-benzoyltransferase  	protein_coding	Ensembl Plants release 47 B73 RefGen_v4 GFF3	nominal	
agri_aa_oil__Oil_C20_1	agri_aa_oil__Oil_C20_1__L049	Zm00001d036975	1	4.501515e-05	0.1540174209993442	3	cis_window	2078	False		protein_coding	Ensembl Plants release 47 B73 RefGen_v4 GFF3	nominal	
agri_aa_oil__Oil_C20_1	agri_aa_oil__Oil_C20_1__L062	Zm00001d011117	1	4.640755e-05	0.1540174209993442	3	gene_body	0	False	cytochrome P450 family 722 subfamily A polypeptide 1	protein_coding	Ensembl Plants release 47 B73 RefGen_v4 GFF3	nominal	
agri_aa_oil__Oil_C20_1	agri_aa_oil__Oil_C20_1__L002	Zm00001d028995	1	4.700916e-05	0.1540174209993442	3	gene_body	0	True	Arabidopsis NAC domain containing protein 87	protein_coding	Ensembl Plants release 47 B73 RefGen_v4 GFF3	nominal	hormone_stress_regulatory
agri_aa_oil__Oil_C20_1	agri_aa_oil__Oil_C20_1__L072	Zm00001d047102	1	5.003833e-05	0.1587374679441269	3	cis_window	439	False	Zinc finger protein ZAT9	protein_coding	Ensembl Plants release 47 B73 RefGen_v4 GFF3	nominal	
agri_aa_oil__Oil_C20_1	agri_aa_oil__Oil_C20_1__L051	Zm00001d037326	1	5.285825e-05	0.1647547372726154	3	gene_body	0	False	Ubiquitin receptor RAD23c	protein_coding	Ensembl Plants release 47 B73 RefGen_v4 GFF3	nominal	
agri_aa_oil__Oil_C20_1	agri_aa_oil__Oil_C20_1__L042	Zm00001d013624	1	5.551221e-05	0.1660490451128358	3	gene_body	0	False		protein_coding	Ensembl Plants release 47 B73 RefGen_v4 GFF3	nominal	
agri_aa_oil__Oil_C20_1	agri_aa_oil__Oil_C20_1__L078	Zm00001d025983	1	6.023579e-05	0.1733885274537143	3	gene_body	0	False	Cationic amino acid transporter 6 chloroplastic	protein_coding	Ensembl Plants release 47 B73 RefGen_v4 GFF3	nominal	transport_membrane
agri_aa_oil__Oil_C20_1	agri_aa_oil__Oil_C20_1__L071	Zm00001d046941	1	6.072971e-05	0.1733885274537143	3	gene_body	0	False	Receptor-like cytosolic serine/threonine-protein kinase RBK1	protein_coding	Ensembl Plants release 47 B73 RefGen_v4 GFF3	nominal	
agri_aa_oil__Oil_C20_1	agri_aa_oil__Oil_C20_1__L080	Zm00001d026627	1	6.280766e-05	0.1767956013656338	3	gene_body	0	False	Transducin/WD40 repeat-like superfamily protein	protein_coding	Ensembl Plants release 47 B73 RefGen_v4 GFF3	nominal	
agri_aa_oil__Oil_C20_1	agri_aa_oil__Oil_C20_1__L024	Zm00001d042259	1	6.634943e-05	0.1798803657924324	3	gene_body	0	False	Prefoldin chaperone subunit family protein	protein_coding	Ensembl Plants release 47 B73 RefGen_v4 GFF3	nominal	
agri_aa_oil__Oil_C20_1	agri_aa_oil__Oil_C20_1__L073	Zm00001d048320	1	7.750793e-05	0.1985951904882051	3	gene_body	0	False	Pentatricopeptide repeat-containing protein  mitochondrial	protein_coding	Ensembl Plants release 47 B73 RefGen_v4 GFF3	nominal	
agri_aa_oil__Oil_C20_1	agri_aa_oil__Oil_C20_1__L063	Zm00001d011352	1	8.327638e-05	0.2039574971752381	3	gene_body	0	False	Electron transporter  	protein_coding	Ensembl Plants release 47 B73 RefGen_v4 GFF3	nominal	transport_membrane
agri_aa_oil__Oil_C20_1	agri_aa_oil__Oil_C20_1__L075	Zm00001d023853	1	8.47986e-05	0.2039574971752381	3	nearest	165776	True	 adenosine 5'-phosphosulfate reductase6	protein_coding	Ensembl Plants release 47 B73 RefGen_v4 GFF3	nominal	
agri_aa_oil__Oil_C20_1	agri_aa_oil__Oil_C20_1__L077	Zm00001d025817	1	8.572387e-05	0.2039574971752381	3	gene_body	0	False	CLIP-associated protein	protein_coding	Ensembl Plants release 47 B73 RefGen_v4 GFF3	nominal	
agri_aa_oil__Oil_C20_1	agri_aa_oil__Oil_C20_1__L065	Zm00001d012147	1	9.424148e-05	0.2190084328706976	3	gene_body	0	False	Galactolipase DONGLE chloroplastic	protein_coding	Ensembl Plants release 47 B73 RefGen_v4 GFF3	nominal	fatty_acid_lipid
agri_aa_oil__Oil_C20_1	agri_aa_oil__Oil_C20_1__L060	Zm00001d010607	1	9.723422e-05	0.2208277530945454	3	gene_body	0	False	PLAC8 family protein	protein_coding	Ensembl Plants release 47 B73 RefGen_v4 GFF3	nominal	
agri_aa_oil__Oil_C20_1	agri_aa_oil__Oil_C20_1__L004	Zm00001d031514	1	0.0001206875	0.2650562747252747	3	gene_body	0	False	chaperone protein dnaJ-related	protein_coding	Ensembl Plants release 47 B73 RefGen_v4 GFF3	nominal	
agri_aa_oil__Oil_C20_1	agri_aa_oil__Oil_C20_1__L013	Zm00001d001978	1	0.0001271893	0.2736130694127659	3	gene_body	0	False	MAP3K epsilon protein kinase 1	protein_coding	Ensembl Plants release 47 B73 RefGen_v4 GFF3	nominal	
agri_aa_oil__Oil_C20_1	agri_aa_oil__Oil_C20_1__L037	Zm00001d053163	1	0.0001283199	0.2736130694127659	3	nearest	10872	False	Scarecrow-like protein 26	protein_coding	Ensembl Plants release 47 B73 RefGen_v4 GFF3	nominal	
agri_aa_oil__Oil_C20_1	agri_aa_oil__Oil_C20_1__L034	Zm00001d051183	1	0.0001286908	0.2736130694127659	3	cis_window	237	False	Regulator of nonsense transcripts UPF2	protein_coding	Ensembl Plants release 47 B73 RefGen_v4 GFF3	nominal	
agri_aa_oil__Oil_C20_1	agri_aa_oil__Oil_C20_1__L068	Zm00001d045219	1	0.0001313555	0.2763387874526316	3	gene_body	0	False	 PIN-formed protein12	protein_coding	Ensembl Plants release 47 B73 RefGen_v4 GFF3	nominal	
agri_aa_oil__Oil_C20_1	agri_aa_oil__Oil_C20_1__L027	Zm00001d043201	1	0.0001345478	0.2791098052363636	3	gene_body	0	False	 ycf3 intracting protein homolog1	protein_coding	Ensembl Plants release 47 B73 RefGen_v4 GFF3	nominal	
agri_aa_oil__Oil_C20_1	agri_aa_oil__Oil_C20_1__L070	Zm00001d045635	1	0.0001356147	0.2791098052363636	3	gene_body	0	False	Helicase protein MOM1	protein_coding	Ensembl Plants release 47 B73 RefGen_v4 GFF3	nominal	
agri_aa_oil__Oil_C20_1	agri_aa_oil__Oil_C20_1__L016	Zm00001d039272	1	0.0001382589	0.2791098052363636	3	gene_body	0	False	WPP domain-interacting tail-anchored protein 1	protein_coding	Ensembl Plants release 47 B73 RefGen_v4 GFF3	nominal	
agri_aa_oil__Oil_C20_1	agri_aa_oil__Oil_C20_1__L054	Zm00001d039010	1	0.0001586763	0.3139842634930693	3	promoter	0	False	Fasciclin-like arabinogalactan protein 7  	protein_coding	Ensembl Plants release 47 B73 RefGen_v4 GFF3	nominal	
agri_aa_oil__Oil_C20_1	agri_aa_oil__Oil_C20_1__L053	Zm00001d038198	1	0.000167255	0.321412646923077	3	gene_body	0	False	Protease Do-like 10 mitochondrial	protein_coding	Ensembl Plants release 47 B73 RefGen_v4 GFF3	nominal	
agri_aa_oil__Oil_C20_1	agri_aa_oil__Oil_C20_1__L024	Zm00001d042266	1	0.0001690348	0.3217392284647619	3	gene_body	0	False	eukaryotic initiation factor 3 gamma subunit family protein	protein_coding	Ensembl Plants release 47 B73 RefGen_v4 GFF3	nominal	
agri_aa_oil__Oil_C20_1	agri_aa_oil__Oil_C20_1__L046	Zm00001d018567	1	0.0001748941	0.3297512759396226	3	cis_window	2260	False	Protein ELC-like	protein_coding	Ensembl Plants release 47 B73 RefGen_v4 GFF3	nominal	
agri_aa_oil__Oil_C20_1	agri_aa_oil__Oil_C20_1__L025	Zm00001d042812	1	0.0001849085	0.3412128653211009	3	gene_body	0	True	Tetratricopeptide repeat (TPR)-like superfamily protein	protein_coding	Ensembl Plants release 47 B73 RefGen_v4 GFF3	nominal	
agri_aa_oil__Oil_C20_1	agri_aa_oil__Oil_C20_1__L061	Zm00001d010646	1	0.000185162	0.3412128653211009	3	cis_window	1069	False	Putative histone-lysine N-methyltransferase family protein  	protein_coding	Ensembl Plants release 47 B73 RefGen_v4 GFF3	nominal	
agri_aa_oil__Oil_C20_1	agri_aa_oil__Oil_C20_1__L038	Zm00001d053433	1	0.000186095	0.3412128653211009	3	promoter	0	False	Putative RING zinc finger domain superfamily protein  	protein_coding	Ensembl Plants release 47 B73 RefGen_v4 GFF3	nominal	
agri_aa_oil__Oil_C20_1	agri_aa_oil__Oil_C20_1__L049	Zm00001d036965	1	0.0001939438	0.3523021956900901	3	gene_body	0	False	Zinc transporter 4  	protein_coding	Ensembl Plants release 47 B73 RefGen_v4 GFF3	nominal	transport_membrane
agri_aa_oil__Oil_C20_1	agri_aa_oil__Oil_C20_1__L076	Zm00001d025421	1	0.0001956686	0.3523021956900901	3	cis_window	1773	True	F-box protein 7	protein_coding	Ensembl Plants release 47 B73 RefGen_v4 GFF3	nominal	
agri_aa_oil__Oil_C20_1	agri_aa_oil__Oil_C20_1__L043	Zm00001d013767	1	0.0001987512	0.3546573198857143	3	gene_body	0	True	Guanine nucleotide-binding protein-like NSN1	protein_coding	Ensembl Plants release 47 B73 RefGen_v4 GFF3	nominal	
agri_aa_oil__Oil_C20_1	agri_aa_oil__Oil_C20_1__L045	Zm00001d017951	1	0.0002061387	0.3573657871034483	3	gene_body	0	False	Nudix hydrolase 17 mitochondrial	protein_coding	Ensembl Plants release 47 B73 RefGen_v4 GFF3	nominal	
agri_aa_oil__Oil_C20_1	agri_aa_oil__Oil_C20_1__L014	Zm00001d005010	1	0.0002066121	0.3573657871034483	3	gene_body	0	False	Late embryogenesis abundant (LEA) hydroxyproline-rich glycoprotein family	protein_coding	Ensembl Plants release 47 B73 RefGen_v4 GFF3	nominal	
agri_aa_oil__Oil_C20_1	agri_aa_oil__Oil_C20_1__L048	Zm00001d036615	1	0.0002074215	0.3573657871034483	3	promoter	0	False		protein_coding	Ensembl Plants release 47 B73 RefGen_v4 GFF3	nominal	
agri_aa_oil__Oil_C20_1	agri_aa_oil__Oil_C20_1__L001	Zm00001d028818	1	0.0002172139	0.3671969031475409	3	gene_body	0	False	Calpain-type cysteine protease DEK1	protein_coding	Ensembl Plants release 47 B73 RefGen_v4 GFF3	nominal	
agri_aa_oil__Oil_C20_1	agri_aa_oil__Oil_C20_1__L049	Zm00001d036949	1	0.0002220234	0.3671969031475409	3	gene_body	0	False	Serine/threonine-protein phosphatase PP2A-5 catalytic subunit	protein_coding	Ensembl Plants release 47 B73 RefGen_v4 GFF3	nominal	
agri_aa_oil__Oil_C20_1	agri_aa_oil__Oil_C20_1__L067	Zm00001d012718	1	0.0002228229	0.3671969031475409	3	gene_body	0	False		protein_coding	Ensembl Plants release 47 B73 RefGen_v4 GFF3	nominal	
agri_aa_oil__Oil_C20_1	agri_aa_oil__Oil_C20_1__L075	Zm00001d023841	1	0.0002241515	0.3671969031475409	3	gene_body	0	False	P-loop nucleoside triphosphate hydrolases superfamily protein with CH (Calponin Homology) domain	protein_coding	Ensembl Plants release 47 B73 RefGen_v4 GFF3	nominal	
agri_aa_oil__Oil_C20_1	agri_aa_oil__Oil_C20_1__L029	Zm00001d049140	1	0.0002351349	0.3761054430759689	3	gene_body	0	False	Calmodulin-interacting protein 111	protein_coding	Ensembl Plants release 47 B73 RefGen_v4 GFF3	nominal	
agri_aa_oil__Oil_C20_1	agri_aa_oil__Oil_C20_1__L047	Zm00001d036558	1	0.0002372105	0.3761054430759689	3	nearest	52298	False		protein_coding	Ensembl Plants release 47 B73 RefGen_v4 GFF3	nominal	
agri_aa_oil__Oil_C20_1	agri_aa_oil__Oil_C20_1__L020	Zm00001d039976	1	0.0002411545	0.3761054430759689	3	cis_window	5989	False		protein_coding	Ensembl Plants release 47 B73 RefGen_v4 GFF3	nominal	
agri_aa_oil__Oil_C20_1	agri_aa_oil__Oil_C20_1__L026	Zm00001d043096	1	0.0002414934	0.3761054430759689	3	gene_body	0	False		protein_coding	Ensembl Plants release 47 B73 RefGen_v4 GFF3	nominal	
agri_aa_oil__Oil_C20_1	agri_aa_oil__Oil_C20_1__L017	Zm00001d039428	1	0.0002422071	0.3761054430759689	3	gene_body	0	False	DNA-binding WRKY  	protein_coding	Ensembl Plants release 47 B73 RefGen_v4 GFF3	nominal	
agri_aa_oil__Oil_C20_1	agri_aa_oil__Oil_C20_1__L012	Zm00001d034664	1	0.0002427628	0.3761054430759689	3	gene_body	0	False		protein_coding	Ensembl Plants release 47 B73 RefGen_v4 GFF3	nominal	
agri_aa_oil__Oil_C20_1	agri_aa_oil__Oil_C20_1__L055	Zm00001d021221	1	0.0002455981	0.3775711836430769	3	promoter	0	False	Protein binding protein  	protein_coding	Ensembl Plants release 47 B73 RefGen_v4 GFF3	nominal	
agri_aa_oil__Oil_C20_1	agri_aa_oil__Oil_C20_1__L035	Zm00001d052074	1	0.000251147	0.3776781014015037	3	gene_body	0	False		protein_coding	Ensembl Plants release 47 B73 RefGen_v4 GFF3	nominal	
agri_aa_oil__Oil_C20_1	agri_aa_oil__Oil_C20_1__L049	Zm00001d036919	1	0.0002629465	0.3828273541101449	3	gene_body	0	False	Palmitoyl-acyl carrier protein thioesterase chloroplastic	protein_coding	Ensembl Plants release 47 B73 RefGen_v4 GFF3	nominal	fatty_acid_lipid
agri_aa_oil__Oil_C20_1	agri_aa_oil__Oil_C20_1__L074	Zm00001d023273	1	0.0002629618	0.3828273541101449	3	gene_body	0	False	Disease resistance protein-like	protein_coding	Ensembl Plants release 47 B73 RefGen_v4 GFF3	nominal	
agri_aa_oil__Oil_C20_1	agri_aa_oil__Oil_C20_1__L018	Zm00001d039747	1	0.0002639533	0.3828273541101449	3	gene_body	0	False	Transcription initiation factor TFIID subunit 15b	protein_coding	Ensembl Plants release 47 B73 RefGen_v4 GFF3	nominal	
agri_aa_oil__Oil_C20_1	agri_aa_oil__Oil_C20_1__L052	Zm00001d037864	1	0.0002641967	0.3828273541101449	3	gene_body	0	False	Heat shock protein DnaJ with tetratricopeptide repeat	protein_coding	Ensembl Plants release 47 B73 RefGen_v4 GFF3	nominal	
agri_aa_oil__Oil_C20_1	agri_aa_oil__Oil_C20_1__L015	Zm00001d006065	1	0.0002702528	0.3860752058478873	3	gene_body	0	False	Transcription factor bHLH62	protein_coding	Ensembl Plants release 47 B73 RefGen_v4 GFF3	nominal	hormone_stress_regulatory
agri_aa_oil__Oil_C20_1	agri_aa_oil__Oil_C20_1__L011	Zm00001d033786	1	0.0002713306	0.3860752058478873	3	gene_body	0	False	 histidine kinase4	protein_coding	Ensembl Plants release 47 B73 RefGen_v4 GFF3	nominal	
agri_aa_oil__Oil_C20_1	agri_aa_oil__Oil_C20_1__L073	Zm00001d048314	1	0.00027413	0.3860752058478873	3	gene_body	0	False	Protein kinase 2B chloroplastic	protein_coding	Ensembl Plants release 47 B73 RefGen_v4 GFF3	nominal	
agri_aa_oil__Oil_C20_1	agri_aa_oil__Oil_C20_1__L032	Zm00001d049785	1	0.0002743109	0.3860752058478873	3	gene_body	0	False	Type II inositol polyphosphate 5-phosphatase 15	protein_coding	Ensembl Plants release 47 B73 RefGen_v4 GFF3	nominal	
agri_aa_oil__Oil_C20_1	agri_aa_oil__Oil_C20_1__L023	Zm00001d042180	1	0.0002827765	0.3872062161315068	3	promoter	0	False	VAP27-2  	protein_coding	Ensembl Plants release 47 B73 RefGen_v4 GFF3	nominal	
agri_aa_oil__Oil_C20_1	agri_aa_oil__Oil_C20_1__L019	Zm00001d039833	1	0.0002939373	0.3945210996183006	3	gene_body	0	False	Spermidine hydroxycinnamoyl transferase	protein_coding	Ensembl Plants release 47 B73 RefGen_v4 GFF3	nominal	
agri_aa_oil__Oil_C20_1	agri_aa_oil__Oil_C20_1__L049	Zm00001d036888	1	0.0002953625	0.3945210996183006	3	gene_body	0	False	D-aminoacyl-tRNA deacylase	protein_coding	Ensembl Plants release 47 B73 RefGen_v4 GFF3	nominal	fatty_acid_lipid
agri_aa_oil__Oil_C20_1	agri_aa_oil__Oil_C20_1__L031	Zm00001d049507	1	0.0002995	0.3945210996183006	3	gene_body	0	False	NADH dehydrogenase [ubiquinone] iron-sulfur protein 6 mitochondrial	protein_coding	Ensembl Plants release 47 B73 RefGen_v4 GFF3	nominal	
agri_aa_oil__Oil_C20_1	agri_aa_oil__Oil_C20_1__L058	Zm00001d008881	1	0.0003014408	0.3945210996183006	3	cis_window	736	False	Protein RALF-like 33	protein_coding	Ensembl Plants release 47 B73 RefGen_v4 GFF3	nominal	
agri_aa_oil__Oil_C20_1	agri_aa_oil__Oil_C20_1__L069	Zm00001d045603	1	0.0003110223	0.4036342388883117	3	gene_body	0	False	 polymerase II transcription-mediator3	protein_coding	Ensembl Plants release 47 B73 RefGen_v4 GFF3	nominal	
agri_aa_oil__Oil_C20_1	agri_aa_oil__Oil_C20_1__L041	Zm00001d013549	1	0.0003201639	0.4128172670864516	3	gene_body	0	False	RING/U-box superfamily protein	protein_coding	Ensembl Plants release 47 B73 RefGen_v4 GFF3	nominal	
agri_aa_oil__Oil_OIL	agri_aa_oil__Oil_OIL__L066	Zm00001d009150	1	1.516051e-14	3.0299188865600003e-09	0	gene_body	0	True	Sec23/Sec24 protein transport family protein	protein_coding	Ensembl Plants release 47 B73 RefGen_v4 GFF3	bonferroni_0_05	
agri_aa_oil__Oil_OIL	agri_aa_oil__Oil_OIL__L049	Zm00001d036982	1	3.395365e-10	1.1309734457333331e-05	0	gene_body	0	True	 linoleic acid1	protein_coding	Ensembl Plants release 47 B73 RefGen_v4 GFF3	bonferroni_0_05	fatty_acid_lipid
agri_aa_oil__Oil_OIL	agri_aa_oil__Oil_OIL__L008	Zm00001d031002	1	8.159322e-10	2.173658838e-05	0	gene_body	0	True	Tetratricopeptide repeat (TPR)-like superfamily protein	protein_coding	Ensembl Plants release 47 B73 RefGen_v4 GFF3	bonferroni_0_05	
agri_aa_oil__Oil_OIL	agri_aa_oil__Oil_OIL__L027	Zm00001d049511	1	8.7009e-10	2.173658838e-05	0	gene_body	0	True	Putative MYB DNA-binding domain superfamily protein  	protein_coding	Ensembl Plants release 47 B73 RefGen_v4 GFF3	bonferroni_0_05	hormone_stress_regulatory
agri_aa_oil__Oil_OIL	agri_aa_oil__Oil_OIL__L063	Zm00001d008881	1	4.487778e-09	8.153721454254545e-05	0	cis_window	736	False	Protein RALF-like 33	protein_coding	Ensembl Plants release 47 B73 RefGen_v4 GFF3	bonferroni_0_05	
agri_aa_oil__Oil_OIL	agri_aa_oil__Oil_OIL__L038	Zm00001d013603	1	4.949563e-08	0.0007065713306628	0	gene_body	0	True	Type IV inositol polyphosphate 5-phosphatase 7	protein_coding	Ensembl Plants release 47 B73 RefGen_v4 GFF3	bonferroni_0_05	
agri_aa_oil__Oil_OIL	agri_aa_oil__Oil_OIL__L039	Zm00001d013849	1	1.618942e-07	0.0021570351490133	0	cis_window	5032	True	Trihelix transcription factor GT-2	protein_coding	Ensembl Plants release 47 B73 RefGen_v4 GFF3	bonferroni_0_05	hormone_stress_regulatory
agri_aa_oil__Oil_OIL	agri_aa_oil__Oil_OIL__L039	Zm00001d013868	1	4.588608e-07	0.0045317462203428	1	gene_body	0	True	CDPK-related kinase 3	protein_coding	Ensembl Plants release 47 B73 RefGen_v4 GFF3	fdr_0_05	
agri_aa_oil__Oil_OIL	agri_aa_oil__Oil_OIL__L018	Zm00001d005018	1	4.761762e-07	0.0045317462203428	1	gene_body	0	True	Protein DETOXIFICATION 21	protein_coding	Ensembl Plants release 47 B73 RefGen_v4 GFF3	fdr_0_05	
agri_aa_oil__Oil_OIL	agri_aa_oil__Oil_OIL__L061	Zm00001d008491	1	5.427769e-07	0.0049307827330181	1	cis_window	33	False	Fructose-bisphosphate aldolase  	protein_coding	Ensembl Plants release 47 B73 RefGen_v4 GFF3	fdr_0_05	
agri_aa_oil__Oil_OIL	agri_aa_oil__Oil_OIL__L058	Zm00001d021221	1	5.962355e-07	0.0051809235690434	1	gene_body	0	False	Protein binding protein  	protein_coding	Ensembl Plants release 47 B73 RefGen_v4 GFF3	fdr_0_05	
agri_aa_oil__Oil_OIL	agri_aa_oil__Oil_OIL__L012	Zm00001d033278	1	6.651294e-07	0.0055387542236	1	gene_body	0	False	Protein NETWORKED 1A	protein_coding	Ensembl Plants release 47 B73 RefGen_v4 GFF3	fdr_0_05	
agri_aa_oil__Oil_OIL	agri_aa_oil__Oil_OIL__L063	Zm00001d008893	1	8.572938e-07	0.0061806039017142	1	gene_body	0	False	Shaggy-related protein kinase iota	protein_coding	Ensembl Plants release 47 B73 RefGen_v4 GFF3	fdr_0_05	
agri_aa_oil__Oil_OIL	agri_aa_oil__Oil_OIL__L055	Zm00001d020487	1	8.65908e-07	0.0061806039017142	1	promoter	0	False	ARM repeat superfamily protein	protein_coding	Ensembl Plants release 47 B73 RefGen_v4 GFF3	fdr_0_05	
agri_aa_oil__Oil_OIL	agri_aa_oil__Oil_OIL__L026	Zm00001d049442	1	9.55823e-07	0.0065871366030344	1	cis_window	6677	True	Polyadenylation and cleavage factor homolog 5	protein_coding	Ensembl Plants release 47 B73 RefGen_v4 GFF3	fdr_0_05	
agri_aa_oil__Oil_OIL	agri_aa_oil__Oil_OIL__L078	Zm00001d023841	1	1.980262e-06	0.012367726321	1	gene_body	0	False	P-loop nucleoside triphosphate hydrolases superfamily protein with CH (Calponin Homology) domain	protein_coding	Ensembl Plants release 47 B73 RefGen_v4 GFF3	fdr_0_05	
agri_aa_oil__Oil_OIL	agri_aa_oil__Oil_OIL__L038	Zm00001d013644	1	2.163549e-06	0.0128470081952941	1	gene_body	0	False	5-methyltetrahydropteroyltriglutamate--homocysteine methyltransferase 1	protein_coding	Ensembl Plants release 47 B73 RefGen_v4 GFF3	fdr_0_05	
agri_aa_oil__Oil_OIL	agri_aa_oil__Oil_OIL__L080	Zm00001d026536	1	2.185565e-06	0.0128470081952941	1	gene_body	0	False	Zinc finger CCCH domain-containing protein 6	protein_coding	Ensembl Plants release 47 B73 RefGen_v4 GFF3	fdr_0_05	
agri_aa_oil__Oil_OIL	agri_aa_oil__Oil_OIL__L078	Zm00001d023853	1	2.420806e-06	0.0133126379944	1	nearest	133675	True	 adenosine 5'-phosphosulfate reductase6	protein_coding	Ensembl Plants release 47 B73 RefGen_v4 GFF3	fdr_0_05	
agri_aa_oil__Oil_OIL	agri_aa_oil__Oil_OIL__L033	Zm00001d052227	1	2.470301e-06	0.0133126379944	1	cis_window	6066	True	 trehalose-6-phosphate phosphatase4	protein_coding	Ensembl Plants release 47 B73 RefGen_v4 GFF3	fdr_0_05	
agri_aa_oil__Oil_OIL	agri_aa_oil__Oil_OIL__L064	Zm00001d008965	1	2.482935e-06	0.0133126379944	1	gene_body	0	False	Putative inactive receptor-like protein kinase 	protein_coding	Ensembl Plants release 47 B73 RefGen_v4 GFF3	fdr_0_05	hormone_stress_regulatory
agri_aa_oil__Oil_OIL	agri_aa_oil__Oil_OIL__L004	Zm00001d028797	1	2.629008e-06	0.0133126379944	1	gene_body	0	False	Laccase-13	protein_coding	Ensembl Plants release 47 B73 RefGen_v4 GFF3	fdr_0_05	
agri_aa_oil__Oil_OIL	agri_aa_oil__Oil_OIL__L001	Zm00001d027934	1	2.63476e-06	0.0133126379944	1	gene_body	0	True	 leucine-rich transmembrane protein kinase1	protein_coding	Ensembl Plants release 47 B73 RefGen_v4 GFF3	fdr_0_05	transport_membrane
agri_aa_oil__Oil_OIL	agri_aa_oil__Oil_OIL__L067	Zm00001d009653	1	2.664446e-06	0.0133126379944	1	nearest	88055	False	60S acidic ribosomal protein P2A  	protein_coding	Ensembl Plants release 47 B73 RefGen_v4 GFF3	fdr_0_05	
agri_aa_oil__Oil_OIL	agri_aa_oil__Oil_OIL__L040	Zm00001d013958	1	3.029992e-06	0.0147698068573658	1	cis_window	360	False		protein_coding	Ensembl Plants release 47 B73 RefGen_v4 GFF3	fdr_0_05	
agri_aa_oil__Oil_OIL	agri_aa_oil__Oil_OIL__L059	Zm00001d021488	1	3.24396e-06	0.0153094343813953	1	gene_body	0	False	MYND finger family protein  	protein_coding	Ensembl Plants release 47 B73 RefGen_v4 GFF3	fdr_0_05	
agri_aa_oil__Oil_OIL	agri_aa_oil__Oil_OIL__L079	Zm00001d025421	1	3.733627e-06	0.0169588126752727	1	cis_window	1773	True	F-box protein 7	protein_coding	Ensembl Plants release 47 B73 RefGen_v4 GFF3	fdr_0_05	
agri_aa_oil__Oil_OIL	agri_aa_oil__Oil_OIL__L041	Zm00001d013983	1	3.99137e-06	0.0177266498382222	1	gene_body	0	True	LysM domain containing protein  	protein_coding	Ensembl Plants release 47 B73 RefGen_v4 GFF3	fdr_0_05	
agri_aa_oil__Oil_OIL	agri_aa_oil__Oil_OIL__L017	Zm00001d003657	1	4.449997e-06	0.0193338826180869	1	gene_body	0	False	Protein SCARECROW	protein_coding	Ensembl Plants release 47 B73 RefGen_v4 GFF3	fdr_0_05	
agri_aa_oil__Oil_OIL	agri_aa_oil__Oil_OIL__L045	Zm00001d016788	1	5.20184e-06	0.0216587278133333	1	promoter	0	False		protein_coding	Ensembl Plants release 47 B73 RefGen_v4 GFF3	fdr_0_05	
agri_aa_oil__Oil_OIL	agri_aa_oil__Oil_OIL__L068	Zm00001d010175	1	5.628029e-06	0.0227087778992	1	gene_body	0	True	Ethylene-responsive transcription factor ABR1	protein_coding	Ensembl Plants release 47 B73 RefGen_v4 GFF3	fdr_0_05	hormone_stress_regulatory
agri_aa_oil__Oil_OIL	agri_aa_oil__Oil_OIL__L074	Zm00001d047102	1	5.681285e-06	0.0227087778992	1	cis_window	439	False	Zinc finger protein ZAT9	protein_coding	Ensembl Plants release 47 B73 RefGen_v4 GFF3	fdr_0_05	
agri_aa_oil__Oil_OIL	agri_aa_oil__Oil_OIL__L038	Zm00001d013653	1	6.27006e-06	0.0245707668894117	1	gene_body	0	False	transcription regulator NOT2/NOT3/NOT5 family protein	protein_coding	Ensembl Plants release 47 B73 RefGen_v4 GFF3	fdr_0_05	
agri_aa_oil__Oil_OIL	agri_aa_oil__Oil_OIL__L028	Zm00001d049579	1	6.46809e-06	0.024859357596923	1	cis_window	2601	False	Tyrosine--tRNA ligase 1 cytoplasmic	protein_coding	Ensembl Plants release 47 B73 RefGen_v4 GFF3	fdr_0_05	
agri_aa_oil__Oil_OIL	agri_aa_oil__Oil_OIL__L011	Zm00001d033150	1	7.305539e-06	0.0275482226864905	1	cis_window	294	False		protein_coding	Ensembl Plants release 47 B73 RefGen_v4 GFF3	fdr_0_05	
agri_aa_oil__Oil_OIL	agri_aa_oil__Oil_OIL__L047	Zm00001d017493	1	9.146537e-06	0.0320700052398596	1	cis_window	3223	False	Expansin-B4	protein_coding	Ensembl Plants release 47 B73 RefGen_v4 GFF3	fdr_0_05	
agri_aa_oil__Oil_OIL	agri_aa_oil__Oil_OIL__L053	Zm00001d020117	1	9.660855e-06	0.0329984341781694	1	gene_body	0	False	Pi15	protein_coding	Ensembl Plants release 47 B73 RefGen_v4 GFF3	fdr_0_05	
agri_aa_oil__Oil_OIL	agri_aa_oil__Oil_OIL__L012	Zm00001d033259	1	9.741552e-06	0.0329984341781694	1	gene_body	0	False	DNA repair protein recA homolog 1 chloroplastic	protein_coding	Ensembl Plants release 47 B73 RefGen_v4 GFF3	fdr_0_05	
agri_aa_oil__Oil_OIL	agri_aa_oil__Oil_OIL__L031	Zm00001d050350	1	1.009753e-05	0.0336341992613333	1	nearest	51226	False		protein_coding	Ensembl Plants release 47 B73 RefGen_v4 GFF3	fdr_0_05	
agri_aa_oil__Oil_OIL	agri_aa_oil__Oil_OIL__L048	Zm00001d036933	1	1.221926e-05	0.0387633718501587	1	cis_window	424	False	Aldehyde dehydrogenase family 2 member C4	protein_coding	Ensembl Plants release 47 B73 RefGen_v4 GFF3	fdr_0_05	
agri_aa_oil__Oil_OIL	agri_aa_oil__Oil_OIL__L007	Zm00001d030663	1	1.371315e-05	0.0428227391625	1	nearest	26910	False	DNAJ heat shock N-terminal domain-containing protein	protein_coding	Ensembl Plants release 47 B73 RefGen_v4 GFF3	fdr_0_05	
agri_aa_oil__Oil_OIL	agri_aa_oil__Oil_OIL__L069	Zm00001d010607	1	1.469797e-05	0.0451919614203076	1	gene_body	0	False	PLAC8 family protein	protein_coding	Ensembl Plants release 47 B73 RefGen_v4 GFF3	fdr_0_05	
agri_aa_oil__Oil_OIL	agri_aa_oil__Oil_OIL__L053	Zm00001d020122	1	1.511977e-05	0.0457844962593939	1	nearest	60261	False	Polygalacturonase 1 beta-like protein 3	protein_coding	Ensembl Plants release 47 B73 RefGen_v4 GFF3	fdr_0_05	
agri_aa_oil__Oil_OIL	agri_aa_oil__Oil_OIL__L077	Zm00001d023703	1	1.568848e-05	0.0465149295644444	1	promoter	0	True		protein_coding	Ensembl Plants release 47 B73 RefGen_v4 GFF3	fdr_0_05	
agri_aa_oil__Oil_OIL	agri_aa_oil__Oil_OIL__L032	Zm00001d051139	1	1.583948e-05	0.0465149295644444	1	gene_body	0	False	RNA-binding (RRM/RBD/RNP motifs) family protein	protein_coding	Ensembl Plants release 47 B73 RefGen_v4 GFF3	fdr_0_05	
agri_aa_oil__Oil_OIL	agri_aa_oil__Oil_OIL__L054	Zm00001d020417	1	1.667697e-05	0.0465149295644444	1	promoter	0	False	Encodes a protein whose expression is responsive to nematode infection.	protein_coding	Ensembl Plants release 47 B73 RefGen_v4 GFF3	fdr_0_05	
agri_aa_oil__Oil_OIL	agri_aa_oil__Oil_OIL__L020	Zm00001d041768	1	1.675744e-05	0.0465149295644444	1	gene_body	0	False	NEP-interacting protein 1	protein_coding	Ensembl Plants release 47 B73 RefGen_v4 GFF3	fdr_0_05	
agri_aa_oil__Oil_OIL	agri_aa_oil__Oil_OIL__L035	Zm00001d053548	1	1.760571e-05	0.0475719937556756	1	gene_body	0	False	Shaggy-related protein kinase iota	protein_coding	Ensembl Plants release 47 B73 RefGen_v4 GFF3	fdr_0_05	
agri_aa_oil__Oil_OIL	agri_aa_oil__Oil_OIL__L057	Zm00001d021162	1	1.761432e-05	0.0475719937556756	1	gene_body	0	True	polymerase delta 4	protein_coding	Ensembl Plants release 47 B73 RefGen_v4 GFF3	fdr_0_05	
agri_aa_oil__Oil_OIL	agri_aa_oil__Oil_OIL__L010	Zm00001d032944	1	1.825411e-05	0.0480025448442105	1	gene_body	0	False	Short integuments 2 mitochondrial	protein_coding	Ensembl Plants release 47 B73 RefGen_v4 GFF3	fdr_0_05	
agri_aa_oil__Oil_OIL	agri_aa_oil__Oil_OIL__L034	Zm00001d053433	1	1.942338e-05	0.0499080659425641	1	promoter	0	False	Putative RING zinc finger domain superfamily protein  	protein_coding	Ensembl Plants release 47 B73 RefGen_v4 GFF3	fdr_0_05	
agri_aa_oil__Oil_OIL	agri_aa_oil__Oil_OIL__L014	Zm00001d034522	1	1.947817e-05	0.0499080659425641	1	gene_body	0	False	plant adhesion molecule 1	protein_coding	Ensembl Plants release 47 B73 RefGen_v4 GFF3	fdr_0_05	
agri_aa_oil__Oil_OIL	agri_aa_oil__Oil_OIL__L029	Zm00001d049881	1	2.092416e-05	0.0518648526222222	3	gene_body	0	False	Peroxisomal membrane protein PMP22  	protein_coding	Ensembl Plants release 47 B73 RefGen_v4 GFF3	nominal	transport_membrane
agri_aa_oil__Oil_OIL	agri_aa_oil__Oil_OIL__L037	Zm00001d013111	1	2.161419e-05	0.0526795799590243	3	cis_window	73	False	DnaJ protein  	protein_coding	Ensembl Plants release 47 B73 RefGen_v4 GFF3	nominal	
agri_aa_oil__Oil_OIL	agri_aa_oil__Oil_OIL__L062	Zm00001d008827	1	2.283712e-05	0.0549895837918072	3	cis_window	654	False	Probable choline kinase 2	protein_coding	Ensembl Plants release 47 B73 RefGen_v4 GFF3	nominal	
agri_aa_oil__Oil_OIL	agri_aa_oil__Oil_OIL__L024	Zm00001d048903	1	2.465861e-05	0.0580604919069767	3	cis_window	143	True	Acidic endochitinase	protein_coding	Ensembl Plants release 47 B73 RefGen_v4 GFF3	nominal	
agri_aa_oil__Oil_OIL	agri_aa_oil__Oil_OIL__L027	Zm00001d049533	1	2.491427e-05	0.0580604919069767	3	gene_body	0	False	SPFH/Band 7/PHB domain-containing membrane-associated protein family	protein_coding	Ensembl Plants release 47 B73 RefGen_v4 GFF3	nominal	transport_membrane
agri_aa_oil__Oil_OIL	agri_aa_oil__Oil_OIL__L046	Zm00001d017365	1	2.563981e-05	0.058899653647816	3	gene_body	0	False	Vacuolar protein-sorting protein bro1  	protein_coding	Ensembl Plants release 47 B73 RefGen_v4 GFF3	nominal	
agri_aa_oil__Oil_OIL	agri_aa_oil__Oil_OIL__L016	Zm00001d002884	1	2.69687e-05	0.0612483694	3	cis_window	380	False	Integral membrane protein  	protein_coding	Ensembl Plants release 47 B73 RefGen_v4 GFF3	nominal	transport_membrane
agri_aa_oil__Oil_OIL	agri_aa_oil__Oil_OIL__L053	Zm00001d020134	1	2.818509e-05	0.0626774619342222	3	gene_body	0	False	ABC transporter G family member 40	protein_coding	Ensembl Plants release 47 B73 RefGen_v4 GFF3	nominal	transport_membrane
agri_aa_oil__Oil_OIL	agri_aa_oil__Oil_OIL__L042	Zm00001d014569	1	2.990535e-05	0.0646430830195744	3	nearest	16125	False	Probable cadmium/zinc-transporting ATPase HMA1 chloroplastic	protein_coding	Ensembl Plants release 47 B73 RefGen_v4 GFF3	nominal	
agri_aa_oil__Oil_OIL	agri_aa_oil__Oil_OIL__L005	Zm00001d028995	1	3.22202e-05	0.06778316096	3	gene_body	0	True	Arabidopsis NAC domain containing protein 87	protein_coding	Ensembl Plants release 47 B73 RefGen_v4 GFF3	nominal	hormone_stress_regulatory
agri_aa_oil__Oil_OIL	agri_aa_oil__Oil_OIL__L030	Zm00001d050140	1	3.589117e-05	0.0731945476685714	3	gene_body	0	False	 protein; Storage protein-like	protein_coding	Ensembl Plants release 47 B73 RefGen_v4 GFF3	nominal	seed_storage
agri_aa_oil__Oil_OIL	agri_aa_oil__Oil_OIL__L070	Zm00001d010821	1	3.723704e-05	0.0745739314487128	3	gene_body	0	False	 starch synthase4	protein_coding	Ensembl Plants release 47 B73 RefGen_v4 GFF3	nominal	
agri_aa_oil__Oil_OIL	agri_aa_oil__Oil_OIL__L052	Zm00001d019240	1	3.746997e-05	0.0745739314487128	3	gene_body	0	False	Pentatricopeptide repeat-containing protein  mitochondrial	protein_coding	Ensembl Plants release 47 B73 RefGen_v4 GFF3	nominal	
agri_aa_oil__Oil_OIL	agri_aa_oil__Oil_OIL__L022	Zm00001d043200	1	3.768697e-05	0.0745739314487128	3	gene_body	0	False		protein_coding	Ensembl Plants release 47 B73 RefGen_v4 GFF3	nominal	
agri_aa_oil__Oil_OIL	agri_aa_oil__Oil_OIL__L023	Zm00001d044649	1	3.857032e-05	0.0755736262149019	3	gene_body	0	False	Plant mobile domain protein family	protein_coding	Ensembl Plants release 47 B73 RefGen_v4 GFF3	nominal	
agri_aa_oil__Oil_OIL	agri_aa_oil__Oil_OIL__L006	Zm00001d030130	1	4.034909e-05	0.0782913371945631	3	promoter	0	False	LrgB-like family protein  	protein_coding	Ensembl Plants release 47 B73 RefGen_v4 GFF3	nominal	
agri_aa_oil__Oil_OIL	agri_aa_oil__Oil_OIL__L036	Zm00001d053931	1	4.375814e-05	0.0832888269318095	3	gene_body	0	False	Peroxisome biogenesis protein 16	protein_coding	Ensembl Plants release 47 B73 RefGen_v4 GFF3	nominal	
agri_aa_oil__Oil_OIL	agri_aa_oil__Oil_OIL__L076	Zm00001d048076	1	4.482129e-05	0.0845075823984905	3	gene_body	0	False	myosin-related	protein_coding	Ensembl Plants release 47 B73 RefGen_v4 GFF3	nominal	
agri_aa_oil__Oil_OIL	agri_aa_oil__Oil_OIL__L056	Zm00001d020526	1	4.710947e-05	0.0867844338225454	3	gene_body	0	False		protein_coding	Ensembl Plants release 47 B73 RefGen_v4 GFF3	nominal	
agri_aa_oil__Oil_OIL	agri_aa_oil__Oil_OIL__L078	Zm00001d023856	1	4.769371e-05	0.0867844338225454	3	promoter	0	False	RALF  	protein_coding	Ensembl Plants release 47 B73 RefGen_v4 GFF3	nominal	
agri_aa_oil__Oil_OIL	agri_aa_oil__Oil_OIL__L013	Zm00001d033730	1	4.776583e-05	0.0867844338225454	3	cis_window	316	False		protein_coding	Ensembl Plants release 47 B73 RefGen_v4 GFF3	nominal	
agri_aa_oil__Oil_OIL	agri_aa_oil__Oil_OIL__L057	Zm00001d021167	1	5.106374e-05	0.09111959662	3	gene_body	0	False	UDP-glycosyltransferase 74B1	protein_coding	Ensembl Plants release 47 B73 RefGen_v4 GFF3	nominal	
agri_aa_oil__Oil_OIL	agri_aa_oil__Oil_OIL__L019	Zm00001d039272	1	5.236039e-05	0.0925519406761739	3	gene_body	0	False	WPP domain-interacting tail-anchored protein 1	protein_coding	Ensembl Plants release 47 B73 RefGen_v4 GFF3	nominal	
agri_aa_oil__Oil_OIL	agri_aa_oil__Oil_OIL__L073	Zm00001d012064	1	5.31705e-05	0.0925519406761739	3	gene_body	0	False	Peptidyl-prolyl cis-trans isomerase  	protein_coding	Ensembl Plants release 47 B73 RefGen_v4 GFF3	nominal	
agri_aa_oil__Oil_OIL	agri_aa_oil__Oil_OIL__L072	Zm00001d011365	1	5.325571e-05	0.0925519406761739	3	gene_body	0	False	alpha/beta-Hydrolases superfamily protein	protein_coding	Ensembl Plants release 47 B73 RefGen_v4 GFF3	nominal	
agri_aa_oil__Oil_OIL	agri_aa_oil__Oil_OIL__L003	Zm00001d028726	1	5.829285e-05	0.0995741523897436	3	gene_body	0	False	 protein disulfide isomerase9	protein_coding	Ensembl Plants release 47 B73 RefGen_v4 GFF3	nominal	
agri_aa_oil__Oil_OIL	agri_aa_oil__Oil_OIL__L051	Zm00001d019083	1	6.311751e-05	0.1051201089879999	3	gene_body	0	False		protein_coding	Ensembl Plants release 47 B73 RefGen_v4 GFF3	nominal	
agri_aa_oil__Oil_OIL	agri_aa_oil__Oil_OIL__L015	Zm00001d001899	1	6.720146e-05	0.10768244477696	3	gene_body	0	False	 acidic ribosomal protein P2a-3	protein_coding	Ensembl Plants release 47 B73 RefGen_v4 GFF3	nominal	
agri_aa_oil__Oil_OIL	agri_aa_oil__Oil_OIL__L050	Zm00001d019029	1	6.735002e-05	0.10768244477696	3	cis_window	319	False	 maternally expressed gene7	protein_coding	Ensembl Plants release 47 B73 RefGen_v4 GFF3	nominal	
agri_aa_oil__Oil_OIL	agri_aa_oil__Oil_OIL__L032	Zm00001d051130	1	7.157447e-05	0.1128912488831007	3	cis_window	4351	False	Long-chain-alcohol oxidase FAO4B	protein_coding	Ensembl Plants release 47 B73 RefGen_v4 GFF3	nominal	
agri_aa_oil__Oil_OIL	agri_aa_oil__Oil_OIL__L041	Zm00001d013992	1	7.471616e-05	0.1148496608769465	3	gene_body	0	False	Pyridoxal phosphate (PLP)-dependent transferases superfamily protein	protein_coding	Ensembl Plants release 47 B73 RefGen_v4 GFF3	nominal	
agri_aa_oil__Oil_OIL	agri_aa_oil__Oil_OIL__L025	Zm00001d049140	1	7.610822e-05	0.1152324576993939	3	gene_body	0	False	Calmodulin-interacting protein 111	protein_coding	Ensembl Plants release 47 B73 RefGen_v4 GFF3	nominal	
agri_aa_oil__Oil_OIL	agri_aa_oil__Oil_OIL__L065	Zm00001d009021	1	7.875208e-05	0.1182670826429629	3	gene_body	0	False	Pentatricopeptide repeat-containing protein 	protein_coding	Ensembl Plants release 47 B73 RefGen_v4 GFF3	nominal	
agri_aa_oil__Oil_OIL	agri_aa_oil__Oil_OIL__L021	Zm00001d042259	1	7.98878e-05	0.1182670826429629	3	gene_body	0	False	Prefoldin chaperone subunit family protein	protein_coding	Ensembl Plants release 47 B73 RefGen_v4 GFF3	nominal	
agri_aa_oil__Oil_OIL	agri_aa_oil__Oil_OIL__L058	Zm00001d021214	1	8.20205e-05	0.1196517448759124	3	promoter	0	False	Ethylene-responsive transcription factor RAP2-11	protein_coding	Ensembl Plants release 47 B73 RefGen_v4 GFF3	nominal	hormone_stress_regulatory
agri_aa_oil__Oil_OIL	agri_aa_oil__Oil_OIL__L040	Zm00001d013937	1	8.753694e-05	0.1267737875408695	3	gene_body	0	False	Protochlorophyllide reductase C chloroplastic	protein_coding	Ensembl Plants release 47 B73 RefGen_v4 GFF3	nominal	
agri_aa_oil__Oil_OIL	agri_aa_oil__Oil_OIL__L043	Zm00001d014616	1	8.86942e-05	0.1275256693179856	3	nearest	14407	False	transducin family protein / WD-40 repeat family protein	protein_coding	Ensembl Plants release 47 B73 RefGen_v4 GFF3	nominal	
agri_aa_oil__Oil_OIL	agri_aa_oil__Oil_OIL__L015	Zm00001d001894	1	8.934656e-05	0.1275460435382857	3	gene_body	0	False	hydroxyproline-rich glycoprotein family protein	protein_coding	Ensembl Plants release 47 B73 RefGen_v4 GFF3	nominal	
agri_aa_oil__Oil_OIL	agri_aa_oil__Oil_OIL__L075	Zm00001d047162	1	9.211589e-05	0.1296472768439436	3	cis_window	253	False	UDP-Glycosyltransferase superfamily protein	protein_coding	Ensembl Plants release 47 B73 RefGen_v4 GFF3	nominal	
agri_aa_oil__Oil_OIL	agri_aa_oil__Oil_OIL__L063	Zm00001d008859	1	9.309768e-05	0.1300814405466666	3	gene_body	0	False	Alkaline phytoceramidase (aPHC)	protein_coding	Ensembl Plants release 47 B73 RefGen_v4 GFF3	nominal	fatty_acid_lipid
agri_aa_oil__Oil_OIL	agri_aa_oil__Oil_OIL__L002	Zm00001d028612	1	9.548288e-05	0.1316056997605517	3	gene_body	0	False	Expressed protein;  protein	protein_coding	Ensembl Plants release 47 B73 RefGen_v4 GFF3	nominal	
agri_aa_oil__Oil_OIL	agri_aa_oil__Oil_OIL__L027	Zm00001d049551	1	0.0001003241	0.1354754954702702	3	cis_window	302	True	Putative cytochrome P450 superfamily protein  	protein_coding	Ensembl Plants release 47 B73 RefGen_v4 GFF3	nominal	
agri_aa_oil__Oil_OIL	agri_aa_oil__Oil_OIL__L009	Zm00001d032887	1	0.000101348	0.1357307367893333	3	gene_body	0	False	Protein binding protein  	protein_coding	Ensembl Plants release 47 B73 RefGen_v4 GFF3	nominal	
agri_aa_oil__Oil_OIL	agri_aa_oil__Oil_OIL__L002	Zm00001d028606	1	0.0001018714	0.1357307367893333	3	cis_window	6419	False	Oxysterol-binding protein-related protein 3B	protein_coding	Ensembl Plants release 47 B73 RefGen_v4 GFF3	nominal	fatty_acid_lipid
agri_aa_oil__Oil_OIL	agri_aa_oil__Oil_OIL__L071	Zm00001d011285	1	0.0001067682	0.1406790328526315	3	promoter	0	False	photosystem II light harvesting complex gene B1B2	protein_coding	Ensembl Plants release 47 B73 RefGen_v4 GFF3	nominal	
agri_aa_oil__Oil_OIL	agri_aa_oil__Oil_OIL__L044	Zm00001d015475	1	0.0001069931	0.1406790328526315	3	nearest	51264	False	RING-H2 finger protein ATL2L  	protein_coding	Ensembl Plants release 47 B73 RefGen_v4 GFF3	nominal	
agri_aa_oil__Oil_OIL	agri_aa_oil__Oil_OIL__L048	Zm00001d036949	1	0.0001086503	0.1419242768418301	3	nearest	38851	False	Serine/threonine-protein phosphatase PP2A-5 catalytic subunit	protein_coding	Ensembl Plants release 47 B73 RefGen_v4 GFF3	nominal	
agri_aa_oil__Oil_OIL	agri_aa_oil__Oil_OIL__L060	Zm00001d022055	1	0.000112653	0.1461972595324675	3	cis_window	5393	False	hydroxyproline-rich glycoprotein family protein	protein_coding	Ensembl Plants release 47 B73 RefGen_v4 GFF3	nominal	
