locus_id	trait	chrom	locus_start	locus_end	locus_span_bp	lead_snps_in_locus	top_variant_id	top_pos	top_p_value	top_q_value_bh	top_minus_log10_p	top_beta	top_af	best_significance_class	top_candidate_gene_id	top_gene_relation	top_distance_to_gene_bp	candidate_genes	candidate_gene_count	candidate_gene_descriptions	has_ridge_attribution_support	ridge_supported_genes	functional_keyword_classes
agri_aa_oil__Oil_C16_0__L068	agri_aa_oil__Oil_C16_0	9	20216762	20524710	307949	6	chr9.s_20246143	20246143	7.764919e-17	1.5518656516640003e-11	16.10986307026852	0.07466121	0.839	bonferroni_0_05	Zm00001d045383	gene_body	0	Zm00001d045381;Zm00001d045383;Zm00001d045387;Zm00001d045389;Zm00001d045393	5	Zm00001d045381: DNA-repair protein XRCC1 | Zm00001d045383:  deoxy xylulose synthase3 | Zm00001d045387:  fatty acyl-ACP thioesterase2 | Zm00001d045389: Putative pentatricopeptide repeat-containing protein  mitochondrial | Zm00001d045393: Ran BP2/NZF zinc finger-like superfamily protein	False		fatty_acid_lipid
agri_aa_oil__Oil_C16_0__L052	agri_aa_oil__Oil_C16_0	6	108218435	108218435	1	1	chr6.s_108218435	108218435	1.386503e-08	0.00069275235892	7.858079186394784	0.06005322	0.18	bonferroni_0_05	Zm00001d036982	gene_body	0	Zm00001d036982	1	Zm00001d036982:  linoleic acid1	True	Zm00001d036982	fatty_acid_lipid
agri_aa_oil__Oil_C16_0__L006	agri_aa_oil__Oil_C16_0	1	172833339	172833339	1	1	chr1.s_172833339	172833339	8.227436e-08	0.0032886048984319	7.08473548733258	0.09067195	0.066	bonferroni_0_05	Zm00001d031002	gene_body	0	Zm00001d031002	1	Zm00001d031002: Tetratricopeptide repeat (TPR)-like superfamily protein	True	Zm00001d031002	
agri_aa_oil__Oil_C16_0__L034	agri_aa_oil__Oil_C16_0	4	32830369	32830369	1	1	chr4.s_32830369	32830369	2.209856e-07	0.0040150270976	6.655636025157845	0.07973929	0.082	bonferroni_0_05	Zm00001d049510	gene_body	0	Zm00001d049510	1	Zm00001d049510: Putative cellulose synthase-like family protein  	False		
agri_aa_oil__Oil_C16_0__L033	agri_aa_oil__Oil_C16_0	4	30481469	30481469	1	1	chr4.s_30481469	30481469	3.763461e-07	0.00552841267488	6.424412580113979	0.09773416	0.059	fdr_0_05	Zm00001d049442	cis_window	6677	Zm00001d049442	1	Zm00001d049442: Polyadenylation and cleavage factor homolog 5	True	Zm00001d049442	
agri_aa_oil__Oil_C16_0__L060	agri_aa_oil__Oil_C16_0	7	144353418	146492766	2139349	5	chr7.s_146342995	146342995	3.979572e-07	0.00552841267488	6.400163633462347	0.07027395	0.078	fdr_0_05	Zm00001d021214	promoter	0	Zm00001d021162;Zm00001d021167;Zm00001d021192;Zm00001d021214;Zm00001d021221	5	Zm00001d021162: polymerase delta 4 | Zm00001d021167: UDP-glycosyltransferase 74B1 | Zm00001d021192: no description | Zm00001d021214: Ethylene-responsive transcription factor RAP2-11 | Zm00001d021221: Protein binding protein  	True	Zm00001d021162	hormone_stress_regulatory
agri_aa_oil__Oil_C16_0__L071	agri_aa_oil__Oil_C16_0	9	120520656	120520656	1	1	chr9.s_120520656	120520656	4.149297e-07	0.00552841267488	6.382025477958511	0.05663822	0.136	fdr_0_05	Zm00001d047166	gene_body	0	Zm00001d047166	1	Zm00001d047166: Cystathionine gamma-synthase 1 chloroplastic	False		
agri_aa_oil__Oil_C16_0__L050	agri_aa_oil__Oil_C16_0	6	94233130	94233130	1	1	chr6.s_94233130	94233130	1.39327e-06	0.013922668456	5.85596471405156	0.05879094	0.099	fdr_0_05	Zm00001d036608	gene_body	0	Zm00001d036608	1	Zm00001d036608: Glycosyl hydrolases family 31  protein	False		
agri_aa_oil__Oil_C16_0__L040	agri_aa_oil__Oil_C16_0	5	4796079	4796079	1	1	chr5.s_4796079	4796079	2.189659e-06	0.0190268038740869	5.659623513447211	0.05948491	0.067	fdr_0_05	Zm00001d013111	cis_window	73	Zm00001d013111	1	Zm00001d013111: DnaJ protein  	False		
agri_aa_oil__Oil_C16_0__L044	agri_aa_oil__Oil_C16_0	5	22604388	23312825	708438	2	chr5.s_22604388	22604388	2.837298e-06	0.021809654964923	5.547095048074813	0.08156098	0.058	fdr_0_05	Zm00001d013849	cis_window	5032	Zm00001d013849;Zm00001d013868	2	Zm00001d013849: Trihelix transcription factor GT-2 | Zm00001d013868: CDPK-related kinase 3	True	Zm00001d013849;Zm00001d013868	hormone_stress_regulatory
agri_aa_oil__Oil_C16_0__L058	agri_aa_oil__Oil_C16_0	7	99517059	99517059	1	1	chr7.s_99517059	99517059	4.227652e-06	0.0298974116869333	5.373900768928439		0.107	fdr_0_05	Zm00001d020206	nearest	195787	Zm00001d020206	1	Zm00001d020206: 3-ketoacyl-CoA synthase  	False		fatty_acid_lipid
agri_aa_oil__Oil_C16_0__L019	agri_aa_oil__Oil_C16_0	2	174573534	174573534	1	1	chr2.s_174573534	174573534	4.414325e-06	0.0298974116869333	5.355135695526281	0.06353044	0.074	fdr_0_05	Zm00001d005450	gene_body	0	Zm00001d005450	1	Zm00001d005450: PTI1-like tyrosine-protein kinase 3	False		
agri_aa_oil__Oil_C16_0__L070	agri_aa_oil__Oil_C16_0	9	118648499	118648499	1	1	chr9.s_118648499	118648499	4.487843e-06	0.0298974116869333	5.347962344583068	0.0698493	0.065	fdr_0_05	Zm00001d047102	cis_window	439	Zm00001d047102	1	Zm00001d047102: Zinc finger protein ZAT9	False		
agri_aa_oil__Oil_C16_0__L065	agri_aa_oil__Oil_C16_0	8	39585362	39847237	261876	2	chr8.s_39585362	39585362	7.345724e-06	0.0444874853255757	5.133965393378258	0.08650796	0.062	fdr_0_05	Zm00001d009147	gene_body	0	Zm00001d009147;Zm00001d009152	2	Zm00001d009147: CONTAINS InterPro DOMAIN/s: NEFA-interacting nuclear protein NIP30 N-terminal (InterPro:IPR019331); Has 398 Blast hits to 395 proteins in 139 species: Archae - 0; Bacteria - 6; Metazoa - 193; Fungi - 83; Plants - 36; Viruses - 0; Other Eukaryotes - /.../ource: NCBI BLink). | Zm00001d009152: Pectin acetylesterase 12	True	Zm00001d009147;Zm00001d009152	
agri_aa_oil__Oil_C16_0__L039	agri_aa_oil__Oil_C16_0	4	243763709	243763709	1	1	chr4.s_243763709	243763709	8.665546e-06	0.0474338122369729	5.0622040679972	0.04838223	0.15	fdr_0_05	Zm00001d053931	gene_body	0	Zm00001d053931	1	Zm00001d053931: Peroxisome biogenesis protein 16	False		
agri_aa_oil__Oil_C16_0__L029	agri_aa_oil__Oil_C16_0	3	233925852	233925852	1	1	chr3.s_233925852	233925852	1.946952e-05	0.0794102120228571	4.710644755409654	0.03291729	0.208	nominal	Zm00001d044646	gene_body	0	Zm00001d044646	1	Zm00001d044646:  glucosamine fructose-6-phosphate aminotransferase1	False		
agri_aa_oil__Oil_C16_0__L042	agri_aa_oil__Oil_C16_0	5	15089795	15089795	1	1	chr5.s_15089795	15089795	2.102358e-05	0.0823860510682352	4.677293328181214	0.08399628	0.059	nominal	Zm00001d013595	gene_body	0	Zm00001d013595	1	Zm00001d013595: Protein MARD1	True	Zm00001d013595	
agri_aa_oil__Oil_C16_0__L015	agri_aa_oil__Oil_C16_0	2	51361383	52537520	1176138	3	chr2.s_51361383	51361383	2.256436e-05	0.0850872213615094	4.64657697999937	0.0441458	0.131	nominal	Zm00001d003641	cis_window	7504	Zm00001d003641;Zm00001d003654;Zm00001d003655	3	Zm00001d003641: no description | Zm00001d003654:  protein disulfide isomerase10 | Zm00001d003655: DExH-box ATP-dependent RNA helicase DExH7 chloroplastic	False		
agri_aa_oil__Oil_C16_0__L017	agri_aa_oil__Oil_C16_0	2	154108264	154108264	1	1	chr2.s_154108264	154108264	2.504647e-05	0.091012496514909	4.601253474090118	0.05480792	0.068	nominal	Zm00001d005018	gene_body	0	Zm00001d005018	1	Zm00001d005018: Protein DETOXIFICATION 21	True	Zm00001d005018	
agri_aa_oil__Oil_C16_0__L057	agri_aa_oil__Oil_C16_0	7	15677686	15677686	1	1	chr7.s_15677686	15677686	2.587969e-05	0.0923609165114285	4.587040930170869	0.05777947	0.061	nominal	Zm00001d019083	gene_body	0	Zm00001d019083	1	Zm00001d019083: no description	False		
agri_aa_oil__Oil_C16_0__L067	agri_aa_oil__Oil_C16_0	9	18171282	19060990	889709	3	chr9.s_18176195	18176195	3.018102e-05	0.1058220690021052	4.520266086863744	-0.02850567	0.32	nominal	Zm00001d045298	cis_window	35	Zm00001d045297;Zm00001d045298;Zm00001d045326	3	Zm00001d045297: Beta-1,3-galactosyltransferase 6   | Zm00001d045298: Lipase-like | Zm00001d045326: ATP-dependent 6-phosphofructokinase 3	False		fatty_acid_lipid
agri_aa_oil__Oil_C16_0__L013	agri_aa_oil__Oil_C16_0	2	25679602	25679602	1	1	chr2.s_25679602	25679602	3.349802e-05	0.1154272462951724	4.474980862470236	0.031527	0.353	nominal	Zm00001d002884	cis_window	380	Zm00001d002884	1	Zm00001d002884: Integral membrane protein  	False		transport_membrane
agri_aa_oil__Oil_C16_0__L027	agri_aa_oil__Oil_C16_0	3	213461451	213461451	1	1	chr3.s_213461451	213461451	3.56798e-05	0.1208613916745762	4.447577588688847	-0.04168541	0.848	nominal	Zm00001d043905	gene_body	0	Zm00001d043905	1	Zm00001d043905: Ubiquitin-conjugating enzyme E2 36	False		
agri_aa_oil__Oil_C16_0__L073	agri_aa_oil__Oil_C16_0	10	18681256	19051630	370375	2	chr10.s_18681256	18681256	3.69873e-05	0.1211825217836065	4.431947370168754	-0.03760704	0.742	nominal	Zm00001d023753	promoter	0	Zm00001d023753;Zm00001d023758	2	Zm00001d023753: no description | Zm00001d023758: RING-H2 finger protein ATL67	False		
agri_aa_oil__Oil_C16_0__L021	agri_aa_oil__Oil_C16_0	2	194058222	194427005	368784	2	chr2.s_194058222	194058222	3.861536e-05	0.1244759901316129	4.41323991200301	0.03023844	0.609	nominal	Zm00001d005964	gene_body	0	Zm00001d005964;Zm00001d005972	2	Zm00001d005964: Transcription factor bHLH76 | Zm00001d005972: no description	False		hormone_stress_regulatory
agri_aa_oil__Oil_C16_0__L024	agri_aa_oil__Oil_C16_0	3	12898900	12898900	1	1	chr3.s_12898900	12898900	4.19375e-05	0.130960328125	4.3773974624869325	0.03164357	0.739	nominal	Zm00001d039717	gene_body	0	Zm00001d039717	1	Zm00001d039717: Nucleotide/sugar transporter family protein	False		transport_membrane
agri_aa_oil__Oil_C16_0__L010	agri_aa_oil__Oil_C16_0	1	276987614	276987614	1	1	chr1.s_276987614	276987614	4.413957e-05	0.1348749377223529	4.355171901974926	0.05560176	0.083	nominal	Zm00001d033872	gene_body	0	Zm00001d033872	1	Zm00001d033872: Peptidase, M50 family  	False		
agri_aa_oil__Oil_C16_0__L045	agri_aa_oil__Oil_C16_0	5	27296743	27759907	463165	2	chr5.s_27759907	27759907	4.476401e-05	0.1348749377223529	4.349071015913424	0.0522419	0.091	nominal	Zm00001d013992	gene_body	0	Zm00001d013983;Zm00001d013992	2	Zm00001d013983: LysM domain containing protein   | Zm00001d013992: Pyridoxal phosphate (PLP)-dependent transferases superfamily protein	True	Zm00001d013983	
agri_aa_oil__Oil_C16_0__L038	agri_aa_oil__Oil_C16_0	4	197014924	197014924	1	1	chr4.s_197014924	197014924	4.554684e-05	0.1348749377223529	4.341541748617847	0.03040935	0.341	nominal	Zm00001d052677	promoter	0	Zm00001d052677	1	Zm00001d052677: no description	False		
agri_aa_oil__Oil_C16_0__L011	agri_aa_oil__Oil_C16_0	1	295615070	295771865	156796	2	chr1.s_295615070	295615070	4.706599e-05	0.1363249347455072	4.327292801800873	0.0574736	0.056	nominal	Zm00001d034522	gene_body	0	Zm00001d034522;Zm00001d034532	2	Zm00001d034522: plant adhesion molecule 1 | Zm00001d034532: Vacuolar protein sorting-associated protein 32 homolog 1	False		
agri_aa_oil__Oil_C16_0__L002	agri_aa_oil__Oil_C16_0	1	13075919	13075919	1	1	chr1.s_13075919	13075919	5.217369e-05	0.1489603569805714	4.282548446582847	-0.02658392	0.436	nominal	Zm00001d027764	nearest	15407	Zm00001d027764	1	Zm00001d027764: Magnesium transporter MRS2-2	False		transport_membrane
agri_aa_oil__Oil_C16_0__L049	agri_aa_oil__Oil_C16_0	6	92080540	92450649	370110	2	chr6.s_92450649	92450649	5.35619e-05	0.1507699589633803	4.27114402566899	0.03801143	0.197	nominal	Zm00001d036563	gene_body	0	Zm00001d036558;Zm00001d036563	2	Zm00001d036558: no description | Zm00001d036563: SWAP (Suppressor-of-White-APricot)/surp RNA-binding domain-containing protein	False		
agri_aa_oil__Oil_C16_0__L051	agri_aa_oil__Oil_C16_0	6	106780881	107129063	348183	2	chr6.s_106780881	106780881	5.528682e-05	0.15346392636	4.257378389192565	0.06664786	0.058	nominal	Zm00001d036933	cis_window	424	Zm00001d036933;Zm00001d036949	2	Zm00001d036933: Aldehyde dehydrogenase family 2 member C4 | Zm00001d036949: Serine/threonine-protein phosphatase PP2A-5 catalytic subunit	False		
agri_aa_oil__Oil_C16_0__L055	agri_aa_oil__Oil_C16_0	7	9140798	9140798	1	1	chr7.s_9140798	9140798	5.874139e-05	0.1586462059437837	4.231055780962905	0.02822761	0.381	nominal	Zm00001d018913	gene_body	0	Zm00001d018913	1	Zm00001d018913: 40S ribosomal protein S18	False		
agri_aa_oil__Oil_C16_0__L018	agri_aa_oil__Oil_C16_0	2	161096833	161428893	332061	2	chr2.s_161096833	161096833	6.227882e-05	0.1635421388446753	4.20565962462581	-0.02854356	0.509	nominal	Zm00001d005148	cis_window	349	Zm00001d005148;Zm00001d005154	2	Zm00001d005148: Myristoyl-acyl carrier protein thioesterase   | Zm00001d005154: Putative E3 ubiquitin-protein ligase RF4	False		fatty_acid_lipid
agri_aa_oil__Oil_C16_0__L036	agri_aa_oil__Oil_C16_0	4	147451370	147451370	1	1	chr4.s_147451370	147451370	6.300909e-05	0.1635421388446753	4.200596792577103	0.03196251	0.275	nominal	Zm00001d051180	promoter	0	Zm00001d051180	1	Zm00001d051180: Putative homeodomain-like transcription factor superfamily protein  	False		hormone_stress_regulatory
agri_aa_oil__Oil_C16_0__L054	agri_aa_oil__Oil_C16_0	7	1243831	1243831	1	1	chr7.s_1243831	1243831	6.563762e-05	0.1681804125989743	4.182847174718367	-0.03287436	0.183	nominal	Zm00001d018621	gene_body	0	Zm00001d018621	1	Zm00001d018621: Uclacyanin-2  	False		
agri_aa_oil__Oil_C16_0__L035	agri_aa_oil__Oil_C16_0	4	36137829	36137829	1	1	chr4.s_36137829	36137829	7.040115e-05	0.1737048424	4.1524202466167655	-0.04083467	0.792	nominal	Zm00001d049583	gene_body	0	Zm00001d049583	1	Zm00001d049583: Chaperone protein dnaJ A6 chloroplastic	False		
agri_aa_oil__Oil_C16_0__L001	agri_aa_oil__Oil_C16_0	1	257250	257250	1	1	chr1.s_257250	257250	7.626008e-05	0.1814408874819047	4.11770274346911	0.05017775	0.069	nominal	Zm00001d027245	nearest	13562	Zm00001d027245	1	Zm00001d027245: ATP-dependent DNA helicase [Source:UniProtKB/TrEMBL;Acc:A0A1D6JJB2]	False		
agri_aa_oil__Oil_C16_0__L056	agri_aa_oil__Oil_C16_0	7	13469818	14112747	642930	2	chr7.s_13469818	13469818	9.624831e-05	0.2137311360373333	4.016606887420688	0.03377547	0.208	nominal	Zm00001d019029	cis_window	319	Zm00001d019029;Zm00001d019049	2	Zm00001d019029:  maternally expressed gene7 | Zm00001d019049: Major facilitator superfamily protein	False		
agri_aa_oil__Oil_C16_0__L074	agri_aa_oil__Oil_C16_0	10	24262869	24262869	1	1	chr10.s_24262869	24262869	0.0001056452	0.227840236832	3.976150230375697	0.05347622	0.087	nominal	Zm00001d023841	gene_body	0	Zm00001d023841	1	Zm00001d023841: P-loop nucleoside triphosphate hydrolases superfamily protein with CH (Calponin Homology) domain	False		
agri_aa_oil__Oil_C16_0__L020	agri_aa_oil__Oil_C16_0	2	185226058	185226058	1	1	chr2.s_185226058	185226058	0.0001074316	0.227840236832	3.9688679561869247	0.03411233	0.766	nominal	Zm00001d005735	gene_body	0	Zm00001d005735	1	Zm00001d005735: Protein kinase superfamily protein	False		
agri_aa_oil__Oil_C16_0__L009	agri_aa_oil__Oil_C16_0	1	272367844	272367844	1	1	chr1.s_272367844	272367844	0.0001092081	0.227840236832	3.961745148674848	0.05820334	0.059	nominal	Zm00001d033730	cis_window	316	Zm00001d033730	1	Zm00001d033730: no description	False		
agri_aa_oil__Oil_C16_0__L008	agri_aa_oil__Oil_C16_0	1	244097180	244289487	192308	2	chr1.s_244097180	244097180	0.0001119418	0.227840236832	3.951007714011544	0.03293217	0.195	nominal	Zm00001d032937	gene_body	0	Zm00001d032937;Zm00001d032944	2	Zm00001d032937: Protein MARD1 | Zm00001d032944: Short integuments 2 mitochondrial	False		
agri_aa_oil__Oil_C16_0__L066	agri_aa_oil__Oil_C16_0	8	121751935	121751935	1	1	chr8.s_121751935	121751935	0.0001132176	0.227840236832	3.946086055579352	0.06237865	0.061	nominal	Zm00001d010607	gene_body	0	Zm00001d010607	1	Zm00001d010607: PLAC8 family protein	False		
agri_aa_oil__Oil_C16_0__L037	agri_aa_oil__Oil_C16_0	4	185644876	185644876	1	1	chr4.s_185644876	185644876	0.0001140022	0.227840236832	3.943086767622816	0.05818759	0.068	nominal	Zm00001d052276	gene_body	0	Zm00001d052276	1	Zm00001d052276: RNA-processing Lsm domain	False		
agri_aa_oil__Oil_C16_0__L075	agri_aa_oil__Oil_C16_0	10	118183742	118183742	1	1	chr10.s_118183742	118183742	0.0001184462	0.2320802328156862	3.92647886778633	0.02513529	0.239	nominal	Zm00001d025423	gene_body	0	Zm00001d025423	1	Zm00001d025423: F1N21.17	False		
agri_aa_oil__Oil_C16_0__L047	agri_aa_oil__Oil_C16_0	5	206244729	206244729	1	1	chr5.s_206244729	206244729	0.0001328163	0.2362338241824561	3.8767486225158256	0.05523957	0.062	nominal	Zm00001d017767	gene_body	0	Zm00001d017767	1	Zm00001d017767: Lipid phosphate phosphatase epsilon 2 chloroplastic	False		fatty_acid_lipid
agri_aa_oil__Oil_C16_0__L072	agri_aa_oil__Oil_C16_0	9	137003016	137801591	798576	2	chr9.s_137003016	137003016	0.0001330219	0.2362338241824561	3.876076853272109	-0.05778057	0.055	nominal	Zm00001d047612	cis_window	73	Zm00001d047612;Zm00001d047637	2	Zm00001d047612: P-loop containing nucleoside triphosphate hydrolases superfamily protein | Zm00001d047637: Protein trichome birefringence-like 6	False		
agri_aa_oil__Oil_C16_0__L030	agri_aa_oil__Oil_C16_0	4	4307917	4307917	1	1	chr4.s_4307917	4307917	0.0001341243	0.2362338241824561	3.87249253162007	-0.03758537	0.12	nominal	Zm00001d048725	promoter	0	Zm00001d048725	1	Zm00001d048725: no description	False		
agri_aa_oil__Oil_C16_0__L028	agri_aa_oil__Oil_C16_0	3	221175447	221175447	1	1	chr3.s_221175447	221175447	0.0001362388	0.2367664488069565	3.865699190321978	-0.05097216	0.087	nominal	Zm00001d044175	gene_body	0	Zm00001d044175	1	Zm00001d044175: Neutral/alkaline non-lysosomal ceramidase	False		fatty_acid_lipid
agri_aa_oil__Oil_C16_0__L022	agri_aa_oil__Oil_C16_0	3	898176	898176	1	1	chr3.s_898176	898176	0.0001470722	0.2470281782266666	3.832469411076669	0.05193963	0.083	nominal	Zm00001d039272	gene_body	0	Zm00001d039272	1	Zm00001d039272: WPP domain-interacting tail-anchored protein 1	False		
agri_aa_oil__Oil_C16_0__L061	agri_aa_oil__Oil_C16_0	7	161360436	161360436	1	1	chr7.s_161360436	161360436	0.0001522013	0.2489736257015873	3.817581638101482	0.02865326	0.291	nominal	Zm00001d021719	gene_body	0	Zm00001d021719	1	Zm00001d021719: Probable proteasome inhibitor	False		
agri_aa_oil__Oil_C16_0__L048	agri_aa_oil__Oil_C16_0	5	208361727	208361727	1	1	chr5.s_208361727	208361727	0.000153593	0.2489736257015873	3.813628576821744	-0.04555487	0.08	nominal	Zm00001d017838	cis_window	2521	Zm00001d017838	1	Zm00001d017838: no description	False		
agri_aa_oil__Oil_C16_0__L014	agri_aa_oil__Oil_C16_0	2	39754157	39754157	1	1	chr2.s_39754157	39754157	0.000154001	0.2489736257015873	3.812476459078655	-0.03416908	0.866	nominal	Zm00001d003311	cis_window	310	Zm00001d003311	1	Zm00001d003311: Probable 2-oxoglutarate-dependent dioxygenase AOP1	False		
agri_aa_oil__Oil_C16_0__L069	agri_aa_oil__Oil_C16_0	9	26535251	26535251	1	1	chr9.s_26535251	26535251	0.0001565049	0.2489736257015873	3.805472060611797	0.0302257	0.655	nominal	Zm00001d045551	gene_body	0	Zm00001d045551	1	Zm00001d045551: Putative acyl-activating enzyme 19	False		fatty_acid_lipid
agri_aa_oil__Oil_C16_0__L041	agri_aa_oil__Oil_C16_0	5	12409694	12409694	1	1	chr5.s_12409694	12409694	0.0001569664	0.2489736257015873	3.8041933020893857	0.0519919	0.073	nominal	Zm00001d013473	gene_body	0	Zm00001d013473	1	Zm00001d013473: no description	False		
agri_aa_oil__Oil_C16_0__L007	agri_aa_oil__Oil_C16_0	1	234984977	234984977	1	1	chr1.s_234984977	234984977	0.0001681424	0.2579243828622222	3.774322757922081	0.05042818	0.076	nominal	Zm00001d032696	cis_window	1078	Zm00001d032696	1	Zm00001d032696: Protein LIGHT-DEPENDENT SHORT HYPOCOTYLS 3	False		
agri_aa_oil__Oil_C16_0__L025	agri_aa_oil__Oil_C16_0	3	169071380	169071380	1	1	chr3.s_169071380	169071380	0.0001717871	0.2579243828622222	3.7650094517338895	0.0365296	0.177	nominal	Zm00001d042481	gene_body	0	Zm00001d042481	1	Zm00001d042481: OTU domain-containing protein 	False		
agri_aa_oil__Oil_C16_0__L026	agri_aa_oil__Oil_C16_0	3	212354525	212354525	1	1	chr3.s_212354525	212354525	0.0001742244	0.2579243828622222	3.7588910224438106	0.02998611	0.211	nominal	Zm00001d043860	gene_body	0	Zm00001d043860	1	Zm00001d043860: evolutionarily conserved C-terminal region 8	False		
agri_aa_oil__Oil_C16_0__L012	agri_aa_oil__Oil_C16_0	2	1342096	1342096	1	1	chr2.s_1342096	1342096	0.0001766469	0.2591197227328467	3.752893979654028	0.05357108	0.057	nominal	Zm00001d001812	gene_body	0	Zm00001d001812	1	Zm00001d001812:  Rubisco Assembly Factor 1	False		
agri_aa_oil__Oil_C16_0__L046	agri_aa_oil__Oil_C16_0	5	92282095	92282095	1	1	chr5.s_92282095	92282095	0.0001862723	0.2697654839768116	3.729851722943661	-0.02408314	0.235	nominal	Zm00001d015475	nearest	51264	Zm00001d015475	1	Zm00001d015475: RING-H2 finger protein ATL2L  	False		
agri_aa_oil__Oil_C16_0__L005	agri_aa_oil__Oil_C16_0	1	44381041	44381041	1	1	chr1.s_44381041	44381041	0.0002043519	0.2846481506966887	3.689621319999466	0.0459169	0.099	nominal	Zm00001d028726	gene_body	0	Zm00001d028726	1	Zm00001d028726:  protein disulfide isomerase9	False		
agri_aa_oil__Oil_C16_0__L016	agri_aa_oil__Oil_C16_0	2	56544498	56544498	1	1	chr2.s_56544498	56544498	0.0002079891	0.2846481506966887	3.681959424334796	0.05221592	0.078	nominal	Zm00001d003725	cis_window	254	Zm00001d003725	1	Zm00001d003725: Histone H3.2  	False		
agri_aa_oil__Oil_C16_0__L062	agri_aa_oil__Oil_C16_0	7	164517513	164517513	1	1	chr7.s_164517513	164517513	0.0002084792	0.2846481506966887	3.6809372681522703	0.02806163	0.335	nominal	Zm00001d021850	gene_body	0	Zm00001d021850	1	Zm00001d021850: Cupredoxin superfamily protein	False		
agri_aa_oil__Oil_C16_0__L043	agri_aa_oil__Oil_C16_0	5	19016664	19016664	1	1	chr5.s_19016664	19016664	0.0002094919	0.2846481506966887	3.678832764360264		0.201	nominal	Zm00001d013742	promoter	0	Zm00001d013742	1	Zm00001d013742: Probable anion transporter 5	False		transport_membrane
agri_aa_oil__Oil_C16_0__L004	agri_aa_oil__Oil_C16_0	1	41021761	41021761	1	1	chr1.s_41021761	41021761	0.0002105961	0.2846481506966887	3.6765496757154064	0.05556889	0.058	nominal	Zm00001d028619	gene_body	0	Zm00001d028619	1	Zm00001d028619: Palmitoyltransferase AKR1	False		
agri_aa_oil__Oil_C16_0__L059	agri_aa_oil__Oil_C16_0	7	142487894	142487894	1	1	chr7.s_142487894	142487894	0.0002146788	0.2846481506966887	3.668210840974134	0.02746859	0.583	nominal	Zm00001d021087	gene_body	0	Zm00001d021087	1	Zm00001d021087:  Discolored-paralog3	False		
agri_aa_oil__Oil_C16_0__L063	agri_aa_oil__Oil_C16_0	7	169064273	169064273	1	1	chr7.s_169064273	169064273	0.0002150642	0.2846481506966887	3.6674318770901473	0.0432985	0.1	nominal	Zm00001d022052	cis_window	21	Zm00001d022052	1	Zm00001d022052: Putative pentatricopeptide repeat-containing protein 	False		
agri_aa_oil__Oil_C16_0__L053	agri_aa_oil__Oil_C16_0	6	168716012	168716012	1	1	chr6.s_168716012	168716012	0.0002232555	0.29060961032	3.651197833267063	0.03387177	0.151	nominal	Zm00001d039015	promoter	0	Zm00001d039015	1	Zm00001d039015: Putative RING zinc finger domain superfamily protein  	False		
agri_aa_oil__Oil_C16_0__L023	agri_aa_oil__Oil_C16_0	3	3984346	3984346	1	1	chr3.s_3984346	3984346	0.000228645	0.29060961032	3.6408382913143607	-0.04294454	0.077	nominal	Zm00001d039427	gene_body	0	Zm00001d039427	1	Zm00001d039427: Protein kinase superfamily protein	False		
agri_aa_oil__Oil_C16_0__L064	agri_aa_oil__Oil_C16_0	8	28572048	28572048	1	1	chr8.s_28572048	28572048	0.0002293115	0.29060961032	3.639574164802093	0.03025525	0.752	nominal	Zm00001d008984	gene_body	0	Zm00001d008984	1	Zm00001d008984: Cytochrome P450 71A26	False		
agri_aa_oil__Oil_C16_0__L003	agri_aa_oil__Oil_C16_0	1	32294950	32294950	1	1	chr1.s_32294950	32294950	0.0002313922	0.29060961032	3.635651284770841	-0.05052255	0.065	nominal	Zm00001d028367	gene_body	0	Zm00001d028367	1	Zm00001d028367: Purple acid phosphatase 3	False		
agri_aa_oil__Oil_C16_0__L031	agri_aa_oil__Oil_C16_0	4	17527741	17527741	1	1	chr4.s_17527741	17527741	0.0002326552	0.29060961032	3.6332872362488393	-0.03653851	0.817	nominal	Zm00001d049140	gene_body	0	Zm00001d049140	1	Zm00001d049140: Calmodulin-interacting protein 111	False		
agri_aa_oil__Oil_C16_0__L032	agri_aa_oil__Oil_C16_0	4	24785754	24785754	1	1	chr4.s_24785754	24785754	0.0002375841	0.2939787349496933	3.624182627299096	-0.02729652	0.336	nominal	Zm00001d049294	nearest	110994	Zm00001d049294	1	Zm00001d049294: Putative HLH DNA-binding domain superfamily protein  	False		
agri_aa_oil__Oil_C16_1__L012	agri_aa_oil__Oil_C16_1	1	172833849	172833849	1	1	chr1.s_172833849	172833849	2.081623e-07	0.034746014844	6.681597922205481	0.001140956	0.069	bonferroni_0_05	Zm00001d031002	gene_body	0	Zm00001d031002	1	Zm00001d031002: Tetratricopeptide repeat (TPR)-like superfamily protein	True	Zm00001d031002	
agri_aa_oil__Oil_C16_1__L037	agri_aa_oil__Oil_C16_1	3	223073725	223583472	509748	2	chr3.s_223073725	223073725	3.477105e-07	0.034746014844	6.458782194495897	0.001069601	0.051	fdr_0_05	Zm00001d044253	gene_body	0	Zm00001d044253;Zm00001d044274	2	Zm00001d044253: IQ domain-containing protein IQM5 | Zm00001d044274: DENN domain and WD repeat-containing protein SCD1	False		
agri_aa_oil__Oil_C16_1__L034	agri_aa_oil__Oil_C16_1	3	160480397	160480397	1	1	chr3.s_160480397	160480397	1.213396e-06	0.0553859733664	5.915997441055718	0.0007282605	0.107	suggestive_1e_5	Zm00001d042312	cis_window	152	Zm00001d042312	1	Zm00001d042312:  histidine kinase2	False		
agri_aa_oil__Oil_C16_1__L003	agri_aa_oil__Oil_C16_1	1	63234376	63234376	1	1	chr1.s_63234376	63234376	2.670834e-06	0.0859343683885714	5.573353103788564	0.000536557	0.208	suggestive_1e_5	Zm00001d029231	promoter	0	Zm00001d029231	1	Zm00001d029231: Aminotransferase, class IV family protein  	False		
agri_aa_oil__Oil_C16_1__L019	agri_aa_oil__Oil_C16_1	2	5993903	5993903	1	1	chr2.s_5993903	5993903	3.00987e-06	0.0859343683885714	5.521452261715751	0.0006906037	0.126	suggestive_1e_5	Zm00001d002104	gene_body	0	Zm00001d002104	1	Zm00001d002104: Glutamyl-tRNA(Gln) amidotransferase subunit A, chloroplastic/mitochondrial  	False		
agri_aa_oil__Oil_C16_1__L046	agri_aa_oil__Oil_C16_1	5	953482	953482	1	1	chr5.s_953482	953482	4.227265e-06	0.0938715859822222	5.37394052614063	0.0005151984	0.223	suggestive_1e_5	Zm00001d012831	gene_body	0	Zm00001d012831	1	Zm00001d012831: Cleavage and polyadenylation specificity factor subunit 3-I	False		
agri_aa_oil__Oil_C16_1__L001	agri_aa_oil__Oil_C16_1	1	19466122	19466122	1	1	chr1.s_19466122	19466122	7.426806e-06	0.1484291739936	5.129197920399724		0.085	suggestive_1e_5	Zm00001d027988	nearest	28247	Zm00001d027988	1	Zm00001d027988: no description	False		
agri_aa_oil__Oil_C16_1__L011	agri_aa_oil__Oil_C16_1	1	151744309	151744309	1	1	chr1.s_151744309	151744309	9.125868e-06	0.1658054068189091	5.039725817317271	0.0009144348	0.085	suggestive_1e_5	Zm00001d030663	nearest	22005	Zm00001d030663	1	Zm00001d030663: DNAJ heat shock N-terminal domain-containing protein	False		
agri_aa_oil__Oil_C16_1__L091	agri_aa_oil__Oil_C16_1	10	138719629	138719629	1	1	chr10.s_138719629	138719629	1.451396e-05	0.2231309222892307	4.838214078154244	0.0009066042	0.058	nominal	Zm00001d026113	gene_body	0	Zm00001d026113	1	Zm00001d026113:  naked endosperm2	False		
agri_aa_oil__Oil_C16_1__L022	agri_aa_oil__Oil_C16_1	2	52665228	52665228	1	1	chr2.s_52665228	52665228	2.060267e-05	0.2852230247893333	4.686076493653831	0.0009362555	0.069	nominal	Zm00001d003657	gene_body	0	Zm00001d003657	1	Zm00001d003657: Protein SCARECROW	False		
agri_aa_oil__Oil_C16_1__L005	agri_aa_oil__Oil_C16_1	1	84035946	84035946	1	1	chr1.s_84035946	84035946	2.140714e-05	0.2852230247893333	4.669441350696492	0.0005585394	0.125	nominal	Zm00001d029720	gene_body	0	Zm00001d029720	1	Zm00001d029720: ABC-type Co2+ transport system, permease component  	False		
agri_aa_oil__Oil_C16_1__L076	agri_aa_oil__Oil_C16_1	9	100657302	100657302	1	1	chr9.s_100657302	100657302	3.486509e-05	0.4281109497882353	4.4576092093791	0.0007164159	0.095	nominal	Zm00001d046654	promoter	0	Zm00001d046654	1	Zm00001d046654: Plant UBX domain-containing protein 4	False		
agri_aa_oil__Oil_C16_1__L004	agri_aa_oil__Oil_C16_1	1	66251626	66251626	1	1	chr1.s_66251626	66251626	3.641565e-05	0.4281109497882353	4.438711933714822	0.000810826	0.055	nominal	Zm00001d029331	gene_body	0	Zm00001d029331	1	Zm00001d029331: Probable apyrase 5	False		
agri_aa_oil__Oil_C16_1__L031	agri_aa_oil__Oil_C16_1	3	2566057	2566057	1	1	chr3.s_2566057	2566057	4.367446e-05	0.4849223820977777	4.359772456018072	0.0005040231	0.25	nominal	Zm00001d039361	gene_body	0	Zm00001d039361	1	Zm00001d039361: Phosphoacetylglucosamine mutase	False		
agri_aa_oil__Oil_C16_1__L090	agri_aa_oil__Oil_C16_1	10	76545444	76545444	1	1	chr10.s_76545444	76545444	4.786223e-05	0.502048537330909	4.32000707057564	0.0004344555	0.38	nominal	Zm00001d024530	gene_body	0	Zm00001d024530	1	Zm00001d024530: alpha/beta-Hydrolases superfamily protein	False		
agri_aa_oil__Oil_C16_1__L041	agri_aa_oil__Oil_C16_1	4	129476059	129476059	1	1	chr4.s_129476059	129476059	5.058411e-05	0.502048537330909	4.295985886778796	0.0008412155	0.073	nominal	Zm00001d050904	gene_body	0	Zm00001d050904	1	Zm00001d050904: Lipid binding protein  	False		fatty_acid_lipid
agri_aa_oil__Oil_C16_1__L010	agri_aa_oil__Oil_C16_1	1	122930024	122930024	1	1	chr1.s_122930024	122930024	5.395551e-05	0.502048537330909	4.267964198054193	0.0007850675	0.077	nominal	Zm00001d030333	nearest	33829	Zm00001d030333	1	Zm00001d030333: no description	False		
agri_aa_oil__Oil_C16_1__L017	agri_aa_oil__Oil_C16_1	1	295478595	295478595	1	1	chr1.s_295478595	295478595	5.526513e-05	0.502048537330909	4.257548804050618	-0.0007141377	0.916	nominal	Zm00001d034516	gene_body	0	Zm00001d034516	1	Zm00001d034516: Squalene synthase 1	False		
agri_aa_oil__Oil_C16_1__L002	agri_aa_oil__Oil_C16_1	1	33600044	33600044	1	1	chr1.s_33600044	33600044	6.797137e-05	0.5906298314226087	4.167673976547592	0.0006917664	0.097	nominal	Zm00001d028400	gene_body	0	Zm00001d028400	1	Zm00001d028400: Pathogenesis-related thaumatin superfamily protein	False		
agri_aa_oil__Oil_C16_1__L060	agri_aa_oil__Oil_C16_1	6	92022251	92022251	1	1	chr6.s_92022251	92022251	7.303479e-05	0.60818504126	4.136470215141799	0.0005474253	0.178	nominal	Zm00001d036557	gene_body	0	Zm00001d036557	1	Zm00001d036557: External alternative NAD(P)H-ubiquinone oxidoreductase B1 mitochondrial	False		
agri_aa_oil__Oil_C16_1__L045	agri_aa_oil__Oil_C16_1	4	244890647	244890647	1	1	chr4.s_244890647	244890647	7.702592e-05	0.6157636907008	4.113363105753154	0.0005361413	0.152	nominal	Zm00001d054001	gene_body	0	Zm00001d054001	1	Zm00001d054001: Protein arginine N-methyltransferase 1.5	False		
agri_aa_oil__Oil_C16_1__L021	agri_aa_oil__Oil_C16_1	2	10771504	10771504	1	1	chr2.s_10771504	10771504	8.058511e-05	0.6194391440061539	4.093745196932271	0.0006653263	0.11	nominal	Zm00001d002357	gene_body	0	Zm00001d002357	1	Zm00001d002357: Protein kinase superfamily protein	False		
agri_aa_oil__Oil_C16_1__L062	agri_aa_oil__Oil_C16_1	6	128191197	128191197	1	1	chr6.s_128191197	128191197	8.81528e-05	0.6277083050270967	4.054763888637072	0.0008281506	0.059	nominal	Zm00001d037529	gene_body	0	Zm00001d037529	1	Zm00001d037529: Acyl-CoA N-acyltransferase with RING/FYVE/PHD-type zinc finger protein	False		fatty_acid_lipid
agri_aa_oil__Oil_C16_1__L016	agri_aa_oil__Oil_C16_1	1	287026167	287026167	1	1	chr1.s_287026167	287026167	8.90759e-05	0.6277083050270967	4.050239780954953	-0.0003750476	0.585	nominal	Zm00001d034221	promoter	0	Zm00001d034221	1	Zm00001d034221: Formin-like protein 18	False		
agri_aa_oil__Oil_C16_1__L087	agri_aa_oil__Oil_C16_1	10	59337154	59337154	1	1	chr10.s_59337154	59337154	9.460914e-05	0.6277083050270967	4.024066905249179	-0.0004329726	0.265	nominal	Zm00001d024246	nearest	12432	Zm00001d024246	1	Zm00001d024246: NB-ARC domain containing protein expressed	False		
agri_aa_oil__Oil_C16_1__L072	agri_aa_oil__Oil_C16_1	8	95244947	95244947	1	1	chr8.s_95244947	95244947	9.695998e-05	0.6277083050270967	4.013407482759994	0.0007700674	0.066	nominal	Zm00001d010016	gene_body	0	Zm00001d010016	1	Zm00001d010016: 60S ribosomal protein L11-1	False		
agri_aa_oil__Oil_C16_1__L043	agri_aa_oil__Oil_C16_1	4	238418902	238418902	1	1	chr4.s_238418902	238418902	9.736489e-05	0.6277083050270967	4.011597622466099	0.0008742991	0.055	nominal	Zm00001d053664	gene_body	0	Zm00001d053664	1	Zm00001d053664: Outer envelope protein 80 chloroplastic	False		
agri_aa_oil__Oil_C16_1__L071	agri_aa_oil__Oil_C16_1	8	39633330	39633330	1	1	chr8.s_39633330	39633330	0.0001074392	0.6664480469647058	3.968837234115207	0.001167906	0.059	nominal	Zm00001d009150	gene_body	0	Zm00001d009150	1	Zm00001d009150: Sec23/Sec24 protein transport family protein	True	Zm00001d009150	
agri_aa_oil__Oil_C16_1__L053	agri_aa_oil__Oil_C16_1	5	201700241	201700430	190	2	chr5.s_201700241	201700241	0.0001127381	0.6664480469647058	3.947929288714597	0.0004662152	0.22	nominal	Zm00001d017613	gene_body	0	Zm00001d017613	1	Zm00001d017613: Protein LYK2	False		
agri_aa_oil__Oil_C16_1__L068	agri_aa_oil__Oil_C16_1	7	158637956	159067124	429169	2	chr7.s_158637956	158637956	0.0001133778	0.6664480469647058	3.945471974379181	0.0004512666	0.268	nominal	Zm00001d021633	gene_body	0	Zm00001d021633;Zm00001d021649	2	Zm00001d021633: Polyadenylate-binding protein RBP45C | Zm00001d021649: Ras-related small GTP-binding family protein	False		
agri_aa_oil__Oil_C16_1__L032	agri_aa_oil__Oil_C16_1	3	137084229	137084229	1	1	chr3.s_137084229	137084229	0.0001276045	0.6733283426604652	3.894134009856954	-0.0004732604	0.192	nominal	Zm00001d041775	cis_window	6974	Zm00001d041775	1	Zm00001d041775: 2-dehydro-3-deoxyphosphooctonate aldolase 2	False		
agri_aa_oil__Oil_C16_1__L047	agri_aa_oil__Oil_C16_1	5	2437279	2437279	1	1	chr5.s_2437279	2437279	0.000139161	0.6733283426604652	3.856482459107249	-0.0005404528	0.857	nominal	Zm00001d012964	gene_body	0	Zm00001d012964	1	Zm00001d012964: SEC14 cytosolic factor family protein / phosphoglyceride transfer family protein	False		
agri_aa_oil__Oil_C16_1__L075	agri_aa_oil__Oil_C16_1	9	97679375	97679375	1	1	chr9.s_97679375	97679375	0.0001424418	0.6733283426604652	3.846362546896632	-0.0004754419	0.467	nominal	Zm00001d046593	gene_body	0	Zm00001d046593	1	Zm00001d046593:  acid phosphatase1	False		
agri_aa_oil__Oil_C16_1__L009	agri_aa_oil__Oil_C16_1	1	113703113	113703113	1	1	chr1.s_113703113	113703113	0.0001436693	0.6733283426604652	3.8426360242457895	0.0005037647	0.218	nominal	Zm00001d030217	gene_body	0	Zm00001d030217	1	Zm00001d030217: Whole genome shotgun sequence of line PN40024 scaffold_7.assembly12x (Fragment)	False		
agri_aa_oil__Oil_C16_1__L078	agri_aa_oil__Oil_C16_1	9	110693985	110790075	96091	2	chr9.s_110790075	110790075	0.0001448699	0.6733283426604652	3.839021839662301	-0.0004325948	0.277	nominal	Zm00001d046921	cis_window	7813	Zm00001d046919;Zm00001d046921	2	Zm00001d046919: Chloride channel protein CLC-b | Zm00001d046921: F-box protein AFR	False		
agri_aa_oil__Oil_C16_1__L025	agri_aa_oil__Oil_C16_1	2	181046110	181046110	1	1	chr2.s_181046110	181046110	0.0001654433	0.7514735492	3.78135081588368	0.0003854005	0.399	nominal	Zm00001d005624	cis_window	390	Zm00001d005624	1	Zm00001d005624: Delta(8)-fatty-acid desaturase 2	False		fatty_acid_lipid
agri_aa_oil__Oil_C16_1__L039	agri_aa_oil__Oil_C16_1	4	19551725	19551725	1	1	chr4.s_19551725	19551725	0.0001758881	0.7556375897469388	3.754763542459304	0.0004418607	0.21	nominal	Zm00001d049181	gene_body	0	Zm00001d049181	1	Zm00001d049181: O-methyltransferase ZRP4	False		
agri_aa_oil__Oil_C16_1__L081	agri_aa_oil__Oil_C16_1	9	144626732	144626732	1	1	chr9.s_144626732	144626732	0.0001786545	0.7556375897469388	3.7479860401917104	-0.0004139617	0.264	nominal	Zm00001d047896	gene_body	0	Zm00001d047896	1	Zm00001d047896: Chorismate synthase chloroplastic	False		
agri_aa_oil__Oil_C16_1__L083	agri_aa_oil__Oil_C16_1	9	148016520	148016520	1	1	chr9.s_148016520	148016520	0.0001791553	0.7556375897469388	3.746770339455968	0.000524027	0.181	nominal	Zm00001d048016	gene_body	0	Zm00001d048016	1	Zm00001d048016: Putative lysM-domain receptor-like protein kinase family protein  	False		
agri_aa_oil__Oil_C16_1__L014	agri_aa_oil__Oil_C16_1	1	255236116	255236116	1	1	chr1.s_255236116	255236116	0.0001950187	0.7599361184266668	3.7099237429070704	0.0005545006	0.166	nominal	Zm00001d033229	promoter	0	Zm00001d033229	1	Zm00001d033229: no description	False		
agri_aa_oil__Oil_C16_1__L063	agri_aa_oil__Oil_C16_1	6	152838702	152838702	1	1	chr6.s_152838702	152838702	0.0001958353	0.7599361184266668	3.708109022372353	0.000387615	0.327	nominal	Zm00001d038269	cis_window	2206	Zm00001d038269	1	Zm00001d038269: UPF0503 protein  chloroplastic	False		
agri_aa_oil__Oil_C16_1__L042	agri_aa_oil__Oil_C16_1	4	157354674	157354674	1	1	chr4.s_157354674	157354674	0.0002047287	0.7599361184266668	3.688821271270392	0.0006000644	0.101	nominal	Zm00001d051406	gene_body	0	Zm00001d051406	1	Zm00001d051406: LYR family of Fe/S cluster biogenesis protein	False		
agri_aa_oil__Oil_C16_1__L029	agri_aa_oil__Oil_C16_1	2	221769055	221769055	1	1	chr2.s_221769055	221769055	0.0002071379	0.7599361184266668	3.683740431019865	0.0007780789	0.049	nominal	Zm00001d007078	gene_body	0	Zm00001d007078	1	Zm00001d007078: Sugar transport protein 1	False		
agri_aa_oil__Oil_C16_1__L066	agri_aa_oil__Oil_C16_1	7	133777061	133777061	1	1	chr7.s_133777061	133777061	0.0002152004	0.7599361184266668	3.6671569257675847	-0.0003821024	0.588	nominal	Zm00001d020811	gene_body	0	Zm00001d020811	1	Zm00001d020811: ABC transporter G family member 11	False		transport_membrane
agri_aa_oil__Oil_C16_1__L084	agri_aa_oil__Oil_C16_1	9	149405631	149405631	1	1	chr9.s_149405631	149405631	0.0002155835	0.7599361184266668	3.666384481579776	-0.0004481251	0.701	nominal	Zm00001d048076	gene_body	0	Zm00001d048076	1	Zm00001d048076: myosin-related	False		
agri_aa_oil__Oil_C16_1__L044	agri_aa_oil__Oil_C16_1	4	240333329	240333329	1	1	chr4.s_240333329	240333329	0.0002179288	0.7599361184266668	3.661685372532189		0.11	nominal	Zm00001d053746	cis_window	962	Zm00001d053746	1	Zm00001d053746: Probable WRKY transcription factor 40	False		hormone_stress_regulatory
agri_aa_oil__Oil_C16_1__L026	agri_aa_oil__Oil_C16_1	2	183446403	183446403	1	1	chr2.s_183446403	183446403	0.0002220689	0.7599361184266668	3.6535122586695215	0.0003934443	0.345	nominal	Zm00001d005688	nearest	52175	Zm00001d005688	1	Zm00001d005688: UDP-glycosyltransferase 90A1	False		
agri_aa_oil__Oil_C16_1__L089	agri_aa_oil__Oil_C16_1	10	68369783	68369783	1	1	chr10.s_68369783	68369783	0.0002247646	0.7599361184266668	3.6482720882777353	-0.0003958246	0.509	nominal	Zm00001d024389	gene_body	0	Zm00001d024389	1	Zm00001d024389: Putative MADS-box transcription factor family protein  	False		hormone_stress_regulatory
agri_aa_oil__Oil_C16_1__L033	agri_aa_oil__Oil_C16_1	3	157173900	158447620	1273721	3	chr3.s_158447620	158447620	0.0002281451	0.7599361184266668	3.641788854376807	0.0005774373	0.109	nominal	Zm00001d042272	gene_body	0	Zm00001d042237;Zm00001d042258;Zm00001d042272	3	Zm00001d042237: Protein LURP-one-related 2 | Zm00001d042258: RING finger protein | Zm00001d042272: Histone-lysine N-methyltransferase H3 lysine-9 specific SUVH4	False		
agri_aa_oil__Oil_C16_1__L015	agri_aa_oil__Oil_C16_1	1	277218850	277218850	1	1	chr1.s_277218850	277218850	0.000238161	0.7677081421935483	3.6231293548243393	0.0004525539	0.205	nominal	Zm00001d033879	gene_body	0	Zm00001d033879	1	Zm00001d033879: BSD domain containing protein  	False		
agri_aa_oil__Oil_C16_1__L028	agri_aa_oil__Oil_C16_1	2	220221880	220221880	1	1	chr2.s_220221880	220221880	0.0002429422	0.7706897829079364	3.614497040010477	0.000592786	0.094	nominal	Zm00001d007018	cis_window	260	Zm00001d007018	1	Zm00001d007018: no description	False		
agri_aa_oil__Oil_C16_1__L059	agri_aa_oil__Oil_C16_1	6	65520081	65520081	1	1	chr6.s_65520081	65520081	0.0002516805	0.77421016704	3.5991504319306373	-0.0003981091	0.361	nominal	Zm00001d036010	gene_body	0	Zm00001d036010	1	Zm00001d036010: Oligopeptide transporter 7	False		transport_membrane
agri_aa_oil__Oil_C16_1__L092	agri_aa_oil__Oil_C16_1	10	142867274	142867274	1	1	chr10.s_142867274	142867274	0.0002635814	0.7981564284606062	3.57908523961054	0.0007673812	0.058	nominal	Zm00001d026287	gene_body	0	Zm00001d026287	1	Zm00001d026287: UDP-N-acetylglucosamine diphosphorylase 2	False		
agri_aa_oil__Oil_C16_1__L088	agri_aa_oil__Oil_C16_1	10	63050349	63050349	1	1	chr10.s_63050349	63050349	0.0002969514	0.8062020029195875	3.527314622867709	-0.0004229017	0.235	nominal	Zm00001d024305	cis_window	229	Zm00001d024305	1	Zm00001d024305: Methyl-CpG-binding domain-containing protein 13	False		
agri_aa_oil__Oil_C16_1__L027	agri_aa_oil__Oil_C16_1	2	205497924	205497924	1	1	chr2.s_205497924	205497924	0.0003116094	0.8062020029195875	3.506389449887294	0.0003945625	0.738	nominal	Zm00001d006355	nearest	25929	Zm00001d006355	1	Zm00001d006355: Protein kinase superfamily protein	False		
agri_aa_oil__Oil_C16_1__L082	agri_aa_oil__Oil_C16_1	9	145652139	145721562	69424	2	chr9.s_145721562	145721562	0.0003127988	0.8062020029195875	3.5047349217067483	-0.0005917736	0.109	nominal	Zm00001d047937	gene_body	0	Zm00001d047931;Zm00001d047937	2	Zm00001d047931: 3-ketoacyl-CoA synthase   | Zm00001d047937: armadillo repeat only 1	False		fatty_acid_lipid
agri_aa_oil__Oil_C16_1__L061	agri_aa_oil__Oil_C16_1	6	117339325	117339325	1	1	chr6.s_117339325	117339325	0.0003165798	0.8062020029195875	3.499516799607617		0.14	nominal	Zm00001d037237	nearest	75336	Zm00001d037237	1	Zm00001d037237: NEP1-interacting protein-like 2	False		
agri_aa_oil__Oil_C16_1__L080	agri_aa_oil__Oil_C16_1	9	138535381	138535381	1	1	chr9.s_138535381	138535381	0.0003195503	0.8062020029195875	3.495460770391177	0.0003383495	0.509	nominal	Zm00001d047663	gene_body	0	Zm00001d047663	1	Zm00001d047663: Acetate/butyrate--CoA ligase AAE7 peroxisomal	False		
agri_aa_oil__Oil_C16_1__L055	agri_aa_oil__Oil_C16_1	5	215517200	215517200	1	1	chr5.s_215517200	215517200	0.0003215524	0.8062020029195875	3.4927482445857483	0.0008616158	0.051	nominal	Zm00001d018147	gene_body	0	Zm00001d018147	1	Zm00001d018147: Phenylalanine--tRNA ligase alpha subunit cytoplasmic	False		
agri_aa_oil__Oil_C16_1__L038	agri_aa_oil__Oil_C16_1	4	1369982	1369982	1	1	chr4.s_1369982	1369982	0.0003252255	0.8062020029195875	3.4878154099564536	0.0003899248	0.524	nominal	Zm00001d048615	promoter	0	Zm00001d048615	1	Zm00001d048615: Putative membrane lipoprotein	False		transport_membrane
agri_aa_oil__Oil_C16_1__L030	agri_aa_oil__Oil_C16_1	2	223320487	223320487	1	1	chr2.s_223320487	223320487	0.0003299036	0.8062020029195875	3.48161294528641	0.0004102885	0.286	nominal	Zm00001d007144	gene_body	0	Zm00001d007144	1	Zm00001d007144: no description	False		
agri_aa_oil__Oil_C16_1__L065	agri_aa_oil__Oil_C16_1	7	128932683	128932683	1	1	chr7.s_128932683	128932683	0.000332251	0.8062020029195875	3.478533703255574	-0.0005746952	0.118	nominal	Zm00001d020696	cis_window	756	Zm00001d020696	1	Zm00001d020696: Asparate aminotransferase  	False		
agri_aa_oil__Oil_C16_1__L074	agri_aa_oil__Oil_C16_1	8	176839635	176839635	1	1	chr8.s_176839635	176839635	0.000332969	0.8062020029195875	3.4775961981922987	0.0007566669	0.056	nominal	Zm00001d012575	gene_body	0	Zm00001d012575	1	Zm00001d012575: Protein MICRORCHIDIA 6	False		
agri_aa_oil__Oil_C16_1__L069	agri_aa_oil__Oil_C16_1	7	181371690	181371690	1	1	chr7.s_181371690	181371690	0.0003397985	0.8062020029195875	3.468778542603997	0.000417566	0.18	nominal	Zm00001d022622	nearest	19840	Zm00001d022622	1	Zm00001d022622: 3-dehydroquinate synthase chloroplastic	False		
agri_aa_oil__Oil_C16_1__L085	agri_aa_oil__Oil_C16_1	9	154295629	154295629	1	1	chr9.s_154295629	154295629	0.0003408263	0.8062020029195875	3.4674669001020124	0.0005425788	0.12	nominal	Zm00001d048308	gene_body	0	Zm00001d048308	1	Zm00001d048308: Putative thaumatin domain family protein  	False		
agri_aa_oil__Oil_C16_1__L077	agri_aa_oil__Oil_C16_1	9	106466050	106466050	1	1	chr9.s_106466050	106466050	0.0003451241	0.8062020029195875	3.4620247128859463	-0.0003939955	0.549	nominal	Zm00001d046800	gene_body	0	Zm00001d046800	1	Zm00001d046800: Putative serine peptidase S28 family protein  	False		
agri_aa_oil__Oil_C16_1__L051	agri_aa_oil__Oil_C16_1	5	71282688	71282688	1	1	chr5.s_71282688	71282688	0.0003498971	0.8062020029195875	3.4560596570004223	0.0003941166	0.293	nominal	Zm00001d014991	gene_body	0	Zm00001d014991	1	Zm00001d014991: Nucleic acid-binding OB-fold-like protein	False		
agri_aa_oil__Oil_C16_1__L058	agri_aa_oil__Oil_C16_1	6	63464290	63464290	1	1	chr6.s_63464290	63464290	0.000353947	0.8062020029195875	3.4510617643323545	0.0007841415	0.064	nominal	Zm00001d035969	nearest	53206	Zm00001d035969	1	Zm00001d035969: 30S ribosomal protein S16 chloroplastic	False		
agri_aa_oil__Oil_C16_1__L013	agri_aa_oil__Oil_C16_1	1	250180079	250180079	1	1	chr1.s_250180079	250180079	0.0003619391	0.8062020029195875	3.4413644978617044	0.0003876325	0.376	nominal	Zm00001d033098	gene_body	0	Zm00001d033098	1	Zm00001d033098: post-illumination chlorophyll fluorescence increase	False		
agri_aa_oil__Oil_C16_1__L064	agri_aa_oil__Oil_C16_1	7	89036148	89036148	1	1	chr7.s_89036148	89036148	0.0003657053	0.8062020029195875	3.4368687455846385	-0.0004307843	0.667	nominal	Zm00001d020055	cis_window	2541	Zm00001d020055	1	Zm00001d020055: Polyadenylate-binding protein-interacting protein 9	False		
agri_aa_oil__Oil_C16_1__L049	agri_aa_oil__Oil_C16_1	5	23312825	23312825	1	1	chr5.s_23312825	23312825	0.0003673573	0.8062020029195875	3.43491132558082	0.0009571003	0.067	nominal	Zm00001d013868	gene_body	0	Zm00001d013868	1	Zm00001d013868: CDPK-related kinase 3	True	Zm00001d013868	
agri_aa_oil__Oil_C16_1__L054	agri_aa_oil__Oil_C16_1	5	205084024	205084024	1	1	chr5.s_205084024	205084024	0.0003677523	0.8062020029195875	3.4344446024231794	0.000542669	0.123	nominal	Zm00001d017717	gene_body	0	Zm00001d017717	1	Zm00001d017717: ADP-ribosylation factor B1B	False		
agri_aa_oil__Oil_C16_1__L048	agri_aa_oil__Oil_C16_1	5	16107954	16107954	1	1	chr5.s_16107954	16107954	0.0003737945	0.8062020029195875	3.427367093104922	0.0008502046	0.085	nominal	Zm00001d013644	gene_body	0	Zm00001d013644	1	Zm00001d013644: 5-methyltetrahydropteroyltriglutamate--homocysteine methyltransferase 1	False		
agri_aa_oil__Oil_C16_1__L070	agri_aa_oil__Oil_C16_1	8	13775155	13775155	1	1	chr8.s_13775155	13775155	0.0003772676	0.8062020029195875	3.4233504907052223	0.0003553314	0.603	nominal	Zm00001d008592	gene_body	0	Zm00001d008592	1	Zm00001d008592: Putative lipid phosphate phosphatase 3 chloroplastic	False		fatty_acid_lipid
agri_aa_oil__Oil_C16_1__L036	agri_aa_oil__Oil_C16_1	3	219691727	219691727	1	1	chr3.s_219691727	219691727	0.0003813298	0.8062020029195875	3.4186992543385624	0.0008080703	0.057	nominal	Zm00001d044116	gene_body	0	Zm00001d044116	1	Zm00001d044116: Rae1-like protein  	False		
agri_aa_oil__Oil_C16_1__L052	agri_aa_oil__Oil_C16_1	5	193528349	193528349	1	1	chr5.s_193528349	193528349	0.0003853408	0.8062020029195875	3.4141550053218794	-0.000850987	0.053	nominal	Zm00001d017357	gene_body	0	Zm00001d017357	1	Zm00001d017357: no description	False		
agri_aa_oil__Oil_C16_1__L024	agri_aa_oil__Oil_C16_1	2	155645069	155645069	1	1	chr2.s_155645069	155645069	0.000404162	0.8144237238183575	3.393444522008535	0.0003831787	0.306	nominal	Zm00001d005043	nearest	133283	Zm00001d005043	1	Zm00001d005043: Probable receptor-like protein kinase 	False		
agri_aa_oil__Oil_C16_1__L073	agri_aa_oil__Oil_C16_1	8	162306812	162306812	1	1	chr8.s_162306812	162306812	0.0004095228	0.8144237238183575	3.3877219140780683	-0.0004637326	0.759	nominal	Zm00001d011835	gene_body	0	Zm00001d011835	1	Zm00001d011835: NAD(H) kinase 1	False		
agri_aa_oil__Oil_C16_1__L018	agri_aa_oil__Oil_C16_1	1	298764366	298764366	1	1	chr1.s_298764366	298764366	0.0004143282	0.8144237238183575	3.382655506750948	0.0008391011	0.052	nominal	Zm00001d034649	gene_body	0	Zm00001d034649	1	Zm00001d034649: zinc knuckle (CCHC-type) family protein	False		
agri_aa_oil__Oil_C16_1__L035	agri_aa_oil__Oil_C16_1	3	179109884	179109884	1	1	chr3.s_179109884	179109884	0.000419624	0.8144237238183575	3.3771396807037157	-0.0003840187	0.252	nominal	Zm00001d042764	gene_body	0	Zm00001d042764	1	Zm00001d042764: hemerythrin HHE cation-binding domain protein	False		
agri_aa_oil__Oil_C16_1__L050	agri_aa_oil__Oil_C16_1	5	30864192	30864192	1	1	chr5.s_30864192	30864192	0.0004249547	0.8144237238183575	3.3716573630993087	0.0004703462	0.194	nominal	Zm00001d014056	gene_body	0	Zm00001d014056	1	Zm00001d014056: LRR receptor-like serine/threonine-protein kinase FLS2	False		
agri_aa_oil__Oil_C16_1__L079	agri_aa_oil__Oil_C16_1	9	117754632	117754632	1	1	chr9.s_117754632	117754632	0.0004332694	0.8144237238183575	3.363241982279779	-0.00037796	0.524	nominal	Zm00001d047081	cis_window	46	Zm00001d047081	1	Zm00001d047081: GATA transcription factor 2	False		hormone_stress_regulatory
agri_aa_oil__Oil_C16_1__L023	agri_aa_oil__Oil_C16_1	2	58552656	58552656	1	1	chr2.s_58552656	58552656	0.0004505068	0.8144237238183575	3.3462986493459863	0.0004288546	0.248	nominal	Zm00001d003774	nearest	62611	Zm00001d003774	1	Zm00001d003774: Metallo-hydrolase/oxidoreductase superfamily protein	False		
agri_aa_oil__Oil_C16_1__L067	agri_aa_oil__Oil_C16_1	7	156642444	156642444	1	1	chr7.s_156642444	156642444	0.0004511092	0.8144237238183575	3.3457183157342767	0.0004012343	0.403	nominal	Zm00001d021576	gene_body	0	Zm00001d021576	1	Zm00001d021576: UDP-glycosyltransferase 71B1	False		
agri_aa_oil__Oil_C16_1__L006	agri_aa_oil__Oil_C16_1	1	86003515	86746637	743123	2	chr1.s_86746637	86746637	0.000451367	0.8144237238183575	3.345470195904679	0.0003776176	0.407	nominal	Zm00001d029784	cis_window	687	Zm00001d029758;Zm00001d029784	2	Zm00001d029758: Calcium-dependent protein kinase 6 | Zm00001d029784: DUF241 domain protein	False		
agri_aa_oil__Oil_C16_1__L040	agri_aa_oil__Oil_C16_1	4	69990440	69990440	1	1	chr4.s_69990440	69990440	0.0004641651	0.8144237238183575	3.333327516717709	-0.0004696705	0.173	nominal	Zm00001d050163	cis_window	7647	Zm00001d050163	1	Zm00001d050163: no description	False		
agri_aa_oil__Oil_C16_1__L057	agri_aa_oil__Oil_C16_1	6	34503866	34503866	1	1	chr6.s_34503866	34503866	0.0004669362	0.8144237238183575	3.330742455367089	0.0007264207	0.062	nominal	Zm00001d035578	gene_body	0	Zm00001d035578	1	Zm00001d035578: P-loop containing nucleoside triphosphate hydrolases superfamily protein	False		
agri_aa_oil__Oil_C16_1__L056	agri_aa_oil__Oil_C16_1	5	222576628	222576628	1	1	chr5.s_222576628	222576628	0.0004795914	0.8144237238183575	3.319128613242145	0.0007572442	0.059	nominal	Zm00001d018534	promoter	0	Zm00001d018534	1	Zm00001d018534: Pentatricopeptide repeat-containing protein  mitochondrial	False		
agri_aa_oil__Oil_C16_1__L008	agri_aa_oil__Oil_C16_1	1	99390780	99390780	1	1	chr1.s_99390780	99390780	0.0004865829	0.8144237238183575	3.312843157563303	0.0005242225	0.134	nominal	Zm00001d030014	nearest	30178	Zm00001d030014	1	Zm00001d030014: Tobamovirus multiplication protein 2A	False		
agri_aa_oil__Oil_C16_1__L086	agri_aa_oil__Oil_C16_1	10	50513344	50513344	1	1	chr10.s_50513344	50513344	0.0004880706	0.8144237238183575	3.3115173522335057	-0.0005421943	0.125	nominal	Zm00001d024156	gene_body	0	Zm00001d024156	1	Zm00001d024156: no description	False		
agri_aa_oil__Oil_C16_1__L007	agri_aa_oil__Oil_C16_1	1	92880861	92880861	1	1	chr1.s_92880861	92880861	0.0004995596	0.8144237238183575	3.301412690807336	-0.0004629857	0.182	nominal	Zm00001d029896	nearest	16168	Zm00001d029896	1	Zm00001d029896: GATA transcription factor 2	False		hormone_stress_regulatory
agri_aa_oil__Oil_C16_1__L020	agri_aa_oil__Oil_C16_1	2	9274686	9274686	1	1	chr2.s_9274686	9274686	0.0005041011	0.8144237238183575	3.297482354885974	0.0004865003	0.144	nominal	Zm00001d002274	cis_window	225	Zm00001d002274	1	Zm00001d002274: Remorin family protein	False		
agri_aa_oil__Oil_C182_C183__L069	agri_aa_oil__Oil_C182_C183	9	138535814	141790075	3254262	8	chr9.s_140736397	140736397	1.867187e-13	3.73168525072e-08	12.728812184996176	4.361599	0.136	bonferroni_0_05	Zm00001d047747	gene_body	0	Zm00001d047663;Zm00001d047685;Zm00001d047701;Zm00001d047707;Zm00001d047732;Zm00001d047747;Zm00001d047769;Zm00001d047788	8	Zm00001d047663: Acetate/butyrate--CoA ligase AAE7 peroxisomal | Zm00001d047685: Probable galacturonosyltransferase-like 7 | Zm00001d047701: Protein SCAR2 | Zm00001d047707: 40S ribosomal protein S7-2 | Zm00001d047732: Probable protein phosphatase 2C 30 | Zm00001d047747: no description | Zm00001d047769:  calcium pump3 | Zm00001d047788: Histone H2B  	False		
agri_aa_oil__Oil_C182_C183__L006	agri_aa_oil__Oil_C182_C183	1	45512303	45512303	1	1	chr1.s_45512303	45512303	1.50626e-06	0.060207019712	5.82210005680776	3.714108	0.074	suggestive_1e_5	Zm00001d028751	cis_window	15	Zm00001d028751	1	Zm00001d028751: Protein ESKIMO 1	False		
agri_aa_oil__Oil_C182_C183__L009	agri_aa_oil__Oil_C182_C183	1	55699905	56042292	342388	2	chr1.s_56042292	56042292	4.49777e-06	0.11236329014	5.347002756611535	3.359775	0.074	suggestive_1e_5	Zm00001d029047	gene_body	0	Zm00001d029038;Zm00001d029047	2	Zm00001d029038: HAD superfamily subfamily IIIB acid phosphatase | Zm00001d029047: Receptor-like protein kinase FERONIA	True	Zm00001d029038	
agri_aa_oil__Oil_C182_C183__L032	agri_aa_oil__Oil_C182_C183	3	218419696	218481150	61455	2	chr3.s_218419696	218419696	7.040415e-06	0.1563410200266666	5.152401740446246	2.558174	0.124	suggestive_1e_5	Zm00001d044076	promoter	0	Zm00001d044076;Zm00001d044081	2	Zm00001d044076: no description | Zm00001d044081: Homeobox-leucine zipper protein ATHB-4  	False		
agri_aa_oil__Oil_C182_C183__L039	agri_aa_oil__Oil_C182_C183	5	23154994	23154994	1	1	chr5.s_23154994	23154994	9.140201e-06	0.1660658191869091	5.039044253693845	4.062826	0.069	suggestive_1e_5	Zm00001d013861	gene_body	0	Zm00001d013861	1	Zm00001d013861: RNA-binding CRS1 / YhbY (CRM) domain protein	True	Zm00001d013861	
agri_aa_oil__Oil_C182_C183__L034	agri_aa_oil__Oil_C182_C183	4	91950903	92931088	980186	3	chr4.s_91950903	91950903	1.373191e-05	0.1833079232	4.862269051636577	3.049604	0.065	nominal	Zm00001d050482	nearest	38863	Zm00001d050482;Zm00001d050484;Zm00001d050490	3	Zm00001d050482: no description | Zm00001d050484: Transmembrane 9 superfamily member 9 | Zm00001d050490: Beta-glucosidase 11	False		transport_membrane
agri_aa_oil__Oil_C182_C183__L025	agri_aa_oil__Oil_C182_C183	3	2944242	2944242	1	1	chr3.s_2944242	2944242	1.396219e-05	0.1833079232	4.855046456331767	-1.825649	0.448	nominal	Zm00001d039380	gene_body	0	Zm00001d039380	1	Zm00001d039380: Probable pre-mRNA-splicing factor ATP-dependent RNA helicase DEAH9	False		
agri_aa_oil__Oil_C182_C183__L040	agri_aa_oil__Oil_C182_C183	5	27328202	27328202	1	1	chr5.s_27328202	27328202	1.670073e-05	0.1833079232	4.77726454513728	4.263137	0.056	nominal	Zm00001d013984	gene_body	0	Zm00001d013984	1	Zm00001d013984: Protein EXECUTER 1 chloroplastic	True	Zm00001d013984	
agri_aa_oil__Oil_C182_C183__L047	agri_aa_oil__Oil_C182_C183	5	213914226	213914226	1	1	chr5.s_213914226	213914226	1.853572e-05	0.1833079232	4.731990539607237	-1.783025	0.684	nominal	Zm00001d018081	cis_window	247	Zm00001d018081	1	Zm00001d018081: AP2 domain-containing protein  	False		
agri_aa_oil__Oil_C182_C183__L051	agri_aa_oil__Oil_C182_C183	6	92446749	92446749	1	1	chr6.s_92446749	92446749	1.879887e-05	0.1833079232	4.725868255391311	2.052186	0.286	nominal	Zm00001d036563	gene_body	0	Zm00001d036563	1	Zm00001d036563: SWAP (Suppressor-of-White-APricot)/surp RNA-binding domain-containing protein	False		
agri_aa_oil__Oil_C182_C183__L067	agri_aa_oil__Oil_C182_C183	9	130774082	130774082	1	1	chr9.s_130774082	130774082	2.008678e-05	0.1833079232	4.697089677005502	2.896613	0.099	nominal	Zm00001d047455	gene_body	0	Zm00001d047455	1	Zm00001d047455: Alpha-N-acetylglucosaminidase	False		
agri_aa_oil__Oil_C182_C183__L002	agri_aa_oil__Oil_C182_C183	1	9013347	9013347	1	1	chr1.s_9013347	9013347	2.189839e-05	0.1833079232	4.659587813918733	2.500982	0.147	nominal	Zm00001d027612	gene_body	0	Zm00001d027612	1	Zm00001d027612: Glutamate--tRNA ligase cytoplasmic	False		
agri_aa_oil__Oil_C182_C183__L008	agri_aa_oil__Oil_C182_C183	1	54036091	54036091	1	1	chr1.s_54036091	54036091	2.708313e-05	0.1933116439028571	4.567301145630331	3.319975	0.1	nominal	Zm00001d028995	gene_body	0	Zm00001d028995	1	Zm00001d028995: Arabidopsis NAC domain containing protein 87	True	Zm00001d028995	hormone_stress_regulatory
agri_aa_oil__Oil_C182_C183__L056	agri_aa_oil__Oil_C182_C183	6	153808946	154471463	662518	2	chr6.s_154471463	154471463	4.179222e-05	0.2590997708937143	4.378904558549076	2.292849	0.153	nominal	Zm00001d038325	cis_window	6444	Zm00001d038300;Zm00001d038325	2	Zm00001d038300: Putative cytochrome P450 superfamily protein   | Zm00001d038325: no description	False		
agri_aa_oil__Oil_C182_C183__L003	agri_aa_oil__Oil_C182_C183	1	11068676	11068676	1	1	chr1.s_11068676	11068676	4.463898e-05	0.2590997708937143	4.350285737579271	2.719813	0.093	nominal	Zm00001d027682	gene_body	0	Zm00001d027682	1	Zm00001d027682: WAT1-related protein 	False		
agri_aa_oil__Oil_C182_C183__L027	agri_aa_oil__Oil_C182_C183	3	176927043	178081753	1154711	3	chr3.s_177208547	177208547	5.152065e-05	0.273829100992	4.288018666424011	-1.622205	0.175	nominal	Zm00001d042692	gene_body	0	Zm00001d042686;Zm00001d042692;Zm00001d042714	3	Zm00001d042686: Protein SENSITIVE TO PROTON RHIZOTOXICITY 1 | Zm00001d042692: Protein TRANSPARENT TESTA 12 | Zm00001d042714: Protein S-acyltransferase 8	False		fatty_acid_lipid
agri_aa_oil__Oil_C182_C183__L007	agri_aa_oil__Oil_C182_C183	1	49497015	49497015	1	1	chr1.s_49497015	49497015	5.305259e-05	0.273829100992	4.275293409213139	1.669992	0.284	nominal	Zm00001d028879	gene_body	0	Zm00001d028879	1	Zm00001d028879: Ocs element-binding factor 1	False		
agri_aa_oil__Oil_C182_C183__L055	agri_aa_oil__Oil_C182_C183	6	115817984	115817984	1	1	chr6.s_115817984	115817984	5.307524e-05	0.273829100992	4.275108033328897	3.193498	0.057	nominal	Zm00001d037208	cis_window	458	Zm00001d037208	1	Zm00001d037208: no description	False		
agri_aa_oil__Oil_C182_C183__L073	agri_aa_oil__Oil_C182_C183	10	28420383	28420383	1	1	chr10.s_28420383	28420383	5.480528e-05	0.273829100992	4.261177599099532	-2.392091	0.219	nominal	Zm00001d023923	gene_body	0	Zm00001d023923	1	Zm00001d023923: Disease resistance protein RPM1	False		
agri_aa_oil__Oil_C182_C183__L005	agri_aa_oil__Oil_C182_C183	1	40605594	40783601	178008	2	chr1.s_40605594	40605594	5.711399e-05	0.2784042337912195	4.243257498836223	-2.170464	0.167	nominal	Zm00001d028606	cis_window	6419	Zm00001d028606;Zm00001d028612	2	Zm00001d028606: Oxysterol-binding protein-related protein 3B | Zm00001d028612: Expressed protein;  protein	False		fatty_acid_lipid
agri_aa_oil__Oil_C182_C183__L060	agri_aa_oil__Oil_C182_C183	7	19277533	19277533	1	1	chr7.s_19277533	19277533	6.022874e-05	0.2865970252723809	4.220196222281372	3.441146	0.061	nominal	Zm00001d019149	gene_body	0	Zm00001d019149	1	Zm00001d019149:  cellulose synthase4	False		
agri_aa_oil__Oil_C182_C183__L050	agri_aa_oil__Oil_C182_C183	6	87901099	87901099	1	1	chr6.s_87901099	87901099	6.643518e-05	0.3087783566065116	4.177601883977076	-2.437432	0.863	nominal	Zm00001d036425	gene_body	0	Zm00001d036425	1	Zm00001d036425: Silky1  	False		
agri_aa_oil__Oil_C182_C183__L076	agri_aa_oil__Oil_C182_C183	10	130455456	130455456	1	1	chr10.s_130455456	130455456	7.629824e-05	0.3315654413004255	4.117485479962602	-2.271234	0.131	nominal	Zm00001d025816	nearest	16950	Zm00001d025816	1	Zm00001d025816: DNA mismatch repair protein  	False		
agri_aa_oil__Oil_C182_C183__L036	agri_aa_oil__Oil_C182_C183	4	160590432	160590432	1	1	chr4.s_160590432	160590432	7.797402e-05	0.3315654413004255	4.108050074874978	3.308972	0.044	nominal	Zm00001d051504	gene_body	0	Zm00001d051504	1	Zm00001d051504: Probable purine permease 11	False		
agri_aa_oil__Oil_C182_C183__L010	agri_aa_oil__Oil_C182_C183	1	60326114	61579848	1253735	3	chr1.s_61217027	61217027	8.33035e-05	0.3397694754285714	4.079336751309249	2.353022	0.881	nominal	Zm00001d029180	gene_body	0	Zm00001d029141;Zm00001d029180;Zm00001d029189	3	Zm00001d029141: E3 ubiquitin-protein ligase MIEL1 | Zm00001d029180: DNA helicase INO80 | Zm00001d029189: R3H domain protein	False		
agri_aa_oil__Oil_C182_C183__L016	agri_aa_oil__Oil_C182_C183	1	303722449	303722449	1	1	chr1.s_303722449	303722449	8.639072e-05	0.3405115961788235	4.0635329064707255	2.568568	0.098	nominal	Zm00001d034847	cis_window	7064	Zm00001d034847	1	Zm00001d034847: no description	False		
agri_aa_oil__Oil_C182_C183__L026	agri_aa_oil__Oil_C182_C183	3	173678172	173678172	1	1	chr3.s_173678172	173678172	8.689302e-05	0.3405115961788235	4.061015108444701	2.548019	0.097	nominal	Zm00001d042613	cis_window	6942	Zm00001d042613	1	Zm00001d042613: RING/FYVE/PHD-type zinc finger family protein	False		
agri_aa_oil__Oil_C182_C183__L062	agri_aa_oil__Oil_C182_C183	8	10203339	10203339	1	1	chr8.s_10203339	10203339	9.104077e-05	0.3413026405955555	4.040764077779662	3.597232	0.072	nominal	Zm00001d008491	cis_window	33	Zm00001d008491	1	Zm00001d008491: Fructose-bisphosphate aldolase  	False		
agri_aa_oil__Oil_C182_C183__L061	agri_aa_oil__Oil_C182_C183	7	99721214	99721214	1	1	chr7.s_99721214	99721214	9.221811e-05	0.3413026405955555	4.03518378284294	2.715341	0.108	nominal	Zm00001d020206	cis_window	7010	Zm00001d020206	1	Zm00001d020206: 3-ketoacyl-CoA synthase  	False		fatty_acid_lipid
agri_aa_oil__Oil_C182_C183__L023	agri_aa_oil__Oil_C182_C183	2	179178217	179178217	1	1	chr2.s_179178217	179178217	9.846255e-05	0.3421998022545454	4.006728920984671	1.991763	0.192	nominal	Zm00001d005577	nearest	93649	Zm00001d005577	1	Zm00001d005577: Cytochrome P450 84A1	False		
agri_aa_oil__Oil_C182_C183__L059	agri_aa_oil__Oil_C182_C183	7	5211267	5211267	1	1	chr7.s_5211267	5211267	0.000105686	0.3421998022545454	3.975982538950278	1.498305	0.448	nominal	Zm00001d018787	gene_body	0	Zm00001d018787	1	Zm00001d018787: DEAD-box ATP-dependent RNA helicase 53	False		
agri_aa_oil__Oil_C182_C183__L045	agri_aa_oil__Oil_C182_C183	5	193665829	193691619	25791	3	chr5.s_193691619	193691619	0.0001063966	0.3421998022545454	3.973072250093896	1.919236	0.818	nominal	Zm00001d017367	cis_window	1524	Zm00001d017361;Zm00001d017363;Zm00001d017367	3	Zm00001d017361: hydroxyproline-rich glycoprotein family protein | Zm00001d017363: Survival motor neuron containing protein   | Zm00001d017367: no description	False		
agri_aa_oil__Oil_C182_C183__L044	agri_aa_oil__Oil_C182_C183	5	188274071	188274071	1	1	chr5.s_188274071	188274071	0.000106728	0.3421998022545454	3.9717216288394592	-1.71196	0.311	nominal	Zm00001d017186	gene_body	0	Zm00001d017186	1	Zm00001d017186: Shikimate O-hydroxycinnamoyltransferase	False		
agri_aa_oil__Oil_C182_C183__L070	agri_aa_oil__Oil_C182_C183	9	157711605	157823519	111915	2	chr9.s_157823519	157823519	0.0001124273	0.3421998022545454	3.949128219018273	-1.65154	0.256	nominal	Zm00001d048527	gene_body	0	Zm00001d048518;Zm00001d048527	2	Zm00001d048518: HVA22-like protein i | Zm00001d048527: Homeobox-leucine zipper protein REVOLUTA	False		
agri_aa_oil__Oil_C182_C183__L068	agri_aa_oil__Oil_C182_C183	9	135980416	136089908	109493	2	chr9.s_135980416	135980416	0.0001130073	0.3421998022545454	3.946893501230588	2.329466	0.131	nominal	Zm00001d047573	gene_body	0	Zm00001d047573;Zm00001d047574	2	Zm00001d047573: F-box protein  | Zm00001d047574: no description	False		
agri_aa_oil__Oil_C182_C183__L011	agri_aa_oil__Oil_C182_C183	1	90495239	90495239	1	1	chr1.s_90495239	90495239	0.0001363351	0.3574502552585366	3.865392318971879	-1.969809	0.169	nominal	Zm00001d029856	gene_body	0	Zm00001d029856	1	Zm00001d029856: NADH dehydrogenase [ubiquinone] 1 beta subcomplex subunit 8 mitochondrial	False		
agri_aa_oil__Oil_C182_C183__L004	agri_aa_oil__Oil_C182_C183	1	29165514	29167996	2483	2	chr1.s_29167996	29167996	0.0001384607	0.3574502552585366	3.858673477105856	-1.589565	0.307	nominal	Zm00001d028284	promoter	0	Zm00001d028284	1	Zm00001d028284: Ternary complex factor MIP1  	False		
agri_aa_oil__Oil_C182_C183__L071	agri_aa_oil__Oil_C182_C183	10	6072506	6936334	863829	2	chr10.s_6072506	6072506	0.0001402384	0.3574502552585366	3.853133051813969	-2.882168	0.067	nominal	Zm00001d023453	cis_window	3805	Zm00001d023453;Zm00001d023480	2	Zm00001d023453: no description | Zm00001d023480: plant U-box 24	False		
agri_aa_oil__Oil_C182_C183__L012	agri_aa_oil__Oil_C182_C183	1	152102335	152102335	1	1	chr1.s_152102335	152102335	0.0001431492	0.3574502552585366	3.844211074722762	-2.458973	0.107	nominal	Zm00001d030667	cis_window	5837	Zm00001d030667	1	Zm00001d030667: Thioredoxin-related  	False		
agri_aa_oil__Oil_C182_C183__L014	agri_aa_oil__Oil_C182_C183	1	201967098	201967098	1	1	chr1.s_201967098	201967098	0.0001433035	0.3574502552585366	3.8437432024001135	1.575394	0.728	nominal	Zm00001d031792	promoter	0	Zm00001d031792	1	Zm00001d031792: no description	False		
agri_aa_oil__Oil_C182_C183__L074	agri_aa_oil__Oil_C182_C183	10	111163390	111163390	1	1	chr10.s_111163390	111163390	0.00014489	0.3574502552585366	3.838961587577038	2.530137	0.095	nominal	Zm00001d025252	gene_body	0	Zm00001d025252	1	Zm00001d025252: Membrane-anchored ubiquitin-fold protein 4	False		transport_membrane
agri_aa_oil__Oil_C182_C183__L028	agri_aa_oil__Oil_C182_C183	3	180956988	180956988	1	1	chr3.s_180956988	180956988	0.0001466602	0.3574502552585366	3.833687727094144	3.060169	0.062	nominal	Zm00001d042812	gene_body	0	Zm00001d042812	1	Zm00001d042812: Tetratricopeptide repeat (TPR)-like superfamily protein	True	Zm00001d042812	
agri_aa_oil__Oil_C182_C183__L075	agri_aa_oil__Oil_C182_C183	10	124861089	124861089	1	1	chr10.s_124861089	124861089	0.0001515603	0.3575962275576471	3.819414543749277	-1.516647	0.576	nominal	Zm00001d025644	gene_body	0	Zm00001d025644	1	Zm00001d025644: Agmatine deiminase	False		
agri_aa_oil__Oil_C182_C183__L057	agri_aa_oil__Oil_C182_C183	6	166314684	166314684	1	1	chr6.s_166314684	166314684	0.0001520025	0.3575962275576471	3.8181492691126215	-1.477109	0.63	nominal	Zm00001d038880	gene_body	0	Zm00001d038880	1	Zm00001d038880: Putative CRAL/TRIO domain containing, Sec14p-like phosphatidylinositol transfer family protein  	False		
agri_aa_oil__Oil_C182_C183__L024	agri_aa_oil__Oil_C182_C183	2	201993725	201993725	1	1	chr2.s_201993725	201993725	0.0001625801	0.3632114907914893	3.788932613656416	1.551154	0.431	nominal	Zm00001d006214	gene_body	0	Zm00001d006214	1	Zm00001d006214: Lon protease homolog 2 peroxisomal	False		
agri_aa_oil__Oil_C182_C183__L046	agri_aa_oil__Oil_C182_C183	5	197728344	197728344	1	1	chr5.s_197728344	197728344	0.0001629767	0.3632114907914893	3.787874480164943	1.776732	0.202	nominal	Zm00001d017502	gene_body	0	Zm00001d017502	1	Zm00001d017502:  trehalose-6-phosphate phosphatase6	False		
agri_aa_oil__Oil_C182_C183__L021	agri_aa_oil__Oil_C182_C183	2	157225812	157225812	1	1	chr2.s_157225812	157225812	0.0001633107	0.3632114907914893	3.786985359667982	1.723082	0.27	nominal	Zm00001d005072	gene_body	0	Zm00001d005072	1	Zm00001d005072: F-box/LRR-repeat protein 3	False		
agri_aa_oil__Oil_C182_C183__L072	agri_aa_oil__Oil_C182_C183	10	14980729	14980729	1	1	chr10.s_14980729	14980729	0.0001666701	0.3632114907914893	3.778142304009464	-2.234792	0.107	nominal	Zm00001d023677	nearest	49452	Zm00001d023677	1	Zm00001d023677:  sugars will eventually be exported transporter13a	False		transport_membrane
agri_aa_oil__Oil_C182_C183__L001	agri_aa_oil__Oil_C182_C183	1	7565294	7565294	1	1	chr1.s_7565294	7565294	0.0001697571	0.3632114907914893	3.770172052532952	1.776793	0.191	nominal	Zm00001d027533	gene_body	0	Zm00001d027533	1	Zm00001d027533: LysM domain-containing GPI-anchored protein 2	False		
agri_aa_oil__Oil_C182_C183__L029	agri_aa_oil__Oil_C182_C183	3	184800343	184800343	1	1	chr3.s_184800343	184800343	0.0001708324	0.3632114907914893	3.76742975772918	2.94046	0.067	nominal	Zm00001d042956	cis_window	3229	Zm00001d042956	1	Zm00001d042956: no description	False		
agri_aa_oil__Oil_C182_C183__L049	agri_aa_oil__Oil_C182_C183	6	33095922	33095922	1	1	chr6.s_33095922	33095922	0.0001781573	0.367816012585567	3.749196377720687	-1.894645	0.41	nominal	Zm00001d035559	gene_body	0	Zm00001d035559	1	Zm00001d035559: Expressed protein; Mannose-specific jacalin-related lectin;  protein	False		
agri_aa_oil__Oil_C182_C183__L020	agri_aa_oil__Oil_C182_C183	2	154380693	154746450	365758	2	chr2.s_154746450	154746450	0.0001823768	0.3719295687836734	3.739030408731338	2.285799	0.143	nominal	Zm00001d005029	gene_body	0	Zm00001d005023;Zm00001d005029	2	Zm00001d005023: 40S ribosomal protein S16   | Zm00001d005029: Protein SCARECROW	False		
agri_aa_oil__Oil_C182_C183__L018	agri_aa_oil__Oil_C182_C183	2	30073198	30073198	1	1	chr2.s_30073198	30073198	0.0001905516	0.3846755613090909	3.719987400246557	2.713458	0.086	nominal	Zm00001d003038	gene_body	0	Zm00001d003038	1	Zm00001d003038: no description	False		
agri_aa_oil__Oil_C182_C183__L058	agri_aa_oil__Oil_C182_C183	6	169679484	169679484	1	1	chr6.s_169679484	169679484	0.0001950334	0.38711671870099	3.7098910081576	-2.966776	0.072	nominal	Zm00001d039078	cis_window	641	Zm00001d039078	1	Zm00001d039078: Putative pentatricopeptide repeat family protein  	False		
agri_aa_oil__Oil_C182_C183__L031	agri_aa_oil__Oil_C182_C183	3	200380081	200380081	1	1	chr3.s_200380081	200380081	0.0001956348	0.38711671870099	3.708553889304645	-1.629844	0.269	nominal	Zm00001d043445	gene_body	0	Zm00001d043445	1	Zm00001d043445: Dihydroorotase  	False		
agri_aa_oil__Oil_C182_C183__L013	agri_aa_oil__Oil_C182_C183	1	198659436	198659436	1	1	chr1.s_198659436	198659436	0.000199134	0.3900141331262136	3.700854582505269	2.704718	0.911	nominal	Zm00001d031689	gene_body	0	Zm00001d031689	1	Zm00001d031689: PTI1-like tyrosine-protein kinase 3	False		
agri_aa_oil__Oil_C182_C183__L065	agri_aa_oil__Oil_C182_C183	8	179045604	179045604	1	1	chr8.s_179045604	179045604	0.000201002	0.3900141331262136	3.696799621262882	1.907834	0.192	nominal	Zm00001d012708	gene_body	0	Zm00001d012708	1	Zm00001d012708: Pentatricopeptide repeat-containing protein 	False		
agri_aa_oil__Oil_C182_C183__L053	agri_aa_oil__Oil_C182_C183	6	108904768	108904768	1	1	chr6.s_108904768	108904768	0.0002107671	0.4033549826392523	3.676197180003952	-1.846357	0.149	nominal	Zm00001d037009	gene_body	0	Zm00001d037009	1	Zm00001d037009: FAD-binding Berberine family protein	False		
agri_aa_oil__Oil_C182_C183__L017	agri_aa_oil__Oil_C182_C183	2	2561749	2561749	1	1	chr2.s_2561749	2561749	0.0002158551	0.4033549826392523	3.6658376858277655	3.14334	0.053	nominal	Zm00001d001899	gene_body	0	Zm00001d001899	1	Zm00001d001899:  acidic ribosomal protein P2a-3	False		
agri_aa_oil__Oil_C182_C183__L042	agri_aa_oil__Oil_C182_C183	5	180149222	180149222	1	1	chr5.s_180149222	180149222	0.0002210925	0.4068771126311926	3.655425989505682	1.637169	0.656	nominal	Zm00001d016926	gene_body	0	Zm00001d016926	1	Zm00001d016926: ATATH13  	False		
agri_aa_oil__Oil_C182_C183__L054	agri_aa_oil__Oil_C182_C183	6	110845444	110845444	1	1	chr6.s_110845444	110845444	0.0002219078	0.4068771126311926	3.6538274321644617	1.716674	0.248	nominal	Zm00001d037057	gene_body	0	Zm00001d037057	1	Zm00001d037057: Transmembrane amino acid transporter family protein	False		transport_membrane
agri_aa_oil__Oil_C182_C183__L043	agri_aa_oil__Oil_C182_C183	5	182023845	182023845	1	1	chr5.s_182023845	182023845	0.0002342212	0.4142523198867257	3.630373798305814	2.079454	0.11	nominal	Zm00001d016987	nearest	24736	Zm00001d016987	1	Zm00001d016987: Potassium channel KAT3	False		
agri_aa_oil__Oil_C182_C183__L041	agri_aa_oil__Oil_C182_C183	5	55855430	55855430	1	1	chr5.s_55855430	55855430	0.0002476008	0.41476802685	3.6062479564409977	3.131082	0.062	nominal	Zm00001d014616	nearest	14407	Zm00001d014616	1	Zm00001d014616: transducin family protein / WD-40 repeat family protein	False		
agri_aa_oil__Oil_C182_C183__L063	agri_aa_oil__Oil_C182_C183	8	39847237	39847237	1	1	chr8.s_39847237	39847237	0.0002496025	0.41476802685	3.6027510691067315	4.097879	0.06	nominal	Zm00001d009152	cis_window	212	Zm00001d009152	1	Zm00001d009152: Pectin acetylesterase 12	True	Zm00001d009152	
agri_aa_oil__Oil_C182_C183__L030	agri_aa_oil__Oil_C182_C183	3	192361360	192361360	1	1	chr3.s_192361360	192361360	0.0002511846	0.41476802685	3.6000069904923264	-1.389841	0.443	nominal	Zm00001d043222	gene_body	0	Zm00001d043222	1	Zm00001d043222: Pectin lyase-like superfamily protein	False		
agri_aa_oil__Oil_C182_C183__L035	agri_aa_oil__Oil_C182_C183	4	158375488	158375488	1	1	chr4.s_158375488	158375488	0.0002560025	0.41476802685	3.591755793551809	2.51936	0.092	nominal	Zm00001d051431	gene_body	0	Zm00001d051431	1	Zm00001d051431: Serine/threonine-protein kinase WNK8	False		
agri_aa_oil__Oil_C182_C183__L064	agri_aa_oil__Oil_C182_C183	8	132496810	132496810	1	1	chr8.s_132496810	132496810	0.0002564213	0.41476802685	3.5910459023659658	2.674752	0.075	nominal	Zm00001d010899	gene_body	0	Zm00001d010899	1	Zm00001d010899: Os05g0140333 protein	False		
agri_aa_oil__Oil_C182_C183__L022	agri_aa_oil__Oil_C182_C183	2	174338615	174338615	1	1	chr2.s_174338615	174338615	0.0002629475	0.41476802685	3.580130953929688	2.283086	0.847	nominal	Zm00001d005442	gene_body	0	Zm00001d005442	1	Zm00001d005442: Ankyrin repeat family protein	False		
agri_aa_oil__Oil_C182_C183__L015	agri_aa_oil__Oil_C182_C183	1	270605036	270605036	1	1	chr1.s_270605036	270605036	0.0002640852	0.41476802685	3.5782559370681124	-2.963941	0.056	nominal	Zm00001d033673	nearest	50260	Zm00001d033673	1	Zm00001d033673: Transcription factor TEOSINTE BRANCHED 1  	False		hormone_stress_regulatory
agri_aa_oil__Oil_C182_C183__L033	agri_aa_oil__Oil_C182_C183	4	60286206	60286206	1	1	chr4.s_60286206	60286206	0.0002656385	0.41476802685	3.575708980788118	-3.360615	0.06	nominal	Zm00001d050021	gene_body	0	Zm00001d050021	1	Zm00001d050021:  abscisic acid 8'-hydroxylase3	False		
agri_aa_oil__Oil_C182_C183__L052	agri_aa_oil__Oil_C182_C183	6	105706412	105706412	1	1	chr6.s_105706412	105706412	0.0002790013	0.418033835270073	3.554393773136757	3.259624	0.056	nominal	Zm00001d036892	gene_body	0	Zm00001d036892	1	Zm00001d036892: RNA polymerase Rpc34 subunit family protein  	False		
agri_aa_oil__Oil_C182_C183__L019	agri_aa_oil__Oil_C182_C183	2	113818611	113818611	1	1	chr2.s_113818611	113818611	0.0002947674	0.4204299394685314	3.5305205492491734	2.100433	0.135	nominal	Zm00001d004468	cis_window	259	Zm00001d004468	1	Zm00001d004468: Werner Syndrome-like exonuclease	False		
agri_aa_oil__Oil_C182_C183__L037	agri_aa_oil__Oil_C182_C183	4	162991992	162991992	1	1	chr4.s_162991992	162991992	0.0002948711	0.4204299394685314	3.5303677900984813	-2.851934	0.069	nominal	Zm00001d051569	cis_window	97	Zm00001d051569	1	Zm00001d051569: Transcription factor bHLH63	False		hormone_stress_regulatory
agri_aa_oil__Oil_C182_C183__L066	agri_aa_oil__Oil_C182_C183	9	106507981	106507981	1	1	chr9.s_106507981	106507981	0.0002982738	0.4204299394685314	3.5253848928503024	2.489758	0.11	nominal	Zm00001d046803	gene_body	0	Zm00001d046803	1	Zm00001d046803: Protein POLAR LOCALIZATION DURING ASYMMETRIC DIVISION AND REDISTRIBUTION	False		
agri_aa_oil__Oil_C182_C183__L048	agri_aa_oil__Oil_C182_C183	6	22237112	22237112	1	1	chr6.s_22237112	22237112	0.000300824	0.4204299394685314	3.521687518307211	-1.445203	0.416	nominal	Zm00001d035337	nearest	101078	Zm00001d035337	1	Zm00001d035337: GDP-L-galactose phosphorylase 1	False		
agri_aa_oil__Oil_C182_C183__L038	agri_aa_oil__Oil_C182_C183	5	120498	120498	1	1	chr5.s_120498	120498	0.0003061233	0.421935022377931	3.514103613635851	2.450803	0.094	nominal	Zm00001d012800	gene_body	0	Zm00001d012800	1	Zm00001d012800: RNA-binding ASCH domain protein	False		
agri_aa_oil__Oil_C18_0__L057	agri_aa_oil__Oil_C18_0	6	106780881	108212452	1431572	3	chr6.s_108212452	108212452	4.249377000000001e-17	8.492464922040002e-12	16.371674737077928	0.02486356	0.149	bonferroni_0_05	Zm00001d036982	cis_window	10	Zm00001d036933;Zm00001d036956;Zm00001d036982	3	Zm00001d036933: Aldehyde dehydrogenase family 2 member C4 | Zm00001d036956: Tetraspanin-2 | Zm00001d036982:  linoleic acid1	True	Zm00001d036956;Zm00001d036982	fatty_acid_lipid
agri_aa_oil__Oil_C18_0__L070	agri_aa_oil__Oil_C18_0	8	39585362	39847237	261876	2	chr8.s_39847237	39847237	2.629237e-13	1.31364568231e-08	12.580170264729276	0.03837906	0.06	bonferroni_0_05	Zm00001d009152	cis_window	212	Zm00001d009147;Zm00001d009152	2	Zm00001d009147: CONTAINS InterPro DOMAIN/s: NEFA-interacting nuclear protein NIP30 N-terminal (InterPro:IPR019331); Has 398 Blast hits to 395 proteins in 139 species: Archae - 0; Bacteria - 6; Metazoa - 193; Fungi - 83; Plants - 36; Viruses - 0; Other Eukaryotes - /.../ource: NCBI BLink). | Zm00001d009152: Pectin acetylesterase 12	True	Zm00001d009147;Zm00001d009152	
agri_aa_oil__Oil_C18_0__L043	agri_aa_oil__Oil_C18_0	4	235223655	235223655	1	1	chr4.s_235223655	235223655	5.069995e-08	0.0007237490291	7.294992468965181	0.01269039	0.123	bonferroni_0_05	Zm00001d053579	gene_body	0	Zm00001d053579	1	Zm00001d053579:  cytokinin oxidase8b	False		
agri_aa_oil__Oil_C18_0__L065	agri_aa_oil__Oil_C18_0	7	146815608	147736421	920814	2	chr7.s_147736421	147736421	1.069619e-07	0.0014251033092533	6.970770891159434	0.02014384	0.059	bonferroni_0_05	Zm00001d021280	cis_window	1109	Zm00001d021246;Zm00001d021280	2	Zm00001d021246: Ras-related protein RABA3 | Zm00001d021280: Endoglucanase 24	False		
agri_aa_oil__Oil_C18_0__L019	agri_aa_oil__Oil_C18_0	2	70599304	70599304	1	1	chr2.s_70599304	70599304	1.555223e-07	0.001942590168725	6.808207329643095	0.0226063	0.068	bonferroni_0_05	Zm00001d003941	gene_body	0	Zm00001d003941	1	Zm00001d003941: Probable metal-nicotianamine transporter YSL6	False		transport_membrane
agri_aa_oil__Oil_C18_0__L029	agri_aa_oil__Oil_C18_0	3	191698131	191698131	1	1	chr3.s_191698131	191698131	1.950026e-07	0.00202828096058	6.709959598082993	0.0146173	0.103	bonferroni_0_05	Zm00001d043206	gene_body	0	Zm00001d043206	1	Zm00001d043206: Putative E3 ubiquitin-protein ligase RING1a	False		
agri_aa_oil__Oil_C18_0__L068	agri_aa_oil__Oil_C18_0	8	29094370	29094370	1	1	chr8.s_29094370	29094370	1.989054e-07	0.00202828096058	6.701353426235204	0.0129626	0.126	bonferroni_0_05	Zm00001d008993	gene_body	0	Zm00001d008993	1	Zm00001d008993: DUF4378 domain protein	False		
agri_aa_oil__Oil_C18_0__L014	agri_aa_oil__Oil_C18_0	2	9183677	9183677	1	1	chr2.s_9183677	9183677	2.166627e-07	0.0020619273295428	6.664215849079335	0.02158878	0.056	bonferroni_0_05	Zm00001d002269	promoter	0	Zm00001d002269	1	Zm00001d002269: Potassium transporter 17  	False		transport_membrane
agri_aa_oil__Oil_C18_0__L013	agri_aa_oil__Oil_C18_0	2	2053645	2053645	1	1	chr2.s_2053645	2053645	2.996448e-07	0.0027220278440727	6.523393254596567	0.02205112	0.064	fdr_0_05	Zm00001d001861	gene_body	0	Zm00001d001861	1	Zm00001d001861: TPR domain containing protein  	False		
agri_aa_oil__Oil_C18_0__L080	agri_aa_oil__Oil_C18_0	10	24262869	24947968	685100	2	chr10.s_24262869	24262869	3.513092e-07	0.002872343291904	6.454310476860647	0.01827265	0.087	fdr_0_05	Zm00001d023841	gene_body	0	Zm00001d023841;Zm00001d023853	2	Zm00001d023841: P-loop nucleoside triphosphate hydrolases superfamily protein with CH (Calponin Homology) domain | Zm00001d023853:  adenosine 5'-phosphosulfate reductase6	True	Zm00001d023853	
agri_aa_oil__Oil_C18_0__L022	agri_aa_oil__Oil_C18_0	2	189672591	190583037	910447	2	chr2.s_189672591	189672591	3.593088e-07	0.002872343291904	6.444532146155663	0.02124904	0.062	fdr_0_05	Zm00001d005818	cis_window	2517	Zm00001d005818;Zm00001d005842	2	Zm00001d005818: Aldehyde dehydrogenase family 7 member B4 | Zm00001d005842: saposin B domain-containing protein	False		
agri_aa_oil__Oil_C18_0__L009	agri_aa_oil__Oil_C18_0	1	263332028	263332028	1	1	chr1.s_263332028	263332028	3.990013e-07	0.0030669695310615	6.399025689321005	0.009313709	0.247	fdr_0_05	Zm00001d033462	cis_window	2456	Zm00001d033462	1	Zm00001d033462: Auxin responsive protein	False		hormone_stress_regulatory
agri_aa_oil__Oil_C18_0__L054	agri_aa_oil__Oil_C18_0	5	217273667	217516593	242927	2	chr5.s_217516593	217516593	4.630307e-07	0.0034273189428296	6.334390213304756		0.843	fdr_0_05	Zm00001d018257	gene_body	0	Zm00001d018243;Zm00001d018257	2	Zm00001d018243: Replication factor C subunit 5 | Zm00001d018257: no description	False		
agri_aa_oil__Oil_C18_0__L015	agri_aa_oil__Oil_C18_0	2	10591259	10679063	87805	3	chr2.s_10679063	10679063	5.889762e-07	0.0040588990180137	6.229902254308832	0.01593221	0.095	fdr_0_05	Zm00001d002349	gene_body	0	Zm00001d002338;Zm00001d002341;Zm00001d002349	3	Zm00001d002338: UDP-N-acetylglucosamine diphosphorylase 2 | Zm00001d002341: OSJNBa0070C17.17 protein;  protein | Zm00001d002349:  kaurene synthase3	False		
agri_aa_oil__Oil_C18_0__L062	agri_aa_oil__Oil_C18_0	7	19277533	19277533	1	1	chr7.s_19277533	19277533	1.109325e-06	0.0073900273299999	5.95494119954173	0.02009582	0.061	fdr_0_05	Zm00001d019149	gene_body	0	Zm00001d019149	1	Zm00001d019149:  cellulose synthase4	False		
agri_aa_oil__Oil_C18_0__L069	agri_aa_oil__Oil_C18_0	8	38277368	38277368	1	1	chr8.s_38277368	38277368	1.173615e-06	0.007566106612258	5.9304743484016536	0.01540898	0.118	fdr_0_05	Zm00001d009125	gene_body	0	Zm00001d009125	1	Zm00001d009125: Carbohydrate-binding-like fold	False		
agri_aa_oil__Oil_C18_0__L037	agri_aa_oil__Oil_C18_0	4	80432943	80437570	4628	2	chr4.s_80437570	80437570	1.723516e-06	0.0107640037385	5.76358468053021	0.02045681	0.056	fdr_0_05	Zm00001d050310	promoter	0	Zm00001d050310	1	Zm00001d050310: Homeodomain leucine zipper protein CPHB-5; Putative homeobox DNA-binding and leucine zipper domain family protein  	False		
agri_aa_oil__Oil_C18_0__L024	agri_aa_oil__Oil_C18_0	2	220001277	220001277	1	1	chr2.s_220001277	220001277	2.170766e-06	0.012759762548	5.663386989252144	0.008861674	0.315	fdr_0_05	Zm00001d006948	gene_body	0	Zm00001d006948	1	Zm00001d006948: Cytochrome P450 709B2	False		
agri_aa_oil__Oil_C18_0__L008	agri_aa_oil__Oil_C18_0	1	256473640	256473640	1	1	chr1.s_256473640	256473640	2.828858e-06	0.0157042480282222	5.548388852247577	0.01234832	0.147	fdr_0_05	Zm00001d033265	nearest	24830	Zm00001d033265	1	Zm00001d033265: MYB-type transcription factor  	False		hormone_stress_regulatory
agri_aa_oil__Oil_C18_0__L066	agri_aa_oil__Oil_C18_0	7	158166320	158166320	1	1	chr7.s_158166320	158166320	4.207238e-06	0.0221269718098947	5.376002919605756	0.01303343	0.142	fdr_0_05	Zm00001d021617	gene_body	0	Zm00001d021617	1	Zm00001d021617: Protein FAR1-RELATED SEQUENCE 5	False		
agri_aa_oil__Oil_C18_0__L067	agri_aa_oil__Oil_C18_0	7	159382867	159382867	1	1	chr7.s_159382867	159382867	4.514701e-06	0.0231351801090256	5.345371006889786	0.02058253	0.064	fdr_0_05	Zm00001d021659	gene_body	0	Zm00001d021659	1	Zm00001d021659: TBC domain containing protein  	False		
agri_aa_oil__Oil_C18_0__L053	agri_aa_oil__Oil_C18_0	5	210536115	210536115	1	1	chr5.s_210536115	210536115	4.677006e-06	0.0231420036987317	5.330032072946912	0.01376921	0.102	fdr_0_05	Zm00001d017944	gene_body	0	Zm00001d017944	1	Zm00001d017944: no description	False		
agri_aa_oil__Oil_C18_0__L016	agri_aa_oil__Oil_C18_0	2	33087934	33087934	1	1	chr2.s_33087934	33087934	4.747624e-06	0.0231420036987317	5.323523683397163	0.01185574	0.081	fdr_0_05	Zm00001d003124	nearest	11116	Zm00001d003124	1	Zm00001d003124: DNA glycosylase superfamily protein	False		
agri_aa_oil__Oil_C18_0__L020	agri_aa_oil__Oil_C18_0	2	174573534	174573534	1	1	chr2.s_174573534	174573534	5.590673e-06	0.0266025519141904	5.252535909002055	0.01722318	0.074	fdr_0_05	Zm00001d005450	gene_body	0	Zm00001d005450	1	Zm00001d005450: PTI1-like tyrosine-protein kinase 3	False		
agri_aa_oil__Oil_C18_0__L059	agri_aa_oil__Oil_C18_0	6	165908002	166882283	974282	2	chr6.s_166882283	166882283	6.170755e-06	0.0286799471688372	5.209661696214086	0.01453412	0.106	fdr_0_05	Zm00001d038915	gene_body	0	Zm00001d038857;Zm00001d038915	2	Zm00001d038857: Chaperonin CPN60-like 2 mitochondrial | Zm00001d038915: Putative WAK receptor-like protein kinase family protein  	False		
agri_aa_oil__Oil_C18_0__L079	agri_aa_oil__Oil_C18_0	9	99140079	99415783	275705	2	chr9.s_99415783	99415783	7.861721e-06	0.035708651483909	5.104482372664296	0.01463338	0.14	fdr_0_05	Zm00001d046624	gene_body	0	Zm00001d046621;Zm00001d046624	2	Zm00001d046621: Floral homeotic protein APETALA 2 | Zm00001d046624: Probable E3 ubiquitin ligase SUD1	False		
agri_aa_oil__Oil_C18_0__L048	agri_aa_oil__Oil_C18_0	5	15169264	15169264	1	1	chr5.s_15169264	15169264	1.006791e-05	0.0437411293330434	4.997060675392057	0.02094169	0.069	fdr_0_05	Zm00001d013603	gene_body	0	Zm00001d013603	1	Zm00001d013603: Type IV inositol polyphosphate 5-phosphatase 7	True	Zm00001d013603	
agri_aa_oil__Oil_C18_0__L055	agri_aa_oil__Oil_C18_0	6	90182032	90182032	1	1	chr6.s_90182032	90182032	1.133853e-05	0.0470510764192	4.945443246525175	-0.01119874	0.865	fdr_0_05	Zm00001d036483	promoter	0	Zm00001d036483	1	Zm00001d036483: Subtilisin-like protease SBT2.6	False		
agri_aa_oil__Oil_C18_0__L075	agri_aa_oil__Oil_C18_0	8	178944423	178944423	1	1	chr8.s_178944423	178944423	1.161246e-05	0.0470510764192	4.935075768956037	0.01422228	0.092	fdr_0_05	Zm00001d012702	gene_body	0	Zm00001d012702	1	Zm00001d012702: Phosphoenolpyruvate carboxylase 3	False		
agri_aa_oil__Oil_C18_0__L005	agri_aa_oil__Oil_C18_0	1	196702607	196702607	1	1	chr1.s_196702607	196702607	1.177148e-05	0.0470510764192	4.92916893091821	0.01184742	0.084	fdr_0_05	Zm00001d031625	nearest	70476	Zm00001d031625	1	Zm00001d031625: Transcription factor MADS37	False		hormone_stress_regulatory
agri_aa_oil__Oil_C18_0__L004	agri_aa_oil__Oil_C18_0	1	151795573	151795573	1	1	chr1.s_151795573	151795573	1.216614e-05	0.04767504728	4.914847190266846	-0.009178159	0.248	fdr_0_05	Zm00001d030663	nearest	26910	Zm00001d030663	1	Zm00001d030663: DNAJ heat shock N-terminal domain-containing protein	False		
agri_aa_oil__Oil_C18_0__L047	agri_aa_oil__Oil_C18_0	5	7994722	7994722	1	1	chr5.s_7994722	7994722	1.262988e-05	0.048540514956923	4.89860077577764	0.01656293	0.049	fdr_0_05	Zm00001d013296	gene_body	0	Zm00001d013296	1	Zm00001d013296: ATP sulfurylase 1 chloroplastic	False		
agri_aa_oil__Oil_C18_0__L051	agri_aa_oil__Oil_C18_0	5	172837890	172837890	1	1	chr5.s_172837890	172837890	1.367451e-05	0.0506088550466666	4.864088226830642	0.01735295	0.053	nominal	Zm00001d016696	gene_body	0	Zm00001d016696	1	Zm00001d016696: alpha/beta-Hydrolases superfamily protein	False		
agri_aa_oil__Oil_C18_0__L039	agri_aa_oil__Oil_C18_0	4	154799378	154799378	1	1	chr4.s_154799378	154799378	1.432734e-05	0.0520608646123636	4.843834432809498	0.01822374	0.069	nominal	Zm00001d051329	gene_body	0	Zm00001d051329	1	Zm00001d051329: Vesicle-associated protein 2-1	False		
agri_aa_oil__Oil_C18_0__L011	agri_aa_oil__Oil_C18_0	1	288700644	288700644	1	1	chr1.s_288700644	288700644	1.505652e-05	0.0527908006147368	4.822275394632094	0.01143248	0.103	nominal	Zm00001d034298	nearest	20667	Zm00001d034298	1	Zm00001d034298: Transcription factor PIF4	False		hormone_stress_regulatory
agri_aa_oil__Oil_C18_0__L030	agri_aa_oil__Oil_C18_0	3	204837360	204837360	1	1	chr3.s_204837360	204837360	1.539329e-05	0.0530410309151724	4.812668548710227	0.007862947	0.344	nominal	Zm00001d043599	gene_body	0	Zm00001d043599	1	Zm00001d043599: ABC transporter B family member 15	False		transport_membrane
agri_aa_oil__Oil_C18_0__L042	agri_aa_oil__Oil_C18_0	4	233640847	233640847	1	1	chr4.s_233640847	233640847	1.673083e-05	0.0566086452473333	4.776482513581617	0.01570061	0.056	nominal	Zm00001d053548	gene_body	0	Zm00001d053548	1	Zm00001d053548: Shaggy-related protein kinase iota	False		
agri_aa_oil__Oil_C18_0__L033	agri_aa_oil__Oil_C18_0	3	229591470	230396872	805403	3	chr3.s_230396872	230396872	1.836033e-05	0.0584933078975	4.736119517258357	0.0148497	0.078	nominal	Zm00001d044510	gene_body	0	Zm00001d044490;Zm00001d044497;Zm00001d044510	3	Zm00001d044490: Pentatricopeptide repeat-containing protein  mitochondrial | Zm00001d044497: Thioredoxin family Trp26 | Zm00001d044510: DEAD-box ATP-dependent RNA helicase 14	False		
agri_aa_oil__Oil_C18_0__L041	agri_aa_oil__Oil_C18_0	4	228566232	229172921	606690	2	chr4.s_228566232	228566232	1.841285e-05	0.0584933078975	4.7348789847997415	0.0130968	0.09	nominal	Zm00001d053382	gene_body	0	Zm00001d053382;Zm00001d053395	2	Zm00001d053382: Extra-large G-protein-like;  protein | Zm00001d053395: Pectin lyase-like superfamily protein	False		
agri_aa_oil__Oil_C18_0__L074	agri_aa_oil__Oil_C18_0	8	161515336	162158931	643596	3	chr8.s_161545419	161545419	1.866053e-05	0.0584933078975	4.72907602549806	0.00848532	0.362	nominal	Zm00001d011785	promoter	0	Zm00001d011784;Zm00001d011785;Zm00001d011825	3	Zm00001d011784: no description | Zm00001d011785: Transcription factor LUX | Zm00001d011825: Probable gamma-secretase subunit PEN-2	False		hormone_stress_regulatory
agri_aa_oil__Oil_C18_0__L045	agri_aa_oil__Oil_C18_0	4	246369714	246369714	1	1	chr4.s_246369714	246369714	1.873172e-05	0.0584933078975	4.727422342634768	0.009663142	0.119	nominal	Zm00001d054093	cis_window	1400	Zm00001d054093	1	Zm00001d054093: Senescence-associated protein DIN1  	False		
agri_aa_oil__Oil_C18_0__L010	agri_aa_oil__Oil_C18_0	1	283058127	283163577	105451	2	chr1.s_283058127	283058127	2.333462e-05	0.0706586435793939	4.631999267127095	0.01508136	0.077	nominal	Zm00001d034066	gene_body	0	Zm00001d034066;Zm00001d034072	2	Zm00001d034066: UDP-glycosyltransferase 83A1 | Zm00001d034072: UDP-glucose 6-dehydrogenase  	False		
agri_aa_oil__Oil_C18_0__L032	agri_aa_oil__Oil_C18_0	3	223712954	224352419	639466	2	chr3.s_224352419	224352419	2.56874e-05	0.0752883612962318	4.590279851467261	-0.01253682	0.857	nominal	Zm00001d044288	gene_body	0	Zm00001d044276;Zm00001d044288	2	Zm00001d044276: Leucine-rich repeat protein kinase family protein | Zm00001d044288: alpha/beta-Hydrolases superfamily protein	False		
agri_aa_oil__Oil_C18_0__L002	agri_aa_oil__Oil_C18_0	1	28800250	28800250	1	1	chr1.s_28800250	28800250	2.59491e-05	0.0752883612962318	4.585877700313091	0.01145001	0.124	nominal	Zm00001d028272	gene_body	0	Zm00001d028272	1	Zm00001d028272: Sec-independent protein translocase protein TATC, chloroplastic  	False		
agri_aa_oil__Oil_C18_0__L081	agri_aa_oil__Oil_C18_0	10	126320017	126320017	1	1	chr10.s_126320017	126320017	2.718319e-05	0.0765157026461971	4.5656995793141775	0.01373156	0.067	nominal	Zm00001d025690	gene_body	0	Zm00001d025690	1	Zm00001d025690: Isocitrate dehydrogenase [NAD] regulatory subunit 3 mitochondrial	False		
agri_aa_oil__Oil_C18_0__L003	agri_aa_oil__Oil_C18_0	1	46675258	46675258	1	1	chr1.s_46675258	46675258	2.805583e-05	0.0778751907938888	4.551976878659403	0.01829372	0.057	nominal	Zm00001d028797	gene_body	0	Zm00001d028797	1	Zm00001d028797: Laccase-13	False		
agri_aa_oil__Oil_C18_0__L061	agri_aa_oil__Oil_C18_0	7	15020018	15020018	1	1	chr7.s_15020018	15020018	2.892929e-05	0.0790438156113513	4.538662224937084	0.01089756	0.198	nominal	Zm00001d019066	gene_body	0	Zm00001d019066	1	Zm00001d019066: Subtilisin-like protease SBT4.4	False		
agri_aa_oil__Oil_C18_0__L040	agri_aa_oil__Oil_C18_0	4	205833298	205833298	1	1	chr4.s_205833298	205833298	3.053034e-05	0.080245120090909	4.515268359170004	0.01188028	0.085	nominal	Zm00001d052947	cis_window	616	Zm00001d052947	1	Zm00001d052947: DNAJ heat shock N-terminal domain-containing protein	False		
agri_aa_oil__Oil_C18_0__L001	agri_aa_oil__Oil_C18_0	1	17947542	17947542	1	1	chr1.s_17947542	17947542	3.091725e-05	0.080245120090909	4.509799142274375	0.01790979	0.062	nominal	Zm00001d027934	gene_body	0	Zm00001d027934	1	Zm00001d027934:  leucine-rich transmembrane protein kinase1	True	Zm00001d027934	transport_membrane
agri_aa_oil__Oil_C18_0__L007	agri_aa_oil__Oil_C18_0	1	223132381	223132381	1	1	chr1.s_223132381	223132381	3.302718e-05	0.0826985827295	4.481128506621118	0.01436765	0.084	nominal	Zm00001d032338	gene_body	0	Zm00001d032338	1	Zm00001d032338: Polynucleotidyl transferase ribonuclease H-like superfamily protein	False		
agri_aa_oil__Oil_C18_0__L023	agri_aa_oil__Oil_C18_0	2	201960311	201960311	1	1	chr2.s_201960311	201960311	3.310393e-05	0.0826985827295	4.480120445015879	0.01082359	0.161	nominal	Zm00001d006212	gene_body	0	Zm00001d006212	1	Zm00001d006212: Two-component response regulator-like APRR9	False		
agri_aa_oil__Oil_C18_0__L006	agri_aa_oil__Oil_C18_0	1	219483936	219483936	1	1	chr1.s_219483936	219483936	3.352621e-05	0.082719507665679	4.474615538999403	-0.01058288	0.845	nominal	Zm00001d032262	gene_body	0	Zm00001d032262	1	Zm00001d032262: Cation efflux family protein	False		
agri_aa_oil__Oil_C18_0__L076	agri_aa_oil__Oil_C18_0	9	22165095	22165095	1	1	chr9.s_22165095	22165095	3.869281e-05	0.090974534872	4.412369729229918	0.01597805	0.053	nominal	Zm00001d045436	cis_window	8255	Zm00001d045436	1	Zm00001d045436: Aminomethyltransferase  	False		
agri_aa_oil__Oil_C18_0__L050	agri_aa_oil__Oil_C18_0	5	27759907	27759907	1	1	chr5.s_27759907	27759907	4.019801e-05	0.0934145662153488	4.395795446104855	0.01472954	0.091	nominal	Zm00001d013992	gene_body	0	Zm00001d013992	1	Zm00001d013992: Pyridoxal phosphate (PLP)-dependent transferases superfamily protein	False		
agri_aa_oil__Oil_C18_0__L044	agri_aa_oil__Oil_C18_0	4	238009424	238009424	1	1	chr4.s_238009424	238009424	4.27894e-05	0.0982936456183908	4.368663803221981	0.01111968	0.165	nominal	Zm00001d053639	gene_body	0	Zm00001d053639	1	Zm00001d053639: no description	False		
agri_aa_oil__Oil_C18_0__L063	agri_aa_oil__Oil_C18_0	7	132947505	132947505	1	1	chr7.s_132947505	132947505	4.470938e-05	0.1005685354076404	4.349601352597764	0.008601636	0.39	nominal	Zm00001d020794	gene_body	0	Zm00001d020794	1	Zm00001d020794: Blue copper protein  	False		
agri_aa_oil__Oil_C18_0__L026	agri_aa_oil__Oil_C18_0	3	2612124	2612124	1	1	chr3.s_2612124	2612124	4.547046e-05	0.1009706930213333	4.342270652250771	0.01746344	0.058	nominal	Zm00001d039363	gene_body	0	Zm00001d039363	1	Zm00001d039363: Protein DJ-1 homolog B	False		
agri_aa_oil__Oil_C18_0__L017	agri_aa_oil__Oil_C18_0	2	52665228	52665228	1	1	chr2.s_52665228	52665228	4.783472e-05	0.1034859053858333	4.320256763831825	0.01631542	0.069	nominal	Zm00001d003657	gene_body	0	Zm00001d003657	1	Zm00001d003657: Protein SCARECROW	False		
agri_aa_oil__Oil_C18_0__L058	agri_aa_oil__Oil_C18_0	6	128728823	128728823	1	1	chr6.s_128728823	128728823	4.890271e-05	0.1034859053858333	4.3106670732805785	0.01646927	0.065	nominal	Zm00001d037540	cis_window	16	Zm00001d037540	1	Zm00001d037540: Fasciclin-like arabinogalactan protein 2	False		
agri_aa_oil__Oil_C18_0__L027	agri_aa_oil__Oil_C18_0	3	145159767	145159767	1	1	chr3.s_145159767	145159767	4.971002e-05	0.1034859053858333	4.303556062129802	0.01162475	0.149	nominal	Zm00001d041953	nearest	71788	Zm00001d041953	1	Zm00001d041953: no description	False		
agri_aa_oil__Oil_C18_0__L025	agri_aa_oil__Oil_C18_0	3	1462412	1462412	1	1	chr3.s_1462412	1462412	5.103403e-05	0.1051469377686598	4.292140135417405	0.01022344	0.085	nominal	Zm00001d039312	gene_body	0	Zm00001d039312	1	Zm00001d039312:  non-yellow coloring1	False		
agri_aa_oil__Oil_C18_0__L071	agri_aa_oil__Oil_C18_0	8	77054893	77054893	1	1	chr8.s_77054893	77054893	5.185909e-05	0.1057565597416326	4.285175108304152	0.02059463	0.053	nominal	Zm00001d009709	gene_body	0	Zm00001d009709	1	Zm00001d009709: loricrin-related	False		
agri_aa_oil__Oil_C18_0__L078	agri_aa_oil__Oil_C18_0	9	51508948	51508948	1	1	chr9.s_51508948	51508948	5.383674e-05	0.1086806077018182	4.268921246014316	-0.009834547	0.809	nominal	Zm00001d045978	nearest	114685	Zm00001d045978	1	Zm00001d045978: Protein MICRORCHIDIA 6	False		
agri_aa_oil__Oil_C18_0__L046	agri_aa_oil__Oil_C18_0	5	3436383	3436383	1	1	chr5.s_3436383	3436383	5.593711e-05	0.1102965749933333	4.252299975280811	0.007068656	0.424	nominal	Zm00001d013026	gene_body	0	Zm00001d013026	1	Zm00001d013026: no description	False		
agri_aa_oil__Oil_C18_0__L073	agri_aa_oil__Oil_C18_0	8	148947245	148947245	1	1	chr8.s_148947245	148947245	5.626203e-05	0.1102965749933333	4.249784602034075	0.01069118	0.138	nominal	Zm00001d011377	gene_body	0	Zm00001d011377	1	Zm00001d011377: Jasmonic acid-amido synthetase JAR1	False		hormone_stress_regulatory
agri_aa_oil__Oil_C18_0__L034	agri_aa_oil__Oil_C18_0	3	234062286	234062286	1	1	chr3.s_234062286	234062286	5.71921e-05	0.1109704424194174	4.24266395658031	0.0151008	0.052	nominal	Zm00001d044649	gene_body	0	Zm00001d044649	1	Zm00001d044649: Plant mobile domain protein family	False		
agri_aa_oil__Oil_C18_0__L060	agri_aa_oil__Oil_C18_0	7	3303885	3303885	1	1	chr7.s_3303885	3303885	6.430115e-05	0.1207353747057943	4.191781259825575	0.01259118	0.092	nominal	Zm00001d018730	gene_body	0	Zm00001d018730	1	Zm00001d018730: RNA-binding protein 1	False		
agri_aa_oil__Oil_C18_0__L052	agri_aa_oil__Oil_C18_0	5	193866611	193866611	1	1	chr5.s_193866611	193866611	6.464126e-05	0.1207353747057943	4.189490186798539	-0.00865574	0.151	nominal	Zm00001d017377	cis_window	111	Zm00001d017377	1	Zm00001d017377: Beta-expansin 3  	False		
agri_aa_oil__Oil_C18_0__L018	agri_aa_oil__Oil_C18_0	2	56525521	56525521	1	1	chr2.s_56525521	56525521	6.86328e-05	0.1261440751658181	4.16346828291402	0.01557857	0.083	nominal	Zm00001d003724	nearest	13804	Zm00001d003724	1	Zm00001d003724: SWIb domain-containing protein  	False		
agri_aa_oil__Oil_C18_0__L021	agri_aa_oil__Oil_C18_0	2	185428480	185428480	1	1	chr2.s_185428480	185428480	6.933587e-05	0.1261440751658181	4.159042030715796	0.01350455	0.058	nominal	Zm00001d005737	cis_window	5291	Zm00001d005737	1	Zm00001d005737:  Wavy auricles in blades1	False		
agri_aa_oil__Oil_C18_0__L031	agri_aa_oil__Oil_C18_0	3	207941854	207941854	1	1	chr3.s_207941854	207941854	7.14692e-05	0.1286780410666666	4.145881079204696	0.009762934	0.157	nominal	Zm00001d043706	gene_body	0	Zm00001d043706	1	Zm00001d043706: DNA binding protein  	False		
agri_aa_oil__Oil_C18_0__L038	agri_aa_oil__Oil_C18_0	4	145571759	145571759	1	1	chr4.s_145571759	145571759	7.395105e-05	0.1319577253982143	4.131055655257777	0.00802143	0.361	nominal	Zm00001d051140	gene_body	0	Zm00001d051140	1	Zm00001d051140: NAC domain containing protein 74	False		hormone_stress_regulatory
agri_aa_oil__Oil_C18_0__L049	agri_aa_oil__Oil_C18_0	5	22508246	22508246	1	1	chr5.s_22508246	22508246	7.510173e-05	0.1328250526014159	4.124350058724193	0.01002338	0.149	nominal	Zm00001d013847	cis_window	3973	Zm00001d013847	1	Zm00001d013847: fringe-related protein	False		
agri_aa_oil__Oil_C18_0__L072	agri_aa_oil__Oil_C18_0	8	103046625	103046625	1	1	chr8.s_103046625	103046625	7.674178e-05	0.1340397284507826	4.1149681317051705	0.01625663	0.073	nominal	Zm00001d010175	gene_body	0	Zm00001d010175	1	Zm00001d010175: Ethylene-responsive transcription factor ABR1	True	Zm00001d010175	hormone_stress_regulatory
agri_aa_oil__Oil_C18_0__L077	agri_aa_oil__Oil_C18_0	9	23323239	23323239	1	1	chr9.s_23323239	23323239	7.903554e-05	0.1352876096406779	4.102177575101092	0.007253453	0.244	nominal	Zm00001d045468	gene_body	0	Zm00001d045468	1	Zm00001d045468: alpha/beta-Hydrolases superfamily protein	False		
agri_aa_oil__Oil_C18_0__L036	agri_aa_oil__Oil_C18_0	4	74511729	74511729	1	1	chr4.s_74511729	74511729	7.968537e-05	0.1352876096406779	4.098621406477131	0.01007758	0.085	nominal	Zm00001d050220	gene_body	0	Zm00001d050220	1	Zm00001d050220: Long chain base biosynthesis protein 1	False		
agri_aa_oil__Oil_C18_0__L028	agri_aa_oil__Oil_C18_0	3	178239918	178239918	1	1	chr3.s_178239918	178239918	7.98788e-05	0.1352876096406779	4.097568468053875	0.01268802	0.091	nominal	Zm00001d042724	gene_body	0	Zm00001d042724	1	Zm00001d042724:  TUB-transcription factor 2	False		hormone_stress_regulatory
agri_aa_oil__Oil_C18_0__L012	agri_aa_oil__Oil_C18_0	1	297859845	297859845	1	1	chr1.s_297859845	297859845	8.74045e-05	0.1467896145714285	4.058466207241356	0.009884802	0.174	nominal	Zm00001d034615	promoter	0	Zm00001d034615	1	Zm00001d034615: Protein LURP-one-related 14	False		
agri_aa_oil__Oil_C18_0__L064	agri_aa_oil__Oil_C18_0	7	145081129	145081129	1	1	chr7.s_145081129	145081129	8.888145e-05	0.1472079606449586	4.051188868987732	0.009680222	0.211	nominal	Zm00001d021177	gene_body	0	Zm00001d021177	1	Zm00001d021177: no description	False		
agri_aa_oil__Oil_C18_0__L035	agri_aa_oil__Oil_C18_0	4	32894031	32894031	1	1	chr4.s_32894031	32894031	9.45271e-05	0.1548477867967213	4.024443665636611	0.01652641	0.093	nominal	Zm00001d049511	gene_body	0	Zm00001d049511	1	Zm00001d049511: Putative MYB DNA-binding domain superfamily protein  	True	Zm00001d049511	hormone_stress_regulatory
agri_aa_oil__Oil_C18_0__L056	agri_aa_oil__Oil_C18_0	6	92505472	92505472	1	1	chr6.s_92505472	92505472	0.0001001621	0.162744683001626	3.999296578613965	0.008895868	0.228	nominal	Zm00001d036564	cis_window	1490	Zm00001d036564	1	Zm00001d036564: EamA-like transporter family	False		transport_membrane
agri_aa_oil__Oil_C18_1__L049	agri_aa_oil__Oil_C18_1	6	106378337	108218435	1840099	6	chr6.s_108218435	108218435	4.545209e-19	9.08387289904e-14	18.34244614204381	0.3050424	0.18	bonferroni_0_05	Zm00001d036982	gene_body	0	Zm00001d036918;Zm00001d036933;Zm00001d036949;Zm00001d036956;Zm00001d036978;Zm00001d036982	6	Zm00001d036918: Auxin-responsive protein IAA15 | Zm00001d036933: Aldehyde dehydrogenase family 2 member C4 | Zm00001d036949: Serine/threonine-protein phosphatase PP2A-5 catalytic subunit | Zm00001d036956: Tetraspanin-2 | Zm00001d036978: HAD superfamily subfamily IIIB acid phosphatase | Zm00001d036982:  linoleic acid1	True	Zm00001d036982	fatty_acid_lipid;hormone_stress_regulatory
agri_aa_oil__Oil_C18_1__L064	agri_aa_oil__Oil_C18_1	8	39633330	39633330	1	1	chr8.s_39633330	39633330	7.073928e-15	2.0818517367399998e-10	14.150339364843832	0.5055619	0.059	bonferroni_0_05	Zm00001d009150	gene_body	0	Zm00001d009150	1	Zm00001d009150: Sec23/Sec24 protein transport family protein	True	Zm00001d009150	
agri_aa_oil__Oil_C18_1__L004	agri_aa_oil__Oil_C18_1	1	172833339	172833339	1	1	chr1.s_172833339	172833339	1.003662e-07	0.0012536742042	6.998412518515067	0.3032999	0.066	bonferroni_0_05	Zm00001d031002	gene_body	0	Zm00001d031002	1	Zm00001d031002: Tetratricopeptide repeat (TPR)-like superfamily protein	True	Zm00001d031002	
agri_aa_oil__Oil_C18_1__L024	agri_aa_oil__Oil_C18_1	3	191430127	191431324	1198	2	chr3.s_191430127	191430127	1.107026e-07	0.0013014458132705	6.955842179009327	0.2555795	0.072	bonferroni_0_05	Zm00001d043200	gene_body	0	Zm00001d043200;Zm00001d043201	2	Zm00001d043200: no description | Zm00001d043201:  ycf3 intracting protein homolog1	False		
agri_aa_oil__Oil_C18_1__L069	agri_aa_oil__Oil_C18_1	8	128723626	128743481	19856	2	chr8.s_128743481	128743481	1.575181e-07	0.0017489409663111	6.802669535344368	0.2365375	0.07	bonferroni_0_05	Zm00001d010821	gene_body	0	Zm00001d010816;Zm00001d010821	2	Zm00001d010816: Inner membrane protein oxaA | Zm00001d010821:  starch synthase4	False		transport_membrane
agri_aa_oil__Oil_C18_1__L056	agri_aa_oil__Oil_C18_1	7	153857394	153857394	1	1	chr7.s_153857394	153857394	2.624446e-07	0.0027605856830315	6.580962358747733	0.2706521	0.058	fdr_0_05	Zm00001d021488	gene_body	0	Zm00001d021488	1	Zm00001d021488: MYND finger family protein  	True	Zm00001d021488	
agri_aa_oil__Oil_C18_1__L046	agri_aa_oil__Oil_C18_1	5	15169264	16258953	1089690	3	chr5.s_16258953	16258953	4.213053e-07	0.00421001960184	6.375403077435516	0.1939921	0.097	fdr_0_05	Zm00001d013653	gene_body	0	Zm00001d013603;Zm00001d013644;Zm00001d013653	3	Zm00001d013603: Type IV inositol polyphosphate 5-phosphatase 7 | Zm00001d013644: 5-methyltetrahydropteroyltriglutamate--homocysteine methyltransferase 1 | Zm00001d013653: transcription regulator NOT2/NOT3/NOT5 family protein	True	Zm00001d013603	
agri_aa_oil__Oil_C18_1__L060	agri_aa_oil__Oil_C18_1	8	27712227	27712227	1	1	chr8.s_27712227	27712227	4.784434e-07	0.0045533230547809	6.320169432017947	0.2499053	0.058	fdr_0_05	Zm00001d008965	gene_body	0	Zm00001d008965	1	Zm00001d008965: Putative inactive receptor-like protein kinase 	False		hormone_stress_regulatory
agri_aa_oil__Oil_C18_1__L030	agri_aa_oil__Oil_C18_1	4	32894031	32894031	1	1	chr4.s_32894031	32894031	1.072254e-06	0.0093172345836521	5.96970232496794	0.2454984	0.093	fdr_0_05	Zm00001d049511	gene_body	0	Zm00001d049511	1	Zm00001d049511: Putative MYB DNA-binding domain superfamily protein  	True	Zm00001d049511	hormone_stress_regulatory
agri_aa_oil__Oil_C18_1__L029	agri_aa_oil__Oil_C18_1	4	30481469	30481469	1	1	chr4.s_30481469	30481469	2.034327e-06	0.0169405190379999	5.691579236820746	0.3064307	0.059	fdr_0_05	Zm00001d049442	cis_window	6677	Zm00001d049442	1	Zm00001d049442: Polyadenylation and cleavage factor homolog 5	True	Zm00001d049442	
agri_aa_oil__Oil_C18_1__L062	agri_aa_oil__Oil_C18_1	8	30336172	30336172	1	1	chr8.s_30336172	30336172	2.149005e-06	0.0171796617312	5.667762574052585	0.1335646	0.249	fdr_0_05	Zm00001d009021	gene_body	0	Zm00001d009021	1	Zm00001d009021: Pentatricopeptide repeat-containing protein 	False		
agri_aa_oil__Oil_C18_1__L038	agri_aa_oil__Oil_C18_1	4	168959958	168959958	1	1	chr4.s_168959958	168959958	2.534528e-06	0.0187607639988148	5.59610290657973	0.1444696	0.709	fdr_0_05	Zm00001d051761	gene_body	0	Zm00001d051761	1	Zm00001d051761: Aspartyl protease APCB1	False		
agri_aa_oil__Oil_C18_1__L078	agri_aa_oil__Oil_C18_1	10	24262869	25213953	951085	3	chr10.s_24915867	24915867	2.84587e-06	0.0195928442781935	5.545784942471039	0.2001399	0.108	fdr_0_05	Zm00001d023853	nearest	165776	Zm00001d023841;Zm00001d023853;Zm00001d023856	3	Zm00001d023841: P-loop nucleoside triphosphate hydrolases superfamily protein with CH (Calponin Homology) domain | Zm00001d023853:  adenosine 5'-phosphosulfate reductase6 | Zm00001d023856: RALF  	True	Zm00001d023853;Zm00001d023856	
agri_aa_oil__Oil_C18_1__L017	agri_aa_oil__Oil_C18_1	3	557352	898176	340825	2	chr3.s_557352	557352	2.981291e-06	0.0195928442781935	5.525595630969666	0.2160146	0.061	fdr_0_05	Zm00001d039250	gene_body	0	Zm00001d039250;Zm00001d039272	2	Zm00001d039250: RWP-RK transcription factor [Source:UniProtKB/TrEMBL;Acc:B4FNC6] | Zm00001d039272: WPP domain-interacting tail-anchored protein 1	False		hormone_stress_regulatory
agri_aa_oil__Oil_C18_1__L009	agri_aa_oil__Oil_C18_1	1	295315357	295615070	299714	2	chr1.s_295615070	295615070	4.402435e-06	0.0256686024329142	5.356307047478736	0.217758	0.056	fdr_0_05	Zm00001d034522	gene_body	0	Zm00001d034515;Zm00001d034522	2	Zm00001d034515: Homeobox-DDT domain protein RLT3 | Zm00001d034522: plant adhesion molecule 1	False		
agri_aa_oil__Oil_C18_1__L081	agri_aa_oil__Oil_C18_1	10	147844213	147844213	1	1	chr10.s_147844213	147844213	6.134643e-06	0.033136357065081	5.212210705576138	0.1717015	0.069	fdr_0_05	Zm00001d026536	gene_body	0	Zm00001d026536	1	Zm00001d026536: Zinc finger CCCH domain-containing protein 6	False		
agri_aa_oil__Oil_C18_1__L071	agri_aa_oil__Oil_C18_1	8	148698416	148698416	1	1	chr8.s_148698416	148698416	6.756055e-06	0.0355325823178947	5.170306823562355	0.1192117	0.574	fdr_0_05	Zm00001d011365	gene_body	0	Zm00001d011365	1	Zm00001d011365: alpha/beta-Hydrolases superfamily protein	False		
agri_aa_oil__Oil_C18_1__L068	agri_aa_oil__Oil_C18_1	8	121751935	121751935	1	1	chr8.s_121751935	121751935	7.230831e-06	0.0358521093455609	5.140811788739272	0.2407799	0.061	fdr_0_05	Zm00001d010607	gene_body	0	Zm00001d010607	1	Zm00001d010607: PLAC8 family protein	False		
agri_aa_oil__Oil_C18_1__L047	agri_aa_oil__Oil_C18_1	5	22604388	23312825	708438	2	chr5.s_22604388	22604388	7.354978e-06	0.0358521093455609	5.133418621983751	0.2593667	0.058	fdr_0_05	Zm00001d013849	cis_window	5032	Zm00001d013849;Zm00001d013868	2	Zm00001d013849: Trihelix transcription factor GT-2 | Zm00001d013868: CDPK-related kinase 3	True	Zm00001d013849;Zm00001d013868	hormone_stress_regulatory
agri_aa_oil__Oil_C18_1__L059	agri_aa_oil__Oil_C18_1	8	22871076	23661274	790199	2	chr8.s_23661274	23661274	1.217873e-05	0.0534812955097872	4.914397997643135	0.2328247	0.077	nominal	Zm00001d008881	cis_window	736	Zm00001d008859;Zm00001d008881	2	Zm00001d008859: Alkaline phytoceramidase (aPHC) | Zm00001d008881: Protein RALF-like 33	False		fatty_acid_lipid
agri_aa_oil__Oil_C18_1__L020	agri_aa_oil__Oil_C18_1	3	136775175	136775175	1	1	chr3.s_136775175	136775175	1.246126e-05	0.0534812955097872	4.904438042477725	0.2630797	0.062	nominal	Zm00001d041768	gene_body	0	Zm00001d041768	1	Zm00001d041768: NEP-interacting protein 1	False		
agri_aa_oil__Oil_C18_1__L022	agri_aa_oil__Oil_C18_1	3	157676234	158052880	376647	2	chr3.s_157676234	157676234	1.257716e-05	0.0534812955097872	4.90041741418267	0.2303405	0.057	nominal	Zm00001d042259	gene_body	0	Zm00001d042259;Zm00001d042266	2	Zm00001d042259: Prefoldin chaperone subunit family protein | Zm00001d042266: eukaryotic initiation factor 3 gamma subunit family protein	False		
agri_aa_oil__Oil_C18_1__L043	agri_aa_oil__Oil_C18_1	4	231212373	231212373	1	1	chr4.s_231212373	231212373	1.68607e-05	0.0687696338612244	4.773124398879332	-0.1283408	0.787	nominal	Zm00001d053433	promoter	0	Zm00001d053433	1	Zm00001d053433: Putative RING zinc finger domain superfamily protein  	False		
agri_aa_oil__Oil_C18_1__L026	agri_aa_oil__Oil_C18_1	3	233926477	233926477	1	1	chr3.s_233926477	233926477	2.368516e-05	0.0893136101313207	4.625523677143227	0.1872061	0.064	nominal	Zm00001d044646	gene_body	0	Zm00001d044646	1	Zm00001d044646:  glucosamine fructose-6-phosphate aminotransferase1	False		
agri_aa_oil__Oil_C18_1__L073	agri_aa_oil__Oil_C18_1	8	173418355	174417349	998995	2	chr8.s_173418355	173418355	2.907551e-05	0.1001881918372413	4.536472658775155	-0.09578995	0.535	nominal	Zm00001d012391	gene_body	0	Zm00001d012391;Zm00001d012435	2	Zm00001d012391: Delta 1-pyrroline-5-carboxylate synthetase isoform 1; Delta 1-pyrroline-5-carboxylate synthetase isoform 2   | Zm00001d012435: Probable membrane-associated kinase regulator 4	False		transport_membrane
agri_aa_oil__Oil_C18_1__L027	agri_aa_oil__Oil_C18_1	4	7428956	7428956	1	1	chr4.s_7428956	7428956	2.981638e-05	0.1009997023945762	4.52554508527798	0.1293878	0.152	nominal	Zm00001d048903	promoter	0	Zm00001d048903	1	Zm00001d048903: Acidic endochitinase	True	Zm00001d048903	
agri_aa_oil__Oil_C18_1__L015	agri_aa_oil__Oil_C18_1	2	154108264	154108264	1	1	chr2.s_154108264	154108264	3.088366e-05	0.1011849959501639	4.510271237364353	0.1813811	0.068	nominal	Zm00001d005018	gene_body	0	Zm00001d005018	1	Zm00001d005018: Protein DETOXIFICATION 21	True	Zm00001d005018	
agri_aa_oil__Oil_C18_1__L005	agri_aa_oil__Oil_C18_1	1	244289648	244289648	1	1	chr1.s_244289648	244289648	3.149725e-05	0.1015308773548387	4.501727362463124	-0.1569625	0.849	nominal	Zm00001d032944	gene_body	0	Zm00001d032944	1	Zm00001d032944: Short integuments 2 mitochondrial	False		
agri_aa_oil__Oil_C18_1__L055	agri_aa_oil__Oil_C18_1	7	146492766	146492766	1	1	chr7.s_146492766	146492766	3.397373e-05	0.1057668079546268	4.468856769011978	0.196453	0.101	nominal	Zm00001d021221	gene_body	0	Zm00001d021221	1	Zm00001d021221: Protein binding protein  	False		
agri_aa_oil__Oil_C18_1__L001	agri_aa_oil__Oil_C18_1	1	10755383	10755383	1	1	chr1.s_10755383	10755383	3.478848e-05	0.1057668079546268	4.45856454630368	-0.1325265	0.856	nominal	Zm00001d027673	promoter	0	Zm00001d027673	1	Zm00001d027673: UPF0496 protein 	False		
agri_aa_oil__Oil_C18_1__L036	agri_aa_oil__Oil_C18_1	4	161597975	162529830	931856	2	chr4.s_162529830	162529830	3.524215e-05	0.1057668079546268	4.45293760466823	0.1268297	0.7	nominal	Zm00001d051552	gene_body	0	Zm00001d051529;Zm00001d051552	2	Zm00001d051529: Putative AMP-dependent synthetase and ligase superfamily protein   | Zm00001d051552: 3-dehydrosphinganine reductase TSC10B	False		
agri_aa_oil__Oil_C18_1__L053	agri_aa_oil__Oil_C18_1	7	118585480	118585480	1	1	chr7.s_118585480	118585480	4.748705e-05	0.1265409581973333	4.323424808908512	0.2293675	0.062	nominal	Zm00001d020487	promoter	0	Zm00001d020487	1	Zm00001d020487: ARM repeat superfamily protein	False		
agri_aa_oil__Oil_C18_1__L076	agri_aa_oil__Oil_C18_1	10	16235157	16235157	1	1	chr10.s_16235157	16235157	5.050021e-05	0.1285541085286076	4.29670681590804	0.2021088	0.073	nominal	Zm00001d023703	promoter	0	Zm00001d023703	1	Zm00001d023703: no description	True	Zm00001d023703	
agri_aa_oil__Oil_C18_1__L066	agri_aa_oil__Oil_C18_1	8	77054893	77054893	1	1	chr8.s_77054893	77054893	5.053028e-05	0.1285541085286076	4.29644829522866	0.2479935	0.053	nominal	Zm00001d009709	gene_body	0	Zm00001d009709	1	Zm00001d009709: loricrin-related	False		
agri_aa_oil__Oil_C18_1__L021	agri_aa_oil__Oil_C18_1	3	143232025	143232025	1	1	chr3.s_143232025	143232025	5.081546e-05	0.1285541085286076	4.294004138676121	0.2141944	0.074	nominal	Zm00001d041914	nearest	80301	Zm00001d041914	1	Zm00001d041914: Putative endonuclease or glycosyl hydrolase	False		
agri_aa_oil__Oil_C18_1__L044	agri_aa_oil__Oil_C18_1	5	4796079	4796079	1	1	chr5.s_4796079	4796079	5.188298e-05	0.129614060636	4.284975087322191	0.1716733	0.067	nominal	Zm00001d013111	cis_window	73	Zm00001d013111	1	Zm00001d013111: DnaJ protein  	False		
agri_aa_oil__Oil_C18_1__L080	agri_aa_oil__Oil_C18_1	10	130532088	130532088	1	1	chr10.s_130532088	130532088	5.434107e-05	0.130960315333012	4.264871814381128	0.1406254	0.157	nominal	Zm00001d025817	gene_body	0	Zm00001d025817	1	Zm00001d025817: CLIP-associated protein	False		
agri_aa_oil__Oil_C18_1__L014	agri_aa_oil__Oil_C18_1	2	140809233	140809233	1	1	chr2.s_140809233	140809233	5.438769e-05	0.130960315333012	4.264499386515913	0.1814355	0.064	nominal	Zm00001d004812	promoter	0	Zm00001d004812	1	Zm00001d004812:  calcium dependent protein kinase11	False		
agri_aa_oil__Oil_C18_1__L057	agri_aa_oil__Oil_C18_1	7	158638388	158638388	1	1	chr7.s_158638388	158638388	5.631343e-05	0.1339830579295238	4.249388019369949	0.1097454	0.26	nominal	Zm00001d021633	gene_body	0	Zm00001d021633	1	Zm00001d021633: Polyadenylate-binding protein RBP45C	False		
agri_aa_oil__Oil_C18_1__L025	agri_aa_oil__Oil_C18_1	3	226470604	226470604	1	1	chr3.s_226470604	226470604	5.888263e-05	0.1365140528551724	4.230012800420236	-0.1182208	0.181	nominal	Zm00001d044378	gene_body	0	Zm00001d044378	1	Zm00001d044378: no description	False		
agri_aa_oil__Oil_C18_1__L033	agri_aa_oil__Oil_C18_1	4	68709106	68709106	1	1	chr4.s_68709106	68709106	5.911388e-05	0.1365140528551724	4.228310534352886	0.1796648	0.057	nominal	Zm00001d050140	gene_body	0	Zm00001d050140	1	Zm00001d050140:  protein; Storage protein-like	False		seed_storage
agri_aa_oil__Oil_C18_1__L019	agri_aa_oil__Oil_C18_1	3	75475139	75475139	1	1	chr3.s_75475139	75475139	5.94264e-05	0.1365140528551724	4.226020578129649	0.2130501	0.084	nominal	Zm00001d040883	nearest	75182	Zm00001d040883	1	Zm00001d040883: Probable protein phosphatase 2C 15	False		
agri_aa_oil__Oil_C18_1__L051	agri_aa_oil__Oil_C18_1	6	152839948	152839948	1	1	chr6.s_152839948	152839948	6.450685e-05	0.1421790518294505	4.19039416506641	0.09553002	0.405	nominal	Zm00001d038269	cis_window	960	Zm00001d038269	1	Zm00001d038269: UPF0503 protein  chloroplastic	False		
agri_aa_oil__Oil_C18_1__L031	agri_aa_oil__Oil_C18_1	4	50064918	50064918	1	1	chr4.s_50064918	50064918	6.473808e-05	0.1421790518294505	4.188840185034932	0.1813009	0.09	nominal	Zm00001d049881	gene_body	0	Zm00001d049881	1	Zm00001d049881: Peroxisomal membrane protein PMP22  	False		transport_membrane
agri_aa_oil__Oil_C18_1__L016	agri_aa_oil__Oil_C18_1	2	205699679	205699679	1	1	chr2.s_205699679	205699679	6.688023e-05	0.1442722991	4.174702242034963	0.1014729	0.273	nominal	Zm00001d006360	gene_body	0	Zm00001d006360	1	Zm00001d006360: Expansin-like A2	False		
agri_aa_oil__Oil_C18_1__L010	agri_aa_oil__Oil_C18_1	1	302384009	302384009	1	1	chr1.s_302384009	302384009	6.916901e-05	0.1442722991	4.160088440233043	0.2322233	0.056	nominal	Zm00001d034796	gene_body	0	Zm00001d034796	1	Zm00001d034796: Vacuolar protein sorting-associated protein 9A	False		
agri_aa_oil__Oil_C18_1__L040	agri_aa_oil__Oil_C18_1	4	218554807	218554807	1	1	chr4.s_218554807	218554807	6.93006e-05	0.1442722991	4.159263005279087	0.1444642	0.108	nominal	Zm00001d053181	promoter	0	Zm00001d053181	1	Zm00001d053181: from the Czech 'roh' meaning 'corner'	False		
agri_aa_oil__Oil_C18_1__L063	agri_aa_oil__Oil_C18_1	8	38277368	38277368	1	1	chr8.s_38277368	38277368	7.258738e-05	0.1480308511967347	4.139138878924949	0.1643164	0.118	nominal	Zm00001d009125	gene_body	0	Zm00001d009125	1	Zm00001d009125: Carbohydrate-binding-like fold	False		
agri_aa_oil__Oil_C18_1__L023	agri_aa_oil__Oil_C18_1	3	170091454	170091454	1	1	chr3.s_170091454	170091454	7.426055e-05	0.1499132977858585	4.1292418385588165	0.1882292	0.061	nominal	Zm00001d042506	gene_body	0	Zm00001d042506	1	Zm00001d042506: Formin-like protein 1	False		
agri_aa_oil__Oil_C18_1__L065	agri_aa_oil__Oil_C18_1	8	74702912	74702912	1	1	chr8.s_74702912	74702912	8.582356e-05	0.1649264750707692	4.0663934746986055	0.2033799	0.061	nominal	Zm00001d009653	nearest	88055	Zm00001d009653	1	Zm00001d009653: 60S acidic ribosomal protein P2A  	True	Zm00001d009653	
agri_aa_oil__Oil_C18_1__L002	agri_aa_oil__Oil_C18_1	1	17949282	17949282	1	1	chr1.s_17949282	17949282	8.816376e-05	0.1662269473449056	4.054709896345845	0.2277917	0.064	nominal	Zm00001d027934	gene_body	0	Zm00001d027934	1	Zm00001d027934:  leucine-rich transmembrane protein kinase1	True	Zm00001d027934	transport_membrane
agri_aa_oil__Oil_C18_1__L042	agri_aa_oil__Oil_C18_1	4	229143109	229143109	1	1	chr4.s_229143109	229143109	9.24669e-05	0.1726520824148148	4.034013702071244	0.1060663	0.266	nominal	Zm00001d053394	gene_body	0	Zm00001d053394	1	Zm00001d053394: no description	False		
agri_aa_oil__Oil_C18_1__L052	agri_aa_oil__Oil_C18_1	7	3303885	3303885	1	1	chr7.s_3303885	3303885	9.32993e-05	0.1726520824148148	4.030121614638042	0.1525448	0.092	nominal	Zm00001d018730	gene_body	0	Zm00001d018730	1	Zm00001d018730: RNA-binding protein 1	False		
agri_aa_oil__Oil_C18_1__L039	agri_aa_oil__Oil_C18_1	4	183828966	183828966	1	1	chr4.s_183828966	183828966	9.863422e-05	0.1775913574082883	4.005972385476132	0.2567988	0.06	nominal	Zm00001d052227	cis_window	6066	Zm00001d052227	1	Zm00001d052227:  trehalose-6-phosphate phosphatase4	True	Zm00001d052227	
agri_aa_oil__Oil_C18_1__L028	agri_aa_oil__Oil_C18_1	4	21652167	21652167	1	1	chr4.s_21652167	21652167	0.0001010599	0.1802303176637168	3.995421135837247	0.1727843	0.074	nominal	Zm00001d049225	gene_body	0	Zm00001d049225	1	Zm00001d049225: FHA domain-containing protein FHA2	False		
agri_aa_oil__Oil_C18_1__L032	agri_aa_oil__Oil_C18_1	4	55427313	55427313	1	1	chr4.s_55427313	55427313	0.0001019035	0.1802303176637168	3.991810899363714	0.1183367	0.208	nominal	Zm00001d049956	gene_body	0	Zm00001d049956	1	Zm00001d049956: 4-hydroxy-tetrahydrodipicolinate reductase 2 chloroplastic	False		
agri_aa_oil__Oil_C18_1__L054	agri_aa_oil__Oil_C18_1	7	145153206	145153206	1	1	chr7.s_145153206	145153206	0.0001091762	0.1849865511154471	3.9618720258731743	0.09972426	0.345	nominal	Zm00001d021181	gene_body	0	Zm00001d021181	1	Zm00001d021181: no description	False		
agri_aa_oil__Oil_C18_1__L070	agri_aa_oil__Oil_C18_1	8	146130981	146354183	223203	2	chr8.s_146130981	146130981	0.0001111688	0.1849865511154471	3.9540170822601537	0.1841928	0.067	nominal	Zm00001d011299	gene_body	0	Zm00001d011299;Zm00001d011309	2	Zm00001d011299:  sugars will eventually be exported transporter6b | Zm00001d011309: Transcriptional corepressor LEUNIG	False		transport_membrane
agri_aa_oil__Oil_C18_1__L011	agri_aa_oil__Oil_C18_1	2	2642889	2642889	1	1	chr2.s_2642889	2642889	0.0001136646	0.1849865511154471	3.944374772062257	0.1290212	0.101	nominal	Zm00001d001904	promoter	0	Zm00001d001904	1	Zm00001d001904: no description	False		
agri_aa_oil__Oil_C18_1__L034	agri_aa_oil__Oil_C18_1	4	144575774	144575774	1	1	chr4.s_144575774	144575774	0.0001138487	0.1849865511154471	3.943671924083093	0.1545075	0.09	nominal	Zm00001d051125	gene_body	0	Zm00001d051125	1	Zm00001d051125: LRR receptor-like serine/threonine-protein kinase EFR	False		
agri_aa_oil__Oil_C18_1__L045	agri_aa_oil__Oil_C18_1	5	7117286	7117286	1	1	chr5.s_7117286	7117286	0.0001151856	0.185649461883871	3.938601811116253	-0.1084299	0.224	nominal	Zm00001d013250	gene_body	0	Zm00001d013250	1	Zm00001d013250: Glucan endo-1,3-beta-glucosidase 3  	False		
agri_aa_oil__Oil_C18_1__L003	agri_aa_oil__Oil_C18_1	1	19968658	19968658	1	1	chr1.s_19968658	19968658	0.0001175681	0.1879735215487999	3.929710500311916	0.1489699	0.108	nominal	Zm00001d028004	gene_body	0	Zm00001d028004	1	Zm00001d028004: Outer arm dynein light chain 1 protein	False		
agri_aa_oil__Oil_C18_1__L050	agri_aa_oil__Oil_C18_1	6	131705694	131705694	1	1	chr6.s_131705694	131705694	0.0001189697	0.188704828279365	3.924563633551891	0.2063741	0.052	nominal	Zm00001d037611	gene_body	0	Zm00001d037611	1	Zm00001d037611: HXXXD-type acyl-transferase family protein	False		fatty_acid_lipid
agri_aa_oil__Oil_C18_1__L079	agri_aa_oil__Oil_C18_1	10	100624722	100624722	1	1	chr10.s_100624722	100624722	0.0001273528	0.1988454781	3.894991502124148	0.1847156	0.059	nominal	Zm00001d025034	nearest	24224	Zm00001d025034	1	Zm00001d025034: Pumilio homolog 3	False		
agri_aa_oil__Oil_C18_1__L058	agri_aa_oil__Oil_C18_1	8	10203339	10203339	1	1	chr8.s_10203339	10203339	0.0001295459	0.200701747212403	3.887576327452782	0.2079898	0.072	nominal	Zm00001d008491	cis_window	33	Zm00001d008491	1	Zm00001d008491: Fructose-bisphosphate aldolase  	False		
agri_aa_oil__Oil_C18_1__L048	agri_aa_oil__Oil_C18_1	6	92307370	92307370	1	1	chr6.s_92307370	92307370	0.0001367302	0.2076293465263158	3.8641355509420823	0.1117409	0.247	nominal	Zm00001d036560	cis_window	6503	Zm00001d036560	1	Zm00001d036560: Zinc finger CCCH domain-containing protein 40	False		
agri_aa_oil__Oil_C18_1__L013	agri_aa_oil__Oil_C18_1	2	56525521	56525521	1	1	chr2.s_56525521	56525521	0.0001368533	0.2076293465263158	3.863744725805843	0.1810635	0.083	nominal	Zm00001d003724	nearest	13804	Zm00001d003724	1	Zm00001d003724: SWIb domain-containing protein  	False		
agri_aa_oil__Oil_C18_1__L008	agri_aa_oil__Oil_C18_1	1	272367844	272367844	1	1	chr1.s_272367844	272367844	0.0001380684	0.2076293465263158	3.859905707923865	0.1928294	0.059	nominal	Zm00001d033730	cis_window	316	Zm00001d033730	1	Zm00001d033730: no description	False		
agri_aa_oil__Oil_C18_1__L067	agri_aa_oil__Oil_C18_1	8	102866444	102866444	1	1	chr8.s_102866444	102866444	0.0001425297	0.2120207165748148	3.846094628973822	-0.09127063	0.495	nominal	Zm00001d010171	gene_body	0	Zm00001d010171	1	Zm00001d010171: Soluble inorganic pyrophosphatase 1	False		
agri_aa_oil__Oil_C18_1__L006	agri_aa_oil__Oil_C18_1	1	252140053	252140053	1	1	chr1.s_252140053	252140053	0.0001485696	0.2162579502028985	3.828070045911225	0.1823914	0.074	nominal	Zm00001d033150	cis_window	294	Zm00001d033150	1	Zm00001d033150: no description	False		
agri_aa_oil__Oil_C18_1__L077	agri_aa_oil__Oil_C18_1	10	19953630	19953630	1	1	chr10.s_19953630	19953630	0.0001486098	0.2162579502028985	3.827952550295586	0.1360468	0.153	nominal	Zm00001d023781	gene_body	0	Zm00001d023781	1	Zm00001d023781: Putative pumilio homolog 7 chloroplastic	False		
agri_aa_oil__Oil_C18_1__L074	agri_aa_oil__Oil_C18_1	8	178944423	178944423	1	1	chr8.s_178944423	178944423	0.0001554325	0.2200496191323943	3.808458167678456	0.1487178	0.092	nominal	Zm00001d012702	gene_body	0	Zm00001d012702	1	Zm00001d012702: Phosphoenolpyruvate carboxylase 3	False		
agri_aa_oil__Oil_C18_1__L037	agri_aa_oil__Oil_C18_1	4	167043800	167043800	1	1	chr4.s_167043800	167043800	0.0001563478	0.2200496191323943	3.805908225419336	0.1081824	0.648	nominal	Zm00001d051697	cis_window	1125	Zm00001d051697	1	Zm00001d051697: Nuclear transcription factor Y subunit B-6	False		hormone_stress_regulatory
agri_aa_oil__Oil_C18_1__L061	agri_aa_oil__Oil_C18_1	8	29049823	29049823	1	1	chr8.s_29049823	29049823	0.000166001	0.2303909434444444	3.779889295736006	0.1613601	0.076	nominal	Zm00001d008990	gene_body	0	Zm00001d008990	1	Zm00001d008990: Putative cytochrome P450 superfamily protein  	False		
agri_aa_oil__Oil_C18_1__L075	agri_aa_oil__Oil_C18_1	9	118648499	118648499	1	1	chr9.s_118648499	118648499	0.0001681936	0.2310692636821917	3.774190533731716	0.1930731	0.065	nominal	Zm00001d047102	cis_window	439	Zm00001d047102	1	Zm00001d047102: Zinc finger protein ZAT9	False		
agri_aa_oil__Oil_C18_1__L072	agri_aa_oil__Oil_C18_1	8	167545797	167545797	1	1	chr8.s_167545797	167545797	0.0001688021	0.2310692636821917	3.772622154791294	0.1157366	0.251	nominal	Zm00001d012064	gene_body	0	Zm00001d012064	1	Zm00001d012064: Peptidyl-prolyl cis-trans isomerase  	False		
agri_aa_oil__Oil_C18_1__L007	agri_aa_oil__Oil_C18_1	1	257224933	257224933	1	1	chr1.s_257224933	257224933	0.0001767281	0.2402732731537415	3.7526943916098743	0.18434	0.07	nominal	Zm00001d033278	gene_body	0	Zm00001d033278	1	Zm00001d033278: Protein NETWORKED 1A	False		
agri_aa_oil__Oil_C18_1__L041	agri_aa_oil__Oil_C18_1	4	222755173	222755173	1	1	chr4.s_222755173	222755173	0.0001816582	0.2426027165281045	3.7407449934281622	0.09586378	0.272	nominal	Zm00001d053257	cis_window	261	Zm00001d053257	1	Zm00001d053257: no description	False		
agri_aa_oil__Oil_C18_1__L018	agri_aa_oil__Oil_C18_1	3	13691003	13691003	1	1	chr3.s_13691003	13691003	0.000184784	0.2426027165281045	3.7333356359976095	0.1880282	0.07	nominal	Zm00001d039747	gene_body	0	Zm00001d039747	1	Zm00001d039747: Transcription initiation factor TFIID subunit 15b	False		
agri_aa_oil__Oil_C18_1__L012	agri_aa_oil__Oil_C18_1	2	52665228	52665228	1	1	chr2.s_52665228	52665228	0.0001856525	0.2426027165281045	3.731299198180917	0.1844084	0.069	nominal	Zm00001d003657	gene_body	0	Zm00001d003657	1	Zm00001d003657: Protein SCARECROW	False		
agri_aa_oil__Oil_C18_1__L035	agri_aa_oil__Oil_C18_1	4	153474464	153474464	1	1	chr4.s_153474464	153474464	0.0001891286	0.2450184273651613	3.723242792239055	0.1066089	0.159	nominal	Zm00001d051316	nearest	107848	Zm00001d051316	1	Zm00001d051316: Putative homeodomain-like transcription factor superfamily protein isoform 1; Putative homeodomain-like transcription factor superfamily protein isoform 2  	False		hormone_stress_regulatory
agri_aa_oil__Oil_C18_2__L069	agri_aa_oil__Oil_C18_2	8	22869586	24172336	1302751	3	chr8.s_23661274	23661274	7.432554e-10	0.0001485440512223	9.128861926816354	0.3294168	0.077	bonferroni_0_05	Zm00001d008881	cis_window	736	Zm00001d008858;Zm00001d008881;Zm00001d008893	3	Zm00001d008858: Whole genome shotgun sequence of line PN40024 scaffold_2.assembly12x (Fragment) | Zm00001d008881: Protein RALF-like 33 | Zm00001d008893: Shaggy-related protein kinase iota	True	Zm00001d008881	
agri_aa_oil__Oil_C18_2__L070	agri_aa_oil__Oil_C18_2	8	39633330	39633330	1	1	chr8.s_39633330	39633330	1.198303e-08	0.0010143038417066	7.92143335340773	0.3820958	0.059	bonferroni_0_05	Zm00001d009150	gene_body	0	Zm00001d009150	1	Zm00001d009150: Sec23/Sec24 protein transport family protein	True	Zm00001d009150	
agri_aa_oil__Oil_C18_2__L029	agri_aa_oil__Oil_C18_2	4	32894031	33618092	724062	2	chr4.s_32894031	32894031	2.637183e-08	0.00131764211412	7.578859732499846	0.2833502	0.093	bonferroni_0_05	Zm00001d049511	gene_body	0	Zm00001d049511;Zm00001d049533	2	Zm00001d049511: Putative MYB DNA-binding domain superfamily protein   | Zm00001d049533: SPFH/Band 7/PHB domain-containing membrane-associated protein family	True	Zm00001d049511	hormone_stress_regulatory;transport_membrane
agri_aa_oil__Oil_C18_2__L050	agri_aa_oil__Oil_C18_2	5	175413863	175992870	579008	2	chr5.s_175992870	175992870	2.490968e-07	0.0053836791399272	6.603631851553291	0.2462005	0.084	bonferroni_0_05	Zm00001d016788	promoter	0	Zm00001d016770;Zm00001d016788	2	Zm00001d016770: Exosome complex component RRP45B | Zm00001d016788: no description	True	Zm00001d016788	
agri_aa_oil__Oil_C18_2__L049	agri_aa_oil__Oil_C18_2	5	55855430	55855430	1	1	chr5.s_55855430	55855430	2.709886e-07	0.0053836791399272	6.567048978724233	0.2618653	0.062	fdr_0_05	Zm00001d014616	nearest	14407	Zm00001d014616	1	Zm00001d014616: transducin family protein / WD-40 repeat family protein	False		
agri_aa_oil__Oil_C18_2__L066	agri_aa_oil__Oil_C18_2	8	10203339	10203339	1	1	chr8.s_10203339	10203339	2.963157e-07	0.0053836791399272	6.52824533723838	0.2811465	0.072	fdr_0_05	Zm00001d008491	cis_window	33	Zm00001d008491	1	Zm00001d008491: Fructose-bisphosphate aldolase  	False		
agri_aa_oil__Oil_C18_2__L012	agri_aa_oil__Oil_C18_2	1	172833339	172833339	1	1	chr1.s_172833339	172833339	5.561379e-07	0.0085498073955692	6.254817507368709	0.2901517	0.066	fdr_0_05	Zm00001d031002	gene_body	0	Zm00001d031002	1	Zm00001d031002: Tetratricopeptide repeat (TPR)-like superfamily protein	False		
agri_aa_oil__Oil_C18_2__L016	agri_aa_oil__Oil_C18_2	1	256316192	257224933	908742	2	chr1.s_257224933	257224933	6.641507e-07	0.0094810358785142	6.177733365281744	0.2467896	0.07	fdr_0_05	Zm00001d033278	gene_body	0	Zm00001d033259;Zm00001d033278	2	Zm00001d033259: DNA repair protein recA homolog 1 chloroplastic | Zm00001d033278: Protein NETWORKED 1A	False		
agri_aa_oil__Oil_C18_2__L068	agri_aa_oil__Oil_C18_2	8	21839315	21839315	1	1	chr8.s_21839315	21839315	1.366523e-06	0.017069238793	5.864383054283049	0.2094979	0.086	fdr_0_05	Zm00001d008827	cis_window	654	Zm00001d008827	1	Zm00001d008827: Probable choline kinase 2	False		
agri_aa_oil__Oil_C18_2__L060	agri_aa_oil__Oil_C18_2	7	118585480	118585480	1	1	chr7.s_118585480	118585480	1.57361e-06	0.0184997294211764	5.803102893218981	0.2740663	0.062	fdr_0_05	Zm00001d020487	promoter	0	Zm00001d020487	1	Zm00001d020487: ARM repeat superfamily protein	False		
agri_aa_oil__Oil_C18_2__L072	agri_aa_oil__Oil_C18_2	8	103046625	103046625	1	1	chr8.s_103046625	103046625	2.345889e-06	0.0246757890517894	5.629692541166767	0.2360204	0.073	fdr_0_05	Zm00001d010175	gene_body	0	Zm00001d010175	1	Zm00001d010175: Ethylene-responsive transcription factor ABR1	True	Zm00001d010175	hormone_stress_regulatory
agri_aa_oil__Oil_C18_2__L045	agri_aa_oil__Oil_C18_2	5	15169264	16107954	938691	3	chr5.s_15169264	15169264	2.706665e-06	0.0263741397942857	5.56756549290128	0.2738754	0.069	fdr_0_05	Zm00001d013603	gene_body	0	Zm00001d013603;Zm00001d013638;Zm00001d013644	3	Zm00001d013603: Type IV inositol polyphosphate 5-phosphatase 7 | Zm00001d013638: Cation/calcium exchanger 2 | Zm00001d013644: 5-methyltetrahydropteroyltriglutamate--homocysteine methyltransferase 1	True	Zm00001d013603	
agri_aa_oil__Oil_C18_2__L047	agri_aa_oil__Oil_C18_2	5	25434070	26236965	802896	2	chr5.s_26236965	26236965	2.77128e-06	0.0263741397942857	5.5573195924741405	0.1701352	0.153	fdr_0_05	Zm00001d013958	cis_window	360	Zm00001d013937;Zm00001d013958	2	Zm00001d013937: Protochlorophyllide reductase C chloroplastic | Zm00001d013958: no description	False		
agri_aa_oil__Oil_C18_2__L033	agri_aa_oil__Oil_C18_2	4	82878969	82878969	1	1	chr4.s_82878969	82878969	2.923328e-06	0.0265565745803636	5.534122453681792	0.110533	0.357	fdr_0_05	Zm00001d050350	nearest	51226	Zm00001d050350	1	Zm00001d050350: no description	False		
agri_aa_oil__Oil_C18_2__L078	agri_aa_oil__Oil_C18_2	10	118153332	118153332	1	1	chr10.s_118153332	118153332	3.949618e-06	0.03157419420032	5.403444906529142	0.2651378	0.065	fdr_0_05	Zm00001d025421	cis_window	1773	Zm00001d025421	1	Zm00001d025421: F-box protein 7	True	Zm00001d025421	
agri_aa_oil__Oil_C18_2__L046	agri_aa_oil__Oil_C18_2	5	22604388	23312825	708438	2	chr5.s_23312825	23312825	4.265155e-06	0.0327852622184615	5.370065181513686	0.2778319	0.067	fdr_0_05	Zm00001d013868	gene_body	0	Zm00001d013849;Zm00001d013868	2	Zm00001d013849: Trihelix transcription factor GT-2 | Zm00001d013868: CDPK-related kinase 3	True	Zm00001d013849;Zm00001d013868	hormone_stress_regulatory
agri_aa_oil__Oil_C18_2__L010	agri_aa_oil__Oil_C18_2	1	151795573	151795573	1	1	chr1.s_151795573	151795573	4.526805e-06	0.0335077459288888	5.344208213092107	-0.1283912	0.248	fdr_0_05	Zm00001d030663	nearest	26910	Zm00001d030663	1	Zm00001d030663: DNAJ heat shock N-terminal domain-containing protein	False		
agri_aa_oil__Oil_C18_2__L006	agri_aa_oil__Oil_C18_2	1	46675258	46675258	1	1	chr1.s_46675258	46675258	5.520763e-06	0.0380468141423448	5.258000896221837	0.2406923	0.057	fdr_0_05	Zm00001d028797	gene_body	0	Zm00001d028797	1	Zm00001d028797: Laccase-13	False		
agri_aa_oil__Oil_C18_2__L001	agri_aa_oil__Oil_C18_2	1	17949282	17949282	1	1	chr1.s_17949282	17949282	6.086646e-06	0.0395042654673548	5.215621956127275	0.2662087	0.064	fdr_0_05	Zm00001d027934	gene_body	0	Zm00001d027934	1	Zm00001d027934:  leucine-rich transmembrane protein kinase1	True	Zm00001d027934	transport_membrane
agri_aa_oil__Oil_C18_2__L035	agri_aa_oil__Oil_C18_2	4	158375488	158375488	1	1	chr4.s_158375488	158375488	6.127573e-06	0.0395042654673548	5.212711506137357	0.1863302	0.092	fdr_0_05	Zm00001d051431	gene_body	0	Zm00001d051431	1	Zm00001d051431: Serine/threonine-protein kinase WNK8	False		
agri_aa_oil__Oil_C18_2__L014	agri_aa_oil__Oil_C18_2	1	237055218	237055218	1	1	chr1.s_237055218	237055218	7.985239e-06	0.0493903047867428	5.097712080799408	0.2403872	0.062	fdr_0_05	Zm00001d032744	gene_body	0	Zm00001d032744	1	Zm00001d032744: Protein NRT1/ PTR FAMILY 5.2	False		
agri_aa_oil__Oil_C18_2__L038	agri_aa_oil__Oil_C18_2	4	183828966	183828966	1	1	chr4.s_183828966	183828966	8.5806e-06	0.0493903047867428	5.066482342969652	0.2973825	0.06	fdr_0_05	Zm00001d052227	cis_window	6066	Zm00001d052227	1	Zm00001d052227:  trehalose-6-phosphate phosphatase4	True	Zm00001d052227	
agri_aa_oil__Oil_C18_2__L030	agri_aa_oil__Oil_C18_2	4	35950366	35950366	1	1	chr4.s_35950366	35950366	9.23033e-06	0.0512426897911111	5.034782771929984	-0.1637773	0.801	suggestive_1e_5	Zm00001d049579	cis_window	2601	Zm00001d049579	1	Zm00001d049579: Tyrosine--tRNA ligase 1 cytoplasmic	False		
agri_aa_oil__Oil_C18_2__L021	agri_aa_oil__Oil_C18_2	2	154108264	155301723	1193460	3	chr2.s_154108264	154108264	1.099743e-05	0.0568751156495238	4.95870879368031	0.1942175	0.068	nominal	Zm00001d005018	gene_body	0	Zm00001d005018;Zm00001d005023;Zm00001d005036	3	Zm00001d005018: Protein DETOXIFICATION 21 | Zm00001d005023: 40S ribosomal protein S16   | Zm00001d005036: Serine/threonine-protein kinase 	True	Zm00001d005018	
agri_aa_oil__Oil_C18_2__L077	agri_aa_oil__Oil_C18_2	10	109171882	109171882	1	1	chr10.s_109171882	109171882	1.133169e-05	0.0568751156495238	4.945705314943245	-0.1277377	0.81	nominal	Zm00001d025208	cis_window	13	Zm00001d025208	1	Zm00001d025208: myosin heavy chain-related	False		
agri_aa_oil__Oil_C18_2__L057	agri_aa_oil__Oil_C18_2	7	91933545	94950140	3016596	6	chr7.s_94446969	94446969	1.148188e-05	0.0568751156495238	4.939986996364947	-0.1829886	0.887	nominal	Zm00001d020124	gene_body	0	Zm00001d020100;Zm00001d020103;Zm00001d020112;Zm00001d020117;Zm00001d020124;Zm00001d020134	6	Zm00001d020100:  protein phosphatase homolog6 | Zm00001d020103: Pentatricopeptide repeat-containing protein  | Zm00001d020112: Pi15 | Zm00001d020117: Pi15 | Zm00001d020124: no description | Zm00001d020134: ABC transporter G family member 40	False		transport_membrane
agri_aa_oil__Oil_C18_2__L071	agri_aa_oil__Oil_C18_2	8	74702912	74702912	1	1	chr8.s_74702912	74702912	1.185573e-05	0.0568751156495238	4.926071699786924	0.2299511	0.061	nominal	Zm00001d009653	nearest	88055	Zm00001d009653	1	Zm00001d009653: 60S acidic ribosomal protein P2A  	False		
agri_aa_oil__Oil_C18_2__L015	agri_aa_oil__Oil_C18_2	1	252140053	252140053	1	1	chr1.s_252140053	252140053	1.195238e-05	0.0568751156495238	4.92254560785802	0.2133001	0.074	nominal	Zm00001d033150	cis_window	294	Zm00001d033150	1	Zm00001d033150: no description	False		
agri_aa_oil__Oil_C18_2__L040	agri_aa_oil__Oil_C18_2	4	233640847	233640847	1	1	chr4.s_233640847	233640847	1.3115e-05	0.0595707145454545	4.882231705073628	0.2096448	0.056	nominal	Zm00001d053548	gene_body	0	Zm00001d053548	1	Zm00001d053548: Shaggy-related protein kinase iota	False		
agri_aa_oil__Oil_C18_2__L051	agri_aa_oil__Oil_C18_2	5	193682370	193682370	1	1	chr5.s_193682370	193682370	1.512216e-05	0.0657011828034782	4.820386171197123	0.1848188	0.106	nominal	Zm00001d017365	gene_body	0	Zm00001d017365	1	Zm00001d017365: Vacuolar protein-sorting protein bro1  	False		
agri_aa_oil__Oil_C18_2__L059	agri_aa_oil__Oil_C18_2	7	112561538	112561538	1	1	chr7.s_112561538	112561538	1.736239e-05	0.070815873792653	4.760390492732764	-0.2237454	0.939	nominal	Zm00001d020417	promoter	0	Zm00001d020417	1	Zm00001d020417: Encodes a protein whose expression is responsive to nematode infection.	False		
agri_aa_oil__Oil_C18_2__L027	agri_aa_oil__Oil_C18_2	4	7357666	7430293	72628	2	chr4.s_7430293	7430293	1.871597e-05	0.0714517028918518	4.727787659613909	0.1892041	0.09	nominal	Zm00001d048903	cis_window	143	Zm00001d048899;Zm00001d048903	2	Zm00001d048899: HVA22-like protein a | Zm00001d048903: Acidic endochitinase	True	Zm00001d048903	
agri_aa_oil__Oil_C18_2__L064	agri_aa_oil__Oil_C18_2	7	146428677	146492766	64090	2	chr7.s_146492766	146492766	1.893573e-05	0.0714517028918518	4.722717947534936	0.2058147	0.101	nominal	Zm00001d021221	gene_body	0	Zm00001d021216;Zm00001d021221	2	Zm00001d021216: Protein DETOXIFICATION 50 | Zm00001d021221: Protein binding protein  	False		
agri_aa_oil__Oil_C18_2__L002	agri_aa_oil__Oil_C18_2	1	40605594	40605594	1	1	chr1.s_40605594	40605594	1.92439e-05	0.0714517028918518	4.71570690855398	-0.1382153	0.167	nominal	Zm00001d028606	cis_window	6419	Zm00001d028606	1	Zm00001d028606: Oxysterol-binding protein-related protein 3B	False		fatty_acid_lipid
agri_aa_oil__Oil_C18_2__L073	agri_aa_oil__Oil_C18_2	8	145824238	145824238	1	1	chr8.s_145824238	145824238	1.930586e-05	0.0714517028918518	4.714310847500927	0.1550882	0.098	nominal	Zm00001d011285	promoter	0	Zm00001d011285	1	Zm00001d011285: photosystem II light harvesting complex gene B1B2	False		
agri_aa_oil__Oil_C18_2__L042	agri_aa_oil__Oil_C18_2	4	244184464	244184464	1	1	chr4.s_244184464	244184464	2.138371e-05	0.0777029590138181	4.669916943994026	0.2026945	0.083	nominal	Zm00001d053954	gene_body	0	Zm00001d053954	1	Zm00001d053954: RNA polymerase II transcription factor B subunit 4	False		hormone_stress_regulatory
agri_aa_oil__Oil_C18_2__L048	agri_aa_oil__Oil_C18_2	5	27296743	27296743	1	1	chr5.s_27296743	27296743	2.394718e-05	0.0825170276910344	4.620745621395413	0.2767577	0.056	nominal	Zm00001d013983	gene_body	0	Zm00001d013983	1	Zm00001d013983: LysM domain containing protein  	True	Zm00001d013983	
agri_aa_oil__Oil_C18_2__L058	agri_aa_oil__Oil_C18_2	7	99721214	99721214	1	1	chr7.s_99721214	99721214	2.793312e-05	0.089875680385	4.553880552909551	0.1744551	0.108	nominal	Zm00001d020206	cis_window	7010	Zm00001d020206	1	Zm00001d020206: 3-ketoacyl-CoA synthase  	False		fatty_acid_lipid
agri_aa_oil__Oil_C18_2__L039	agri_aa_oil__Oil_C18_2	4	231023041	231023041	1	1	chr4.s_231023041	231023041	3.287125e-05	0.1005447908847058	4.483183780622349	-0.127975	0.689	nominal	Zm00001d053429	gene_body	0	Zm00001d053429	1	Zm00001d053429: DNA binding protein  	False		
agri_aa_oil__Oil_C18_2__L062	agri_aa_oil__Oil_C18_2	7	122009958	122009958	1	1	chr7.s_122009958	122009958	3.35837e-05	0.1005447908847058	4.473871458255675	0.1150284	0.715	nominal	Zm00001d020550	cis_window	84	Zm00001d020550	1	Zm00001d020550: no description	False		
agri_aa_oil__Oil_C18_2__L013	agri_aa_oil__Oil_C18_2	1	198843508	198843508	1	1	chr1.s_198843508	198843508	3.483012e-05	0.1008841806191304	4.458045029267057	0.1111304	0.726	nominal	Zm00001d031701	cis_window	3979	Zm00001d031701	1	Zm00001d031701: 60S ribosomal protein L38	False		
agri_aa_oil__Oil_C18_2__L054	agri_aa_oil__Oil_C18_2	7	12632918	12632918	1	1	chr7.s_12632918	12632918	3.781499e-05	0.1079650377348571	4.422336010115034	-0.1601283	0.87	nominal	Zm00001d019001	gene_body	0	Zm00001d019001	1	Zm00001d019001: F-box domain containing protein  	False		
agri_aa_oil__Oil_C18_2__L036	agri_aa_oil__Oil_C18_2	4	174735071	174735071	1	1	chr4.s_174735071	174735071	4.280167e-05	0.1155968994529729	4.368539285714969	-0.1070829	0.742	nominal	Zm00001d051925	gene_body	0	Zm00001d051925	1	Zm00001d051925: Receptor-like serine/threonine-protein kinase ALE2	False		
agri_aa_oil__Oil_C18_2__L031	agri_aa_oil__Oil_C18_2	4	41049960	41049960	1	1	chr4.s_41049960	41049960	4.7833e-05	0.1241521045194805	4.320272380102579	0.129724	0.215	nominal	Zm00001d049709	gene_body	0	Zm00001d049709	1	Zm00001d049709: Polyneuridine-aldehyde esterase  	False		
agri_aa_oil__Oil_C18_2__L037	agri_aa_oil__Oil_C18_2	4	177029406	177029406	1	1	chr4.s_177029406	177029406	5.08942e-05	0.1287533067746835	4.293331707869909	-0.09307227	0.377	nominal	Zm00001d052034	gene_body	0	Zm00001d052034	1	Zm00001d052034: Thioredoxin H-type 2	False		
agri_aa_oil__Oil_C18_2__L052	agri_aa_oil__Oil_C18_2	5	197526726	197526726	1	1	chr5.s_197526726	197526726	5.429723e-05	0.135645339986	4.2652223255934745	0.1299239	0.145	nominal	Zm00001d017493	cis_window	3223	Zm00001d017493	1	Zm00001d017493: Expansin-B4	False		
agri_aa_oil__Oil_C18_2__L061	agri_aa_oil__Oil_C18_2	7	120921446	120921446	1	1	chr7.s_120921446	120921446	5.976658e-05	0.1439121640057831	4.223541594921268	0.1243475	0.228	nominal	Zm00001d020526	gene_body	0	Zm00001d020526	1	Zm00001d020526: no description	False		
agri_aa_oil__Oil_C18_2__L019	agri_aa_oil__Oil_C18_2	2	52665228	52665228	1	1	chr2.s_52665228	52665228	6.596761e-05	0.1515404903926437	4.1806692500807445	0.1997904	0.069	nominal	Zm00001d003657	gene_body	0	Zm00001d003657	1	Zm00001d003657: Protein SCARECROW	False		
agri_aa_oil__Oil_C18_2__L020	agri_aa_oil__Oil_C18_2	2	153085847	153085847	1	1	chr2.s_153085847	153085847	6.988225e-05	0.1569256961348314	4.155633120477125	0.1191867	0.232	nominal	Zm00001d004997	gene_body	0	Zm00001d004997	1	Zm00001d004997: Ubiquinol-cytochrome c reductase complex 8.0 kDa protein  	False		
agri_aa_oil__Oil_C18_2__L017	agri_aa_oil__Oil_C18_2	2	2561749	2779223	217475	2	chr2.s_2779223	2779223	8.082521e-05	0.1794822574417778	4.092453158331344	-0.1610415	0.122	nominal	Zm00001d001909	promoter	0	Zm00001d001899;Zm00001d001909	2	Zm00001d001899:  acidic ribosomal protein P2a-3 | Zm00001d001909: Alternative oxidase  	False		
agri_aa_oil__Oil_C18_2__L065	agri_aa_oil__Oil_C18_2	7	178148445	178148445	1	1	chr7.s_178148445	178148445	8.398023e-05	0.1844390422734065	4.07582294027686	0.1314607	0.158	nominal	Zm00001d022462	gene_body	0	Zm00001d022462	1	Zm00001d022462: 60S ribosomal protein L18-3	False		
agri_aa_oil__Oil_C18_2__L063	agri_aa_oil__Oil_C18_2	7	144353418	144353418	1	1	chr7.s_144353418	144353418	8.496957e-05	0.1845834606730435	4.070736579547331	0.1858904	0.074	nominal	Zm00001d021162	gene_body	0	Zm00001d021162	1	Zm00001d021162: polymerase delta 4	True	Zm00001d021162	
agri_aa_oil__Oil_C18_2__L009	agri_aa_oil__Oil_C18_2	1	108005633	108005633	1	1	chr1.s_108005633	108005633	8.715372e-05	0.1869656069191489	4.059714071078449	0.1912058	0.078	nominal	Zm00001d030130	promoter	0	Zm00001d030130	1	Zm00001d030130: LrgB-like family protein  	False		
agri_aa_oil__Oil_C18_2__L041	agri_aa_oil__Oil_C18_2	4	241402734	241402734	1	1	chr4.s_241402734	241402734	8.793715e-05	0.1869656069191489	4.05582761375987	0.2277296	0.053	nominal	Zm00001d053802	cis_window	1172	Zm00001d053802	1	Zm00001d053802: Pentatricopeptide repeat-containing protein 	True	Zm00001d053802	
agri_aa_oil__Oil_C18_2__L024	agri_aa_oil__Oil_C18_2	3	184826025	184826025	1	1	chr3.s_184826025	184826025	9.705313e-05	0.1939665034928	4.012990453889132	0.209565	0.061	nominal	Zm00001d042958	promoter	0	Zm00001d042958	1	Zm00001d042958: CCT motif family protein	False		
agri_aa_oil__Oil_C18_2__L028	agri_aa_oil__Oil_C18_2	4	17527741	17527741	1	1	chr4.s_17527741	17527741	0.0001026088	0.1988017120152381	3.9888153913923055	-0.1321738	0.817	nominal	Zm00001d049140	gene_body	0	Zm00001d049140	1	Zm00001d049140: Calmodulin-interacting protein 111	False		
agri_aa_oil__Oil_C18_2__L053	agri_aa_oil__Oil_C18_2	6	106604372	107074209	469838	2	chr6.s_107074209	107074209	0.000103064	0.1988017120152381	3.986893006215944	0.1300868	0.175	nominal	Zm00001d036949	nearest	38851	Zm00001d036925;Zm00001d036949	2	Zm00001d036925: Protein kinase Kelch repeat:Kelch   | Zm00001d036949: Serine/threonine-protein phosphatase PP2A-5 catalytic subunit	False		
agri_aa_oil__Oil_C18_2__L026	agri_aa_oil__Oil_C18_2	3	199530238	200412895	882658	2	chr3.s_199530238	199530238	0.0001044461	0.1988017120152381	3.981107771864632	0.1434411	0.125	nominal	Zm00001d043428	gene_body	0	Zm00001d043428;Zm00001d043449	2	Zm00001d043428: Callose synthase 11 | Zm00001d043449: RNA-binding S4 domain-containing protein	False		
agri_aa_oil__Oil_C18_2__L025	agri_aa_oil__Oil_C18_2	3	194296472	194296472	1	1	chr3.s_194296472	194296472	0.0001093709	0.2005037475714285	3.961098214113633	0.2191927	0.049	nominal	Zm00001d043280	gene_body	0	Zm00001d043280	1	Zm00001d043280: Regulator of chromosome condensation (RCC1) family protein	False		
agri_aa_oil__Oil_C18_2__L075	agri_aa_oil__Oil_C18_2	9	118648499	118648499	1	1	chr9.s_118648499	118648499	0.0001096039	0.2005037475714285	3.960173992217115	0.2015732	0.065	nominal	Zm00001d047102	cis_window	439	Zm00001d047102	1	Zm00001d047102: Zinc finger protein ZAT9	False		
agri_aa_oil__Oil_C18_2__L007	agri_aa_oil__Oil_C18_2	1	54036091	54036091	1	1	chr1.s_54036091	54036091	0.0001107851	0.2005037475714285	3.9555186459516087	0.1838813	0.1	nominal	Zm00001d028995	gene_body	0	Zm00001d028995	1	Zm00001d028995: Arabidopsis NAC domain containing protein 87	True	Zm00001d028995	hormone_stress_regulatory
agri_aa_oil__Oil_C18_2__L005	agri_aa_oil__Oil_C18_2	1	45512303	45512303	1	1	chr1.s_45512303	45512303	0.0001117668	0.2005037475714285	3.9516871831945433	0.1799283	0.074	nominal	Zm00001d028751	cis_window	15	Zm00001d028751	1	Zm00001d028751: Protein ESKIMO 1	False		
agri_aa_oil__Oil_C18_2__L055	agri_aa_oil__Oil_C18_2	7	18621489	18621489	1	1	chr7.s_18621489	18621489	0.0001241248	0.2099373312528926	3.906141438266684	0.1637471	0.091	nominal	Zm00001d019136	nearest	72390	Zm00001d019136	1	Zm00001d019136: Probable protein phosphatase 2C 33	False		
agri_aa_oil__Oil_C18_2__L023	agri_aa_oil__Oil_C18_2	3	2941069	2941069	1	1	chr3.s_2941069	2941069	0.0001271036	0.2099373312528926	3.895842148596319	-0.09663507	0.44	nominal	Zm00001d039380	gene_body	0	Zm00001d039380	1	Zm00001d039380: Probable pre-mRNA-splicing factor ATP-dependent RNA helicase DEAH9	False		
agri_aa_oil__Oil_C18_2__L022	agri_aa_oil__Oil_C18_2	2	201993725	201993725	1	1	chr2.s_201993725	201993725	0.0001290998	0.2114866363016393	3.889074430537326	0.09451746	0.431	nominal	Zm00001d006214	gene_body	0	Zm00001d006214	1	Zm00001d006214: Lon protease homolog 2 peroxisomal	False		
agri_aa_oil__Oil_C18_2__L034	agri_aa_oil__Oil_C18_2	4	145126715	145548006	421292	2	chr4.s_145126715	145126715	0.0001331003	0.2162674272910569	3.8758209656508114	0.1503021	0.123	nominal	Zm00001d051130	cis_window	4351	Zm00001d051130;Zm00001d051139	2	Zm00001d051130: Long-chain-alcohol oxidase FAO4B | Zm00001d051139: RNA-binding (RRM/RBD/RNP motifs) family protein	False		
agri_aa_oil__Oil_C18_2__L056	agri_aa_oil__Oil_C18_2	7	88920584	88920584	1	1	chr7.s_88920584	88920584	0.0001374895	0.2190098183619047	3.8617304674059474	-0.1729136	0.893	nominal	Zm00001d020054	gene_body	0	Zm00001d020054	1	Zm00001d020054: no description	False		
agri_aa_oil__Oil_C18_2__L018	agri_aa_oil__Oil_C18_2	2	6100912	6100912	1	1	chr2.s_6100912	6100912	0.0001422927	0.2235290969353845	3.846817379824642	0.1622003	0.093	nominal	Zm00001d002115	gene_body	0	Zm00001d002115	1	Zm00001d002115: Microtubule-associated protein RP/EB family member 1B	False		
agri_aa_oil__Oil_C18_2__L008	agri_aa_oil__Oil_C18_2	1	55376196	55376196	1	1	chr1.s_55376196	55376196	0.0001436692	0.2235290969353845	3.842636326533497	-0.1315367	0.108	nominal	Zm00001d029031	gene_body	0	Zm00001d029031	1	Zm00001d029031: Cytochrome P450 CYP714B3  	False		
agri_aa_oil__Oil_C18_2__L032	agri_aa_oil__Oil_C18_2	4	77084511	77084511	1	1	chr4.s_77084511	77084511	0.0001518346	0.2297664489599999	3.8186292503323855	0.1130115	0.14	nominal	Zm00001d050259	cis_window	2576	Zm00001d050259	1	Zm00001d050259: ABC transporter A family member 7	False		transport_membrane
agri_aa_oil__Oil_C18_2__L004	agri_aa_oil__Oil_C18_2	1	44381041	44381041	1	1	chr1.s_44381041	44381041	0.0001584473	0.2328429675647058	3.800115156947596	0.1602526	0.099	nominal	Zm00001d028726	gene_body	0	Zm00001d028726	1	Zm00001d028726:  protein disulfide isomerase9	False		
agri_aa_oil__Oil_C18_2__L076	agri_aa_oil__Oil_C18_2	9	155639357	155639357	1	1	chr9.s_155639357	155639357	0.0001686353	0.2404984893730496	3.7730515104316686	-0.08986096	0.416	nominal	Zm00001d048403	gene_body	0	Zm00001d048403	1	Zm00001d048403: Proteasome subunit alpha type  	False		
agri_aa_oil__Oil_C18_2__L003	agri_aa_oil__Oil_C18_2	1	43359866	43359866	1	1	chr1.s_43359866	43359866	0.0001696736	0.2404984893730496	3.770385725544677	0.1540045	0.122	nominal	Zm00001d028696	gene_body	0	Zm00001d028696	1	Zm00001d028696: Expressed protein;  protein	False		
agri_aa_oil__Oil_C18_2__L011	agri_aa_oil__Oil_C18_2	1	153742108	153742108	1	1	chr1.s_153742108	153742108	0.0001724892	0.2427676165859155	3.763238092052968	-0.1266446	0.169	nominal	Zm00001d030694	promoter	0	Zm00001d030694	1	Zm00001d030694: Thaumatin-like protein  	False		
agri_aa_oil__Oil_C18_2__L067	agri_aa_oil__Oil_C18_2	8	13287000	13287000	1	1	chr8.s_13287000	13287000	0.0001794964	0.2493095344666666	3.745944257257324	0.1461715	0.08	nominal	Zm00001d008570	gene_body	0	Zm00001d008570	1	Zm00001d008570: Protein SAR DEFICIENT 1	False		
agri_aa_oil__Oil_C18_2__L074	agri_aa_oil__Oil_C18_2	9	9717356	9717356	1	1	chr9.s_9717356	9717356	0.0001796322	0.2493095344666666	3.7456158111605578	-0.1385041	0.85	nominal	Zm00001d045000	cis_window	891	Zm00001d045000	1	Zm00001d045000: 40S ribosomal protein S17-4  	False		
agri_aa_oil__Oil_C18_2__L044	agri_aa_oil__Oil_C18_2	5	9977979	9977979	1	1	chr5.s_9977979	9977979	0.0001823428	0.2512562440707483	3.739111380592612	0.09571344	0.343	nominal	Zm00001d013371	gene_body	0	Zm00001d013371	1	Zm00001d013371: no description	False		
agri_aa_oil__Oil_C18_2__L043	agri_aa_oil__Oil_C18_2	5	934185	934185	1	1	chr5.s_934185	934185	0.00018364	0.2512562440707483	3.736032715906017	-0.1456727	0.877	nominal	Zm00001d012826	gene_body	0	Zm00001d012826	1	Zm00001d012826: Exosome complex exonuclease RRP46 homolog	False		
agri_aa_oil__Oil_C200_C220__L043	agri_aa_oil__Oil_C200_C220	6	107129063	108250161	1121099	6	chr6.s_108212452	108212452	2.348284e-25	4.69318647104e-20	24.62924938094476	0.3350413	0.149	bonferroni_0_05	Zm00001d036982	cis_window	10	Zm00001d036949;Zm00001d036956;Zm00001d036972;Zm00001d036981;Zm00001d036982	5	Zm00001d036949: Serine/threonine-protein phosphatase PP2A-5 catalytic subunit | Zm00001d036956: Tetraspanin-2 | Zm00001d036972: Putative leucine-rich repeat receptor-like protein kinase family protein   | Zm00001d036981: K(+) efflux antiporter 4 | Zm00001d036982:  linoleic acid1	True	Zm00001d036956;Zm00001d036981;Zm00001d036982	fatty_acid_lipid
agri_aa_oil__Oil_C200_C220__L057	agri_aa_oil__Oil_C200_C220	8	39585362	39847237	261876	2	chr8.s_39847237	39847237	4.094131e-09	7.438514955781817e-05	8.387838265321065	0.3274579	0.06	bonferroni_0_05	Zm00001d009152	cis_window	212	Zm00001d009147;Zm00001d009152	2	Zm00001d009147: CONTAINS InterPro DOMAIN/s: NEFA-interacting nuclear protein NIP30 N-terminal (InterPro:IPR019331); Has 398 Blast hits to 395 proteins in 139 species: Archae - 0; Bacteria - 6; Metazoa - 193; Fungi - 83; Plants - 36; Viruses - 0; Other Eukaryotes - /.../ource: NCBI BLink). | Zm00001d009152: Pectin acetylesterase 12	True	Zm00001d009147;Zm00001d009152	
agri_aa_oil__Oil_C200_C220__L005	agri_aa_oil__Oil_C200_C220	1	45017317	45538366	521050	2	chr1.s_45017317	45017317	9.428143e-08	0.00117766934213	7.025573838998803	0.1030795	0.443	bonferroni_0_05	Zm00001d028743	nearest	26314	Zm00001d028743;Zm00001d028752	2	Zm00001d028743: no description | Zm00001d028752: Probable protein phosphatase 2C 30	False		
agri_aa_oil__Oil_C200_C220__L029	agri_aa_oil__Oil_C200_C220	4	80437570	80437570	1	1	chr4.s_80437570	80437570	1.179442e-06	0.0112246933500952	5.928323411030431	0.2212014	0.056	fdr_0_05	Zm00001d050310	promoter	0	Zm00001d050310	1	Zm00001d050310: Homeodomain leucine zipper protein CPHB-5; Putative homeobox DNA-binding and leucine zipper domain family protein  	False		
agri_aa_oil__Oil_C200_C220__L055	agri_aa_oil__Oil_C200_C220	8	21748397	21748397	1	1	chr8.s_21748397	21748397	2.241503e-06	0.020362628344	5.649460675543416	0.100292	0.414	fdr_0_05	Zm00001d008825	cis_window	789	Zm00001d008825	1	Zm00001d008825: no description	False		
agri_aa_oil__Oil_C200_C220__L066	agri_aa_oil__Oil_C200_C220	8	175694568	175694568	1	1	chr8.s_175694568	175694568	3.499668e-06	0.0304099846873043	5.455973153537424	0.161981	0.076	fdr_0_05	Zm00001d012510	gene_body	0	Zm00001d012510	1	Zm00001d012510: Putative cytochrome P450 superfamily protein  	False		
agri_aa_oil__Oil_C200_C220__L013	agri_aa_oil__Oil_C200_C220	1	301383614	301383614	1	1	chr1.s_301383614	301383614	4.268773e-06	0.0355474956953333	5.369696939004571	0.1159563	0.22	fdr_0_05	Zm00001d034754	gene_body	0	Zm00001d034754	1	Zm00001d034754: DUF4378 domain protein	False		
agri_aa_oil__Oil_C200_C220__L065	agri_aa_oil__Oil_C200_C220	8	173495884	174417349	921466	2	chr8.s_174417349	174417349	6.094547e-06	0.0487212714092799	5.215058569407645	0.09264255	0.318	fdr_0_05	Zm00001d012435	gene_body	0	Zm00001d012393;Zm00001d012435	2	Zm00001d012393: Integral membrane HRF1 family protein | Zm00001d012435: Probable membrane-associated kinase regulator 4	False		transport_membrane
agri_aa_oil__Oil_C200_C220__L072	agri_aa_oil__Oil_C200_C220	9	157067924	157067924	1	1	chr9.s_157067924	157067924	7.188626e-06	0.0532107421428148	5.1433541106799385	0.1006001	0.21	suggestive_1e_5	Zm00001d048484	cis_window	119	Zm00001d048484	1	Zm00001d048484: no description	False		
agri_aa_oil__Oil_C200_C220__L049	agri_aa_oil__Oil_C200_C220	7	19829594	19829594	1	1	chr7.s_19829594	19829594	1.023441e-05	0.0705313187917241	4.98993718877382	0.07920615	0.617	nominal	Zm00001d019165	nearest	40244	Zm00001d019165	1	Zm00001d019165:  oligosaccharide transferase1	False		
agri_aa_oil__Oil_C200_C220__L067	agri_aa_oil__Oil_C200_C220	8	178944423	178944423	1	1	chr8.s_178944423	178944423	1.214739e-05	0.080629453352258	4.915517024976157	0.1468657	0.092	nominal	Zm00001d012702	gene_body	0	Zm00001d012702	1	Zm00001d012702: Phosphoenolpyruvate carboxylase 3	False		
agri_aa_oil__Oil_C200_C220__L061	agri_aa_oil__Oil_C200_C220	8	156535305	157378130	842826	2	chr8.s_157378130	157378130	1.250657e-05	0.080629453352258	4.9028617817793325	0.1254378	0.148	nominal	Zm00001d011643	gene_body	0	Zm00001d011625;Zm00001d011643	2	Zm00001d011625: Putative WAK receptor-like protein kinase family protein   | Zm00001d011643: Putative leucine-rich repeat receptor-like protein kinase family protein  	False		
agri_aa_oil__Oil_C200_C220__L014	agri_aa_oil__Oil_C200_C220	2	9621208	9621208	1	1	chr2.s_9621208	9621208	1.387626e-05	0.08666418183	4.857727571361873	-0.08960341	0.697	nominal	Zm00001d002288	gene_body	0	Zm00001d002288	1	Zm00001d002288: Protein SPATULA  	False		
agri_aa_oil__Oil_C200_C220__L033	agri_aa_oil__Oil_C200_C220	4	145121557	145571759	450203	3	chr4.s_145571759	145571759	1.80637e-05	0.1093981462787878	4.743193288075577	0.09010354	0.361	nominal	Zm00001d051140	gene_body	0	Zm00001d051130;Zm00001d051139;Zm00001d051140	3	Zm00001d051130: Long-chain-alcohol oxidase FAO4B | Zm00001d051139: RNA-binding (RRM/RBD/RNP motifs) family protein | Zm00001d051140: NAC domain containing protein 74	False		hormone_stress_regulatory
agri_aa_oil__Oil_C200_C220__L076	agri_aa_oil__Oil_C200_C220	10	118050563	118050563	1	1	chr10.s_118050563	118050563	2.382793e-05	0.136061565088	4.622913684410795	0.1181244	0.183	nominal	Zm00001d025418	gene_body	0	Zm00001d025418	1	Zm00001d025418: WAT1-related protein 	False		
agri_aa_oil__Oil_C200_C220__L037	agri_aa_oil__Oil_C200_C220	5	92363174	92363174	1	1	chr5.s_92363174	92363174	2.631017e-05	0.1460623704311111	4.579876345763655	0.08571803	0.547	nominal	Zm00001d015475	nearest	29273	Zm00001d015475	1	Zm00001d015475: RING-H2 finger protein ATL2L  	False		
agri_aa_oil__Oil_C200_C220__L010	agri_aa_oil__Oil_C200_C220	1	258890737	258890737	1	1	chr1.s_258890737	258890737	2.913809e-05	0.1566585392156097	4.5355389196095	0.1117763	0.127	nominal	Zm00001d033320	gene_body	0	Zm00001d033320	1	Zm00001d033320: UDP-glycosyltransferase 91A1	False		
agri_aa_oil__Oil_C200_C220__L036	agri_aa_oil__Oil_C200_C220	5	27297990	27759907	461918	2	chr5.s_27297990	27297990	3.195389e-05	0.1566585392156097	4.495476264181698	0.2256808	0.057	nominal	Zm00001d013983	gene_body	0	Zm00001d013983;Zm00001d013992	2	Zm00001d013983: LysM domain containing protein   | Zm00001d013992: Pyridoxal phosphate (PLP)-dependent transferases superfamily protein	True	Zm00001d013983	
agri_aa_oil__Oil_C200_C220__L001	agri_aa_oil__Oil_C200_C220	1	7760745	7760745	1	1	chr1.s_7760745	7760745	3.213814e-05	0.1566585392156097	4.492979261708061	0.08136224	0.448	nominal	Zm00001d027538	cis_window	4376	Zm00001d027538	1	Zm00001d027538: OSJNBa0089E12.13 protein;  protein	False		
agri_aa_oil__Oil_C200_C220__L041	agri_aa_oil__Oil_C200_C220	5	216590468	217273667	683200	3	chr5.s_216609142	216609142	3.299549e-05	0.1570082535580952	4.481545417757504	-0.08119159	0.349	nominal	Zm00001d018208	gene_body	0	Zm00001d018206;Zm00001d018208;Zm00001d018243	3	Zm00001d018206: Nitrate reductase [NADH] 2 | Zm00001d018208:  protein; Tyrosine specific protein phosphatase-like | Zm00001d018243: Replication factor C subunit 5	False		
agri_aa_oil__Oil_C200_C220__L047	agri_aa_oil__Oil_C200_C220	6	148936007	148936007	1	1	chr6.s_148936007	148936007	3.664496e-05	0.16644807104	4.435985748027063	0.07139243	0.41	nominal	Zm00001d038131	cis_window	1953	Zm00001d038131	1	Zm00001d038131: P-loop containing nucleoside triphosphate hydrolases superfamily protein	False		
agri_aa_oil__Oil_C200_C220__L027	agri_aa_oil__Oil_C200_C220	3	224352419	224352419	1	1	chr3.s_224352419	224352419	3.920937e-05	0.1741383966826666	4.406610135708507	-0.1280632	0.857	nominal	Zm00001d044288	gene_body	0	Zm00001d044288	1	Zm00001d044288: alpha/beta-Hydrolases superfamily protein	False		
agri_aa_oil__Oil_C200_C220__L032	agri_aa_oil__Oil_C200_C220	4	92629736	92629736	1	1	chr4.s_92629736	92629736	4.399741e-05	0.1870882207012766	4.356572888418699	0.1201967	0.11	nominal	Zm00001d050487	nearest	14619	Zm00001d050487	1	Zm00001d050487: no description	False		
agri_aa_oil__Oil_C200_C220__L016	agri_aa_oil__Oil_C200_C220	2	46237541	46237541	1	1	chr2.s_46237541	46237541	4.56684e-05	0.1901479948	4.34038420370597		0.191	nominal	Zm00001d003508	gene_body	0	Zm00001d003508	1	Zm00001d003508: Steroid nuclear receptor ligand-binding	False		
agri_aa_oil__Oil_C200_C220__L056	agri_aa_oil__Oil_C200_C220	8	29237124	29237124	1	1	chr8.s_29237124	29237124	5.009655e-05	0.2043284917714286	4.300192181668756	-0.08372121	0.374	nominal	Zm00001d008997	gene_body	0	Zm00001d008997	1	Zm00001d008997: Putative VHS/GAT domain containing family protein  	False		
agri_aa_oil__Oil_C200_C220__L011	agri_aa_oil__Oil_C200_C220	1	263332028	263332028	1	1	chr1.s_263332028	263332028	5.342941e-05	0.2135637632992	4.27221962153409	0.07857843	0.247	nominal	Zm00001d033462	cis_window	2456	Zm00001d033462	1	Zm00001d033462: Auxin responsive protein	False		hormone_stress_regulatory
agri_aa_oil__Oil_C200_C220__L022	agri_aa_oil__Oil_C200_C220	3	6379545	6379545	1	1	chr3.s_6379545	6379545	5.473634e-05	0.2144977640596078	4.2617242454890105	0.0988539	0.223	nominal	Zm00001d039517	gene_body	0	Zm00001d039517	1	Zm00001d039517: Clavaminate synthase-like protein 	False		
agri_aa_oil__Oil_C200_C220__L073	agri_aa_oil__Oil_C200_C220	10	1515112	1584588	69477	3	chr10.s_1584588	1584588	5.701063e-05	0.2191137782553846	4.244044159767455		0.116	nominal	Zm00001d023262	gene_body	0	Zm00001d023260;Zm00001d023262	2	Zm00001d023260: RNA-binding (RRM/RBD/RNP motifs) family protein | Zm00001d023262:  brick3	False		
agri_aa_oil__Oil_C200_C220__L021	agri_aa_oil__Oil_C200_C220	2	230080685	230453442	372758	2	chr2.s_230453442	230453442	5.845167e-05	0.2204135275381132	4.2332030762656325	-0.07676458	0.533	nominal	Zm00001d007387	gene_body	0	Zm00001d007373;Zm00001d007387	2	Zm00001d007373: no description | Zm00001d007387: Retrotransposon protein  	False		
agri_aa_oil__Oil_C200_C220__L048	agri_aa_oil__Oil_C200_C220	6	165908002	166882283	974282	2	chr6.s_165908002	165908002	6.483327e-05	0.2380475731636363	4.188202073304681		0.069	nominal	Zm00001d038857	gene_body	0	Zm00001d038857;Zm00001d038915	2	Zm00001d038857: Chaperonin CPN60-like 2 mitochondrial | Zm00001d038915: Putative WAK receptor-like protein kinase family protein  	False		
agri_aa_oil__Oil_C200_C220__L031	agri_aa_oil__Oil_C200_C220	4	90606195	90606195	1	1	chr4.s_90606195	90606195	6.551025e-05	0.2380475731636363	4.183690743211728	-0.1428529	0.051	nominal	Zm00001d050465	cis_window	3299	Zm00001d050465	1	Zm00001d050465: Wall-associated receptor kinase 3	False		
agri_aa_oil__Oil_C200_C220__L046	agri_aa_oil__Oil_C200_C220	6	133715552	133715552	1	1	chr6.s_133715552	133715552	6.820153e-05	0.2434015174942857	4.166205882482758	0.1289049	0.101	nominal	Zm00001d037674	gene_body	0	Zm00001d037674	1	Zm00001d037674: Alliin lyase  	False		
agri_aa_oil__Oil_C200_C220__L015	agri_aa_oil__Oil_C200_C220	2	16314360	16314360	1	1	chr2.s_16314360	16314360	7.105741e-05	0.2491447321571929	4.148390626331738	-0.1284954	0.903	nominal	Zm00001d002592	gene_body	0	Zm00001d002592	1	Zm00001d002592:  1-aminocyclopropane-1-carboxylate synthase2	False		
agri_aa_oil__Oil_C200_C220__L039	agri_aa_oil__Oil_C200_C220	5	177541721	177541721	1	1	chr5.s_177541721	177541721	7.41645e-05	0.2555555226206896	4.129803926842563	0.1460387	0.069	nominal	Zm00001d016827	gene_body	0	Zm00001d016827	1	Zm00001d016827: DDT domain-containing protein	False		
agri_aa_oil__Oil_C200_C220__L045	agri_aa_oil__Oil_C200_C220	6	121922548	122605878	683331	2	chr6.s_122605878	122605878	7.795116e-05	0.2604601040970491	4.1081774176419055	-0.1235371	0.101	nominal	Zm00001d037354	gene_body	0	Zm00001d037334;Zm00001d037354	2	Zm00001d037334: Odorant 1 protein; Putative MYB DNA-binding domain superfamily protein   | Zm00001d037354: alpha/beta-Hydrolases superfamily protein	False		hormone_stress_regulatory
agri_aa_oil__Oil_C200_C220__L003	agri_aa_oil__Oil_C200_C220	1	29163689	29163689	1	1	chr1.s_29163689	29163689	7.841917e-05	0.2604601040970491	4.105577758647997	0.1001533	0.151	nominal	Zm00001d028284	gene_body	0	Zm00001d028284	1	Zm00001d028284: Ternary complex factor MIP1  	False		
agri_aa_oil__Oil_C200_C220__L024	agri_aa_oil__Oil_C200_C220	3	176206551	176206551	1	1	chr3.s_176206551	176206551	8.15781e-05	0.2629656895741935	4.088426413864778	0.07532977	0.419	nominal	Zm00001d042670	cis_window	942	Zm00001d042670	1	Zm00001d042670: Erythroid differentiation-related factor 1-like protein;  protein	False		
agri_aa_oil__Oil_C200_C220__L071	agri_aa_oil__Oil_C200_C220	9	155585551	155585551	1	1	chr9.s_155585551	155585551	8.669771e-05	0.2707352739024999	4.061992373659869	-0.07252236	0.443	nominal	Zm00001d048397	gene_body	0	Zm00001d048397	1	Zm00001d048397: Ubiquitin-conjugating enzyme E2 4	False		
agri_aa_oil__Oil_C200_C220__L042	agri_aa_oil__Oil_C200_C220	6	103816049	103816049	1	1	chr6.s_103816049	103816049	9.115397e-05	0.2802718127433846	4.040224411907008	0.130582	0.067	nominal	Zm00001d036847	nearest	94127	Zm00001d036847	1	Zm00001d036847: BTB/POZ domain-containing protein 	False		
agri_aa_oil__Oil_C200_C220__L018	agri_aa_oil__Oil_C200_C220	2	70599304	70599304	1	1	chr2.s_70599304	70599304	0.0001253043	0.352715720856338	3.9020340253009063	0.1730361	0.068	nominal	Zm00001d003941	gene_body	0	Zm00001d003941	1	Zm00001d003941: Probable metal-nicotianamine transporter YSL6	False		transport_membrane
agri_aa_oil__Oil_C200_C220__L030	agri_aa_oil__Oil_C200_C220	4	85022987	85370765	347779	2	chr4.s_85370765	85370765	0.0001332903	0.3609202002199999	3.8752014545603015	0.1519179	0.059	nominal	Zm00001d050389	gene_body	0	Zm00001d050384;Zm00001d050389	2	Zm00001d050384: no description | Zm00001d050389: Transcription factor TCP18	False		hormone_stress_regulatory
agri_aa_oil__Oil_C200_C220__L060	agri_aa_oil__Oil_C200_C220	8	93481773	93481773	1	1	chr8.s_93481773	93481773	0.000140016	0.3609202002199999	3.85382233350268	-0.07305806	0.674	nominal	Zm00001d009985	cis_window	4866	Zm00001d009985	1	Zm00001d009985: Polcalcin Jun o 2  	False		
agri_aa_oil__Oil_C200_C220__L007	agri_aa_oil__Oil_C200_C220	1	78860951	78860951	1	1	chr1.s_78860951	78860951	0.0001407411	0.3609202002199999	3.851579058949783	0.09479336	0.167	nominal	Zm00001d029605	cis_window	2339	Zm00001d029605	1	Zm00001d029605: Pectin acetylesterase 9	False		
agri_aa_oil__Oil_C200_C220__L026	agri_aa_oil__Oil_C200_C220	3	200352244	200352244	1	1	chr3.s_200352244	200352244	0.0001407411	0.3609202002199999	3.851579058949783	0.09154674	0.175	nominal	Zm00001d043444	promoter	0	Zm00001d043444	1	Zm00001d043444: plant-specific domain TIGR01615 family protein expressed	False		
agri_aa_oil__Oil_C200_C220__L064	agri_aa_oil__Oil_C200_C220	8	171086288	171086288	1	1	chr8.s_171086288	171086288	0.0001416544	0.3609202002199999	3.848769931090297	0.1447829	0.086	nominal	Zm00001d012255	gene_body	0	Zm00001d012255	1	Zm00001d012255: Putative MYB DNA-binding domain superfamily protein  	False		hormone_stress_regulatory
agri_aa_oil__Oil_C200_C220__L051	agri_aa_oil__Oil_C200_C220	7	146815608	146815608	1	1	chr7.s_146815608	146815608	0.0001444721	0.3609202002199999	3.840216014401901	-0.08859758	0.683	nominal	Zm00001d021246	gene_body	0	Zm00001d021246	1	Zm00001d021246: Ras-related protein RABA3	False		
agri_aa_oil__Oil_C200_C220__L008	agri_aa_oil__Oil_C200_C220	1	94061598	94061598	1	1	chr1.s_94061598	94061598	0.000149706	0.3693783004444444	3.824760793413307	0.1535199	0.061	nominal	Zm00001d029916	nearest	119163	Zm00001d029916	1	Zm00001d029916: RNA-binding (RRM/RBD/RNP motifs) family protein	False		
agri_aa_oil__Oil_C200_C220__L025	agri_aa_oil__Oil_C200_C220	3	191717850	191717850	1	1	chr3.s_191717850	191717850	0.0001540546	0.3712394197904761	3.812325329318541	0.125557	0.091	nominal	Zm00001d043206	gene_body	0	Zm00001d043206	1	Zm00001d043206: Putative E3 ubiquitin-protein ligase RING1a	False		
agri_aa_oil__Oil_C200_C220__L020	agri_aa_oil__Oil_C200_C220	2	161423788	161596909	173122	2	chr2.s_161596909	161596909	0.0001560329	0.3712394197904761	3.806783819709739	-0.1414967	0.066	nominal	Zm00001d005157	cis_window	3091	Zm00001d005154;Zm00001d005157	2	Zm00001d005154: Putative E3 ubiquitin-protein ligase RF4 | Zm00001d005157: Glutamine-dependent NAD(+) synthetase	False		
agri_aa_oil__Oil_C200_C220__L053	agri_aa_oil__Oil_C200_C220	8	16875878	16875878	1	1	chr8.s_16875878	16875878	0.0001602073	0.3766869429270588	3.79531769875436	-0.0708112	0.506	nominal	Zm00001d008674	gene_body	0	Zm00001d008674	1	Zm00001d008674: Cycloartenol synthase	False		
agri_aa_oil__Oil_C200_C220__L050	agri_aa_oil__Oil_C200_C220	7	135846763	135846763	1	1	chr7.s_135846763	135846763	0.0001866488	0.3926619218189474	3.7289747978890486	0.1298044	0.083	nominal	Zm00001d020898	cis_window	19	Zm00001d020898	1	Zm00001d020898: Heat shock protein 90-2	False		
agri_aa_oil__Oil_C200_C220__L063	agri_aa_oil__Oil_C200_C220	8	161513239	162296673	783435	3	chr8.s_162296673	162296673	0.0002028761	0.4137347534857142	3.6927691124022615	0.1008897	0.153	nominal	Zm00001d011833	gene_body	0	Zm00001d011784;Zm00001d011785;Zm00001d011833	3	Zm00001d011784: no description | Zm00001d011785: Transcription factor LUX | Zm00001d011833: Ferredoxin--NADP reductase leaf isozyme 1 chloroplastic	False		hormone_stress_regulatory
agri_aa_oil__Oil_C200_C220__L052	agri_aa_oil__Oil_C200_C220	8	13147863	13147863	1	1	chr8.s_13147863	13147863	0.0002094975	0.422601390117647	3.678821155240325	0.0986503	0.177	nominal	Zm00001d008567	gene_body	0	Zm00001d008567	1	Zm00001d008567:  glucose translocator1	False		
agri_aa_oil__Oil_C200_C220__L075	agri_aa_oil__Oil_C200_C220	10	25965774	25965774	1	1	chr10.s_25965774	25965774	0.000212181	0.422601390117647	3.673293508109488	0.07781165	0.36	nominal	Zm00001d023874	nearest	22802	Zm00001d023874	1	Zm00001d023874: E3 ubiquitin-protein ligase MIEL1	False		
agri_aa_oil__Oil_C200_C220__L062	agri_aa_oil__Oil_C200_C220	8	159825134	159825134	1	1	chr8.s_159825134	159825134	0.000215682	0.422601390117647	3.666186097952005	0.08290113	0.287	nominal	Zm00001d011719	gene_body	0	Zm00001d011719	1	Zm00001d011719: no description	False		
agri_aa_oil__Oil_C200_C220__L023	agri_aa_oil__Oil_C200_C220	3	62205752	62205752	1	1	chr3.s_62205752	62205752	0.000224592	0.4281600211851852	3.6486057174322326		0.05	nominal	Zm00001d040745	nearest	111224	Zm00001d040745	1	Zm00001d040745: no description	False		
agri_aa_oil__Oil_C200_C220__L006	agri_aa_oil__Oil_C200_C220	1	46675258	46675258	1	1	chr1.s_46675258	46675258	0.0002284706	0.4281600211851852	3.641169677779049	0.1646254	0.057	nominal	Zm00001d028797	gene_body	0	Zm00001d028797	1	Zm00001d028797: Laccase-13	False		
agri_aa_oil__Oil_C200_C220__L054	agri_aa_oil__Oil_C200_C220	8	18572158	18572158	1	1	chr8.s_18572158	18572158	0.0002307178	0.4281600211851852	3.6369188981379166	-0.07770441	0.284	nominal	Zm00001d008739	gene_body	0	Zm00001d008739	1	Zm00001d008739: 2-hydroxyacyl-CoA lyase	False		fatty_acid_lipid
agri_aa_oil__Oil_C200_C220__L070	agri_aa_oil__Oil_C200_C220	9	102105665	102105665	1	1	chr9.s_102105665	102105665	0.000231373	0.4281600211851852	3.6356873222864414	0.09867437	0.169	nominal	Zm00001d046679	gene_body	0	Zm00001d046679	1	Zm00001d046679: Potassium transporter 10  	False		transport_membrane
agri_aa_oil__Oil_C200_C220__L035	agri_aa_oil__Oil_C200_C220	4	185683838	185683838	1	1	chr4.s_185683838	185683838	0.0002342422	0.4294927442495412	3.630334861713858	0.07948911	0.407	nominal	Zm00001d052278	nearest	16017	Zm00001d052278	1	Zm00001d052278: Xylose isomerase	False		
agri_aa_oil__Oil_C200_C220__L009	agri_aa_oil__Oil_C200_C220	1	196702607	196702607	1	1	chr1.s_196702607	196702607	0.0002374185	0.4313591975999999	3.6244854431957534	0.1038936	0.084	nominal	Zm00001d031625	nearest	70476	Zm00001d031625	1	Zm00001d031625: Transcription factor MADS37	False		hormone_stress_regulatory
agri_aa_oil__Oil_C200_C220__L059	agri_aa_oil__Oil_C200_C220	8	72867724	72867724	1	1	chr8.s_72867724	72867724	0.0002518193	0.4448938826913907	3.5989109876424163	0.1450334	0.083	nominal	Zm00001d009605	gene_body	0	Zm00001d009605	1	Zm00001d009605: Sugar transporter ERD6-like 6	True	Zm00001d009605	transport_membrane
agri_aa_oil__Oil_C200_C220__L077	agri_aa_oil__Oil_C200_C220	10	133737844	133737844	1	1	chr10.s_133737844	133737844	0.0002639414	0.4448938826913907	3.578492484045259	-0.08598202	0.235	nominal	Zm00001d025915	gene_body	0	Zm00001d025915	1	Zm00001d025915: Syntaxin-81	False		
agri_aa_oil__Oil_C200_C220__L028	agri_aa_oil__Oil_C200_C220	3	226872854	226872854	1	1	chr3.s_226872854	226872854	0.0002683122	0.4448938826913907	3.571359579761084	0.06797081	0.618	nominal	Zm00001d044391	nearest	25648	Zm00001d044391	1	Zm00001d044391: Mitochondrial ATP synthase subunit G protein	False		
agri_aa_oil__Oil_C200_C220__L074	agri_aa_oil__Oil_C200_C220	10	24262869	24262869	1	1	chr10.s_24262869	24262869	0.0002688672	0.4448938826913907	3.5704621755671777	0.1478407	0.087	nominal	Zm00001d023841	gene_body	0	Zm00001d023841	1	Zm00001d023841: P-loop nucleoside triphosphate hydrolases superfamily protein with CH (Calponin Homology) domain	False		
agri_aa_oil__Oil_C200_C220__L034	agri_aa_oil__Oil_C200_C220	4	182662901	182662901	1	1	chr4.s_182662901	182662901	0.0002820047	0.4448938826913907	3.549743653499592	0.09791353	0.166	nominal	Zm00001d052189	cis_window	749	Zm00001d052189	1	Zm00001d052189: Putative RING zinc finger domain superfamily protein  	False		
agri_aa_oil__Oil_C200_C220__L038	agri_aa_oil__Oil_C200_C220	5	160952843	160952843	1	1	chr5.s_160952843	160952843	0.0002870612	0.4448938826913907	3.5420255040017024	0.1405193	0.07	nominal	Zm00001d016397	gene_body	0	Zm00001d016397	1	Zm00001d016397: UDP-Glycosyltransferase superfamily protein	False		
agri_aa_oil__Oil_C200_C220__L068	agri_aa_oil__Oil_C200_C220	9	22165095	22165095	1	1	chr9.s_22165095	22165095	0.0002945844	0.4448938826913907	3.5307902553661057	0.1469879	0.053	nominal	Zm00001d045436	cis_window	8255	Zm00001d045436	1	Zm00001d045436: Aminomethyltransferase  	False		
agri_aa_oil__Oil_C200_C220__L019	agri_aa_oil__Oil_C200_C220	2	117281240	117281240	1	1	chr2.s_117281240	117281240	0.000298424	0.4448938826913907	3.525166252752888	0.102685	0.133	nominal	Zm00001d004546	gene_body	0	Zm00001d004546	1	Zm00001d004546: no description	False		
agri_aa_oil__Oil_C200_C220__L012	agri_aa_oil__Oil_C200_C220	1	272132905	272132905	1	1	chr1.s_272132905	272132905	0.0003040222	0.4448938826913907	3.517094702623221	0.09856085	0.161	nominal	Zm00001d033718	gene_body	0	Zm00001d033718	1	Zm00001d033718: ACD11 homolog protein	False		
agri_aa_oil__Oil_C200_C220__L002	agri_aa_oil__Oil_C200_C220	1	21009692	21009692	1	1	chr1.s_21009692	21009692	0.0003094991	0.4448938826913907	3.509340609537569	-0.07899254	0.297	nominal	Zm00001d028036	gene_body	0	Zm00001d028036	1	Zm00001d028036: Myosin heavy chain	False		
agri_aa_oil__Oil_C200_C220__L004	agri_aa_oil__Oil_C200_C220	1	37501459	37501459	1	1	chr1.s_37501459	37501459	0.0003112572	0.4448938826913907	3.50688059368222	0.08430988	0.234	nominal	Zm00001d028510	gene_body	0	Zm00001d028510	1	Zm00001d028510: Protein FAF-like chloroplastic	False		
agri_aa_oil__Oil_C200_C220__L069	agri_aa_oil__Oil_C200_C220	9	99415783	99415783	1	1	chr9.s_99415783	99415783	0.0003176846	0.4448938826913907	3.4980038374143536	0.1185832	0.14	nominal	Zm00001d046624	gene_body	0	Zm00001d046624	1	Zm00001d046624: Probable E3 ubiquitin ligase SUD1	False		
agri_aa_oil__Oil_C200_C220__L017	agri_aa_oil__Oil_C200_C220	2	56525521	56525521	1	1	chr2.s_56525521	56525521	0.000318038	0.4448938826913907	3.4975209862911925	0.147651	0.083	nominal	Zm00001d003724	nearest	13804	Zm00001d003724	1	Zm00001d003724: SWIb domain-containing protein  	True	Zm00001d003724	
agri_aa_oil__Oil_C200_C220__L058	agri_aa_oil__Oil_C200_C220	8	63304565	63304565	1	1	chr8.s_63304565	63304565	0.0003185709	0.4448938826913907	3.496793897544982	0.07725274	0.381	nominal	Zm00001d009409	gene_body	0	Zm00001d009409	1	Zm00001d009409: Glycosyltransferase family protein 64 protein C5	False		
agri_aa_oil__Oil_C200_C220__L040	agri_aa_oil__Oil_C200_C220	5	205924453	205924453	1	1	chr5.s_205924453	205924453	0.0003274653	0.4448938826913907	3.48483471343386	0.1423207	0.068	nominal	Zm00001d017754	gene_body	0	Zm00001d017754	1	Zm00001d017754: yeast YAK1-related gene 1	False		
agri_aa_oil__Oil_C200_C220__L044	agri_aa_oil__Oil_C200_C220	6	112457434	112457434	1	1	chr6.s_112457434	112457434	0.0003311169	0.4448938826913907	3.48001865256283	0.1434701	0.06	nominal	Zm00001d037107	gene_body	0	Zm00001d037107	1	Zm00001d037107: no description	False		
agri_aa_oil__Oil_C20_0__L059	agri_aa_oil__Oil_C20_0	8	39633330	39633330	1	1	chr8.s_39633330	39633330	3.922545e-12	7.8394415352e-07	11.406432065423733	0.006487587	0.059	bonferroni_0_05	Zm00001d009150	gene_body	0	Zm00001d009150	1	Zm00001d009150: Sec23/Sec24 protein transport family protein	True	Zm00001d009150	
agri_aa_oil__Oil_C20_0__L045	agri_aa_oil__Oil_C20_0	6	106564160	108811583	2247424	11	chr6.s_108218435	108218435	4.693594e-11	2.8568670736400003e-06	10.32849447996655	0.003293897	0.18	bonferroni_0_05	Zm00001d036982	gene_body	0	Zm00001d036922;Zm00001d036927;Zm00001d036933;Zm00001d036947;Zm00001d036949;Zm00001d036956;Zm00001d036965;Zm00001d036975;Zm00001d036978;Zm00001d036982;Zm00001d037004	11	Zm00001d036922: 3-N-debenzoyl-2-deoxytaxol N-benzoyltransferase   | Zm00001d036927: ABC transporter A family member 7 | Zm00001d036933: Aldehyde dehydrogenase family 2 member C4 | Zm00001d036947: Leucine-rich repeat protein kinase family protein | Zm00001d036949: Serine/threonine-protein phosphatase PP2A-5 catalytic subunit | Zm00001d036956: Tetraspanin-2 | Zm00001d036965: Zinc transporter 4   | Zm00001d036975: no description | Zm00001d036978: HAD superfamily subfamily IIIB acid phosphatase | Zm00001d036982:  linoleic acid1 | Zm00001d037004: Ras-related protein RABA1d	True	Zm00001d036982	fatty_acid_lipid;transport_membrane
agri_aa_oil__Oil_C20_0__L052	agri_aa_oil__Oil_C20_0	7	3303885	3303885	1	1	chr7.s_3303885	3303885	2.204439e-07	0.0033890027752615	6.656701914224788		0.092	bonferroni_0_05	Zm00001d018730	gene_body	0	Zm00001d018730	1	Zm00001d018730: RNA-binding protein 1	False		
agri_aa_oil__Oil_C20_0__L026	agri_aa_oil__Oil_C20_0	4	32894031	32894031	1	1	chr4.s_32894031	32894031	1.087424e-06	0.0114383268917894	5.963601086128731	0.003525154	0.093	fdr_0_05	Zm00001d049511	gene_body	0	Zm00001d049511	1	Zm00001d049511: Putative MYB DNA-binding domain superfamily protein  	True	Zm00001d049511	hormone_stress_regulatory
agri_aa_oil__Oil_C20_0__L025	agri_aa_oil__Oil_C20_0	3	233926477	234082627	156151	3	chr3.s_233926477	233926477	1.471221e-06	0.0144528435977142	5.832322084667865		0.064	fdr_0_05	Zm00001d044646	gene_body	0	Zm00001d044646;Zm00001d044649;Zm00001d044653	3	Zm00001d044646:  glucosamine fructose-6-phosphate aminotransferase1 | Zm00001d044649: Plant mobile domain protein family | Zm00001d044653: no description	False		
agri_aa_oil__Oil_C20_0__L071	agri_aa_oil__Oil_C20_0	10	118153332	118153332	1	1	chr10.s_118153332	118153332	1.518642e-06	0.0144528435977142	5.81854459331889	0.003875719	0.065	fdr_0_05	Zm00001d025421	cis_window	1773	Zm00001d025421	1	Zm00001d025421: F-box protein 7	True	Zm00001d025421	
agri_aa_oil__Oil_C20_0__L022	agri_aa_oil__Oil_C20_0	3	21385593	21984282	598690	2	chr3.s_21385593	21385593	3.929834e-06	0.0345670590024347	5.405625794257299	0.002148577	0.132	fdr_0_05	Zm00001d039976	cis_window	5989	Zm00001d039976;Zm00001d039990	2	Zm00001d039976: no description | Zm00001d039990: no description	False		
agri_aa_oil__Oil_C20_0__L033	agri_aa_oil__Oil_C20_0	4	229172921	229172921	1	1	chr4.s_229172921	229172921	3.978076e-06	0.0345670590024347	5.400326924060921		0.098	fdr_0_05	Zm00001d053395	gene_body	0	Zm00001d053395	1	Zm00001d053395: Pectin lyase-like superfamily protein	False		
agri_aa_oil__Oil_C20_0__L013	agri_aa_oil__Oil_C20_0	1	263332028	263332028	1	1	chr1.s_263332028	263332028	4.236428e-06	0.03486721351808	5.373000170224503	0.001493531	0.247	fdr_0_05	Zm00001d033462	cis_window	2456	Zm00001d033462	1	Zm00001d033462: Auxin responsive protein	False		hormone_stress_regulatory
agri_aa_oil__Oil_C20_0__L032	agri_aa_oil__Oil_C20_0	4	216217009	216217009	1	1	chr4.s_216217009	216217009	6.432562e-06	0.047614300410074	5.191616019166879	0.002862545	0.065	fdr_0_05	Zm00001d053149	gene_body	0	Zm00001d053149	1	Zm00001d053149: Digalactosyldiacylglycerol synthase 1 chloroplastic	False		fatty_acid_lipid
agri_aa_oil__Oil_C20_0__L010	agri_aa_oil__Oil_C20_0	1	241512051	241512051	1	1	chr1.s_241512051	241512051	8.84327e-06	0.0631207346114285	5.053387115036882	0.003855767	0.057	suggestive_1e_5	Zm00001d032887	gene_body	0	Zm00001d032887	1	Zm00001d032887: Protein binding protein  	True	Zm00001d032887	
agri_aa_oil__Oil_C20_0__L036	agri_aa_oil__Oil_C20_0	4	238009424	238009424	1	1	chr4.s_238009424	238009424	9.577439e-06	0.0660037465097931	5.018750605416173		0.165	suggestive_1e_5	Zm00001d053639	gene_body	0	Zm00001d053639	1	Zm00001d053639: no description	False		
agri_aa_oil__Oil_C20_0__L067	agri_aa_oil__Oil_C20_0	8	173533658	173533658	1	1	chr8.s_173533658	173533658	1.028748e-05	0.06676589392	4.987690996095405		0.584	nominal	Zm00001d012396	gene_body	0	Zm00001d012396	1	Zm00001d012396: Transcription initiation factor TFIID subunit 12b	False		
agri_aa_oil__Oil_C20_0__L037	agri_aa_oil__Oil_C20_0	4	243768573	243768573	1	1	chr4.s_243768573	243768573	1.090772e-05	0.0677516079369697	4.962266018879993		0.207	nominal	Zm00001d053932	gene_body	0	Zm00001d053932	1	Zm00001d053932: NAD(P)-linked oxidoreductase superfamily protein	False		
agri_aa_oil__Oil_C20_0__L035	agri_aa_oil__Oil_C20_0	4	233796216	235421468	1625253	4	chr4.s_233796216	233796216	1.118707e-05	0.0677516079369697	4.9512836444327855	0.001936524	0.138	nominal	Zm00001d053552	gene_body	0	Zm00001d053552;Zm00001d053568;Zm00001d053580;Zm00001d053586	4	Zm00001d053552: no description | Zm00001d053568: no description | Zm00001d053580: Dihydrolipoyllysine-residue acetyltransferase component 2 of pyruvate dehydrogenase complex mitochondrial | Zm00001d053586: Putative cytochrome P450 superfamily protein  	False		
agri_aa_oil__Oil_C20_0__L002	agri_aa_oil__Oil_C20_0	1	28800250	29051853	251604	2	chr1.s_28800250	28800250	1.523405e-05	0.0869890370514285	4.817184623333125		0.124	nominal	Zm00001d028272	gene_body	0	Zm00001d028272;Zm00001d028280	2	Zm00001d028272: Sec-independent protein translocase protein TATC, chloroplastic   | Zm00001d028280: Wall-associated receptor kinase-like 14	False		
agri_aa_oil__Oil_C20_0__L061	agri_aa_oil__Oil_C20_0	8	103046625	103046625	1	1	chr8.s_103046625	103046625	1.955286e-05	0.1004676112	4.708789709297576	0.003006535	0.073	nominal	Zm00001d010175	gene_body	0	Zm00001d010175	1	Zm00001d010175: Ethylene-responsive transcription factor ABR1	True	Zm00001d010175	hormone_stress_regulatory
agri_aa_oil__Oil_C20_0__L027	agri_aa_oil__Oil_C20_0	4	50026151	50026151	1	1	chr4.s_50026151	50026151	1.957646e-05	0.1004676112	4.708265838654503		0.097	nominal	Zm00001d049880	nearest	14814	Zm00001d049880	1	Zm00001d049880: ENTH/VHS family protein	False		
agri_aa_oil__Oil_C20_0__L047	agri_aa_oil__Oil_C20_0	6	111297662	111301685	4024	2	chr6.s_111301685	111301685	2.15384e-05	0.1065963660487804	4.666786561807767	0.001566233	0.723	nominal	Zm00001d037067	gene_body	0	Zm00001d037066;Zm00001d037067	2	Zm00001d037066: Putative prolin-rich extensin-like receptor protein kinase family protein   | Zm00001d037067: Ribosomal protein L18ae family	False		
agri_aa_oil__Oil_C20_0__L034	agri_aa_oil__Oil_C20_0	4	230509528	231269138	759611	2	chr4.s_231269138	231269138	2.459935e-05	0.1143332021767442	4.609076368308928		0.826	nominal	Zm00001d053434	gene_body	0	Zm00001d053406;Zm00001d053434	2	Zm00001d053406: no description | Zm00001d053434: Putative RING zinc finger domain superfamily protein  	False		
agri_aa_oil__Oil_C20_0__L051	agri_aa_oil__Oil_C20_0	6	171866968	171866968	1	1	chr6.s_171866968	171866968	2.561725e-05	0.1163582071818181	4.59146749340192	0.002117854	0.08	nominal	Zm00001d039177	cis_window	327	Zm00001d039177	1	Zm00001d039177: Polygalacturonase inhibitor 1  	False		
agri_aa_oil__Oil_C20_0__L053	agri_aa_oil__Oil_C20_0	7	19140884	19140884	1	1	chr7.s_19140884	19140884	2.84263e-05	0.12430581033	4.546279664901743		0.126	nominal	Zm00001d019147	gene_body	0	Zm00001d019147	1	Zm00001d019147: 40S ribosomal protein S2  	False		
agri_aa_oil__Oil_C20_0__L038	agri_aa_oil__Oil_C20_0	5	15169264	15169264	1	1	chr5.s_15169264	15169264	2.888181e-05	0.12430581033	4.539375593360694	0.003432566	0.069	nominal	Zm00001d013603	gene_body	0	Zm00001d013603	1	Zm00001d013603: Type IV inositol polyphosphate 5-phosphatase 7	True	Zm00001d013603	
agri_aa_oil__Oil_C20_0__L016	agri_aa_oil__Oil_C20_0	2	2053645	2053645	1	1	chr2.s_2053645	2053645	2.985489e-05	0.12430581033	4.524984524632294	0.003092136	0.064	nominal	Zm00001d001861	gene_body	0	Zm00001d001861	1	Zm00001d001861: TPR domain containing protein  	False		
agri_aa_oil__Oil_C20_0__L065	agri_aa_oil__Oil_C20_0	8	167543775	167543775	1	1	chr8.s_167543775	167543775	3.05815e-05	0.1247325768163265	4.514541216577517	0.002001739	0.194	nominal	Zm00001d012064	gene_body	0	Zm00001d012064	1	Zm00001d012064: Peptidyl-prolyl cis-trans isomerase  	False		
agri_aa_oil__Oil_C20_0__L058	agri_aa_oil__Oil_C20_0	8	27712227	27766178	53952	2	chr8.s_27712227	27712227	3.317839e-05	0.1300176531733333	4.479144692183884		0.058	nominal	Zm00001d008965	gene_body	0	Zm00001d008965;Zm00001d008970	2	Zm00001d008965: Putative inactive receptor-like protein kinase  | Zm00001d008970: Plastid division protein PDV1	False		hormone_stress_regulatory
agri_aa_oil__Oil_C20_0__L001	agri_aa_oil__Oil_C20_0	1	19968658	19968658	1	1	chr1.s_19968658	19968658	3.700367e-05	0.1336942131823728	4.431755200751737		0.108	nominal	Zm00001d028004	gene_body	0	Zm00001d028004	1	Zm00001d028004: Outer arm dynein light chain 1 protein	False		
agri_aa_oil__Oil_C20_0__L064	agri_aa_oil__Oil_C20_0	8	153754571	153754571	1	1	chr8.s_153754571	153754571	3.868403e-05	0.1336942131823728	4.412468288580945		0.268	nominal	Zm00001d011536	gene_body	0	Zm00001d011536	1	Zm00001d011536: Ribosomal protein L18ae family	False		
agri_aa_oil__Oil_C20_0__L003	agri_aa_oil__Oil_C20_0	1	30612362	30612362	1	1	chr1.s_30612362	30612362	3.939227e-05	0.1336942131823728	4.404588992024868	-0.002805104	0.051	nominal	Zm00001d028320	cis_window	3208	Zm00001d028320	1	Zm00001d028320: no description	False		
agri_aa_oil__Oil_C20_0__L024	agri_aa_oil__Oil_C20_0	3	136775175	136775175	1	1	chr3.s_136775175	136775175	3.946821e-05	0.1336942131823728	4.403752569696472	0.003540167	0.062	nominal	Zm00001d041768	gene_body	0	Zm00001d041768	1	Zm00001d041768: NEP-interacting protein 1	False		
agri_aa_oil__Oil_C20_0__L008	agri_aa_oil__Oil_C20_0	1	172833339	172833339	1	1	chr1.s_172833339	172833339	4.017116e-05	0.1338074558826666	4.396085627209697	0.003353093	0.066	nominal	Zm00001d031002	gene_body	0	Zm00001d031002	1	Zm00001d031002: Tetratricopeptide repeat (TPR)-like superfamily protein	False		
agri_aa_oil__Oil_C20_0__L017	agri_aa_oil__Oil_C20_0	2	3798219	3798219	1	1	chr2.s_3798219	3798219	4.834075e-05	0.1558256279354838	4.3156866158577305	0.001520955	0.269	nominal	Zm00001d001978	gene_body	0	Zm00001d001978	1	Zm00001d001978: MAP3K epsilon protein kinase 1	False		
agri_aa_oil__Oil_C20_0__L018	agri_aa_oil__Oil_C20_0	2	70548872	70548872	1	1	chr2.s_70548872	70548872	5.479087e-05	0.1619778801317647	4.261291803540478	0.001539731	0.566	nominal	Zm00001d003939	gene_body	0	Zm00001d003939	1	Zm00001d003939: Probable metal-nicotianamine transporter YSL6	False		transport_membrane
agri_aa_oil__Oil_C20_0__L075	agri_aa_oil__Oil_C20_0	10	147844213	147844213	1	1	chr10.s_147844213	147844213	5.511216e-05	0.1619778801317647	4.258752567423128	0.002202353	0.069	nominal	Zm00001d026536	gene_body	0	Zm00001d026536	1	Zm00001d026536: Zinc finger CCCH domain-containing protein 6	False		
agri_aa_oil__Oil_C20_0__L031	agri_aa_oil__Oil_C20_0	4	176340305	177034049	693745	2	chr4.s_176340305	176340305	6.475859e-05	0.1869130721014084	4.188702615784721		0.087	nominal	Zm00001d052008	gene_body	0	Zm00001d052008;Zm00001d052036	2	Zm00001d052008: Putative clathrin assembly protein  | Zm00001d052036: DEAD-box ATP-dependent RNA helicase 1	False		
agri_aa_oil__Oil_C20_0__L039	agri_aa_oil__Oil_C20_0	5	16258953	16258953	1	1	chr5.s_16258953	16258953	6.640195e-05	0.1869130721014084	4.177819166689141		0.097	nominal	Zm00001d013653	gene_body	0	Zm00001d013653	1	Zm00001d013653: transcription regulator NOT2/NOT3/NOT5 family protein	False		
agri_aa_oil__Oil_C20_0__L042	agri_aa_oil__Oil_C20_0	5	217273667	217273667	1	1	chr5.s_217273667	217273667	6.939541e-05	0.1912737179419178	4.158669254006172	-0.001731407	0.883	nominal	Zm00001d018243	gene_body	0	Zm00001d018243	1	Zm00001d018243: Replication factor C subunit 5	False		
agri_aa_oil__Oil_C20_0__L030	agri_aa_oil__Oil_C20_0	4	162657710	162657710	1	1	chr4.s_162657710	162657710	6.986521e-05	0.1912737179419178	4.155739031210792	0.001532928	0.632	nominal	Zm00001d051554	cis_window	297	Zm00001d051554	1	Zm00001d051554:  abscisic acid 8'-hydroxylase2	False		
agri_aa_oil__Oil_C20_0__L023	agri_aa_oil__Oil_C20_0	3	133499083	134146087	647005	2	chr3.s_133499083	133499083	7.111777e-05	0.192071797852973	4.14802186975267	0.001774997	0.287	nominal	Zm00001d041691	gene_body	0	Zm00001d041691;Zm00001d041707	2	Zm00001d041691: Uveal autoantigen with coiled-coil domains and ankyrin repeats isoform 4 | Zm00001d041707: DNA binding	False		fatty_acid_lipid
agri_aa_oil__Oil_C20_0__L050	agri_aa_oil__Oil_C20_0	6	169788753	169788753	1	1	chr6.s_169788753	169788753	7.517534e-05	0.1976874046189473	4.123924599013412		0.052	nominal	Zm00001d039090	gene_body	0	Zm00001d039090	1	Zm00001d039090: GTP-binding nuclear protein Ran-2	False		
agri_aa_oil__Oil_C20_0__L009	agri_aa_oil__Oil_C20_0	1	229151189	229151189	1	1	chr1.s_229151189	229151189	7.893092e-05	0.2048677655522078	4.102752835132113		0.297	nominal	Zm00001d032518	gene_body	0	Zm00001d032518	1	Zm00001d032518: Pentatricopeptide repeat-containing protein 	False		
agri_aa_oil__Oil_C20_0__L006	agri_aa_oil__Oil_C20_0	1	54036091	54036091	1	1	chr1.s_54036091	54036091	8.492962e-05	0.2100151739516049	4.070940819071626	0.002620521	0.1	nominal	Zm00001d028995	gene_body	0	Zm00001d028995	1	Zm00001d028995: Arabidopsis NAC domain containing protein 87	True	Zm00001d028995	hormone_stress_regulatory
agri_aa_oil__Oil_C20_0__L066	agri_aa_oil__Oil_C20_0	8	172141325	172453196	311872	3	chr8.s_172453196	172453196	8.495132e-05	0.2100151739516049	4.070829868539935		0.184	nominal	Zm00001d012325	gene_body	0	Zm00001d012304;Zm00001d012322;Zm00001d012325	3	Zm00001d012304: Putative cytochrome P450 superfamily protein   | Zm00001d012322: cytochrome P450 family 81 subfamily D polypeptide 8 | Zm00001d012325: Tetratricopeptide repeat (TPR)-like superfamily protein	False		
agri_aa_oil__Oil_C20_0__L062	agri_aa_oil__Oil_C20_0	8	146541959	146541959	1	1	chr8.s_146541959	146541959	8.511743e-05	0.2100151739516049	4.069981497756598		0.056	nominal	Zm00001d011319	cis_window	5032	Zm00001d011319	1	Zm00001d011319: ABC transporter G family member 40	False		transport_membrane
agri_aa_oil__Oil_C20_0__L070	agri_aa_oil__Oil_C20_0	9	135502245	135502245	1	1	chr9.s_135502245	135502245	9.14102e-05	0.2201069509783132	4.039005340846512		0.114	nominal	Zm00001d047559	gene_body	0	Zm00001d047559	1	Zm00001d047559: Putative homeobox DNA-binding domain superfamily protein  	False		
agri_aa_oil__Oil_C20_0__L028	agri_aa_oil__Oil_C20_0	4	85143887	85143887	1	1	chr4.s_85143887	85143887	9.310563e-05	0.2201414304781395	4.031024056891848	0.001644002	0.189	nominal	Zm00001d050386	nearest	23219	Zm00001d050386	1	Zm00001d050386: no description	False		
agri_aa_oil__Oil_C20_0__L063	agri_aa_oil__Oil_C20_0	8	148698416	148698416	1	1	chr8.s_148698416	148698416	9.848397e-05	0.2262369230841379	4.00663445282307	0.001468723	0.574	nominal	Zm00001d011365	gene_body	0	Zm00001d011365	1	Zm00001d011365: alpha/beta-Hydrolases superfamily protein	False		
agri_aa_oil__Oil_C20_0__L004	agri_aa_oil__Oil_C20_0	1	38255391	38255391	1	1	chr1.s_38255391	38255391	0.0001031423	0.2316135675146067	3.986563188362975	0.002371271	0.095	nominal	Zm00001d028529	gene_body	0	Zm00001d028529	1	Zm00001d028529: hydroxyproline-rich glycoprotein family protein	False		
agri_aa_oil__Oil_C20_0__L019	agri_aa_oil__Oil_C20_0	2	174573534	174573534	1	1	chr2.s_174573534	174573534	0.0001062411	0.2353460537499999	3.973707441350898	0.002592298	0.074	nominal	Zm00001d005450	gene_body	0	Zm00001d005450	1	Zm00001d005450: PTI1-like tyrosine-protein kinase 3	False		
agri_aa_oil__Oil_C20_0__L073	agri_aa_oil__Oil_C20_0	10	133322441	133322441	1	1	chr10.s_133322441	133322441	0.0001088506	0.2353460537499999	3.9631691727232914		0.506	nominal	Zm00001d025900	gene_body	0	Zm00001d025900	1	Zm00001d025900: Putative GEM-like protein 8	False		
agri_aa_oil__Oil_C20_0__L074	agri_aa_oil__Oil_C20_0	10	141706818	141706818	1	1	chr10.s_141706818	141706818	0.0001107111	0.2353460537499999	3.955808834161217		0.1	nominal	Zm00001d026239	gene_body	0	Zm00001d026239	1	Zm00001d026239: GPCR-type G protein 2	False		
agri_aa_oil__Oil_C20_0__L068	agri_aa_oil__Oil_C20_0	8	178945759	178945759	1	1	chr8.s_178945759	178945759	0.0001122528	0.2353460537499999	3.94980281727891	0.001976166	0.114	nominal	Zm00001d012702	gene_body	0	Zm00001d012702	1	Zm00001d012702: Phosphoenolpyruvate carboxylase 3	False		
agri_aa_oil__Oil_C20_0__L057	agri_aa_oil__Oil_C20_0	7	147735736	147735736	1	1	chr7.s_147735736	147735736	0.0001180127	0.2395702134464646	3.9280712533453097	0.002758294	0.058	nominal	Zm00001d021280	cis_window	424	Zm00001d021280	1	Zm00001d021280: Endoglucanase 24	False		
agri_aa_oil__Oil_C20_0__L007	agri_aa_oil__Oil_C20_0	1	74751081	74751081	1	1	chr1.s_74751081	74751081	0.0001186727	0.2395702134464646	3.925649176605498	0.00321668	0.057	nominal	Zm00001d029526	nearest	32129	Zm00001d029526	1	Zm00001d029526:  cytochrome P-450 18	False		
agri_aa_oil__Oil_C20_0__L005	agri_aa_oil__Oil_C20_0	1	44016386	44016386	1	1	chr1.s_44016386	44016386	0.0001254068	0.250633014208	3.901678913884816	0.002041676	0.125	nominal	Zm00001d028714	promoter	0	Zm00001d028714	1	Zm00001d028714: Probable RNA-binding protein ARP1	False		
agri_aa_oil__Oil_C20_0__L048	agri_aa_oil__Oil_C20_0	6	158345533	159020433	674901	2	chr6.s_159020433	159020433	0.0001458764	0.2762845167245283	3.836014962930416	0.002621694	0.059	nominal	Zm00001d038513	gene_body	0	Zm00001d038479;Zm00001d038513	2	Zm00001d038479: no description | Zm00001d038513: Transducin/WD40 repeat-like superfamily protein	False		
agri_aa_oil__Oil_C20_0__L041	agri_aa_oil__Oil_C20_0	5	197526726	197526726	1	1	chr5.s_197526726	197526726	0.000160498	0.2997802643738317	3.794530375062073		0.145	nominal	Zm00001d017493	cis_window	3223	Zm00001d017493	1	Zm00001d017493: Expansin-B4	False		
agri_aa_oil__Oil_C20_0__L049	agri_aa_oil__Oil_C20_0	6	165908002	165908002	1	1	chr6.s_165908002	165908002	0.0001753664	0.3101370667368421	3.756053613321381		0.069	nominal	Zm00001d038857	gene_body	0	Zm00001d038857	1	Zm00001d038857: Chaperonin CPN60-like 2 mitochondrial	False		
agri_aa_oil__Oil_C20_0__L043	agri_aa_oil__Oil_C20_0	5	218912646	218912646	1	1	chr5.s_218912646	218912646	0.0001763799	0.3101370667368421	3.753550907959628		0.119	nominal	Zm00001d018343	promoter	0	Zm00001d018343	1	Zm00001d018343: RING-H2 finger protein ATL13	False		
agri_aa_oil__Oil_C20_0__L020	agri_aa_oil__Oil_C20_0	2	201256239	201256239	1	1	chr2.s_201256239	201256239	0.0001822222	0.3141989585793103	3.739398714354372		0.172	nominal	Zm00001d006193	gene_body	0	Zm00001d006193	1	Zm00001d006193: cytochrome P450 family 78 subfamily A polypeptide 8	False		
agri_aa_oil__Oil_C20_0__L046	agri_aa_oil__Oil_C20_0	6	109823615	109823615	1	1	chr6.s_109823615	109823615	0.0001823667	0.3141989585793103	3.739054460561012	0.001336284	0.227	nominal	Zm00001d037034	gene_body	0	Zm00001d037034	1	Zm00001d037034: PHD finger protein-related	False		
agri_aa_oil__Oil_C20_0__L069	agri_aa_oil__Oil_C20_0	9	91189939	91189939	1	1	chr9.s_91189939	91189939	0.0001961071	0.3249057380258064	3.707506682543321		0.148	nominal	Zm00001d046467	gene_body	0	Zm00001d046467	1	Zm00001d046467: UDP-galactose/UDP-glucose transporter 3	False		transport_membrane
agri_aa_oil__Oil_C20_0__L021	agri_aa_oil__Oil_C20_0	2	216695155	216695155	1	1	chr2.s_216695155	216695155	0.0001993586	0.3249057380258064	3.700365024852433		0.058	nominal	Zm00001d006789	gene_body	0	Zm00001d006789	1	Zm00001d006789: no description	False		
agri_aa_oil__Oil_C20_0__L072	agri_aa_oil__Oil_C20_0	10	128395642	128395642	1	1	chr10.s_128395642	128395642	0.0002015867	0.3249057380258064	3.695538124543721	-0.001734934	0.095	nominal	Zm00001d025752	gene_body	0	Zm00001d025752	1	Zm00001d025752: Transcription factor bHLH68	False		hormone_stress_regulatory
agri_aa_oil__Oil_C20_0__L015	agri_aa_oil__Oil_C20_0	1	285707160	285707160	1	1	chr1.s_285707160	285707160	0.0002036374	0.3255852497152	3.691142456580984	-0.001577555	0.08	nominal	Zm00001d034175	gene_body	0	Zm00001d034175	1	Zm00001d034175: CCG-binding protein 1	False		
agri_aa_oil__Oil_C20_0__L055	agri_aa_oil__Oil_C20_0	7	34781565	34781565	1	1	chr7.s_34781565	34781565	0.000210255	0.3306564123358779	3.677253667603345		0.091	nominal	Zm00001d019461	gene_body	0	Zm00001d019461	1	Zm00001d019461: DNAJ heat shock N-terminal domain-containing protein	False		
agri_aa_oil__Oil_C20_0__L014	agri_aa_oil__Oil_C20_0	1	273677303	273677303	1	1	chr1.s_273677303	273677303	0.0002119676	0.3306564123358779	3.6737305174513	0.001535519	0.226	nominal	Zm00001d033786	gene_body	0	Zm00001d033786	1	Zm00001d033786:  histidine kinase4	False		
agri_aa_oil__Oil_C20_0__L040	agri_aa_oil__Oil_C20_0	5	23312825	23312825	1	1	chr5.s_23312825	23312825	0.0002167056	0.3306564123358779	3.6641298657098336	0.003141399	0.067	nominal	Zm00001d013868	gene_body	0	Zm00001d013868	1	Zm00001d013868: CDPK-related kinase 3	True	Zm00001d013868	
agri_aa_oil__Oil_C20_0__L060	agri_aa_oil__Oil_C20_0	8	98424362	98424362	1	1	chr8.s_98424362	98424362	0.000216736	0.3306564123358779	3.664068946073733		0.057	nominal	Zm00001d010075	cis_window	636	Zm00001d010075	1	Zm00001d010075: Tetratricopeptide repeat (TPR)-like superfamily protein	False		
agri_aa_oil__Oil_C20_0__L054	agri_aa_oil__Oil_C20_0	7	22860630	22860630	1	1	chr7.s_22860630	22860630	0.0002241106	0.3337418184685714	3.649537601686101		0.486	nominal	Zm00001d019228	nearest	13077	Zm00001d019228	1	Zm00001d019228: ZIP zinc/iron transport family protein  	False		
agri_aa_oil__Oil_C20_0__L011	agri_aa_oil__Oil_C20_0	1	248468952	248468952	1	1	chr1.s_248468952	248468952	0.0002261091	0.3337418184685714	3.6456819586619096		0.068	nominal	Zm00001d033048	gene_body	0	Zm00001d033048	1	Zm00001d033048: TIFY8 (Fragment) [Source:UniProtKB/TrEMBL;Acc:A0A060D1S0]	False		
agri_aa_oil__Oil_C20_0__L012	agri_aa_oil__Oil_C20_0	1	252140053	252140053	1	1	chr1.s_252140053	252140053	0.0002296689	0.3337418184685714	3.6388978096496554	0.002519237	0.074	nominal	Zm00001d033150	cis_window	294	Zm00001d033150	1	Zm00001d033150: no description	False		
agri_aa_oil__Oil_C20_0__L056	agri_aa_oil__Oil_C20_0	7	132947505	132947505	1	1	chr7.s_132947505	132947505	0.0002299045	0.3337418184685714	3.638452528051982	0.001355	0.39	nominal	Zm00001d020794	gene_body	0	Zm00001d020794	1	Zm00001d020794: Blue copper protein  	False		
agri_aa_oil__Oil_C20_0__L044	agri_aa_oil__Oil_C20_0	6	97227282	97227282	1	1	chr6.s_97227282	97227282	0.0002299245	0.3337418184685714	3.63841474927055	-0.001847232	0.134	nominal	Zm00001d036672	gene_body	0	Zm00001d036672	1	Zm00001d036672: Clathrin assembly protein  	False		
agri_aa_oil__Oil_C20_0__L029	agri_aa_oil__Oil_C20_0	4	145126715	145126715	1	1	chr4.s_145126715	145126715	0.0002326106	0.3337418184685714	3.633370498478525		0.123	nominal	Zm00001d051130	cis_window	4351	Zm00001d051130	1	Zm00001d051130: Long-chain-alcohol oxidase FAO4B	False		
agri_aa_oil__Oil_C20_1__L049	agri_aa_oil__Oil_C20_1	6	105649792	108811583	3161792	11	chr6.s_108218435	108218435	2.007069e-11	4.01124782064e-06	10.6974376968677	0.002057191	0.18	bonferroni_0_05	Zm00001d036982	gene_body	0	Zm00001d036888;Zm00001d036919;Zm00001d036922;Zm00001d036933;Zm00001d036947;Zm00001d036949;Zm00001d036965;Zm00001d036975;Zm00001d036978;Zm00001d036982;Zm00001d037004	11	Zm00001d036888: D-aminoacyl-tRNA deacylase | Zm00001d036919: Palmitoyl-acyl carrier protein thioesterase chloroplastic | Zm00001d036922: 3-N-debenzoyl-2-deoxytaxol N-benzoyltransferase   | Zm00001d036933: Aldehyde dehydrogenase family 2 member C4 | Zm00001d036947: Leucine-rich repeat protein kinase family protein | Zm00001d036949: Serine/threonine-protein phosphatase PP2A-5 catalytic subunit | Zm00001d036965: Zinc transporter 4   | Zm00001d036975: no description | Zm00001d036978: HAD superfamily subfamily IIIB acid phosphatase | Zm00001d036982:  linoleic acid1 | Zm00001d037004: Ras-related protein RABA1d	True	Zm00001d036982	fatty_acid_lipid;transport_membrane
agri_aa_oil__Oil_C20_1__L059	agri_aa_oil__Oil_C20_1	8	39633330	39633330	1	1	chr8.s_39633330	39633330	5.852678e-09	0.0002724351387013	8.232645369046592	0.003378433	0.059	bonferroni_0_05	Zm00001d009150	gene_body	0	Zm00001d009150	1	Zm00001d009150: Sec23/Sec24 protein transport family protein	True	Zm00001d009150	
agri_aa_oil__Oil_C20_1__L030	agri_aa_oil__Oil_C20_1	4	30481469	30481469	1	1	chr4.s_30481469	30481469	2.746123e-07	0.0040799417539428	6.561280014431768	0.002912751	0.059	fdr_0_05	Zm00001d049442	cis_window	6677	Zm00001d049442	1	Zm00001d049442: Polyadenylation and cleavage factor homolog 5	True	Zm00001d049442	
agri_aa_oil__Oil_C20_1__L042	agri_aa_oil__Oil_C20_1	5	15169264	16258953	1089690	3	chr5.s_15169264	15169264	2.858017e-07	0.0040799417539428	6.543935192275547	0.002589668	0.069	fdr_0_05	Zm00001d013603	gene_body	0	Zm00001d013603;Zm00001d013624;Zm00001d013653	3	Zm00001d013603: Type IV inositol polyphosphate 5-phosphatase 7 | Zm00001d013624: no description | Zm00001d013653: transcription regulator NOT2/NOT3/NOT5 family protein	True	Zm00001d013603	
agri_aa_oil__Oil_C20_1__L031	agri_aa_oil__Oil_C20_1	4	32698003	32894031	196029	2	chr4.s_32894031	32894031	3.698552e-07	0.0049278520567466	6.431968270931439	0.002249801	0.093	fdr_0_05	Zm00001d049511	gene_body	0	Zm00001d049507;Zm00001d049511	2	Zm00001d049507: NADH dehydrogenase [ubiquinone] iron-sulfur protein 6 mitochondrial | Zm00001d049511: Putative MYB DNA-binding domain superfamily protein  	True	Zm00001d049511	hormone_stress_regulatory
agri_aa_oil__Oil_C20_1__L056	agri_aa_oil__Oil_C20_1	7	153857394	153857394	1	1	chr7.s_153857394	153857394	1.132685e-06	0.0125763274088888	5.945890850756619	0.002255875	0.058	fdr_0_05	Zm00001d021488	gene_body	0	Zm00001d021488	1	Zm00001d021488: MYND finger family protein  	True	Zm00001d021488	
agri_aa_oil__Oil_C20_1__L006	agri_aa_oil__Oil_C20_1	1	241512051	241512051	1	1	chr1.s_241512051	241512051	1.393372e-06	0.0139236877216	5.855932920920492	0.002582729	0.057	fdr_0_05	Zm00001d032887	gene_body	0	Zm00001d032887	1	Zm00001d032887: Protein binding protein  	True	Zm00001d032887	
agri_aa_oil__Oil_C20_1__L003	agri_aa_oil__Oil_C20_1	1	172833339	172833339	1	1	chr1.s_172833339	172833339	3.012994e-06	0.0286212414945454	5.521001733168822	0.002349719	0.066	fdr_0_05	Zm00001d031002	gene_body	0	Zm00001d031002	1	Zm00001d031002: Tetratricopeptide repeat (TPR)-like superfamily protein	False		
agri_aa_oil__Oil_C20_1__L033	agri_aa_oil__Oil_C20_1	4	55150511	55427313	276803	2	chr4.s_55427313	55427313	3.150605e-06	0.0286212414945454	5.501606042104807	0.001244757	0.208	fdr_0_05	Zm00001d049956	gene_body	0	Zm00001d049950;Zm00001d049956	2	Zm00001d049950:  male sterile protein homolog1 | Zm00001d049956: 4-hydroxy-tetrahydrodipicolinate reductase 2 chloroplastic	False		
agri_aa_oil__Oil_C20_1__L005	agri_aa_oil__Oil_C20_1	1	227284780	227284780	1	1	chr1.s_227284780	227284780	5.644645e-06	0.0447985146862857	5.248363366296871	0.00159525	0.082	fdr_0_05	Zm00001d032455	gene_body	0	Zm00001d032455	1	Zm00001d032455: Electron transfer flavoprotein-ubiquinone oxidoreductase mitochondrial	False		
agri_aa_oil__Oil_C20_1__L027	agri_aa_oil__Oil_C20_1	3	191430127	191431057	931	2	chr3.s_191430127	191430127	6.15008e-06	0.0447985146862857	5.211119234902212	0.001924664	0.072	fdr_0_05	Zm00001d043200	gene_body	0	Zm00001d043200;Zm00001d043201	2	Zm00001d043200: no description | Zm00001d043201:  ycf3 intracting protein homolog1	False		
agri_aa_oil__Oil_C20_1__L008	agri_aa_oil__Oil_C20_1	1	246565453	246565453	1	1	chr1.s_246565453	246565453	6.259977e-06	0.0447985146862857	5.203427262443154	0.001613849	0.107	fdr_0_05	Zm00001d033002	gene_body	0	Zm00001d033002	1	Zm00001d033002: ATP-dependent 6-phosphofructokinase 5 chloroplastic	False		
agri_aa_oil__Oil_C20_1__L039	agri_aa_oil__Oil_C20_1	4	243763709	243763709	1	1	chr4.s_243763709	243763709	6.276311e-06	0.0447985146862857	5.202295544652107	0.001479613	0.15	fdr_0_05	Zm00001d053931	gene_body	0	Zm00001d053931	1	Zm00001d053931: Peroxisome biogenesis protein 16	False		
agri_aa_oil__Oil_C20_1__L079	agri_aa_oil__Oil_C20_1	10	147844213	147844213	1	1	chr10.s_147844213	147844213	7.499391e-06	0.0491669367989999	5.124974002752055	0.001497559	0.069	fdr_0_05	Zm00001d026536	gene_body	0	Zm00001d026536	1	Zm00001d026536: Zinc finger CCCH domain-containing protein 6	False		
agri_aa_oil__Oil_C20_1__L022	agri_aa_oil__Oil_C20_1	3	136775175	136775175	1	1	chr3.s_136775175	136775175	7.872378e-06	0.0491669367989999	5.103894060997845	0.002367364	0.062	fdr_0_05	Zm00001d041768	gene_body	0	Zm00001d041768	1	Zm00001d041768: NEP-interacting protein 1	True	Zm00001d041768	
agri_aa_oil__Oil_C20_1__L036	agri_aa_oil__Oil_C20_1	4	185644876	185644876	1	1	chr4.s_185644876	185644876	9.319361e-06	0.0517369503337777	5.030613864865747	0.001974888	0.068	suggestive_1e_5	Zm00001d052276	gene_body	0	Zm00001d052276	1	Zm00001d052276: RNA-processing Lsm domain	False		
agri_aa_oil__Oil_C20_1__L044	agri_aa_oil__Oil_C20_1	5	22604388	22604388	1	1	chr5.s_22604388	22604388	1.063796e-05	0.0560642888378947	4.973141647011484	0.002243706	0.058	nominal	Zm00001d013849	cis_window	5032	Zm00001d013849	1	Zm00001d013849: Trihelix transcription factor GT-2	True	Zm00001d013849	hormone_stress_regulatory
agri_aa_oil__Oil_C20_1__L007	agri_aa_oil__Oil_C20_1	1	244289648	244289648	1	1	chr1.s_244289648	244289648	1.653213e-05	0.0805864725190243	4.781671188312863	-0.001428855	0.849	nominal	Zm00001d032944	gene_body	0	Zm00001d032944	1	Zm00001d032944: Short integuments 2 mitochondrial	False		
agri_aa_oil__Oil_C20_1__L028	agri_aa_oil__Oil_C20_1	3	234056883	234056883	1	1	chr3.s_234056883	234056883	2.038528e-05	0.0970028695161904	4.690683318961896	0.001680841	0.057	nominal	Zm00001d044649	gene_body	0	Zm00001d044649	1	Zm00001d044649: Plant mobile domain protein family	False		
agri_aa_oil__Oil_C20_1__L050	agri_aa_oil__Oil_C20_1	6	111531568	111531568	1	1	chr6.s_111531568	111531568	2.170348e-05	0.0985811522472727	4.66347062450982	0.0009059933	0.34	nominal	Zm00001d037074	nearest	19298	Zm00001d037074	1	Zm00001d037074: PHD finger family protein	False		
agri_aa_oil__Oil_C20_1__L010	agri_aa_oil__Oil_C20_1	1	260372168	260372168	1	1	chr1.s_260372168	260372168	2.771581e-05	0.1230926871857777	4.557272424544372	0.001459343	0.086	nominal	Zm00001d033365	gene_body	0	Zm00001d033365	1	Zm00001d033365: Putative cyclin-A3-1	False		
agri_aa_oil__Oil_C20_1__L057	agri_aa_oil__Oil_C20_1	7	157332135	157332135	1	1	chr7.s_157332135	157332135	2.928571e-05	0.127237496907826	4.533344242513797	0.001479919	0.134	nominal	Zm00001d021588	gene_body	0	Zm00001d021588	1	Zm00001d021588: Mitotic checkpoint serine/threonine-protein kinase BUB1	False		
agri_aa_oil__Oil_C20_1__L009	agri_aa_oil__Oil_C20_1	1	252140053	252140053	1	1	chr1.s_252140053	252140053	3.07716e-05	0.13003193455	4.511849921591168	0.001761042	0.074	nominal	Zm00001d033150	cis_window	294	Zm00001d033150	1	Zm00001d033150: no description	False		
agri_aa_oil__Oil_C20_1__L055	agri_aa_oil__Oil_C20_1	7	145650361	146496149	845789	2	chr7.s_145650361	145650361	3.395415e-05	0.1343029968752941	4.469107137084445	0.001689452	0.067	nominal	Zm00001d021197	gene_body	0	Zm00001d021197;Zm00001d021221	2	Zm00001d021197: Alpha-L-fucosidase 1 | Zm00001d021221: Protein binding protein  	False		
agri_aa_oil__Oil_C20_1__L066	agri_aa_oil__Oil_C20_1	8	173418355	173418355	1	1	chr8.s_173418355	173418355	3.427194e-05	0.1343029968752941	4.465061311168375	-0.0008358248	0.535	nominal	Zm00001d012391	gene_body	0	Zm00001d012391	1	Zm00001d012391: Delta 1-pyrroline-5-carboxylate synthetase isoform 1; Delta 1-pyrroline-5-carboxylate synthetase isoform 2  	False		
agri_aa_oil__Oil_C20_1__L051	agri_aa_oil__Oil_C20_1	6	121213561	121767324	553764	2	chr6.s_121767324	121767324	3.815351e-05	0.1447388240711111	4.418465502178023	0.001207209	0.151	nominal	Zm00001d037332	gene_body	0	Zm00001d037326;Zm00001d037332	2	Zm00001d037326: Ubiquitin receptor RAD23c | Zm00001d037332: Putative 1-phosphatidylinositol-4-phosphate 5-kinase/ zinc ion binding family  	False		
agri_aa_oil__Oil_C20_1__L040	agri_aa_oil__Oil_C20_1	5	7117286	7117286	1	1	chr5.s_7117286	7117286	3.909992e-05	0.1447388240711111	4.407824131187103	-0.001016857	0.224	nominal	Zm00001d013250	gene_body	0	Zm00001d013250	1	Zm00001d013250: Glucan endo-1,3-beta-glucosidase 3  	False		
agri_aa_oil__Oil_C20_1__L064	agri_aa_oil__Oil_C20_1	8	153385756	153385756	1	1	chr8.s_153385756	153385756	3.910764e-05	0.1447388240711111	4.407738391306938	0.001479321	0.11	nominal	Zm00001d011519	gene_body	0	Zm00001d011519	1	Zm00001d011519: Magnesium transporter CorA-like family protein	False		transport_membrane
agri_aa_oil__Oil_C20_1__L021	agri_aa_oil__Oil_C20_1	3	49664855	49664855	1	1	chr3.s_49664855	49664855	4.044103e-05	0.1469524089396363	4.393177791814473	0.001073055	0.223	nominal	Zm00001d040560	nearest	137947	Zm00001d040560	1	Zm00001d040560: no description	False		
agri_aa_oil__Oil_C20_1__L062	agri_aa_oil__Oil_C20_1	8	139409109	139409109	1	1	chr8.s_139409109	139409109	4.640755e-05	0.1540174209993442	4.333411358742501	0.001744191	0.07	nominal	Zm00001d011117	gene_body	0	Zm00001d011117	1	Zm00001d011117: cytochrome P450 family 722 subfamily A polypeptide 1	False		
agri_aa_oil__Oil_C20_1__L002	agri_aa_oil__Oil_C20_1	1	54036091	54036091	1	1	chr1.s_54036091	54036091	4.700916e-05	0.1540174209993442	4.327817509088797	0.001676006	0.1	nominal	Zm00001d028995	gene_body	0	Zm00001d028995	1	Zm00001d028995: Arabidopsis NAC domain containing protein 87	True	Zm00001d028995	hormone_stress_regulatory
agri_aa_oil__Oil_C20_1__L072	agri_aa_oil__Oil_C20_1	9	118648499	118648499	1	1	chr9.s_118648499	118648499	5.003833e-05	0.1587374679441269	4.3006971930611	0.001829588	0.065	nominal	Zm00001d047102	cis_window	439	Zm00001d047102	1	Zm00001d047102: Zinc finger protein ZAT9	False		
agri_aa_oil__Oil_C20_1__L078	agri_aa_oil__Oil_C20_1	10	135293337	135293337	1	1	chr10.s_135293337	135293337	6.023579e-05	0.1733885274537143	4.220145389457786	0.001624537	0.066	nominal	Zm00001d025983	gene_body	0	Zm00001d025983	1	Zm00001d025983: Cationic amino acid transporter 6 chloroplastic	False		transport_membrane
agri_aa_oil__Oil_C20_1__L071	agri_aa_oil__Oil_C20_1	9	111968826	111968826	1	1	chr9.s_111968826	111968826	6.072971e-05	0.1733885274537143	4.216598792740444	-0.000867599	0.397	nominal	Zm00001d046941	gene_body	0	Zm00001d046941	1	Zm00001d046941: Receptor-like cytosolic serine/threonine-protein kinase RBK1	False		
agri_aa_oil__Oil_C20_1__L080	agri_aa_oil__Oil_C20_1	10	149175873	149175873	1	1	chr10.s_149175873	149175873	6.280766e-05	0.1767956013656338	4.201987386631246	0.0007751586	0.348	nominal	Zm00001d026627	gene_body	0	Zm00001d026627	1	Zm00001d026627: Transducin/WD40 repeat-like superfamily protein	False		
agri_aa_oil__Oil_C20_1__L024	agri_aa_oil__Oil_C20_1	3	157676234	158052880	376647	2	chr3.s_157676234	157676234	6.634943e-05	0.1798803657924324	4.178162803755356	0.001855368	0.057	nominal	Zm00001d042259	gene_body	0	Zm00001d042259;Zm00001d042266	2	Zm00001d042259: Prefoldin chaperone subunit family protein | Zm00001d042266: eukaryotic initiation factor 3 gamma subunit family protein	False		
agri_aa_oil__Oil_C20_1__L073	agri_aa_oil__Oil_C20_1	9	154446913	154478492	31580	2	chr9.s_154478492	154478492	7.750793e-05	0.1985951904882051	4.110653861634899	0.001211205	0.116	nominal	Zm00001d048320	gene_body	0	Zm00001d048314;Zm00001d048320	2	Zm00001d048314: Protein kinase 2B chloroplastic | Zm00001d048320: Pentatricopeptide repeat-containing protein  mitochondrial	False		
agri_aa_oil__Oil_C20_1__L063	agri_aa_oil__Oil_C20_1	8	147823504	147823504	1	1	chr8.s_147823504	147823504	8.327638e-05	0.2039574971752381	4.079478161741929	0.001600483	0.065	nominal	Zm00001d011352	gene_body	0	Zm00001d011352	1	Zm00001d011352: Electron transporter  	False		transport_membrane
agri_aa_oil__Oil_C20_1__L075	agri_aa_oil__Oil_C20_1	10	24262869	24915867	652999	2	chr10.s_24915867	24915867	8.47986e-05	0.2039574971752381	4.071611317758542	0.001484552	0.108	nominal	Zm00001d023853	nearest	165776	Zm00001d023841;Zm00001d023853	2	Zm00001d023841: P-loop nucleoside triphosphate hydrolases superfamily protein with CH (Calponin Homology) domain | Zm00001d023853:  adenosine 5'-phosphosulfate reductase6	True	Zm00001d023853	
agri_aa_oil__Oil_C20_1__L077	agri_aa_oil__Oil_C20_1	10	130532088	130532088	1	1	chr10.s_130532088	130532088	8.572387e-05	0.2039574971752381	4.066898230984077	0.001205305	0.157	nominal	Zm00001d025817	gene_body	0	Zm00001d025817	1	Zm00001d025817: CLIP-associated protein	False		
agri_aa_oil__Oil_C20_1__L065	agri_aa_oil__Oil_C20_1	8	168893107	168893107	1	1	chr8.s_168893107	168893107	9.424148e-05	0.2190084328706976	4.025757902196339	0.0008450478	0.458	nominal	Zm00001d012147	gene_body	0	Zm00001d012147	1	Zm00001d012147: Galactolipase DONGLE chloroplastic	False		fatty_acid_lipid
agri_aa_oil__Oil_C20_1__L060	agri_aa_oil__Oil_C20_1	8	121751935	121751935	1	1	chr8.s_121751935	121751935	9.723422e-05	0.2208277530945454	4.012180865302919	0.001846321	0.061	nominal	Zm00001d010607	gene_body	0	Zm00001d010607	1	Zm00001d010607: PLAC8 family protein	False		
agri_aa_oil__Oil_C20_1__L004	agri_aa_oil__Oil_C20_1	1	192437455	192437455	1	1	chr1.s_192437455	192437455	0.0001206875	0.2650562747252747	3.91833770887653	0.001354954	0.083	nominal	Zm00001d031514	gene_body	0	Zm00001d031514	1	Zm00001d031514: chaperone protein dnaJ-related	False		
agri_aa_oil__Oil_C20_1__L013	agri_aa_oil__Oil_C20_1	2	3798219	3798219	1	1	chr2.s_3798219	3798219	0.0001271893	0.2736130694127659	3.895549422857549	0.0008904238	0.269	nominal	Zm00001d001978	gene_body	0	Zm00001d001978	1	Zm00001d001978: MAP3K epsilon protein kinase 1	False		
agri_aa_oil__Oil_C20_1__L037	agri_aa_oil__Oil_C20_1	4	217417715	217417715	1	1	chr4.s_217417715	217417715	0.0001283199	0.2736130694127659	3.891705987506491	0.000874439	0.275	nominal	Zm00001d053163	nearest	10872	Zm00001d053163	1	Zm00001d053163: Scarecrow-like protein 26	False		
agri_aa_oil__Oil_C20_1__L034	agri_aa_oil__Oil_C20_1	4	147599071	147599071	1	1	chr4.s_147599071	147599071	0.0001286908	0.2736130694127659	3.890452499343072	0.001319825	0.095	nominal	Zm00001d051183	cis_window	237	Zm00001d051183	1	Zm00001d051183: Regulator of nonsense transcripts UPF2	False		
agri_aa_oil__Oil_C20_1__L068	agri_aa_oil__Oil_C20_1	9	16479642	16479642	1	1	chr9.s_16479642	16479642	0.0001313555	0.2763387874526316	3.881551738107125	0.0007478409	0.567	nominal	Zm00001d045219	gene_body	0	Zm00001d045219	1	Zm00001d045219:  PIN-formed protein12	False		
agri_aa_oil__Oil_C20_1__L070	agri_aa_oil__Oil_C20_1	9	30195995	30195995	1	1	chr9.s_30195995	30195995	0.0001356147	0.2791098052363636	3.867693232424216	0.000804835	0.576	nominal	Zm00001d045635	gene_body	0	Zm00001d045635	1	Zm00001d045635: Helicase protein MOM1	False		
agri_aa_oil__Oil_C20_1__L016	agri_aa_oil__Oil_C20_1	3	898176	898176	1	1	chr3.s_898176	898176	0.0001382589	0.2791098052363636	3.859306902725034	0.001537605	0.083	nominal	Zm00001d039272	gene_body	0	Zm00001d039272	1	Zm00001d039272: WPP domain-interacting tail-anchored protein 1	False		
agri_aa_oil__Oil_C20_1__L054	agri_aa_oil__Oil_C20_1	6	168688461	168688461	1	1	chr6.s_168688461	168688461	0.0001586763	0.3139842634930693	3.799487934920332	0.001071817	0.135	nominal	Zm00001d039010	promoter	0	Zm00001d039010	1	Zm00001d039010: Fasciclin-like arabinogalactan protein 7  	False		
agri_aa_oil__Oil_C20_1__L053	agri_aa_oil__Oil_C20_1	6	151368628	151368628	1	1	chr6.s_151368628	151368628	0.000167255	0.321412646923077	3.776620890361624	0.0008522486	0.635	nominal	Zm00001d038198	gene_body	0	Zm00001d038198	1	Zm00001d038198: Protease Do-like 10 mitochondrial	False		
agri_aa_oil__Oil_C20_1__L046	agri_aa_oil__Oil_C20_1	5	223331031	223331031	1	1	chr5.s_223331031	223331031	0.0001748941	0.3297512759396226	3.75722484106828	-0.0008328252	0.593	nominal	Zm00001d018567	cis_window	2260	Zm00001d018567	1	Zm00001d018567: Protein ELC-like	False		
agri_aa_oil__Oil_C20_1__L025	agri_aa_oil__Oil_C20_1	3	180956988	180956988	1	1	chr3.s_180956988	180956988	0.0001849085	0.3412128653211009	3.7330431244371054	0.001568114	0.062	nominal	Zm00001d042812	gene_body	0	Zm00001d042812	1	Zm00001d042812: Tetratricopeptide repeat (TPR)-like superfamily protein	True	Zm00001d042812	
agri_aa_oil__Oil_C20_1__L061	agri_aa_oil__Oil_C20_1	8	122872882	122872882	1	1	chr8.s_122872882	122872882	0.000185162	0.3412128653211009	3.7324481368961786	0.001265562	0.113	nominal	Zm00001d010646	cis_window	1069	Zm00001d010646	1	Zm00001d010646: Putative histone-lysine N-methyltransferase family protein  	False		
agri_aa_oil__Oil_C20_1__L038	agri_aa_oil__Oil_C20_1	4	231212373	231212373	1	1	chr4.s_231212373	231212373	0.000186095	0.3412128653211009	3.730265295335546	-0.0009837918	0.787	nominal	Zm00001d053433	promoter	0	Zm00001d053433	1	Zm00001d053433: Putative RING zinc finger domain superfamily protein  	False		
agri_aa_oil__Oil_C20_1__L076	agri_aa_oil__Oil_C20_1	10	118153332	118153332	1	1	chr10.s_118153332	118153332	0.0001956686	0.3523021956900901	3.708478862338231	0.001862291	0.065	nominal	Zm00001d025421	cis_window	1773	Zm00001d025421	1	Zm00001d025421: F-box protein 7	True	Zm00001d025421	
agri_aa_oil__Oil_C20_1__L043	agri_aa_oil__Oil_C20_1	5	19732503	19732503	1	1	chr5.s_19732503	19732503	0.0001987512	0.3546573198857143	3.7016902405240457	0.001794345	0.072	nominal	Zm00001d013767	gene_body	0	Zm00001d013767	1	Zm00001d013767: Guanine nucleotide-binding protein-like NSN1	True	Zm00001d013767	
agri_aa_oil__Oil_C20_1__L045	agri_aa_oil__Oil_C20_1	5	210778984	210778984	1	1	chr5.s_210778984	210778984	0.0002061387	0.3573657871034483	3.685840467130642	0.001100506	0.132	nominal	Zm00001d017951	gene_body	0	Zm00001d017951	1	Zm00001d017951: Nudix hydrolase 17 mitochondrial	False		
agri_aa_oil__Oil_C20_1__L014	agri_aa_oil__Oil_C20_1	2	153499798	153499798	1	1	chr2.s_153499798	153499798	0.0002066121	0.3573657871034483	3.684844248114788	-0.001342506	0.086	nominal	Zm00001d005010	gene_body	0	Zm00001d005010	1	Zm00001d005010: Late embryogenesis abundant (LEA) hydroxyproline-rich glycoprotein family	False		
agri_aa_oil__Oil_C20_1__L048	agri_aa_oil__Oil_C20_1	6	94602036	94602036	1	1	chr6.s_94602036	94602036	0.0002074215	0.3573657871034483	3.683146229396255	-0.001060524	0.838	nominal	Zm00001d036615	promoter	0	Zm00001d036615	1	Zm00001d036615: no description	False		
agri_aa_oil__Oil_C20_1__L001	agri_aa_oil__Oil_C20_1	1	47571952	47571952	1	1	chr1.s_47571952	47571952	0.0002172139	0.3671969031475409	3.663112386725255	-0.0009227667	0.245	nominal	Zm00001d028818	gene_body	0	Zm00001d028818	1	Zm00001d028818: Calpain-type cysteine protease DEK1	False		
agri_aa_oil__Oil_C20_1__L067	agri_aa_oil__Oil_C20_1	8	179121759	179121759	1	1	chr8.s_179121759	179121759	0.0002228229	0.3671969031475409	3.652040177804567	0.001698062	0.051	nominal	Zm00001d012718	gene_body	0	Zm00001d012718	1	Zm00001d012718: no description	False		
agri_aa_oil__Oil_C20_1__L029	agri_aa_oil__Oil_C20_1	4	17527741	17527741	1	1	chr4.s_17527741	17527741	0.0002351349	0.3761054430759689	3.628682905743076	-0.001085372	0.817	nominal	Zm00001d049140	gene_body	0	Zm00001d049140	1	Zm00001d049140: Calmodulin-interacting protein 111	False		
agri_aa_oil__Oil_C20_1__L047	agri_aa_oil__Oil_C20_1	6	92080540	92080540	1	1	chr6.s_92080540	92080540	0.0002372105	0.3761054430759689	3.62486609106185	0.000866722	0.361	nominal	Zm00001d036558	nearest	52298	Zm00001d036558	1	Zm00001d036558: no description	False		
agri_aa_oil__Oil_C20_1__L020	agri_aa_oil__Oil_C20_1	3	21385593	21385593	1	1	chr3.s_21385593	21385593	0.0002411545	0.3761054430759689	3.617704629628749	0.001065363	0.132	nominal	Zm00001d039976	cis_window	5989	Zm00001d039976	1	Zm00001d039976: no description	False		
agri_aa_oil__Oil_C20_1__L026	agri_aa_oil__Oil_C20_1	3	189146516	189146516	1	1	chr3.s_189146516	189146516	0.0002414934	0.3761054430759689	3.617094733992174	0.001108431	0.139	nominal	Zm00001d043096	gene_body	0	Zm00001d043096	1	Zm00001d043096: no description	False		
agri_aa_oil__Oil_C20_1__L017	agri_aa_oil__Oil_C20_1	3	3991784	3991784	1	1	chr3.s_3991784	3991784	0.0002422071	0.3761054430759689	3.615813130203591	-0.0007600464	0.492	nominal	Zm00001d039428	gene_body	0	Zm00001d039428	1	Zm00001d039428: DNA-binding WRKY  	False		
agri_aa_oil__Oil_C20_1__L012	agri_aa_oil__Oil_C20_1	1	299205640	299205640	1	1	chr1.s_299205640	299205640	0.0002427628	0.3761054430759689	3.614817862046884	-0.0007702323	0.335	nominal	Zm00001d034664	gene_body	0	Zm00001d034664	1	Zm00001d034664: no description	False		
agri_aa_oil__Oil_C20_1__L035	agri_aa_oil__Oil_C20_1	4	178670606	178670606	1	1	chr4.s_178670606	178670606	0.000251147	0.3776781014015037	3.6000720052059143	0.0014312	0.066	nominal	Zm00001d052074	gene_body	0	Zm00001d052074	1	Zm00001d052074: no description	False		
agri_aa_oil__Oil_C20_1__L074	agri_aa_oil__Oil_C20_1	10	1811580	1811580	1	1	chr10.s_1811580	1811580	0.0002629618	0.3828273541101449	3.580107336126797	0.0007655635	0.527	nominal	Zm00001d023273	gene_body	0	Zm00001d023273	1	Zm00001d023273: Disease resistance protein-like	False		
agri_aa_oil__Oil_C20_1__L018	agri_aa_oil__Oil_C20_1	3	13691003	13691003	1	1	chr3.s_13691003	13691003	0.0002639533	0.3828273541101449	3.5784729039875867	0.001615722	0.07	nominal	Zm00001d039747	gene_body	0	Zm00001d039747	1	Zm00001d039747: Transcription initiation factor TFIID subunit 15b	False		
agri_aa_oil__Oil_C20_1__L052	agri_aa_oil__Oil_C20_1	6	140134518	140134518	1	1	chr6.s_140134518	140134518	0.0002641967	0.3828273541101449	3.5780726113268697	0.0008440709	0.722	nominal	Zm00001d037864	gene_body	0	Zm00001d037864	1	Zm00001d037864: Heat shock protein DnaJ with tetratricopeptide repeat	False		
agri_aa_oil__Oil_C20_1__L015	agri_aa_oil__Oil_C20_1	2	197133343	197133343	1	1	chr2.s_197133343	197133343	0.0002702528	0.3860752058478873	3.568229797769657	0.0009472089	0.194	nominal	Zm00001d006065	gene_body	0	Zm00001d006065	1	Zm00001d006065: Transcription factor bHLH62	False		hormone_stress_regulatory
agri_aa_oil__Oil_C20_1__L011	agri_aa_oil__Oil_C20_1	1	273672777	273672777	1	1	chr1.s_273672777	273672777	0.0002713306	0.3860752058478873	3.5665012248091945	-0.0008074378	0.241	nominal	Zm00001d033786	gene_body	0	Zm00001d033786	1	Zm00001d033786:  histidine kinase4	False		
agri_aa_oil__Oil_C20_1__L032	agri_aa_oil__Oil_C20_1	4	44640114	44640114	1	1	chr4.s_44640114	44640114	0.0002743109	0.3860752058478873	3.56175693495544	0.001576202	0.053	nominal	Zm00001d049785	gene_body	0	Zm00001d049785	1	Zm00001d049785: Type II inositol polyphosphate 5-phosphatase 15	False		
agri_aa_oil__Oil_C20_1__L023	agri_aa_oil__Oil_C20_1	3	155197488	155197488	1	1	chr3.s_155197488	155197488	0.0002827765	0.3872062161315068	3.5485566852018424	0.001804969	0.053	nominal	Zm00001d042180	promoter	0	Zm00001d042180	1	Zm00001d042180: VAP27-2  	False		
agri_aa_oil__Oil_C20_1__L019	agri_aa_oil__Oil_C20_1	3	16204043	16204043	1	1	chr3.s_16204043	16204043	0.0002939373	0.3945210996183006	3.531745299411188	-0.0008550851	0.741	nominal	Zm00001d039833	gene_body	0	Zm00001d039833	1	Zm00001d039833: Spermidine hydroxycinnamoyl transferase	False		
agri_aa_oil__Oil_C20_1__L058	agri_aa_oil__Oil_C20_1	8	23661274	23661274	1	1	chr8.s_23661274	23661274	0.0003014408	0.3945210996183006	3.520797966302541	0.001699163	0.077	nominal	Zm00001d008881	cis_window	736	Zm00001d008881	1	Zm00001d008881: Protein RALF-like 33	False		
agri_aa_oil__Oil_C20_1__L069	agri_aa_oil__Oil_C20_1	9	28453846	28453846	1	1	chr9.s_28453846	28453846	0.0003110223	0.4036342388883117	3.507208471359838	0.0008572758	0.586	nominal	Zm00001d045603	gene_body	0	Zm00001d045603	1	Zm00001d045603:  polymerase II transcription-mediator3	False		
agri_aa_oil__Oil_C20_1__L041	agri_aa_oil__Oil_C20_1	5	14086007	14086007	1	1	chr5.s_14086007	14086007	0.0003201639	0.4128172670864516	3.4946276384212465	0.000857624	0.223	nominal	Zm00001d013549	gene_body	0	Zm00001d013549	1	Zm00001d013549: RING/U-box superfamily protein	False		
agri_aa_oil__Oil_OIL__L066	agri_aa_oil__Oil_OIL	8	39633330	39633330	1	1	chr8.s_39633330	39633330	1.516051e-14	3.0299188865600003e-09	13.819286188779143	1.027083	0.059	bonferroni_0_05	Zm00001d009150	gene_body	0	Zm00001d009150	1	Zm00001d009150: Sec23/Sec24 protein transport family protein	True	Zm00001d009150	
agri_aa_oil__Oil_OIL__L049	agri_aa_oil__Oil_OIL	6	108218435	108218435	1	1	chr6.s_108218435	108218435	3.395365e-10	1.1309734457333331e-05	9.469113532439351	0.4512259	0.18	bonferroni_0_05	Zm00001d036982	gene_body	0	Zm00001d036982	1	Zm00001d036982:  linoleic acid1	True	Zm00001d036982	fatty_acid_lipid
agri_aa_oil__Oil_OIL__L008	agri_aa_oil__Oil_OIL	1	172833339	172833339	1	1	chr1.s_172833339	172833339	8.159322e-10	2.173658838e-05	9.088345927507431	0.7151502	0.066	bonferroni_0_05	Zm00001d031002	gene_body	0	Zm00001d031002	1	Zm00001d031002: Tetratricopeptide repeat (TPR)-like superfamily protein	True	Zm00001d031002	
agri_aa_oil__Oil_OIL__L027	agri_aa_oil__Oil_OIL	4	32894031	34378158	1484128	3	chr4.s_32894031	32894031	8.7009e-10	2.173658838e-05	9.060435822689662	0.6294161	0.093	bonferroni_0_05	Zm00001d049511	gene_body	0	Zm00001d049511;Zm00001d049533;Zm00001d049551	3	Zm00001d049511: Putative MYB DNA-binding domain superfamily protein   | Zm00001d049533: SPFH/Band 7/PHB domain-containing membrane-associated protein family | Zm00001d049551: Putative cytochrome P450 superfamily protein  	True	Zm00001d049511;Zm00001d049551	hormone_stress_regulatory;transport_membrane
agri_aa_oil__Oil_OIL__L063	agri_aa_oil__Oil_OIL	8	22871076	24172336	1301261	3	chr8.s_23661274	23661274	4.487778e-09	8.153721454254545e-05	8.347968634764287	0.6361777	0.077	bonferroni_0_05	Zm00001d008881	cis_window	736	Zm00001d008859;Zm00001d008881;Zm00001d008893	3	Zm00001d008859: Alkaline phytoceramidase (aPHC) | Zm00001d008881: Protein RALF-like 33 | Zm00001d008893: Shaggy-related protein kinase iota	False		fatty_acid_lipid
agri_aa_oil__Oil_OIL__L038	agri_aa_oil__Oil_OIL	5	15169264	16258953	1089690	3	chr5.s_15169264	15169264	4.949563e-08	0.0007065713306628	7.305433143504116	0.6412151	0.069	bonferroni_0_05	Zm00001d013603	gene_body	0	Zm00001d013603;Zm00001d013644;Zm00001d013653	3	Zm00001d013603: Type IV inositol polyphosphate 5-phosphatase 7 | Zm00001d013644: 5-methyltetrahydropteroyltriglutamate--homocysteine methyltransferase 1 | Zm00001d013653: transcription regulator NOT2/NOT3/NOT5 family protein	True	Zm00001d013603	
agri_aa_oil__Oil_OIL__L039	agri_aa_oil__Oil_OIL	5	22604388	23312825	708438	2	chr5.s_22604388	22604388	1.618942e-07	0.0021570351490133	6.790768709944066	0.6203786	0.058	bonferroni_0_05	Zm00001d013849	cis_window	5032	Zm00001d013849;Zm00001d013868	2	Zm00001d013849: Trihelix transcription factor GT-2 | Zm00001d013868: CDPK-related kinase 3	True	Zm00001d013849;Zm00001d013868	hormone_stress_regulatory
agri_aa_oil__Oil_OIL__L018	agri_aa_oil__Oil_OIL	2	154108264	154108264	1	1	chr2.s_154108264	154108264	4.761762e-07	0.0045317462203428	6.322232315077662	0.4485383	0.068	fdr_0_05	Zm00001d005018	gene_body	0	Zm00001d005018	1	Zm00001d005018: Protein DETOXIFICATION 21	True	Zm00001d005018	
agri_aa_oil__Oil_OIL__L061	agri_aa_oil__Oil_OIL	8	10203339	10203339	1	1	chr8.s_10203339	10203339	5.427769e-07	0.0049307827330181	6.265378643724182	0.5563983	0.072	fdr_0_05	Zm00001d008491	cis_window	33	Zm00001d008491	1	Zm00001d008491: Fructose-bisphosphate aldolase  	False		
agri_aa_oil__Oil_OIL__L058	agri_aa_oil__Oil_OIL	7	146342995	146492766	149772	2	chr7.s_146492766	146492766	5.962355e-07	0.0051809235690434	6.22458216953935	0.4842401	0.101	fdr_0_05	Zm00001d021221	gene_body	0	Zm00001d021214;Zm00001d021221	2	Zm00001d021214: Ethylene-responsive transcription factor RAP2-11 | Zm00001d021221: Protein binding protein  	False		hormone_stress_regulatory
agri_aa_oil__Oil_OIL__L012	agri_aa_oil__Oil_OIL	1	256316192	257224933	908742	2	chr1.s_257224933	257224933	6.651294e-07	0.0055387542236	6.17709385508936	0.4992814	0.07	fdr_0_05	Zm00001d033278	gene_body	0	Zm00001d033259;Zm00001d033278	2	Zm00001d033259: DNA repair protein recA homolog 1 chloroplastic | Zm00001d033278: Protein NETWORKED 1A	False		
agri_aa_oil__Oil_OIL__L055	agri_aa_oil__Oil_OIL	7	118585480	118585480	1	1	chr7.s_118585480	118585480	8.65908e-07	0.0061806039017142	6.062528247953567	0.5677829	0.062	fdr_0_05	Zm00001d020487	promoter	0	Zm00001d020487	1	Zm00001d020487: ARM repeat superfamily protein	False		
agri_aa_oil__Oil_OIL__L026	agri_aa_oil__Oil_OIL	4	30481469	30481469	1	1	chr4.s_30481469	30481469	9.55823e-07	0.0065871366030344	6.019622523247216	0.6492952	0.059	fdr_0_05	Zm00001d049442	cis_window	6677	Zm00001d049442	1	Zm00001d049442: Polyadenylation and cleavage factor homolog 5	True	Zm00001d049442	
agri_aa_oil__Oil_OIL__L078	agri_aa_oil__Oil_OIL	10	24262869	25213953	951085	3	chr10.s_24262869	24262869	1.980262e-06	0.012367726321	5.703277346290634	0.4536934	0.087	fdr_0_05	Zm00001d023841	gene_body	0	Zm00001d023841;Zm00001d023853;Zm00001d023856	3	Zm00001d023841: P-loop nucleoside triphosphate hydrolases superfamily protein with CH (Calponin Homology) domain | Zm00001d023853:  adenosine 5'-phosphosulfate reductase6 | Zm00001d023856: RALF  	True	Zm00001d023853	
agri_aa_oil__Oil_OIL__L080	agri_aa_oil__Oil_OIL	10	147844213	147844213	1	1	chr10.s_147844213	147844213	2.185565e-06	0.0128470081952941	5.660436272806658	0.3692036	0.069	fdr_0_05	Zm00001d026536	gene_body	0	Zm00001d026536	1	Zm00001d026536: Zinc finger CCCH domain-containing protein 6	False		
agri_aa_oil__Oil_OIL__L033	agri_aa_oil__Oil_OIL	4	183828966	183828966	1	1	chr4.s_183828966	183828966	2.470301e-06	0.0133126379944	5.607250125819437	0.6360212	0.06	fdr_0_05	Zm00001d052227	cis_window	6066	Zm00001d052227	1	Zm00001d052227:  trehalose-6-phosphate phosphatase4	True	Zm00001d052227	
agri_aa_oil__Oil_OIL__L064	agri_aa_oil__Oil_OIL	8	27712227	27712227	1	1	chr8.s_27712227	27712227	2.482935e-06	0.0133126379944	5.605034649559742	0.4813531	0.058	fdr_0_05	Zm00001d008965	gene_body	0	Zm00001d008965	1	Zm00001d008965: Putative inactive receptor-like protein kinase 	False		hormone_stress_regulatory
agri_aa_oil__Oil_OIL__L004	agri_aa_oil__Oil_OIL	1	46675258	46675258	1	1	chr1.s_46675258	46675258	2.629008e-06	0.0133126379944	5.580208092345304	0.5030634	0.057	fdr_0_05	Zm00001d028797	gene_body	0	Zm00001d028797	1	Zm00001d028797: Laccase-13	False		
agri_aa_oil__Oil_OIL__L001	agri_aa_oil__Oil_OIL	1	17949282	17949282	1	1	chr1.s_17949282	17949282	2.63476e-06	0.0133126379944	5.579258938486612	0.5588176	0.064	fdr_0_05	Zm00001d027934	gene_body	0	Zm00001d027934	1	Zm00001d027934:  leucine-rich transmembrane protein kinase1	True	Zm00001d027934	transport_membrane
agri_aa_oil__Oil_OIL__L067	agri_aa_oil__Oil_OIL	8	74702912	74702912	1	1	chr8.s_74702912	74702912	2.664446e-06	0.0133126379944	5.57439307712683	0.4978852	0.061	fdr_0_05	Zm00001d009653	nearest	88055	Zm00001d009653	1	Zm00001d009653: 60S acidic ribosomal protein P2A  	False		
agri_aa_oil__Oil_OIL__L040	agri_aa_oil__Oil_OIL	5	25434070	26236965	802896	2	chr5.s_26236965	26236965	3.029992e-06	0.0147698068573658	5.518558518151306	0.3429094	0.153	fdr_0_05	Zm00001d013958	cis_window	360	Zm00001d013937;Zm00001d013958	2	Zm00001d013937: Protochlorophyllide reductase C chloroplastic | Zm00001d013958: no description	False		
agri_aa_oil__Oil_OIL__L059	agri_aa_oil__Oil_OIL	7	153857394	153857394	1	1	chr7.s_153857394	153857394	3.24396e-06	0.0153094343813953	5.488924509542995	0.504332	0.058	fdr_0_05	Zm00001d021488	gene_body	0	Zm00001d021488	1	Zm00001d021488: MYND finger family protein  	False		
agri_aa_oil__Oil_OIL__L079	agri_aa_oil__Oil_OIL	10	118153332	118153332	1	1	chr10.s_118153332	118153332	3.733627e-06	0.0169588126752727	5.427869071478854	0.5377556	0.065	fdr_0_05	Zm00001d025421	cis_window	1773	Zm00001d025421	1	Zm00001d025421: F-box protein 7	True	Zm00001d025421	
agri_aa_oil__Oil_OIL__L041	agri_aa_oil__Oil_OIL	5	27296743	27759907	463165	2	chr5.s_27296743	27296743	3.99137e-06	0.0177266498382222	5.398878011251271	0.6101017	0.056	fdr_0_05	Zm00001d013983	gene_body	0	Zm00001d013983;Zm00001d013992	2	Zm00001d013983: LysM domain containing protein   | Zm00001d013992: Pyridoxal phosphate (PLP)-dependent transferases superfamily protein	True	Zm00001d013983	
agri_aa_oil__Oil_OIL__L017	agri_aa_oil__Oil_OIL	2	52665228	52665228	1	1	chr2.s_52665228	52665228	4.449997e-06	0.0193338826180869	5.351640281801964	0.4635313	0.069	fdr_0_05	Zm00001d003657	gene_body	0	Zm00001d003657	1	Zm00001d003657: Protein SCARECROW	False		
agri_aa_oil__Oil_OIL__L045	agri_aa_oil__Oil_OIL	5	175992870	175992870	1	1	chr5.s_175992870	175992870	5.20184e-06	0.0216587278133333	5.283843010115107	0.4414461	0.084	fdr_0_05	Zm00001d016788	promoter	0	Zm00001d016788	1	Zm00001d016788: no description	False		
agri_aa_oil__Oil_OIL__L068	agri_aa_oil__Oil_OIL	8	103046625	103046625	1	1	chr8.s_103046625	103046625	5.628029e-06	0.0227087778992	5.249643673407241	0.4596292	0.073	fdr_0_05	Zm00001d010175	gene_body	0	Zm00001d010175	1	Zm00001d010175: Ethylene-responsive transcription factor ABR1	True	Zm00001d010175	hormone_stress_regulatory
agri_aa_oil__Oil_OIL__L074	agri_aa_oil__Oil_OIL	9	118648499	118648499	1	1	chr9.s_118648499	118648499	5.681285e-06	0.0227087778992	5.245553423920638	0.4769073	0.065	fdr_0_05	Zm00001d047102	cis_window	439	Zm00001d047102	1	Zm00001d047102: Zinc finger protein ZAT9	False		
agri_aa_oil__Oil_OIL__L028	agri_aa_oil__Oil_OIL	4	35950366	35950366	1	1	chr4.s_35950366	35950366	6.46809e-06	0.024859357596923	5.189223945749026	-0.3369085	0.801	fdr_0_05	Zm00001d049579	cis_window	2601	Zm00001d049579	1	Zm00001d049579: Tyrosine--tRNA ligase 1 cytoplasmic	False		
agri_aa_oil__Oil_OIL__L011	agri_aa_oil__Oil_OIL	1	252140053	252140053	1	1	chr1.s_252140053	252140053	7.305539e-06	0.0275482226864905	5.136347736459296	0.441779	0.074	fdr_0_05	Zm00001d033150	cis_window	294	Zm00001d033150	1	Zm00001d033150: no description	False		
agri_aa_oil__Oil_OIL__L047	agri_aa_oil__Oil_OIL	5	197526726	197526726	1	1	chr5.s_197526726	197526726	9.146537e-06	0.0320700052398596	5.038743304454298	0.2883693	0.145	fdr_0_05	Zm00001d017493	cis_window	3223	Zm00001d017493	1	Zm00001d017493: Expansin-B4	False		
agri_aa_oil__Oil_OIL__L053	agri_aa_oil__Oil_OIL	7	93696135	94950140	1254006	3	chr7.s_93696135	93696135	9.660855e-06	0.0329984341781694	5.014984436177645	-0.2406499	0.743	fdr_0_05	Zm00001d020117	gene_body	0	Zm00001d020117;Zm00001d020122;Zm00001d020134	3	Zm00001d020117: Pi15 | Zm00001d020122: Polygalacturonase 1 beta-like protein 3 | Zm00001d020134: ABC transporter G family member 40	False		transport_membrane
agri_aa_oil__Oil_OIL__L031	agri_aa_oil__Oil_OIL	4	82878969	82878969	1	1	chr4.s_82878969	82878969	1.009753e-05	0.0336341992613333	4.995784847856899	0.21143	0.357	fdr_0_05	Zm00001d050350	nearest	51226	Zm00001d050350	1	Zm00001d050350: no description	False		
agri_aa_oil__Oil_OIL__L048	agri_aa_oil__Oil_OIL	6	106780881	107074209	293329	2	chr6.s_106780881	106780881	1.221926e-05	0.0387633718501587	4.912955094228305	0.5014461	0.058	fdr_0_05	Zm00001d036933	cis_window	424	Zm00001d036933;Zm00001d036949	2	Zm00001d036933: Aldehyde dehydrogenase family 2 member C4 | Zm00001d036949: Serine/threonine-protein phosphatase PP2A-5 catalytic subunit	False		
agri_aa_oil__Oil_OIL__L007	agri_aa_oil__Oil_OIL	1	151795573	151795573	1	1	chr1.s_151795573	151795573	1.371315e-05	0.0428227391625	4.8628627734757295	-0.2466212	0.248	fdr_0_05	Zm00001d030663	nearest	26910	Zm00001d030663	1	Zm00001d030663: DNAJ heat shock N-terminal domain-containing protein	False		
agri_aa_oil__Oil_OIL__L069	agri_aa_oil__Oil_OIL	8	121751935	121751935	1	1	chr8.s_121751935	121751935	1.469797e-05	0.0451919614203076	4.832742643393149	0.4783415	0.061	fdr_0_05	Zm00001d010607	gene_body	0	Zm00001d010607	1	Zm00001d010607: PLAC8 family protein	False		
agri_aa_oil__Oil_OIL__L077	agri_aa_oil__Oil_OIL	10	16235157	16235157	1	1	chr10.s_16235157	16235157	1.568848e-05	0.0465149295644444	4.80441913159408	0.4420884	0.073	fdr_0_05	Zm00001d023703	promoter	0	Zm00001d023703	1	Zm00001d023703: no description	True	Zm00001d023703	
agri_aa_oil__Oil_OIL__L032	agri_aa_oil__Oil_OIL	4	145126715	145548006	421292	2	chr4.s_145548006	145548006	1.583948e-05	0.0465149295644444	4.800259080122632	0.3433342	0.125	fdr_0_05	Zm00001d051139	gene_body	0	Zm00001d051130;Zm00001d051139	2	Zm00001d051130: Long-chain-alcohol oxidase FAO4B | Zm00001d051139: RNA-binding (RRM/RBD/RNP motifs) family protein	False		
agri_aa_oil__Oil_OIL__L054	agri_aa_oil__Oil_OIL	7	112561538	112561538	1	1	chr7.s_112561538	112561538	1.667697e-05	0.0465149295644444	4.777882852488175	-0.4536064	0.939	fdr_0_05	Zm00001d020417	promoter	0	Zm00001d020417	1	Zm00001d020417: Encodes a protein whose expression is responsive to nematode infection.	False		
agri_aa_oil__Oil_OIL__L020	agri_aa_oil__Oil_OIL	3	136775175	136775175	1	1	chr3.s_136775175	136775175	1.675744e-05	0.0465149295644444	4.775792326922484	0.5328658	0.062	fdr_0_05	Zm00001d041768	gene_body	0	Zm00001d041768	1	Zm00001d041768: NEP-interacting protein 1	False		
agri_aa_oil__Oil_OIL__L035	agri_aa_oil__Oil_OIL	4	233640847	233640847	1	1	chr4.s_233640847	233640847	1.760571e-05	0.0475719937556756	4.754346456088569	0.4179728	0.056	fdr_0_05	Zm00001d053548	gene_body	0	Zm00001d053548	1	Zm00001d053548: Shaggy-related protein kinase iota	False		
agri_aa_oil__Oil_OIL__L057	agri_aa_oil__Oil_OIL	7	144353418	144660660	307243	2	chr7.s_144353418	144353418	1.761432e-05	0.0475719937556756	4.754134118077291	0.4101662	0.074	fdr_0_05	Zm00001d021162	gene_body	0	Zm00001d021162;Zm00001d021167	2	Zm00001d021162: polymerase delta 4 | Zm00001d021167: UDP-glycosyltransferase 74B1	True	Zm00001d021162	
agri_aa_oil__Oil_OIL__L010	agri_aa_oil__Oil_OIL	1	244289648	244289648	1	1	chr1.s_244289648	244289648	1.825411e-05	0.0480025448442105	4.738639336722	-0.3319647	0.849	fdr_0_05	Zm00001d032944	gene_body	0	Zm00001d032944	1	Zm00001d032944: Short integuments 2 mitochondrial	False		
agri_aa_oil__Oil_OIL__L034	agri_aa_oil__Oil_OIL	4	231212373	231212373	1	1	chr4.s_231212373	231212373	1.942338e-05	0.0499080659425641	4.711675193191132	-0.2619153	0.787	fdr_0_05	Zm00001d053433	promoter	0	Zm00001d053433	1	Zm00001d053433: Putative RING zinc finger domain superfamily protein  	False		
agri_aa_oil__Oil_OIL__L014	agri_aa_oil__Oil_OIL	1	295615070	295615070	1	1	chr1.s_295615070	295615070	1.947817e-05	0.0499080659425641	4.710451848085485	0.41701	0.056	fdr_0_05	Zm00001d034522	gene_body	0	Zm00001d034522	1	Zm00001d034522: plant adhesion molecule 1	False		
agri_aa_oil__Oil_OIL__L029	agri_aa_oil__Oil_OIL	4	50064918	50064918	1	1	chr4.s_50064918	50064918	2.092416e-05	0.0518648526222222	4.67935196772836	0.3964317	0.09	nominal	Zm00001d049881	gene_body	0	Zm00001d049881	1	Zm00001d049881: Peroxisomal membrane protein PMP22  	False		transport_membrane
agri_aa_oil__Oil_OIL__L037	agri_aa_oil__Oil_OIL	5	4796079	4796079	1	1	chr5.s_4796079	4796079	2.161419e-05	0.0526795799590243	4.665261035176444	0.3700116	0.067	nominal	Zm00001d013111	cis_window	73	Zm00001d013111	1	Zm00001d013111: DnaJ protein  	False		
agri_aa_oil__Oil_OIL__L062	agri_aa_oil__Oil_OIL	8	21839315	21839315	1	1	chr8.s_21839315	21839315	2.283712e-05	0.0549895837918072	4.641358666055439	0.3728054	0.086	nominal	Zm00001d008827	cis_window	654	Zm00001d008827	1	Zm00001d008827: Probable choline kinase 2	False		
agri_aa_oil__Oil_OIL__L024	agri_aa_oil__Oil_OIL	4	7430293	7430293	1	1	chr4.s_7430293	7430293	2.465861e-05	0.0580604919069767	4.608031408127306	0.3773869	0.09	nominal	Zm00001d048903	cis_window	143	Zm00001d048903	1	Zm00001d048903: Acidic endochitinase	True	Zm00001d048903	
agri_aa_oil__Oil_OIL__L046	agri_aa_oil__Oil_OIL	5	193682370	193682370	1	1	chr5.s_193682370	193682370	2.563981e-05	0.058899653647816	4.591085197415985	0.3639543	0.106	nominal	Zm00001d017365	gene_body	0	Zm00001d017365	1	Zm00001d017365: Vacuolar protein-sorting protein bro1  	False		
agri_aa_oil__Oil_OIL__L016	agri_aa_oil__Oil_OIL	2	25679602	25679602	1	1	chr2.s_25679602	25679602	2.69687e-05	0.0612483694	4.569139987786405	0.2199214	0.353	nominal	Zm00001d002884	cis_window	380	Zm00001d002884	1	Zm00001d002884: Integral membrane protein  	False		transport_membrane
agri_aa_oil__Oil_OIL__L042	agri_aa_oil__Oil_OIL	5	53774616	53774616	1	1	chr5.s_53774616	53774616	2.990535e-05	0.0646430830195744	4.524251110416924	-0.3105213	0.831	nominal	Zm00001d014569	nearest	16125	Zm00001d014569	1	Zm00001d014569: Probable cadmium/zinc-transporting ATPase HMA1 chloroplastic	False		
agri_aa_oil__Oil_OIL__L005	agri_aa_oil__Oil_OIL	1	54036091	54036091	1	1	chr1.s_54036091	54036091	3.22202e-05	0.06778316096	4.491871768118328	0.399559	0.1	nominal	Zm00001d028995	gene_body	0	Zm00001d028995	1	Zm00001d028995: Arabidopsis NAC domain containing protein 87	True	Zm00001d028995	hormone_stress_regulatory
agri_aa_oil__Oil_OIL__L030	agri_aa_oil__Oil_OIL	4	68709106	68709106	1	1	chr4.s_68709106	68709106	3.589117e-05	0.0731945476685714	4.445012384066825	0.3797745	0.057	nominal	Zm00001d050140	gene_body	0	Zm00001d050140	1	Zm00001d050140:  protein; Storage protein-like	False		seed_storage
agri_aa_oil__Oil_OIL__L070	agri_aa_oil__Oil_OIL	8	128743481	128743481	1	1	chr8.s_128743481	128743481	3.723704e-05	0.0745739314487128	4.4290248487099815	0.3846566	0.07	nominal	Zm00001d010821	gene_body	0	Zm00001d010821	1	Zm00001d010821:  starch synthase4	False		
agri_aa_oil__Oil_OIL__L052	agri_aa_oil__Oil_OIL	7	23591000	23591000	1	1	chr7.s_23591000	23591000	3.746997e-05	0.0745739314487128	4.426316654620098	0.3613182	0.068	nominal	Zm00001d019240	gene_body	0	Zm00001d019240	1	Zm00001d019240: Pentatricopeptide repeat-containing protein  mitochondrial	False		
agri_aa_oil__Oil_OIL__L022	agri_aa_oil__Oil_OIL	3	191430127	191430127	1	1	chr3.s_191430127	191430127	3.768697e-05	0.0745739314487128	4.42380877804994	0.4104465	0.072	nominal	Zm00001d043200	gene_body	0	Zm00001d043200	1	Zm00001d043200: no description	False		
agri_aa_oil__Oil_OIL__L023	agri_aa_oil__Oil_OIL	3	234062286	234062286	1	1	chr3.s_234062286	234062286	3.857032e-05	0.0755736262149019	4.4137467579797525	0.3944267	0.052	nominal	Zm00001d044649	gene_body	0	Zm00001d044649	1	Zm00001d044649: Plant mobile domain protein family	False		
agri_aa_oil__Oil_OIL__L006	agri_aa_oil__Oil_OIL	1	108005633	108005633	1	1	chr1.s_108005633	108005633	4.034909e-05	0.0782913371945631	4.394166255549967	0.4044262	0.078	nominal	Zm00001d030130	promoter	0	Zm00001d030130	1	Zm00001d030130: LrgB-like family protein  	False		
agri_aa_oil__Oil_OIL__L036	agri_aa_oil__Oil_OIL	4	243763709	243763709	1	1	chr4.s_243763709	243763709	4.375814e-05	0.0832888269318095	4.358941146567317	0.3132336	0.15	nominal	Zm00001d053931	gene_body	0	Zm00001d053931	1	Zm00001d053931: Peroxisome biogenesis protein 16	False		
agri_aa_oil__Oil_OIL__L076	agri_aa_oil__Oil_OIL	9	149405631	149405631	1	1	chr9.s_149405631	149405631	4.482129e-05	0.0845075823984905	4.348515648206592	-0.2267049	0.701	nominal	Zm00001d048076	gene_body	0	Zm00001d048076	1	Zm00001d048076: myosin-related	False		
agri_aa_oil__Oil_OIL__L056	agri_aa_oil__Oil_OIL	7	120921446	120921446	1	1	chr7.s_120921446	120921446	4.710947e-05	0.0867844338225454	4.326891781717406	0.2550143	0.228	nominal	Zm00001d020526	gene_body	0	Zm00001d020526	1	Zm00001d020526: no description	False		
agri_aa_oil__Oil_OIL__L013	agri_aa_oil__Oil_OIL	1	272367844	272367844	1	1	chr1.s_272367844	272367844	4.776583e-05	0.0867844338225454	4.320882671361372	0.4223648	0.059	nominal	Zm00001d033730	cis_window	316	Zm00001d033730	1	Zm00001d033730: no description	False		
agri_aa_oil__Oil_OIL__L019	agri_aa_oil__Oil_OIL	3	898176	898176	1	1	chr3.s_898176	898176	5.236039e-05	0.0925519406761739	4.280997127319579	0.3806321	0.083	nominal	Zm00001d039272	gene_body	0	Zm00001d039272	1	Zm00001d039272: WPP domain-interacting tail-anchored protein 1	False		
agri_aa_oil__Oil_OIL__L073	agri_aa_oil__Oil_OIL	8	167545797	167545797	1	1	chr8.s_167545797	167545797	5.31705e-05	0.0925519406761739	4.274329255686951	0.2552627	0.251	nominal	Zm00001d012064	gene_body	0	Zm00001d012064	1	Zm00001d012064: Peptidyl-prolyl cis-trans isomerase  	False		
agri_aa_oil__Oil_OIL__L072	agri_aa_oil__Oil_OIL	8	148698416	148698416	1	1	chr8.s_148698416	148698416	5.325571e-05	0.0925519406761739	4.273633820968183	0.2204652	0.574	nominal	Zm00001d011365	gene_body	0	Zm00001d011365	1	Zm00001d011365: alpha/beta-Hydrolases superfamily protein	False		
agri_aa_oil__Oil_OIL__L003	agri_aa_oil__Oil_OIL	1	44381041	44381041	1	1	chr1.s_44381041	44381041	5.829285e-05	0.0995741523897436	4.234384711038151	0.3446445	0.099	nominal	Zm00001d028726	gene_body	0	Zm00001d028726	1	Zm00001d028726:  protein disulfide isomerase9	False		
agri_aa_oil__Oil_OIL__L051	agri_aa_oil__Oil_OIL	7	15677686	15677686	1	1	chr7.s_15677686	15677686	6.311751e-05	0.1051201089879999	4.199850142475921	0.3832292	0.061	nominal	Zm00001d019083	gene_body	0	Zm00001d019083	1	Zm00001d019083: no description	False		
agri_aa_oil__Oil_OIL__L015	agri_aa_oil__Oil_OIL	2	2493581	2561749	68169	2	chr2.s_2561749	2561749	6.720146e-05	0.10768244477696	4.172621291484036	0.4108609	0.053	nominal	Zm00001d001899	gene_body	0	Zm00001d001894;Zm00001d001899	2	Zm00001d001894: hydroxyproline-rich glycoprotein family protein | Zm00001d001899:  acidic ribosomal protein P2a-3	False		
agri_aa_oil__Oil_OIL__L050	agri_aa_oil__Oil_OIL	7	13469818	13469818	1	1	chr7.s_13469818	13469818	6.735002e-05	0.10768244477696	4.1716622709745765	0.2390689	0.208	nominal	Zm00001d019029	cis_window	319	Zm00001d019029	1	Zm00001d019029:  maternally expressed gene7	False		
agri_aa_oil__Oil_OIL__L025	agri_aa_oil__Oil_OIL	4	17527741	17527741	1	1	chr4.s_17527741	17527741	7.610822e-05	0.1152324576993939	4.118568435110474	-0.2722862	0.817	nominal	Zm00001d049140	gene_body	0	Zm00001d049140	1	Zm00001d049140: Calmodulin-interacting protein 111	False		
agri_aa_oil__Oil_OIL__L065	agri_aa_oil__Oil_OIL	8	30336172	30336172	1	1	chr8.s_30336172	30336172	7.875208e-05	0.1182670826429629	4.103737966800675	0.2296195	0.249	nominal	Zm00001d009021	gene_body	0	Zm00001d009021	1	Zm00001d009021: Pentatricopeptide repeat-containing protein 	False		
agri_aa_oil__Oil_OIL__L021	agri_aa_oil__Oil_OIL	3	157676234	157676234	1	1	chr3.s_157676234	157676234	7.98878e-05	0.1182670826429629	4.097519538548693	0.4284972	0.057	nominal	Zm00001d042259	gene_body	0	Zm00001d042259	1	Zm00001d042259: Prefoldin chaperone subunit family protein	False		
agri_aa_oil__Oil_OIL__L043	agri_aa_oil__Oil_OIL	5	55855430	55855430	1	1	chr5.s_55855430	55855430	8.86942e-05	0.1275256693179856	4.052104779157597	0.406345	0.062	nominal	Zm00001d014616	nearest	14407	Zm00001d014616	1	Zm00001d014616: transducin family protein / WD-40 repeat family protein	False		
agri_aa_oil__Oil_OIL__L075	agri_aa_oil__Oil_OIL	9	120450219	120450219	1	1	chr9.s_120450219	120450219	9.211589e-05	0.1296472768439436	4.03566544750047	0.365168	0.093	nominal	Zm00001d047162	cis_window	253	Zm00001d047162	1	Zm00001d047162: UDP-Glycosyltransferase superfamily protein	False		
agri_aa_oil__Oil_OIL__L002	agri_aa_oil__Oil_OIL	1	40605594	40783601	178008	2	chr1.s_40783601	40783601	9.548288e-05	0.1316056997605517	4.020074490071184	-0.4107451	0.061	nominal	Zm00001d028612	gene_body	0	Zm00001d028606;Zm00001d028612	2	Zm00001d028606: Oxysterol-binding protein-related protein 3B | Zm00001d028612: Expressed protein;  protein	False		fatty_acid_lipid
agri_aa_oil__Oil_OIL__L009	agri_aa_oil__Oil_OIL	1	241512051	241512051	1	1	chr1.s_241512051	241512051	0.000101348	0.1357307367893333	3.99418481724758	0.4880127	0.057	nominal	Zm00001d032887	gene_body	0	Zm00001d032887	1	Zm00001d032887: Protein binding protein  	False		
agri_aa_oil__Oil_OIL__L071	agri_aa_oil__Oil_OIL	8	145824238	145824238	1	1	chr8.s_145824238	145824238	0.0001067682	0.1406790328526315	3.971558078964765	0.2850638	0.098	nominal	Zm00001d011285	promoter	0	Zm00001d011285	1	Zm00001d011285: photosystem II light harvesting complex gene B1B2	False		
agri_aa_oil__Oil_OIL__L044	agri_aa_oil__Oil_OIL	5	92282095	92282095	1	1	chr5.s_92282095	92282095	0.0001069931	0.1406790328526315	3.970644229123666	-0.1739026	0.235	nominal	Zm00001d015475	nearest	51264	Zm00001d015475	1	Zm00001d015475: RING-H2 finger protein ATL2L  	False		
agri_aa_oil__Oil_OIL__L060	agri_aa_oil__Oil_OIL	7	169116361	169116361	1	1	chr7.s_169116361	169116361	0.000112653	0.1461972595324675	3.948257238328989	0.3887456	0.068	nominal	Zm00001d022055	cis_window	5393	Zm00001d022055	1	Zm00001d022055: hydroxyproline-rich glycoprotein family protein	False		
